player,num_games,elo,ci_95_low,ci_95_high,old_elo,elo_diff,checkpoint_schema_version,history_sha256,selection_sha256,max_games,seed,matchmaking_algorithm,new_player_prior_mean,new_player_prior_sd
kata1-b6c96-s1248000-d550347-temp-0.3,2,1149.476343857962,-1281.4046163561266,3580.3573040720507,113.3151130072046,1036.1612308507574,2,a5803f8a5d9d87202b43d709cb328cedaf18c446af448f705c33d553e8c2e9f7,5170ec511fb50cdf10d648416d508574d70e9781ddf156a1b2a86d2b385e94dc,100,1729,maximum_nontransitivity_hybrid_gain,2000.0,3000.0
kata1-b6c96-s1248000-d550347-temp-0.3,4,402.71436202402134,-1454.36853997973,2259.7972640277726,113.3151130072046,289.3992490168167,2,a5803f8a5d9d87202b43d709cb328cedaf18c446af448f705c33d553e8c2e9f7,5170ec511fb50cdf10d648416d508574d70e9781ddf156a1b2a86d2b385e94dc,100,1729,maximum_nontransitivity_hybrid_gain,2000.0,3000.0
kata1-b6c96-s1248000-d550347-temp-0.3,6,371.2301825830807,-115.67432846847817,858.1346936346396,113.3151130072046,257.9150695758761,2,a5803f8a5d9d87202b43d709cb328cedaf18c446af448f705c33d553e8c2e9f7,5170ec511fb50cdf10d648416d508574d70e9781ddf156a1b2a86d2b385e94dc,100,1729,maximum_nontransitivity_hybrid_gain,2000.0,3000.0
kata1-b6c96-s1248000-d550347-temp-0.3,8,368.0785570998903,18.436059486987347,717.7210547127933,113.3151130072046,254.7634440926857,2,a5803f8a5d9d87202b43d709cb328cedaf18c446af448f705c33d553e8c2e9f7,5170ec511fb50cdf10d648416d508574d70e9781ddf156a1b2a86d2b385e94dc,100,1729,maximum_nontransitivity_hybrid_gain,2000.0,3000.0
kata1-b6c96-s1248000-d550347-temp-0.3,10,367.00105919686774,79.92671243263118,654.0754059611043,113.3151130072046,253.68594618966313,2,a5803f8a5d9d87202b43d709cb328cedaf18c446af448f705c33d553e8c2e9f7,5170ec511fb50cdf10d648416d508574d70e9781ddf156a1b2a86d2b385e94dc,100,1729,maximum_nontransitivity_hybrid_gain,2000.0,3000.0
kata1-b6c96-s1248000-d550347-temp-0.3,12,271.45161806245153,14.107391433414193,528.7958446914888,113.3151130072046,158.13650505524691,2,a5803f8a5d9d87202b43d709cb328cedaf18c446af448f705c33d553e8c2e9f7,5170ec511fb50cdf10d648416d508574d70e9781ddf156a1b2a86d2b385e94dc,100,1729,maximum_nontransitivity_hybrid_gain,2000.0,3000.0
kata1-b6c96-s1248000-d550347-temp-0.3,14,187.4069906617825,-56.279405484877856,431.0933868084428,113.3151130072046,74.09187765457789,2,a5803f8a5d9d87202b43d709cb328cedaf18c446af448f705c33d553e8c2e9f7,5170ec511fb50cdf10d648416d508574d70e9781ddf156a1b2a86d2b385e94dc,100,1729,maximum_nontransitivity_hybrid_gain,2000.0,3000.0
kata1-b6c96-s1248000-d550347-temp-0.3,16,202.274849450247,-15.272206395635266,419.8219052961292,113.3151130072046,88.95973644304239,2,a5803f8a5d9d87202b43d709cb328cedaf18c446af448f705c33d553e8c2e9f7,5170ec511fb50cdf10d648416d508574d70e9781ddf156a1b2a86d2b385e94dc,100,1729,maximum_nontransitivity_hybrid_gain,2000.0,3000.0
kata1-b6c96-s1248000-d550347-temp-0.3,18,150.2508249300925,-59.42120397343959,359.9228538336246,113.3151130072046,36.935711922887904,2,a5803f8a5d9d87202b43d709cb328cedaf18c446af448f705c33d553e8c2e9f7,5170ec511fb50cdf10d648416d508574d70e9781ddf156a1b2a86d2b385e94dc,100,1729,maximum_nontransitivity_hybrid_gain,2000.0,3000.0
kata1-b6c96-s1248000-d550347-temp-0.3,20,166.97722355016919,-24.853869377325566,358.80831647766394,113.3151130072046,53.662110542964584,2,a5803f8a5d9d87202b43d709cb328cedaf18c446af448f705c33d553e8c2e9f7,5170ec511fb50cdf10d648416d508574d70e9781ddf156a1b2a86d2b385e94dc,100,1729,maximum_nontransitivity_hybrid_gain,2000.0,3000.0
kata1-b6c96-s1248000-d550347-temp-0.3,22,179.3632439442081,1.1048834589846024,357.6216044294316,113.3151130072046,66.0481309370035,2,a5803f8a5d9d87202b43d709cb328cedaf18c446af448f705c33d553e8c2e9f7,5170ec511fb50cdf10d648416d508574d70e9781ddf156a1b2a86d2b385e94dc,100,1729,maximum_nontransitivity_hybrid_gain,2000.0,3000.0
kata1-b6c96-s1248000-d550347-temp-0.3,24,145.69146325907687,-27.87378344550777,319.2567099636615,113.3151130072046,32.37635025187227,2,a5803f8a5d9d87202b43d709cb328cedaf18c446af448f705c33d553e8c2e9f7,5170ec511fb50cdf10d648416d508574d70e9781ddf156a1b2a86d2b385e94dc,100,1729,maximum_nontransitivity_hybrid_gain,2000.0,3000.0
kata1-b6c96-s1248000-d550347-temp-0.3,26,196.55974924894292,38.078971678813474,355.0405268190724,113.3151130072046,83.24463624173832,2,a5803f8a5d9d87202b43d709cb328cedaf18c446af448f705c33d553e8c2e9f7,5170ec511fb50cdf10d648416d508574d70e9781ddf156a1b2a86d2b385e94dc,100,1729,maximum_nontransitivity_hybrid_gain,2000.0,3000.0
kata1-b6c96-s1248000-d550347-temp-0.3,28,202.8206428249565,51.88632295595559,353.7549626939574,113.3151130072046,89.5055298177519,2,a5803f8a5d9d87202b43d709cb328cedaf18c446af448f705c33d553e8c2e9f7,5170ec511fb50cdf10d648416d508574d70e9781ddf156a1b2a86d2b385e94dc,100,1729,maximum_nontransitivity_hybrid_gain,2000.0,3000.0
kata1-b6c96-s1248000-d550347-temp-0.3,30,208.04579629379975,63.60842707048096,352.48316551711855,113.3151130072046,94.73068328659515,2,a5803f8a5d9d87202b43d709cb328cedaf18c446af448f705c33d553e8c2e9f7,5170ec511fb50cdf10d648416d508574d70e9781ddf156a1b2a86d2b385e94dc,100,1729,maximum_nontransitivity_hybrid_gain,2000.0,3000.0
kata1-b6c96-s1248000-d550347-temp-0.3,32,212.47655881454193,73.71581217018249,351.23730545890135,113.3151130072046,99.16144580733733,2,a5803f8a5d9d87202b43d709cb328cedaf18c446af448f705c33d553e8c2e9f7,5170ec511fb50cdf10d648416d508574d70e9781ddf156a1b2a86d2b385e94dc,100,1729,maximum_nontransitivity_hybrid_gain,2000.0,3000.0
kata1-b6c96-s1248000-d550347-temp-0.3,34,242.42265290159858,110.06507809132057,374.7802277118766,113.3151130072046,129.107539894394,2,a5803f8a5d9d87202b43d709cb328cedaf18c446af448f705c33d553e8c2e9f7,5170ec511fb50cdf10d648416d508574d70e9781ddf156a1b2a86d2b385e94dc,100,1729,maximum_nontransitivity_hybrid_gain,2000.0,3000.0
kata1-b6c96-s1248000-d550347-temp-0.3,36,244.00916677190335,115.92465851786241,372.0936750259443,113.3151130072046,130.69405376469877,2,a5803f8a5d9d87202b43d709cb328cedaf18c446af448f705c33d553e8c2e9f7,5170ec511fb50cdf10d648416d508574d70e9781ddf156a1b2a86d2b385e94dc,100,1729,maximum_nontransitivity_hybrid_gain,2000.0,3000.0
kata1-b6c96-s1248000-d550347-temp-0.3,38,245.40639516831942,121.19226394996458,369.62052638667427,113.3151130072046,132.0912821611148,2,a5803f8a5d9d87202b43d709cb328cedaf18c446af448f705c33d553e8c2e9f7,5170ec511fb50cdf10d648416d508574d70e9781ddf156a1b2a86d2b385e94dc,100,1729,maximum_nontransitivity_hybrid_gain,2000.0,3000.0
kata1-b6c96-s1248000-d550347-temp-0.3,40,225.0223714819184,103.47907206659323,346.5656708972436,113.3151130072046,111.70725847471381,2,a5803f8a5d9d87202b43d709cb328cedaf18c446af448f705c33d553e8c2e9f7,5170ec511fb50cdf10d648416d508574d70e9781ddf156a1b2a86d2b385e94dc,100,1729,maximum_nontransitivity_hybrid_gain,2000.0,3000.0
kata1-b6c96-s1248000-d550347-temp-0.3,42,202.36153001180935,82.98719340477506,321.73586661884366,113.3151130072046,89.04641700460475,2,a5803f8a5d9d87202b43d709cb328cedaf18c446af448f705c33d553e8c2e9f7,5170ec511fb50cdf10d648416d508574d70e9781ddf156a1b2a86d2b385e94dc,100,1729,maximum_nontransitivity_hybrid_gain,2000.0,3000.0
kata1-b6c96-s1248000-d550347-temp-0.3,44,201.96231046058404,85.71272350840977,318.2118974127583,113.3151130072046,88.64719745337943,2,a5803f8a5d9d87202b43d709cb328cedaf18c446af448f705c33d553e8c2e9f7,5170ec511fb50cdf10d648416d508574d70e9781ddf156a1b2a86d2b385e94dc,100,1729,maximum_nontransitivity_hybrid_gain,2000.0,3000.0
kata1-b6c96-s1248000-d550347-temp-0.3,46,182.34665153967927,67.90211619868532,296.7911868806732,113.3151130072046,69.03153853247467,2,a5803f8a5d9d87202b43d709cb328cedaf18c446af448f705c33d553e8c2e9f7,5170ec511fb50cdf10d648416d508574d70e9781ddf156a1b2a86d2b385e94dc,100,1729,maximum_nontransitivity_hybrid_gain,2000.0,3000.0
kata1-b6c96-s1248000-d550347-temp-0.3,48,182.96120072658712,71.31992856023882,294.60247289293545,113.3151130072046,69.64608771938252,2,a5803f8a5d9d87202b43d709cb328cedaf18c446af448f705c33d553e8c2e9f7,5170ec511fb50cdf10d648416d508574d70e9781ddf156a1b2a86d2b385e94dc,100,1729,maximum_nontransitivity_hybrid_gain,2000.0,3000.0
kata1-b6c96-s1248000-d550347-temp-0.3,50,183.51944765053304,74.47615658969286,292.5627387113732,113.3151130072046,70.20433464332844,2,a5803f8a5d9d87202b43d709cb328cedaf18c446af448f705c33d553e8c2e9f7,5170ec511fb50cdf10d648416d508574d70e9781ddf156a1b2a86d2b385e94dc,100,1729,maximum_nontransitivity_hybrid_gain,2000.0,3000.0
kata1-b6c96-s1248000-d550347-temp-0.3,52,184.02900674821979,77.4024393747497,290.6555741216899,113.3151130072046,70.71389374101518,2,a5803f8a5d9d87202b43d709cb328cedaf18c446af448f705c33d553e8c2e9f7,5170ec511fb50cdf10d648416d508574d70e9781ddf156a1b2a86d2b385e94dc,100,1729,maximum_nontransitivity_hybrid_gain,2000.0,3000.0
kata1-b6c96-s1248000-d550347-temp-0.3,54,176.41170047200958,71.63619624060732,281.18720470341185,113.3151130072046,63.09658746480498,2,a5803f8a5d9d87202b43d709cb328cedaf18c446af448f705c33d553e8c2e9f7,5170ec511fb50cdf10d648416d508574d70e9781ddf156a1b2a86d2b385e94dc,100,1729,maximum_nontransitivity_hybrid_gain,2000.0,3000.0
kata1-b6c96-s1248000-d550347-temp-0.3,56,177.1768185883348,74.55326498549388,279.8003721911757,113.3151130072046,63.86170558113021,2,a5803f8a5d9d87202b43d709cb328cedaf18c446af448f705c33d553e8c2e9f7,5170ec511fb50cdf10d648416d508574d70e9781ddf156a1b2a86d2b385e94dc,100,1729,maximum_nontransitivity_hybrid_gain,2000.0,3000.0
kata1-b6c96-s1248000-d550347-temp-0.3,58,177.8821816185748,77.27605294104158,278.488310296108,113.3151130072046,64.5670686113702,2,a5803f8a5d9d87202b43d709cb328cedaf18c446af448f705c33d553e8c2e9f7,5170ec511fb50cdf10d648416d508574d70e9781ddf156a1b2a86d2b385e94dc,100,1729,maximum_nontransitivity_hybrid_gain,2000.0,3000.0
kata1-b6c96-s1248000-d550347-temp-0.3,60,178.53469965810712,79.8250330153412,277.244366300873,113.3151130072046,65.21958665090251,2,a5803f8a5d9d87202b43d709cb328cedaf18c446af448f705c33d553e8c2e9f7,5170ec511fb50cdf10d648416d508574d70e9781ddf156a1b2a86d2b385e94dc,100,1729,maximum_nontransitivity_hybrid_gain,2000.0,3000.0
kata1-b6c96-s1248000-d550347-temp-0.3,62,192.8508053165048,96.45799884315046,289.24361178985913,113.3151130072046,79.53569230930019,2,a5803f8a5d9d87202b43d709cb328cedaf18c446af448f705c33d553e8c2e9f7,5170ec511fb50cdf10d648416d508574d70e9781ddf156a1b2a86d2b385e94dc,100,1729,maximum_nontransitivity_hybrid_gain,2000.0,3000.0
kata1-b6c96-s1248000-d550347-temp-0.3,64,192.92977606109596,98.18081947720827,287.67873264498365,113.3151130072046,79.61466305389136,2,a5803f8a5d9d87202b43d709cb328cedaf18c446af448f705c33d553e8c2e9f7,5170ec511fb50cdf10d648416d508574d70e9781ddf156a1b2a86d2b385e94dc,100,1729,maximum_nontransitivity_hybrid_gain,2000.0,3000.0
kata1-b6c96-s1248000-d550347-temp-0.3,66,205.662063374197,112.82620188942255,298.4979248589715,113.3151130072046,92.3469503669924,2,a5803f8a5d9d87202b43d709cb328cedaf18c446af448f705c33d553e8c2e9f7,5170ec511fb50cdf10d648416d508574d70e9781ddf156a1b2a86d2b385e94dc,100,1729,maximum_nontransitivity_hybrid_gain,2000.0,3000.0
kata1-b6c96-s1248000-d550347-temp-0.3,68,205.32207098499356,113.93958484325995,296.7045571267272,113.3151130072046,92.00695797778896,2,a5803f8a5d9d87202b43d709cb328cedaf18c446af448f705c33d553e8c2e9f7,5170ec511fb50cdf10d648416d508574d70e9781ddf156a1b2a86d2b385e94dc,100,1729,maximum_nontransitivity_hybrid_gain,2000.0,3000.0
kata1-b6c96-s1248000-d550347-temp-0.3,70,210.90549174183406,121.03057039698392,300.7804130866842,113.3151130072046,97.59037873462945,2,a5803f8a5d9d87202b43d709cb328cedaf18c446af448f705c33d553e8c2e9f7,5170ec511fb50cdf10d648416d508574d70e9781ddf156a1b2a86d2b385e94dc,100,1729,maximum_nontransitivity_hybrid_gain,2000.0,3000.0
kata1-b6c96-s1248000-d550347-temp-0.3,72,210.42974299257693,121.86676089122338,298.9927250939305,113.3151130072046,97.11462998537233,2,a5803f8a5d9d87202b43d709cb328cedaf18c446af448f705c33d553e8c2e9f7,5170ec511fb50cdf10d648416d508574d70e9781ddf156a1b2a86d2b385e94dc,100,1729,maximum_nontransitivity_hybrid_gain,2000.0,3000.0
kata1-b6c96-s1248000-d550347-temp-0.3,74,209.98286724314696,122.67364135967487,297.292093126619,113.3151130072046,96.66775423594235,2,a5803f8a5d9d87202b43d709cb328cedaf18c446af448f705c33d553e8c2e9f7,5170ec511fb50cdf10d648416d508574d70e9781ddf156a1b2a86d2b385e94dc,100,1729,maximum_nontransitivity_hybrid_gain,2000.0,3000.0
kata1-b6c96-s1248000-d550347-temp-0.3,76,209.56240069078092,123.45284395153236,295.67195743002947,113.3151130072046,96.24728768357632,2,a5803f8a5d9d87202b43d709cb328cedaf18c446af448f705c33d553e8c2e9f7,5170ec511fb50cdf10d648416d508574d70e9781ddf156a1b2a86d2b385e94dc,100,1729,maximum_nontransitivity_hybrid_gain,2000.0,3000.0
kata1-b6c96-s1248000-d550347-temp-0.3,78,209.16615118653223,124.20588432107374,294.12641805199075,113.3151130072046,95.85103817932763,2,a5803f8a5d9d87202b43d709cb328cedaf18c446af448f705c33d553e8c2e9f7,5170ec511fb50cdf10d648416d508574d70e9781ddf156a1b2a86d2b385e94dc,100,1729,maximum_nontransitivity_hybrid_gain,2000.0,3000.0
kata1-b6c96-s1248000-d550347-temp-0.3,80,208.7921619121982,124.93417084409869,292.6501529802977,113.3151130072046,95.4770489049936,2,a5803f8a5d9d87202b43d709cb328cedaf18c446af448f705c33d553e8c2e9f7,5170ec511fb50cdf10d648416d508574d70e9781ddf156a1b2a86d2b385e94dc,100,1729,maximum_nontransitivity_hybrid_gain,2000.0,3000.0
kata1-b6c96-s1248000-d550347-temp-0.3,82,208.3945906935759,125.60517295175356,291.18400843539825,113.3151130072046,95.0794776863713,2,a5803f8a5d9d87202b43d709cb328cedaf18c446af448f705c33d553e8c2e9f7,5170ec511fb50cdf10d648416d508574d70e9781ddf156a1b2a86d2b385e94dc,100,1729,maximum_nontransitivity_hybrid_gain,2000.0,3000.0
kata1-b6c96-s1248000-d550347-temp-0.3,84,208.0600294207906,126.28766972546666,289.83238911611454,113.3151130072046,94.74491641358601,2,a5803f8a5d9d87202b43d709cb328cedaf18c446af448f705c33d553e8c2e9f7,5170ec511fb50cdf10d648416d508574d70e9781ddf156a1b2a86d2b385e94dc,100,1729,maximum_nontransitivity_hybrid_gain,2000.0,3000.0
kata1-b6c96-s1248000-d550347-temp-0.3,86,207.74298583078274,126.94908058989269,288.5368910716728,113.3151130072046,94.42787282357814,2,a5803f8a5d9d87202b43d709cb328cedaf18c446af448f705c33d553e8c2e9f7,5170ec511fb50cdf10d648416d508574d70e9781ddf156a1b2a86d2b385e94dc,100,1729,maximum_nontransitivity_hybrid_gain,2000.0,3000.0
kata1-b6c96-s1248000-d550347-temp-0.3,88,207.44218059329995,127.5904642907455,287.2938968958544,113.3151130072046,94.12706758609535,2,a5803f8a5d9d87202b43d709cb328cedaf18c446af448f705c33d553e8c2e9f7,5170ec511fb50cdf10d648416d508574d70e9781ddf156a1b2a86d2b385e94dc,100,1729,maximum_nontransitivity_hybrid_gain,2000.0,3000.0
kata1-b6c96-s1248000-d550347-temp-0.3,90,198.11149870762853,119.03980993367324,277.1831874815838,113.3151130072046,84.79638570042393,2,a5803f8a5d9d87202b43d709cb328cedaf18c446af448f705c33d553e8c2e9f7,5170ec511fb50cdf10d648416d508574d70e9781ddf156a1b2a86d2b385e94dc,100,1729,maximum_nontransitivity_hybrid_gain,2000.0,3000.0
kata1-b6c96-s1248000-d550347-temp-0.3,92,206.8406764108574,128.78269061656238,284.89866220515245,113.3151130072046,93.52556340365281,2,a5803f8a5d9d87202b43d709cb328cedaf18c446af448f705c33d553e8c2e9f7,5170ec511fb50cdf10d648416d508574d70e9781ddf156a1b2a86d2b385e94dc,100,1729,maximum_nontransitivity_hybrid_gain,2000.0,3000.0
kata1-b6c96-s1248000-d550347-temp-0.3,94,202.2688050645795,125.00363049470576,279.53397963445326,113.3151130072046,88.95369205737491,2,a5803f8a5d9d87202b43d709cb328cedaf18c446af448f705c33d553e8c2e9f7,5170ec511fb50cdf10d648416d508574d70e9781ddf156a1b2a86d2b385e94dc,100,1729,maximum_nontransitivity_hybrid_gain,2000.0,3000.0
kata1-b6c96-s1248000-d550347-temp-0.3,96,202.1177100675676,125.67232142383963,278.56309871129554,113.3151130072046,88.802597060363,2,a5803f8a5d9d87202b43d709cb328cedaf18c446af448f705c33d553e8c2e9f7,5170ec511fb50cdf10d648416d508574d70e9781ddf156a1b2a86d2b385e94dc,100,1729,maximum_nontransitivity_hybrid_gain,2000.0,3000.0
kata1-b6c96-s1248000-d550347-temp-0.3,98,201.93083484207344,126.2874036339047,277.57426605024216,113.3151130072046,88.61572183486884,2,a5803f8a5d9d87202b43d709cb328cedaf18c446af448f705c33d553e8c2e9f7,5170ec511fb50cdf10d648416d508574d70e9781ddf156a1b2a86d2b385e94dc,100,1729,maximum_nontransitivity_hybrid_gain,2000.0,3000.0
kata1-b6c96-s1248000-d550347-temp-0.3,100,201.79378300603432,126.91689597025488,276.67067004181376,113.3151130072046,88.47866999882972,2,a5803f8a5d9d87202b43d709cb328cedaf18c446af448f705c33d553e8c2e9f7,5170ec511fb50cdf10d648416d508574d70e9781ddf156a1b2a86d2b385e94dc,100,1729,maximum_nontransitivity_hybrid_gain,2000.0,3000.0
kata1-b6c96-s938496-d1208807-temp-0.3,2,1150.5806657435978,-1281.5361734018907,3582.6975048890863,235.0968993003707,915.4837664432271,2,a5803f8a5d9d87202b43d709cb328cedaf18c446af448f705c33d553e8c2e9f7,5170ec511fb50cdf10d648416d508574d70e9781ddf156a1b2a86d2b385e94dc,100,1729,maximum_nontransitivity_hybrid_gain,2000.0,3000.0
kata1-b6c96-s938496-d1208807-temp-0.3,4,399.3191629761532,-1455.8632506982156,2254.501576650522,235.0968993003707,164.22226367578253,2,a5803f8a5d9d87202b43d709cb328cedaf18c446af448f705c33d553e8c2e9f7,5170ec511fb50cdf10d648416d508574d70e9781ddf156a1b2a86d2b385e94dc,100,1729,maximum_nontransitivity_hybrid_gain,2000.0,3000.0
kata1-b6c96-s938496-d1208807-temp-0.3,6,-259.36104136408585,-1850.6103106319704,1331.8882279037987,235.0968993003707,-494.45794066445654,2,a5803f8a5d9d87202b43d709cb328cedaf18c446af448f705c33d553e8c2e9f7,5170ec511fb50cdf10d648416d508574d70e9781ddf156a1b2a86d2b385e94dc,100,1729,maximum_nontransitivity_hybrid_gain,2000.0,3000.0
kata1-b6c96-s938496-d1208807-temp-0.3,8,233.6481906107977,-163.78879373436598,631.0851749559614,235.0968993003707,-1.4487086895729817,2,a5803f8a5d9d87202b43d709cb328cedaf18c446af448f705c33d553e8c2e9f7,5170ec511fb50cdf10d648416d508574d70e9781ddf156a1b2a86d2b385e94dc,100,1729,maximum_nontransitivity_hybrid_gain,2000.0,3000.0
kata1-b6c96-s938496-d1208807-temp-0.3,10,204.11118364169417,-116.06701774267961,524.289385026068,235.0968993003707,-30.985715658676526,2,a5803f8a5d9d87202b43d709cb328cedaf18c446af448f705c33d553e8c2e9f7,5170ec511fb50cdf10d648416d508574d70e9781ddf156a1b2a86d2b385e94dc,100,1729,maximum_nontransitivity_hybrid_gain,2000.0,3000.0
kata1-b6c96-s938496-d1208807-temp-0.3,12,190.93067714582008,-81.4215997378135,463.28295402945366,235.0968993003707,-44.16622215455061,2,a5803f8a5d9d87202b43d709cb328cedaf18c446af448f705c33d553e8c2e9f7,5170ec511fb50cdf10d648416d508574d70e9781ddf156a1b2a86d2b385e94dc,100,1729,maximum_nontransitivity_hybrid_gain,2000.0,3000.0
kata1-b6c96-s938496-d1208807-temp-0.3,14,268.07263233128515,31.477323500838708,504.6679411617316,235.0968993003707,32.975733030914455,2,a5803f8a5d9d87202b43d709cb328cedaf18c446af448f705c33d553e8c2e9f7,5170ec511fb50cdf10d648416d508574d70e9781ddf156a1b2a86d2b385e94dc,100,1729,maximum_nontransitivity_hybrid_gain,2000.0,3000.0
kata1-b6c96-s938496-d1208807-temp-0.3,16,209.33440744795607,-7.7317931690563455,426.4006080649685,235.0968993003707,-25.762491852414627,2,a5803f8a5d9d87202b43d709cb328cedaf18c446af448f705c33d553e8c2e9f7,5170ec511fb50cdf10d648416d508574d70e9781ddf156a1b2a86d2b385e94dc,100,1729,maximum_nontransitivity_hybrid_gain,2000.0,3000.0
kata1-b6c96-s938496-d1208807-temp-0.3,18,201.38533445143605,1.3172326724296965,401.45343623044243,235.0968993003707,-33.71156484893464,2,a5803f8a5d9d87202b43d709cb328cedaf18c446af448f705c33d553e8c2e9f7,5170ec511fb50cdf10d648416d508574d70e9781ddf156a1b2a86d2b385e94dc,100,1729,maximum_nontransitivity_hybrid_gain,2000.0,3000.0
kata1-b6c96-s938496-d1208807-temp-0.3,20,142.8558828095955,-47.25273745859312,332.9645030777841,235.0968993003707,-92.2410164907752,2,a5803f8a5d9d87202b43d709cb328cedaf18c446af448f705c33d553e8c2e9f7,5170ec511fb50cdf10d648416d508574d70e9781ddf156a1b2a86d2b385e94dc,100,1729,maximum_nontransitivity_hybrid_gain,2000.0,3000.0
kata1-b6c96-s938496-d1208807-temp-0.3,22,96.48207410543901,-86.31743512179247,279.2815833326705,235.0968993003707,-138.61482519493168,2,a5803f8a5d9d87202b43d709cb328cedaf18c446af448f705c33d553e8c2e9f7,5170ec511fb50cdf10d648416d508574d70e9781ddf156a1b2a86d2b385e94dc,100,1729,maximum_nontransitivity_hybrid_gain,2000.0,3000.0
kata1-b6c96-s938496-d1208807-temp-0.3,24,140.5332582572488,-27.535621259440035,308.60213777393767,235.0968993003707,-94.56364104312189,2,a5803f8a5d9d87202b43d709cb328cedaf18c446af448f705c33d553e8c2e9f7,5170ec511fb50cdf10d648416d508574d70e9781ddf156a1b2a86d2b385e94dc,100,1729,maximum_nontransitivity_hybrid_gain,2000.0,3000.0
kata1-b6c96-s938496-d1208807-temp-0.3,26,136.93823672096372,-22.800100916557483,296.6765743584849,235.0968993003707,-98.15866257940698,2,a5803f8a5d9d87202b43d709cb328cedaf18c446af448f705c33d553e8c2e9f7,5170ec511fb50cdf10d648416d508574d70e9781ddf156a1b2a86d2b385e94dc,100,1729,maximum_nontransitivity_hybrid_gain,2000.0,3000.0
kata1-b6c96-s938496-d1208807-temp-0.3,28,133.9946216974533,-18.514598560108226,286.5038419550149,235.0968993003707,-101.10227760291738,2,a5803f8a5d9d87202b43d709cb328cedaf18c446af448f705c33d553e8c2e9f7,5170ec511fb50cdf10d648416d508574d70e9781ddf156a1b2a86d2b385e94dc,100,1729,maximum_nontransitivity_hybrid_gain,2000.0,3000.0
kata1-b6c96-s938496-d1208807-temp-0.3,30,131.5422323410643,-14.624828598309733,277.7092932804384,235.0968993003707,-103.55466695930639,2,a5803f8a5d9d87202b43d709cb328cedaf18c446af448f705c33d553e8c2e9f7,5170ec511fb50cdf10d648416d508574d70e9781ddf156a1b2a86d2b385e94dc,100,1729,maximum_nontransitivity_hybrid_gain,2000.0,3000.0
kata1-b6c96-s938496-d1208807-temp-0.3,32,129.46894636916468,-11.08059398143564,270.018486719765,235.0968993003707,-105.62795293120601,2,a5803f8a5d9d87202b43d709cb328cedaf18c446af448f705c33d553e8c2e9f7,5170ec511fb50cdf10d648416d508574d70e9781ddf156a1b2a86d2b385e94dc,100,1729,maximum_nontransitivity_hybrid_gain,2000.0,3000.0
kata1-b6c96-s938496-d1208807-temp-0.3,34,154.8074415629507,19.92472079821593,289.69016232768547,235.0968993003707,-80.28945773742001,2,a5803f8a5d9d87202b43d709cb328cedaf18c446af448f705c33d553e8c2e9f7,5170ec511fb50cdf10d648416d508574d70e9781ddf156a1b2a86d2b385e94dc,100,1729,maximum_nontransitivity_hybrid_gain,2000.0,3000.0
kata1-b6c96-s938496-d1208807-temp-0.3,36,164.08390310412642,33.71366058419028,294.45414562406256,235.0968993003707,-71.01299619624427,2,a5803f8a5d9d87202b43d709cb328cedaf18c446af448f705c33d553e8c2e9f7,5170ec511fb50cdf10d648416d508574d70e9781ddf156a1b2a86d2b385e94dc,100,1729,maximum_nontransitivity_hybrid_gain,2000.0,3000.0
kata1-b6c96-s938496-d1208807-temp-0.3,38,184.0384523181813,57.54047419953466,310.5364304368279,235.0968993003707,-51.058446982189395,2,a5803f8a5d9d87202b43d709cb328cedaf18c446af448f705c33d553e8c2e9f7,5170ec511fb50cdf10d648416d508574d70e9781ddf156a1b2a86d2b385e94dc,100,1729,maximum_nontransitivity_hybrid_gain,2000.0,3000.0
kata1-b6c96-s938496-d1208807-temp-0.3,40,157.1059812282071,34.38824938385849,279.82371307255573,235.0968993003707,-77.9909180721636,2,a5803f8a5d9d87202b43d709cb328cedaf18c446af448f705c33d553e8c2e9f7,5170ec511fb50cdf10d648416d508574d70e9781ddf156a1b2a86d2b385e94dc,100,1729,maximum_nontransitivity_hybrid_gain,2000.0,3000.0
kata1-b6c96-s938496-d1208807-temp-0.3,42,175.2513612261125,55.78665006316885,294.71607238905614,235.0968993003707,-59.8455380742582,2,a5803f8a5d9d87202b43d709cb328cedaf18c446af448f705c33d553e8c2e9f7,5170ec511fb50cdf10d648416d508574d70e9781ddf156a1b2a86d2b385e94dc,100,1729,maximum_nontransitivity_hybrid_gain,2000.0,3000.0
kata1-b6c96-s938496-d1208807-temp-0.3,44,171.55996054886302,55.192677889934544,287.9272432077915,235.0968993003707,-63.53693875150768,2,a5803f8a5d9d87202b43d709cb328cedaf18c446af448f705c33d553e8c2e9f7,5170ec511fb50cdf10d648416d508574d70e9781ddf156a1b2a86d2b385e94dc,100,1729,maximum_nontransitivity_hybrid_gain,2000.0,3000.0
kata1-b6c96-s938496-d1208807-temp-0.3,46,168.23450481534275,54.73378676371833,281.73522286696715,235.0968993003707,-66.86239448502795,2,a5803f8a5d9d87202b43d709cb328cedaf18c446af448f705c33d553e8c2e9f7,5170ec511fb50cdf10d648416d508574d70e9781ddf156a1b2a86d2b385e94dc,100,1729,maximum_nontransitivity_hybrid_gain,2000.0,3000.0
kata1-b6c96-s938496-d1208807-temp-0.3,48,156.15726332937643,45.39143994689361,266.92308671185924,235.0968993003707,-78.93963597099426,2,a5803f8a5d9d87202b43d709cb328cedaf18c446af448f705c33d553e8c2e9f7,5170ec511fb50cdf10d648416d508574d70e9781ddf156a1b2a86d2b385e94dc,100,1729,maximum_nontransitivity_hybrid_gain,2000.0,3000.0
kata1-b6c96-s938496-d1208807-temp-0.3,50,153.8283697482069,45.53670884123771,262.1200306551761,235.0968993003707,-81.26852955216378,2,a5803f8a5d9d87202b43d709cb328cedaf18c446af448f705c33d553e8c2e9f7,5170ec511fb50cdf10d648416d508574d70e9781ddf156a1b2a86d2b385e94dc,100,1729,maximum_nontransitivity_hybrid_gain,2000.0,3000.0
kata1-b6c96-s938496-d1208807-temp-0.3,52,151.70189787384695,45.722773785069194,257.6810219626247,235.0968993003707,-83.39500142652375,2,a5803f8a5d9d87202b43d709cb328cedaf18c446af448f705c33d553e8c2e9f7,5170ec511fb50cdf10d648416d508574d70e9781ddf156a1b2a86d2b385e94dc,100,1729,maximum_nontransitivity_hybrid_gain,2000.0,3000.0
kata1-b6c96-s938496-d1208807-temp-0.3,54,149.75281824355633,45.94110509758917,253.5645313895235,235.0968993003707,-85.34408105681436,2,a5803f8a5d9d87202b43d709cb328cedaf18c446af448f705c33d553e8c2e9f7,5170ec511fb50cdf10d648416d508574d70e9781ddf156a1b2a86d2b385e94dc,100,1729,maximum_nontransitivity_hybrid_gain,2000.0,3000.0
kata1-b6c96-s938496-d1208807-temp-0.3,56,147.96003822532563,46.18488435843177,249.7351920922195,235.0968993003707,-87.13686107504506,2,a5803f8a5d9d87202b43d709cb328cedaf18c446af448f705c33d553e8c2e9f7,5170ec511fb50cdf10d648416d508574d70e9781ddf156a1b2a86d2b385e94dc,100,1729,maximum_nontransitivity_hybrid_gain,2000.0,3000.0
kata1-b6c96-s938496-d1208807-temp-0.3,58,146.30566221958614,46.448629280751746,246.16269515842055,235.0968993003707,-88.79123708078455,2,a5803f8a5d9d87202b43d709cb328cedaf18c446af448f705c33d553e8c2e9f7,5170ec511fb50cdf10d648416d508574d70e9781ddf156a1b2a86d2b385e94dc,100,1729,maximum_nontransitivity_hybrid_gain,2000.0,3000.0
kata1-b6c96-s938496-d1208807-temp-0.3,60,151.7831977525322,53.71052899106809,249.85586651399632,235.0968993003707,-83.31370154783849,2,a5803f8a5d9d87202b43d709cb328cedaf18c446af448f705c33d553e8c2e9f7,5170ec511fb50cdf10d648416d508574d70e9781ddf156a1b2a86d2b385e94dc,100,1729,maximum_nontransitivity_hybrid_gain,2000.0,3000.0
kata1-b6c96-s938496-d1208807-temp-0.3,62,150.111151483644,53.75381080451005,246.46849216277792,235.0968993003707,-84.9857478167267,2,a5803f8a5d9d87202b43d709cb328cedaf18c446af448f705c33d553e8c2e9f7,5170ec511fb50cdf10d648416d508574d70e9781ddf156a1b2a86d2b385e94dc,100,1729,maximum_nontransitivity_hybrid_gain,2000.0,3000.0
kata1-b6c96-s938496-d1208807-temp-0.3,64,148.5550048910212,53.82301113434987,243.28699864769254,235.0968993003707,-86.54189440934948,2,a5803f8a5d9d87202b43d709cb328cedaf18c446af448f705c33d553e8c2e9f7,5170ec511fb50cdf10d648416d508574d70e9781ddf156a1b2a86d2b385e94dc,100,1729,maximum_nontransitivity_hybrid_gain,2000.0,3000.0
kata1-b6c96-s938496-d1208807-temp-0.3,66,148.9226913779985,55.775276963378886,242.0701057926181,235.0968993003707,-86.1742079223722,2,a5803f8a5d9d87202b43d709cb328cedaf18c446af448f705c33d553e8c2e9f7,5170ec511fb50cdf10d648416d508574d70e9781ddf156a1b2a86d2b385e94dc,100,1729,maximum_nontransitivity_hybrid_gain,2000.0,3000.0
kata1-b6c96-s938496-d1208807-temp-0.3,68,147.5072211828191,55.825906507152524,239.1885358584857,235.0968993003707,-87.58967811755159,2,a5803f8a5d9d87202b43d709cb328cedaf18c446af448f705c33d553e8c2e9f7,5170ec511fb50cdf10d648416d508574d70e9781ddf156a1b2a86d2b385e94dc,100,1729,maximum_nontransitivity_hybrid_gain,2000.0,3000.0
kata1-b6c96-s938496-d1208807-temp-0.3,70,147.88600798677166,57.63863068753288,238.13338528601042,235.0968993003707,-87.21089131359903,2,a5803f8a5d9d87202b43d709cb328cedaf18c446af448f705c33d553e8c2e9f7,5170ec511fb50cdf10d648416d508574d70e9781ddf156a1b2a86d2b385e94dc,100,1729,maximum_nontransitivity_hybrid_gain,2000.0,3000.0
kata1-b6c96-s938496-d1208807-temp-0.3,72,152.33793154048712,63.386510627472134,241.2893524535021,235.0968993003707,-82.75896775988357,2,a5803f8a5d9d87202b43d709cb328cedaf18c446af448f705c33d553e8c2e9f7,5170ec511fb50cdf10d648416d508574d70e9781ddf156a1b2a86d2b385e94dc,100,1729,maximum_nontransitivity_hybrid_gain,2000.0,3000.0
kata1-b6c96-s938496-d1208807-temp-0.3,74,152.51830304360234,64.88578072522188,240.1508253619828,235.0968993003707,-82.57859625676835,2,a5803f8a5d9d87202b43d709cb328cedaf18c446af448f705c33d553e8c2e9f7,5170ec511fb50cdf10d648416d508574d70e9781ddf156a1b2a86d2b385e94dc,100,1729,maximum_nontransitivity_hybrid_gain,2000.0,3000.0
kata1-b6c96-s938496-d1208807-temp-0.3,76,151.16409932599734,64.74947657894263,237.57872207305206,235.0968993003707,-83.93279997437335,2,a5803f8a5d9d87202b43d709cb328cedaf18c446af448f705c33d553e8c2e9f7,5170ec511fb50cdf10d648416d508574d70e9781ddf156a1b2a86d2b385e94dc,100,1729,maximum_nontransitivity_hybrid_gain,2000.0,3000.0
kata1-b6c96-s938496-d1208807-temp-0.3,78,140.72832573923856,55.55871765908638,225.89793381939074,235.0968993003707,-94.36857356113214,2,a5803f8a5d9d87202b43d709cb328cedaf18c446af448f705c33d553e8c2e9f7,5170ec511fb50cdf10d648416d508574d70e9781ddf156a1b2a86d2b385e94dc,100,1729,maximum_nontransitivity_hybrid_gain,2000.0,3000.0
kata1-b6c96-s938496-d1208807-temp-0.3,80,151.5891728785758,67.52858536048457,235.64976039666703,235.0968993003707,-83.5077264217949,2,a5803f8a5d9d87202b43d709cb328cedaf18c446af448f705c33d553e8c2e9f7,5170ec511fb50cdf10d648416d508574d70e9781ddf156a1b2a86d2b385e94dc,100,1729,maximum_nontransitivity_hybrid_gain,2000.0,3000.0
kata1-b6c96-s938496-d1208807-temp-0.3,82,150.36804584055346,67.3797833455192,233.35630833558773,235.0968993003707,-84.72885345981723,2,a5803f8a5d9d87202b43d709cb328cedaf18c446af448f705c33d553e8c2e9f7,5170ec511fb50cdf10d648416d508574d70e9781ddf156a1b2a86d2b385e94dc,100,1729,maximum_nontransitivity_hybrid_gain,2000.0,3000.0
kata1-b6c96-s938496-d1208807-temp-0.3,84,149.21020733204818,67.25216291466741,231.16825174942898,235.0968993003707,-85.88669196832251,2,a5803f8a5d9d87202b43d709cb328cedaf18c446af448f705c33d553e8c2e9f7,5170ec511fb50cdf10d648416d508574d70e9781ddf156a1b2a86d2b385e94dc,100,1729,maximum_nontransitivity_hybrid_gain,2000.0,3000.0
kata1-b6c96-s938496-d1208807-temp-0.3,86,148.11088394881378,67.14358844699922,229.07817945062834,235.0968993003707,-86.98601535155692,2,a5803f8a5d9d87202b43d709cb328cedaf18c446af448f705c33d553e8c2e9f7,5170ec511fb50cdf10d648416d508574d70e9781ddf156a1b2a86d2b385e94dc,100,1729,maximum_nontransitivity_hybrid_gain,2000.0,3000.0
kata1-b6c96-s938496-d1208807-temp-0.3,88,148.39450073717924,68.40734792888726,228.38165354547124,235.0968993003707,-86.70239856319145,2,a5803f8a5d9d87202b43d709cb328cedaf18c446af448f705c33d553e8c2e9f7,5170ec511fb50cdf10d648416d508574d70e9781ddf156a1b2a86d2b385e94dc,100,1729,maximum_nontransitivity_hybrid_gain,2000.0,3000.0
kata1-b6c96-s938496-d1208807-temp-0.3,90,139.51761038851416,60.506056288079336,218.529164488949,235.0968993003707,-95.57928891185654,2,a5803f8a5d9d87202b43d709cb328cedaf18c446af448f705c33d553e8c2e9f7,5170ec511fb50cdf10d648416d508574d70e9781ddf156a1b2a86d2b385e94dc,100,1729,maximum_nontransitivity_hybrid_gain,2000.0,3000.0
kata1-b6c96-s938496-d1208807-temp-0.3,92,139.9934258090752,61.88881218773942,218.098039430411,235.0968993003707,-95.10347349129549,2,a5803f8a5d9d87202b43d709cb328cedaf18c446af448f705c33d553e8c2e9f7,5170ec511fb50cdf10d648416d508574d70e9781ddf156a1b2a86d2b385e94dc,100,1729,maximum_nontransitivity_hybrid_gain,2000.0,3000.0
kata1-b6c96-s938496-d1208807-temp-0.3,94,149.13546362297407,71.88613322631618,226.38479401963195,235.0968993003707,-85.96143567739662,2,a5803f8a5d9d87202b43d709cb328cedaf18c446af448f705c33d553e8c2e9f7,5170ec511fb50cdf10d648416d508574d70e9781ddf156a1b2a86d2b385e94dc,100,1729,maximum_nontransitivity_hybrid_gain,2000.0,3000.0
kata1-b6c96-s938496-d1208807-temp-0.3,96,148.16268448962566,71.73944424376239,224.58592473548893,235.0968993003707,-86.93421481074503,2,a5803f8a5d9d87202b43d709cb328cedaf18c446af448f705c33d553e8c2e9f7,5170ec511fb50cdf10d648416d508574d70e9781ddf156a1b2a86d2b385e94dc,100,1729,maximum_nontransitivity_hybrid_gain,2000.0,3000.0
kata1-b6c96-s938496-d1208807-temp-0.3,98,147.2328279124676,71.60808470686955,222.85757111806566,235.0968993003707,-87.8640713879031,2,a5803f8a5d9d87202b43d709cb328cedaf18c446af448f705c33d553e8c2e9f7,5170ec511fb50cdf10d648416d508574d70e9781ddf156a1b2a86d2b385e94dc,100,1729,maximum_nontransitivity_hybrid_gain,2000.0,3000.0
kata1-b6c96-s938496-d1208807-temp-0.3,100,146.34315066032934,71.49078372680654,221.19551759385214,235.0968993003707,-88.75374864004135,2,a5803f8a5d9d87202b43d709cb328cedaf18c446af448f705c33d553e8c2e9f7,5170ec511fb50cdf10d648416d508574d70e9781ddf156a1b2a86d2b385e94dc,100,1729,maximum_nontransitivity_hybrid_gain,2000.0,3000.0
kata1-b6c96-s1995008-d1329786-temp-0.3,2,1160.089901804973,-1283.2410928932466,3603.420896503192,327.86273469538617,832.2271671095867,2,a5803f8a5d9d87202b43d709cb328cedaf18c446af448f705c33d553e8c2e9f7,5170ec511fb50cdf10d648416d508574d70e9781ddf156a1b2a86d2b385e94dc,100,1729,maximum_nontransitivity_hybrid_gain,2000.0,3000.0
kata1-b6c96-s1995008-d1329786-temp-0.3,4,409.5728467938666,-1451.027330151313,2270.173023739046,327.86273469538617,81.71011209848041,2,a5803f8a5d9d87202b43d709cb328cedaf18c446af448f705c33d553e8c2e9f7,5170ec511fb50cdf10d648416d508574d70e9781ddf156a1b2a86d2b385e94dc,100,1729,maximum_nontransitivity_hybrid_gain,2000.0,3000.0
kata1-b6c96-s1995008-d1329786-temp-0.3,6,416.36114188203857,-67.06969680061957,899.7919805646967,327.86273469538617,88.4984071866524,2,a5803f8a5d9d87202b43d709cb328cedaf18c446af448f705c33d553e8c2e9f7,5170ec511fb50cdf10d648416d508574d70e9781ddf156a1b2a86d2b385e94dc,100,1729,maximum_nontransitivity_hybrid_gain,2000.0,3000.0
kata1-b6c96-s1995008-d1329786-temp-0.3,8,216.9569210544428,-181.8062453754022,615.7200874842878,327.86273469538617,-110.90581364094336,2,a5803f8a5d9d87202b43d709cb328cedaf18c446af448f705c33d553e8c2e9f7,5170ec511fb50cdf10d648416d508574d70e9781ddf156a1b2a86d2b385e94dc,100,1729,maximum_nontransitivity_hybrid_gain,2000.0,3000.0
kata1-b6c96-s1995008-d1329786-temp-0.3,10,215.5380455957164,-97.62260188062797,528.6986930720608,327.86273469538617,-112.32468909966977,2,a5803f8a5d9d87202b43d709cb328cedaf18c446af448f705c33d553e8c2e9f7,5170ec511fb50cdf10d648416d508574d70e9781ddf156a1b2a86d2b385e94dc,100,1729,maximum_nontransitivity_hybrid_gain,2000.0,3000.0
kata1-b6c96-s1995008-d1329786-temp-0.3,12,316.81553990917246,58.555432775987015,575.0756470423579,327.86273469538617,-11.047194786213709,2,a5803f8a5d9d87202b43d709cb328cedaf18c446af448f705c33d553e8c2e9f7,5170ec511fb50cdf10d648416d508574d70e9781ddf156a1b2a86d2b385e94dc,100,1729,maximum_nontransitivity_hybrid_gain,2000.0,3000.0
kata1-b6c96-s1995008-d1329786-temp-0.3,14,256.7791799362494,21.103750209529693,492.4546096629691,327.86273469538617,-71.08355475913675,2,a5803f8a5d9d87202b43d709cb328cedaf18c446af448f705c33d553e8c2e9f7,5170ec511fb50cdf10d648416d508574d70e9781ddf156a1b2a86d2b385e94dc,100,1729,maximum_nontransitivity_hybrid_gain,2000.0,3000.0
kata1-b6c96-s1995008-d1329786-temp-0.3,16,248.95026145558307,34.526212159007684,463.37431075215846,327.86273469538617,-78.91247323980309,2,a5803f8a5d9d87202b43d709cb328cedaf18c446af448f705c33d553e8c2e9f7,5170ec511fb50cdf10d648416d508574d70e9781ddf156a1b2a86d2b385e94dc,100,1729,maximum_nontransitivity_hybrid_gain,2000.0,3000.0
kata1-b6c96-s1995008-d1329786-temp-0.3,18,301.120570590661,105.14637785477626,497.0947633265457,327.86273469538617,-26.74216410472519,2,a5803f8a5d9d87202b43d709cb328cedaf18c446af448f705c33d553e8c2e9f7,5170ec511fb50cdf10d648416d508574d70e9781ddf156a1b2a86d2b385e94dc,100,1729,maximum_nontransitivity_hybrid_gain,2000.0,3000.0
kata1-b6c96-s1995008-d1329786-temp-0.3,20,265.69278173963244,80.72702616245397,450.6585373168109,327.86273469538617,-62.16995295575373,2,a5803f8a5d9d87202b43d709cb328cedaf18c446af448f705c33d553e8c2e9f7,5170ec511fb50cdf10d648416d508574d70e9781ddf156a1b2a86d2b385e94dc,100,1729,maximum_nontransitivity_hybrid_gain,2000.0,3000.0
kata1-b6c96-s1995008-d1329786-temp-0.3,22,283.0928809528088,108.9476266916702,457.23813521394743,327.86273469538617,-44.76985374257737,2,a5803f8a5d9d87202b43d709cb328cedaf18c446af448f705c33d553e8c2e9f7,5170ec511fb50cdf10d648416d508574d70e9781ddf156a1b2a86d2b385e94dc,100,1729,maximum_nontransitivity_hybrid_gain,2000.0,3000.0
kata1-b6c96-s1995008-d1329786-temp-0.3,24,275.64892312086243,110.44487699677416,440.8529692449507,327.86273469538617,-52.21381157452373,2,a5803f8a5d9d87202b43d709cb328cedaf18c446af448f705c33d553e8c2e9f7,5170ec511fb50cdf10d648416d508574d70e9781ddf156a1b2a86d2b385e94dc,100,1729,maximum_nontransitivity_hybrid_gain,2000.0,3000.0
kata1-b6c96-s1995008-d1329786-temp-0.3,26,269.6392596887476,112.18931239660265,427.0892069808925,327.86273469538617,-58.22347500663858,2,a5803f8a5d9d87202b43d709cb328cedaf18c446af448f705c33d553e8c2e9f7,5170ec511fb50cdf10d648416d508574d70e9781ddf156a1b2a86d2b385e94dc,100,1729,maximum_nontransitivity_hybrid_gain,2000.0,3000.0
kata1-b6c96-s1995008-d1329786-temp-0.3,28,230.6344745457602,78.57136199914123,382.6975870923792,327.86273469538617,-97.22826014962595,2,a5803f8a5d9d87202b43d709cb328cedaf18c446af448f705c33d553e8c2e9f7,5170ec511fb50cdf10d648416d508574d70e9781ddf156a1b2a86d2b385e94dc,100,1729,maximum_nontransitivity_hybrid_gain,2000.0,3000.0
kata1-b6c96-s1995008-d1329786-temp-0.3,30,229.19751981890587,83.42229443789967,374.9727451999121,327.86273469538617,-98.66521487648029,2,a5803f8a5d9d87202b43d709cb328cedaf18c446af448f705c33d553e8c2e9f7,5170ec511fb50cdf10d648416d508574d70e9781ddf156a1b2a86d2b385e94dc,100,1729,maximum_nontransitivity_hybrid_gain,2000.0,3000.0
kata1-b6c96-s1995008-d1329786-temp-0.3,32,227.98224480071033,87.77362473425723,368.19086486716344,327.86273469538617,-99.88048989467583,2,a5803f8a5d9d87202b43d709cb328cedaf18c446af448f705c33d553e8c2e9f7,5170ec511fb50cdf10d648416d508574d70e9781ddf156a1b2a86d2b385e94dc,100,1729,maximum_nontransitivity_hybrid_gain,2000.0,3000.0
kata1-b6c96-s1995008-d1329786-temp-0.3,34,226.9416913236828,91.70439122353002,362.17899142383555,327.86273469538617,-100.92104337170338,2,a5803f8a5d9d87202b43d709cb328cedaf18c446af448f705c33d553e8c2e9f7,5170ec511fb50cdf10d648416d508574d70e9781ddf156a1b2a86d2b385e94dc,100,1729,maximum_nontransitivity_hybrid_gain,2000.0,3000.0
kata1-b6c96-s1995008-d1329786-temp-0.3,36,226.041238487686,95.27755214023244,356.80492483513956,327.86273469538617,-101.82149620770016,2,a5803f8a5d9d87202b43d709cb328cedaf18c446af448f705c33d553e8c2e9f7,5170ec511fb50cdf10d648416d508574d70e9781ddf156a1b2a86d2b385e94dc,100,1729,maximum_nontransitivity_hybrid_gain,2000.0,3000.0
kata1-b6c96-s1995008-d1329786-temp-0.3,38,225.2548148290427,98.54384020856865,351.9657894495167,327.86273469538617,-102.60791986634348,2,a5803f8a5d9d87202b43d709cb328cedaf18c446af448f705c33d553e8c2e9f7,5170ec511fb50cdf10d648416d508574d70e9781ddf156a1b2a86d2b385e94dc,100,1729,maximum_nontransitivity_hybrid_gain,2000.0,3000.0
kata1-b6c96-s1995008-d1329786-temp-0.3,40,246.78804048207272,124.25790816153966,369.3181728026058,327.86273469538617,-81.07469421331345,2,a5803f8a5d9d87202b43d709cb328cedaf18c446af448f705c33d553e8c2e9f7,5170ec511fb50cdf10d648416d508574d70e9781ddf156a1b2a86d2b385e94dc,100,1729,maximum_nontransitivity_hybrid_gain,2000.0,3000.0
kata1-b6c96-s1995008-d1329786-temp-0.3,42,244.95488810504898,125.74436113268862,364.1654150774093,327.86273469538617,-82.90784659033719,2,a5803f8a5d9d87202b43d709cb328cedaf18c446af448f705c33d553e8c2e9f7,5170ec511fb50cdf10d648416d508574d70e9781ddf156a1b2a86d2b385e94dc,100,1729,maximum_nontransitivity_hybrid_gain,2000.0,3000.0
kata1-b6c96-s1995008-d1329786-temp-0.3,44,243.31360204214678,127.16456175916733,359.46264232512624,327.86273469538617,-84.54913265323938,2,a5803f8a5d9d87202b43d709cb328cedaf18c446af448f705c33d553e8c2e9f7,5170ec511fb50cdf10d648416d508574d70e9781ddf156a1b2a86d2b385e94dc,100,1729,maximum_nontransitivity_hybrid_gain,2000.0,3000.0
kata1-b6c96-s1995008-d1329786-temp-0.3,46,241.83594469121994,128.52141574047153,355.15047364196835,327.86273469538617,-86.02679000416623,2,a5803f8a5d9d87202b43d709cb328cedaf18c446af448f705c33d553e8c2e9f7,5170ec511fb50cdf10d648416d508574d70e9781ddf156a1b2a86d2b385e94dc,100,1729,maximum_nontransitivity_hybrid_gain,2000.0,3000.0
kata1-b6c96-s1995008-d1329786-temp-0.3,48,258.4601697185798,147.8720499041885,369.04828953297107,327.86273469538617,-69.40256497680639,2,a5803f8a5d9d87202b43d709cb328cedaf18c446af448f705c33d553e8c2e9f7,5170ec511fb50cdf10d648416d508574d70e9781ddf156a1b2a86d2b385e94dc,100,1729,maximum_nontransitivity_hybrid_gain,2000.0,3000.0
kata1-b6c96-s1995008-d1329786-temp-0.3,50,248.0249576412708,139.522943287706,356.52697199483555,327.86273469538617,-79.83777705411538,2,a5803f8a5d9d87202b43d709cb328cedaf18c446af448f705c33d553e8c2e9f7,5170ec511fb50cdf10d648416d508574d70e9781ddf156a1b2a86d2b385e94dc,100,1729,maximum_nontransitivity_hybrid_gain,2000.0,3000.0
kata1-b6c96-s1995008-d1329786-temp-0.3,52,255.11027771267064,148.68605530596312,361.53450011937815,327.86273469538617,-72.75245698271553,2,a5803f8a5d9d87202b43d709cb328cedaf18c446af448f705c33d553e8c2e9f7,5170ec511fb50cdf10d648416d508574d70e9781ddf156a1b2a86d2b385e94dc,100,1729,maximum_nontransitivity_hybrid_gain,2000.0,3000.0
kata1-b6c96-s1995008-d1329786-temp-0.3,54,261.62791272054363,157.19258024538155,366.0632451957057,327.86273469538617,-66.23482197484253,2,a5803f8a5d9d87202b43d709cb328cedaf18c446af448f705c33d553e8c2e9f7,5170ec511fb50cdf10d648416d508574d70e9781ddf156a1b2a86d2b385e94dc,100,1729,maximum_nontransitivity_hybrid_gain,2000.0,3000.0
kata1-b6c96-s1995008-d1329786-temp-0.3,56,259.69404656709963,157.3002124583681,362.0878806758312,327.86273469538617,-68.16868812828653,2,a5803f8a5d9d87202b43d709cb328cedaf18c446af448f705c33d553e8c2e9f7,5170ec511fb50cdf10d648416d508574d70e9781ddf156a1b2a86d2b385e94dc,100,1729,maximum_nontransitivity_hybrid_gain,2000.0,3000.0
kata1-b6c96-s1995008-d1329786-temp-0.3,58,257.90996716715574,157.44153484353478,358.3783994907767,327.86273469538617,-69.95276752823042,2,a5803f8a5d9d87202b43d709cb328cedaf18c446af448f705c33d553e8c2e9f7,5170ec511fb50cdf10d648416d508574d70e9781ddf156a1b2a86d2b385e94dc,100,1729,maximum_nontransitivity_hybrid_gain,2000.0,3000.0
kata1-b6c96-s1995008-d1329786-temp-0.3,60,256.2592185306855,157.610323753419,354.9081133079519,327.86273469538617,-71.6035161647007,2,a5803f8a5d9d87202b43d709cb328cedaf18c446af448f705c33d553e8c2e9f7,5170ec511fb50cdf10d648416d508574d70e9781ddf156a1b2a86d2b385e94dc,100,1729,maximum_nontransitivity_hybrid_gain,2000.0,3000.0
kata1-b6c96-s1995008-d1329786-temp-0.3,62,268.42994782086265,171.55003339423698,365.30986224748835,327.86273469538617,-59.432786874523515,2,a5803f8a5d9d87202b43d709cb328cedaf18c446af448f705c33d553e8c2e9f7,5170ec511fb50cdf10d648416d508574d70e9781ddf156a1b2a86d2b385e94dc,100,1729,maximum_nontransitivity_hybrid_gain,2000.0,3000.0
kata1-b6c96-s1995008-d1329786-temp-0.3,64,260.09281691992857,164.64612923667858,355.53950460317856,327.86273469538617,-67.7699177754576,2,a5803f8a5d9d87202b43d709cb328cedaf18c446af448f705c33d553e8c2e9f7,5170ec511fb50cdf10d648416d508574d70e9781ddf156a1b2a86d2b385e94dc,100,1729,maximum_nontransitivity_hybrid_gain,2000.0,3000.0
kata1-b6c96-s1995008-d1329786-temp-0.3,66,265.2025099193253,171.19019825984367,359.2148215788069,327.86273469538617,-62.660224776060886,2,a5803f8a5d9d87202b43d709cb328cedaf18c446af448f705c33d553e8c2e9f7,5170ec511fb50cdf10d648416d508574d70e9781ddf156a1b2a86d2b385e94dc,100,1729,maximum_nontransitivity_hybrid_gain,2000.0,3000.0
kata1-b6c96-s1995008-d1329786-temp-0.3,68,270.0073187402814,177.37486704970723,362.63977043085555,327.86273469538617,-57.855415955104775,2,a5803f8a5d9d87202b43d709cb328cedaf18c446af448f705c33d553e8c2e9f7,5170ec511fb50cdf10d648416d508574d70e9781ddf156a1b2a86d2b385e94dc,100,1729,maximum_nontransitivity_hybrid_gain,2000.0,3000.0
kata1-b6c96-s1995008-d1329786-temp-0.3,70,268.2200624750824,176.9996741579257,359.44045079223906,327.86273469538617,-59.64267222030378,2,a5803f8a5d9d87202b43d709cb328cedaf18c446af448f705c33d553e8c2e9f7,5170ec511fb50cdf10d648416d508574d70e9781ddf156a1b2a86d2b385e94dc,100,1729,maximum_nontransitivity_hybrid_gain,2000.0,3000.0
kata1-b6c96-s1995008-d1329786-temp-0.3,72,266.54272322866314,176.6710876114768,356.4143588458495,327.86273469538617,-61.32001146672303,2,a5803f8a5d9d87202b43d709cb328cedaf18c446af448f705c33d553e8c2e9f7,5170ec511fb50cdf10d648416d508574d70e9781ddf156a1b2a86d2b385e94dc,100,1729,maximum_nontransitivity_hybrid_gain,2000.0,3000.0
kata1-b6c96-s1995008-d1329786-temp-0.3,74,264.9656768616613,176.38386814385893,353.5474855794636,327.86273469538617,-62.89705783372489,2,a5803f8a5d9d87202b43d709cb328cedaf18c446af448f705c33d553e8c2e9f7,5170ec511fb50cdf10d648416d508574d70e9781ddf156a1b2a86d2b385e94dc,100,1729,maximum_nontransitivity_hybrid_gain,2000.0,3000.0
kata1-b6c96-s1995008-d1329786-temp-0.3,76,263.4803755423551,176.13345791589583,350.8272931688143,327.86273469538617,-64.38235915303108,2,a5803f8a5d9d87202b43d709cb328cedaf18c446af448f705c33d553e8c2e9f7,5170ec511fb50cdf10d648416d508574d70e9781ddf156a1b2a86d2b385e94dc,100,1729,maximum_nontransitivity_hybrid_gain,2000.0,3000.0
kata1-b6c96-s1995008-d1329786-temp-0.3,78,253.69723600938045,167.50605651738258,339.8884155013783,327.86273469538617,-74.16549868600572,2,a5803f8a5d9d87202b43d709cb328cedaf18c446af448f705c33d553e8c2e9f7,5170ec511fb50cdf10d648416d508574d70e9781ddf156a1b2a86d2b385e94dc,100,1729,maximum_nontransitivity_hybrid_gain,2000.0,3000.0
kata1-b6c96-s1995008-d1329786-temp-0.3,80,265.66166082121214,180.73503641486545,350.5882852275588,327.86273469538617,-62.20107387417403,2,a5803f8a5d9d87202b43d709cb328cedaf18c446af448f705c33d553e8c2e9f7,5170ec511fb50cdf10d648416d508574d70e9781ddf156a1b2a86d2b385e94dc,100,1729,maximum_nontransitivity_hybrid_gain,2000.0,3000.0
kata1-b6c96-s1995008-d1329786-temp-0.3,82,266.68250076560804,182.88387252407327,350.48112900714284,327.86273469538617,-61.180233929778126,2,a5803f8a5d9d87202b43d709cb328cedaf18c446af448f705c33d553e8c2e9f7,5170ec511fb50cdf10d648416d508574d70e9781ddf156a1b2a86d2b385e94dc,100,1729,maximum_nontransitivity_hybrid_gain,2000.0,3000.0
kata1-b6c96-s1995008-d1329786-temp-0.3,84,270.5070134354721,187.6730883236366,353.34093854730764,327.86273469538617,-57.35572125991405,2,a5803f8a5d9d87202b43d709cb328cedaf18c446af448f705c33d553e8c2e9f7,5170ec511fb50cdf10d648416d508574d70e9781ddf156a1b2a86d2b385e94dc,100,1729,maximum_nontransitivity_hybrid_gain,2000.0,3000.0
kata1-b6c96-s1995008-d1329786-temp-0.3,86,281.0950207675422,199.3324674885224,362.85757404656204,327.86273469538617,-46.76771392784394,2,a5803f8a5d9d87202b43d709cb328cedaf18c446af448f705c33d553e8c2e9f7,5170ec511fb50cdf10d648416d508574d70e9781ddf156a1b2a86d2b385e94dc,100,1729,maximum_nontransitivity_hybrid_gain,2000.0,3000.0
kata1-b6c96-s1995008-d1329786-temp-0.3,88,281.6433620975432,200.88181912226997,362.40490507281646,327.86273469538617,-46.21937259784295,2,a5803f8a5d9d87202b43d709cb328cedaf18c446af448f705c33d553e8c2e9f7,5170ec511fb50cdf10d648416d508574d70e9781ddf156a1b2a86d2b385e94dc,100,1729,maximum_nontransitivity_hybrid_gain,2000.0,3000.0
kata1-b6c96-s1995008-d1329786-temp-0.3,90,272.87468065616935,193.0563140775369,352.6930472348018,327.86273469538617,-54.98805403921682,2,a5803f8a5d9d87202b43d709cb328cedaf18c446af448f705c33d553e8c2e9f7,5170ec511fb50cdf10d648416d508574d70e9781ddf156a1b2a86d2b385e94dc,100,1729,maximum_nontransitivity_hybrid_gain,2000.0,3000.0
kata1-b6c96-s1995008-d1329786-temp-0.3,92,273.6010347680981,194.70830486399825,352.4937646721979,327.86273469538617,-54.26169992728808,2,a5803f8a5d9d87202b43d709cb328cedaf18c446af448f705c33d553e8c2e9f7,5170ec511fb50cdf10d648416d508574d70e9781ddf156a1b2a86d2b385e94dc,100,1729,maximum_nontransitivity_hybrid_gain,2000.0,3000.0
kata1-b6c96-s1995008-d1329786-temp-0.3,94,265.44253483151306,187.390940091086,343.4941295719401,327.86273469538617,-62.42019986387311,2,a5803f8a5d9d87202b43d709cb328cedaf18c446af448f705c33d553e8c2e9f7,5170ec511fb50cdf10d648416d508574d70e9781ddf156a1b2a86d2b385e94dc,100,1729,maximum_nontransitivity_hybrid_gain,2000.0,3000.0
kata1-b6c96-s1995008-d1329786-temp-0.3,96,266.26656912200923,189.0826733656369,343.4504648783816,327.86273469538617,-61.596165573376936,2,a5803f8a5d9d87202b43d709cb328cedaf18c446af448f705c33d553e8c2e9f7,5170ec511fb50cdf10d648416d508574d70e9781ddf156a1b2a86d2b385e94dc,100,1729,maximum_nontransitivity_hybrid_gain,2000.0,3000.0
kata1-b6c96-s1995008-d1329786-temp-0.3,98,265.1139838841624,188.7371667322979,341.4908010360269,327.86273469538617,-62.74875081122377,2,a5803f8a5d9d87202b43d709cb328cedaf18c446af448f705c33d553e8c2e9f7,5170ec511fb50cdf10d648416d508574d70e9781ddf156a1b2a86d2b385e94dc,100,1729,maximum_nontransitivity_hybrid_gain,2000.0,3000.0
kata1-b6c96-s1995008-d1329786-temp-0.3,100,265.9516016488614,190.37809270479596,341.52511059292686,327.86273469538617,-61.91113304652475,2,a5803f8a5d9d87202b43d709cb328cedaf18c446af448f705c33d553e8c2e9f7,5170ec511fb50cdf10d648416d508574d70e9781ddf156a1b2a86d2b385e94dc,100,1729,maximum_nontransitivity_hybrid_gain,2000.0,3000.0
kata1-b6c96-s4136960-d1510003-temp-0.9,2,1154.7920931582207,-1282.208635603714,3591.7928219201553,440.2639553606597,714.528137797561,2,a5803f8a5d9d87202b43d709cb328cedaf18c446af448f705c33d553e8c2e9f7,5170ec511fb50cdf10d648416d508574d70e9781ddf156a1b2a86d2b385e94dc,100,1729,maximum_nontransitivity_hybrid_gain,2000.0,3000.0
kata1-b6c96-s4136960-d1510003-temp-0.9,4,403.99924540389543,-1454.0658261389212,2262.064316946712,440.2639553606597,-36.26470995676425,2,a5803f8a5d9d87202b43d709cb328cedaf18c446af448f705c33d553e8c2e9f7,5170ec511fb50cdf10d648416d508574d70e9781ddf156a1b2a86d2b385e94dc,100,1729,maximum_nontransitivity_hybrid_gain,2000.0,3000.0
kata1-b6c96-s4136960-d1510003-temp-0.9,6,326.59001733019886,-167.9308939239085,821.1109285843063,440.2639553606597,-113.67393803046082,2,a5803f8a5d9d87202b43d709cb328cedaf18c446af448f705c33d553e8c2e9f7,5170ec511fb50cdf10d648416d508574d70e9781ddf156a1b2a86d2b385e94dc,100,1729,maximum_nontransitivity_hybrid_gain,2000.0,3000.0
kata1-b6c96-s4136960-d1510003-temp-0.9,8,320.7879949360664,-33.56740478341976,675.1433946555526,440.2639553606597,-119.47596042459327,2,a5803f8a5d9d87202b43d709cb328cedaf18c446af448f705c33d553e8c2e9f7,5170ec511fb50cdf10d648416d508574d70e9781ddf156a1b2a86d2b385e94dc,100,1729,maximum_nontransitivity_hybrid_gain,2000.0,3000.0
kata1-b6c96-s4136960-d1510003-temp-0.9,10,450.191627192664,147.74928791957058,752.6339664657573,440.2639553606597,9.927671832004307,2,a5803f8a5d9d87202b43d709cb328cedaf18c446af448f705c33d553e8c2e9f7,5170ec511fb50cdf10d648416d508574d70e9781ddf156a1b2a86d2b385e94dc,100,1729,maximum_nontransitivity_hybrid_gain,2000.0,3000.0
kata1-b6c96-s4136960-d1510003-temp-0.9,12,463.5020701923985,201.95551128437955,725.0486291004174,440.2639553606597,23.238114831738812,2,a5803f8a5d9d87202b43d709cb328cedaf18c446af448f705c33d553e8c2e9f7,5170ec511fb50cdf10d648416d508574d70e9781ddf156a1b2a86d2b385e94dc,100,1729,maximum_nontransitivity_hybrid_gain,2000.0,3000.0
kata1-b6c96-s4136960-d1510003-temp-0.9,14,391.8216362089544,161.51924909975926,622.1240233181495,440.2639553606597,-48.442319151705306,2,a5803f8a5d9d87202b43d709cb328cedaf18c446af448f705c33d553e8c2e9f7,5170ec511fb50cdf10d648416d508574d70e9781ddf156a1b2a86d2b385e94dc,100,1729,maximum_nontransitivity_hybrid_gain,2000.0,3000.0
kata1-b6c96-s4136960-d1510003-temp-0.9,16,313.20273903344656,99.97178305213214,526.433695014761,440.2639553606597,-127.06121632721312,2,a5803f8a5d9d87202b43d709cb328cedaf18c446af448f705c33d553e8c2e9f7,5170ec511fb50cdf10d648416d508574d70e9781ddf156a1b2a86d2b385e94dc,100,1729,maximum_nontransitivity_hybrid_gain,2000.0,3000.0
kata1-b6c96-s4136960-d1510003-temp-0.9,18,370.32369982111413,175.605521554441,565.0418780877873,440.2639553606597,-69.94025553954555,2,a5803f8a5d9d87202b43d709cb328cedaf18c446af448f705c33d553e8c2e9f7,5170ec511fb50cdf10d648416d508574d70e9781ddf156a1b2a86d2b385e94dc,100,1729,maximum_nontransitivity_hybrid_gain,2000.0,3000.0
kata1-b6c96-s4136960-d1510003-temp-0.9,20,363.20471528177546,181.0681373249314,545.3412932386195,440.2639553606597,-77.05924007888422,2,a5803f8a5d9d87202b43d709cb328cedaf18c446af448f705c33d553e8c2e9f7,5170ec511fb50cdf10d648416d508574d70e9781ddf156a1b2a86d2b385e94dc,100,1729,maximum_nontransitivity_hybrid_gain,2000.0,3000.0
kata1-b6c96-s4136960-d1510003-temp-0.9,22,401.4886950565582,229.0332113268046,573.9441787863118,440.2639553606597,-38.775260304101494,2,a5803f8a5d9d87202b43d709cb328cedaf18c446af448f705c33d553e8c2e9f7,5170ec511fb50cdf10d648416d508574d70e9781ddf156a1b2a86d2b385e94dc,100,1729,maximum_nontransitivity_hybrid_gain,2000.0,3000.0
kata1-b6c96-s4136960-d1510003-temp-0.9,24,432.5367291391492,267.05332722039554,598.0201310579029,440.2639553606597,-7.7272262215104774,2,a5803f8a5d9d87202b43d709cb328cedaf18c446af448f705c33d553e8c2e9f7,5170ec511fb50cdf10d648416d508574d70e9781ddf156a1b2a86d2b385e94dc,100,1729,maximum_nontransitivity_hybrid_gain,2000.0,3000.0
kata1-b6c96-s4136960-d1510003-temp-0.9,26,385.35484423147653,229.58582434539616,541.1238641175569,440.2639553606597,-54.909111129183145,2,a5803f8a5d9d87202b43d709cb328cedaf18c446af448f705c33d553e8c2e9f7,5170ec511fb50cdf10d648416d508574d70e9781ddf156a1b2a86d2b385e94dc,100,1729,maximum_nontransitivity_hybrid_gain,2000.0,3000.0
kata1-b6c96-s4136960-d1510003-temp-0.9,28,412.3269736976794,261.975802817263,562.6781445780958,440.2639553606597,-27.93698166298026,2,a5803f8a5d9d87202b43d709cb328cedaf18c446af448f705c33d553e8c2e9f7,5170ec511fb50cdf10d648416d508574d70e9781ddf156a1b2a86d2b385e94dc,100,1729,maximum_nontransitivity_hybrid_gain,2000.0,3000.0
kata1-b6c96-s4136960-d1510003-temp-0.9,30,404.57557531451755,260.3396109002507,548.8115397287844,440.2639553606597,-35.68838004614213,2,a5803f8a5d9d87202b43d709cb328cedaf18c446af448f705c33d553e8c2e9f7,5170ec511fb50cdf10d648416d508574d70e9781ddf156a1b2a86d2b385e94dc,100,1729,maximum_nontransitivity_hybrid_gain,2000.0,3000.0
kata1-b6c96-s4136960-d1510003-temp-0.9,32,369.86822860417874,231.87901747229915,507.8574397360583,440.2639553606597,-70.39572675648094,2,a5803f8a5d9d87202b43d709cb328cedaf18c446af448f705c33d553e8c2e9f7,5170ec511fb50cdf10d648416d508574d70e9781ddf156a1b2a86d2b385e94dc,100,1729,maximum_nontransitivity_hybrid_gain,2000.0,3000.0
kata1-b6c96-s4136960-d1510003-temp-0.9,34,366.1378286778617,232.81168173769984,499.4639756180236,440.2639553606597,-74.12612668279797,2,a5803f8a5d9d87202b43d709cb328cedaf18c446af448f705c33d553e8c2e9f7,5170ec511fb50cdf10d648416d508574d70e9781ddf156a1b2a86d2b385e94dc,100,1729,maximum_nontransitivity_hybrid_gain,2000.0,3000.0
kata1-b6c96-s4136960-d1510003-temp-0.9,36,362.88291253324337,233.76256569518114,492.0032593713056,440.2639553606597,-77.38104282741631,2,a5803f8a5d9d87202b43d709cb328cedaf18c446af448f705c33d553e8c2e9f7,5170ec511fb50cdf10d648416d508574d70e9781ddf156a1b2a86d2b385e94dc,100,1729,maximum_nontransitivity_hybrid_gain,2000.0,3000.0
kata1-b6c96-s4136960-d1510003-temp-0.9,38,360.0186071988502,234.7163987007246,485.3208156969758,440.2639553606597,-80.24534816180949,2,a5803f8a5d9d87202b43d709cb328cedaf18c446af448f705c33d553e8c2e9f7,5170ec511fb50cdf10d648416d508574d70e9781ddf156a1b2a86d2b385e94dc,100,1729,maximum_nontransitivity_hybrid_gain,2000.0,3000.0
kata1-b6c96-s4136960-d1510003-temp-0.9,40,357.86992101477915,236.15689572963635,479.58294629992196,440.2639553606597,-82.39403434588053,2,a5803f8a5d9d87202b43d709cb328cedaf18c446af448f705c33d553e8c2e9f7,5170ec511fb50cdf10d648416d508574d70e9781ddf156a1b2a86d2b385e94dc,100,1729,maximum_nontransitivity_hybrid_gain,2000.0,3000.0
kata1-b6c96-s4136960-d1510003-temp-0.9,42,376.71690372711396,257.91589598419034,495.5179114700376,440.2639553606597,-63.54705163354572,2,a5803f8a5d9d87202b43d709cb328cedaf18c446af448f705c33d553e8c2e9f7,5170ec511fb50cdf10d648416d508574d70e9781ddf156a1b2a86d2b385e94dc,100,1729,maximum_nontransitivity_hybrid_gain,2000.0,3000.0
kata1-b6c96-s4136960-d1510003-temp-0.9,44,393.75575223697217,277.44512055108214,510.0663839228622,440.2639553606597,-46.50820312368751,2,a5803f8a5d9d87202b43d709cb328cedaf18c446af448f705c33d553e8c2e9f7,5170ec511fb50cdf10d648416d508574d70e9781ddf156a1b2a86d2b385e94dc,100,1729,maximum_nontransitivity_hybrid_gain,2000.0,3000.0
kata1-b6c96-s4136960-d1510003-temp-0.9,46,409.29205141531514,295.13803691700906,523.4460659136212,440.2639553606597,-30.971903945344536,2,a5803f8a5d9d87202b43d709cb328cedaf18c446af448f705c33d553e8c2e9f7,5170ec511fb50cdf10d648416d508574d70e9781ddf156a1b2a86d2b385e94dc,100,1729,maximum_nontransitivity_hybrid_gain,2000.0,3000.0
kata1-b6c96-s4136960-d1510003-temp-0.9,48,405.19554695765834,293.82382521416855,516.5672687011481,440.2639553606597,-35.06840840300134,2,a5803f8a5d9d87202b43d709cb328cedaf18c446af448f705c33d553e8c2e9f7,5170ec511fb50cdf10d648416d508574d70e9781ddf156a1b2a86d2b385e94dc,100,1729,maximum_nontransitivity_hybrid_gain,2000.0,3000.0
kata1-b6c96-s4136960-d1510003-temp-0.9,50,401.4727845689816,292.6784703680811,510.26709876988207,440.2639553606597,-38.7911707916781,2,a5803f8a5d9d87202b43d709cb328cedaf18c446af448f705c33d553e8c2e9f7,5170ec511fb50cdf10d648416d508574d70e9781ddf156a1b2a86d2b385e94dc,100,1729,maximum_nontransitivity_hybrid_gain,2000.0,3000.0
kata1-b6c96-s4136960-d1510003-temp-0.9,52,414.78119695345015,307.6737982219977,521.8885956849026,440.2639553606597,-25.48275840720953,2,a5803f8a5d9d87202b43d709cb328cedaf18c446af448f705c33d553e8c2e9f7,5170ec511fb50cdf10d648416d508574d70e9781ddf156a1b2a86d2b385e94dc,100,1729,maximum_nontransitivity_hybrid_gain,2000.0,3000.0
kata1-b6c96-s4136960-d1510003-temp-0.9,54,427.1504440315838,321.54601621549364,532.7548718476739,440.2639553606597,-13.113511329075891,2,a5803f8a5d9d87202b43d709cb328cedaf18c446af448f705c33d553e8c2e9f7,5170ec511fb50cdf10d648416d508574d70e9781ddf156a1b2a86d2b385e94dc,100,1729,maximum_nontransitivity_hybrid_gain,2000.0,3000.0
kata1-b6c96-s4136960-d1510003-temp-0.9,56,422.9424020623817,319.57533298846073,526.3094711363026,440.2639553606597,-17.32155329827799,2,a5803f8a5d9d87202b43d709cb328cedaf18c446af448f705c33d553e8c2e9f7,5170ec511fb50cdf10d648416d508574d70e9781ddf156a1b2a86d2b385e94dc,100,1729,maximum_nontransitivity_hybrid_gain,2000.0,3000.0
kata1-b6c96-s4136960-d1510003-temp-0.9,58,434.16777500485244,332.0887411214004,536.2468088883045,440.2639553606597,-6.096180355807235,2,a5803f8a5d9d87202b43d709cb328cedaf18c446af448f705c33d553e8c2e9f7,5170ec511fb50cdf10d648416d508574d70e9781ddf156a1b2a86d2b385e94dc,100,1729,maximum_nontransitivity_hybrid_gain,2000.0,3000.0
kata1-b6c96-s4136960-d1510003-temp-0.9,60,429.9830137915058,329.9381016662754,530.0279259167363,440.2639553606597,-10.280941569153867,2,a5803f8a5d9d87202b43d709cb328cedaf18c446af448f705c33d553e8c2e9f7,5170ec511fb50cdf10d648416d508574d70e9781ddf156a1b2a86d2b385e94dc,100,1729,maximum_nontransitivity_hybrid_gain,2000.0,3000.0
kata1-b6c96-s4136960-d1510003-temp-0.9,62,426.1072452772117,327.96882840860155,524.2456621458218,440.2639553606597,-14.15671008344799,2,a5803f8a5d9d87202b43d709cb328cedaf18c446af448f705c33d553e8c2e9f7,5170ec511fb50cdf10d648416d508574d70e9781ddf156a1b2a86d2b385e94dc,100,1729,maximum_nontransitivity_hybrid_gain,2000.0,3000.0
kata1-b6c96-s4136960-d1510003-temp-0.9,64,436.12463571967834,339.0607978371187,533.188473602238,440.2639553606597,-4.139319640981341,2,a5803f8a5d9d87202b43d709cb328cedaf18c446af448f705c33d553e8c2e9f7,5170ec511fb50cdf10d648416d508574d70e9781ddf156a1b2a86d2b385e94dc,100,1729,maximum_nontransitivity_hybrid_gain,2000.0,3000.0
kata1-b6c96-s4136960-d1510003-temp-0.9,66,445.59854709897195,349.5175047395731,541.6795894583707,440.2639553606597,5.33459173831227,2,a5803f8a5d9d87202b43d709cb328cedaf18c446af448f705c33d553e8c2e9f7,5170ec511fb50cdf10d648416d508574d70e9781ddf156a1b2a86d2b385e94dc,100,1729,maximum_nontransitivity_hybrid_gain,2000.0,3000.0
kata1-b6c96-s4136960-d1510003-temp-0.9,68,454.58329440911035,359.4047473793176,549.761841438903,440.2639553606597,14.319339048450672,2,a5803f8a5d9d87202b43d709cb328cedaf18c446af448f705c33d553e8c2e9f7,5170ec511fb50cdf10d648416d508574d70e9781ddf156a1b2a86d2b385e94dc,100,1729,maximum_nontransitivity_hybrid_gain,2000.0,3000.0
kata1-b6c96-s4136960-d1510003-temp-0.9,70,450.3216782746839,356.82739293624047,543.8159636131273,440.2639553606597,10.057722914024225,2,a5803f8a5d9d87202b43d709cb328cedaf18c446af448f705c33d553e8c2e9f7,5170ec511fb50cdf10d648416d508574d70e9781ddf156a1b2a86d2b385e94dc,100,1729,maximum_nontransitivity_hybrid_gain,2000.0,3000.0
kata1-b6c96-s4136960-d1510003-temp-0.9,72,458.68761839676506,365.99839165829553,551.3768451352346,440.2639553606597,18.42366303610538,2,a5803f8a5d9d87202b43d709cb328cedaf18c446af448f705c33d553e8c2e9f7,5170ec511fb50cdf10d648416d508574d70e9781ddf156a1b2a86d2b385e94dc,100,1729,maximum_nontransitivity_hybrid_gain,2000.0,3000.0
kata1-b6c96-s4136960-d1510003-temp-0.9,74,466.6686246476832,374.7252806469611,558.6119686484053,440.2639553606597,26.404669287023523,2,a5803f8a5d9d87202b43d709cb328cedaf18c446af448f705c33d553e8c2e9f7,5170ec511fb50cdf10d648416d508574d70e9781ddf156a1b2a86d2b385e94dc,100,1729,maximum_nontransitivity_hybrid_gain,2000.0,3000.0
kata1-b6c96-s4136960-d1510003-temp-0.9,76,474.2976886591363,383.0474389995162,565.5479383187565,440.2639553606597,34.03373329847665,2,a5803f8a5d9d87202b43d709cb328cedaf18c446af448f705c33d553e8c2e9f7,5170ec511fb50cdf10d648416d508574d70e9781ddf156a1b2a86d2b385e94dc,100,1729,maximum_nontransitivity_hybrid_gain,2000.0,3000.0
kata1-b6c96-s4136960-d1510003-temp-0.9,78,481.60381068208994,390.9993557026452,572.2082656615347,440.2639553606597,41.339855321430264,2,a5803f8a5d9d87202b43d709cb328cedaf18c446af448f705c33d553e8c2e9f7,5170ec511fb50cdf10d648416d508574d70e9781ddf156a1b2a86d2b385e94dc,100,1729,maximum_nontransitivity_hybrid_gain,2000.0,3000.0
kata1-b6c96-s4136960-d1510003-temp-0.9,80,488.612609624087,398.611394430072,578.613824818102,440.2639553606597,48.348654263427306,2,a5803f8a5d9d87202b43d709cb328cedaf18c446af448f705c33d553e8c2e9f7,5170ec511fb50cdf10d648416d508574d70e9781ddf156a1b2a86d2b385e94dc,100,1729,maximum_nontransitivity_hybrid_gain,2000.0,3000.0
kata1-b6c96-s4136960-d1510003-temp-0.9,82,495.3468233919869,405.91041722929936,584.7832295546744,440.2639553606597,55.08286803132722,2,a5803f8a5d9d87202b43d709cb328cedaf18c446af448f705c33d553e8c2e9f7,5170ec511fb50cdf10d648416d508574d70e9781ddf156a1b2a86d2b385e94dc,100,1729,maximum_nontransitivity_hybrid_gain,2000.0,3000.0
kata1-b6c96-s4136960-d1510003-temp-0.9,84,501.8267203456102,412.9202953201367,590.7331453710838,440.2639553606597,61.56276498495055,2,a5803f8a5d9d87202b43d709cb328cedaf18c446af448f705c33d553e8c2e9f7,5170ec511fb50cdf10d648416d508574d70e9781ddf156a1b2a86d2b385e94dc,100,1729,maximum_nontransitivity_hybrid_gain,2000.0,3000.0
kata1-b6c96-s4136960-d1510003-temp-0.9,86,508.0704403324023,419.6623307899622,596.4785498748424,440.2639553606597,67.80648497174263,2,a5803f8a5d9d87202b43d709cb328cedaf18c446af448f705c33d553e8c2e9f7,5170ec511fb50cdf10d648416d508574d70e9781ddf156a1b2a86d2b385e94dc,100,1729,maximum_nontransitivity_hybrid_gain,2000.0,3000.0
kata1-b6c96-s4136960-d1510003-temp-0.9,88,492.2265748352228,406.16650282334996,578.2866468470957,440.2639553606597,51.9626194745631,2,a5803f8a5d9d87202b43d709cb328cedaf18c446af448f705c33d553e8c2e9f7,5170ec511fb50cdf10d648416d508574d70e9781ddf156a1b2a86d2b385e94dc,100,1729,maximum_nontransitivity_hybrid_gain,2000.0,3000.0
kata1-b6c96-s4136960-d1510003-temp-0.9,90,487.8550745131895,403.09985649772085,572.6102925286582,440.2639553606597,47.591119152529814,2,a5803f8a5d9d87202b43d709cb328cedaf18c446af448f705c33d553e8c2e9f7,5170ec511fb50cdf10d648416d508574d70e9781ddf156a1b2a86d2b385e94dc,100,1729,maximum_nontransitivity_hybrid_gain,2000.0,3000.0
kata1-b6c96-s4136960-d1510003-temp-0.9,92,483.7153472793497,400.1972012743077,567.2334932843918,440.2639553606597,43.451391918690035,2,a5803f8a5d9d87202b43d709cb328cedaf18c446af448f705c33d553e8c2e9f7,5170ec511fb50cdf10d648416d508574d70e9781ddf156a1b2a86d2b385e94dc,100,1729,maximum_nontransitivity_hybrid_gain,2000.0,3000.0
kata1-b6c96-s4136960-d1510003-temp-0.9,94,489.49459937158036,406.43095140400806,572.5582473391527,440.2639553606597,49.230644010920685,2,a5803f8a5d9d87202b43d709cb328cedaf18c446af448f705c33d553e8c2e9f7,5170ec511fb50cdf10d648416d508574d70e9781ddf156a1b2a86d2b385e94dc,100,1729,maximum_nontransitivity_hybrid_gain,2000.0,3000.0
kata1-b6c96-s4136960-d1510003-temp-0.9,96,495.1979099356315,412.5670691968461,577.8287506744169,440.2639553606597,54.933954574971835,2,a5803f8a5d9d87202b43d709cb328cedaf18c446af448f705c33d553e8c2e9f7,5170ec511fb50cdf10d648416d508574d70e9781ddf156a1b2a86d2b385e94dc,100,1729,maximum_nontransitivity_hybrid_gain,2000.0,3000.0
kata1-b6c96-s4136960-d1510003-temp-0.9,98,500.7184483209581,418.497630615476,582.9392660264401,440.2639553606597,60.45449296029841,2,a5803f8a5d9d87202b43d709cb328cedaf18c446af448f705c33d553e8c2e9f7,5170ec511fb50cdf10d648416d508574d70e9781ddf156a1b2a86d2b385e94dc,100,1729,maximum_nontransitivity_hybrid_gain,2000.0,3000.0
kata1-b6c96-s4136960-d1510003-temp-0.9,100,496.56150017713605,415.4904281291026,577.6325722251695,440.2639553606597,56.297544816476375,2,a5803f8a5d9d87202b43d709cb328cedaf18c446af448f705c33d553e8c2e9f7,5170ec511fb50cdf10d648416d508574d70e9781ddf156a1b2a86d2b385e94dc,100,1729,maximum_nontransitivity_hybrid_gain,2000.0,3000.0
kata1-b6c96-s4136960-d1510003-temp-0.7,2,1156.8241182923489,-1282.590051443041,3596.2382880277387,563.7077469756265,593.1163713167224,2,a5803f8a5d9d87202b43d709cb328cedaf18c446af448f705c33d553e8c2e9f7,5170ec511fb50cdf10d648416d508574d70e9781ddf156a1b2a86d2b385e94dc,100,1729,maximum_nontransitivity_hybrid_gain,2000.0,3000.0
kata1-b6c96-s4136960-d1510003-temp-0.7,4,405.8035955842689,-1453.2558143559845,2264.8630055245226,563.7077469756265,-157.90415139135757,2,a5803f8a5d9d87202b43d709cb328cedaf18c446af448f705c33d553e8c2e9f7,5170ec511fb50cdf10d648416d508574d70e9781ddf156a1b2a86d2b385e94dc,100,1729,maximum_nontransitivity_hybrid_gain,2000.0,3000.0
kata1-b6c96-s4136960-d1510003-temp-0.7,6,610.6601485100585,114.90329639639384,1106.4170006237232,563.7077469756265,46.952401534432056,2,a5803f8a5d9d87202b43d709cb328cedaf18c446af448f705c33d553e8c2e9f7,5170ec511fb50cdf10d648416d508574d70e9781ddf156a1b2a86d2b385e94dc,100,1729,maximum_nontransitivity_hybrid_gain,2000.0,3000.0
kata1-b6c96-s4136960-d1510003-temp-0.7,8,619.4299076653039,265.88643321160254,972.9733821190052,563.7077469756265,55.72216068967737,2,a5803f8a5d9d87202b43d709cb328cedaf18c446af448f705c33d553e8c2e9f7,5170ec511fb50cdf10d648416d508574d70e9781ddf156a1b2a86d2b385e94dc,100,1729,maximum_nontransitivity_hybrid_gain,2000.0,3000.0
kata1-b6c96-s4136960-d1510003-temp-0.7,10,751.4530903006535,448.82269044236233,1054.0834901589446,563.7077469756265,187.74534332502697,2,a5803f8a5d9d87202b43d709cb328cedaf18c446af448f705c33d553e8c2e9f7,5170ec511fb50cdf10d648416d508574d70e9781ddf156a1b2a86d2b385e94dc,100,1729,maximum_nontransitivity_hybrid_gain,2000.0,3000.0
kata1-b6c96-s4136960-d1510003-temp-0.7,12,719.4715776093382,461.56813863138757,977.3750165872888,563.7077469756265,155.76383063371168,2,a5803f8a5d9d87202b43d709cb328cedaf18c446af448f705c33d553e8c2e9f7,5170ec511fb50cdf10d648416d508574d70e9781ddf156a1b2a86d2b385e94dc,100,1729,maximum_nontransitivity_hybrid_gain,2000.0,3000.0
kata1-b6c96-s4136960-d1510003-temp-0.7,14,624.733557333485,399.9783100057366,849.4888046612334,563.7077469756265,61.02581035785852,2,a5803f8a5d9d87202b43d709cb328cedaf18c446af448f705c33d553e8c2e9f7,5170ec511fb50cdf10d648416d508574d70e9781ddf156a1b2a86d2b385e94dc,100,1729,maximum_nontransitivity_hybrid_gain,2000.0,3000.0
kata1-b6c96-s4136960-d1510003-temp-0.7,16,625.2947285902933,419.9187293162449,830.6707278643416,563.7077469756265,61.5869816146668,2,a5803f8a5d9d87202b43d709cb328cedaf18c446af448f705c33d553e8c2e9f7,5170ec511fb50cdf10d648416d508574d70e9781ddf156a1b2a86d2b385e94dc,100,1729,maximum_nontransitivity_hybrid_gain,2000.0,3000.0
kata1-b6c96-s4136960-d1510003-temp-0.7,18,571.7501269856364,380.1997117437659,763.3005422275069,563.7077469756265,8.042380010009879,2,a5803f8a5d9d87202b43d709cb328cedaf18c446af448f705c33d553e8c2e9f7,5170ec511fb50cdf10d648416d508574d70e9781ddf156a1b2a86d2b385e94dc,100,1729,maximum_nontransitivity_hybrid_gain,2000.0,3000.0
kata1-b6c96-s4136960-d1510003-temp-0.7,20,611.2322152709784,432.3137330559073,790.1506974860495,563.7077469756265,47.52446829535188,2,a5803f8a5d9d87202b43d709cb328cedaf18c446af448f705c33d553e8c2e9f7,5170ec511fb50cdf10d648416d508574d70e9781ddf156a1b2a86d2b385e94dc,100,1729,maximum_nontransitivity_hybrid_gain,2000.0,3000.0
kata1-b6c96-s4136960-d1510003-temp-0.7,22,599.5831572630904,430.3534682946474,768.8128462315333,563.7077469756265,35.875410287463865,2,a5803f8a5d9d87202b43d709cb328cedaf18c446af448f705c33d553e8c2e9f7,5170ec511fb50cdf10d648416d508574d70e9781ddf156a1b2a86d2b385e94dc,100,1729,maximum_nontransitivity_hybrid_gain,2000.0,3000.0
kata1-b6c96-s4136960-d1510003-temp-0.7,24,590.2523773694961,429.34088748702305,751.1638672519691,563.7077469756265,26.544630393869625,2,a5803f8a5d9d87202b43d709cb328cedaf18c446af448f705c33d553e8c2e9f7,5170ec511fb50cdf10d648416d508574d70e9781ddf156a1b2a86d2b385e94dc,100,1729,maximum_nontransitivity_hybrid_gain,2000.0,3000.0
kata1-b6c96-s4136960-d1510003-temp-0.7,26,628.6419304749984,474.5220041905054,782.7618567594914,563.7077469756265,64.9341834993719,2,a5803f8a5d9d87202b43d709cb328cedaf18c446af448f705c33d553e8c2e9f7,5170ec511fb50cdf10d648416d508574d70e9781ddf156a1b2a86d2b385e94dc,100,1729,maximum_nontransitivity_hybrid_gain,2000.0,3000.0
kata1-b6c96-s4136960-d1510003-temp-0.7,28,596.6598686193423,449.6573346754749,743.6624025632098,563.7077469756265,32.95212164371583,2,a5803f8a5d9d87202b43d709cb328cedaf18c446af448f705c33d553e8c2e9f7,5170ec511fb50cdf10d648416d508574d70e9781ddf156a1b2a86d2b385e94dc,100,1729,maximum_nontransitivity_hybrid_gain,2000.0,3000.0
kata1-b6c96-s4136960-d1510003-temp-0.7,30,569.658989418934,428.08520666977034,711.2327721680977,563.7077469756265,5.951242443307478,2,a5803f8a5d9d87202b43d709cb328cedaf18c446af448f705c33d553e8c2e9f7,5170ec511fb50cdf10d648416d508574d70e9781ddf156a1b2a86d2b385e94dc,100,1729,maximum_nontransitivity_hybrid_gain,2000.0,3000.0
kata1-b6c96-s4136960-d1510003-temp-0.7,32,565.0610142756419,428.4288135271694,701.6932150241145,563.7077469756265,1.3532673000154318,2,a5803f8a5d9d87202b43d709cb328cedaf18c446af448f705c33d553e8c2e9f7,5170ec511fb50cdf10d648416d508574d70e9781ddf156a1b2a86d2b385e94dc,100,1729,maximum_nontransitivity_hybrid_gain,2000.0,3000.0
kata1-b6c96-s4136960-d1510003-temp-0.7,34,594.8980221275042,463.0781517631334,726.717892491875,563.7077469756265,31.1902751518777,2,a5803f8a5d9d87202b43d709cb328cedaf18c446af448f705c33d553e8c2e9f7,5170ec511fb50cdf10d648416d508574d70e9781ddf156a1b2a86d2b385e94dc,100,1729,maximum_nontransitivity_hybrid_gain,2000.0,3000.0
kata1-b6c96-s4136960-d1510003-temp-0.7,36,573.0445162484981,445.17869079277165,700.9103417042246,563.7077469756265,9.336769272871607,2,a5803f8a5d9d87202b43d709cb328cedaf18c446af448f705c33d553e8c2e9f7,5170ec511fb50cdf10d648416d508574d70e9781ddf156a1b2a86d2b385e94dc,100,1729,maximum_nontransitivity_hybrid_gain,2000.0,3000.0
kata1-b6c96-s4136960-d1510003-temp-0.7,38,598.8559514474099,474.9347576999379,722.7771451948819,563.7077469756265,35.1482044717834,2,a5803f8a5d9d87202b43d709cb328cedaf18c446af448f705c33d553e8c2e9f7,5170ec511fb50cdf10d648416d508574d70e9781ddf156a1b2a86d2b385e94dc,100,1729,maximum_nontransitivity_hybrid_gain,2000.0,3000.0
kata1-b6c96-s4136960-d1510003-temp-0.7,40,600.5297934182372,480.04681289248936,721.012773943985,563.7077469756265,36.82204644261071,2,a5803f8a5d9d87202b43d709cb328cedaf18c446af448f705c33d553e8c2e9f7,5170ec511fb50cdf10d648416d508574d70e9781ddf156a1b2a86d2b385e94dc,100,1729,maximum_nontransitivity_hybrid_gain,2000.0,3000.0
kata1-b6c96-s4136960-d1510003-temp-0.7,42,581.8685685146413,464.42002147815464,699.3171155511279,563.7077469756265,18.16082153901482,2,a5803f8a5d9d87202b43d709cb328cedaf18c446af448f705c33d553e8c2e9f7,5170ec511fb50cdf10d648416d508574d70e9781ddf156a1b2a86d2b385e94dc,100,1729,maximum_nontransitivity_hybrid_gain,2000.0,3000.0
kata1-b6c96-s4136960-d1510003-temp-0.7,44,603.3175676576705,488.91581226764123,717.7193230476996,563.7077469756265,39.60982068204396,2,a5803f8a5d9d87202b43d709cb328cedaf18c446af448f705c33d553e8c2e9f7,5170ec511fb50cdf10d648416d508574d70e9781ddf156a1b2a86d2b385e94dc,100,1729,maximum_nontransitivity_hybrid_gain,2000.0,3000.0
kata1-b6c96-s4136960-d1510003-temp-0.7,46,622.6855309491225,510.8802417334659,734.490820164779,563.7077469756265,58.977783973496,2,a5803f8a5d9d87202b43d709cb328cedaf18c446af448f705c33d553e8c2e9f7,5170ec511fb50cdf10d648416d508574d70e9781ddf156a1b2a86d2b385e94dc,100,1729,maximum_nontransitivity_hybrid_gain,2000.0,3000.0
kata1-b6c96-s4136960-d1510003-temp-0.7,48,605.5902973503532,496.4083485433938,714.7722461573127,563.7077469756265,41.88255037472675,2,a5803f8a5d9d87202b43d709cb328cedaf18c446af448f705c33d553e8c2e9f7,5170ec511fb50cdf10d648416d508574d70e9781ddf156a1b2a86d2b385e94dc,100,1729,maximum_nontransitivity_hybrid_gain,2000.0,3000.0
kata1-b6c96-s4136960-d1510003-temp-0.7,50,589.9881642530975,483.0675206906859,696.908807815509,563.7077469756265,26.280417277470974,2,a5803f8a5d9d87202b43d709cb328cedaf18c446af448f705c33d553e8c2e9f7,5170ec511fb50cdf10d648416d508574d70e9781ddf156a1b2a86d2b385e94dc,100,1729,maximum_nontransitivity_hybrid_gain,2000.0,3000.0
kata1-b6c96-s4136960-d1510003-temp-0.7,52,575.6430042038838,470.69463870433776,680.5913697034299,563.7077469756265,11.935257228257342,2,a5803f8a5d9d87202b43d709cb328cedaf18c446af448f705c33d553e8c2e9f7,5170ec511fb50cdf10d648416d508574d70e9781ddf156a1b2a86d2b385e94dc,100,1729,maximum_nontransitivity_hybrid_gain,2000.0,3000.0
kata1-b6c96-s4136960-d1510003-temp-0.7,54,572.830035919221,469.8808226103565,675.7792492280855,563.7077469756265,9.122288943594526,2,a5803f8a5d9d87202b43d709cb328cedaf18c446af448f705c33d553e8c2e9f7,5170ec511fb50cdf10d648416d508574d70e9781ddf156a1b2a86d2b385e94dc,100,1729,maximum_nontransitivity_hybrid_gain,2000.0,3000.0
kata1-b6c96-s4136960-d1510003-temp-0.7,56,570.2370009693747,469.17722178456177,671.2967801541876,563.7077469756265,6.529253993748171,2,a5803f8a5d9d87202b43d709cb328cedaf18c446af448f705c33d553e8c2e9f7,5170ec511fb50cdf10d648416d508574d70e9781ddf156a1b2a86d2b385e94dc,100,1729,maximum_nontransitivity_hybrid_gain,2000.0,3000.0
kata1-b6c96-s4136960-d1510003-temp-0.7,58,582.1389696676604,483.03355980555176,681.2443795297689,563.7077469756265,18.431222692033884,2,a5803f8a5d9d87202b43d709cb328cedaf18c446af448f705c33d553e8c2e9f7,5170ec511fb50cdf10d648416d508574d70e9781ddf156a1b2a86d2b385e94dc,100,1729,maximum_nontransitivity_hybrid_gain,2000.0,3000.0
kata1-b6c96-s4136960-d1510003-temp-0.7,60,593.1586537315445,495.78062986158346,690.5366776015055,563.7077469756265,29.450906755918027,2,a5803f8a5d9d87202b43d709cb328cedaf18c446af448f705c33d553e8c2e9f7,5170ec511fb50cdf10d648416d508574d70e9781ddf156a1b2a86d2b385e94dc,100,1729,maximum_nontransitivity_hybrid_gain,2000.0,3000.0
kata1-b6c96-s4136960-d1510003-temp-0.7,62,590.1413044327155,494.35595106690306,685.926657798528,563.7077469756265,26.433557457089023,2,a5803f8a5d9d87202b43d709cb328cedaf18c446af448f705c33d553e8c2e9f7,5170ec511fb50cdf10d648416d508574d70e9781ddf156a1b2a86d2b385e94dc,100,1729,maximum_nontransitivity_hybrid_gain,2000.0,3000.0
kata1-b6c96-s4136960-d1510003-temp-0.7,64,587.3266778781858,493.05678257351576,681.5965731828559,563.7077469756265,23.618930902559327,2,a5803f8a5d9d87202b43d709cb328cedaf18c446af448f705c33d553e8c2e9f7,5170ec511fb50cdf10d648416d508574d70e9781ddf156a1b2a86d2b385e94dc,100,1729,maximum_nontransitivity_hybrid_gain,2000.0,3000.0
kata1-b6c96-s4136960-d1510003-temp-0.7,66,584.6956484021472,491.8695607936687,677.5217360106257,563.7077469756265,20.987901426520693,2,a5803f8a5d9d87202b43d709cb328cedaf18c446af448f705c33d553e8c2e9f7,5170ec511fb50cdf10d648416d508574d70e9781ddf156a1b2a86d2b385e94dc,100,1729,maximum_nontransitivity_hybrid_gain,2000.0,3000.0
kata1-b6c96-s4136960-d1510003-temp-0.7,68,594.2558181172388,502.7650322424032,685.7466039920745,563.7077469756265,30.548071141612354,2,a5803f8a5d9d87202b43d709cb328cedaf18c446af448f705c33d553e8c2e9f7,5170ec511fb50cdf10d648416d508574d70e9781ddf156a1b2a86d2b385e94dc,100,1729,maximum_nontransitivity_hybrid_gain,2000.0,3000.0
kata1-b6c96-s4136960-d1510003-temp-0.7,70,591.5751791013132,501.40278212516836,681.747576077458,563.7077469756265,27.86743212568672,2,a5803f8a5d9d87202b43d709cb328cedaf18c446af448f705c33d553e8c2e9f7,5170ec511fb50cdf10d648416d508574d70e9781ddf156a1b2a86d2b385e94dc,100,1729,maximum_nontransitivity_hybrid_gain,2000.0,3000.0
kata1-b6c96-s4136960-d1510003-temp-0.7,72,600.37915707317,511.36645918586726,689.3918549604726,563.7077469756265,36.67141009754346,2,a5803f8a5d9d87202b43d709cb328cedaf18c446af448f705c33d553e8c2e9f7,5170ec511fb50cdf10d648416d508574d70e9781ddf156a1b2a86d2b385e94dc,100,1729,maximum_nontransitivity_hybrid_gain,2000.0,3000.0
kata1-b6c96-s4136960-d1510003-temp-0.7,74,597.6113377921691,509.81652468649014,685.4061508978481,563.7077469756265,33.903590816542646,2,a5803f8a5d9d87202b43d709cb328cedaf18c446af448f705c33d553e8c2e9f7,5170ec511fb50cdf10d648416d508574d70e9781ddf156a1b2a86d2b385e94dc,100,1729,maximum_nontransitivity_hybrid_gain,2000.0,3000.0
kata1-b6c96-s4136960-d1510003-temp-0.7,76,595.0602459046657,508.42758404625033,681.6929077630812,563.7077469756265,31.352498929039257,2,a5803f8a5d9d87202b43d709cb328cedaf18c446af448f705c33d553e8c2e9f7,5170ec511fb50cdf10d648416d508574d70e9781ddf156a1b2a86d2b385e94dc,100,1729,maximum_nontransitivity_hybrid_gain,2000.0,3000.0
kata1-b6c96-s4136960-d1510003-temp-0.7,78,587.419911710294,501.9508221337428,672.8890012868451,563.7077469756265,23.712164734667454,2,a5803f8a5d9d87202b43d709cb328cedaf18c446af448f705c33d553e8c2e9f7,5170ec511fb50cdf10d648416d508574d70e9781ddf156a1b2a86d2b385e94dc,100,1729,maximum_nontransitivity_hybrid_gain,2000.0,3000.0
kata1-b6c96-s4136960-d1510003-temp-0.7,80,585.2777849821828,500.87487447800163,669.6806954863639,563.7077469756265,21.570038006556274,2,a5803f8a5d9d87202b43d709cb328cedaf18c446af448f705c33d553e8c2e9f7,5170ec511fb50cdf10d648416d508574d70e9781ddf156a1b2a86d2b385e94dc,100,1729,maximum_nontransitivity_hybrid_gain,2000.0,3000.0
kata1-b6c96-s4136960-d1510003-temp-0.7,82,596.3661960540444,512.9341381561364,679.7982539519523,563.7077469756265,32.6584490784179,2,a5803f8a5d9d87202b43d709cb328cedaf18c446af448f705c33d553e8c2e9f7,5170ec511fb50cdf10d648416d508574d70e9781ddf156a1b2a86d2b385e94dc,100,1729,maximum_nontransitivity_hybrid_gain,2000.0,3000.0
kata1-b6c96-s4136960-d1510003-temp-0.7,84,587.4769354234419,505.14313627243337,669.8107345744504,563.7077469756265,23.769188447815395,2,a5803f8a5d9d87202b43d709cb328cedaf18c446af448f705c33d553e8c2e9f7,5170ec511fb50cdf10d648416d508574d70e9781ddf156a1b2a86d2b385e94dc,100,1729,maximum_nontransitivity_hybrid_gain,2000.0,3000.0
kata1-b6c96-s4136960-d1510003-temp-0.7,86,579.0410949145073,497.71604055322763,660.366149275787,563.7077469756265,15.33334793888082,2,a5803f8a5d9d87202b43d709cb328cedaf18c446af448f705c33d553e8c2e9f7,5170ec511fb50cdf10d648416d508574d70e9781ddf156a1b2a86d2b385e94dc,100,1729,maximum_nontransitivity_hybrid_gain,2000.0,3000.0
kata1-b6c96-s4136960-d1510003-temp-0.7,88,586.4428415463165,505.98718925749404,666.8984938351389,563.7077469756265,22.735094570689967,2,a5803f8a5d9d87202b43d709cb328cedaf18c446af448f705c33d553e8c2e9f7,5170ec511fb50cdf10d648416d508574d70e9781ddf156a1b2a86d2b385e94dc,100,1729,maximum_nontransitivity_hybrid_gain,2000.0,3000.0
kata1-b6c96-s4136960-d1510003-temp-0.7,90,575.5787078790763,496.0435676368673,655.1138481212853,563.7077469756265,11.870960903449827,2,a5803f8a5d9d87202b43d709cb328cedaf18c446af448f705c33d553e8c2e9f7,5170ec511fb50cdf10d648416d508574d70e9781ddf156a1b2a86d2b385e94dc,100,1729,maximum_nontransitivity_hybrid_gain,2000.0,3000.0
kata1-b6c96-s4136960-d1510003-temp-0.7,92,567.9810483281616,489.311904981983,646.6501916743401,563.7077469756265,4.2733013525351,2,a5803f8a5d9d87202b43d709cb328cedaf18c446af448f705c33d553e8c2e9f7,5170ec511fb50cdf10d648416d508574d70e9781ddf156a1b2a86d2b385e94dc,100,1729,maximum_nontransitivity_hybrid_gain,2000.0,3000.0
kata1-b6c96-s4136960-d1510003-temp-0.7,94,577.9663577521051,500.14958613776844,655.7831293664417,563.7077469756265,14.258610776478577,2,a5803f8a5d9d87202b43d709cb328cedaf18c446af448f705c33d553e8c2e9f7,5170ec511fb50cdf10d648416d508574d70e9781ddf156a1b2a86d2b385e94dc,100,1729,maximum_nontransitivity_hybrid_gain,2000.0,3000.0
kata1-b6c96-s4136960-d1510003-temp-0.7,96,579.0505584808387,502.05165747934177,656.0494594823357,563.7077469756265,15.34281150521224,2,a5803f8a5d9d87202b43d709cb328cedaf18c446af448f705c33d553e8c2e9f7,5170ec511fb50cdf10d648416d508574d70e9781ddf156a1b2a86d2b385e94dc,100,1729,maximum_nontransitivity_hybrid_gain,2000.0,3000.0
kata1-b6c96-s4136960-d1510003-temp-0.7,98,571.8733468823019,495.6560082904492,648.0906854741546,563.7077469756265,8.165599906675425,2,a5803f8a5d9d87202b43d709cb328cedaf18c446af448f705c33d553e8c2e9f7,5170ec511fb50cdf10d648416d508574d70e9781ddf156a1b2a86d2b385e94dc,100,1729,maximum_nontransitivity_hybrid_gain,2000.0,3000.0
kata1-b6c96-s4136960-d1510003-temp-0.7,100,570.4977209262322,495.0187485962316,645.9766932562328,563.7077469756265,6.789973950605713,2,a5803f8a5d9d87202b43d709cb328cedaf18c446af448f705c33d553e8c2e9f7,5170ec511fb50cdf10d648416d508574d70e9781ddf156a1b2a86d2b385e94dc,100,1729,maximum_nontransitivity_hybrid_gain,2000.0,3000.0
kata1-b6c96-s6127360-d1754797-temp-0.9,2,1161.8508788363115,-1283.5566522896484,3607.2584099622713,640.4095810886414,521.4412977476701,2,a5803f8a5d9d87202b43d709cb328cedaf18c446af448f705c33d553e8c2e9f7,5170ec511fb50cdf10d648416d508574d70e9781ddf156a1b2a86d2b385e94dc,100,1729,maximum_nontransitivity_hybrid_gain,2000.0,3000.0
kata1-b6c96-s6127360-d1754797-temp-0.9,4,411.4919025669111,-1450.4212173754927,2273.405022509315,640.4095810886414,-228.9176785217303,2,a5803f8a5d9d87202b43d709cb328cedaf18c446af448f705c33d553e8c2e9f7,5170ec511fb50cdf10d648416d508574d70e9781ddf156a1b2a86d2b385e94dc,100,1729,maximum_nontransitivity_hybrid_gain,2000.0,3000.0
kata1-b6c96-s6127360-d1754797-temp-0.9,6,809.9126047080655,286.5183537652455,1333.3068556508856,640.4095810886414,169.50302361942408,2,a5803f8a5d9d87202b43d709cb328cedaf18c446af448f705c33d553e8c2e9f7,5170ec511fb50cdf10d648416d508574d70e9781ddf156a1b2a86d2b385e94dc,100,1729,maximum_nontransitivity_hybrid_gain,2000.0,3000.0
kata1-b6c96-s6127360-d1754797-temp-0.9,8,737.4660165274394,293.2000523663466,1181.731980688532,640.4095810886414,97.05643543879796,2,a5803f8a5d9d87202b43d709cb328cedaf18c446af448f705c33d553e8c2e9f7,5170ec511fb50cdf10d648416d508574d70e9781ddf156a1b2a86d2b385e94dc,100,1729,maximum_nontransitivity_hybrid_gain,2000.0,3000.0
kata1-b6c96-s6127360-d1754797-temp-0.9,10,899.807903797666,566.7368860011898,1232.8789215941422,640.4095810886414,259.39832270902457,2,a5803f8a5d9d87202b43d709cb328cedaf18c446af448f705c33d553e8c2e9f7,5170ec511fb50cdf10d648416d508574d70e9781ddf156a1b2a86d2b385e94dc,100,1729,maximum_nontransitivity_hybrid_gain,2000.0,3000.0
kata1-b6c96-s6127360-d1754797-temp-0.9,12,773.6861609627392,464.35421275663674,1083.0181091688416,640.4095810886414,133.27657987409782,2,a5803f8a5d9d87202b43d709cb328cedaf18c446af448f705c33d553e8c2e9f7,5170ec511fb50cdf10d648416d508574d70e9781ddf156a1b2a86d2b385e94dc,100,1729,maximum_nontransitivity_hybrid_gain,2000.0,3000.0
kata1-b6c96-s6127360-d1754797-temp-0.9,14,698.0381558721153,411.01890774857657,985.0574039956541,640.4095810886414,57.62857478347394,2,a5803f8a5d9d87202b43d709cb328cedaf18c446af448f705c33d553e8c2e9f7,5170ec511fb50cdf10d648416d508574d70e9781ddf156a1b2a86d2b385e94dc,100,1729,maximum_nontransitivity_hybrid_gain,2000.0,3000.0
kata1-b6c96-s6127360-d1754797-temp-0.9,16,693.9216619114595,443.9694977178833,943.8738261050357,640.4095810886414,53.51208082281812,2,a5803f8a5d9d87202b43d709cb328cedaf18c446af448f705c33d553e8c2e9f7,5170ec511fb50cdf10d648416d508574d70e9781ddf156a1b2a86d2b385e94dc,100,1729,maximum_nontransitivity_hybrid_gain,2000.0,3000.0
kata1-b6c96-s6127360-d1754797-temp-0.9,18,763.5926271245223,547.2063805697614,979.9788736792832,640.4095810886414,123.18304603588092,2,a5803f8a5d9d87202b43d709cb328cedaf18c446af448f705c33d553e8c2e9f7,5170ec511fb50cdf10d648416d508574d70e9781ddf156a1b2a86d2b385e94dc,100,1729,maximum_nontransitivity_hybrid_gain,2000.0,3000.0
kata1-b6c96-s6127360-d1754797-temp-0.9,20,724.6978424251392,519.8374012739241,929.5582835763544,640.4095810886414,84.28826133649784,2,a5803f8a5d9d87202b43d709cb328cedaf18c446af448f705c33d553e8c2e9f7,5170ec511fb50cdf10d648416d508574d70e9781ddf156a1b2a86d2b385e94dc,100,1729,maximum_nontransitivity_hybrid_gain,2000.0,3000.0
kata1-b6c96-s6127360-d1754797-temp-0.9,22,693.8844893997166,497.337056332747,890.4319224666862,640.4095810886414,53.47490831107518,2,a5803f8a5d9d87202b43d709cb328cedaf18c446af448f705c33d553e8c2e9f7,5170ec511fb50cdf10d648416d508574d70e9781ddf156a1b2a86d2b385e94dc,100,1729,maximum_nontransitivity_hybrid_gain,2000.0,3000.0
kata1-b6c96-s6127360-d1754797-temp-0.9,24,668.4056253618261,478.15038018012,858.6608705435322,640.4095810886414,27.99604427318468,2,a5803f8a5d9d87202b43d709cb328cedaf18c446af448f705c33d553e8c2e9f7,5170ec511fb50cdf10d648416d508574d70e9781ddf156a1b2a86d2b385e94dc,100,1729,maximum_nontransitivity_hybrid_gain,2000.0,3000.0
kata1-b6c96-s6127360-d1754797-temp-0.9,26,646.692263539064,461.38016020733073,832.0043668707973,640.4095810886414,6.282682450422612,2,a5803f8a5d9d87202b43d709cb328cedaf18c446af448f705c33d553e8c2e9f7,5170ec511fb50cdf10d648416d508574d70e9781ddf156a1b2a86d2b385e94dc,100,1729,maximum_nontransitivity_hybrid_gain,2000.0,3000.0
kata1-b6c96-s6127360-d1754797-temp-0.9,28,627.7718629054126,446.4569944327537,809.0867313780716,640.4095810886414,-12.637718183228799,2,a5803f8a5d9d87202b43d709cb328cedaf18c446af448f705c33d553e8c2e9f7,5170ec511fb50cdf10d648416d508574d70e9781ddf156a1b2a86d2b385e94dc,100,1729,maximum_nontransitivity_hybrid_gain,2000.0,3000.0
kata1-b6c96-s6127360-d1754797-temp-0.9,30,611.002752992223,432.9950747706565,789.0104312137895,640.4095810886414,-29.406828096418394,2,a5803f8a5d9d87202b43d709cb328cedaf18c446af448f705c33d553e8c2e9f7,5170ec511fb50cdf10d648416d508574d70e9781ddf156a1b2a86d2b385e94dc,100,1729,maximum_nontransitivity_hybrid_gain,2000.0,3000.0
kata1-b6c96-s6127360-d1754797-temp-0.9,32,575.1836403067028,399.8173566324772,750.5499239809285,640.4095810886414,-65.22594078193856,2,a5803f8a5d9d87202b43d709cb328cedaf18c446af448f705c33d553e8c2e9f7,5170ec511fb50cdf10d648416d508574d70e9781ddf156a1b2a86d2b385e94dc,100,1729,maximum_nontransitivity_hybrid_gain,2000.0,3000.0
kata1-b6c96-s6127360-d1754797-temp-0.9,34,613.0076899927428,453.57486073581447,772.4405192496712,640.4095810886414,-27.401891095898577,2,a5803f8a5d9d87202b43d709cb328cedaf18c446af448f705c33d553e8c2e9f7,5170ec511fb50cdf10d648416d508574d70e9781ddf156a1b2a86d2b385e94dc,100,1729,maximum_nontransitivity_hybrid_gain,2000.0,3000.0
kata1-b6c96-s6127360-d1754797-temp-0.9,36,668.9323424302104,521.6891563736297,816.1755284867911,640.4095810886414,28.52276134156898,2,a5803f8a5d9d87202b43d709cb328cedaf18c446af448f705c33d553e8c2e9f7,5170ec511fb50cdf10d648416d508574d70e9781ddf156a1b2a86d2b385e94dc,100,1729,maximum_nontransitivity_hybrid_gain,2000.0,3000.0
kata1-b6c96-s6127360-d1754797-temp-0.9,38,655.6179352884733,510.82435727418107,800.4115133027656,640.4095810886414,15.208354199831888,2,a5803f8a5d9d87202b43d709cb328cedaf18c446af448f705c33d553e8c2e9f7,5170ec511fb50cdf10d648416d508574d70e9781ddf156a1b2a86d2b385e94dc,100,1729,maximum_nontransitivity_hybrid_gain,2000.0,3000.0
kata1-b6c96-s6127360-d1754797-temp-0.9,40,643.4218300055502,500.7590394152468,786.0846205958536,640.4095810886414,3.0122489169087885,2,a5803f8a5d9d87202b43d709cb328cedaf18c446af448f705c33d553e8c2e9f7,5170ec511fb50cdf10d648416d508574d70e9781ddf156a1b2a86d2b385e94dc,100,1729,maximum_nontransitivity_hybrid_gain,2000.0,3000.0
kata1-b6c96-s6127360-d1754797-temp-0.9,42,632.1681705927932,491.3782408307425,772.958100354844,640.4095810886414,-8.241410495848186,2,a5803f8a5d9d87202b43d709cb328cedaf18c446af448f705c33d553e8c2e9f7,5170ec511fb50cdf10d648416d508574d70e9781ddf156a1b2a86d2b385e94dc,100,1729,maximum_nontransitivity_hybrid_gain,2000.0,3000.0
kata1-b6c96-s6127360-d1754797-temp-0.9,44,621.7194389290097,482.5904641888686,760.8484136691508,640.4095810886414,-18.690142159631705,2,a5803f8a5d9d87202b43d709cb328cedaf18c446af448f705c33d553e8c2e9f7,5170ec511fb50cdf10d648416d508574d70e9781ddf156a1b2a86d2b385e94dc,100,1729,maximum_nontransitivity_hybrid_gain,2000.0,3000.0
kata1-b6c96-s6127360-d1754797-temp-0.9,46,638.9467464929066,506.9773347596881,770.9161582261252,640.4095810886414,-1.462834595734762,2,a5803f8a5d9d87202b43d709cb328cedaf18c446af448f705c33d553e8c2e9f7,5170ec511fb50cdf10d648416d508574d70e9781ddf156a1b2a86d2b385e94dc,100,1729,maximum_nontransitivity_hybrid_gain,2000.0,3000.0
kata1-b6c96-s6127360-d1754797-temp-0.9,48,629.4869736845454,498.96258643366536,760.0113609354255,640.4095810886414,-10.92260740409597,2,a5803f8a5d9d87202b43d709cb328cedaf18c446af448f705c33d553e8c2e9f7,5170ec511fb50cdf10d648416d508574d70e9781ddf156a1b2a86d2b385e94dc,100,1729,maximum_nontransitivity_hybrid_gain,2000.0,3000.0
kata1-b6c96-s6127360-d1754797-temp-0.9,50,644.5124369946998,518.5364236783568,770.4884503110428,640.4095810886414,4.10285590605838,2,a5803f8a5d9d87202b43d709cb328cedaf18c446af448f705c33d553e8c2e9f7,5170ec511fb50cdf10d648416d508574d70e9781ddf156a1b2a86d2b385e94dc,100,1729,maximum_nontransitivity_hybrid_gain,2000.0,3000.0
kata1-b6c96-s6127360-d1754797-temp-0.9,52,635.6770300887429,510.94125165905683,760.4128085184288,640.4095810886414,-4.732550999898535,2,a5803f8a5d9d87202b43d709cb328cedaf18c446af448f705c33d553e8c2e9f7,5170ec511fb50cdf10d648416d508574d70e9781ddf156a1b2a86d2b385e94dc,100,1729,maximum_nontransitivity_hybrid_gain,2000.0,3000.0
kata1-b6c96-s6127360-d1754797-temp-0.9,54,627.3385375604433,503.7308007856508,750.9462743352359,640.4095810886414,-13.07104352819806,2,a5803f8a5d9d87202b43d709cb328cedaf18c446af448f705c33d553e8c2e9f7,5170ec511fb50cdf10d648416d508574d70e9781ddf156a1b2a86d2b385e94dc,100,1729,maximum_nontransitivity_hybrid_gain,2000.0,3000.0
kata1-b6c96-s6127360-d1754797-temp-0.9,56,640.871679682252,521.2308719251848,760.5124874393191,640.4095810886414,0.4620985936105626,2,a5803f8a5d9d87202b43d709cb328cedaf18c446af448f705c33d553e8c2e9f7,5170ec511fb50cdf10d648416d508574d70e9781ddf156a1b2a86d2b385e94dc,100,1729,maximum_nontransitivity_hybrid_gain,2000.0,3000.0
kata1-b6c96-s6127360-d1754797-temp-0.9,58,633.0246909061053,514.3705072130276,751.678874599183,640.4095810886414,-7.384890182536083,2,a5803f8a5d9d87202b43d709cb328cedaf18c446af448f705c33d553e8c2e9f7,5170ec511fb50cdf10d648416d508574d70e9781ddf156a1b2a86d2b385e94dc,100,1729,maximum_nontransitivity_hybrid_gain,2000.0,3000.0
kata1-b6c96-s6127360-d1754797-temp-0.9,60,625.5661977583073,507.8196644791157,743.3127310374989,640.4095810886414,-14.843383330334063,2,a5803f8a5d9d87202b43d709cb328cedaf18c446af448f705c33d553e8c2e9f7,5170ec511fb50cdf10d648416d508574d70e9781ddf156a1b2a86d2b385e94dc,100,1729,maximum_nontransitivity_hybrid_gain,2000.0,3000.0
kata1-b6c96-s6127360-d1754797-temp-0.9,62,628.4308425061871,513.9911928648702,742.870492147504,640.4095810886414,-11.978738582454298,2,a5803f8a5d9d87202b43d709cb328cedaf18c446af448f705c33d553e8c2e9f7,5170ec511fb50cdf10d648416d508574d70e9781ddf156a1b2a86d2b385e94dc,100,1729,maximum_nontransitivity_hybrid_gain,2000.0,3000.0
kata1-b6c96-s6127360-d1754797-temp-0.9,64,621.636216867159,508.00825266591016,735.2641810684078,640.4095810886414,-18.77336422148244,2,a5803f8a5d9d87202b43d709cb328cedaf18c446af448f705c33d553e8c2e9f7,5170ec511fb50cdf10d648416d508574d70e9781ddf156a1b2a86d2b385e94dc,100,1729,maximum_nontransitivity_hybrid_gain,2000.0,3000.0
kata1-b6c96-s6127360-d1754797-temp-0.9,66,624.493217243537,513.847018968097,735.1394155189769,640.4095810886414,-15.916363845104456,2,a5803f8a5d9d87202b43d709cb328cedaf18c446af448f705c33d553e8c2e9f7,5170ec511fb50cdf10d648416d508574d70e9781ddf156a1b2a86d2b385e94dc,100,1729,maximum_nontransitivity_hybrid_gain,2000.0,3000.0
kata1-b6c96-s6127360-d1754797-temp-0.9,68,618.2569735508494,508.34113111385375,728.172815987845,640.4095810886414,-22.15260753779205,2,a5803f8a5d9d87202b43d709cb328cedaf18c446af448f705c33d553e8c2e9f7,5170ec511fb50cdf10d648416d508574d70e9781ddf156a1b2a86d2b385e94dc,100,1729,maximum_nontransitivity_hybrid_gain,2000.0,3000.0
kata1-b6c96-s6127360-d1754797-temp-0.9,70,621.0819396365226,513.8709409939909,728.2929382790544,640.4095810886414,-19.32764145211877,2,a5803f8a5d9d87202b43d709cb328cedaf18c446af448f705c33d553e8c2e9f7,5170ec511fb50cdf10d648416d508574d70e9781ddf156a1b2a86d2b385e94dc,100,1729,maximum_nontransitivity_hybrid_gain,2000.0,3000.0
kata1-b6c96-s6127360-d1754797-temp-0.9,72,615.3214005888655,508.77137903115124,721.8714221465797,640.4095810886414,-25.088180499775945,2,a5803f8a5d9d87202b43d709cb328cedaf18c446af448f705c33d553e8c2e9f7,5170ec511fb50cdf10d648416d508574d70e9781ddf156a1b2a86d2b385e94dc,100,1729,maximum_nontransitivity_hybrid_gain,2000.0,3000.0
kata1-b6c96-s6127360-d1754797-temp-0.9,74,609.7780609256354,503.84710873355834,715.7090131177124,640.4095810886414,-30.63152016300603,2,a5803f8a5d9d87202b43d709cb328cedaf18c446af448f705c33d553e8c2e9f7,5170ec511fb50cdf10d648416d508574d70e9781ddf156a1b2a86d2b385e94dc,100,1729,maximum_nontransitivity_hybrid_gain,2000.0,3000.0
kata1-b6c96-s6127360-d1754797-temp-0.9,76,596.754552213494,491.361347887683,702.147756539305,640.4095810886414,-43.65502887514742,2,a5803f8a5d9d87202b43d709cb328cedaf18c446af448f705c33d553e8c2e9f7,5170ec511fb50cdf10d648416d508574d70e9781ddf156a1b2a86d2b385e94dc,100,1729,maximum_nontransitivity_hybrid_gain,2000.0,3000.0
kata1-b6c96-s6127360-d1754797-temp-0.9,78,610.7194580636556,509.0266138921793,712.4123022351318,640.4095810886414,-29.690123024985837,2,a5803f8a5d9d87202b43d709cb328cedaf18c446af448f705c33d553e8c2e9f7,5170ec511fb50cdf10d648416d508574d70e9781ddf156a1b2a86d2b385e94dc,100,1729,maximum_nontransitivity_hybrid_gain,2000.0,3000.0
kata1-b6c96-s6127360-d1754797-temp-0.9,80,620.3643159645216,520.8252154488799,719.9034164801632,640.4095810886414,-20.04526512411985,2,a5803f8a5d9d87202b43d709cb328cedaf18c446af448f705c33d553e8c2e9f7,5170ec511fb50cdf10d648416d508574d70e9781ddf156a1b2a86d2b385e94dc,100,1729,maximum_nontransitivity_hybrid_gain,2000.0,3000.0
kata1-b6c96-s6127360-d1754797-temp-0.9,82,629.3386667433126,531.8094009679633,726.867932518662,640.4095810886414,-11.070914345328788,2,a5803f8a5d9d87202b43d709cb328cedaf18c446af448f705c33d553e8c2e9f7,5170ec511fb50cdf10d648416d508574d70e9781ddf156a1b2a86d2b385e94dc,100,1729,maximum_nontransitivity_hybrid_gain,2000.0,3000.0
kata1-b6c96-s6127360-d1754797-temp-0.9,84,624.4130775489743,527.4140546690811,721.4121004288676,640.4095810886414,-15.99650353966706,2,a5803f8a5d9d87202b43d709cb328cedaf18c446af448f705c33d553e8c2e9f7,5170ec511fb50cdf10d648416d508574d70e9781ddf156a1b2a86d2b385e94dc,100,1729,maximum_nontransitivity_hybrid_gain,2000.0,3000.0
kata1-b6c96-s6127360-d1754797-temp-0.9,86,619.6484332428657,523.1505866236035,716.1462798621279,640.4095810886414,-20.761147845775668,2,a5803f8a5d9d87202b43d709cb328cedaf18c446af448f705c33d553e8c2e9f7,5170ec511fb50cdf10d648416d508574d70e9781ddf156a1b2a86d2b385e94dc,100,1729,maximum_nontransitivity_hybrid_gain,2000.0,3000.0
kata1-b6c96-s6127360-d1754797-temp-0.9,88,617.5301380155446,522.4493095953933,712.6109664356959,640.4095810886414,-22.87944307309681,2,a5803f8a5d9d87202b43d709cb328cedaf18c446af448f705c33d553e8c2e9f7,5170ec511fb50cdf10d648416d508574d70e9781ddf156a1b2a86d2b385e94dc,100,1729,maximum_nontransitivity_hybrid_gain,2000.0,3000.0
kata1-b6c96-s6127360-d1754797-temp-0.9,90,615.5443344276533,521.83261218804,709.2560566672666,640.4095810886414,-24.865246660988078,2,a5803f8a5d9d87202b43d709cb328cedaf18c446af448f705c33d553e8c2e9f7,5170ec511fb50cdf10d648416d508574d70e9781ddf156a1b2a86d2b385e94dc,100,1729,maximum_nontransitivity_hybrid_gain,2000.0,3000.0
kata1-b6c96-s6127360-d1754797-temp-0.9,92,626.0491020834863,534.7115171241198,717.3866870428528,640.4095810886414,-14.36047900515507,2,a5803f8a5d9d87202b43d709cb328cedaf18c446af448f705c33d553e8c2e9f7,5170ec511fb50cdf10d648416d508574d70e9781ddf156a1b2a86d2b385e94dc,100,1729,maximum_nontransitivity_hybrid_gain,2000.0,3000.0
kata1-b6c96-s6127360-d1754797-temp-0.9,94,621.8088692374138,530.9386854561833,712.6790530186443,640.4095810886414,-18.60071185122763,2,a5803f8a5d9d87202b43d709cb328cedaf18c446af448f705c33d553e8c2e9f7,5170ec511fb50cdf10d648416d508574d70e9781ddf156a1b2a86d2b385e94dc,100,1729,maximum_nontransitivity_hybrid_gain,2000.0,3000.0
kata1-b6c96-s6127360-d1754797-temp-0.9,96,617.6929058407464,527.26718056109,708.1186311204029,640.4095810886414,-22.716675247894955,2,a5803f8a5d9d87202b43d709cb328cedaf18c446af448f705c33d553e8c2e9f7,5170ec511fb50cdf10d648416d508574d70e9781ddf156a1b2a86d2b385e94dc,100,1729,maximum_nontransitivity_hybrid_gain,2000.0,3000.0
kata1-b6c96-s6127360-d1754797-temp-0.9,98,613.6938788522176,523.691400545197,703.6963571592382,640.4095810886414,-26.715702236423795,2,a5803f8a5d9d87202b43d709cb328cedaf18c446af448f705c33d553e8c2e9f7,5170ec511fb50cdf10d648416d508574d70e9781ddf156a1b2a86d2b385e94dc,100,1729,maximum_nontransitivity_hybrid_gain,2000.0,3000.0
kata1-b6c96-s6127360-d1754797-temp-0.9,100,609.8050902244798,520.2062033222498,699.4039771267098,640.4095810886414,-30.604490864161562,2,a5803f8a5d9d87202b43d709cb328cedaf18c446af448f705c33d553e8c2e9f7,5170ec511fb50cdf10d648416d508574d70e9781ddf156a1b2a86d2b385e94dc,100,1729,maximum_nontransitivity_hybrid_gain,2000.0,3000.0
kata1-b6c96-s4136960-d1510003-temp-0.5,2,1157.806807115204,-1282.7878390423286,3598.401453272737,731.184037384491,426.622769730713,2,a5803f8a5d9d87202b43d709cb328cedaf18c446af448f705c33d553e8c2e9f7,5170ec511fb50cdf10d648416d508574d70e9781ddf156a1b2a86d2b385e94dc,100,1729,maximum_nontransitivity_hybrid_gain,2000.0,3000.0
kata1-b6c96-s4136960-d1510003-temp-0.5,4,407.4707878019053,-1452.3955450009387,2267.3371206047495,731.184037384491,-323.7132495825857,2,a5803f8a5d9d87202b43d709cb328cedaf18c446af448f705c33d553e8c2e9f7,5170ec511fb50cdf10d648416d508574d70e9781ddf156a1b2a86d2b385e94dc,100,1729,maximum_nontransitivity_hybrid_gain,2000.0,3000.0
kata1-b6c96-s4136960-d1510003-temp-0.5,6,441.22495805542354,-42.97214958698572,925.4220656978327,731.184037384491,-289.9590793290675,2,a5803f8a5d9d87202b43d709cb328cedaf18c446af448f705c33d553e8c2e9f7,5170ec511fb50cdf10d648416d508574d70e9781ddf156a1b2a86d2b385e94dc,100,1729,maximum_nontransitivity_hybrid_gain,2000.0,3000.0
kata1-b6c96-s4136960-d1510003-temp-0.5,8,442.5283627185248,92.9268619768863,792.1298634601633,731.184037384491,-288.6556746659662,2,a5803f8a5d9d87202b43d709cb328cedaf18c446af448f705c33d553e8c2e9f7,5170ec511fb50cdf10d648416d508574d70e9781ddf156a1b2a86d2b385e94dc,100,1729,maximum_nontransitivity_hybrid_gain,2000.0,3000.0
kata1-b6c96-s4136960-d1510003-temp-0.5,10,568.3549015118192,271.76098858480844,864.9488144388299,731.184037384491,-162.82913587267183,2,a5803f8a5d9d87202b43d709cb328cedaf18c446af448f705c33d553e8c2e9f7,5170ec511fb50cdf10d648416d508574d70e9781ddf156a1b2a86d2b385e94dc,100,1729,maximum_nontransitivity_hybrid_gain,2000.0,3000.0
kata1-b6c96-s4136960-d1510003-temp-0.5,12,670.6084290341701,397.1686152424718,944.0482428258683,731.184037384491,-60.57560835032098,2,a5803f8a5d9d87202b43d709cb328cedaf18c446af448f705c33d553e8c2e9f7,5170ec511fb50cdf10d648416d508574d70e9781ddf156a1b2a86d2b385e94dc,100,1729,maximum_nontransitivity_hybrid_gain,2000.0,3000.0
kata1-b6c96-s4136960-d1510003-temp-0.5,14,737.7991590200238,479.6053661828355,995.9929518572121,731.184037384491,6.615121635532773,2,a5803f8a5d9d87202b43d709cb328cedaf18c446af448f705c33d553e8c2e9f7,5170ec511fb50cdf10d648416d508574d70e9781ddf156a1b2a86d2b385e94dc,100,1729,maximum_nontransitivity_hybrid_gain,2000.0,3000.0
kata1-b6c96-s4136960-d1510003-temp-0.5,16,786.4190006911246,539.1080826683425,1033.7299187139067,731.184037384491,55.23496330663352,2,a5803f8a5d9d87202b43d709cb328cedaf18c446af448f705c33d553e8c2e9f7,5170ec511fb50cdf10d648416d508574d70e9781ddf156a1b2a86d2b385e94dc,100,1729,maximum_nontransitivity_hybrid_gain,2000.0,3000.0
kata1-b6c96-s4136960-d1510003-temp-0.5,18,809.0607917196326,568.1903520962151,1049.93123134305,731.184037384491,77.87675433514153,2,a5803f8a5d9d87202b43d709cb328cedaf18c446af448f705c33d553e8c2e9f7,5170ec511fb50cdf10d648416d508574d70e9781ddf156a1b2a86d2b385e94dc,100,1729,maximum_nontransitivity_hybrid_gain,2000.0,3000.0
kata1-b6c96-s4136960-d1510003-temp-0.5,20,841.8745229429203,607.5743744603396,1076.174671425501,731.184037384491,110.69048555842926,2,a5803f8a5d9d87202b43d709cb328cedaf18c446af448f705c33d553e8c2e9f7,5170ec511fb50cdf10d648416d508574d70e9781ddf156a1b2a86d2b385e94dc,100,1729,maximum_nontransitivity_hybrid_gain,2000.0,3000.0
kata1-b6c96-s4136960-d1510003-temp-0.5,22,843.274495673612,630.759116008567,1055.7898753386569,731.184037384491,112.09045828912099,2,a5803f8a5d9d87202b43d709cb328cedaf18c446af448f705c33d553e8c2e9f7,5170ec511fb50cdf10d648416d508574d70e9781ddf156a1b2a86d2b385e94dc,100,1729,maximum_nontransitivity_hybrid_gain,2000.0,3000.0
kata1-b6c96-s4136960-d1510003-temp-0.5,24,844.2545198496445,648.4225229586029,1040.086516740686,731.184037384491,113.07048246515342,2,a5803f8a5d9d87202b43d709cb328cedaf18c446af448f705c33d553e8c2e9f7,5170ec511fb50cdf10d648416d508574d70e9781ddf156a1b2a86d2b385e94dc,100,1729,maximum_nontransitivity_hybrid_gain,2000.0,3000.0
kata1-b6c96-s4136960-d1510003-temp-0.5,26,844.9801378092156,662.4277553542105,1027.5325202642207,731.184037384491,113.79610042472461,2,a5803f8a5d9d87202b43d709cb328cedaf18c446af448f705c33d553e8c2e9f7,5170ec511fb50cdf10d648416d508574d70e9781ddf156a1b2a86d2b385e94dc,100,1729,maximum_nontransitivity_hybrid_gain,2000.0,3000.0
kata1-b6c96-s4136960-d1510003-temp-0.5,28,845.5402558006418,673.8708080653266,1017.209703535957,731.184037384491,114.3562184161508,2,a5803f8a5d9d87202b43d709cb328cedaf18c446af448f705c33d553e8c2e9f7,5170ec511fb50cdf10d648416d508574d70e9781ddf156a1b2a86d2b385e94dc,100,1729,maximum_nontransitivity_hybrid_gain,2000.0,3000.0
kata1-b6c96-s4136960-d1510003-temp-0.5,30,845.9350582633699,683.3923137890304,1008.4778027377095,731.184037384491,114.75102087887888,2,a5803f8a5d9d87202b43d709cb328cedaf18c446af448f705c33d553e8c2e9f7,5170ec511fb50cdf10d648416d508574d70e9781ddf156a1b2a86d2b385e94dc,100,1729,maximum_nontransitivity_hybrid_gain,2000.0,3000.0
kata1-b6c96-s4136960-d1510003-temp-0.5,32,811.6931910858038,659.73329166145,963.6530905101577,731.184037384491,80.50915370131281,2,a5803f8a5d9d87202b43d709cb328cedaf18c446af448f705c33d553e8c2e9f7,5170ec511fb50cdf10d648416d508574d70e9781ddf156a1b2a86d2b385e94dc,100,1729,maximum_nontransitivity_hybrid_gain,2000.0,3000.0
kata1-b6c96-s4136960-d1510003-temp-0.5,34,825.2160967913921,676.602206666012,973.8299869167723,731.184037384491,94.03205940690111,2,a5803f8a5d9d87202b43d709cb328cedaf18c446af448f705c33d553e8c2e9f7,5170ec511fb50cdf10d648416d508574d70e9781ddf156a1b2a86d2b385e94dc,100,1729,maximum_nontransitivity_hybrid_gain,2000.0,3000.0
kata1-b6c96-s4136960-d1510003-temp-0.5,36,837.448008056631,691.6855860912755,983.2104300219866,731.184037384491,106.26397067213998,2,a5803f8a5d9d87202b43d709cb328cedaf18c446af448f705c33d553e8c2e9f7,5170ec511fb50cdf10d648416d508574d70e9781ddf156a1b2a86d2b385e94dc,100,1729,maximum_nontransitivity_hybrid_gain,2000.0,3000.0
kata1-b6c96-s4136960-d1510003-temp-0.5,38,848.6203027616306,705.3229745306152,991.917630992646,731.184037384491,117.43626537713953,2,a5803f8a5d9d87202b43d709cb328cedaf18c446af448f705c33d553e8c2e9f7,5170ec511fb50cdf10d648416d508574d70e9781ddf156a1b2a86d2b385e94dc,100,1729,maximum_nontransitivity_hybrid_gain,2000.0,3000.0
kata1-b6c96-s4136960-d1510003-temp-0.5,40,830.2728272943035,692.2664827852296,968.2791718033774,731.184037384491,99.08878990981248,2,a5803f8a5d9d87202b43d709cb328cedaf18c446af448f705c33d553e8c2e9f7,5170ec511fb50cdf10d648416d508574d70e9781ddf156a1b2a86d2b385e94dc,100,1729,maximum_nontransitivity_hybrid_gain,2000.0,3000.0
kata1-b6c96-s4136960-d1510003-temp-0.5,42,814.0498273243559,680.8335965373633,947.2660581113485,731.184037384491,82.86578993986484,2,a5803f8a5d9d87202b43d709cb328cedaf18c446af448f705c33d553e8c2e9f7,5170ec511fb50cdf10d648416d508574d70e9781ddf156a1b2a86d2b385e94dc,100,1729,maximum_nontransitivity_hybrid_gain,2000.0,3000.0
kata1-b6c96-s4136960-d1510003-temp-0.5,44,824.428294602229,693.1449375210616,955.7116516833964,731.184037384491,93.24425721773798,2,a5803f8a5d9d87202b43d709cb328cedaf18c446af448f705c33d553e8c2e9f7,5170ec511fb50cdf10d648416d508574d70e9781ddf156a1b2a86d2b385e94dc,100,1729,maximum_nontransitivity_hybrid_gain,2000.0,3000.0
kata1-b6c96-s4136960-d1510003-temp-0.5,46,834.0715822737592,704.5093061158077,963.6338584317107,731.184037384491,102.88754488926816,2,a5803f8a5d9d87202b43d709cb328cedaf18c446af448f705c33d553e8c2e9f7,5170ec511fb50cdf10d648416d508574d70e9781ddf156a1b2a86d2b385e94dc,100,1729,maximum_nontransitivity_hybrid_gain,2000.0,3000.0
kata1-b6c96-s4136960-d1510003-temp-0.5,48,843.0787738104659,715.0605621142032,971.0969855067286,731.184037384491,111.89473642597488,2,a5803f8a5d9d87202b43d709cb328cedaf18c446af448f705c33d553e8c2e9f7,5170ec511fb50cdf10d648416d508574d70e9781ddf156a1b2a86d2b385e94dc,100,1729,maximum_nontransitivity_hybrid_gain,2000.0,3000.0
kata1-b6c96-s4136960-d1510003-temp-0.5,50,806.4989006767397,684.8811285873105,928.1166727661689,731.184037384491,75.31486329224867,2,a5803f8a5d9d87202b43d709cb328cedaf18c446af448f705c33d553e8c2e9f7,5170ec511fb50cdf10d648416d508574d70e9781ddf156a1b2a86d2b385e94dc,100,1729,maximum_nontransitivity_hybrid_gain,2000.0,3000.0
kata1-b6c96-s4136960-d1510003-temp-0.5,52,815.4556828742634,695.2330525645946,935.6783131839322,731.184037384491,84.27164548977237,2,a5803f8a5d9d87202b43d709cb328cedaf18c446af448f705c33d553e8c2e9f7,5170ec511fb50cdf10d648416d508574d70e9781ddf156a1b2a86d2b385e94dc,100,1729,maximum_nontransitivity_hybrid_gain,2000.0,3000.0
kata1-b6c96-s4136960-d1510003-temp-0.5,54,823.8793920514519,704.9238889709628,942.8348951319409,731.184037384491,92.69535466696084,2,a5803f8a5d9d87202b43d709cb328cedaf18c446af448f705c33d553e8c2e9f7,5170ec511fb50cdf10d648416d508574d70e9781ddf156a1b2a86d2b385e94dc,100,1729,maximum_nontransitivity_hybrid_gain,2000.0,3000.0
kata1-b6c96-s4136960-d1510003-temp-0.5,56,811.9293928348596,696.3119282355378,927.5468574341814,731.184037384491,80.7453554503686,2,a5803f8a5d9d87202b43d709cb328cedaf18c446af448f705c33d553e8c2e9f7,5170ec511fb50cdf10d648416d508574d70e9781ddf156a1b2a86d2b385e94dc,100,1729,maximum_nontransitivity_hybrid_gain,2000.0,3000.0
kata1-b6c96-s4136960-d1510003-temp-0.5,58,801.096144010988,688.539487202464,913.6528008195121,731.184037384491,69.912106626497,2,a5803f8a5d9d87202b43d709cb328cedaf18c446af448f705c33d553e8c2e9f7,5170ec511fb50cdf10d648416d508574d70e9781ddf156a1b2a86d2b385e94dc,100,1729,maximum_nontransitivity_hybrid_gain,2000.0,3000.0
kata1-b6c96-s4136960-d1510003-temp-0.5,60,796.0470721521366,686.4294169991023,905.6647273051709,731.184037384491,64.86303476764556,2,a5803f8a5d9d87202b43d709cb328cedaf18c446af448f705c33d553e8c2e9f7,5170ec511fb50cdf10d648416d508574d70e9781ddf156a1b2a86d2b385e94dc,100,1729,maximum_nontransitivity_hybrid_gain,2000.0,3000.0
kata1-b6c96-s4136960-d1510003-temp-0.5,62,791.4695376814543,684.5466085647745,898.3924667981341,731.184037384491,60.28550029696328,2,a5803f8a5d9d87202b43d709cb328cedaf18c446af448f705c33d553e8c2e9f7,5170ec511fb50cdf10d648416d508574d70e9781ddf156a1b2a86d2b385e94dc,100,1729,maximum_nontransitivity_hybrid_gain,2000.0,3000.0
kata1-b6c96-s4136960-d1510003-temp-0.5,64,803.3996480965865,697.560062345222,909.2392338479509,731.184037384491,72.21561071209544,2,a5803f8a5d9d87202b43d709cb328cedaf18c446af448f705c33d553e8c2e9f7,5170ec511fb50cdf10d648416d508574d70e9781ddf156a1b2a86d2b385e94dc,100,1729,maximum_nontransitivity_hybrid_gain,2000.0,3000.0
kata1-b6c96-s4136960-d1510003-temp-0.5,66,789.8822876750593,687.2935621184599,892.4710132316586,731.184037384491,58.69825029056824,2,a5803f8a5d9d87202b43d709cb328cedaf18c446af448f705c33d553e8c2e9f7,5170ec511fb50cdf10d648416d508574d70e9781ddf156a1b2a86d2b385e94dc,100,1729,maximum_nontransitivity_hybrid_gain,2000.0,3000.0
kata1-b6c96-s4136960-d1510003-temp-0.5,68,796.7250094223803,695.0297499935739,898.4202688511866,731.184037384491,65.54097203788922,2,a5803f8a5d9d87202b43d709cb328cedaf18c446af448f705c33d553e8c2e9f7,5170ec511fb50cdf10d648416d508574d70e9781ddf156a1b2a86d2b385e94dc,100,1729,maximum_nontransitivity_hybrid_gain,2000.0,3000.0
kata1-b6c96-s4136960-d1510003-temp-0.5,70,803.2558536937503,702.3898351025822,904.1218722849184,731.184037384491,72.07181630925925,2,a5803f8a5d9d87202b43d709cb328cedaf18c446af448f705c33d553e8c2e9f7,5170ec511fb50cdf10d648416d508574d70e9781ddf156a1b2a86d2b385e94dc,100,1729,maximum_nontransitivity_hybrid_gain,2000.0,3000.0
kata1-b6c96-s4136960-d1510003-temp-0.5,72,795.2072829207758,696.3408371265546,894.0737287149971,731.184037384491,64.02324553628478,2,a5803f8a5d9d87202b43d709cb328cedaf18c446af448f705c33d553e8c2e9f7,5170ec511fb50cdf10d648416d508574d70e9781ddf156a1b2a86d2b385e94dc,100,1729,maximum_nontransitivity_hybrid_gain,2000.0,3000.0
kata1-b6c96-s4136960-d1510003-temp-0.5,74,801.414971338213,703.29564851033,899.5342941660961,731.184037384491,70.230933953722,2,a5803f8a5d9d87202b43d709cb328cedaf18c446af448f705c33d553e8c2e9f7,5170ec511fb50cdf10d648416d508574d70e9781ddf156a1b2a86d2b385e94dc,100,1729,maximum_nontransitivity_hybrid_gain,2000.0,3000.0
kata1-b6c96-s4136960-d1510003-temp-0.5,76,793.7879102384725,697.5254329478744,890.0503875290706,731.184037384491,62.60387285398144,2,a5803f8a5d9d87202b43d709cb328cedaf18c446af448f705c33d553e8c2e9f7,5170ec511fb50cdf10d648416d508574d70e9781ddf156a1b2a86d2b385e94dc,100,1729,maximum_nontransitivity_hybrid_gain,2000.0,3000.0
kata1-b6c96-s4136960-d1510003-temp-0.5,78,799.7016081121623,704.1161034546539,895.2871127696707,731.184037384491,68.51757072767123,2,a5803f8a5d9d87202b43d709cb328cedaf18c446af448f705c33d553e8c2e9f7,5170ec511fb50cdf10d648416d508574d70e9781ddf156a1b2a86d2b385e94dc,100,1729,maximum_nontransitivity_hybrid_gain,2000.0,3000.0
kata1-b6c96-s4136960-d1510003-temp-0.5,80,792.5713292035833,698.7105603811557,886.432098026011,731.184037384491,61.3872918190923,2,a5803f8a5d9d87202b43d709cb328cedaf18c446af448f705c33d553e8c2e9f7,5170ec511fb50cdf10d648416d508574d70e9781ddf156a1b2a86d2b385e94dc,100,1729,maximum_nontransitivity_hybrid_gain,2000.0,3000.0
kata1-b6c96-s4136960-d1510003-temp-0.5,82,794.4249111102536,701.9100715835617,886.9397506369454,731.184037384491,63.240873725762526,2,a5803f8a5d9d87202b43d709cb328cedaf18c446af448f705c33d553e8c2e9f7,5170ec511fb50cdf10d648416d508574d70e9781ddf156a1b2a86d2b385e94dc,100,1729,maximum_nontransitivity_hybrid_gain,2000.0,3000.0
kata1-b6c96-s4136960-d1510003-temp-0.5,84,796.1629476092963,704.9446720764274,887.3812231421653,731.184037384491,64.9789102248053,2,a5803f8a5d9d87202b43d709cb328cedaf18c446af448f705c33d553e8c2e9f7,5170ec511fb50cdf10d648416d508574d70e9781ddf156a1b2a86d2b385e94dc,100,1729,maximum_nontransitivity_hybrid_gain,2000.0,3000.0
kata1-b6c96-s4136960-d1510003-temp-0.5,86,786.296549994987,697.0913375764922,875.5017624134819,731.184037384491,55.11251261049597,2,a5803f8a5d9d87202b43d709cb328cedaf18c446af448f705c33d553e8c2e9f7,5170ec511fb50cdf10d648416d508574d70e9781ddf156a1b2a86d2b385e94dc,100,1729,maximum_nontransitivity_hybrid_gain,2000.0,3000.0
kata1-b6c96-s4136960-d1510003-temp-0.5,88,780.3711319689669,692.4941527371113,868.2481112008224,731.184037384491,49.18709458447586,2,a5803f8a5d9d87202b43d709cb328cedaf18c446af448f705c33d553e8c2e9f7,5170ec511fb50cdf10d648416d508574d70e9781ddf156a1b2a86d2b385e94dc,100,1729,maximum_nontransitivity_hybrid_gain,2000.0,3000.0
kata1-b6c96-s4136960-d1510003-temp-0.5,90,782.3871230974634,695.5892092458171,869.1850369491096,731.184037384491,51.203085712972324,2,a5803f8a5d9d87202b43d709cb328cedaf18c446af448f705c33d553e8c2e9f7,5170ec511fb50cdf10d648416d508574d70e9781ddf156a1b2a86d2b385e94dc,100,1729,maximum_nontransitivity_hybrid_gain,2000.0,3000.0
kata1-b6c96-s4136960-d1510003-temp-0.5,92,773.8244012733454,688.6387941053996,859.0100084412912,731.184037384491,42.64036388885438,2,a5803f8a5d9d87202b43d709cb328cedaf18c446af448f705c33d553e8c2e9f7,5170ec511fb50cdf10d648416d508574d70e9781ddf156a1b2a86d2b385e94dc,100,1729,maximum_nontransitivity_hybrid_gain,2000.0,3000.0
kata1-b6c96-s4136960-d1510003-temp-0.5,94,768.6159688768441,684.5523409610211,852.6795967926672,731.184037384491,37.4319314923531,2,a5803f8a5d9d87202b43d709cb328cedaf18c446af448f705c33d553e8c2e9f7,5170ec511fb50cdf10d648416d508574d70e9781ddf156a1b2a86d2b385e94dc,100,1729,maximum_nontransitivity_hybrid_gain,2000.0,3000.0
kata1-b6c96-s4136960-d1510003-temp-0.5,96,780.6543731544555,697.0186190564461,864.2901272524648,731.184037384491,49.470335769964436,2,a5803f8a5d9d87202b43d709cb328cedaf18c446af448f705c33d553e8c2e9f7,5170ec511fb50cdf10d648416d508574d70e9781ddf156a1b2a86d2b385e94dc,100,1729,maximum_nontransitivity_hybrid_gain,2000.0,3000.0
kata1-b6c96-s4136960-d1510003-temp-0.5,98,782.4636448071091,699.7603772019446,865.1669124122735,731.184037384491,51.27960742261803,2,a5803f8a5d9d87202b43d709cb328cedaf18c446af448f705c33d553e8c2e9f7,5170ec511fb50cdf10d648416d508574d70e9781ddf156a1b2a86d2b385e94dc,100,1729,maximum_nontransitivity_hybrid_gain,2000.0,3000.0
kata1-b6c96-s4136960-d1510003-temp-0.5,100,774.6963488183438,693.3354826395339,856.0572149971538,731.184037384491,43.5123114338528,2,a5803f8a5d9d87202b43d709cb328cedaf18c446af448f705c33d553e8c2e9f7,5170ec511fb50cdf10d648416d508574d70e9781ddf156a1b2a86d2b385e94dc,100,1729,maximum_nontransitivity_hybrid_gain,2000.0,3000.0
kata1-b6c96-s5214720-d1690538-temp-0.5,2,1145.3735346803142,-1280.5720744393034,3571.3191437999317,859.747739648877,285.6257950314372,2,a5803f8a5d9d87202b43d709cb328cedaf18c446af448f705c33d553e8c2e9f7,5170ec511fb50cdf10d648416d508574d70e9781ddf156a1b2a86d2b385e94dc,100,1729,maximum_nontransitivity_hybrid_gain,2000.0,3000.0
kata1-b6c96-s5214720-d1690538-temp-0.5,4,393.03062939202295,-1459.4035916600844,2245.46485044413,859.747739648877,-466.717110256854,2,a5803f8a5d9d87202b43d709cb328cedaf18c446af448f705c33d553e8c2e9f7,5170ec511fb50cdf10d648416d508574d70e9781ddf156a1b2a86d2b385e94dc,100,1729,maximum_nontransitivity_hybrid_gain,2000.0,3000.0
kata1-b6c96-s5214720-d1690538-temp-0.5,6,801.1823727519189,290.57075977930634,1311.7939857245315,859.747739648877,-58.56536689695804,2,a5803f8a5d9d87202b43d709cb328cedaf18c446af448f705c33d553e8c2e9f7,5170ec511fb50cdf10d648416d508574d70e9781ddf156a1b2a86d2b385e94dc,100,1729,maximum_nontransitivity_hybrid_gain,2000.0,3000.0
kata1-b6c96-s5214720-d1690538-temp-0.5,8,728.1378413880406,294.49994385244185,1161.7757389236392,859.747739648877,-131.60989826083642,2,a5803f8a5d9d87202b43d709cb328cedaf18c446af448f705c33d553e8c2e9f7,5170ec511fb50cdf10d648416d508574d70e9781ddf156a1b2a86d2b385e94dc,100,1729,maximum_nontransitivity_hybrid_gain,2000.0,3000.0
kata1-b6c96-s5214720-d1690538-temp-0.5,10,685.0583204225334,287.51522144125045,1082.6014194038162,859.747739648877,-174.6894192263436,2,a5803f8a5d9d87202b43d709cb328cedaf18c446af448f705c33d553e8c2e9f7,5170ec511fb50cdf10d648416d508574d70e9781ddf156a1b2a86d2b385e94dc,100,1729,maximum_nontransitivity_hybrid_gain,2000.0,3000.0
kata1-b6c96-s5214720-d1690538-temp-0.5,12,667.9483681780483,354.0719603413132,981.8247760147835,859.747739648877,-191.79937147082865,2,a5803f8a5d9d87202b43d709cb328cedaf18c446af448f705c33d553e8c2e9f7,5170ec511fb50cdf10d648416d508574d70e9781ddf156a1b2a86d2b385e94dc,100,1729,maximum_nontransitivity_hybrid_gain,2000.0,3000.0
kata1-b6c96-s5214720-d1690538-temp-0.5,14,660.3904502234991,393.6931266611755,927.0877737858227,859.747739648877,-199.35728942537787,2,a5803f8a5d9d87202b43d709cb328cedaf18c446af448f705c33d553e8c2e9f7,5170ec511fb50cdf10d648416d508574d70e9781ddf156a1b2a86d2b385e94dc,100,1729,maximum_nontransitivity_hybrid_gain,2000.0,3000.0
kata1-b6c96-s5214720-d1690538-temp-0.5,16,656.1612931371461,420.35141492482984,891.9711713494623,859.747739648877,-203.58644651173086,2,a5803f8a5d9d87202b43d709cb328cedaf18c446af448f705c33d553e8c2e9f7,5170ec511fb50cdf10d648416d508574d70e9781ddf156a1b2a86d2b385e94dc,100,1729,maximum_nontransitivity_hybrid_gain,2000.0,3000.0
kata1-b6c96-s5214720-d1690538-temp-0.5,18,653.4105044583031,439.7647641958214,867.0562447207848,859.747739648877,-206.3372351905739,2,a5803f8a5d9d87202b43d709cb328cedaf18c446af448f705c33d553e8c2e9f7,5170ec511fb50cdf10d648416d508574d70e9781ddf156a1b2a86d2b385e94dc,100,1729,maximum_nontransitivity_hybrid_gain,2000.0,3000.0
kata1-b6c96-s5214720-d1690538-temp-0.5,20,708.9361822006395,511.9482905612101,905.9240738400688,859.747739648877,-150.81155744823752,2,a5803f8a5d9d87202b43d709cb328cedaf18c446af448f705c33d553e8c2e9f7,5170ec511fb50cdf10d648416d508574d70e9781ddf156a1b2a86d2b385e94dc,100,1729,maximum_nontransitivity_hybrid_gain,2000.0,3000.0
kata1-b6c96-s5214720-d1690538-temp-0.5,22,761.5204876762084,576.3042177921686,946.7367575602482,859.747739648877,-98.22725197266857,2,a5803f8a5d9d87202b43d709cb328cedaf18c446af448f705c33d553e8c2e9f7,5170ec511fb50cdf10d648416d508574d70e9781ddf156a1b2a86d2b385e94dc,100,1729,maximum_nontransitivity_hybrid_gain,2000.0,3000.0
kata1-b6c96-s5214720-d1690538-temp-0.5,24,757.1714040746033,583.475650863405,930.8671572858016,859.747739648877,-102.57633557427368,2,a5803f8a5d9d87202b43d709cb328cedaf18c446af448f705c33d553e8c2e9f7,5170ec511fb50cdf10d648416d508574d70e9781ddf156a1b2a86d2b385e94dc,100,1729,maximum_nontransitivity_hybrid_gain,2000.0,3000.0
kata1-b6c96-s5214720-d1690538-temp-0.5,26,794.0658317551834,627.867132561059,960.2645309493078,859.747739648877,-65.68190789369362,2,a5803f8a5d9d87202b43d709cb328cedaf18c446af448f705c33d553e8c2e9f7,5170ec511fb50cdf10d648416d508574d70e9781ddf156a1b2a86d2b385e94dc,100,1729,maximum_nontransitivity_hybrid_gain,2000.0,3000.0
kata1-b6c96-s5214720-d1690538-temp-0.5,28,824.5818622135845,664.3341172137125,984.8296072134565,859.747739648877,-35.16587743529249,2,a5803f8a5d9d87202b43d709cb328cedaf18c446af448f705c33d553e8c2e9f7,5170ec511fb50cdf10d648416d508574d70e9781ddf156a1b2a86d2b385e94dc,100,1729,maximum_nontransitivity_hybrid_gain,2000.0,3000.0
kata1-b6c96-s5214720-d1690538-temp-0.5,30,850.4502758813735,695.047301681719,1005.853250081028,859.747739648877,-9.297463767503473,2,a5803f8a5d9d87202b43d709cb328cedaf18c446af448f705c33d553e8c2e9f7,5170ec511fb50cdf10d648416d508574d70e9781ddf156a1b2a86d2b385e94dc,100,1729,maximum_nontransitivity_hybrid_gain,2000.0,3000.0
kata1-b6c96-s5214720-d1690538-temp-0.5,32,839.8266595593881,691.5980982938365,988.0552208249396,859.747739648877,-19.921080089488896,2,a5803f8a5d9d87202b43d709cb328cedaf18c446af448f705c33d553e8c2e9f7,5170ec511fb50cdf10d648416d508574d70e9781ddf156a1b2a86d2b385e94dc,100,1729,maximum_nontransitivity_hybrid_gain,2000.0,3000.0
kata1-b6c96-s5214720-d1690538-temp-0.5,34,861.0328973105957,716.387582682521,1005.6782119386703,859.747739648877,1.2851576617186993,2,a5803f8a5d9d87202b43d709cb328cedaf18c446af448f705c33d553e8c2e9f7,5170ec511fb50cdf10d648416d508574d70e9781ddf156a1b2a86d2b385e94dc,100,1729,maximum_nontransitivity_hybrid_gain,2000.0,3000.0
kata1-b6c96-s5214720-d1690538-temp-0.5,36,879.820560523052,738.2289924866081,1021.4121285594958,859.747739648877,20.072820874175022,2,a5803f8a5d9d87202b43d709cb328cedaf18c446af448f705c33d553e8c2e9f7,5170ec511fb50cdf10d648416d508574d70e9781ddf156a1b2a86d2b385e94dc,100,1729,maximum_nontransitivity_hybrid_gain,2000.0,3000.0
kata1-b6c96-s5214720-d1690538-temp-0.5,38,868.9394708331797,732.9437118085931,1004.9352298577663,859.747739648877,9.19173118430274,2,a5803f8a5d9d87202b43d709cb328cedaf18c446af448f705c33d553e8c2e9f7,5170ec511fb50cdf10d648416d508574d70e9781ddf156a1b2a86d2b385e94dc,100,1729,maximum_nontransitivity_hybrid_gain,2000.0,3000.0
kata1-b6c96-s5214720-d1690538-temp-0.5,40,859.5053602625467,728.4584575799838,990.5522629451095,859.747739648877,-0.24237938633029898,2,a5803f8a5d9d87202b43d709cb328cedaf18c446af448f705c33d553e8c2e9f7,5170ec511fb50cdf10d648416d508574d70e9781ddf156a1b2a86d2b385e94dc,100,1729,maximum_nontransitivity_hybrid_gain,2000.0,3000.0
kata1-b6c96-s5214720-d1690538-temp-0.5,42,875.103400164961,746.2715769498518,1003.9352233800703,859.747739648877,15.355660516084072,2,a5803f8a5d9d87202b43d709cb328cedaf18c446af448f705c33d553e8c2e9f7,5170ec511fb50cdf10d648416d508574d70e9781ddf156a1b2a86d2b385e94dc,100,1729,maximum_nontransitivity_hybrid_gain,2000.0,3000.0
kata1-b6c96-s5214720-d1690538-temp-0.5,44,844.0066217839131,721.3390562018266,966.6741873659997,859.747739648877,-15.741117864963826,2,a5803f8a5d9d87202b43d709cb328cedaf18c446af448f705c33d553e8c2e9f7,5170ec511fb50cdf10d648416d508574d70e9781ddf156a1b2a86d2b385e94dc,100,1729,maximum_nontransitivity_hybrid_gain,2000.0,3000.0
kata1-b6c96-s5214720-d1690538-temp-0.5,46,858.4810657602258,737.723894572002,979.2382369484495,859.747739648877,-1.266673888651212,2,a5803f8a5d9d87202b43d709cb328cedaf18c446af448f705c33d553e8c2e9f7,5170ec511fb50cdf10d648416d508574d70e9781ddf156a1b2a86d2b385e94dc,100,1729,maximum_nontransitivity_hybrid_gain,2000.0,3000.0
kata1-b6c96-s5214720-d1690538-temp-0.5,48,851.5313531400565,734.2392972138776,968.8234090662353,859.747739648877,-8.216386508820506,2,a5803f8a5d9d87202b43d709cb328cedaf18c446af448f705c33d553e8c2e9f7,5170ec511fb50cdf10d648416d508574d70e9781ddf156a1b2a86d2b385e94dc,100,1729,maximum_nontransitivity_hybrid_gain,2000.0,3000.0
kata1-b6c96-s5214720-d1690538-temp-0.5,50,864.4321075740436,748.736050677622,980.1281644704652,859.747739648877,4.684367925166612,2,a5803f8a5d9d87202b43d709cb328cedaf18c446af448f705c33d553e8c2e9f7,5170ec511fb50cdf10d648416d508574d70e9781ddf156a1b2a86d2b385e94dc,100,1729,maximum_nontransitivity_hybrid_gain,2000.0,3000.0
kata1-b6c96-s5214720-d1690538-temp-0.5,52,857.7808352365148,745.1515900034649,970.4100804695647,859.747739648877,-1.9669044123621688,2,a5803f8a5d9d87202b43d709cb328cedaf18c446af448f705c33d553e8c2e9f7,5170ec511fb50cdf10d648416d508574d70e9781ddf156a1b2a86d2b385e94dc,100,1729,maximum_nontransitivity_hybrid_gain,2000.0,3000.0
kata1-b6c96-s5214720-d1690538-temp-0.5,54,869.4173812343181,758.1448198768014,980.6899425918348,859.747739648877,9.669641585441127,2,a5803f8a5d9d87202b43d709cb328cedaf18c446af448f705c33d553e8c2e9f7,5170ec511fb50cdf10d648416d508574d70e9781ddf156a1b2a86d2b385e94dc,100,1729,maximum_nontransitivity_hybrid_gain,2000.0,3000.0
kata1-b6c96-s5214720-d1690538-temp-0.5,56,880.3024235842067,770.260667264575,990.3441799038385,859.747739648877,20.554683935329763,2,a5803f8a5d9d87202b43d709cb328cedaf18c446af448f705c33d553e8c2e9f7,5170ec511fb50cdf10d648416d508574d70e9781ddf156a1b2a86d2b385e94dc,100,1729,maximum_nontransitivity_hybrid_gain,2000.0,3000.0
kata1-b6c96-s5214720-d1690538-temp-0.5,58,873.6573841331297,766.2971049704408,981.0176632958185,859.747739648877,13.90964448425268,2,a5803f8a5d9d87202b43d709cb328cedaf18c446af448f705c33d553e8c2e9f7,5170ec511fb50cdf10d648416d508574d70e9781ddf156a1b2a86d2b385e94dc,100,1729,maximum_nontransitivity_hybrid_gain,2000.0,3000.0
kata1-b6c96-s5214720-d1690538-temp-0.5,60,867.5226342211777,762.6379978526701,972.4072705896853,859.747739648877,7.7748945723006955,2,a5803f8a5d9d87202b43d709cb328cedaf18c446af448f705c33d553e8c2e9f7,5170ec511fb50cdf10d648416d508574d70e9781ddf156a1b2a86d2b385e94dc,100,1729,maximum_nontransitivity_hybrid_gain,2000.0,3000.0
kata1-b6c96-s5214720-d1690538-temp-0.5,62,877.2541642984584,773.3906521207637,981.1176764761531,859.747739648877,17.50642464958139,2,a5803f8a5d9d87202b43d709cb328cedaf18c446af448f705c33d553e8c2e9f7,5170ec511fb50cdf10d648416d508574d70e9781ddf156a1b2a86d2b385e94dc,100,1729,maximum_nontransitivity_hybrid_gain,2000.0,3000.0
kata1-b6c96-s5214720-d1690538-temp-0.5,64,886.4549770175657,783.5307712573631,989.3791827777684,859.747739648877,26.707237368688766,2,a5803f8a5d9d87202b43d709cb328cedaf18c446af448f705c33d553e8c2e9f7,5170ec511fb50cdf10d648416d508574d70e9781ddf156a1b2a86d2b385e94dc,100,1729,maximum_nontransitivity_hybrid_gain,2000.0,3000.0
kata1-b6c96-s5214720-d1690538-temp-0.5,66,880.434571061609,779.7181754884978,981.1509666347201,859.747739648877,20.686831412731976,2,a5803f8a5d9d87202b43d709cb328cedaf18c446af448f705c33d553e8c2e9f7,5170ec511fb50cdf10d648416d508574d70e9781ddf156a1b2a86d2b385e94dc,100,1729,maximum_nontransitivity_hybrid_gain,2000.0,3000.0
kata1-b6c96-s5214720-d1690538-temp-0.5,68,888.9754914186402,789.0920775968797,988.8589052404008,859.747739648877,29.227751769763245,2,a5803f8a5d9d87202b43d709cb328cedaf18c446af448f705c33d553e8c2e9f7,5170ec511fb50cdf10d648416d508574d70e9781ddf156a1b2a86d2b385e94dc,100,1729,maximum_nontransitivity_hybrid_gain,2000.0,3000.0
kata1-b6c96-s5214720-d1690538-temp-0.5,70,897.1034325701656,797.9930619937676,996.2138031465637,859.747739648877,37.355692921288664,2,a5803f8a5d9d87202b43d709cb328cedaf18c446af448f705c33d553e8c2e9f7,5170ec511fb50cdf10d648416d508574d70e9781ddf156a1b2a86d2b385e94dc,100,1729,maximum_nontransitivity_hybrid_gain,2000.0,3000.0
kata1-b6c96-s5214720-d1690538-temp-0.5,72,904.8550744022548,806.4643072007287,1003.2458416037808,859.747739648877,45.10733475337781,2,a5803f8a5d9d87202b43d709cb328cedaf18c446af448f705c33d553e8c2e9f7,5170ec511fb50cdf10d648416d508574d70e9781ddf156a1b2a86d2b385e94dc,100,1729,maximum_nontransitivity_hybrid_gain,2000.0,3000.0
kata1-b6c96-s5214720-d1690538-temp-0.5,74,912.2625544786556,814.543523923951,1009.9815850333601,859.747739648877,52.51481482977863,2,a5803f8a5d9d87202b43d709cb328cedaf18c446af448f705c33d553e8c2e9f7,5170ec511fb50cdf10d648416d508574d70e9781ddf156a1b2a86d2b385e94dc,100,1729,maximum_nontransitivity_hybrid_gain,2000.0,3000.0
kata1-b6c96-s5214720-d1690538-temp-0.5,76,906.0884169862235,810.3146212055605,1001.8622127668865,859.747739648877,46.340677337346506,2,a5803f8a5d9d87202b43d709cb328cedaf18c446af448f705c33d553e8c2e9f7,5170ec511fb50cdf10d648416d508574d70e9781ddf156a1b2a86d2b385e94dc,100,1729,maximum_nontransitivity_hybrid_gain,2000.0,3000.0
kata1-b6c96-s5214720-d1690538-temp-0.5,78,913.0638263337094,817.8980583730616,1008.2295942943571,859.747739648877,53.316086684832385,2,a5803f8a5d9d87202b43d709cb328cedaf18c446af448f705c33d553e8c2e9f7,5170ec511fb50cdf10d648416d508574d70e9781ddf156a1b2a86d2b385e94dc,100,1729,maximum_nontransitivity_hybrid_gain,2000.0,3000.0
kata1-b6c96-s5214720-d1690538-temp-0.5,80,919.7590384349751,825.1643195353895,1014.3537573345607,859.747739648877,60.01129878609811,2,a5803f8a5d9d87202b43d709cb328cedaf18c446af448f705c33d553e8c2e9f7,5170ec511fb50cdf10d648416d508574d70e9781ddf156a1b2a86d2b385e94dc,100,1729,maximum_nontransitivity_hybrid_gain,2000.0,3000.0
kata1-b6c96-s5214720-d1690538-temp-0.5,82,924.3639875688957,830.2741637083291,1018.4538114294623,859.747739648877,64.61624792001874,2,a5803f8a5d9d87202b43d709cb328cedaf18c446af448f705c33d553e8c2e9f7,5170ec511fb50cdf10d648416d508574d70e9781ddf156a1b2a86d2b385e94dc,100,1729,maximum_nontransitivity_hybrid_gain,2000.0,3000.0
kata1-b6c96-s5214720-d1690538-temp-0.5,84,918.3361202262009,826.0137650152336,1010.6584754371682,859.747739648877,58.58838057732396,2,a5803f8a5d9d87202b43d709cb328cedaf18c446af448f705c33d553e8c2e9f7,5170ec511fb50cdf10d648416d508574d70e9781ddf156a1b2a86d2b385e94dc,100,1729,maximum_nontransitivity_hybrid_gain,2000.0,3000.0
kata1-b6c96-s5214720-d1690538-temp-0.5,86,924.4988885184647,832.6703566249655,1016.3274204119639,859.747739648877,64.75114886958772,2,a5803f8a5d9d87202b43d709cb328cedaf18c446af448f705c33d553e8c2e9f7,5170ec511fb50cdf10d648416d508574d70e9781ddf156a1b2a86d2b385e94dc,100,1729,maximum_nontransitivity_hybrid_gain,2000.0,3000.0
kata1-b6c96-s5214720-d1690538-temp-0.5,88,918.7055130375882,828.5198349111458,1008.8911911640305,859.747739648877,58.95777338871119,2,a5803f8a5d9d87202b43d709cb328cedaf18c446af448f705c33d553e8c2e9f7,5170ec511fb50cdf10d648416d508574d70e9781ddf156a1b2a86d2b385e94dc,100,1729,maximum_nontransitivity_hybrid_gain,2000.0,3000.0
kata1-b6c96-s5214720-d1690538-temp-0.5,90,913.2561178132888,824.6130358156063,1001.8991998109714,859.747739648877,53.50837816441185,2,a5803f8a5d9d87202b43d709cb328cedaf18c446af448f705c33d553e8c2e9f7,5170ec511fb50cdf10d648416d508574d70e9781ddf156a1b2a86d2b385e94dc,100,1729,maximum_nontransitivity_hybrid_gain,2000.0,3000.0
kata1-b6c96-s5214720-d1690538-temp-0.5,92,919.0371370604289,830.8363021452742,1007.2379719755836,859.747739648877,59.28939741155193,2,a5803f8a5d9d87202b43d709cb328cedaf18c446af448f705c33d553e8c2e9f7,5170ec511fb50cdf10d648416d508574d70e9781ddf156a1b2a86d2b385e94dc,100,1729,maximum_nontransitivity_hybrid_gain,2000.0,3000.0
kata1-b6c96-s5214720-d1690538-temp-0.5,94,913.821077094784,827.0611271627934,1000.5810270267746,859.747739648877,54.073337445906986,2,a5803f8a5d9d87202b43d709cb328cedaf18c446af448f705c33d553e8c2e9f7,5170ec511fb50cdf10d648416d508574d70e9781ddf156a1b2a86d2b385e94dc,100,1729,maximum_nontransitivity_hybrid_gain,2000.0,3000.0
kata1-b6c96-s5214720-d1690538-temp-0.5,96,919.3360184411363,832.9852060780488,1005.6868308042237,859.747739648877,59.5882787922593,2,a5803f8a5d9d87202b43d709cb328cedaf18c446af448f705c33d553e8c2e9f7,5170ec511fb50cdf10d648416d508574d70e9781ddf156a1b2a86d2b385e94dc,100,1729,maximum_nontransitivity_hybrid_gain,2000.0,3000.0
kata1-b6c96-s5214720-d1690538-temp-0.5,98,924.6757457297768,838.7139588892306,1010.6375325703231,859.747739648877,64.92800608089988,2,a5803f8a5d9d87202b43d709cb328cedaf18c446af448f705c33d553e8c2e9f7,5170ec511fb50cdf10d648416d508574d70e9781ddf156a1b2a86d2b385e94dc,100,1729,maximum_nontransitivity_hybrid_gain,2000.0,3000.0
kata1-b6c96-s5214720-d1690538-temp-0.5,100,928.3803663643957,842.7751774430126,1013.9855552857789,859.747739648877,68.63262671551877,2,a5803f8a5d9d87202b43d709cb328cedaf18c446af448f705c33d553e8c2e9f7,5170ec511fb50cdf10d648416d508574d70e9781ddf156a1b2a86d2b385e94dc,100,1729,maximum_nontransitivity_hybrid_gain,2000.0,3000.0
kata1-b6c96-s8080640-d1961030-temp-0.7,2,1154.4686339615703,-1282.1647683017293,3591.10203622487,997.4564556464111,157.0121783151592,2,a5803f8a5d9d87202b43d709cb328cedaf18c446af448f705c33d553e8c2e9f7,5170ec511fb50cdf10d648416d508574d70e9781ddf156a1b2a86d2b385e94dc,100,1729,maximum_nontransitivity_hybrid_gain,2000.0,3000.0
kata1-b6c96-s8080640-d1961030-temp-0.7,4,1146.8193055627783,662.974242761884,1630.6643683636726,997.4564556464111,149.36284991636717,2,a5803f8a5d9d87202b43d709cb328cedaf18c446af448f705c33d553e8c2e9f7,5170ec511fb50cdf10d648416d508574d70e9781ddf156a1b2a86d2b385e94dc,100,1729,maximum_nontransitivity_hybrid_gain,2000.0,3000.0
kata1-b6c96-s8080640-d1961030-temp-0.7,6,1146.6483143109947,800.8238401422675,1492.4727884797219,997.4564556464111,149.1918586645836,2,a5803f8a5d9d87202b43d709cb328cedaf18c446af448f705c33d553e8c2e9f7,5170ec511fb50cdf10d648416d508574d70e9781ddf156a1b2a86d2b385e94dc,100,1729,maximum_nontransitivity_hybrid_gain,2000.0,3000.0
kata1-b6c96-s8080640-d1961030-temp-0.7,8,1021.7967430242458,721.2617775360086,1322.331708512483,997.4564556464111,24.34028737783467,2,a5803f8a5d9d87202b43d709cb328cedaf18c446af448f705c33d553e8c2e9f7,5170ec511fb50cdf10d648416d508574d70e9781ddf156a1b2a86d2b385e94dc,100,1729,maximum_nontransitivity_hybrid_gain,2000.0,3000.0
kata1-b6c96-s8080640-d1961030-temp-0.7,10,1128.6206571539585,881.3939966099715,1375.8473176979455,997.4564556464111,131.16420150754743,2,a5803f8a5d9d87202b43d709cb328cedaf18c446af448f705c33d553e8c2e9f7,5170ec511fb50cdf10d648416d508574d70e9781ddf156a1b2a86d2b385e94dc,100,1729,maximum_nontransitivity_hybrid_gain,2000.0,3000.0
kata1-b6c96-s8080640-d1961030-temp-0.7,12,1117.5261966135672,895.7051755380727,1339.3472176890618,997.4564556464111,120.06974096715612,2,a5803f8a5d9d87202b43d709cb328cedaf18c446af448f705c33d553e8c2e9f7,5170ec511fb50cdf10d648416d508574d70e9781ddf156a1b2a86d2b385e94dc,100,1729,maximum_nontransitivity_hybrid_gain,2000.0,3000.0
kata1-b6c96-s8080640-d1961030-temp-0.7,14,1122.412000795331,919.6976570964433,1325.1263444942188,997.4564556464111,124.95554514892001,2,a5803f8a5d9d87202b43d709cb328cedaf18c446af448f705c33d553e8c2e9f7,5170ec511fb50cdf10d648416d508574d70e9781ddf156a1b2a86d2b385e94dc,100,1729,maximum_nontransitivity_hybrid_gain,2000.0,3000.0
kata1-b6c96-s8080640-d1961030-temp-0.7,16,1115.3182683712735,927.2844348412175,1303.3521019013294,997.4564556464111,117.86181272486238,2,a5803f8a5d9d87202b43d709cb328cedaf18c446af448f705c33d553e8c2e9f7,5170ec511fb50cdf10d648416d508574d70e9781ddf156a1b2a86d2b385e94dc,100,1729,maximum_nontransitivity_hybrid_gain,2000.0,3000.0
kata1-b6c96-s8080640-d1961030-temp-0.7,18,1119.2634704977843,943.2010717698458,1295.3258692257227,997.4564556464111,121.8070148513732,2,a5803f8a5d9d87202b43d709cb328cedaf18c446af448f705c33d553e8c2e9f7,5170ec511fb50cdf10d648416d508574d70e9781ddf156a1b2a86d2b385e94dc,100,1729,maximum_nontransitivity_hybrid_gain,2000.0,3000.0
kata1-b6c96-s8080640-d1961030-temp-0.7,20,1073.1437899684997,905.8351895784361,1240.4523903585632,997.4564556464111,75.68733432208865,2,a5803f8a5d9d87202b43d709cb328cedaf18c446af448f705c33d553e8c2e9f7,5170ec511fb50cdf10d648416d508574d70e9781ddf156a1b2a86d2b385e94dc,100,1729,maximum_nontransitivity_hybrid_gain,2000.0,3000.0
kata1-b6c96-s8080640-d1961030-temp-0.7,22,1035.5039280398435,874.4275852159228,1196.580270863764,997.4564556464111,38.04747239343237,2,a5803f8a5d9d87202b43d709cb328cedaf18c446af448f705c33d553e8c2e9f7,5170ec511fb50cdf10d648416d508574d70e9781ddf156a1b2a86d2b385e94dc,100,1729,maximum_nontransitivity_hybrid_gain,2000.0,3000.0
kata1-b6c96-s8080640-d1961030-temp-0.7,24,1039.0715405826713,885.8503422993572,1192.2927388659855,997.4564556464111,41.615084936260246,2,a5803f8a5d9d87202b43d709cb328cedaf18c446af448f705c33d553e8c2e9f7,5170ec511fb50cdf10d648416d508574d70e9781ddf156a1b2a86d2b385e94dc,100,1729,maximum_nontransitivity_hybrid_gain,2000.0,3000.0
kata1-b6c96-s8080640-d1961030-temp-0.7,26,1009.9816988465409,860.9929310006413,1158.9704666924406,997.4564556464111,12.525243200129808,2,a5803f8a5d9d87202b43d709cb328cedaf18c446af448f705c33d553e8c2e9f7,5170ec511fb50cdf10d648416d508574d70e9781ddf156a1b2a86d2b385e94dc,100,1729,maximum_nontransitivity_hybrid_gain,2000.0,3000.0
kata1-b6c96-s8080640-d1961030-temp-0.7,28,984.6546051871072,839.0260081279949,1130.2832022462194,997.4564556464111,-12.801850459303864,2,a5803f8a5d9d87202b43d709cb328cedaf18c446af448f705c33d553e8c2e9f7,5170ec511fb50cdf10d648416d508574d70e9781ddf156a1b2a86d2b385e94dc,100,1729,maximum_nontransitivity_hybrid_gain,2000.0,3000.0
kata1-b6c96-s8080640-d1961030-temp-0.7,30,996.6928517180078,857.1647268296716,1136.2209766063438,997.4564556464111,-0.7636039284033131,2,a5803f8a5d9d87202b43d709cb328cedaf18c446af448f705c33d553e8c2e9f7,5170ec511fb50cdf10d648416d508574d70e9781ddf156a1b2a86d2b385e94dc,100,1729,maximum_nontransitivity_hybrid_gain,2000.0,3000.0
kata1-b6c96-s8080640-d1961030-temp-0.7,32,1007.0402497113947,872.8374105648745,1141.243088857915,997.4564556464111,9.583794064983636,2,a5803f8a5d9d87202b43d709cb328cedaf18c446af448f705c33d553e8c2e9f7,5170ec511fb50cdf10d648416d508574d70e9781ddf156a1b2a86d2b385e94dc,100,1729,maximum_nontransitivity_hybrid_gain,2000.0,3000.0
kata1-b6c96-s8080640-d1961030-temp-0.7,34,991.0710544324381,859.2489440736896,1122.8931647911868,997.4564556464111,-6.385401213972955,2,a5803f8a5d9d87202b43d709cb328cedaf18c446af448f705c33d553e8c2e9f7,5170ec511fb50cdf10d648416d508574d70e9781ddf156a1b2a86d2b385e94dc,100,1729,maximum_nontransitivity_hybrid_gain,2000.0,3000.0
kata1-b6c96-s8080640-d1961030-temp-0.7,36,996.3067809472058,869.0335668912481,1123.5799950031633,997.4564556464111,-1.1496746992053204,2,a5803f8a5d9d87202b43d709cb328cedaf18c446af448f705c33d553e8c2e9f7,5170ec511fb50cdf10d648416d508574d70e9781ddf156a1b2a86d2b385e94dc,100,1729,maximum_nontransitivity_hybrid_gain,2000.0,3000.0
kata1-b6c96-s8080640-d1961030-temp-0.7,38,978.4102489375875,853.0410280626311,1103.779469812544,997.4564556464111,-19.046206708823547,2,a5803f8a5d9d87202b43d709cb328cedaf18c446af448f705c33d553e8c2e9f7,5170ec511fb50cdf10d648416d508574d70e9781ddf156a1b2a86d2b385e94dc,100,1729,maximum_nontransitivity_hybrid_gain,2000.0,3000.0
kata1-b6c96-s8080640-d1961030-temp-0.7,40,965.8319843906304,842.1061926457437,1089.557776135517,997.4564556464111,-31.62447125578069,2,a5803f8a5d9d87202b43d709cb328cedaf18c446af448f705c33d553e8c2e9f7,5170ec511fb50cdf10d648416d508574d70e9781ddf156a1b2a86d2b385e94dc,100,1729,maximum_nontransitivity_hybrid_gain,2000.0,3000.0
kata1-b6c96-s8080640-d1961030-temp-0.7,42,950.507833010753,828.2184525023448,1072.797213519161,997.4564556464111,-46.948622635658126,2,a5803f8a5d9d87202b43d709cb328cedaf18c446af448f705c33d553e8c2e9f7,5170ec511fb50cdf10d648416d508574d70e9781ddf156a1b2a86d2b385e94dc,100,1729,maximum_nontransitivity_hybrid_gain,2000.0,3000.0
kata1-b6c96-s8080640-d1961030-temp-0.7,44,980.686086543863,864.3326552665783,1097.0395178211477,997.4564556464111,-16.770369102548102,2,a5803f8a5d9d87202b43d709cb328cedaf18c446af448f705c33d553e8c2e9f7,5170ec511fb50cdf10d648416d508574d70e9781ddf156a1b2a86d2b385e94dc,100,1729,maximum_nontransitivity_hybrid_gain,2000.0,3000.0
kata1-b6c96-s8080640-d1961030-temp-0.7,46,988.6100692986859,875.4197336194759,1101.8004049778958,997.4564556464111,-8.846386347725229,2,a5803f8a5d9d87202b43d709cb328cedaf18c446af448f705c33d553e8c2e9f7,5170ec511fb50cdf10d648416d508574d70e9781ddf156a1b2a86d2b385e94dc,100,1729,maximum_nontransitivity_hybrid_gain,2000.0,3000.0
kata1-b6c96-s8080640-d1961030-temp-0.7,48,977.9400341253357,866.0087806254775,1089.8712876251939,997.4564556464111,-19.516421521075358,2,a5803f8a5d9d87202b43d709cb328cedaf18c446af448f705c33d553e8c2e9f7,5170ec511fb50cdf10d648416d508574d70e9781ddf156a1b2a86d2b385e94dc,100,1729,maximum_nontransitivity_hybrid_gain,2000.0,3000.0
kata1-b6c96-s8080640-d1961030-temp-0.7,50,985.4157904037178,876.3153827158719,1094.5161980915636,997.4564556464111,-12.040665242693308,2,a5803f8a5d9d87202b43d709cb328cedaf18c446af448f705c33d553e8c2e9f7,5170ec511fb50cdf10d648416d508574d70e9781ddf156a1b2a86d2b385e94dc,100,1729,maximum_nontransitivity_hybrid_gain,2000.0,3000.0
kata1-b6c96-s8080640-d1961030-temp-0.7,52,989.3205375949801,882.8096673267949,1095.8314078631654,997.4564556464111,-8.135918051430963,2,a5803f8a5d9d87202b43d709cb328cedaf18c446af448f705c33d553e8c2e9f7,5170ec511fb50cdf10d648416d508574d70e9781ddf156a1b2a86d2b385e94dc,100,1729,maximum_nontransitivity_hybrid_gain,2000.0,3000.0
kata1-b6c96-s8080640-d1961030-temp-0.7,54,979.862308738808,874.3923108517122,1085.3323066259038,997.4564556464111,-17.59414690760309,2,a5803f8a5d9d87202b43d709cb328cedaf18c446af448f705c33d553e8c2e9f7,5170ec511fb50cdf10d648416d508574d70e9781ddf156a1b2a86d2b385e94dc,100,1729,maximum_nontransitivity_hybrid_gain,2000.0,3000.0
kata1-b6c96-s8080640-d1961030-temp-0.7,56,983.7291970901398,880.6086295435193,1086.8497646367603,997.4564556464111,-13.727258556271295,2,a5803f8a5d9d87202b43d709cb328cedaf18c446af448f705c33d553e8c2e9f7,5170ec511fb50cdf10d648416d508574d70e9781ddf156a1b2a86d2b385e94dc,100,1729,maximum_nontransitivity_hybrid_gain,2000.0,3000.0
kata1-b6c96-s8080640-d1961030-temp-0.7,58,987.2411394146197,886.2979450169607,1088.1843338122787,997.4564556464111,-10.215316231791348,2,a5803f8a5d9d87202b43d709cb328cedaf18c446af448f705c33d553e8c2e9f7,5170ec511fb50cdf10d648416d508574d70e9781ddf156a1b2a86d2b385e94dc,100,1729,maximum_nontransitivity_hybrid_gain,2000.0,3000.0
kata1-b6c96-s8080640-d1961030-temp-0.7,60,990.5114348595155,891.5906393129243,1089.4322304061066,997.4564556464111,-6.945020786895611,2,a5803f8a5d9d87202b43d709cb328cedaf18c446af448f705c33d553e8c2e9f7,5170ec511fb50cdf10d648416d508574d70e9781ddf156a1b2a86d2b385e94dc,100,1729,maximum_nontransitivity_hybrid_gain,2000.0,3000.0
kata1-b6c96-s8080640-d1961030-temp-0.7,62,986.7627131647125,889.2290807191191,1084.296345610306,997.4564556464111,-10.693742481698564,2,a5803f8a5d9d87202b43d709cb328cedaf18c446af448f705c33d553e8c2e9f7,5170ec511fb50cdf10d648416d508574d70e9781ddf156a1b2a86d2b385e94dc,100,1729,maximum_nontransitivity_hybrid_gain,2000.0,3000.0
kata1-b6c96-s8080640-d1961030-temp-0.7,64,992.1511546564659,896.436923166857,1087.8653861460748,997.4564556464111,-5.305300989945181,2,a5803f8a5d9d87202b43d709cb328cedaf18c446af448f705c33d553e8c2e9f7,5170ec511fb50cdf10d648416d508574d70e9781ddf156a1b2a86d2b385e94dc,100,1729,maximum_nontransitivity_hybrid_gain,2000.0,3000.0
kata1-b6c96-s8080640-d1961030-temp-0.7,66,997.2088718547063,903.1986270418042,1091.2191166676084,997.4564556464111,-0.24758379170475564,2,a5803f8a5d9d87202b43d709cb328cedaf18c446af448f705c33d553e8c2e9f7,5170ec511fb50cdf10d648416d508574d70e9781ddf156a1b2a86d2b385e94dc,100,1729,maximum_nontransitivity_hybrid_gain,2000.0,3000.0
kata1-b6c96-s8080640-d1961030-temp-0.7,68,1001.9376366076465,909.5295983190686,1094.3456748962244,997.4564556464111,4.481180961235395,2,a5803f8a5d9d87202b43d709cb328cedaf18c446af448f705c33d553e8c2e9f7,5170ec511fb50cdf10d648416d508574d70e9781ddf156a1b2a86d2b385e94dc,100,1729,maximum_nontransitivity_hybrid_gain,2000.0,3000.0
kata1-b6c96-s8080640-d1961030-temp-0.7,70,1015.8440225018965,925.6251997040578,1106.062845299735,997.4564556464111,18.387566855485375,2,a5803f8a5d9d87202b43d709cb328cedaf18c446af448f705c33d553e8c2e9f7,5170ec511fb50cdf10d648416d508574d70e9781ddf156a1b2a86d2b385e94dc,100,1729,maximum_nontransitivity_hybrid_gain,2000.0,3000.0
kata1-b6c96-s8080640-d1961030-temp-0.7,72,1006.339465093609,916.863638080656,1095.815292106562,997.4564556464111,8.883009447197878,2,a5803f8a5d9d87202b43d709cb328cedaf18c446af448f705c33d553e8c2e9f7,5170ec511fb50cdf10d648416d508574d70e9781ddf156a1b2a86d2b385e94dc,100,1729,maximum_nontransitivity_hybrid_gain,2000.0,3000.0
kata1-b6c96-s8080640-d1961030-temp-0.7,74,1010.3764470823224,922.253954052903,1098.4989401117418,997.4564556464111,12.919991435911356,2,a5803f8a5d9d87202b43d709cb328cedaf18c446af448f705c33d553e8c2e9f7,5170ec511fb50cdf10d648416d508574d70e9781ddf156a1b2a86d2b385e94dc,100,1729,maximum_nontransitivity_hybrid_gain,2000.0,3000.0
kata1-b6c96-s8080640-d1961030-temp-0.7,76,1001.4808097068396,914.0252932749751,1088.9363261387043,997.4564556464111,4.02435406042855,2,a5803f8a5d9d87202b43d709cb328cedaf18c446af448f705c33d553e8c2e9f7,5170ec511fb50cdf10d648416d508574d70e9781ddf156a1b2a86d2b385e94dc,100,1729,maximum_nontransitivity_hybrid_gain,2000.0,3000.0
kata1-b6c96-s8080640-d1961030-temp-0.7,78,994.8723055847652,908.035016270564,1081.7095948989663,997.4564556464111,-2.5841500616459143,2,a5803f8a5d9d87202b43d709cb328cedaf18c446af448f705c33d553e8c2e9f7,5170ec511fb50cdf10d648416d508574d70e9781ddf156a1b2a86d2b385e94dc,100,1729,maximum_nontransitivity_hybrid_gain,2000.0,3000.0
kata1-b6c96-s8080640-d1961030-temp-0.7,80,988.5224687384091,902.2609117973425,1074.7840256794757,997.4564556464111,-8.933986908001998,2,a5803f8a5d9d87202b43d709cb328cedaf18c446af448f705c33d553e8c2e9f7,5170ec511fb50cdf10d648416d508574d70e9781ddf156a1b2a86d2b385e94dc,100,1729,maximum_nontransitivity_hybrid_gain,2000.0,3000.0
kata1-b6c96-s8080640-d1961030-temp-0.7,82,990.8698851197299,905.8382789631846,1075.9014912762752,997.4564556464111,-6.586570526681157,2,a5803f8a5d9d87202b43d709cb328cedaf18c446af448f705c33d553e8c2e9f7,5170ec511fb50cdf10d648416d508574d70e9781ddf156a1b2a86d2b385e94dc,100,1729,maximum_nontransitivity_hybrid_gain,2000.0,3000.0
kata1-b6c96-s8080640-d1961030-temp-0.7,84,1002.8729968043564,919.5912385753948,1086.154755033318,997.4564556464111,5.416541157945289,2,a5803f8a5d9d87202b43d709cb328cedaf18c446af448f705c33d553e8c2e9f7,5170ec511fb50cdf10d648416d508574d70e9781ddf156a1b2a86d2b385e94dc,100,1729,maximum_nontransitivity_hybrid_gain,2000.0,3000.0
kata1-b6c96-s8080640-d1961030-temp-0.7,86,1004.6570934842234,922.4524944100666,1086.8616925583801,997.4564556464111,7.200637837812337,2,a5803f8a5d9d87202b43d709cb328cedaf18c446af448f705c33d553e8c2e9f7,5170ec511fb50cdf10d648416d508574d70e9781ddf156a1b2a86d2b385e94dc,100,1729,maximum_nontransitivity_hybrid_gain,2000.0,3000.0
kata1-b6c96-s8080640-d1961030-temp-0.7,88,997.0997844516793,915.4160065930677,1078.783562310291,997.4564556464111,-0.35667119473180264,2,a5803f8a5d9d87202b43d709cb328cedaf18c446af448f705c33d553e8c2e9f7,5170ec511fb50cdf10d648416d508574d70e9781ddf156a1b2a86d2b385e94dc,100,1729,maximum_nontransitivity_hybrid_gain,2000.0,3000.0
kata1-b6c96-s8080640-d1961030-temp-0.7,90,1000.6143362920426,919.9519110372211,1081.2767615468642,997.4564556464111,3.157880645631508,2,a5803f8a5d9d87202b43d709cb328cedaf18c446af448f705c33d553e8c2e9f7,5170ec511fb50cdf10d648416d508574d70e9781ddf156a1b2a86d2b385e94dc,100,1729,maximum_nontransitivity_hybrid_gain,2000.0,3000.0
kata1-b6c96-s8080640-d1961030-temp-0.7,92,1003.9946343253254,924.3076042167969,1083.681664433854,997.4564556464111,6.538178678914278,2,a5803f8a5d9d87202b43d709cb328cedaf18c446af448f705c33d553e8c2e9f7,5170ec511fb50cdf10d648416d508574d70e9781ddf156a1b2a86d2b385e94dc,100,1729,maximum_nontransitivity_hybrid_gain,2000.0,3000.0
kata1-b6c96-s8080640-d1961030-temp-0.7,94,1009.9259479355794,931.3855725539104,1088.4663233172485,997.4564556464111,12.469492289168329,2,a5803f8a5d9d87202b43d709cb328cedaf18c446af448f705c33d553e8c2e9f7,5170ec511fb50cdf10d648416d508574d70e9781ddf156a1b2a86d2b385e94dc,100,1729,maximum_nontransitivity_hybrid_gain,2000.0,3000.0
kata1-b6c96-s8080640-d1961030-temp-0.7,96,1019.684959304727,942.4024631893711,1096.9674554200828,997.4564556464111,22.228503658315958,2,a5803f8a5d9d87202b43d709cb328cedaf18c446af448f705c33d553e8c2e9f7,5170ec511fb50cdf10d648416d508574d70e9781ddf156a1b2a86d2b385e94dc,100,1729,maximum_nontransitivity_hybrid_gain,2000.0,3000.0
kata1-b6c96-s8080640-d1961030-temp-0.7,98,1012.7368762464879,935.9241012370152,1089.5496512559607,997.4564556464111,15.280420600076809,2,a5803f8a5d9d87202b43d709cb328cedaf18c446af448f705c33d553e8c2e9f7,5170ec511fb50cdf10d648416d508574d70e9781ddf156a1b2a86d2b385e94dc,100,1729,maximum_nontransitivity_hybrid_gain,2000.0,3000.0
kata1-b6c96-s8080640-d1961030-temp-0.7,100,1007.4988071106103,931.1289031526389,1083.8687110685817,997.4564556464111,10.042351464199214,2,a5803f8a5d9d87202b43d709cb328cedaf18c446af448f705c33d553e8c2e9f7,5170ec511fb50cdf10d648416d508574d70e9781ddf156a1b2a86d2b385e94dc,100,1729,maximum_nontransitivity_hybrid_gain,2000.0,3000.0
kata1-b6c96-s4136960-d1510003,2,1152.7974656342496,-1281.8293236752222,3587.4242549437213,1103.3176616901274,49.479803944122295,2,a5803f8a5d9d87202b43d709cb328cedaf18c446af448f705c33d553e8c2e9f7,5170ec511fb50cdf10d648416d508574d70e9781ddf156a1b2a86d2b385e94dc,100,1729,maximum_nontransitivity_hybrid_gain,2000.0,3000.0
kata1-b6c96-s4136960-d1510003,4,1582.647066054958,974.7194306433557,2190.5747014665603,1103.3176616901274,479.3294043648307,2,a5803f8a5d9d87202b43d709cb328cedaf18c446af448f705c33d553e8c2e9f7,5170ec511fb50cdf10d648416d508574d70e9781ddf156a1b2a86d2b385e94dc,100,1729,maximum_nontransitivity_hybrid_gain,2000.0,3000.0
kata1-b6c96-s4136960-d1510003,6,1515.4282610176526,1000.7818066474132,2030.074715387892,1103.3176616901274,412.1105993275253,2,a5803f8a5d9d87202b43d709cb328cedaf18c446af448f705c33d553e8c2e9f7,5170ec511fb50cdf10d648416d508574d70e9781ddf156a1b2a86d2b385e94dc,100,1729,maximum_nontransitivity_hybrid_gain,2000.0,3000.0
kata1-b6c96-s4136960-d1510003,8,1317.5440802787562,948.678203546447,1686.4099570110652,1103.3176616901274,214.2264185886288,2,a5803f8a5d9d87202b43d709cb328cedaf18c446af448f705c33d553e8c2e9f7,5170ec511fb50cdf10d648416d508574d70e9781ddf156a1b2a86d2b385e94dc,100,1729,maximum_nontransitivity_hybrid_gain,2000.0,3000.0
kata1-b6c96-s4136960-d1510003,10,1328.8116014517236,1034.1127037138717,1623.5104991895755,1103.3176616901274,225.49393976159627,2,a5803f8a5d9d87202b43d709cb328cedaf18c446af448f705c33d553e8c2e9f7,5170ec511fb50cdf10d648416d508574d70e9781ddf156a1b2a86d2b385e94dc,100,1729,maximum_nontransitivity_hybrid_gain,2000.0,3000.0
kata1-b6c96-s4136960-d1510003,12,1235.5991989646514,971.793442304478,1499.4049556248247,1103.3176616901274,132.281537274524,2,a5803f8a5d9d87202b43d709cb328cedaf18c446af448f705c33d553e8c2e9f7,5170ec511fb50cdf10d648416d508574d70e9781ddf156a1b2a86d2b385e94dc,100,1729,maximum_nontransitivity_hybrid_gain,2000.0,3000.0
kata1-b6c96-s4136960-d1510003,14,1130.6386927345955,879.9826368765403,1381.2947485926506,1103.3176616901274,27.3210310444681,2,a5803f8a5d9d87202b43d709cb328cedaf18c446af448f705c33d553e8c2e9f7,5170ec511fb50cdf10d648416d508574d70e9781ddf156a1b2a86d2b385e94dc,100,1729,maximum_nontransitivity_hybrid_gain,2000.0,3000.0
kata1-b6c96-s4136960-d1510003,16,1049.9961024063184,809.0867344804772,1290.9054703321597,1103.3176616901274,-53.32155928380894,2,a5803f8a5d9d87202b43d709cb328cedaf18c446af448f705c33d553e8c2e9f7,5170ec511fb50cdf10d648416d508574d70e9781ddf156a1b2a86d2b385e94dc,100,1729,maximum_nontransitivity_hybrid_gain,2000.0,3000.0
kata1-b6c96-s4136960-d1510003,18,1064.5717115036107,849.9680018069147,1279.1754212003066,1103.3176616901274,-38.745950186516666,2,a5803f8a5d9d87202b43d709cb328cedaf18c446af448f705c33d553e8c2e9f7,5170ec511fb50cdf10d648416d508574d70e9781ddf156a1b2a86d2b385e94dc,100,1729,maximum_nontransitivity_hybrid_gain,2000.0,3000.0
kata1-b6c96-s4136960-d1510003,20,1045.1516504129286,844.0873354157214,1246.2159654101356,1103.3176616901274,-58.16601127719878,2,a5803f8a5d9d87202b43d709cb328cedaf18c446af448f705c33d553e8c2e9f7,5170ec511fb50cdf10d648416d508574d70e9781ddf156a1b2a86d2b385e94dc,100,1729,maximum_nontransitivity_hybrid_gain,2000.0,3000.0
kata1-b6c96-s4136960-d1510003,22,1056.581018570828,871.3265938219205,1241.8354433197355,1103.3176616901274,-46.73664311929929,2,a5803f8a5d9d87202b43d709cb328cedaf18c446af448f705c33d553e8c2e9f7,5170ec511fb50cdf10d648416d508574d70e9781ddf156a1b2a86d2b385e94dc,100,1729,maximum_nontransitivity_hybrid_gain,2000.0,3000.0
kata1-b6c96-s4136960-d1510003,24,1065.111597242506,892.1744376038962,1238.0487568811157,1103.3176616901274,-38.20606444762143,2,a5803f8a5d9d87202b43d709cb328cedaf18c446af448f705c33d553e8c2e9f7,5170ec511fb50cdf10d648416d508574d70e9781ddf156a1b2a86d2b385e94dc,100,1729,maximum_nontransitivity_hybrid_gain,2000.0,3000.0
kata1-b6c96-s4136960-d1510003,26,1031.3438171002902,863.0135399607233,1199.6740942398571,1103.3176616901274,-71.9738445898372,2,a5803f8a5d9d87202b43d709cb328cedaf18c446af448f705c33d553e8c2e9f7,5170ec511fb50cdf10d648416d508574d70e9781ddf156a1b2a86d2b385e94dc,100,1729,maximum_nontransitivity_hybrid_gain,2000.0,3000.0
kata1-b6c96-s4136960-d1510003,28,1040.98810911105,882.2033424219288,1199.7728758001713,1103.3176616901274,-62.329552579077244,2,a5803f8a5d9d87202b43d709cb328cedaf18c446af448f705c33d553e8c2e9f7,5170ec511fb50cdf10d648416d508574d70e9781ddf156a1b2a86d2b385e94dc,100,1729,maximum_nontransitivity_hybrid_gain,2000.0,3000.0
kata1-b6c96-s4136960-d1510003,30,1048.807914673665,897.9637785393713,1199.6520508079586,1103.3176616901274,-54.50974701646237,2,a5803f8a5d9d87202b43d709cb328cedaf18c446af448f705c33d553e8c2e9f7,5170ec511fb50cdf10d648416d508574d70e9781ddf156a1b2a86d2b385e94dc,100,1729,maximum_nontransitivity_hybrid_gain,2000.0,3000.0
kata1-b6c96-s4136960-d1510003,32,1055.3202534946984,911.2270703346103,1199.4134366547864,1103.3176616901274,-47.99740819542899,2,a5803f8a5d9d87202b43d709cb328cedaf18c446af448f705c33d553e8c2e9f7,5170ec511fb50cdf10d648416d508574d70e9781ddf156a1b2a86d2b385e94dc,100,1729,maximum_nontransitivity_hybrid_gain,2000.0,3000.0
kata1-b6c96-s4136960-d1510003,34,1032.2331015118605,890.9966095589305,1173.4695934647905,1103.3176616901274,-71.08456017826688,2,a5803f8a5d9d87202b43d709cb328cedaf18c446af448f705c33d553e8c2e9f7,5170ec511fb50cdf10d648416d508574d70e9781ddf156a1b2a86d2b385e94dc,100,1729,maximum_nontransitivity_hybrid_gain,2000.0,3000.0
kata1-b6c96-s4136960-d1510003,36,1039.1533537087,903.5522211422567,1174.7544862751433,1103.3176616901274,-64.16430798142733,2,a5803f8a5d9d87202b43d709cb328cedaf18c446af448f705c33d553e8c2e9f7,5170ec511fb50cdf10d648416d508574d70e9781ddf156a1b2a86d2b385e94dc,100,1729,maximum_nontransitivity_hybrid_gain,2000.0,3000.0
kata1-b6c96-s4136960-d1510003,38,1019.6806615641116,886.3156266665956,1153.0456964616276,1103.3176616901274,-83.63700012601578,2,a5803f8a5d9d87202b43d709cb328cedaf18c446af448f705c33d553e8c2e9f7,5170ec511fb50cdf10d648416d508574d70e9781ddf156a1b2a86d2b385e94dc,100,1729,maximum_nontransitivity_hybrid_gain,2000.0,3000.0
kata1-b6c96-s4136960-d1510003,40,1002.013837164157,870.5595983873156,1133.4680759409985,1103.3176616901274,-101.3038245259703,2,a5803f8a5d9d87202b43d709cb328cedaf18c446af448f705c33d553e8c2e9f7,5170ec511fb50cdf10d648416d508574d70e9781ddf156a1b2a86d2b385e94dc,100,1729,maximum_nontransitivity_hybrid_gain,2000.0,3000.0
kata1-b6c96-s4136960-d1510003,42,1009.841100283979,883.0847954663328,1136.5974051016253,1103.3176616901274,-93.47656140614833,2,a5803f8a5d9d87202b43d709cb328cedaf18c446af448f705c33d553e8c2e9f7,5170ec511fb50cdf10d648416d508574d70e9781ddf156a1b2a86d2b385e94dc,100,1729,maximum_nontransitivity_hybrid_gain,2000.0,3000.0
kata1-b6c96-s4136960-d1510003,44,1016.7122755324892,894.1170281541778,1139.3075229108008,1103.3176616901274,-86.60538615763812,2,a5803f8a5d9d87202b43d709cb328cedaf18c446af448f705c33d553e8c2e9f7,5170ec511fb50cdf10d648416d508574d70e9781ddf156a1b2a86d2b385e94dc,100,1729,maximum_nontransitivity_hybrid_gain,2000.0,3000.0
kata1-b6c96-s4136960-d1510003,46,1022.798056740125,903.9256251935387,1141.6704882867114,1103.3176616901274,-80.5196049500023,2,a5803f8a5d9d87202b43d709cb328cedaf18c446af448f705c33d553e8c2e9f7,5170ec511fb50cdf10d648416d508574d70e9781ddf156a1b2a86d2b385e94dc,100,1729,maximum_nontransitivity_hybrid_gain,2000.0,3000.0
kata1-b6c96-s4136960-d1510003,48,1008.5995222157027,891.1505777381849,1126.0484666932205,1103.3176616901274,-94.71813947442467,2,a5803f8a5d9d87202b43d709cb328cedaf18c446af448f705c33d553e8c2e9f7,5170ec511fb50cdf10d648416d508574d70e9781ddf156a1b2a86d2b385e94dc,100,1729,maximum_nontransitivity_hybrid_gain,2000.0,3000.0
kata1-b6c96-s4136960-d1510003,50,1033.0763715931932,920.6183619767406,1145.5343812096457,1103.3176616901274,-70.24129009693411,2,a5803f8a5d9d87202b43d709cb328cedaf18c446af448f705c33d553e8c2e9f7,5170ec511fb50cdf10d648416d508574d70e9781ddf156a1b2a86d2b385e94dc,100,1729,maximum_nontransitivity_hybrid_gain,2000.0,3000.0
kata1-b6c96-s4136960-d1510003,52,1038.8244628384302,929.2082650530435,1148.440660623817,1103.3176616901274,-64.49319885169712,2,a5803f8a5d9d87202b43d709cb328cedaf18c446af448f705c33d553e8c2e9f7,5170ec511fb50cdf10d648416d508574d70e9781ddf156a1b2a86d2b385e94dc,100,1729,maximum_nontransitivity_hybrid_gain,2000.0,3000.0
kata1-b6c96-s4136960-d1510003,54,1060.4068783001185,954.5150571520871,1166.2986994481498,1103.3176616901274,-42.91078339000887,2,a5803f8a5d9d87202b43d709cb328cedaf18c446af448f705c33d553e8c2e9f7,5170ec511fb50cdf10d648416d508574d70e9781ddf156a1b2a86d2b385e94dc,100,1729,maximum_nontransitivity_hybrid_gain,2000.0,3000.0
kata1-b6c96-s4136960-d1510003,56,1064.3715658849037,960.7744988965349,1167.9686328732726,1103.3176616901274,-38.94609580522365,2,a5803f8a5d9d87202b43d709cb328cedaf18c446af448f705c33d553e8c2e9f7,5170ec511fb50cdf10d648416d508574d70e9781ddf156a1b2a86d2b385e94dc,100,1729,maximum_nontransitivity_hybrid_gain,2000.0,3000.0
kata1-b6c96-s4136960-d1510003,58,1082.6953748777814,981.9745683527341,1183.416181402829,1103.3176616901274,-20.62228681234592,2,a5803f8a5d9d87202b43d709cb328cedaf18c446af448f705c33d553e8c2e9f7,5170ec511fb50cdf10d648416d508574d70e9781ddf156a1b2a86d2b385e94dc,100,1729,maximum_nontransitivity_hybrid_gain,2000.0,3000.0
kata1-b6c96-s4136960-d1510003,60,1085.436408276946,986.6377693716473,1184.2350471822444,1103.3176616901274,-17.881253413181412,2,a5803f8a5d9d87202b43d709cb328cedaf18c446af448f705c33d553e8c2e9f7,5170ec511fb50cdf10d648416d508574d70e9781ddf156a1b2a86d2b385e94dc,100,1729,maximum_nontransitivity_hybrid_gain,2000.0,3000.0
kata1-b6c96-s4136960-d1510003,62,1087.9689127706781,990.9735687107975,1184.9642568305587,1103.3176616901274,-15.348748919449235,2,a5803f8a5d9d87202b43d709cb328cedaf18c446af448f705c33d553e8c2e9f7,5170ec511fb50cdf10d648416d508574d70e9781ddf156a1b2a86d2b385e94dc,100,1729,maximum_nontransitivity_hybrid_gain,2000.0,3000.0
kata1-b6c96-s4136960-d1510003,64,1090.3490494803716,995.0478795721388,1185.6502193886045,1103.3176616901274,-12.968612209755747,2,a5803f8a5d9d87202b43d709cb328cedaf18c446af448f705c33d553e8c2e9f7,5170ec511fb50cdf10d648416d508574d70e9781ddf156a1b2a86d2b385e94dc,100,1729,maximum_nontransitivity_hybrid_gain,2000.0,3000.0
kata1-b6c96-s4136960-d1510003,66,1092.5631747657794,998.8593167332076,1186.2670327983512,1103.3176616901274,-10.75448692434793,2,a5803f8a5d9d87202b43d709cb328cedaf18c446af448f705c33d553e8c2e9f7,5170ec511fb50cdf10d648416d508574d70e9781ddf156a1b2a86d2b385e94dc,100,1729,maximum_nontransitivity_hybrid_gain,2000.0,3000.0
kata1-b6c96-s4136960-d1510003,68,1094.6282412782555,1002.4337013670042,1186.8227811895067,1103.3176616901274,-8.689420411871879,2,a5803f8a5d9d87202b43d709cb328cedaf18c446af448f705c33d553e8c2e9f7,5170ec511fb50cdf10d648416d508574d70e9781ddf156a1b2a86d2b385e94dc,100,1729,maximum_nontransitivity_hybrid_gain,2000.0,3000.0
kata1-b6c96-s4136960-d1510003,70,1096.558961580087,1005.7935112896379,1187.324411870536,1103.3176616901274,-6.758700110040309,2,a5803f8a5d9d87202b43d709cb328cedaf18c446af448f705c33d553e8c2e9f7,5170ec511fb50cdf10d648416d508574d70e9781ddf156a1b2a86d2b385e94dc,100,1729,maximum_nontransitivity_hybrid_gain,2000.0,3000.0
kata1-b6c96-s4136960-d1510003,72,1098.3348572764164,1008.9270110086475,1187.7427035441854,1103.3176616901274,-4.982804413710937,2,a5803f8a5d9d87202b43d709cb328cedaf18c446af448f705c33d553e8c2e9f7,5170ec511fb50cdf10d648416d508574d70e9781ddf156a1b2a86d2b385e94dc,100,1729,maximum_nontransitivity_hybrid_gain,2000.0,3000.0
kata1-b6c96-s4136960-d1510003,74,1089.071701942526,1000.5786827840509,1177.5647211010012,1103.3176616901274,-14.245959747601319,2,a5803f8a5d9d87202b43d709cb328cedaf18c446af448f705c33d553e8c2e9f7,5170ec511fb50cdf10d648416d508574d70e9781ddf156a1b2a86d2b385e94dc,100,1729,maximum_nontransitivity_hybrid_gain,2000.0,3000.0
kata1-b6c96-s4136960-d1510003,76,1101.5990210899872,1014.7076806742726,1188.4903615057017,1103.3176616901274,-1.7186406001401338,2,a5803f8a5d9d87202b43d709cb328cedaf18c446af448f705c33d553e8c2e9f7,5170ec511fb50cdf10d648416d508574d70e9781ddf156a1b2a86d2b385e94dc,100,1729,maximum_nontransitivity_hybrid_gain,2000.0,3000.0
kata1-b6c96-s4136960-d1510003,78,1092.7935620690803,1006.7484749665063,1178.8386491716544,1103.3176616901274,-10.524099621047071,2,a5803f8a5d9d87202b43d709cb328cedaf18c446af448f705c33d553e8c2e9f7,5170ec511fb50cdf10d648416d508574d70e9781ddf156a1b2a86d2b385e94dc,100,1729,maximum_nontransitivity_hybrid_gain,2000.0,3000.0
kata1-b6c96-s4136960-d1510003,80,1094.4796574185452,1009.5743219729009,1179.3849928641896,1103.3176616901274,-8.838004271582122,2,a5803f8a5d9d87202b43d709cb328cedaf18c446af448f705c33d553e8c2e9f7,5170ec511fb50cdf10d648416d508574d70e9781ddf156a1b2a86d2b385e94dc,100,1729,maximum_nontransitivity_hybrid_gain,2000.0,3000.0
kata1-b6c96-s4136960-d1510003,82,1095.4030639537193,1011.599934944225,1179.2061929632137,1103.3176616901274,-7.914597736408041,2,a5803f8a5d9d87202b43d709cb328cedaf18c446af448f705c33d553e8c2e9f7,5170ec511fb50cdf10d648416d508574d70e9781ddf156a1b2a86d2b385e94dc,100,1729,maximum_nontransitivity_hybrid_gain,2000.0,3000.0
kata1-b6c96-s4136960-d1510003,84,1106.4106028063122,1023.9140965173174,1188.907109095307,1103.3176616901274,3.0929411161848748,2,a5803f8a5d9d87202b43d709cb328cedaf18c446af448f705c33d553e8c2e9f7,5170ec511fb50cdf10d648416d508574d70e9781ddf156a1b2a86d2b385e94dc,100,1729,maximum_nontransitivity_hybrid_gain,2000.0,3000.0
kata1-b6c96-s4136960-d1510003,86,1098.4093746422702,1016.6466337565842,1180.1721155279563,1103.3176616901274,-4.908287047857129,2,a5803f8a5d9d87202b43d709cb328cedaf18c446af448f705c33d553e8c2e9f7,5170ec511fb50cdf10d648416d508574d70e9781ddf156a1b2a86d2b385e94dc,100,1729,maximum_nontransitivity_hybrid_gain,2000.0,3000.0
kata1-b6c96-s4136960-d1510003,88,1099.133221717025,1018.3455392588095,1179.9209041752406,1103.3176616901274,-4.184439973102371,2,a5803f8a5d9d87202b43d709cb328cedaf18c446af448f705c33d553e8c2e9f7,5170ec511fb50cdf10d648416d508574d70e9781ddf156a1b2a86d2b385e94dc,100,1729,maximum_nontransitivity_hybrid_gain,2000.0,3000.0
kata1-b6c96-s4136960-d1510003,90,1099.8200343677586,1019.9688466875087,1179.6712220480085,1103.3176616901274,-3.4976273223687713,2,a5803f8a5d9d87202b43d709cb328cedaf18c446af448f705c33d553e8c2e9f7,5170ec511fb50cdf10d648416d508574d70e9781ddf156a1b2a86d2b385e94dc,100,1729,maximum_nontransitivity_hybrid_gain,2000.0,3000.0
kata1-b6c96-s4136960-d1510003,92,1109.659052382202,1030.8999740140669,1188.418130750337,1103.3176616901274,6.341390692074583,2,a5803f8a5d9d87202b43d709cb328cedaf18c446af448f705c33d553e8c2e9f7,5170ec511fb50cdf10d648416d508574d70e9781ddf156a1b2a86d2b385e94dc,100,1729,maximum_nontransitivity_hybrid_gain,2000.0,3000.0
kata1-b6c96-s4136960-d1510003,94,1110.6985980235793,1032.7785764064772,1188.6186196406813,1103.3176616901274,7.380936333451928,2,a5803f8a5d9d87202b43d709cb328cedaf18c446af448f705c33d553e8c2e9f7,5170ec511fb50cdf10d648416d508574d70e9781ddf156a1b2a86d2b385e94dc,100,1729,maximum_nontransitivity_hybrid_gain,2000.0,3000.0
kata1-b6c96-s4136960-d1510003,96,1111.076334987234,1033.9833817748702,1188.169288199598,1103.3176616901274,7.758673297106725,2,a5803f8a5d9d87202b43d709cb328cedaf18c446af448f705c33d553e8c2e9f7,5170ec511fb50cdf10d648416d508574d70e9781ddf156a1b2a86d2b385e94dc,100,1729,maximum_nontransitivity_hybrid_gain,2000.0,3000.0
kata1-b6c96-s4136960-d1510003,98,1112.0054665545913,1035.6945552274553,1188.3163778817272,1103.3176616901274,8.687804864463942,2,a5803f8a5d9d87202b43d709cb328cedaf18c446af448f705c33d553e8c2e9f7,5170ec511fb50cdf10d648416d508574d70e9781ddf156a1b2a86d2b385e94dc,100,1729,maximum_nontransitivity_hybrid_gain,2000.0,3000.0
kata1-b6c96-s4136960-d1510003,100,1116.2987953453223,1040.8285930923853,1191.7689975982594,1103.3176616901274,12.98113365519498,2,a5803f8a5d9d87202b43d709cb328cedaf18c446af448f705c33d553e8c2e9f7,5170ec511fb50cdf10d648416d508574d70e9781ddf156a1b2a86d2b385e94dc,100,1729,maximum_nontransitivity_hybrid_gain,2000.0,3000.0
kata1-b6c96-s8080640-d1961030-temp-0.5,2,1157.9973964294559,-1282.7848681513078,3598.7796610102196,1246.7245142338181,-88.72711780436225,2,a5803f8a5d9d87202b43d709cb328cedaf18c446af448f705c33d553e8c2e9f7,5170ec511fb50cdf10d648416d508574d70e9781ddf156a1b2a86d2b385e94dc,100,1729,maximum_nontransitivity_hybrid_gain,2000.0,3000.0
kata1-b6c96-s8080640-d1961030-temp-0.5,4,1163.1425346559106,680.1161776875742,1646.168891624247,1246.7245142338181,-83.58197957790753,2,a5803f8a5d9d87202b43d709cb328cedaf18c446af448f705c33d553e8c2e9f7,5170ec511fb50cdf10d648416d508574d70e9781ddf156a1b2a86d2b385e94dc,100,1729,maximum_nontransitivity_hybrid_gain,2000.0,3000.0
kata1-b6c96-s8080640-d1961030-temp-0.5,6,1352.6029382830939,970.130498083122,1735.0753784830658,1246.7245142338181,105.87842404927574,2,a5803f8a5d9d87202b43d709cb328cedaf18c446af448f705c33d553e8c2e9f7,5170ec511fb50cdf10d648416d508574d70e9781ddf156a1b2a86d2b385e94dc,100,1729,maximum_nontransitivity_hybrid_gain,2000.0,3000.0
kata1-b6c96-s8080640-d1961030-temp-0.5,8,1353.002268717798,1050.9747720217988,1655.0297654137971,1246.7245142338181,106.27775448397983,2,a5803f8a5d9d87202b43d709cb328cedaf18c446af448f705c33d553e8c2e9f7,5170ec511fb50cdf10d648416d508574d70e9781ddf156a1b2a86d2b385e94dc,100,1729,maximum_nontransitivity_hybrid_gain,2000.0,3000.0
kata1-b6c96-s8080640-d1961030-temp-0.5,10,1257.3099332771885,1004.6782196917002,1509.9416468626769,1246.7245142338181,10.585419043370393,2,a5803f8a5d9d87202b43d709cb328cedaf18c446af448f705c33d553e8c2e9f7,5170ec511fb50cdf10d648416d508574d70e9781ddf156a1b2a86d2b385e94dc,100,1729,maximum_nontransitivity_hybrid_gain,2000.0,3000.0
kata1-b6c96-s8080640-d1961030-temp-0.5,12,1237.9762918901658,1011.4629695442115,1464.4896142361201,1246.7245142338181,-8.748222343652287,2,a5803f8a5d9d87202b43d709cb328cedaf18c446af448f705c33d553e8c2e9f7,5170ec511fb50cdf10d648416d508574d70e9781ddf156a1b2a86d2b385e94dc,100,1729,maximum_nontransitivity_hybrid_gain,2000.0,3000.0
kata1-b6c96-s8080640-d1961030-temp-0.5,14,1161.2594364697668,951.648870507415,1370.8700024321186,1246.7245142338181,-85.46507776405133,2,a5803f8a5d9d87202b43d709cb328cedaf18c446af448f705c33d553e8c2e9f7,5170ec511fb50cdf10d648416d508574d70e9781ddf156a1b2a86d2b385e94dc,100,1729,maximum_nontransitivity_hybrid_gain,2000.0,3000.0
kata1-b6c96-s8080640-d1961030-temp-0.5,16,1211.6472235949536,1019.9431991527704,1403.3512480371369,1246.7245142338181,-35.0772906388645,2,a5803f8a5d9d87202b43d709cb328cedaf18c446af448f705c33d553e8c2e9f7,5170ec511fb50cdf10d648416d508574d70e9781ddf156a1b2a86d2b385e94dc,100,1729,maximum_nontransitivity_hybrid_gain,2000.0,3000.0
kata1-b6c96-s8080640-d1961030-temp-0.5,18,1201.3366809656704,1021.9694414227547,1380.7039205085862,1246.7245142338181,-45.38783326814769,2,a5803f8a5d9d87202b43d709cb328cedaf18c446af448f705c33d553e8c2e9f7,5170ec511fb50cdf10d648416d508574d70e9781ddf156a1b2a86d2b385e94dc,100,1729,maximum_nontransitivity_hybrid_gain,2000.0,3000.0
kata1-b6c96-s8080640-d1961030-temp-0.5,20,1235.6918699171122,1065.6333783144867,1405.7503615197377,1246.7245142338181,-11.032644316705955,2,a5803f8a5d9d87202b43d709cb328cedaf18c446af448f705c33d553e8c2e9f7,5170ec511fb50cdf10d648416d508574d70e9781ddf156a1b2a86d2b385e94dc,100,1729,maximum_nontransitivity_hybrid_gain,2000.0,3000.0
kata1-b6c96-s8080640-d1961030-temp-0.5,22,1205.936478964507,1045.3541882023685,1366.5187697266454,1246.7245142338181,-40.788035269311194,2,a5803f8a5d9d87202b43d709cb328cedaf18c446af448f705c33d553e8c2e9f7,5170ec511fb50cdf10d648416d508574d70e9781ddf156a1b2a86d2b385e94dc,100,1729,maximum_nontransitivity_hybrid_gain,2000.0,3000.0
kata1-b6c96-s8080640-d1961030-temp-0.5,24,1199.001901092408,1045.9477444676866,1352.0560577171293,1246.7245142338181,-47.72261314141019,2,a5803f8a5d9d87202b43d709cb328cedaf18c446af448f705c33d553e8c2e9f7,5170ec511fb50cdf10d648416d508574d70e9781ddf156a1b2a86d2b385e94dc,100,1729,maximum_nontransitivity_hybrid_gain,2000.0,3000.0
kata1-b6c96-s8080640-d1961030-temp-0.5,26,1224.8701160105836,1077.3977560725298,1372.3424759486375,1246.7245142338181,-21.85439822323451,2,a5803f8a5d9d87202b43d709cb328cedaf18c446af448f705c33d553e8c2e9f7,5170ec511fb50cdf10d648416d508574d70e9781ddf156a1b2a86d2b385e94dc,100,1729,maximum_nontransitivity_hybrid_gain,2000.0,3000.0
kata1-b6c96-s8080640-d1961030-temp-0.5,28,1247.0809602531597,1103.955742644212,1390.2061778621073,1246.7245142338181,0.35644601934154707,2,a5803f8a5d9d87202b43d709cb328cedaf18c446af448f705c33d553e8c2e9f7,5170ec511fb50cdf10d648416d508574d70e9781ddf156a1b2a86d2b385e94dc,100,1729,maximum_nontransitivity_hybrid_gain,2000.0,3000.0
kata1-b6c96-s8080640-d1961030-temp-0.5,30,1266.5405114086068,1126.9077868391703,1406.1732359780433,1246.7245142338181,19.815997174788663,2,a5803f8a5d9d87202b43d709cb328cedaf18c446af448f705c33d553e8c2e9f7,5170ec511fb50cdf10d648416d508574d70e9781ddf156a1b2a86d2b385e94dc,100,1729,maximum_nontransitivity_hybrid_gain,2000.0,3000.0
kata1-b6c96-s8080640-d1961030-temp-0.5,32,1257.1115874329596,1122.7148544240845,1391.5083204418347,1246.7245142338181,10.387073199141469,2,a5803f8a5d9d87202b43d709cb328cedaf18c446af448f705c33d553e8c2e9f7,5170ec511fb50cdf10d648416d508574d70e9781ddf156a1b2a86d2b385e94dc,100,1729,maximum_nontransitivity_hybrid_gain,2000.0,3000.0
kata1-b6c96-s8080640-d1961030-temp-0.5,34,1273.7424435933756,1142.0086317259825,1405.4762554607687,1246.7245142338181,27.017929359557456,2,a5803f8a5d9d87202b43d709cb328cedaf18c446af448f705c33d553e8c2e9f7,5170ec511fb50cdf10d648416d508574d70e9781ddf156a1b2a86d2b385e94dc,100,1729,maximum_nontransitivity_hybrid_gain,2000.0,3000.0
kata1-b6c96-s8080640-d1961030-temp-0.5,36,1288.796932051138,1159.315742465053,1418.2781216372227,1246.7245142338181,42.072417817319774,2,a5803f8a5d9d87202b43d709cb328cedaf18c446af448f705c33d553e8c2e9f7,5170ec511fb50cdf10d648416d508574d70e9781ddf156a1b2a86d2b385e94dc,100,1729,maximum_nontransitivity_hybrid_gain,2000.0,3000.0
kata1-b6c96-s8080640-d1961030-temp-0.5,38,1279.4376590266968,1154.27827374508,1404.5970443083136,1246.7245142338181,32.713144792878666,2,a5803f8a5d9d87202b43d709cb328cedaf18c446af448f705c33d553e8c2e9f7,5170ec511fb50cdf10d648416d508574d70e9781ddf156a1b2a86d2b385e94dc,100,1729,maximum_nontransitivity_hybrid_gain,2000.0,3000.0
kata1-b6c96-s8080640-d1961030-temp-0.5,40,1271.1514443915444,1149.8655725792246,1392.4373162038642,1246.7245142338181,24.426930157726247,2,a5803f8a5d9d87202b43d709cb328cedaf18c446af448f705c33d553e8c2e9f7,5170ec511fb50cdf10d648416d508574d70e9781ddf156a1b2a86d2b385e94dc,100,1729,maximum_nontransitivity_hybrid_gain,2000.0,3000.0
kata1-b6c96-s8080640-d1961030-temp-0.5,42,1284.0612957231801,1164.4972656974871,1403.6253257488731,1246.7245142338181,37.33678148936201,2,a5803f8a5d9d87202b43d709cb328cedaf18c446af448f705c33d553e8c2e9f7,5170ec511fb50cdf10d648416d508574d70e9781ddf156a1b2a86d2b385e94dc,100,1729,maximum_nontransitivity_hybrid_gain,2000.0,3000.0
kata1-b6c96-s8080640-d1961030-temp-0.5,44,1257.095312390713,1142.4934337636073,1371.6971910178186,1246.7245142338181,10.370798156894807,2,a5803f8a5d9d87202b43d709cb328cedaf18c446af448f705c33d553e8c2e9f7,5170ec511fb50cdf10d648416d508574d70e9781ddf156a1b2a86d2b385e94dc,100,1729,maximum_nontransitivity_hybrid_gain,2000.0,3000.0
kata1-b6c96-s8080640-d1961030-temp-0.5,46,1251.1092865514322,1139.4192270322108,1362.7993460706537,1246.7245142338181,4.384772317614079,2,a5803f8a5d9d87202b43d709cb328cedaf18c446af448f705c33d553e8c2e9f7,5170ec511fb50cdf10d648416d508574d70e9781ddf156a1b2a86d2b385e94dc,100,1729,maximum_nontransitivity_hybrid_gain,2000.0,3000.0
kata1-b6c96-s8080640-d1961030-temp-0.5,48,1245.6785179674234,1136.6665512540212,1354.6904846808256,1246.7245142338181,-1.0459962663946953,2,a5803f8a5d9d87202b43d709cb328cedaf18c446af448f705c33d553e8c2e9f7,5170ec511fb50cdf10d648416d508574d70e9781ddf156a1b2a86d2b385e94dc,100,1729,maximum_nontransitivity_hybrid_gain,2000.0,3000.0
kata1-b6c96-s8080640-d1961030-temp-0.5,50,1257.1106443952497,1149.4957077679733,1364.725581022526,1246.7245142338181,10.386130161431538,2,a5803f8a5d9d87202b43d709cb328cedaf18c446af448f705c33d553e8c2e9f7,5170ec511fb50cdf10d648416d508574d70e9781ddf156a1b2a86d2b385e94dc,100,1729,maximum_nontransitivity_hybrid_gain,2000.0,3000.0
kata1-b6c96-s8080640-d1961030-temp-0.5,52,1267.8002780270792,1161.4322634419643,1374.1682926121941,1246.7245142338181,21.075763793261103,2,a5803f8a5d9d87202b43d709cb328cedaf18c446af448f705c33d553e8c2e9f7,5170ec511fb50cdf10d648416d508574d70e9781ddf156a1b2a86d2b385e94dc,100,1729,maximum_nontransitivity_hybrid_gain,2000.0,3000.0
kata1-b6c96-s8080640-d1961030-temp-0.5,54,1254.5419714789766,1151.0744168481601,1358.0095261097931,1246.7245142338181,7.817457245158494,2,a5803f8a5d9d87202b43d709cb328cedaf18c446af448f705c33d553e8c2e9f7,5170ec511fb50cdf10d648416d508574d70e9781ddf156a1b2a86d2b385e94dc,100,1729,maximum_nontransitivity_hybrid_gain,2000.0,3000.0
kata1-b6c96-s8080640-d1961030-temp-0.5,56,1235.2681069281384,1134.7935963322964,1335.7426175239805,1246.7245142338181,-11.456407305679704,2,a5803f8a5d9d87202b43d709cb328cedaf18c446af448f705c33d553e8c2e9f7,5170ec511fb50cdf10d648416d508574d70e9781ddf156a1b2a86d2b385e94dc,100,1729,maximum_nontransitivity_hybrid_gain,2000.0,3000.0
kata1-b6c96-s8080640-d1961030-temp-0.5,58,1246.5539491276793,1147.2468400758555,1345.861058179503,1246.7245142338181,-0.17056510613883802,2,a5803f8a5d9d87202b43d709cb328cedaf18c446af448f705c33d553e8c2e9f7,5170ec511fb50cdf10d648416d508574d70e9781ddf156a1b2a86d2b385e94dc,100,1729,maximum_nontransitivity_hybrid_gain,2000.0,3000.0
kata1-b6c96-s8080640-d1961030-temp-0.5,60,1246.4284053144027,1148.9473783015662,1343.909432327239,1246.7245142338181,-0.2961089194154738,2,a5803f8a5d9d87202b43d709cb328cedaf18c446af448f705c33d553e8c2e9f7,5170ec511fb50cdf10d648416d508574d70e9781ddf156a1b2a86d2b385e94dc,100,1729,maximum_nontransitivity_hybrid_gain,2000.0,3000.0
kata1-b6c96-s8080640-d1961030-temp-0.5,62,1233.2798343657369,1138.1596105227827,1328.400058208691,1246.7245142338181,-13.444679868081266,2,a5803f8a5d9d87202b43d709cb328cedaf18c446af448f705c33d553e8c2e9f7,5170ec511fb50cdf10d648416d508574d70e9781ddf156a1b2a86d2b385e94dc,100,1729,maximum_nontransitivity_hybrid_gain,2000.0,3000.0
kata1-b6c96-s8080640-d1961030-temp-0.5,64,1233.6092739926453,1140.056540271627,1327.1620077136636,1246.7245142338181,-13.115240241172842,2,a5803f8a5d9d87202b43d709cb328cedaf18c446af448f705c33d553e8c2e9f7,5170ec511fb50cdf10d648416d508574d70e9781ddf156a1b2a86d2b385e94dc,100,1729,maximum_nontransitivity_hybrid_gain,2000.0,3000.0
kata1-b6c96-s8080640-d1961030-temp-0.5,66,1246.0479927119518,1153.4432335244335,1338.65275189947,1246.7245142338181,-0.6765215218663343,2,a5803f8a5d9d87202b43d709cb328cedaf18c446af448f705c33d553e8c2e9f7,5170ec511fb50cdf10d648416d508574d70e9781ddf156a1b2a86d2b385e94dc,100,1729,maximum_nontransitivity_hybrid_gain,2000.0,3000.0
kata1-b6c96-s8080640-d1961030-temp-0.5,68,1234.2296884137736,1143.5702422977797,1324.8891345297675,1246.7245142338181,-12.494825820044525,2,a5803f8a5d9d87202b43d709cb328cedaf18c446af448f705c33d553e8c2e9f7,5170ec511fb50cdf10d648416d508574d70e9781ddf156a1b2a86d2b385e94dc,100,1729,maximum_nontransitivity_hybrid_gain,2000.0,3000.0
kata1-b6c96-s8080640-d1961030-temp-0.5,70,1234.4944490194039,1145.1754747235734,1323.8134233152343,1246.7245142338181,-12.230065214414253,2,a5803f8a5d9d87202b43d709cb328cedaf18c446af448f705c33d553e8c2e9f7,5170ec511fb50cdf10d648416d508574d70e9781ddf156a1b2a86d2b385e94dc,100,1729,maximum_nontransitivity_hybrid_gain,2000.0,3000.0
kata1-b6c96-s8080640-d1961030-temp-0.5,72,1223.875610499455,1136.180686199377,1311.5705347995329,1246.7245142338181,-22.848903734363148,2,a5803f8a5d9d87202b43d709cb328cedaf18c446af448f705c33d553e8c2e9f7,5170ec511fb50cdf10d648416d508574d70e9781ddf156a1b2a86d2b385e94dc,100,1729,maximum_nontransitivity_hybrid_gain,2000.0,3000.0
kata1-b6c96-s8080640-d1961030-temp-0.5,74,1224.4622908657363,1137.9570152997278,1310.967566431745,1246.7245142338181,-22.262223368081777,2,a5803f8a5d9d87202b43d709cb328cedaf18c446af448f705c33d553e8c2e9f7,5170ec511fb50cdf10d648416d508574d70e9781ddf156a1b2a86d2b385e94dc,100,1729,maximum_nontransitivity_hybrid_gain,2000.0,3000.0
kata1-b6c96-s8080640-d1961030-temp-0.5,76,1225.0156607797262,1139.6476802512896,1310.3836413081629,1246.7245142338181,-21.708853454091923,2,a5803f8a5d9d87202b43d709cb328cedaf18c446af448f705c33d553e8c2e9f7,5170ec511fb50cdf10d648416d508574d70e9781ddf156a1b2a86d2b385e94dc,100,1729,maximum_nontransitivity_hybrid_gain,2000.0,3000.0
kata1-b6c96-s8080640-d1961030-temp-0.5,78,1215.6226778358816,1131.5687053020672,1299.676650369696,1246.7245142338181,-31.101836397936495,2,a5803f8a5d9d87202b43d709cb328cedaf18c446af448f705c33d553e8c2e9f7,5170ec511fb50cdf10d648416d508574d70e9781ddf156a1b2a86d2b385e94dc,100,1729,maximum_nontransitivity_hybrid_gain,2000.0,3000.0
kata1-b6c96-s8080640-d1961030-temp-0.5,80,1226.0030171047679,1142.7683434234305,1309.2376907861053,1246.7245142338181,-20.72149712905025,2,a5803f8a5d9d87202b43d709cb328cedaf18c446af448f705c33d553e8c2e9f7,5170ec511fb50cdf10d648416d508574d70e9781ddf156a1b2a86d2b385e94dc,100,1729,maximum_nontransitivity_hybrid_gain,2000.0,3000.0
kata1-b6c96-s8080640-d1961030-temp-0.5,82,1217.0796326846964,1135.0419663815817,1299.1172989878112,1246.7245142338181,-29.644881549121692,2,a5803f8a5d9d87202b43d709cb328cedaf18c446af448f705c33d553e8c2e9f7,5170ec511fb50cdf10d648416d508574d70e9781ddf156a1b2a86d2b385e94dc,100,1729,maximum_nontransitivity_hybrid_gain,2000.0,3000.0
kata1-b6c96-s8080640-d1961030-temp-0.5,84,1217.736433487953,1136.6485721288118,1298.8242948470943,1246.7245142338181,-28.98808074586509,2,a5803f8a5d9d87202b43d709cb328cedaf18c446af448f705c33d553e8c2e9f7,5170ec511fb50cdf10d648416d508574d70e9781ddf156a1b2a86d2b385e94dc,100,1729,maximum_nontransitivity_hybrid_gain,2000.0,3000.0
kata1-b6c96-s8080640-d1961030-temp-0.5,86,1227.280082438694,1146.9330123535399,1307.6271525238483,1246.7245142338181,-19.444431795124046,2,a5803f8a5d9d87202b43d709cb328cedaf18c446af448f705c33d553e8c2e9f7,5170ec511fb50cdf10d648416d508574d70e9781ddf156a1b2a86d2b385e94dc,100,1729,maximum_nontransitivity_hybrid_gain,2000.0,3000.0
kata1-b6c96-s8080640-d1961030-temp-0.5,88,1227.683003954621,1148.2239511145003,1307.1420567947416,1246.7245142338181,-19.041510279197155,2,a5803f8a5d9d87202b43d709cb328cedaf18c446af448f705c33d553e8c2e9f7,5170ec511fb50cdf10d648416d508574d70e9781ddf156a1b2a86d2b385e94dc,100,1729,maximum_nontransitivity_hybrid_gain,2000.0,3000.0
kata1-b6c96-s8080640-d1961030-temp-0.5,90,1219.573128622803,1141.121779311032,1298.0244779345742,1246.7245142338181,-27.15138561101503,2,a5803f8a5d9d87202b43d709cb328cedaf18c446af448f705c33d553e8c2e9f7,5170ec511fb50cdf10d648416d508574d70e9781ddf156a1b2a86d2b385e94dc,100,1729,maximum_nontransitivity_hybrid_gain,2000.0,3000.0
kata1-b6c96-s8080640-d1961030-temp-0.5,92,1220.1382046835602,1142.5019717973914,1297.774437569729,1246.7245142338181,-26.586309550257965,2,a5803f8a5d9d87202b43d709cb328cedaf18c446af448f705c33d553e8c2e9f7,5170ec511fb50cdf10d648416d508574d70e9781ddf156a1b2a86d2b385e94dc,100,1729,maximum_nontransitivity_hybrid_gain,2000.0,3000.0
kata1-b6c96-s8080640-d1961030-temp-0.5,94,1220.6779241121885,1143.828175818028,1297.527672406349,1246.7245142338181,-26.046590121629606,2,a5803f8a5d9d87202b43d709cb328cedaf18c446af448f705c33d553e8c2e9f7,5170ec511fb50cdf10d648416d508574d70e9781ddf156a1b2a86d2b385e94dc,100,1729,maximum_nontransitivity_hybrid_gain,2000.0,3000.0
kata1-b6c96-s8080640-d1961030-temp-0.5,96,1217.2408147872577,1141.2032595648593,1293.278370009656,1246.7245142338181,-29.483699446560422,2,a5803f8a5d9d87202b43d709cb328cedaf18c446af448f705c33d553e8c2e9f7,5170ec511fb50cdf10d648416d508574d70e9781ddf156a1b2a86d2b385e94dc,100,1729,maximum_nontransitivity_hybrid_gain,2000.0,3000.0
kata1-b6c96-s8080640-d1961030-temp-0.5,98,1225.5302277109363,1150.1181988025041,1300.9422566193684,1246.7245142338181,-21.19428652288184,2,a5803f8a5d9d87202b43d709cb328cedaf18c446af448f705c33d553e8c2e9f7,5170ec511fb50cdf10d648416d508574d70e9781ddf156a1b2a86d2b385e94dc,100,1729,maximum_nontransitivity_hybrid_gain,2000.0,3000.0
kata1-b6c96-s8080640-d1961030-temp-0.5,100,1223.592536992009,1148.9079863526104,1298.2770876314075,1246.7245142338181,-23.13197724180918,2,a5803f8a5d9d87202b43d709cb328cedaf18c446af448f705c33d553e8c2e9f7,5170ec511fb50cdf10d648416d508574d70e9781ddf156a1b2a86d2b385e94dc,100,1729,maximum_nontransitivity_hybrid_gain,2000.0,3000.0
kata1-b6c96-s8982784-d2082583-temp-0.5,2,1165.632923629068,-1284.290667931155,3615.556515189291,1364.6826124924817,-199.04968886341362,2,a5803f8a5d9d87202b43d709cb328cedaf18c446af448f705c33d553e8c2e9f7,5170ec511fb50cdf10d648416d508574d70e9781ddf156a1b2a86d2b385e94dc,100,1729,maximum_nontransitivity_hybrid_gain,2000.0,3000.0
kata1-b6c96-s8982784-d2082583-temp-0.5,4,1170.3022065524428,687.1331674089674,1653.4712456959182,1364.6826124924817,-194.38040594003883,2,a5803f8a5d9d87202b43d709cb328cedaf18c446af448f705c33d553e8c2e9f7,5170ec511fb50cdf10d648416d508574d70e9781ddf156a1b2a86d2b385e94dc,100,1729,maximum_nontransitivity_hybrid_gain,2000.0,3000.0
kata1-b6c96-s8982784-d2082583-temp-0.5,6,1359.8877823324576,977.2224816614671,1742.5530830034481,1364.6826124924817,-4.794830160024048,2,a5803f8a5d9d87202b43d709cb328cedaf18c446af448f705c33d553e8c2e9f7,5170ec511fb50cdf10d648416d508574d70e9781ddf156a1b2a86d2b385e94dc,100,1729,maximum_nontransitivity_hybrid_gain,2000.0,3000.0
kata1-b6c96-s8982784-d2082583-temp-0.5,8,1536.4338870068414,1186.604594533711,1886.2631794799718,1364.6826124924817,171.7512745143597,2,a5803f8a5d9d87202b43d709cb328cedaf18c446af448f705c33d553e8c2e9f7,5170ec511fb50cdf10d648416d508574d70e9781ddf156a1b2a86d2b385e94dc,100,1729,maximum_nontransitivity_hybrid_gain,2000.0,3000.0
kata1-b6c96-s8982784-d2082583-temp-0.5,10,1324.862344112643,1063.8584925433615,1585.8661956819246,1364.6826124924817,-39.82026837983858,2,a5803f8a5d9d87202b43d709cb328cedaf18c446af448f705c33d553e8c2e9f7,5170ec511fb50cdf10d648416d508574d70e9781ddf156a1b2a86d2b385e94dc,100,1729,maximum_nontransitivity_hybrid_gain,2000.0,3000.0
kata1-b6c96-s8982784-d2082583-temp-0.5,12,1343.5696674830822,1110.082167178481,1577.0571677876833,1364.6826124924817,-21.112945009399482,2,a5803f8a5d9d87202b43d709cb328cedaf18c446af448f705c33d553e8c2e9f7,5170ec511fb50cdf10d648416d508574d70e9781ddf156a1b2a86d2b385e94dc,100,1729,maximum_nontransitivity_hybrid_gain,2000.0,3000.0
kata1-b6c96-s8982784-d2082583-temp-0.5,14,1382.3343008697827,1162.3121307789738,1602.3564709605917,1364.6826124924817,17.65168837730107,2,a5803f8a5d9d87202b43d709cb328cedaf18c446af448f705c33d553e8c2e9f7,5170ec511fb50cdf10d648416d508574d70e9781ddf156a1b2a86d2b385e94dc,100,1729,maximum_nontransitivity_hybrid_gain,2000.0,3000.0
kata1-b6c96-s8982784-d2082583-temp-0.5,16,1412.5530797961953,1201.458699143847,1623.6474604485436,1364.6826124924817,47.87046730371367,2,a5803f8a5d9d87202b43d709cb328cedaf18c446af448f705c33d553e8c2e9f7,5170ec511fb50cdf10d648416d508574d70e9781ddf156a1b2a86d2b385e94dc,100,1729,maximum_nontransitivity_hybrid_gain,2000.0,3000.0
kata1-b6c96-s8982784-d2082583-temp-0.5,18,1437.3836050372083,1232.7210589607505,1642.0461511136662,1364.6826124924817,72.70099254472666,2,a5803f8a5d9d87202b43d709cb328cedaf18c446af448f705c33d553e8c2e9f7,5170ec511fb50cdf10d648416d508574d70e9781ddf156a1b2a86d2b385e94dc,100,1729,maximum_nontransitivity_hybrid_gain,2000.0,3000.0
kata1-b6c96-s8982784-d2082583-temp-0.5,20,1458.4976767490932,1258.7306303023213,1658.2647231958651,1364.6826124924817,93.81506425661155,2,a5803f8a5d9d87202b43d709cb328cedaf18c446af448f705c33d553e8c2e9f7,5170ec511fb50cdf10d648416d508574d70e9781ddf156a1b2a86d2b385e94dc,100,1729,maximum_nontransitivity_hybrid_gain,2000.0,3000.0
kata1-b6c96-s8982784-d2082583-temp-0.5,22,1451.7936111419392,1267.6260153659239,1635.9612069179545,1364.6826124924817,87.11099864945754,2,a5803f8a5d9d87202b43d709cb328cedaf18c446af448f705c33d553e8c2e9f7,5170ec511fb50cdf10d648416d508574d70e9781ddf156a1b2a86d2b385e94dc,100,1729,maximum_nontransitivity_hybrid_gain,2000.0,3000.0
kata1-b6c96-s8982784-d2082583-temp-0.5,24,1446.7587188527448,1274.7683133687278,1618.7491243367617,1364.6826124924817,82.07610636026311,2,a5803f8a5d9d87202b43d709cb328cedaf18c446af448f705c33d553e8c2e9f7,5170ec511fb50cdf10d648416d508574d70e9781ddf156a1b2a86d2b385e94dc,100,1729,maximum_nontransitivity_hybrid_gain,2000.0,3000.0
kata1-b6c96-s8982784-d2082583-temp-0.5,26,1442.8627242519908,1280.7477143469666,1604.977734157015,1364.6826124924817,78.18011175950915,2,a5803f8a5d9d87202b43d709cb328cedaf18c446af448f705c33d553e8c2e9f7,5170ec511fb50cdf10d648416d508574d70e9781ddf156a1b2a86d2b385e94dc,100,1729,maximum_nontransitivity_hybrid_gain,2000.0,3000.0
kata1-b6c96-s8982784-d2082583-temp-0.5,28,1439.7162876376708,1285.8419592595747,1593.590616015767,1364.6826124924817,75.03367514518914,2,a5803f8a5d9d87202b43d709cb328cedaf18c446af448f705c33d553e8c2e9f7,5170ec511fb50cdf10d648416d508574d70e9781ddf156a1b2a86d2b385e94dc,100,1729,maximum_nontransitivity_hybrid_gain,2000.0,3000.0
kata1-b6c96-s8982784-d2082583-temp-0.5,30,1437.1319338294934,1290.277796028038,1583.9860716309488,1364.6826124924817,72.44932133701172,2,a5803f8a5d9d87202b43d709cb328cedaf18c446af448f705c33d553e8c2e9f7,5170ec511fb50cdf10d648416d508574d70e9781ddf156a1b2a86d2b385e94dc,100,1729,maximum_nontransitivity_hybrid_gain,2000.0,3000.0
kata1-b6c96-s8982784-d2082583-temp-0.5,32,1406.6256559185158,1268.1639482502728,1545.0873635867588,1364.6826124924817,41.94304342603414,2,a5803f8a5d9d87202b43d709cb328cedaf18c446af448f705c33d553e8c2e9f7,5170ec511fb50cdf10d648416d508574d70e9781ddf156a1b2a86d2b385e94dc,100,1729,maximum_nontransitivity_hybrid_gain,2000.0,3000.0
kata1-b6c96-s8982784-d2082583-temp-0.5,34,1419.94188180438,1285.5275206776282,1554.3562429311319,1364.6826124924817,55.25926931189838,2,a5803f8a5d9d87202b43d709cb328cedaf18c446af448f705c33d553e8c2e9f7,5170ec511fb50cdf10d648416d508574d70e9781ddf156a1b2a86d2b385e94dc,100,1729,maximum_nontransitivity_hybrid_gain,2000.0,3000.0
kata1-b6c96-s8982784-d2082583-temp-0.5,36,1419.3072785545598,1289.4569702917777,1549.157586817342,1364.6826124924817,54.62466606207818,2,a5803f8a5d9d87202b43d709cb328cedaf18c446af448f705c33d553e8c2e9f7,5170ec511fb50cdf10d648416d508574d70e9781ddf156a1b2a86d2b385e94dc,100,1729,maximum_nontransitivity_hybrid_gain,2000.0,3000.0
kata1-b6c96-s8982784-d2082583-temp-0.5,38,1441.8773946283156,1314.565024582645,1569.1897646739862,1364.6826124924817,77.19478213583398,2,a5803f8a5d9d87202b43d709cb328cedaf18c446af448f705c33d553e8c2e9f7,5170ec511fb50cdf10d648416d508574d70e9781ddf156a1b2a86d2b385e94dc,100,1729,maximum_nontransitivity_hybrid_gain,2000.0,3000.0
kata1-b6c96-s8982784-d2082583-temp-0.5,40,1439.9393481118288,1316.5731059141194,1563.3055903095383,1364.6826124924817,75.25673561934718,2,a5803f8a5d9d87202b43d709cb328cedaf18c446af448f705c33d553e8c2e9f7,5170ec511fb50cdf10d648416d508574d70e9781ddf156a1b2a86d2b385e94dc,100,1729,maximum_nontransitivity_hybrid_gain,2000.0,3000.0
kata1-b6c96-s8982784-d2082583-temp-0.5,42,1459.1462076697321,1337.8581843555976,1580.4342309838667,1364.6826124924817,94.46359517725045,2,a5803f8a5d9d87202b43d709cb328cedaf18c446af448f705c33d553e8c2e9f7,5170ec511fb50cdf10d648416d508574d70e9781ddf156a1b2a86d2b385e94dc,100,1729,maximum_nontransitivity_hybrid_gain,2000.0,3000.0
kata1-b6c96-s8982784-d2082583-temp-0.5,44,1466.0487685924488,1346.0903786887504,1586.0071584961472,1364.6826124924817,101.36615609996716,2,a5803f8a5d9d87202b43d709cb328cedaf18c446af448f705c33d553e8c2e9f7,5170ec511fb50cdf10d648416d508574d70e9781ddf156a1b2a86d2b385e94dc,100,1729,maximum_nontransitivity_hybrid_gain,2000.0,3000.0
kata1-b6c96-s8982784-d2082583-temp-0.5,46,1463.048482763323,1346.4614865261867,1579.635479000459,1364.6826124924817,98.36587027084124,2,a5803f8a5d9d87202b43d709cb328cedaf18c446af448f705c33d553e8c2e9f7,5170ec511fb50cdf10d648416d508574d70e9781ddf156a1b2a86d2b385e94dc,100,1729,maximum_nontransitivity_hybrid_gain,2000.0,3000.0
kata1-b6c96-s8982784-d2082583-temp-0.5,48,1451.176238350586,1338.3176089943986,1564.0348677067732,1364.6826124924817,86.49362585810422,2,a5803f8a5d9d87202b43d709cb328cedaf18c446af448f705c33d553e8c2e9f7,5170ec511fb50cdf10d648416d508574d70e9781ddf156a1b2a86d2b385e94dc,100,1729,maximum_nontransitivity_hybrid_gain,2000.0,3000.0
kata1-b6c96-s8982784-d2082583-temp-0.5,50,1466.7225973977997,1355.3900262551863,1578.0551685404132,1364.6826124924817,102.03998490531808,2,a5803f8a5d9d87202b43d709cb328cedaf18c446af448f705c33d553e8c2e9f7,5170ec511fb50cdf10d648416d508574d70e9781ddf156a1b2a86d2b385e94dc,100,1729,maximum_nontransitivity_hybrid_gain,2000.0,3000.0
kata1-b6c96-s8982784-d2082583-temp-0.5,52,1447.4359801787512,1339.849672176447,1555.0222881810553,1364.6826124924817,82.75336768626948,2,a5803f8a5d9d87202b43d709cb328cedaf18c446af448f705c33d553e8c2e9f7,5170ec511fb50cdf10d648416d508574d70e9781ddf156a1b2a86d2b385e94dc,100,1729,maximum_nontransitivity_hybrid_gain,2000.0,3000.0
kata1-b6c96-s8982784-d2082583-temp-0.5,54,1450.5638030954383,1345.0583117551791,1556.0692944356974,1364.6826124924817,85.88119060295662,2,a5803f8a5d9d87202b43d709cb328cedaf18c446af448f705c33d553e8c2e9f7,5170ec511fb50cdf10d648416d508574d70e9781ddf156a1b2a86d2b385e94dc,100,1729,maximum_nontransitivity_hybrid_gain,2000.0,3000.0
kata1-b6c96-s8982784-d2082583-temp-0.5,56,1453.4574216281812,1349.9262988825724,1556.98854437379,1364.6826124924817,88.77480913569957,2,a5803f8a5d9d87202b43d709cb328cedaf18c446af448f705c33d553e8c2e9f7,5170ec511fb50cdf10d648416d508574d70e9781ddf156a1b2a86d2b385e94dc,100,1729,maximum_nontransitivity_hybrid_gain,2000.0,3000.0
kata1-b6c96-s8982784-d2082583-temp-0.5,58,1456.1240941437534,1354.4694073248318,1557.778780962675,1364.6826124924817,91.44148165127172,2,a5803f8a5d9d87202b43d709cb328cedaf18c446af448f705c33d553e8c2e9f7,5170ec511fb50cdf10d648416d508574d70e9781ddf156a1b2a86d2b385e94dc,100,1729,maximum_nontransitivity_hybrid_gain,2000.0,3000.0
kata1-b6c96-s8982784-d2082583-temp-0.5,60,1444.4302136246506,1345.1323184267694,1543.7281088225318,1364.6826124924817,79.74760113216894,2,a5803f8a5d9d87202b43d709cb328cedaf18c446af448f705c33d553e8c2e9f7,5170ec511fb50cdf10d648416d508574d70e9781ddf156a1b2a86d2b385e94dc,100,1729,maximum_nontransitivity_hybrid_gain,2000.0,3000.0
kata1-b6c96-s8982784-d2082583-temp-0.5,62,1443.1475337815725,1345.656517810757,1540.6385497523881,1364.6826124924817,78.46492128909085,2,a5803f8a5d9d87202b43d709cb328cedaf18c446af448f705c33d553e8c2e9f7,5170ec511fb50cdf10d648416d508574d70e9781ddf156a1b2a86d2b385e94dc,100,1729,maximum_nontransitivity_hybrid_gain,2000.0,3000.0
kata1-b6c96-s8982784-d2082583-temp-0.5,64,1441.9813498424128,1346.1899559683125,1537.772743716513,1364.6826124924817,77.29873734993112,2,a5803f8a5d9d87202b43d709cb328cedaf18c446af448f705c33d553e8c2e9f7,5170ec511fb50cdf10d648416d508574d70e9781ddf156a1b2a86d2b385e94dc,100,1729,maximum_nontransitivity_hybrid_gain,2000.0,3000.0
kata1-b6c96-s8982784-d2082583-temp-0.5,66,1428.4644666254796,1334.6286110760718,1522.3003221748875,1364.6826124924817,63.78185413299798,2,a5803f8a5d9d87202b43d709cb328cedaf18c446af448f705c33d553e8c2e9f7,5170ec511fb50cdf10d648416d508574d70e9781ddf156a1b2a86d2b385e94dc,100,1729,maximum_nontransitivity_hybrid_gain,2000.0,3000.0
kata1-b6c96-s8982784-d2082583-temp-0.5,68,1415.941473261594,1323.8404493664523,1508.0424971567356,1364.6826124924817,51.25886076911229,2,a5803f8a5d9d87202b43d709cb328cedaf18c446af448f705c33d553e8c2e9f7,5170ec511fb50cdf10d648416d508574d70e9781ddf156a1b2a86d2b385e94dc,100,1729,maximum_nontransitivity_hybrid_gain,2000.0,3000.0
kata1-b6c96-s8982784-d2082583-temp-0.5,70,1404.2804141321906,1313.730226489212,1494.830601775169,1364.6826124924817,39.597801639708905,2,a5803f8a5d9d87202b43d709cb328cedaf18c446af448f705c33d553e8c2e9f7,5170ec511fb50cdf10d648416d508574d70e9781ddf156a1b2a86d2b385e94dc,100,1729,maximum_nontransitivity_hybrid_gain,2000.0,3000.0
kata1-b6c96-s8982784-d2082583-temp-0.5,72,1404.4656388974854,1315.2327613477382,1493.6985164472326,1364.6826124924817,39.78302640500374,2,a5803f8a5d9d87202b43d709cb328cedaf18c446af448f705c33d553e8c2e9f7,5170ec511fb50cdf10d648416d508574d70e9781ddf156a1b2a86d2b385e94dc,100,1729,maximum_nontransitivity_hybrid_gain,2000.0,3000.0
kata1-b6c96-s8982784-d2082583-temp-0.5,74,1404.6388624505357,1316.6618918041358,1492.6158330969356,1364.6826124924817,39.95624995805406,2,a5803f8a5d9d87202b43d709cb328cedaf18c446af448f705c33d553e8c2e9f7,5170ec511fb50cdf10d648416d508574d70e9781ddf156a1b2a86d2b385e94dc,100,1729,maximum_nontransitivity_hybrid_gain,2000.0,3000.0
kata1-b6c96-s8982784-d2082583-temp-0.5,76,1394.3585159499264,1307.6469815125824,1481.0700503872704,1364.6826124924817,29.675903457444747,2,a5803f8a5d9d87202b43d709cb328cedaf18c446af448f705c33d553e8c2e9f7,5170ec511fb50cdf10d648416d508574d70e9781ddf156a1b2a86d2b385e94dc,100,1729,maximum_nontransitivity_hybrid_gain,2000.0,3000.0
kata1-b6c96-s8982784-d2082583-temp-0.5,78,1384.6688321363051,1299.1091064613022,1470.228557811308,1364.6826124924817,19.98621964382346,2,a5803f8a5d9d87202b43d709cb328cedaf18c446af448f705c33d553e8c2e9f7,5170ec511fb50cdf10d648416d508574d70e9781ddf156a1b2a86d2b385e94dc,100,1729,maximum_nontransitivity_hybrid_gain,2000.0,3000.0
kata1-b6c96-s8982784-d2082583-temp-0.5,80,1385.3727086060649,1300.9042642866423,1469.8411529254874,1364.6826124924817,20.690096113583195,2,a5803f8a5d9d87202b43d709cb328cedaf18c446af448f705c33d553e8c2e9f7,5170ec511fb50cdf10d648416d508574d70e9781ddf156a1b2a86d2b385e94dc,100,1729,maximum_nontransitivity_hybrid_gain,2000.0,3000.0
kata1-b6c96-s8982784-d2082583-temp-0.5,82,1386.0610090340494,1302.6367148923432,1469.4853031757557,1364.6826124924817,21.37839654156778,2,a5803f8a5d9d87202b43d709cb328cedaf18c446af448f705c33d553e8c2e9f7,5170ec511fb50cdf10d648416d508574d70e9781ddf156a1b2a86d2b385e94dc,100,1729,maximum_nontransitivity_hybrid_gain,2000.0,3000.0
kata1-b6c96-s8982784-d2082583-temp-0.5,84,1386.6909461816556,1304.2706376498063,1469.1112547135049,1364.6826124924817,22.008333689173924,2,a5803f8a5d9d87202b43d709cb328cedaf18c446af448f705c33d553e8c2e9f7,5170ec511fb50cdf10d648416d508574d70e9781ddf156a1b2a86d2b385e94dc,100,1729,maximum_nontransitivity_hybrid_gain,2000.0,3000.0
kata1-b6c96-s8982784-d2082583-temp-0.5,86,1387.3110106869253,1305.8532326774512,1468.7687886963995,1364.6826124924817,22.628398194443662,2,a5803f8a5d9d87202b43d709cb328cedaf18c446af448f705c33d553e8c2e9f7,5170ec511fb50cdf10d648416d508574d70e9781ddf156a1b2a86d2b385e94dc,100,1729,maximum_nontransitivity_hybrid_gain,2000.0,3000.0
kata1-b6c96-s8982784-d2082583-temp-0.5,88,1387.9007447829517,1307.368497041717,1468.4329925241864,1364.6826124924817,23.218132290470066,2,a5803f8a5d9d87202b43d709cb328cedaf18c446af448f705c33d553e8c2e9f7,5170ec511fb50cdf10d648416d508574d70e9781ddf156a1b2a86d2b385e94dc,100,1729,maximum_nontransitivity_hybrid_gain,2000.0,3000.0
kata1-b6c96-s8982784-d2082583-temp-0.5,90,1379.7720438309195,1300.1024584236688,1459.4416292381702,1364.6826124924817,15.089431338437862,2,a5803f8a5d9d87202b43d709cb328cedaf18c446af448f705c33d553e8c2e9f7,5170ec511fb50cdf10d648416d508574d70e9781ddf156a1b2a86d2b385e94dc,100,1729,maximum_nontransitivity_hybrid_gain,2000.0,3000.0
kata1-b6c96-s8982784-d2082583-temp-0.5,92,1372.0159459764993,1293.146028729576,1450.8858632234226,1364.6826124924817,7.333333484017658,2,a5803f8a5d9d87202b43d709cb328cedaf18c446af448f705c33d553e8c2e9f7,5170ec511fb50cdf10d648416d508574d70e9781ddf156a1b2a86d2b385e94dc,100,1729,maximum_nontransitivity_hybrid_gain,2000.0,3000.0
kata1-b6c96-s8982784-d2082583-temp-0.5,94,1367.6576437103035,1289.4116219805035,1445.9036654401036,1364.6826124924817,2.975031217821879,2,a5803f8a5d9d87202b43d709cb328cedaf18c446af448f705c33d553e8c2e9f7,5170ec511fb50cdf10d648416d508574d70e9781ddf156a1b2a86d2b385e94dc,100,1729,maximum_nontransitivity_hybrid_gain,2000.0,3000.0
kata1-b6c96-s8982784-d2082583-temp-0.5,96,1368.6415868319177,1291.2050427971192,1446.0781308667163,1364.6826124924817,3.958974339436054,2,a5803f8a5d9d87202b43d709cb328cedaf18c446af448f705c33d553e8c2e9f7,5170ec511fb50cdf10d648416d508574d70e9781ddf156a1b2a86d2b385e94dc,100,1729,maximum_nontransitivity_hybrid_gain,2000.0,3000.0
kata1-b6c96-s8982784-d2082583-temp-0.5,98,1361.5811079488053,1284.8447498512642,1438.3174660463465,1364.6826124924817,-3.1015045436763558,2,a5803f8a5d9d87202b43d709cb328cedaf18c446af448f705c33d553e8c2e9f7,5170ec511fb50cdf10d648416d508574d70e9781ddf156a1b2a86d2b385e94dc,100,1729,maximum_nontransitivity_hybrid_gain,2000.0,3000.0
kata1-b6c96-s8982784-d2082583-temp-0.5,100,1362.6336712774325,1286.6580378418469,1438.6093047130182,1364.6826124924817,-2.048941215049126,2,a5803f8a5d9d87202b43d709cb328cedaf18c446af448f705c33d553e8c2e9f7,5170ec511fb50cdf10d648416d508574d70e9781ddf156a1b2a86d2b385e94dc,100,1729,maximum_nontransitivity_hybrid_gain,2000.0,3000.0
kata1-b6c96-s8080640-d1961030-temp-0.3,2,1158.5092776030658,-1282.8992259777863,3599.917781183918,1413.0572710896483,-254.54799348658253,2,a5803f8a5d9d87202b43d709cb328cedaf18c446af448f705c33d553e8c2e9f7,5170ec511fb50cdf10d648416d508574d70e9781ddf156a1b2a86d2b385e94dc,100,1729,maximum_nontransitivity_hybrid_gain,2000.0,3000.0
kata1-b6c96-s8080640-d1961030-temp-0.3,4,1168.0723441882378,685.1986799033473,1650.9460084731284,1413.0572710896483,-244.98492690141052,2,a5803f8a5d9d87202b43d709cb328cedaf18c446af448f705c33d553e8c2e9f7,5170ec511fb50cdf10d648416d508574d70e9781ddf156a1b2a86d2b385e94dc,100,1729,maximum_nontransitivity_hybrid_gain,2000.0,3000.0
kata1-b6c96-s8080640-d1961030-temp-0.3,6,1168.2791978264238,822.8215726089778,1513.7368230438697,1413.0572710896483,-244.77807326322454,2,a5803f8a5d9d87202b43d709cb328cedaf18c446af448f705c33d553e8c2e9f7,5170ec511fb50cdf10d648416d508574d70e9781ddf156a1b2a86d2b385e94dc,100,1729,maximum_nontransitivity_hybrid_gain,2000.0,3000.0
kata1-b6c96-s8080640-d1961030-temp-0.3,8,1281.019123287432,984.2449907063462,1577.7932558685177,1413.0572710896483,-132.03814780221637,2,a5803f8a5d9d87202b43d709cb328cedaf18c446af448f705c33d553e8c2e9f7,5170ec511fb50cdf10d648416d508574d70e9781ddf156a1b2a86d2b385e94dc,100,1729,maximum_nontransitivity_hybrid_gain,2000.0,3000.0
kata1-b6c96-s8080640-d1961030-temp-0.3,10,1244.1023360428953,991.4737528752399,1496.7309192105508,1413.0572710896483,-168.954935046753,2,a5803f8a5d9d87202b43d709cb328cedaf18c446af448f705c33d553e8c2e9f7,5170ec511fb50cdf10d648416d508574d70e9781ddf156a1b2a86d2b385e94dc,100,1729,maximum_nontransitivity_hybrid_gain,2000.0,3000.0
kata1-b6c96-s8080640-d1961030-temp-0.3,12,1306.9122005698046,1069.5087338605542,1544.3156672790549,1413.0572710896483,-106.14507051984378,2,a5803f8a5d9d87202b43d709cb328cedaf18c446af448f705c33d553e8c2e9f7,5170ec511fb50cdf10d648416d508574d70e9781ddf156a1b2a86d2b385e94dc,100,1729,maximum_nontransitivity_hybrid_gain,2000.0,3000.0
kata1-b6c96-s8080640-d1961030-temp-0.3,14,1317.5770771265466,1101.415606969138,1533.738547283955,1413.0572710896483,-95.48019396310178,2,a5803f8a5d9d87202b43d709cb328cedaf18c446af448f705c33d553e8c2e9f7,5170ec511fb50cdf10d648416d508574d70e9781ddf156a1b2a86d2b385e94dc,100,1729,maximum_nontransitivity_hybrid_gain,2000.0,3000.0
kata1-b6c96-s8080640-d1961030-temp-0.3,16,1324.9559979235512,1125.7012056072433,1524.210790239859,1413.0572710896483,-88.10127316609714,2,a5803f8a5d9d87202b43d709cb328cedaf18c446af448f705c33d553e8c2e9f7,5170ec511fb50cdf10d648416d508574d70e9781ddf156a1b2a86d2b385e94dc,100,1729,maximum_nontransitivity_hybrid_gain,2000.0,3000.0
kata1-b6c96-s8080640-d1961030-temp-0.3,18,1382.8032314447105,1190.6176968176885,1574.9887660717325,1413.0572710896483,-30.254039644937848,2,a5803f8a5d9d87202b43d709cb328cedaf18c446af448f705c33d553e8c2e9f7,5170ec511fb50cdf10d648416d508574d70e9781ddf156a1b2a86d2b385e94dc,100,1729,maximum_nontransitivity_hybrid_gain,2000.0,3000.0
kata1-b6c96-s8080640-d1961030-temp-0.3,20,1429.1992306436036,1242.8636662505198,1615.5347950366875,1413.0572710896483,16.141959553955303,2,a5803f8a5d9d87202b43d709cb328cedaf18c446af448f705c33d553e8c2e9f7,5170ec511fb50cdf10d648416d508574d70e9781ddf156a1b2a86d2b385e94dc,100,1729,maximum_nontransitivity_hybrid_gain,2000.0,3000.0
kata1-b6c96-s8080640-d1961030-temp-0.3,22,1421.0692730037263,1247.4626975503613,1594.6758484570912,1413.0572710896483,8.012001914077928,2,a5803f8a5d9d87202b43d709cb328cedaf18c446af448f705c33d553e8c2e9f7,5170ec511fb50cdf10d648416d508574d70e9781ddf156a1b2a86d2b385e94dc,100,1729,maximum_nontransitivity_hybrid_gain,2000.0,3000.0
kata1-b6c96-s8080640-d1961030-temp-0.3,24,1455.24448800504,1286.0042933668449,1624.4846826432351,1413.0572710896483,42.18721691539167,2,a5803f8a5d9d87202b43d709cb328cedaf18c446af448f705c33d553e8c2e9f7,5170ec511fb50cdf10d648416d508574d70e9781ddf156a1b2a86d2b385e94dc,100,1729,maximum_nontransitivity_hybrid_gain,2000.0,3000.0
kata1-b6c96-s8080640-d1961030-temp-0.3,26,1445.8044272991237,1286.4089358081105,1605.199918790137,1413.0572710896483,32.747156209475406,2,a5803f8a5d9d87202b43d709cb328cedaf18c446af448f705c33d553e8c2e9f7,5170ec511fb50cdf10d648416d508574d70e9781ddf156a1b2a86d2b385e94dc,100,1729,maximum_nontransitivity_hybrid_gain,2000.0,3000.0
kata1-b6c96-s8080640-d1961030-temp-0.3,28,1472.6217530432575,1316.5164773024937,1628.7270287840213,1413.0572710896483,59.564481953609175,2,a5803f8a5d9d87202b43d709cb328cedaf18c446af448f705c33d553e8c2e9f7,5170ec511fb50cdf10d648416d508574d70e9781ddf156a1b2a86d2b385e94dc,100,1729,maximum_nontransitivity_hybrid_gain,2000.0,3000.0
kata1-b6c96-s8080640-d1961030-temp-0.3,30,1496.1372716435535,1342.793908734467,1649.48063455264,1413.0572710896483,83.08000055390517,2,a5803f8a5d9d87202b43d709cb328cedaf18c446af448f705c33d553e8c2e9f7,5170ec511fb50cdf10d648416d508574d70e9781ddf156a1b2a86d2b385e94dc,100,1729,maximum_nontransitivity_hybrid_gain,2000.0,3000.0
kata1-b6c96-s8080640-d1961030-temp-0.3,32,1517.0162126065688,1366.020308448189,1668.0121167649486,1413.0572710896483,103.9589415169205,2,a5803f8a5d9d87202b43d709cb328cedaf18c446af448f705c33d553e8c2e9f7,5170ec511fb50cdf10d648416d508574d70e9781ddf156a1b2a86d2b385e94dc,100,1729,maximum_nontransitivity_hybrid_gain,2000.0,3000.0
kata1-b6c96-s8080640-d1961030-temp-0.3,34,1519.9235666835152,1373.855728835365,1665.9914045316655,1413.0572710896483,106.86629559386688,2,a5803f8a5d9d87202b43d709cb328cedaf18c446af448f705c33d553e8c2e9f7,5170ec511fb50cdf10d648416d508574d70e9781ddf156a1b2a86d2b385e94dc,100,1729,maximum_nontransitivity_hybrid_gain,2000.0,3000.0
kata1-b6c96-s8080640-d1961030-temp-0.3,36,1508.1211506451752,1368.8735142098183,1647.3687870805322,1413.0572710896483,95.06387955552691,2,a5803f8a5d9d87202b43d709cb328cedaf18c446af448f705c33d553e8c2e9f7,5170ec511fb50cdf10d648416d508574d70e9781ddf156a1b2a86d2b385e94dc,100,1729,maximum_nontransitivity_hybrid_gain,2000.0,3000.0
kata1-b6c96-s8080640-d1961030-temp-0.3,38,1488.349447986924,1354.4936740092378,1622.20522196461,1413.0572710896483,75.29217689727557,2,a5803f8a5d9d87202b43d709cb328cedaf18c446af448f705c33d553e8c2e9f7,5170ec511fb50cdf10d648416d508574d70e9781ddf156a1b2a86d2b385e94dc,100,1729,maximum_nontransitivity_hybrid_gain,2000.0,3000.0
kata1-b6c96-s8080640-d1961030-temp-0.3,40,1495.6527366784107,1363.047547540536,1628.2579258162855,1413.0572710896483,82.59546558876241,2,a5803f8a5d9d87202b43d709cb328cedaf18c446af448f705c33d553e8c2e9f7,5170ec511fb50cdf10d648416d508574d70e9781ddf156a1b2a86d2b385e94dc,100,1729,maximum_nontransitivity_hybrid_gain,2000.0,3000.0
kata1-b6c96-s8080640-d1961030-temp-0.3,42,1464.2674232261293,1339.6022842831087,1588.9325621691498,1413.0572710896483,51.21015213648093,2,a5803f8a5d9d87202b43d709cb328cedaf18c446af448f705c33d553e8c2e9f7,5170ec511fb50cdf10d648416d508574d70e9781ddf156a1b2a86d2b385e94dc,100,1729,maximum_nontransitivity_hybrid_gain,2000.0,3000.0
kata1-b6c96-s8080640-d1961030-temp-0.3,44,1471.3520763108204,1347.8625058537407,1594.8416467679,1413.0572710896483,58.294805221172055,2,a5803f8a5d9d87202b43d709cb328cedaf18c446af448f705c33d553e8c2e9f7,5170ec511fb50cdf10d648416d508574d70e9781ddf156a1b2a86d2b385e94dc,100,1729,maximum_nontransitivity_hybrid_gain,2000.0,3000.0
kata1-b6c96-s8080640-d1961030-temp-0.3,46,1465.2567895597133,1345.7019034031719,1584.8116757162547,1413.0572710896483,52.19951847006496,2,a5803f8a5d9d87202b43d709cb328cedaf18c446af448f705c33d553e8c2e9f7,5170ec511fb50cdf10d648416d508574d70e9781ddf156a1b2a86d2b385e94dc,100,1729,maximum_nontransitivity_hybrid_gain,2000.0,3000.0
kata1-b6c96-s8080640-d1961030-temp-0.3,48,1459.865205740758,1343.835987412272,1575.894424069244,1413.0572710896483,46.80793465110969,2,a5803f8a5d9d87202b43d709cb328cedaf18c446af448f705c33d553e8c2e9f7,5170ec511fb50cdf10d648416d508574d70e9781ddf156a1b2a86d2b385e94dc,100,1729,maximum_nontransitivity_hybrid_gain,2000.0,3000.0
kata1-b6c96-s8080640-d1961030-temp-0.3,50,1437.0790259363446,1325.9004516888797,1548.2576001838095,1413.0572710896483,24.02175484669624,2,a5803f8a5d9d87202b43d709cb328cedaf18c446af448f705c33d553e8c2e9f7,5170ec511fb50cdf10d648416d508574d70e9781ddf156a1b2a86d2b385e94dc,100,1729,maximum_nontransitivity_hybrid_gain,2000.0,3000.0
kata1-b6c96-s8080640-d1961030-temp-0.3,52,1433.6340766187593,1325.1680315984934,1542.1001216390252,1413.0572710896483,20.57680552911097,2,a5803f8a5d9d87202b43d709cb328cedaf18c446af448f705c33d553e8c2e9f7,5170ec511fb50cdf10d648416d508574d70e9781ddf156a1b2a86d2b385e94dc,100,1729,maximum_nontransitivity_hybrid_gain,2000.0,3000.0
kata1-b6c96-s8080640-d1961030-temp-0.3,54,1439.7827642101536,1332.276832380529,1547.2886960397782,1413.0572710896483,26.725493120505234,2,a5803f8a5d9d87202b43d709cb328cedaf18c446af448f705c33d553e8c2e9f7,5170ec511fb50cdf10d648416d508574d70e9781ddf156a1b2a86d2b385e94dc,100,1729,maximum_nontransitivity_hybrid_gain,2000.0,3000.0
kata1-b6c96-s8080640-d1961030-temp-0.3,56,1420.9476664224007,1317.072573246053,1524.8227595987485,1413.0572710896483,7.890395332752405,2,a5803f8a5d9d87202b43d709cb328cedaf18c446af448f705c33d553e8c2e9f7,5170ec511fb50cdf10d648416d508574d70e9781ddf156a1b2a86d2b385e94dc,100,1729,maximum_nontransitivity_hybrid_gain,2000.0,3000.0
kata1-b6c96-s8080640-d1961030-temp-0.3,58,1433.4274376030894,1330.6495799326888,1536.20529527349,1413.0572710896483,20.370166513441063,2,a5803f8a5d9d87202b43d709cb328cedaf18c446af448f705c33d553e8c2e9f7,5170ec511fb50cdf10d648416d508574d70e9781ddf156a1b2a86d2b385e94dc,100,1729,maximum_nontransitivity_hybrid_gain,2000.0,3000.0
kata1-b6c96-s8080640-d1961030-temp-0.3,60,1416.4339181096348,1316.7218538879495,1516.14598233132,1413.0572710896483,3.3766470199864216,2,a5803f8a5d9d87202b43d709cb328cedaf18c446af448f705c33d553e8c2e9f7,5170ec511fb50cdf10d648416d508574d70e9781ddf156a1b2a86d2b385e94dc,100,1729,maximum_nontransitivity_hybrid_gain,2000.0,3000.0
kata1-b6c96-s8080640-d1961030-temp-0.3,62,1401.0320473648749,1303.9395751594197,1498.12451957033,1413.0572710896483,-12.025223724773468,2,a5803f8a5d9d87202b43d709cb328cedaf18c446af448f705c33d553e8c2e9f7,5170ec511fb50cdf10d648416d508574d70e9781ddf156a1b2a86d2b385e94dc,100,1729,maximum_nontransitivity_hybrid_gain,2000.0,3000.0
kata1-b6c96-s8080640-d1961030-temp-0.3,64,1412.5868402253254,1316.5175696192448,1508.656110831406,1413.0572710896483,-0.4704308643229069,2,a5803f8a5d9d87202b43d709cb328cedaf18c446af448f705c33d553e8c2e9f7,5170ec511fb50cdf10d648416d508574d70e9781ddf156a1b2a86d2b385e94dc,100,1729,maximum_nontransitivity_hybrid_gain,2000.0,3000.0
kata1-b6c96-s8080640-d1961030-temp-0.3,66,1423.4921999924918,1328.3596895748738,1518.6247104101099,1413.0572710896483,10.434928902843467,2,a5803f8a5d9d87202b43d709cb328cedaf18c446af448f705c33d553e8c2e9f7,5170ec511fb50cdf10d648416d508574d70e9781ddf156a1b2a86d2b385e94dc,100,1729,maximum_nontransitivity_hybrid_gain,2000.0,3000.0
kata1-b6c96-s8080640-d1961030-temp-0.3,68,1433.8119813086405,1339.5401150790447,1528.0838475382363,1413.0572710896483,20.75471021899216,2,a5803f8a5d9d87202b43d709cb328cedaf18c446af448f705c33d553e8c2e9f7,5170ec511fb50cdf10d648416d508574d70e9781ddf156a1b2a86d2b385e94dc,100,1729,maximum_nontransitivity_hybrid_gain,2000.0,3000.0
kata1-b6c96-s8080640-d1961030-temp-0.3,70,1443.601541047922,1350.1229674093238,1537.0801146865201,1413.0572710896483,30.544269958273617,2,a5803f8a5d9d87202b43d709cb328cedaf18c446af448f705c33d553e8c2e9f7,5170ec511fb50cdf10d648416d508574d70e9781ddf156a1b2a86d2b385e94dc,100,1729,maximum_nontransitivity_hybrid_gain,2000.0,3000.0
kata1-b6c96-s8080640-d1961030-temp-0.3,72,1429.268986403355,1338.0960704281295,1520.4419023785806,1413.0572710896483,16.21171531370669,2,a5803f8a5d9d87202b43d709cb328cedaf18c446af448f705c33d553e8c2e9f7,5170ec511fb50cdf10d648416d508574d70e9781ddf156a1b2a86d2b385e94dc,100,1729,maximum_nontransitivity_hybrid_gain,2000.0,3000.0
kata1-b6c96-s8080640-d1961030-temp-0.3,74,1438.534171523602,1348.1031413114229,1528.9652017357812,1413.0572710896483,25.476900433953688,2,a5803f8a5d9d87202b43d709cb328cedaf18c446af448f705c33d553e8c2e9f7,5170ec511fb50cdf10d648416d508574d70e9781ddf156a1b2a86d2b385e94dc,100,1729,maximum_nontransitivity_hybrid_gain,2000.0,3000.0
kata1-b6c96-s8080640-d1961030-temp-0.3,76,1447.3656770733444,1357.6227563606935,1537.1085977859952,1413.0572710896483,34.30840598369605,2,a5803f8a5d9d87202b43d709cb328cedaf18c446af448f705c33d553e8c2e9f7,5170ec511fb50cdf10d648416d508574d70e9781ddf156a1b2a86d2b385e94dc,100,1729,maximum_nontransitivity_hybrid_gain,2000.0,3000.0
kata1-b6c96-s8080640-d1961030-temp-0.3,78,1439.4519551545309,1351.4241999930089,1527.479710316053,1413.0572710896483,26.39468406488254,2,a5803f8a5d9d87202b43d709cb328cedaf18c446af448f705c33d553e8c2e9f7,5170ec511fb50cdf10d648416d508574d70e9781ddf156a1b2a86d2b385e94dc,100,1729,maximum_nontransitivity_hybrid_gain,2000.0,3000.0
kata1-b6c96-s8080640-d1961030-temp-0.3,80,1437.2435242823315,1350.4970902894866,1523.9899582751764,1413.0572710896483,24.186253192683125,2,a5803f8a5d9d87202b43d709cb328cedaf18c446af448f705c33d553e8c2e9f7,5170ec511fb50cdf10d648416d508574d70e9781ddf156a1b2a86d2b385e94dc,100,1729,maximum_nontransitivity_hybrid_gain,2000.0,3000.0
kata1-b6c96-s8080640-d1961030-temp-0.3,82,1435.1610637233357,1349.6320908812393,1520.6900365654321,1413.0572710896483,22.103792633687362,2,a5803f8a5d9d87202b43d709cb328cedaf18c446af448f705c33d553e8c2e9f7,5170ec511fb50cdf10d648416d508574d70e9781ddf156a1b2a86d2b385e94dc,100,1729,maximum_nontransitivity_hybrid_gain,2000.0,3000.0
kata1-b6c96-s8080640-d1961030-temp-0.3,84,1433.1938021187111,1348.8236814165325,1517.5639228208897,1413.0572710896483,20.13653102906278,2,a5803f8a5d9d87202b43d709cb328cedaf18c446af448f705c33d553e8c2e9f7,5170ec511fb50cdf10d648416d508574d70e9781ddf156a1b2a86d2b385e94dc,100,1729,maximum_nontransitivity_hybrid_gain,2000.0,3000.0
kata1-b6c96-s8080640-d1961030-temp-0.3,86,1431.3580717975067,1348.0908844879839,1514.6252591070295,1413.0572710896483,18.300800707858343,2,a5803f8a5d9d87202b43d709cb328cedaf18c446af448f705c33d553e8c2e9f7,5170ec511fb50cdf10d648416d508574d70e9781ddf156a1b2a86d2b385e94dc,100,1729,maximum_nontransitivity_hybrid_gain,2000.0,3000.0
kata1-b6c96-s8080640-d1961030-temp-0.3,88,1438.9489892017034,1356.2468513721403,1521.6511270312665,1413.0572710896483,25.89171811205506,2,a5803f8a5d9d87202b43d709cb328cedaf18c446af448f705c33d553e8c2e9f7,5170ec511fb50cdf10d648416d508574d70e9781ddf156a1b2a86d2b385e94dc,100,1729,maximum_nontransitivity_hybrid_gain,2000.0,3000.0
kata1-b6c96-s8080640-d1961030-temp-0.3,90,1437.0226749581782,1355.3602457042327,1518.6851042121236,1413.0572710896483,23.965403868529847,2,a5803f8a5d9d87202b43d709cb328cedaf18c446af448f705c33d553e8c2e9f7,5170ec511fb50cdf10d648416d508574d70e9781ddf156a1b2a86d2b385e94dc,100,1729,maximum_nontransitivity_hybrid_gain,2000.0,3000.0
kata1-b6c96-s8080640-d1961030-temp-0.3,92,1444.166737312973,1363.0202916638723,1525.3131829620738,1413.0572710896483,31.109466223324716,2,a5803f8a5d9d87202b43d709cb328cedaf18c446af448f705c33d553e8c2e9f7,5170ec511fb50cdf10d648416d508574d70e9781ddf156a1b2a86d2b385e94dc,100,1729,maximum_nontransitivity_hybrid_gain,2000.0,3000.0
kata1-b6c96-s8080640-d1961030-temp-0.3,94,1442.1933857870704,1362.0279042544125,1522.3588673197282,1413.0572710896483,29.136114697422045,2,a5803f8a5d9d87202b43d709cb328cedaf18c446af448f705c33d553e8c2e9f7,5170ec511fb50cdf10d648416d508574d70e9781ddf156a1b2a86d2b385e94dc,100,1729,maximum_nontransitivity_hybrid_gain,2000.0,3000.0
kata1-b6c96-s8080640-d1961030-temp-0.3,96,1440.3150067848153,1361.088850366566,1519.5411632030646,1413.0572710896483,27.257735695166957,2,a5803f8a5d9d87202b43d709cb328cedaf18c446af448f705c33d553e8c2e9f7,5170ec511fb50cdf10d648416d508574d70e9781ddf156a1b2a86d2b385e94dc,100,1729,maximum_nontransitivity_hybrid_gain,2000.0,3000.0
kata1-b6c96-s8080640-d1961030-temp-0.3,98,1438.5506625260884,1360.223272289546,1516.878052762631,1413.0572710896483,25.493391436440106,2,a5803f8a5d9d87202b43d709cb328cedaf18c446af448f705c33d553e8c2e9f7,5170ec511fb50cdf10d648416d508574d70e9781ddf156a1b2a86d2b385e94dc,100,1729,maximum_nontransitivity_hybrid_gain,2000.0,3000.0
kata1-b6c96-s8080640-d1961030-temp-0.3,100,1436.8421747608852,1359.3793413921012,1514.3050081296692,1413.0572710896483,23.78490367123686,2,a5803f8a5d9d87202b43d709cb328cedaf18c446af448f705c33d553e8c2e9f7,5170ec511fb50cdf10d648416d508574d70e9781ddf156a1b2a86d2b385e94dc,100,1729,maximum_nontransitivity_hybrid_gain,2000.0,3000.0
kata1-b6c96-s8982784-d2082583,2,1165.5048542597435,-1284.3022468376091,3615.311955357096,1573.370050307006,-407.86519604726254,2,a5803f8a5d9d87202b43d709cb328cedaf18c446af448f705c33d553e8c2e9f7,5170ec511fb50cdf10d648416d508574d70e9781ddf156a1b2a86d2b385e94dc,100,1729,maximum_nontransitivity_hybrid_gain,2000.0,3000.0
kata1-b6c96-s8982784-d2082583,4,1597.4859417583373,988.5825716707502,2206.3893118459246,1573.370050307006,24.11589145133121,2,a5803f8a5d9d87202b43d709cb328cedaf18c446af448f705c33d553e8c2e9f7,5170ec511fb50cdf10d648416d508574d70e9781ddf156a1b2a86d2b385e94dc,100,1729,maximum_nontransitivity_hybrid_gain,2000.0,3000.0
kata1-b6c96-s8982784-d2082583,6,1530.2890529842089,1014.8121521977422,2045.7659537706754,1573.370050307006,-43.0809973227972,2,a5803f8a5d9d87202b43d709cb328cedaf18c446af448f705c33d553e8c2e9f7,5170ec511fb50cdf10d648416d508574d70e9781ddf156a1b2a86d2b385e94dc,100,1729,maximum_nontransitivity_hybrid_gain,2000.0,3000.0
kata1-b6c96-s8982784-d2082583,8,1713.1712910117178,1370.2408576028515,2056.101724420584,1573.370050307006,139.80124070471174,2,a5803f8a5d9d87202b43d709cb328cedaf18c446af448f705c33d553e8c2e9f7,5170ec511fb50cdf10d648416d508574d70e9781ddf156a1b2a86d2b385e94dc,100,1729,maximum_nontransitivity_hybrid_gain,2000.0,3000.0
kata1-b6c96-s8982784-d2082583,10,1668.6748081586131,1354.9615905753153,1982.388025741911,1573.370050307006,95.30475785160706,2,a5803f8a5d9d87202b43d709cb328cedaf18c446af448f705c33d553e8c2e9f7,5170ec511fb50cdf10d648416d508574d70e9781ddf156a1b2a86d2b385e94dc,100,1729,maximum_nontransitivity_hybrid_gain,2000.0,3000.0
kata1-b6c96-s8982784-d2082583,12,1636.7987045388606,1340.9112880281587,1932.6861210495626,1573.370050307006,63.42865423185458,2,a5803f8a5d9d87202b43d709cb328cedaf18c446af448f705c33d553e8c2e9f7,5170ec511fb50cdf10d648416d508574d70e9781ddf156a1b2a86d2b385e94dc,100,1729,maximum_nontransitivity_hybrid_gain,2000.0,3000.0
kata1-b6c96-s8982784-d2082583,14,1704.4434556767435,1454.7797873234672,1954.1071240300198,1573.370050307006,131.07340536973743,2,a5803f8a5d9d87202b43d709cb328cedaf18c446af448f705c33d553e8c2e9f7,5170ec511fb50cdf10d648416d508574d70e9781ddf156a1b2a86d2b385e94dc,100,1729,maximum_nontransitivity_hybrid_gain,2000.0,3000.0
kata1-b6c96-s8982784-d2082583,16,1679.7174306655404,1441.6582294120128,1917.776631919068,1573.370050307006,106.34738035853434,2,a5803f8a5d9d87202b43d709cb328cedaf18c446af448f705c33d553e8c2e9f7,5170ec511fb50cdf10d648416d508574d70e9781ddf156a1b2a86d2b385e94dc,100,1729,maximum_nontransitivity_hybrid_gain,2000.0,3000.0
kata1-b6c96-s8982784-d2082583,18,1733.215715301833,1515.9146360567845,1950.5167945468813,1573.370050307006,159.84566499482685,2,a5803f8a5d9d87202b43d709cb328cedaf18c446af448f705c33d553e8c2e9f7,5170ec511fb50cdf10d648416d508574d70e9781ddf156a1b2a86d2b385e94dc,100,1729,maximum_nontransitivity_hybrid_gain,2000.0,3000.0
kata1-b6c96-s8982784-d2082583,20,1711.2947845441072,1501.2362312919329,1921.3533377962815,1573.370050307006,137.92473423710112,2,a5803f8a5d9d87202b43d709cb328cedaf18c446af448f705c33d553e8c2e9f7,5170ec511fb50cdf10d648416d508574d70e9781ddf156a1b2a86d2b385e94dc,100,1729,maximum_nontransitivity_hybrid_gain,2000.0,3000.0
kata1-b6c96-s8982784-d2082583,22,1692.6097676338943,1488.3174987841653,1896.9020364836233,1573.370050307006,119.23971732688824,2,a5803f8a5d9d87202b43d709cb328cedaf18c446af448f705c33d553e8c2e9f7,5170ec511fb50cdf10d648416d508574d70e9781ddf156a1b2a86d2b385e94dc,100,1729,maximum_nontransitivity_hybrid_gain,2000.0,3000.0
kata1-b6c96-s8982784-d2082583,24,1676.320027629364,1476.7609857475059,1875.879069511222,1573.370050307006,102.94997732235788,2,a5803f8a5d9d87202b43d709cb328cedaf18c446af448f705c33d553e8c2e9f7,5170ec511fb50cdf10d648416d508574d70e9781ddf156a1b2a86d2b385e94dc,100,1729,maximum_nontransitivity_hybrid_gain,2000.0,3000.0
kata1-b6c96-s8982784-d2082583,26,1655.9827333867377,1466.0676104780473,1845.897856295428,1573.370050307006,82.6126830797316,2,a5803f8a5d9d87202b43d709cb328cedaf18c446af448f705c33d553e8c2e9f7,5170ec511fb50cdf10d648416d508574d70e9781ddf156a1b2a86d2b385e94dc,100,1729,maximum_nontransitivity_hybrid_gain,2000.0,3000.0
kata1-b6c96-s8982784-d2082583,28,1686.5668692186143,1510.9338470337648,1862.1998914034639,1573.370050307006,113.19681891160826,2,a5803f8a5d9d87202b43d709cb328cedaf18c446af448f705c33d553e8c2e9f7,5170ec511fb50cdf10d648416d508574d70e9781ddf156a1b2a86d2b385e94dc,100,1729,maximum_nontransitivity_hybrid_gain,2000.0,3000.0
kata1-b6c96-s8982784-d2082583,30,1627.2625138465437,1456.014950810672,1798.5100768824154,1573.370050307006,53.89246353953763,2,a5803f8a5d9d87202b43d709cb328cedaf18c446af448f705c33d553e8c2e9f7,5170ec511fb50cdf10d648416d508574d70e9781ddf156a1b2a86d2b385e94dc,100,1729,maximum_nontransitivity_hybrid_gain,2000.0,3000.0
kata1-b6c96-s8982784-d2082583,32,1626.446894579674,1464.5081448155288,1788.3856443438194,1573.370050307006,53.07684427266804,2,a5803f8a5d9d87202b43d709cb328cedaf18c446af448f705c33d553e8c2e9f7,5170ec511fb50cdf10d648416d508574d70e9781ddf156a1b2a86d2b385e94dc,100,1729,maximum_nontransitivity_hybrid_gain,2000.0,3000.0
kata1-b6c96-s8982784-d2082583,34,1652.0298026338266,1498.4583241287814,1805.6012811388719,1573.370050307006,78.65975232682058,2,a5803f8a5d9d87202b43d709cb328cedaf18c446af448f705c33d553e8c2e9f7,5170ec511fb50cdf10d648416d508574d70e9781ddf156a1b2a86d2b385e94dc,100,1729,maximum_nontransitivity_hybrid_gain,2000.0,3000.0
kata1-b6c96-s8982784-d2082583,36,1609.66079923053,1460.9946861569124,1758.3269123041478,1573.370050307006,36.290748923524006,2,a5803f8a5d9d87202b43d709cb328cedaf18c446af448f705c33d553e8c2e9f7,5170ec511fb50cdf10d648416d508574d70e9781ddf156a1b2a86d2b385e94dc,100,1729,maximum_nontransitivity_hybrid_gain,2000.0,3000.0
kata1-b6c96-s8982784-d2082583,38,1577.443883488716,1433.7970252754767,1721.0907417019553,1573.370050307006,4.073833181709915,2,a5803f8a5d9d87202b43d709cb328cedaf18c446af448f705c33d553e8c2e9f7,5170ec511fb50cdf10d648416d508574d70e9781ddf156a1b2a86d2b385e94dc,100,1729,maximum_nontransitivity_hybrid_gain,2000.0,3000.0
kata1-b6c96-s8982784-d2082583,40,1563.898239215879,1425.2627636310121,1702.5337148007457,1573.370050307006,-9.471811091127165,2,a5803f8a5d9d87202b43d709cb328cedaf18c446af448f705c33d553e8c2e9f7,5170ec511fb50cdf10d648416d508574d70e9781ddf156a1b2a86d2b385e94dc,100,1729,maximum_nontransitivity_hybrid_gain,2000.0,3000.0
kata1-b6c96-s8982784-d2082583,42,1591.1075679982405,1458.4115207476523,1723.8036152488287,1573.370050307006,17.737517691234416,2,a5803f8a5d9d87202b43d709cb328cedaf18c446af448f705c33d553e8c2e9f7,5170ec511fb50cdf10d648416d508574d70e9781ddf156a1b2a86d2b385e94dc,100,1729,maximum_nontransitivity_hybrid_gain,2000.0,3000.0
kata1-b6c96-s8982784-d2082583,44,1590.5640201823594,1462.2408276051362,1718.8872127595826,1573.370050307006,17.193969875353332,2,a5803f8a5d9d87202b43d709cb328cedaf18c446af448f705c33d553e8c2e9f7,5170ec511fb50cdf10d648416d508574d70e9781ddf156a1b2a86d2b385e94dc,100,1729,maximum_nontransitivity_hybrid_gain,2000.0,3000.0
kata1-b6c96-s8982784-d2082583,46,1598.023205237953,1473.6454376682852,1722.400972807621,1573.370050307006,24.65315493094704,2,a5803f8a5d9d87202b43d709cb328cedaf18c446af448f705c33d553e8c2e9f7,5170ec511fb50cdf10d648416d508574d70e9781ddf156a1b2a86d2b385e94dc,100,1729,maximum_nontransitivity_hybrid_gain,2000.0,3000.0
kata1-b6c96-s8982784-d2082583,48,1604.6137218094543,1483.7382680063924,1725.4891756125162,1573.370050307006,31.24367150244825,2,a5803f8a5d9d87202b43d709cb328cedaf18c446af448f705c33d553e8c2e9f7,5170ec511fb50cdf10d648416d508574d70e9781ddf156a1b2a86d2b385e94dc,100,1729,maximum_nontransitivity_hybrid_gain,2000.0,3000.0
kata1-b6c96-s8982784-d2082583,50,1620.4119037152166,1502.6603799146942,1738.163427515739,1573.370050307006,47.0418534082105,2,a5803f8a5d9d87202b43d709cb328cedaf18c446af448f705c33d553e8c2e9f7,5170ec511fb50cdf10d648416d508574d70e9781ddf156a1b2a86d2b385e94dc,100,1729,maximum_nontransitivity_hybrid_gain,2000.0,3000.0
kata1-b6c96-s8982784-d2082583,52,1615.7668804832635,1500.8753076072765,1730.6584533592506,1573.370050307006,42.39683017625748,2,a5803f8a5d9d87202b43d709cb328cedaf18c446af448f705c33d553e8c2e9f7,5170ec511fb50cdf10d648416d508574d70e9781ddf156a1b2a86d2b385e94dc,100,1729,maximum_nontransitivity_hybrid_gain,2000.0,3000.0
kata1-b6c96-s8982784-d2082583,54,1611.571594027821,1499.3436828464971,1723.7995052091449,1573.370050307006,38.201543720814925,2,a5803f8a5d9d87202b43d709cb328cedaf18c446af448f705c33d553e8c2e9f7,5170ec511fb50cdf10d648416d508574d70e9781ddf156a1b2a86d2b385e94dc,100,1729,maximum_nontransitivity_hybrid_gain,2000.0,3000.0
kata1-b6c96-s8982784-d2082583,56,1616.315500480863,1506.5002587651181,1726.1307421966078,1573.370050307006,42.9454501738569,2,a5803f8a5d9d87202b43d709cb328cedaf18c446af448f705c33d553e8c2e9f7,5170ec511fb50cdf10d648416d508574d70e9781ddf156a1b2a86d2b385e94dc,100,1729,maximum_nontransitivity_hybrid_gain,2000.0,3000.0
kata1-b6c96-s8982784-d2082583,58,1628.850183953598,1521.1196287520884,1736.5807391551075,1573.370050307006,55.48013364659187,2,a5803f8a5d9d87202b43d709cb328cedaf18c446af448f705c33d553e8c2e9f7,5170ec511fb50cdf10d648416d508574d70e9781ddf156a1b2a86d2b385e94dc,100,1729,maximum_nontransitivity_hybrid_gain,2000.0,3000.0
kata1-b6c96-s8982784-d2082583,60,1624.6231444541,1519.0842385227975,1730.1620503854024,1573.370050307006,51.25309414709386,2,a5803f8a5d9d87202b43d709cb328cedaf18c446af448f705c33d553e8c2e9f7,5170ec511fb50cdf10d648416d508574d70e9781ddf156a1b2a86d2b385e94dc,100,1729,maximum_nontransitivity_hybrid_gain,2000.0,3000.0
kata1-b6c96-s8982784-d2082583,62,1622.8616409644208,1519.504733250647,1726.2185486781946,1573.370050307006,49.49159065741469,2,a5803f8a5d9d87202b43d709cb328cedaf18c446af448f705c33d553e8c2e9f7,5170ec511fb50cdf10d648416d508574d70e9781ddf156a1b2a86d2b385e94dc,100,1729,maximum_nontransitivity_hybrid_gain,2000.0,3000.0
kata1-b6c96-s8982784-d2082583,64,1633.6971838983097,1531.9716598360071,1735.4227079606123,1573.370050307006,60.327133591303664,2,a5803f8a5d9d87202b43d709cb328cedaf18c446af448f705c33d553e8c2e9f7,5170ec511fb50cdf10d648416d508574d70e9781ddf156a1b2a86d2b385e94dc,100,1729,maximum_nontransitivity_hybrid_gain,2000.0,3000.0
kata1-b6c96-s8982784-d2082583,66,1636.7606515484713,1536.7006241334586,1736.820678963484,1573.370050307006,63.39060124146522,2,a5803f8a5d9d87202b43d709cb328cedaf18c446af448f705c33d553e8c2e9f7,5170ec511fb50cdf10d648416d508574d70e9781ddf156a1b2a86d2b385e94dc,100,1729,maximum_nontransitivity_hybrid_gain,2000.0,3000.0
kata1-b6c96-s8982784-d2082583,68,1619.3691156667826,1521.3716261452196,1717.3666051883456,1573.370050307006,45.99906535977652,2,a5803f8a5d9d87202b43d709cb328cedaf18c446af448f705c33d553e8c2e9f7,5170ec511fb50cdf10d648416d508574d70e9781ddf156a1b2a86d2b385e94dc,100,1729,maximum_nontransitivity_hybrid_gain,2000.0,3000.0
kata1-b6c96-s8982784-d2082583,70,1631.2052831181848,1534.6671601500022,1727.7434060863673,1573.370050307006,57.835232811178685,2,a5803f8a5d9d87202b43d709cb328cedaf18c446af448f705c33d553e8c2e9f7,5170ec511fb50cdf10d648416d508574d70e9781ddf156a1b2a86d2b385e94dc,100,1729,maximum_nontransitivity_hybrid_gain,2000.0,3000.0
kata1-b6c96-s8982784-d2082583,72,1632.7956884420566,1537.8570623015587,1727.7343145825546,1573.370050307006,59.425638135050576,2,a5803f8a5d9d87202b43d709cb328cedaf18c446af448f705c33d553e8c2e9f7,5170ec511fb50cdf10d648416d508574d70e9781ddf156a1b2a86d2b385e94dc,100,1729,maximum_nontransitivity_hybrid_gain,2000.0,3000.0
kata1-b6c96-s8982784-d2082583,74,1632.3523598902416,1538.9921506141645,1725.7125691663186,1573.370050307006,58.98230958323552,2,a5803f8a5d9d87202b43d709cb328cedaf18c446af448f705c33d553e8c2e9f7,5170ec511fb50cdf10d648416d508574d70e9781ddf156a1b2a86d2b385e94dc,100,1729,maximum_nontransitivity_hybrid_gain,2000.0,3000.0
kata1-b6c96-s8982784-d2082583,76,1633.083935502716,1541.1893695894319,1724.9785014160002,1573.370050307006,59.71388519570996,2,a5803f8a5d9d87202b43d709cb328cedaf18c446af448f705c33d553e8c2e9f7,5170ec511fb50cdf10d648416d508574d70e9781ddf156a1b2a86d2b385e94dc,100,1729,maximum_nontransitivity_hybrid_gain,2000.0,3000.0
kata1-b6c96-s8982784-d2082583,78,1631.461258911109,1540.9809812265496,1721.9415365956686,1573.370050307006,58.09120860410303,2,a5803f8a5d9d87202b43d709cb328cedaf18c446af448f705c33d553e8c2e9f7,5170ec511fb50cdf10d648416d508574d70e9781ddf156a1b2a86d2b385e94dc,100,1729,maximum_nontransitivity_hybrid_gain,2000.0,3000.0
kata1-b6c96-s8982784-d2082583,80,1641.1262835953833,1551.7543238083501,1730.4982433824164,1573.370050307006,67.75623328837719,2,a5803f8a5d9d87202b43d709cb328cedaf18c446af448f705c33d553e8c2e9f7,5170ec511fb50cdf10d648416d508574d70e9781ddf156a1b2a86d2b385e94dc,100,1729,maximum_nontransitivity_hybrid_gain,2000.0,3000.0
kata1-b6c96-s8982784-d2082583,82,1641.5277921070976,1553.4343468882441,1729.6212373259511,1573.370050307006,68.15774180009157,2,a5803f8a5d9d87202b43d709cb328cedaf18c446af448f705c33d553e8c2e9f7,5170ec511fb50cdf10d648416d508574d70e9781ddf156a1b2a86d2b385e94dc,100,1729,maximum_nontransitivity_hybrid_gain,2000.0,3000.0
kata1-b6c96-s8982784-d2082583,84,1640.8918185274126,1554.0435212671073,1727.740115787718,1573.370050307006,67.52176822040656,2,a5803f8a5d9d87202b43d709cb328cedaf18c446af448f705c33d553e8c2e9f7,5170ec511fb50cdf10d648416d508574d70e9781ddf156a1b2a86d2b385e94dc,100,1729,maximum_nontransitivity_hybrid_gain,2000.0,3000.0
kata1-b6c96-s8982784-d2082583,86,1641.8964217492335,1556.1989791070755,1727.5938643913914,1573.370050307006,68.5263714422274,2,a5803f8a5d9d87202b43d709cb328cedaf18c446af448f705c33d553e8c2e9f7,5170ec511fb50cdf10d648416d508574d70e9781ddf156a1b2a86d2b385e94dc,100,1729,maximum_nontransitivity_hybrid_gain,2000.0,3000.0
kata1-b6c96-s8982784-d2082583,88,1641.265227336508,1556.7068188777935,1725.8236357952223,1573.370050307006,67.89517702950184,2,a5803f8a5d9d87202b43d709cb328cedaf18c446af448f705c33d553e8c2e9f7,5170ec511fb50cdf10d648416d508574d70e9781ddf156a1b2a86d2b385e94dc,100,1729,maximum_nontransitivity_hybrid_gain,2000.0,3000.0
kata1-b6c96-s8982784-d2082583,90,1631.947213743448,1548.6166212963024,1715.2778061905935,1573.370050307006,58.57716343644188,2,a5803f8a5d9d87202b43d709cb328cedaf18c446af448f705c33d553e8c2e9f7,5170ec511fb50cdf10d648416d508574d70e9781ddf156a1b2a86d2b385e94dc,100,1729,maximum_nontransitivity_hybrid_gain,2000.0,3000.0
kata1-b6c96-s8982784-d2082583,92,1623.16741371422,1540.959019663923,1705.3758077645168,1573.370050307006,49.79736340721388,2,a5803f8a5d9d87202b43d709cb328cedaf18c446af448f705c33d553e8c2e9f7,5170ec511fb50cdf10d648416d508574d70e9781ddf156a1b2a86d2b385e94dc,100,1729,maximum_nontransitivity_hybrid_gain,2000.0,3000.0
kata1-b6c96-s8982784-d2082583,94,1614.8692698918119,1533.690115844319,1696.0484239393047,1573.370050307006,41.499219584805815,2,a5803f8a5d9d87202b43d709cb328cedaf18c446af448f705c33d553e8c2e9f7,5170ec511fb50cdf10d648416d508574d70e9781ddf156a1b2a86d2b385e94dc,100,1729,maximum_nontransitivity_hybrid_gain,2000.0,3000.0
kata1-b6c96-s8982784-d2082583,96,1615.8747928823293,1535.613716270614,1696.1358694940445,1573.370050307006,42.504742575323235,2,a5803f8a5d9d87202b43d709cb328cedaf18c446af448f705c33d553e8c2e9f7,5170ec511fb50cdf10d648416d508574d70e9781ddf156a1b2a86d2b385e94dc,100,1729,maximum_nontransitivity_hybrid_gain,2000.0,3000.0
kata1-b6c96-s8982784-d2082583,98,1625.4686174572398,1546.035123843847,1704.9021110706326,1573.370050307006,52.09856715023375,2,a5803f8a5d9d87202b43d709cb328cedaf18c446af448f705c33d553e8c2e9f7,5170ec511fb50cdf10d648416d508574d70e9781ddf156a1b2a86d2b385e94dc,100,1729,maximum_nontransitivity_hybrid_gain,2000.0,3000.0
kata1-b6c96-s8982784-d2082583,100,1617.7197798983082,1539.1941325968255,1696.2454271997908,1573.370050307006,44.34972959130209,2,a5803f8a5d9d87202b43d709cb328cedaf18c446af448f705c33d553e8c2e9f7,5170ec511fb50cdf10d648416d508574d70e9781ddf156a1b2a86d2b385e94dc,100,1729,maximum_nontransitivity_hybrid_gain,2000.0,3000.0
kata1-b6c96-s10014464-d2201128,2,1168.6766672139572,-1284.9024775648352,3622.25581199275,1655.0650946473024,-486.3884274333452,2,a5803f8a5d9d87202b43d709cb328cedaf18c446af448f705c33d553e8c2e9f7,5170ec511fb50cdf10d648416d508574d70e9781ddf156a1b2a86d2b385e94dc,100,1729,maximum_nontransitivity_hybrid_gain,2000.0,3000.0
kata1-b6c96-s10014464-d2201128,4,1598.2699416077355,985.3952189611571,2211.144664254314,1655.0650946473024,-56.79515303956691,2,a5803f8a5d9d87202b43d709cb328cedaf18c446af448f705c33d553e8c2e9f7,5170ec511fb50cdf10d648416d508574d70e9781ddf156a1b2a86d2b385e94dc,100,1729,maximum_nontransitivity_hybrid_gain,2000.0,3000.0
kata1-b6c96-s10014464-d2201128,6,1531.2081833611107,1012.416382211499,2049.9999845107222,1655.0650946473024,-123.85691128619169,2,a5803f8a5d9d87202b43d709cb328cedaf18c446af448f705c33d553e8c2e9f7,5170ec511fb50cdf10d648416d508574d70e9781ddf156a1b2a86d2b385e94dc,100,1729,maximum_nontransitivity_hybrid_gain,2000.0,3000.0
kata1-b6c96-s10014464-d2201128,8,1619.4078499369539,1266.59359208805,1972.2221077858578,1655.0650946473024,-35.65724471034855,2,a5803f8a5d9d87202b43d709cb328cedaf18c446af448f705c33d553e8c2e9f7,5170ec511fb50cdf10d648416d508574d70e9781ddf156a1b2a86d2b385e94dc,100,1729,maximum_nontransitivity_hybrid_gain,2000.0,3000.0
kata1-b6c96-s10014464-d2201128,10,1494.3811934982828,1199.732188548895,1789.0301984476705,1655.0650946473024,-160.68390114901968,2,a5803f8a5d9d87202b43d709cb328cedaf18c446af448f705c33d553e8c2e9f7,5170ec511fb50cdf10d648416d508574d70e9781ddf156a1b2a86d2b385e94dc,100,1729,maximum_nontransitivity_hybrid_gain,2000.0,3000.0
kata1-b6c96-s10014464-d2201128,12,1594.1968951876763,1344.8866734119865,1843.5071169633661,1655.0650946473024,-60.86819945962611,2,a5803f8a5d9d87202b43d709cb328cedaf18c446af448f705c33d553e8c2e9f7,5170ec511fb50cdf10d648416d508574d70e9781ddf156a1b2a86d2b385e94dc,100,1729,maximum_nontransitivity_hybrid_gain,2000.0,3000.0
kata1-b6c96-s10014464-d2201128,14,1616.0868718724048,1391.790723263513,1840.3830204812966,1655.0650946473024,-38.97822277489763,2,a5803f8a5d9d87202b43d709cb328cedaf18c446af448f705c33d553e8c2e9f7,5170ec511fb50cdf10d648416d508574d70e9781ddf156a1b2a86d2b385e94dc,100,1729,maximum_nontransitivity_hybrid_gain,2000.0,3000.0
kata1-b6c96-s10014464-d2201128,16,1599.8056918721024,1395.203309135982,1804.408074608223,1655.0650946473024,-55.25940277519999,2,a5803f8a5d9d87202b43d709cb328cedaf18c446af448f705c33d553e8c2e9f7,5170ec511fb50cdf10d648416d508574d70e9781ddf156a1b2a86d2b385e94dc,100,1729,maximum_nontransitivity_hybrid_gain,2000.0,3000.0
kata1-b6c96-s10014464-d2201128,18,1641.7209253976166,1448.9522495292777,1834.4896012659556,1655.0650946473024,-13.34416924968582,2,a5803f8a5d9d87202b43d709cb328cedaf18c446af448f705c33d553e8c2e9f7,5170ec511fb50cdf10d648416d508574d70e9781ddf156a1b2a86d2b385e94dc,100,1729,maximum_nontransitivity_hybrid_gain,2000.0,3000.0
kata1-b6c96-s10014464-d2201128,20,1602.6239886134138,1424.581912062458,1780.6660651643695,1655.0650946473024,-52.44110603388867,2,a5803f8a5d9d87202b43d709cb328cedaf18c446af448f705c33d553e8c2e9f7,5170ec511fb50cdf10d648416d508574d70e9781ddf156a1b2a86d2b385e94dc,100,1729,maximum_nontransitivity_hybrid_gain,2000.0,3000.0
kata1-b6c96-s10014464-d2201128,22,1593.2743886853298,1425.6164022416508,1760.9323751290087,1655.0650946473024,-61.79070596197266,2,a5803f8a5d9d87202b43d709cb328cedaf18c446af448f705c33d553e8c2e9f7,5170ec511fb50cdf10d648416d508574d70e9781ddf156a1b2a86d2b385e94dc,100,1729,maximum_nontransitivity_hybrid_gain,2000.0,3000.0
kata1-b6c96-s10014464-d2201128,24,1559.123046659377,1401.0556075031527,1717.1904858156013,1655.0650946473024,-95.94204798792543,2,a5803f8a5d9d87202b43d709cb328cedaf18c446af448f705c33d553e8c2e9f7,5170ec511fb50cdf10d648416d508574d70e9781ddf156a1b2a86d2b385e94dc,100,1729,maximum_nontransitivity_hybrid_gain,2000.0,3000.0
kata1-b6c96-s10014464-d2201128,26,1598.169302832444,1446.598637366936,1749.739968297952,1655.0650946473024,-56.89579181485851,2,a5803f8a5d9d87202b43d709cb328cedaf18c446af448f705c33d553e8c2e9f7,5170ec511fb50cdf10d648416d508574d70e9781ddf156a1b2a86d2b385e94dc,100,1729,maximum_nontransitivity_hybrid_gain,2000.0,3000.0
kata1-b6c96-s10014464-d2201128,28,1591.588385621973,1446.4320926684165,1736.7446785755294,1655.0650946473024,-63.476709025329455,2,a5803f8a5d9d87202b43d709cb328cedaf18c446af448f705c33d553e8c2e9f7,5170ec511fb50cdf10d648416d508574d70e9781ddf156a1b2a86d2b385e94dc,100,1729,maximum_nontransitivity_hybrid_gain,2000.0,3000.0
kata1-b6c96-s10014464-d2201128,30,1622.3534846888288,1481.7421426313858,1762.9648267462717,1655.0650946473024,-32.71160995847367,2,a5803f8a5d9d87202b43d709cb328cedaf18c446af448f705c33d553e8c2e9f7,5170ec511fb50cdf10d648416d508574d70e9781ddf156a1b2a86d2b385e94dc,100,1729,maximum_nontransitivity_hybrid_gain,2000.0,3000.0
kata1-b6c96-s10014464-d2201128,32,1619.553413967962,1484.2783673105903,1754.8284606253335,1655.0650946473024,-35.51168067934054,2,a5803f8a5d9d87202b43d709cb328cedaf18c446af448f705c33d553e8c2e9f7,5170ec511fb50cdf10d648416d508574d70e9781ddf156a1b2a86d2b385e94dc,100,1729,maximum_nontransitivity_hybrid_gain,2000.0,3000.0
kata1-b6c96-s10014464-d2201128,34,1642.1833560367245,1510.3683135613749,1773.9983985120741,1655.0650946473024,-12.88173861057794,2,a5803f8a5d9d87202b43d709cb328cedaf18c446af448f705c33d553e8c2e9f7,5170ec511fb50cdf10d648416d508574d70e9781ddf156a1b2a86d2b385e94dc,100,1729,maximum_nontransitivity_hybrid_gain,2000.0,3000.0
kata1-b6c96-s10014464-d2201128,36,1638.4254881296815,1511.0429154614446,1765.8080607979184,1655.0650946473024,-16.639606517620905,2,a5803f8a5d9d87202b43d709cb328cedaf18c446af448f705c33d553e8c2e9f7,5170ec511fb50cdf10d648416d508574d70e9781ddf156a1b2a86d2b385e94dc,100,1729,maximum_nontransitivity_hybrid_gain,2000.0,3000.0
kata1-b6c96-s10014464-d2201128,38,1657.4073037777318,1532.6888718428079,1782.1257357126558,1655.0650946473024,2.34220913042941,2,a5803f8a5d9d87202b43d709cb328cedaf18c446af448f705c33d553e8c2e9f7,5170ec511fb50cdf10d648416d508574d70e9781ddf156a1b2a86d2b385e94dc,100,1729,maximum_nontransitivity_hybrid_gain,2000.0,3000.0
kata1-b6c96-s10014464-d2201128,40,1674.5288701896848,1552.091746788334,1796.9659935910356,1655.0650946473024,19.463775542382336,2,a5803f8a5d9d87202b43d709cb328cedaf18c446af448f705c33d553e8c2e9f7,5170ec511fb50cdf10d648416d508574d70e9781ddf156a1b2a86d2b385e94dc,100,1729,maximum_nontransitivity_hybrid_gain,2000.0,3000.0
kata1-b6c96-s10014464-d2201128,42,1669.481797885032,1550.6655715007432,1788.2980242693206,1655.0650946473024,14.416703237729507,2,a5803f8a5d9d87202b43d709cb328cedaf18c446af448f705c33d553e8c2e9f7,5170ec511fb50cdf10d648416d508574d70e9781ddf156a1b2a86d2b385e94dc,100,1729,maximum_nontransitivity_hybrid_gain,2000.0,3000.0
kata1-b6c96-s10014464-d2201128,44,1684.4069062996646,1567.4392616955283,1801.3745509038008,1655.0650946473024,29.34181165236214,2,a5803f8a5d9d87202b43d709cb328cedaf18c446af448f705c33d553e8c2e9f7,5170ec511fb50cdf10d648416d508574d70e9781ddf156a1b2a86d2b385e94dc,100,1729,maximum_nontransitivity_hybrid_gain,2000.0,3000.0
kata1-b6c96-s10014464-d2201128,46,1688.6467637016656,1574.1166471023498,1803.1768803009813,1655.0650946473024,33.58166905436315,2,a5803f8a5d9d87202b43d709cb328cedaf18c446af448f705c33d553e8c2e9f7,5170ec511fb50cdf10d648416d508574d70e9781ddf156a1b2a86d2b385e94dc,100,1729,maximum_nontransitivity_hybrid_gain,2000.0,3000.0
kata1-b6c96-s10014464-d2201128,48,1701.6101289751437,1588.566586224145,1814.6536717261422,1655.0650946473024,46.54503432784122,2,a5803f8a5d9d87202b43d709cb328cedaf18c446af448f705c33d553e8c2e9f7,5170ec511fb50cdf10d648416d508574d70e9781ddf156a1b2a86d2b385e94dc,100,1729,maximum_nontransitivity_hybrid_gain,2000.0,3000.0
kata1-b6c96-s10014464-d2201128,50,1696.0724672358442,1585.9319967563708,1806.2129377153176,1655.0650946473024,41.007372588541784,2,a5803f8a5d9d87202b43d709cb328cedaf18c446af448f705c33d553e8c2e9f7,5170ec511fb50cdf10d648416d508574d70e9781ddf156a1b2a86d2b385e94dc,100,1729,maximum_nontransitivity_hybrid_gain,2000.0,3000.0
kata1-b6c96-s10014464-d2201128,52,1691.052542585102,1583.5743227174373,1798.5307624527666,1655.0650946473024,35.987447937799516,2,a5803f8a5d9d87202b43d709cb328cedaf18c446af448f705c33d553e8c2e9f7,5170ec511fb50cdf10d648416d508574d70e9781ddf156a1b2a86d2b385e94dc,100,1729,maximum_nontransitivity_hybrid_gain,2000.0,3000.0
kata1-b6c96-s10014464-d2201128,54,1702.3456919813339,1596.063715079634,1808.6276688830337,1655.0650946473024,47.28059733403143,2,a5803f8a5d9d87202b43d709cb328cedaf18c446af448f705c33d553e8c2e9f7,5170ec511fb50cdf10d648416d508574d70e9781ddf156a1b2a86d2b385e94dc,100,1729,maximum_nontransitivity_hybrid_gain,2000.0,3000.0
kata1-b6c96-s10014464-d2201128,56,1689.8072805579084,1586.510860520744,1793.1037005950727,1655.0650946473024,34.74218591060594,2,a5803f8a5d9d87202b43d709cb328cedaf18c446af448f705c33d553e8c2e9f7,5170ec511fb50cdf10d648416d508574d70e9781ddf156a1b2a86d2b385e94dc,100,1729,maximum_nontransitivity_hybrid_gain,2000.0,3000.0
kata1-b6c96-s10014464-d2201128,58,1685.6368305750173,1584.502281506043,1786.7713796439916,1655.0650946473024,30.571735927714826,2,a5803f8a5d9d87202b43d709cb328cedaf18c446af448f705c33d553e8c2e9f7,5170ec511fb50cdf10d648416d508574d70e9781ddf156a1b2a86d2b385e94dc,100,1729,maximum_nontransitivity_hybrid_gain,2000.0,3000.0
kata1-b6c96-s10014464-d2201128,60,1681.7951932375936,1582.6732350654654,1780.9171514097218,1655.0650946473024,26.730098590291163,2,a5803f8a5d9d87202b43d709cb328cedaf18c446af448f705c33d553e8c2e9f7,5170ec511fb50cdf10d648416d508574d70e9781ddf156a1b2a86d2b385e94dc,100,1729,maximum_nontransitivity_hybrid_gain,2000.0,3000.0
kata1-b6c96-s10014464-d2201128,62,1691.6732529783196,1593.5226037350715,1789.8239022215678,1655.0650946473024,36.608158331017194,2,a5803f8a5d9d87202b43d709cb328cedaf18c446af448f705c33d553e8c2e9f7,5170ec511fb50cdf10d648416d508574d70e9781ddf156a1b2a86d2b385e94dc,100,1729,maximum_nontransitivity_hybrid_gain,2000.0,3000.0
kata1-b6c96-s10014464-d2201128,64,1687.8562585361453,1591.546187928406,1784.1663291438847,1655.0650946473024,32.7911638888429,2,a5803f8a5d9d87202b43d709cb328cedaf18c446af448f705c33d553e8c2e9f7,5170ec511fb50cdf10d648416d508574d70e9781ddf156a1b2a86d2b385e94dc,100,1729,maximum_nontransitivity_hybrid_gain,2000.0,3000.0
kata1-b6c96-s10014464-d2201128,66,1696.960265769189,1601.5034594623903,1792.4170720759876,1655.0650946473024,41.895171121886506,2,a5803f8a5d9d87202b43d709cb328cedaf18c446af448f705c33d553e8c2e9f7,5170ec511fb50cdf10d648416d508574d70e9781ddf156a1b2a86d2b385e94dc,100,1729,maximum_nontransitivity_hybrid_gain,2000.0,3000.0
kata1-b6c96-s10014464-d2201128,68,1705.6058163037599,1610.9334233949073,1800.2782092126124,1655.0650946473024,50.540721656457436,2,a5803f8a5d9d87202b43d709cb328cedaf18c446af448f705c33d553e8c2e9f7,5170ec511fb50cdf10d648416d508574d70e9781ddf156a1b2a86d2b385e94dc,100,1729,maximum_nontransitivity_hybrid_gain,2000.0,3000.0
kata1-b6c96-s10014464-d2201128,70,1701.6315226917332,1608.6241795116287,1794.6388658718377,1655.0650946473024,46.56642804443072,2,a5803f8a5d9d87202b43d709cb328cedaf18c446af448f705c33d553e8c2e9f7,5170ec511fb50cdf10d648416d508574d70e9781ddf156a1b2a86d2b385e94dc,100,1729,maximum_nontransitivity_hybrid_gain,2000.0,3000.0
kata1-b6c96-s10014464-d2201128,72,1697.92030242657,1606.4778043392023,1789.3628005139378,1655.0650946473024,42.85520777926763,2,a5803f8a5d9d87202b43d709cb328cedaf18c446af448f705c33d553e8c2e9f7,5170ec511fb50cdf10d648416d508574d70e9781ddf156a1b2a86d2b385e94dc,100,1729,maximum_nontransitivity_hybrid_gain,2000.0,3000.0
kata1-b6c96-s10014464-d2201128,74,1694.422242907942,1604.4563288086554,1784.3881570072288,1655.0650946473024,39.35714826063963,2,a5803f8a5d9d87202b43d709cb328cedaf18c446af448f705c33d553e8c2e9f7,5170ec511fb50cdf10d648416d508574d70e9781ddf156a1b2a86d2b385e94dc,100,1729,maximum_nontransitivity_hybrid_gain,2000.0,3000.0
kata1-b6c96-s10014464-d2201128,76,1680.3629417187508,1592.4491470953121,1768.2767363421895,1655.0650946473024,25.29784707144836,2,a5803f8a5d9d87202b43d709cb328cedaf18c446af448f705c33d553e8c2e9f7,5170ec511fb50cdf10d648416d508574d70e9781ddf156a1b2a86d2b385e94dc,100,1729,maximum_nontransitivity_hybrid_gain,2000.0,3000.0
kata1-b6c96-s10014464-d2201128,78,1688.0753944024111,1600.8221848552516,1775.3286039495706,1655.0650946473024,33.01029975510869,2,a5803f8a5d9d87202b43d709cb328cedaf18c446af448f705c33d553e8c2e9f7,5170ec511fb50cdf10d648416d508574d70e9781ddf156a1b2a86d2b385e94dc,100,1729,maximum_nontransitivity_hybrid_gain,2000.0,3000.0
kata1-b6c96-s10014464-d2201128,80,1695.4580412183443,1608.8191538290055,1782.0969286076831,1655.0650946473024,40.392946571041875,2,a5803f8a5d9d87202b43d709cb328cedaf18c446af448f705c33d553e8c2e9f7,5170ec511fb50cdf10d648416d508574d70e9781ddf156a1b2a86d2b385e94dc,100,1729,maximum_nontransitivity_hybrid_gain,2000.0,3000.0
kata1-b6c96-s10014464-d2201128,82,1692.3983512158093,1606.9931502399547,1777.8035521916638,1655.0650946473024,37.33325656850684,2,a5803f8a5d9d87202b43d709cb328cedaf18c446af448f705c33d553e8c2e9f7,5170ec511fb50cdf10d648416d508574d70e9781ddf156a1b2a86d2b385e94dc,100,1729,maximum_nontransitivity_hybrid_gain,2000.0,3000.0
kata1-b6c96-s10014464-d2201128,84,1689.531039074077,1605.2961526198449,1773.765925528309,1655.0650946473024,34.46594442677451,2,a5803f8a5d9d87202b43d709cb328cedaf18c446af448f705c33d553e8c2e9f7,5170ec511fb50cdf10d648416d508574d70e9781ddf156a1b2a86d2b385e94dc,100,1729,maximum_nontransitivity_hybrid_gain,2000.0,3000.0
kata1-b6c96-s10014464-d2201128,86,1682.0846382205436,1599.230828400823,1764.9384480402643,1655.0650946473024,27.019543573241208,2,a5803f8a5d9d87202b43d709cb328cedaf18c446af448f705c33d553e8c2e9f7,5170ec511fb50cdf10d648416d508574d70e9781ddf156a1b2a86d2b385e94dc,100,1729,maximum_nontransitivity_hybrid_gain,2000.0,3000.0
kata1-b6c96-s10014464-d2201128,88,1679.6212171249372,1597.8146234517192,1761.4278107981552,1655.0650946473024,24.556122477634744,2,a5803f8a5d9d87202b43d709cb328cedaf18c446af448f705c33d553e8c2e9f7,5170ec511fb50cdf10d648416d508574d70e9781ddf156a1b2a86d2b385e94dc,100,1729,maximum_nontransitivity_hybrid_gain,2000.0,3000.0
kata1-b6c96-s10014464-d2201128,90,1668.4512633084519,1588.0753028301842,1748.8272237867195,1655.0650946473024,13.38616866114944,2,a5803f8a5d9d87202b43d709cb328cedaf18c446af448f705c33d553e8c2e9f7,5170ec511fb50cdf10d648416d508574d70e9781ddf156a1b2a86d2b385e94dc,100,1729,maximum_nontransitivity_hybrid_gain,2000.0,3000.0
kata1-b6c96-s10014464-d2201128,92,1657.9414230901532,1578.8587261441203,1737.024120036186,1655.0650946473024,2.876328442850763,2,a5803f8a5d9d87202b43d709cb328cedaf18c446af448f705c33d553e8c2e9f7,5170ec511fb50cdf10d648416d508574d70e9781ddf156a1b2a86d2b385e94dc,100,1729,maximum_nontransitivity_hybrid_gain,2000.0,3000.0
kata1-b6c96-s10014464-d2201128,94,1656.2706916439554,1578.0589071253737,1734.482476162537,1655.0650946473024,1.2055969966529574,2,a5803f8a5d9d87202b43d709cb328cedaf18c446af448f705c33d553e8c2e9f7,5170ec511fb50cdf10d648416d508574d70e9781ddf156a1b2a86d2b385e94dc,100,1729,maximum_nontransitivity_hybrid_gain,2000.0,3000.0
kata1-b6c96-s10014464-d2201128,96,1662.7810547127378,1585.0853853852582,1740.4767240402175,1655.0650946473024,7.715960065435411,2,a5803f8a5d9d87202b43d709cb328cedaf18c446af448f705c33d553e8c2e9f7,5170ec511fb50cdf10d648416d508574d70e9781ddf156a1b2a86d2b385e94dc,100,1729,maximum_nontransitivity_hybrid_gain,2000.0,3000.0
kata1-b6c96-s10014464-d2201128,98,1661.0696519977153,1584.197441608924,1737.9418623865065,1655.0650946473024,6.004557350412824,2,a5803f8a5d9d87202b43d709cb328cedaf18c446af448f705c33d553e8c2e9f7,5170ec511fb50cdf10d648416d508574d70e9781ddf156a1b2a86d2b385e94dc,100,1729,maximum_nontransitivity_hybrid_gain,2000.0,3000.0
kata1-b6c96-s10014464-d2201128,100,1659.4341737560214,1583.3544324145769,1735.513915097466,1655.0650946473024,4.369079108719006,2,a5803f8a5d9d87202b43d709cb328cedaf18c446af448f705c33d553e8c2e9f7,5170ec511fb50cdf10d648416d508574d70e9781ddf156a1b2a86d2b385e94dc,100,1729,maximum_nontransitivity_hybrid_gain,2000.0,3000.0
kata1-b6c96-s10825472-d2300510,2,1167.119422671085,-1284.6062048658277,3618.8450502079977,1744.6194606988875,-577.5000380278025,2,a5803f8a5d9d87202b43d709cb328cedaf18c446af448f705c33d553e8c2e9f7,5170ec511fb50cdf10d648416d508574d70e9781ddf156a1b2a86d2b385e94dc,100,1729,maximum_nontransitivity_hybrid_gain,2000.0,3000.0
kata1-b6c96-s10825472-d2300510,4,1596.6806339084849,983.9910932469504,2209.370174570019,1744.6194606988875,-147.93882679040257,2,a5803f8a5d9d87202b43d709cb328cedaf18c446af448f705c33d553e8c2e9f7,5170ec511fb50cdf10d648416d508574d70e9781ddf156a1b2a86d2b385e94dc,100,1729,maximum_nontransitivity_hybrid_gain,2000.0,3000.0
kata1-b6c96-s10825472-d2300510,6,1705.8217134059382,1263.0954923928703,2148.547934419006,1744.6194606988875,-38.797747292949225,2,a5803f8a5d9d87202b43d709cb328cedaf18c446af448f705c33d553e8c2e9f7,5170ec511fb50cdf10d648416d508574d70e9781ddf156a1b2a86d2b385e94dc,100,1729,maximum_nontransitivity_hybrid_gain,2000.0,3000.0
kata1-b6c96-s10825472-d2300510,8,1843.4437688067471,1535.7956469803803,2151.091890633114,1744.6194606988875,98.82430810785968,2,a5803f8a5d9d87202b43d709cb328cedaf18c446af448f705c33d553e8c2e9f7,5170ec511fb50cdf10d648416d508574d70e9781ddf156a1b2a86d2b385e94dc,100,1729,maximum_nontransitivity_hybrid_gain,2000.0,3000.0
kata1-b6c96-s10825472-d2300510,10,1782.0864946290653,1503.3941850432007,2060.77880421493,1744.6194606988875,37.46703393017788,2,a5803f8a5d9d87202b43d709cb328cedaf18c446af448f705c33d553e8c2e9f7,5170ec511fb50cdf10d648416d508574d70e9781ddf156a1b2a86d2b385e94dc,100,1729,maximum_nontransitivity_hybrid_gain,2000.0,3000.0
kata1-b6c96-s10825472-d2300510,12,1740.206846623775,1477.6135877903748,2002.800105457175,1744.6194606988875,-4.412614075112515,2,a5803f8a5d9d87202b43d709cb328cedaf18c446af448f705c33d553e8c2e9f7,5170ec511fb50cdf10d648416d508574d70e9781ddf156a1b2a86d2b385e94dc,100,1729,maximum_nontransitivity_hybrid_gain,2000.0,3000.0
kata1-b6c96-s10825472-d2300510,14,1708.2797736408868,1456.2574030529984,1960.3021442287752,1744.6194606988875,-36.33968705800066,2,a5803f8a5d9d87202b43d709cb328cedaf18c446af448f705c33d553e8c2e9f7,5170ec511fb50cdf10d648416d508574d70e9781ddf156a1b2a86d2b385e94dc,100,1729,maximum_nontransitivity_hybrid_gain,2000.0,3000.0
kata1-b6c96-s10825472-d2300510,16,1682.4157464391685,1438.0103020381932,1926.8211908401438,1744.6194606988875,-62.203714259718936,2,a5803f8a5d9d87202b43d709cb328cedaf18c446af448f705c33d553e8c2e9f7,5170ec511fb50cdf10d648416d508574d70e9781ddf156a1b2a86d2b385e94dc,100,1729,maximum_nontransitivity_hybrid_gain,2000.0,3000.0
kata1-b6c96-s10825472-d2300510,18,1660.64188943054,1422.0633701762208,1899.2204086848592,1744.6194606988875,-83.97757126834745,2,a5803f8a5d9d87202b43d709cb328cedaf18c446af448f705c33d553e8c2e9f7,5170ec511fb50cdf10d648416d508574d70e9781ddf156a1b2a86d2b385e94dc,100,1729,maximum_nontransitivity_hybrid_gain,2000.0,3000.0
kata1-b6c96-s10825472-d2300510,20,1696.4668009393495,1490.1460027810422,1902.7875990976568,1744.6194606988875,-48.15265975953798,2,a5803f8a5d9d87202b43d709cb328cedaf18c446af448f705c33d553e8c2e9f7,5170ec511fb50cdf10d648416d508574d70e9781ddf156a1b2a86d2b385e94dc,100,1729,maximum_nontransitivity_hybrid_gain,2000.0,3000.0
kata1-b6c96-s10825472-d2300510,22,1679.6648549810386,1477.7372012277149,1881.5925087343624,1744.6194606988875,-64.95460571784884,2,a5803f8a5d9d87202b43d709cb328cedaf18c446af448f705c33d553e8c2e9f7,5170ec511fb50cdf10d648416d508574d70e9781ddf156a1b2a86d2b385e94dc,100,1729,maximum_nontransitivity_hybrid_gain,2000.0,3000.0
kata1-b6c96-s10825472-d2300510,24,1679.263985163801,1492.2405410994843,1866.2874292281176,1744.6194606988875,-65.3554755350865,2,a5803f8a5d9d87202b43d709cb328cedaf18c446af448f705c33d553e8c2e9f7,5170ec511fb50cdf10d648416d508574d70e9781ddf156a1b2a86d2b385e94dc,100,1729,maximum_nontransitivity_hybrid_gain,2000.0,3000.0
kata1-b6c96-s10825472-d2300510,26,1678.967124399782,1503.9263232862377,1854.0079255133264,1744.6194606988875,-65.6523362991054,2,a5803f8a5d9d87202b43d709cb328cedaf18c446af448f705c33d553e8c2e9f7,5170ec511fb50cdf10d648416d508574d70e9781ddf156a1b2a86d2b385e94dc,100,1729,maximum_nontransitivity_hybrid_gain,2000.0,3000.0
kata1-b6c96-s10825472-d2300510,28,1678.7183127328015,1513.5792940825436,1843.8573313830593,1744.6194606988875,-65.901147966086,2,a5803f8a5d9d87202b43d709cb328cedaf18c446af448f705c33d553e8c2e9f7,5170ec511fb50cdf10d648416d508574d70e9781ddf156a1b2a86d2b385e94dc,100,1729,maximum_nontransitivity_hybrid_gain,2000.0,3000.0
kata1-b6c96-s10825472-d2300510,30,1713.6680813467422,1560.3594887118068,1866.9766739816775,1744.6194606988875,-30.951379352145295,2,a5803f8a5d9d87202b43d709cb328cedaf18c446af448f705c33d553e8c2e9f7,5170ec511fb50cdf10d648416d508574d70e9781ddf156a1b2a86d2b385e94dc,100,1729,maximum_nontransitivity_hybrid_gain,2000.0,3000.0
kata1-b6c96-s10825472-d2300510,32,1735.9345065037335,1588.3317020696406,1883.5373109378263,1744.6194606988875,-8.684954195153978,2,a5803f8a5d9d87202b43d709cb328cedaf18c446af448f705c33d553e8c2e9f7,5170ec511fb50cdf10d648416d508574d70e9781ddf156a1b2a86d2b385e94dc,100,1729,maximum_nontransitivity_hybrid_gain,2000.0,3000.0
kata1-b6c96-s10825472-d2300510,34,1725.47809761131,1580.4455647934199,1870.5106304292,1744.6194606988875,-19.141363087577474,2,a5803f8a5d9d87202b43d709cb328cedaf18c446af448f705c33d553e8c2e9f7,5170ec511fb50cdf10d648416d508574d70e9781ddf156a1b2a86d2b385e94dc,100,1729,maximum_nontransitivity_hybrid_gain,2000.0,3000.0
kata1-b6c96-s10825472-d2300510,36,1730.519428050257,1589.2387783059232,1871.8000777945906,1744.6194606988875,-14.100032648630531,2,a5803f8a5d9d87202b43d709cb328cedaf18c446af448f705c33d553e8c2e9f7,5170ec511fb50cdf10d648416d508574d70e9781ddf156a1b2a86d2b385e94dc,100,1729,maximum_nontransitivity_hybrid_gain,2000.0,3000.0
kata1-b6c96-s10825472-d2300510,38,1721.1580395515775,1581.9291501509522,1860.3869289522029,1744.6194606988875,-23.46142114730992,2,a5803f8a5d9d87202b43d709cb328cedaf18c446af448f705c33d553e8c2e9f7,5170ec511fb50cdf10d648416d508574d70e9781ddf156a1b2a86d2b385e94dc,100,1729,maximum_nontransitivity_hybrid_gain,2000.0,3000.0
kata1-b6c96-s10825472-d2300510,40,1712.4469456704635,1575.0339321264253,1849.8599592145017,1744.6194606988875,-32.17251502842396,2,a5803f8a5d9d87202b43d709cb328cedaf18c446af448f705c33d553e8c2e9f7,5170ec511fb50cdf10d648416d508574d70e9781ddf156a1b2a86d2b385e94dc,100,1729,maximum_nontransitivity_hybrid_gain,2000.0,3000.0
kata1-b6c96-s10825472-d2300510,42,1709.8758683592846,1577.0184206275362,1842.733316091033,1744.6194606988875,-34.743592339602856,2,a5803f8a5d9d87202b43d709cb328cedaf18c446af448f705c33d553e8c2e9f7,5170ec511fb50cdf10d648416d508574d70e9781ddf156a1b2a86d2b385e94dc,100,1729,maximum_nontransitivity_hybrid_gain,2000.0,3000.0
kata1-b6c96-s10825472-d2300510,44,1707.639253225839,1578.9314062161775,1836.3471002355004,1744.6194606988875,-36.980207473048495,2,a5803f8a5d9d87202b43d709cb328cedaf18c446af448f705c33d553e8c2e9f7,5170ec511fb50cdf10d648416d508574d70e9781ddf156a1b2a86d2b385e94dc,100,1729,maximum_nontransitivity_hybrid_gain,2000.0,3000.0
kata1-b6c96-s10825472-d2300510,46,1682.7969933607758,1555.8815891102095,1809.712397611342,1744.6194606988875,-61.822467338111665,2,a5803f8a5d9d87202b43d709cb328cedaf18c446af448f705c33d553e8c2e9f7,5170ec511fb50cdf10d648416d508574d70e9781ddf156a1b2a86d2b385e94dc,100,1729,maximum_nontransitivity_hybrid_gain,2000.0,3000.0
kata1-b6c96-s10825472-d2300510,48,1703.9645353349824,1582.5292420035303,1825.3998286664346,1744.6194606988875,-40.65492536390502,2,a5803f8a5d9d87202b43d709cb328cedaf18c446af448f705c33d553e8c2e9f7,5170ec511fb50cdf10d648416d508574d70e9781ddf156a1b2a86d2b385e94dc,100,1729,maximum_nontransitivity_hybrid_gain,2000.0,3000.0
kata1-b6c96-s10825472-d2300510,50,1702.4426805893663,1584.210893181279,1820.6744679974536,1744.6194606988875,-42.17678010952113,2,a5803f8a5d9d87202b43d709cb328cedaf18c446af448f705c33d553e8c2e9f7,5170ec511fb50cdf10d648416d508574d70e9781ddf156a1b2a86d2b385e94dc,100,1729,maximum_nontransitivity_hybrid_gain,2000.0,3000.0
kata1-b6c96-s10825472-d2300510,52,1701.082080717724,1585.810372775835,1816.353788659613,1744.6194606988875,-43.53737998116344,2,a5803f8a5d9d87202b43d709cb328cedaf18c446af448f705c33d553e8c2e9f7,5170ec511fb50cdf10d648416d508574d70e9781ddf156a1b2a86d2b385e94dc,100,1729,maximum_nontransitivity_hybrid_gain,2000.0,3000.0
kata1-b6c96-s10825472-d2300510,54,1699.8589085776512,1587.3312655772577,1812.3865515780446,1744.6194606988875,-44.76055212123629,2,a5803f8a5d9d87202b43d709cb328cedaf18c446af448f705c33d553e8c2e9f7,5170ec511fb50cdf10d648416d508574d70e9781ddf156a1b2a86d2b385e94dc,100,1729,maximum_nontransitivity_hybrid_gain,2000.0,3000.0
kata1-b6c96-s10825472-d2300510,56,1694.7339769343953,1583.2333234361834,1806.2346304326072,1744.6194606988875,-49.885483764492164,2,a5803f8a5d9d87202b43d709cb328cedaf18c446af448f705c33d553e8c2e9f7,5170ec511fb50cdf10d648416d508574d70e9781ddf156a1b2a86d2b385e94dc,100,1729,maximum_nontransitivity_hybrid_gain,2000.0,3000.0
kata1-b6c96-s10825472-d2300510,58,1710.6443732489645,1602.5301083255372,1818.7586381723918,1744.6194606988875,-33.97508744992297,2,a5803f8a5d9d87202b43d709cb328cedaf18c446af448f705c33d553e8c2e9f7,5170ec511fb50cdf10d648416d508574d70e9781ddf156a1b2a86d2b385e94dc,100,1729,maximum_nontransitivity_hybrid_gain,2000.0,3000.0
kata1-b6c96-s10825472-d2300510,60,1737.8238376994336,1632.2622609201337,1843.3854144787335,1744.6194606988875,-6.795622999453826,2,a5803f8a5d9d87202b43d709cb328cedaf18c446af448f705c33d553e8c2e9f7,5170ec511fb50cdf10d648416d508574d70e9781ddf156a1b2a86d2b385e94dc,100,1729,maximum_nontransitivity_hybrid_gain,2000.0,3000.0
kata1-b6c96-s10825472-d2300510,62,1732.4581209651162,1627.91194806847,1837.0042938617623,1744.6194606988875,-12.161339733771229,2,a5803f8a5d9d87202b43d709cb328cedaf18c446af448f705c33d553e8c2e9f7,5170ec511fb50cdf10d648416d508574d70e9781ddf156a1b2a86d2b385e94dc,100,1729,maximum_nontransitivity_hybrid_gain,2000.0,3000.0
kata1-b6c96-s10825472-d2300510,64,1727.3283584421147,1623.7216660722024,1830.935050812027,1744.6194606988875,-17.291102256772774,2,a5803f8a5d9d87202b43d709cb328cedaf18c446af448f705c33d553e8c2e9f7,5170ec511fb50cdf10d648416d508574d70e9781ddf156a1b2a86d2b385e94dc,100,1729,maximum_nontransitivity_hybrid_gain,2000.0,3000.0
kata1-b6c96-s10825472-d2300510,66,1737.2280375049181,1635.2930038354177,1839.1630711744185,1744.6194606988875,-7.391423193969331,2,a5803f8a5d9d87202b43d709cb328cedaf18c446af448f705c33d553e8c2e9f7,5170ec511fb50cdf10d648416d508574d70e9781ddf156a1b2a86d2b385e94dc,100,1729,maximum_nontransitivity_hybrid_gain,2000.0,3000.0
kata1-b6c96-s10825472-d2300510,68,1732.252578397587,1631.1752403558114,1833.3299164393627,1744.6194606988875,-12.366882301300393,2,a5803f8a5d9d87202b43d709cb328cedaf18c446af448f705c33d553e8c2e9f7,5170ec511fb50cdf10d648416d508574d70e9781ddf156a1b2a86d2b385e94dc,100,1729,maximum_nontransitivity_hybrid_gain,2000.0,3000.0
kata1-b6c96-s10825472-d2300510,70,1748.468818139039,1649.35166835413,1847.5859679239481,1744.6194606988875,3.849357440151607,2,a5803f8a5d9d87202b43d709cb328cedaf18c446af448f705c33d553e8c2e9f7,5170ec511fb50cdf10d648416d508574d70e9781ddf156a1b2a86d2b385e94dc,100,1729,maximum_nontransitivity_hybrid_gain,2000.0,3000.0
kata1-b6c96-s10825472-d2300510,72,1745.8256408869765,1648.2856208477178,1843.3656609262353,1744.6194606988875,1.2061801880890926,2,a5803f8a5d9d87202b43d709cb328cedaf18c446af448f705c33d553e8c2e9f7,5170ec511fb50cdf10d648416d508574d70e9781ddf156a1b2a86d2b385e94dc,100,1729,maximum_nontransitivity_hybrid_gain,2000.0,3000.0
kata1-b6c96-s10825472-d2300510,74,1756.2220790612414,1660.7112862291601,1851.7328718933227,1744.6194606988875,11.602618362353951,2,a5803f8a5d9d87202b43d709cb328cedaf18c446af448f705c33d553e8c2e9f7,5170ec511fb50cdf10d648416d508574d70e9781ddf156a1b2a86d2b385e94dc,100,1729,maximum_nontransitivity_hybrid_gain,2000.0,3000.0
kata1-b6c96-s10825472-d2300510,76,1751.4878676059323,1656.7497315959142,1846.2260036159503,1744.6194606988875,6.8684069070448,2,a5803f8a5d9d87202b43d709cb328cedaf18c446af448f705c33d553e8c2e9f7,5170ec511fb50cdf10d648416d508574d70e9781ddf156a1b2a86d2b385e94dc,100,1729,maximum_nontransitivity_hybrid_gain,2000.0,3000.0
kata1-b6c96-s10825472-d2300510,78,1746.934040750797,1652.919416171677,1840.948665329917,1744.6194606988875,2.3145800519096156,2,a5803f8a5d9d87202b43d709cb328cedaf18c446af448f705c33d553e8c2e9f7,5170ec511fb50cdf10d648416d508574d70e9781ddf156a1b2a86d2b385e94dc,100,1729,maximum_nontransitivity_hybrid_gain,2000.0,3000.0
kata1-b6c96-s10825472-d2300510,80,1742.54660212073,1649.211216335545,1835.8819879059151,1744.6194606988875,-2.0728585781573656,2,a5803f8a5d9d87202b43d709cb328cedaf18c446af448f705c33d553e8c2e9f7,5170ec511fb50cdf10d648416d508574d70e9781ddf156a1b2a86d2b385e94dc,100,1729,maximum_nontransitivity_hybrid_gain,2000.0,3000.0
kata1-b6c96-s10825472-d2300510,82,1752.136558247091,1660.6171703777945,1843.6559461163874,1744.6194606988875,7.517097548203537,2,a5803f8a5d9d87202b43d709cb328cedaf18c446af448f705c33d553e8c2e9f7,5170ec511fb50cdf10d648416d508574d70e9781ddf156a1b2a86d2b385e94dc,100,1729,maximum_nontransitivity_hybrid_gain,2000.0,3000.0
kata1-b6c96-s10825472-d2300510,84,1747.8966062926231,1657.0188756517136,1838.7743369335326,1744.6194606988875,3.2771455937356677,2,a5803f8a5d9d87202b43d709cb328cedaf18c446af448f705c33d553e8c2e9f7,5170ec511fb50cdf10d648416d508574d70e9781ddf156a1b2a86d2b385e94dc,100,1729,maximum_nontransitivity_hybrid_gain,2000.0,3000.0
kata1-b6c96-s10825472-d2300510,86,1734.4393521904537,1644.2681661145277,1824.6105382663798,1744.6194606988875,-10.180108508433705,2,a5803f8a5d9d87202b43d709cb328cedaf18c446af448f705c33d553e8c2e9f7,5170ec511fb50cdf10d648416d508574d70e9781ddf156a1b2a86d2b385e94dc,100,1729,maximum_nontransitivity_hybrid_gain,2000.0,3000.0
kata1-b6c96-s10825472-d2300510,88,1732.6620202957731,1643.6826646446916,1821.6413759468546,1744.6194606988875,-11.957440403114333,2,a5803f8a5d9d87202b43d709cb328cedaf18c446af448f705c33d553e8c2e9f7,5170ec511fb50cdf10d648416d508574d70e9781ddf156a1b2a86d2b385e94dc,100,1729,maximum_nontransitivity_hybrid_gain,2000.0,3000.0
kata1-b6c96-s10825472-d2300510,90,1741.6233053872668,1654.1998805375863,1829.0467302369473,1744.6194606988875,-2.9961553116206687,2,a5803f8a5d9d87202b43d709cb328cedaf18c446af448f705c33d553e8c2e9f7,5170ec511fb50cdf10d648416d508574d70e9781ddf156a1b2a86d2b385e94dc,100,1729,maximum_nontransitivity_hybrid_gain,2000.0,3000.0
kata1-b6c96-s10825472-d2300510,92,1737.9536906022936,1651.0732443215093,1824.834136883078,1744.6194606988875,-6.66577009659386,2,a5803f8a5d9d87202b43d709cb328cedaf18c446af448f705c33d553e8c2e9f7,5170ec511fb50cdf10d648416d508574d70e9781ddf156a1b2a86d2b385e94dc,100,1729,maximum_nontransitivity_hybrid_gain,2000.0,3000.0
kata1-b6c96-s10825472-d2300510,94,1726.011878871202,1639.7857921972811,1812.237965545123,1744.6194606988875,-18.607581827685408,2,a5803f8a5d9d87202b43d709cb328cedaf18c446af448f705c33d553e8c2e9f7,5170ec511fb50cdf10d648416d508574d70e9781ddf156a1b2a86d2b385e94dc,100,1729,maximum_nontransitivity_hybrid_gain,2000.0,3000.0
kata1-b6c96-s10825472-d2300510,96,1724.6486425019807,1639.467432269298,1809.8298527346635,1744.6194606988875,-19.970818196906748,2,a5803f8a5d9d87202b43d709cb328cedaf18c446af448f705c33d553e8c2e9f7,5170ec511fb50cdf10d648416d508574d70e9781ddf156a1b2a86d2b385e94dc,100,1729,maximum_nontransitivity_hybrid_gain,2000.0,3000.0
kata1-b6c96-s10825472-d2300510,98,1713.57343698745,1629.0237044693727,1798.1231695055271,1744.6194606988875,-31.046023711437556,2,a5803f8a5d9d87202b43d709cb328cedaf18c446af448f705c33d553e8c2e9f7,5170ec511fb50cdf10d648416d508574d70e9781ddf156a1b2a86d2b385e94dc,100,1729,maximum_nontransitivity_hybrid_gain,2000.0,3000.0
kata1-b6c96-s10825472-d2300510,100,1712.6009038068871,1629.0486678766151,1796.153139737159,1744.6194606988875,-32.01855689200033,2,a5803f8a5d9d87202b43d709cb328cedaf18c446af448f705c33d553e8c2e9f7,5170ec511fb50cdf10d648416d508574d70e9781ddf156a1b2a86d2b385e94dc,100,1729,maximum_nontransitivity_hybrid_gain,2000.0,3000.0
kata1-b6c96-s12849664-d2510774-temp-0.5,2,2013.5637084514226,1529.4336272963976,2497.6937896064474,1856.5744740796683,156.98923437175426,2,a5803f8a5d9d87202b43d709cb328cedaf18c446af448f705c33d553e8c2e9f7,5170ec511fb50cdf10d648416d508574d70e9781ddf156a1b2a86d2b385e94dc,100,1729,maximum_nontransitivity_hybrid_gain,2000.0,3000.0
kata1-b6c96-s12849664-d2510774-temp-0.5,4,1820.6492098095564,1425.3986684139923,2215.8997512051205,1856.5744740796683,-35.92526427011194,2,a5803f8a5d9d87202b43d709cb328cedaf18c446af448f705c33d553e8c2e9f7,5170ec511fb50cdf10d648416d508574d70e9781ddf156a1b2a86d2b385e94dc,100,1729,maximum_nontransitivity_hybrid_gain,2000.0,3000.0
kata1-b6c96-s12849664-d2510774-temp-0.5,6,1730.9169340245483,1356.601664155382,2105.2322038937145,1856.5744740796683,-125.65754005512008,2,a5803f8a5d9d87202b43d709cb328cedaf18c446af448f705c33d553e8c2e9f7,5170ec511fb50cdf10d648416d508574d70e9781ddf156a1b2a86d2b385e94dc,100,1729,maximum_nontransitivity_hybrid_gain,2000.0,3000.0
kata1-b6c96-s12849664-d2510774-temp-0.5,8,1671.8935652648615,1307.0703822264472,2036.7167483032758,1856.5744740796683,-184.6809088148068,2,a5803f8a5d9d87202b43d709cb328cedaf18c446af448f705c33d553e8c2e9f7,5170ec511fb50cdf10d648416d508574d70e9781ddf156a1b2a86d2b385e94dc,100,1729,maximum_nontransitivity_hybrid_gain,2000.0,3000.0
kata1-b6c96-s12849664-d2510774-temp-0.5,10,1627.8562806281204,1268.479953114401,1987.2326081418398,1856.5744740796683,-228.7181934515479,2,a5803f8a5d9d87202b43d709cb328cedaf18c446af448f705c33d553e8c2e9f7,5170ec511fb50cdf10d648416d508574d70e9781ddf156a1b2a86d2b385e94dc,100,1729,maximum_nontransitivity_hybrid_gain,2000.0,3000.0
kata1-b6c96-s12849664-d2510774-temp-0.5,12,1734.1272865950232,1482.011269121199,1986.2433040688475,1856.5744740796683,-122.44718748464516,2,a5803f8a5d9d87202b43d709cb328cedaf18c446af448f705c33d553e8c2e9f7,5170ec511fb50cdf10d648416d508574d70e9781ddf156a1b2a86d2b385e94dc,100,1729,maximum_nontransitivity_hybrid_gain,2000.0,3000.0
kata1-b6c96-s12849664-d2510774-temp-0.5,14,1705.18643955952,1460.9185545310886,1949.4543245879515,1856.5744740796683,-151.38803452014827,2,a5803f8a5d9d87202b43d709cb328cedaf18c446af448f705c33d553e8c2e9f7,5170ec511fb50cdf10d648416d508574d70e9781ddf156a1b2a86d2b385e94dc,100,1729,maximum_nontransitivity_hybrid_gain,2000.0,3000.0
kata1-b6c96-s12849664-d2510774-temp-0.5,16,1757.7286505924208,1548.0371117786976,1967.420189406144,1856.5744740796683,-98.84582348724757,2,a5803f8a5d9d87202b43d709cb328cedaf18c446af448f705c33d553e8c2e9f7,5170ec511fb50cdf10d648416d508574d70e9781ddf156a1b2a86d2b385e94dc,100,1729,maximum_nontransitivity_hybrid_gain,2000.0,3000.0
kata1-b6c96-s12849664-d2510774-temp-0.5,18,1792.7905969264723,1600.0785166185353,1985.5026772344092,1856.5744740796683,-63.783877153196045,2,a5803f8a5d9d87202b43d709cb328cedaf18c446af448f705c33d553e8c2e9f7,5170ec511fb50cdf10d648416d508574d70e9781ddf156a1b2a86d2b385e94dc,100,1729,maximum_nontransitivity_hybrid_gain,2000.0,3000.0
kata1-b6c96-s12849664-d2510774-temp-0.5,20,1819.3051413928522,1640.1402011830678,1998.4700816026366,1856.5744740796683,-37.26933268681614,2,a5803f8a5d9d87202b43d709cb328cedaf18c446af448f705c33d553e8c2e9f7,5170ec511fb50cdf10d648416d508574d70e9781ddf156a1b2a86d2b385e94dc,100,1729,maximum_nontransitivity_hybrid_gain,2000.0,3000.0
kata1-b6c96-s12849664-d2510774-temp-0.5,22,1840.372508102548,1670.6075803177623,2010.1374358873336,1856.5744740796683,-16.20196597712038,2,a5803f8a5d9d87202b43d709cb328cedaf18c446af448f705c33d553e8c2e9f7,5170ec511fb50cdf10d648416d508574d70e9781ddf156a1b2a86d2b385e94dc,100,1729,maximum_nontransitivity_hybrid_gain,2000.0,3000.0
kata1-b6c96-s12849664-d2510774-temp-0.5,24,1818.7905755627883,1654.8673972557672,1982.7137538698094,1856.5744740796683,-37.78389851688007,2,a5803f8a5d9d87202b43d709cb328cedaf18c446af448f705c33d553e8c2e9f7,5170ec511fb50cdf10d648416d508574d70e9781ddf156a1b2a86d2b385e94dc,100,1729,maximum_nontransitivity_hybrid_gain,2000.0,3000.0
kata1-b6c96-s12849664-d2510774-temp-0.5,26,1836.759559038556,1679.3556429130144,1994.1634751640977,1856.5744740796683,-19.814915041112272,2,a5803f8a5d9d87202b43d709cb328cedaf18c446af448f705c33d553e8c2e9f7,5170ec511fb50cdf10d648416d508574d70e9781ddf156a1b2a86d2b385e94dc,100,1729,maximum_nontransitivity_hybrid_gain,2000.0,3000.0
kata1-b6c96-s12849664-d2510774-temp-0.5,28,1852.2382789903504,1699.9989659752046,2004.4775920054963,1856.5744740796683,-4.3361950893179255,2,a5803f8a5d9d87202b43d709cb328cedaf18c446af448f705c33d553e8c2e9f7,5170ec511fb50cdf10d648416d508574d70e9781ddf156a1b2a86d2b385e94dc,100,1729,maximum_nontransitivity_hybrid_gain,2000.0,3000.0
kata1-b6c96-s12849664-d2510774-temp-0.5,30,1865.8517007140567,1717.8326549030555,2013.870746525058,1856.5744740796683,9.277226634388398,2,a5803f8a5d9d87202b43d709cb328cedaf18c446af448f705c33d553e8c2e9f7,5170ec511fb50cdf10d648416d508574d70e9781ddf156a1b2a86d2b385e94dc,100,1729,maximum_nontransitivity_hybrid_gain,2000.0,3000.0
kata1-b6c96-s12849664-d2510774-temp-0.5,32,1878.0146997312236,1733.5264660292657,2022.5029334331814,1856.5744740796683,21.440225651555238,2,a5803f8a5d9d87202b43d709cb328cedaf18c446af448f705c33d553e8c2e9f7,5170ec511fb50cdf10d648416d508574d70e9781ddf156a1b2a86d2b385e94dc,100,1729,maximum_nontransitivity_hybrid_gain,2000.0,3000.0
kata1-b6c96-s12849664-d2510774-temp-0.5,34,1889.0168859044331,1747.5378463221646,2030.4959254867017,1856.5744740796683,32.442411824764804,2,a5803f8a5d9d87202b43d709cb328cedaf18c446af448f705c33d553e8c2e9f7,5170ec511fb50cdf10d648416d508574d70e9781ddf156a1b2a86d2b385e94dc,100,1729,maximum_nontransitivity_hybrid_gain,2000.0,3000.0
kata1-b6c96-s12849664-d2510774-temp-0.5,36,1898.2787131477887,1761.1556677428632,2035.4017585527142,1856.5744740796683,41.70423906812039,2,a5803f8a5d9d87202b43d709cb328cedaf18c446af448f705c33d553e8c2e9f7,5170ec511fb50cdf10d648416d508574d70e9781ddf156a1b2a86d2b385e94dc,100,1729,maximum_nontransitivity_hybrid_gain,2000.0,3000.0
kata1-b6c96-s12849664-d2510774-temp-0.5,38,1881.2802986224995,1747.8422464712305,2014.7183507737684,1856.5744740796683,24.705824542831124,2,a5803f8a5d9d87202b43d709cb328cedaf18c446af448f705c33d553e8c2e9f7,5170ec511fb50cdf10d648416d508574d70e9781ddf156a1b2a86d2b385e94dc,100,1729,maximum_nontransitivity_hybrid_gain,2000.0,3000.0
kata1-b6c96-s12849664-d2510774-temp-0.5,40,1890.0298230494077,1760.19959976653,2019.8600463322855,1856.5744740796683,33.45534896973936,2,a5803f8a5d9d87202b43d709cb328cedaf18c446af448f705c33d553e8c2e9f7,5170ec511fb50cdf10d648416d508574d70e9781ddf156a1b2a86d2b385e94dc,100,1729,maximum_nontransitivity_hybrid_gain,2000.0,3000.0
kata1-b6c96-s12849664-d2510774-temp-0.5,42,1898.470955070814,1770.7480025128525,2026.1939076287754,1856.5744740796683,41.89648099114561,2,a5803f8a5d9d87202b43d709cb328cedaf18c446af448f705c33d553e8c2e9f7,5170ec511fb50cdf10d648416d508574d70e9781ddf156a1b2a86d2b385e94dc,100,1729,maximum_nontransitivity_hybrid_gain,2000.0,3000.0
kata1-b6c96-s12849664-d2510774-temp-0.5,44,1883.415286350055,1759.7003148142026,2007.1302578859077,1856.5744740796683,26.840812270386778,2,a5803f8a5d9d87202b43d709cb328cedaf18c446af448f705c33d553e8c2e9f7,5170ec511fb50cdf10d648416d508574d70e9781ddf156a1b2a86d2b385e94dc,100,1729,maximum_nontransitivity_hybrid_gain,2000.0,3000.0
kata1-b6c96-s12849664-d2510774-temp-0.5,46,1891.3074165047663,1769.4759947798095,2013.138838229723,1856.5744740796683,34.73294242509792,2,a5803f8a5d9d87202b43d709cb328cedaf18c446af448f705c33d553e8c2e9f7,5170ec511fb50cdf10d648416d508574d70e9781ddf156a1b2a86d2b385e94dc,100,1729,maximum_nontransitivity_hybrid_gain,2000.0,3000.0
kata1-b6c96-s12849664-d2510774-temp-0.5,48,1877.9429604305044,1759.488817796922,1996.3971030640869,1856.5744740796683,21.368486350836065,2,a5803f8a5d9d87202b43d709cb328cedaf18c446af448f705c33d553e8c2e9f7,5170ec511fb50cdf10d648416d508574d70e9781ddf156a1b2a86d2b385e94dc,100,1729,maximum_nontransitivity_hybrid_gain,2000.0,3000.0
kata1-b6c96-s12849664-d2510774-temp-0.5,50,1865.908573305485,1749.7903410719052,1982.026805539065,1856.5744740796683,9.334099225816772,2,a5803f8a5d9d87202b43d709cb328cedaf18c446af448f705c33d553e8c2e9f7,5170ec511fb50cdf10d648416d508574d70e9781ddf156a1b2a86d2b385e94dc,100,1729,maximum_nontransitivity_hybrid_gain,2000.0,3000.0
kata1-b6c96-s12849664-d2510774-temp-0.5,52,1854.8534446743079,1741.413925694753,1968.2929636538627,1856.5744740796683,-1.7210294053604684,2,a5803f8a5d9d87202b43d709cb328cedaf18c446af448f705c33d553e8c2e9f7,5170ec511fb50cdf10d648416d508574d70e9781ddf156a1b2a86d2b385e94dc,100,1729,maximum_nontransitivity_hybrid_gain,2000.0,3000.0
kata1-b6c96-s12849664-d2510774-temp-0.5,54,1853.4622343436513,1741.8949101368526,1965.02955855045,1856.5744740796683,-3.1122397360170453,2,a5803f8a5d9d87202b43d709cb328cedaf18c446af448f705c33d553e8c2e9f7,5170ec511fb50cdf10d648416d508574d70e9781ddf156a1b2a86d2b385e94dc,100,1729,maximum_nontransitivity_hybrid_gain,2000.0,3000.0
kata1-b6c96-s12849664-d2510774-temp-0.5,56,1852.2397413594908,1742.8056984826007,1961.673784236381,1856.5744740796683,-4.334732720177499,2,a5803f8a5d9d87202b43d709cb328cedaf18c446af448f705c33d553e8c2e9f7,5170ec511fb50cdf10d648416d508574d70e9781ddf156a1b2a86d2b385e94dc,100,1729,maximum_nontransitivity_hybrid_gain,2000.0,3000.0
kata1-b6c96-s12849664-d2510774-temp-0.5,58,1875.6951443736207,1767.9303617332225,1983.4599270140188,1856.5744740796683,19.120670293952344,2,a5803f8a5d9d87202b43d709cb328cedaf18c446af448f705c33d553e8c2e9f7,5170ec511fb50cdf10d648416d508574d70e9781ddf156a1b2a86d2b385e94dc,100,1729,maximum_nontransitivity_hybrid_gain,2000.0,3000.0
kata1-b6c96-s12849664-d2510774-temp-0.5,60,1881.8749600575168,1775.4272487286826,1988.322671386351,1856.5744740796683,25.30048597784844,2,a5803f8a5d9d87202b43d709cb328cedaf18c446af448f705c33d553e8c2e9f7,5170ec511fb50cdf10d648416d508574d70e9781ddf156a1b2a86d2b385e94dc,100,1729,maximum_nontransitivity_hybrid_gain,2000.0,3000.0
kata1-b6c96-s12849664-d2510774-temp-0.5,62,1887.427959143511,1782.8141837424726,1992.0417345445496,1856.5744740796683,30.853485063842754,2,a5803f8a5d9d87202b43d709cb328cedaf18c446af448f705c33d553e8c2e9f7,5170ec511fb50cdf10d648416d508574d70e9781ddf156a1b2a86d2b385e94dc,100,1729,maximum_nontransitivity_hybrid_gain,2000.0,3000.0
kata1-b6c96-s12849664-d2510774-temp-0.5,64,1877.7171961607535,1775.0713380723853,1980.3630542491217,1856.5744740796683,21.14272208108514,2,a5803f8a5d9d87202b43d709cb328cedaf18c446af448f705c33d553e8c2e9f7,5170ec511fb50cdf10d648416d508574d70e9781ddf156a1b2a86d2b385e94dc,100,1729,maximum_nontransitivity_hybrid_gain,2000.0,3000.0
kata1-b6c96-s12849664-d2510774-temp-0.5,66,1883.257683746741,1781.7557393114632,1984.7596281820186,1856.5744740796683,26.68320966707256,2,a5803f8a5d9d87202b43d709cb328cedaf18c446af448f705c33d553e8c2e9f7,5170ec511fb50cdf10d648416d508574d70e9781ddf156a1b2a86d2b385e94dc,100,1729,maximum_nontransitivity_hybrid_gain,2000.0,3000.0
kata1-b6c96-s12849664-d2510774-temp-0.5,68,1874.3226566938495,1774.1911257367738,1974.4541876509252,1856.5744740796683,17.748182614181133,2,a5803f8a5d9d87202b43d709cb328cedaf18c446af448f705c33d553e8c2e9f7,5170ec511fb50cdf10d648416d508574d70e9781ddf156a1b2a86d2b385e94dc,100,1729,maximum_nontransitivity_hybrid_gain,2000.0,3000.0
kata1-b6c96-s12849664-d2510774-temp-0.5,70,1879.4768448042526,1780.8372194581088,1978.1164701503963,1856.5744740796683,22.902370724584216,2,a5803f8a5d9d87202b43d709cb328cedaf18c446af448f705c33d553e8c2e9f7,5170ec511fb50cdf10d648416d508574d70e9781ddf156a1b2a86d2b385e94dc,100,1729,maximum_nontransitivity_hybrid_gain,2000.0,3000.0
kata1-b6c96-s12849664-d2510774-temp-0.5,72,1871.1480333119478,1773.7636691985479,1968.5323974253477,1856.5744740796683,14.573559232279422,2,a5803f8a5d9d87202b43d709cb328cedaf18c446af448f705c33d553e8c2e9f7,5170ec511fb50cdf10d648416d508574d70e9781ddf156a1b2a86d2b385e94dc,100,1729,maximum_nontransitivity_hybrid_gain,2000.0,3000.0
kata1-b6c96-s12849664-d2510774-temp-0.5,74,1863.2593861560379,1767.3876068755687,1959.131165436507,1856.5744740796683,6.684912076369528,2,a5803f8a5d9d87202b43d709cb328cedaf18c446af448f705c33d553e8c2e9f7,5170ec511fb50cdf10d648416d508574d70e9781ddf156a1b2a86d2b385e94dc,100,1729,maximum_nontransitivity_hybrid_gain,2000.0,3000.0
kata1-b6c96-s12849664-d2510774-temp-0.5,76,1868.39240866499,1773.483192952814,1963.3016243771658,1856.5744740796683,11.81793458532161,2,a5803f8a5d9d87202b43d709cb328cedaf18c446af448f705c33d553e8c2e9f7,5170ec511fb50cdf10d648416d508574d70e9781ddf156a1b2a86d2b385e94dc,100,1729,maximum_nontransitivity_hybrid_gain,2000.0,3000.0
kata1-b6c96-s12849664-d2510774-temp-0.5,78,1873.1594037031473,1779.4951432052692,1966.8236642010254,1856.5744740796683,16.584929623478956,2,a5803f8a5d9d87202b43d709cb328cedaf18c446af448f705c33d553e8c2e9f7,5170ec511fb50cdf10d648416d508574d70e9781ddf156a1b2a86d2b385e94dc,100,1729,maximum_nontransitivity_hybrid_gain,2000.0,3000.0
kata1-b6c96-s12849664-d2510774-temp-0.5,80,1877.837113866689,1785.0297554870524,1970.6444722463254,1856.5744740796683,21.26263978702059,2,a5803f8a5d9d87202b43d709cb328cedaf18c446af448f705c33d553e8c2e9f7,5170ec511fb50cdf10d648416d508574d70e9781ddf156a1b2a86d2b385e94dc,100,1729,maximum_nontransitivity_hybrid_gain,2000.0,3000.0
kata1-b6c96-s12849664-d2510774-temp-0.5,82,1882.1151375265383,1790.4833252964354,1973.7469497566412,1856.5744740796683,25.540663446869985,2,a5803f8a5d9d87202b43d709cb328cedaf18c446af448f705c33d553e8c2e9f7,5170ec511fb50cdf10d648416d508574d70e9781ddf156a1b2a86d2b385e94dc,100,1729,maximum_nontransitivity_hybrid_gain,2000.0,3000.0
kata1-b6c96-s12849664-d2510774-temp-0.5,84,1874.8800127237203,1784.5110063880581,1965.2490190593824,1856.5744740796683,18.30553864405192,2,a5803f8a5d9d87202b43d709cb328cedaf18c446af448f705c33d553e8c2e9f7,5170ec511fb50cdf10d648416d508574d70e9781ddf156a1b2a86d2b385e94dc,100,1729,maximum_nontransitivity_hybrid_gain,2000.0,3000.0
kata1-b6c96-s12849664-d2510774-temp-0.5,86,1868.0289485840703,1778.5910525174409,1957.4668446506998,1856.5744740796683,11.454474504402015,2,a5803f8a5d9d87202b43d709cb328cedaf18c446af448f705c33d553e8c2e9f7,5170ec511fb50cdf10d648416d508574d70e9781ddf156a1b2a86d2b385e94dc,100,1729,maximum_nontransitivity_hybrid_gain,2000.0,3000.0
kata1-b6c96-s12849664-d2510774-temp-0.5,88,1861.4684759422648,1772.954876447124,1949.9820754374057,1856.5744740796683,4.894001862596497,2,a5803f8a5d9d87202b43d709cb328cedaf18c446af448f705c33d553e8c2e9f7,5170ec511fb50cdf10d648416d508574d70e9781ddf156a1b2a86d2b385e94dc,100,1729,maximum_nontransitivity_hybrid_gain,2000.0,3000.0
kata1-b6c96-s12849664-d2510774-temp-0.5,90,1855.2459708869155,1767.8018676618535,1942.6900741119775,1856.5744740796683,-1.3285031927528053,2,a5803f8a5d9d87202b43d709cb328cedaf18c446af448f705c33d553e8c2e9f7,5170ec511fb50cdf10d648416d508574d70e9781ddf156a1b2a86d2b385e94dc,100,1729,maximum_nontransitivity_hybrid_gain,2000.0,3000.0
kata1-b6c96-s12849664-d2510774-temp-0.5,92,1849.2431818241055,1762.6715616865504,1935.8148019616606,1856.5744740796683,-7.3312922555628575,2,a5803f8a5d9d87202b43d709cb328cedaf18c446af448f705c33d553e8c2e9f7,5170ec511fb50cdf10d648416d508574d70e9781ddf156a1b2a86d2b385e94dc,100,1729,maximum_nontransitivity_hybrid_gain,2000.0,3000.0
kata1-b6c96-s12849664-d2510774-temp-0.5,94,1853.6431558691743,1767.9648489048373,1939.3214628335113,1856.5744740796683,-2.931318210494055,2,a5803f8a5d9d87202b43d709cb328cedaf18c446af448f705c33d553e8c2e9f7,5170ec511fb50cdf10d648416d508574d70e9781ddf156a1b2a86d2b385e94dc,100,1729,maximum_nontransitivity_hybrid_gain,2000.0,3000.0
kata1-b6c96-s12849664-d2510774-temp-0.5,96,1857.8734438115557,1772.8921483740367,1942.8547392490748,1856.5744740796683,1.2989697318873823,2,a5803f8a5d9d87202b43d709cb328cedaf18c446af448f705c33d553e8c2e9f7,5170ec511fb50cdf10d648416d508574d70e9781ddf156a1b2a86d2b385e94dc,100,1729,maximum_nontransitivity_hybrid_gain,2000.0,3000.0
kata1-b6c96-s12849664-d2510774-temp-0.5,98,1861.8839471231051,1777.7555468365967,1946.0123474096135,1856.5744740796683,5.30947304343681,2,a5803f8a5d9d87202b43d709cb328cedaf18c446af448f705c33d553e8c2e9f7,5170ec511fb50cdf10d648416d508574d70e9781ddf156a1b2a86d2b385e94dc,100,1729,maximum_nontransitivity_hybrid_gain,2000.0,3000.0
kata1-b6c96-s12849664-d2510774-temp-0.5,100,1865.8072692181415,1782.3132942518203,1949.3012441844628,1856.5744740796683,9.232795138473193,2,a5803f8a5d9d87202b43d709cb328cedaf18c446af448f705c33d553e8c2e9f7,5170ec511fb50cdf10d648416d508574d70e9781ddf156a1b2a86d2b385e94dc,100,1729,maximum_nontransitivity_hybrid_gain,2000.0,3000.0
kata1-b6c96-s13733120-d2631546-temp-0.3,2,2843.334262864967,404.7504286237727,5281.918097106161,1986.3808289415451,856.9534339234219,2,a5803f8a5d9d87202b43d709cb328cedaf18c446af448f705c33d553e8c2e9f7,5170ec511fb50cdf10d648416d508574d70e9781ddf156a1b2a86d2b385e94dc,100,1729,maximum_nontransitivity_hybrid_gain,2000.0,3000.0
kata1-b6c96-s13733120-d2631546-temp-0.3,4,2416.8412222338757,1810.3802970600627,3023.3021474076886,1986.3808289415451,430.46039329233054,2,a5803f8a5d9d87202b43d709cb328cedaf18c446af448f705c33d553e8c2e9f7,5170ec511fb50cdf10d648416d508574d70e9781ddf156a1b2a86d2b385e94dc,100,1729,maximum_nontransitivity_hybrid_gain,2000.0,3000.0
kata1-b6c96-s13733120-d2631546-temp-0.3,6,2188.2260852328704,1810.9529239646831,2565.4992465010578,1986.3808289415451,201.8452562913253,2,a5803f8a5d9d87202b43d709cb328cedaf18c446af448f705c33d553e8c2e9f7,5170ec511fb50cdf10d648416d508574d70e9781ddf156a1b2a86d2b385e94dc,100,1729,maximum_nontransitivity_hybrid_gain,2000.0,3000.0
kata1-b6c96-s13733120-d2631546-temp-0.3,8,2055.825712676755,1771.4593779414026,2340.192047412107,1986.3808289415451,69.44488373520971,2,a5803f8a5d9d87202b43d709cb328cedaf18c446af448f705c33d553e8c2e9f7,5170ec511fb50cdf10d648416d508574d70e9781ddf156a1b2a86d2b385e94dc,100,1729,maximum_nontransitivity_hybrid_gain,2000.0,3000.0
kata1-b6c96-s13733120-d2631546-temp-0.3,10,2043.439808901753,1797.0211161444997,2289.8585016590064,1986.3808289415451,57.05897996020781,2,a5803f8a5d9d87202b43d709cb328cedaf18c446af448f705c33d553e8c2e9f7,5170ec511fb50cdf10d648416d508574d70e9781ddf156a1b2a86d2b385e94dc,100,1729,maximum_nontransitivity_hybrid_gain,2000.0,3000.0
kata1-b6c96-s13733120-d2631546-temp-0.3,12,2108.5892292191584,1884.3828344616234,2332.7956239766936,1986.3808289415451,122.20840027761324,2,a5803f8a5d9d87202b43d709cb328cedaf18c446af448f705c33d553e8c2e9f7,5170ec511fb50cdf10d648416d508574d70e9781ddf156a1b2a86d2b385e94dc,100,1729,maximum_nontransitivity_hybrid_gain,2000.0,3000.0
kata1-b6c96-s13733120-d2631546-temp-0.3,14,2057.2365559997625,1854.4002815470706,2260.072830452454,1986.3808289415451,70.85572705821733,2,a5803f8a5d9d87202b43d709cb328cedaf18c446af448f705c33d553e8c2e9f7,5170ec511fb50cdf10d648416d508574d70e9781ddf156a1b2a86d2b385e94dc,100,1729,maximum_nontransitivity_hybrid_gain,2000.0,3000.0
kata1-b6c96-s13733120-d2631546-temp-0.3,16,2072.7019218088262,1884.1678753630447,2261.2359682546075,1986.3808289415451,86.3210928672811,2,a5803f8a5d9d87202b43d709cb328cedaf18c446af448f705c33d553e8c2e9f7,5170ec511fb50cdf10d648416d508574d70e9781ddf156a1b2a86d2b385e94dc,100,1729,maximum_nontransitivity_hybrid_gain,2000.0,3000.0
kata1-b6c96-s13733120-d2631546-temp-0.3,18,2041.390191478691,1864.49295934505,2218.2874236123316,1986.3808289415451,55.00936253714576,2,a5803f8a5d9d87202b43d709cb328cedaf18c446af448f705c33d553e8c2e9f7,5170ec511fb50cdf10d648416d508574d70e9781ddf156a1b2a86d2b385e94dc,100,1729,maximum_nontransitivity_hybrid_gain,2000.0,3000.0
kata1-b6c96-s13733120-d2631546-temp-0.3,20,1996.350471847239,1827.5856515055978,2165.11529218888,1986.3808289415451,9.969642905693945,2,a5803f8a5d9d87202b43d709cb328cedaf18c446af448f705c33d553e8c2e9f7,5170ec511fb50cdf10d648416d508574d70e9781ddf156a1b2a86d2b385e94dc,100,1729,maximum_nontransitivity_hybrid_gain,2000.0,3000.0
kata1-b6c96-s13733120-d2631546-temp-0.3,22,1997.4972787584436,1837.7373179076167,2157.2572396092705,1986.3808289415451,11.116449816898466,2,a5803f8a5d9d87202b43d709cb328cedaf18c446af448f705c33d553e8c2e9f7,5170ec511fb50cdf10d648416d508574d70e9781ddf156a1b2a86d2b385e94dc,100,1729,maximum_nontransitivity_hybrid_gain,2000.0,3000.0
kata1-b6c96-s13733120-d2631546-temp-0.3,24,1998.4040892936796,1846.2933884103509,2150.5147901770083,1986.3808289415451,12.023260352134457,2,a5803f8a5d9d87202b43d709cb328cedaf18c446af448f705c33d553e8c2e9f7,5170ec511fb50cdf10d648416d508574d70e9781ddf156a1b2a86d2b385e94dc,100,1729,maximum_nontransitivity_hybrid_gain,2000.0,3000.0
kata1-b6c96-s13733120-d2631546-temp-0.3,26,2029.605699957197,1885.021395763972,2174.1900041504223,1986.3808289415451,43.22487101565184,2,a5803f8a5d9d87202b43d709cb328cedaf18c446af448f705c33d553e8c2e9f7,5170ec511fb50cdf10d648416d508574d70e9781ddf156a1b2a86d2b385e94dc,100,1729,maximum_nontransitivity_hybrid_gain,2000.0,3000.0
kata1-b6c96-s13733120-d2631546-temp-0.3,28,2027.8078688860044,1888.8230842230098,2166.7926535489987,1986.3808289415451,41.42703994445924,2,a5803f8a5d9d87202b43d709cb328cedaf18c446af448f705c33d553e8c2e9f7,5170ec511fb50cdf10d648416d508574d70e9781ddf156a1b2a86d2b385e94dc,100,1729,maximum_nontransitivity_hybrid_gain,2000.0,3000.0
kata1-b6c96-s13733120-d2631546-temp-0.3,30,2026.2933466518243,1892.2799041517974,2160.3067891518513,1986.3808289415451,39.91251771027919,2,a5803f8a5d9d87202b43d709cb328cedaf18c446af448f705c33d553e8c2e9f7,5170ec511fb50cdf10d648416d508574d70e9781ddf156a1b2a86d2b385e94dc,100,1729,maximum_nontransitivity_hybrid_gain,2000.0,3000.0
kata1-b6c96-s13733120-d2631546-temp-0.3,32,2024.9650158589932,1895.4045699201024,2154.525461797884,1986.3808289415451,38.58418691744805,2,a5803f8a5d9d87202b43d709cb328cedaf18c446af448f705c33d553e8c2e9f7,5170ec511fb50cdf10d648416d508574d70e9781ddf156a1b2a86d2b385e94dc,100,1729,maximum_nontransitivity_hybrid_gain,2000.0,3000.0
kata1-b6c96-s13733120-d2631546-temp-0.3,34,2023.8050023638564,1898.2610622132377,2149.3489425144753,1986.3808289415451,37.42417342231124,2,a5803f8a5d9d87202b43d709cb328cedaf18c446af448f705c33d553e8c2e9f7,5170ec511fb50cdf10d648416d508574d70e9781ddf156a1b2a86d2b385e94dc,100,1729,maximum_nontransitivity_hybrid_gain,2000.0,3000.0
kata1-b6c96-s13733120-d2631546-temp-0.3,36,2022.7830824694645,1900.8850308987548,2144.681134040174,1986.3808289415451,36.402253527919356,2,a5803f8a5d9d87202b43d709cb328cedaf18c446af448f705c33d553e8c2e9f7,5170ec511fb50cdf10d648416d508574d70e9781ddf156a1b2a86d2b385e94dc,100,1729,maximum_nontransitivity_hybrid_gain,2000.0,3000.0
kata1-b6c96-s13733120-d2631546-temp-0.3,38,2021.8756753310236,1903.3057387999202,2140.445611862127,1986.3808289415451,35.494846389478425,2,a5803f8a5d9d87202b43d709cb328cedaf18c446af448f705c33d553e8c2e9f7,5170ec511fb50cdf10d648416d508574d70e9781ddf156a1b2a86d2b385e94dc,100,1729,maximum_nontransitivity_hybrid_gain,2000.0,3000.0
kata1-b6c96-s13733120-d2631546-temp-0.3,40,2021.0863373381019,1905.5684558052171,2136.6042188709866,1986.3808289415451,34.70550839655675,2,a5803f8a5d9d87202b43d709cb328cedaf18c446af448f705c33d553e8c2e9f7,5170ec511fb50cdf10d648416d508574d70e9781ddf156a1b2a86d2b385e94dc,100,1729,maximum_nontransitivity_hybrid_gain,2000.0,3000.0
kata1-b6c96-s13733120-d2631546-temp-0.3,42,2002.3743211003307,1889.4199389006117,2115.3287033000497,1986.3808289415451,15.993492158785557,2,a5803f8a5d9d87202b43d709cb328cedaf18c446af448f705c33d553e8c2e9f7,5170ec511fb50cdf10d648416d508574d70e9781ddf156a1b2a86d2b385e94dc,100,1729,maximum_nontransitivity_hybrid_gain,2000.0,3000.0
kata1-b6c96-s13733120-d2631546-temp-0.3,44,1985.3699851666822,1874.5942268468073,2096.145743486557,1986.3808289415451,-1.0108437748629058,2,a5803f8a5d9d87202b43d709cb328cedaf18c446af448f705c33d553e8c2e9f7,5170ec511fb50cdf10d648416d508574d70e9781ddf156a1b2a86d2b385e94dc,100,1729,maximum_nontransitivity_hybrid_gain,2000.0,3000.0
kata1-b6c96-s13733120-d2631546-temp-0.3,46,2002.806353417539,1894.9255024142772,2110.6872044208008,1986.3808289415451,16.425524475993825,2,a5803f8a5d9d87202b43d709cb328cedaf18c446af448f705c33d553e8c2e9f7,5170ec511fb50cdf10d648416d508574d70e9781ddf156a1b2a86d2b385e94dc,100,1729,maximum_nontransitivity_hybrid_gain,2000.0,3000.0
kata1-b6c96-s13733120-d2631546-temp-0.3,48,2002.9825232430414,1897.3752250732268,2108.589821412856,1986.3808289415451,16.60169430149631,2,a5803f8a5d9d87202b43d709cb328cedaf18c446af448f705c33d553e8c2e9f7,5170ec511fb50cdf10d648416d508574d70e9781ddf156a1b2a86d2b385e94dc,100,1729,maximum_nontransitivity_hybrid_gain,2000.0,3000.0
kata1-b6c96-s13733120-d2631546-temp-0.3,50,2003.1643142281296,1899.67908330479,2106.649545151469,1986.3808289415451,16.783485286584437,2,a5803f8a5d9d87202b43d709cb328cedaf18c446af448f705c33d553e8c2e9f7,5170ec511fb50cdf10d648416d508574d70e9781ddf156a1b2a86d2b385e94dc,100,1729,maximum_nontransitivity_hybrid_gain,2000.0,3000.0
kata1-b6c96-s13733120-d2631546-temp-0.3,52,1988.9262503091552,1887.1379905816873,2090.714510036623,1986.3808289415451,2.5454213676100608,2,a5803f8a5d9d87202b43d709cb328cedaf18c446af448f705c33d553e8c2e9f7,5170ec511fb50cdf10d648416d508574d70e9781ddf156a1b2a86d2b385e94dc,100,1729,maximum_nontransitivity_hybrid_gain,2000.0,3000.0
kata1-b6c96-s13733120-d2631546-temp-0.3,54,1988.7093068970037,1888.8613017722782,2088.557312021729,1986.3808289415451,2.3284779554585384,2,a5803f8a5d9d87202b43d709cb328cedaf18c446af448f705c33d553e8c2e9f7,5170ec511fb50cdf10d648416d508574d70e9781ddf156a1b2a86d2b385e94dc,100,1729,maximum_nontransitivity_hybrid_gain,2000.0,3000.0
kata1-b6c96-s13733120-d2631546-temp-0.3,56,1989.413970655469,1891.3471025968504,2087.4808387140874,1986.3808289415451,3.0331417139238965,2,a5803f8a5d9d87202b43d709cb328cedaf18c446af448f705c33d553e8c2e9f7,5170ec511fb50cdf10d648416d508574d70e9781ddf156a1b2a86d2b385e94dc,100,1729,maximum_nontransitivity_hybrid_gain,2000.0,3000.0
kata1-b6c96-s13733120-d2631546-temp-0.3,58,1990.0676886838353,1893.6794756309982,2086.4559017366723,1986.3808289415451,3.686859742290153,2,a5803f8a5d9d87202b43d709cb328cedaf18c446af448f705c33d553e8c2e9f7,5170ec511fb50cdf10d648416d508574d70e9781ddf156a1b2a86d2b385e94dc,100,1729,maximum_nontransitivity_hybrid_gain,2000.0,3000.0
kata1-b6c96-s13733120-d2631546-temp-0.3,60,2002.3938194215486,1907.8328233446261,2096.954815498471,1986.3808289415451,16.01299048000351,2,a5803f8a5d9d87202b43d709cb328cedaf18c446af448f705c33d553e8c2e9f7,5170ec511fb50cdf10d648416d508574d70e9781ddf156a1b2a86d2b385e94dc,100,1729,maximum_nontransitivity_hybrid_gain,2000.0,3000.0
kata1-b6c96-s13733120-d2631546-temp-0.3,62,2013.8086819550176,1920.8570227939856,2106.7603411160494,1986.3808289415451,27.427853013472486,2,a5803f8a5d9d87202b43d709cb328cedaf18c446af448f705c33d553e8c2e9f7,5170ec511fb50cdf10d648416d508574d70e9781ddf156a1b2a86d2b385e94dc,100,1729,maximum_nontransitivity_hybrid_gain,2000.0,3000.0
kata1-b6c96-s13733120-d2631546-temp-0.3,64,2012.7621982563473,1921.2436198819807,2104.2807766307137,1986.3808289415451,26.381369314802214,2,a5803f8a5d9d87202b43d709cb328cedaf18c446af448f705c33d553e8c2e9f7,5170ec511fb50cdf10d648416d508574d70e9781ddf156a1b2a86d2b385e94dc,100,1729,maximum_nontransitivity_hybrid_gain,2000.0,3000.0
kata1-b6c96-s13733120-d2631546-temp-0.3,66,2023.075426080843,1932.9127334795778,2113.2381186821085,1986.3808289415451,36.69459713929791,2,a5803f8a5d9d87202b43d709cb328cedaf18c446af448f705c33d553e8c2e9f7,5170ec511fb50cdf10d648416d508574d70e9781ddf156a1b2a86d2b385e94dc,100,1729,maximum_nontransitivity_hybrid_gain,2000.0,3000.0
kata1-b6c96-s13733120-d2631546-temp-0.3,68,2027.2691322345308,1938.3704336709245,2116.167830798137,1986.3808289415451,40.88830329298571,2,a5803f8a5d9d87202b43d709cb328cedaf18c446af448f705c33d553e8c2e9f7,5170ec511fb50cdf10d648416d508574d70e9781ddf156a1b2a86d2b385e94dc,100,1729,maximum_nontransitivity_hybrid_gain,2000.0,3000.0
kata1-b6c96-s13733120-d2631546-temp-0.3,70,2025.92514102439,1938.2594787683174,2113.5908032804628,1986.3808289415451,39.544312082844954,2,a5803f8a5d9d87202b43d709cb328cedaf18c446af448f705c33d553e8c2e9f7,5170ec511fb50cdf10d648416d508574d70e9781ddf156a1b2a86d2b385e94dc,100,1729,maximum_nontransitivity_hybrid_gain,2000.0,3000.0
kata1-b6c96-s13733120-d2631546-temp-0.3,72,2024.6619133003271,1938.1721393773994,2111.151687223255,1986.3808289415451,38.28108435878198,2,a5803f8a5d9d87202b43d709cb328cedaf18c446af448f705c33d553e8c2e9f7,5170ec511fb50cdf10d648416d508574d70e9781ddf156a1b2a86d2b385e94dc,100,1729,maximum_nontransitivity_hybrid_gain,2000.0,3000.0
kata1-b6c96-s13733120-d2631546-temp-0.3,74,2033.4499399148028,1947.9915911378507,2118.908288691755,1986.3808289415451,47.06911097325769,2,a5803f8a5d9d87202b43d709cb328cedaf18c446af448f705c33d553e8c2e9f7,5170ec511fb50cdf10d648416d508574d70e9781ddf156a1b2a86d2b385e94dc,100,1729,maximum_nontransitivity_hybrid_gain,2000.0,3000.0
kata1-b6c96-s13733120-d2631546-temp-0.3,76,2036.9022527408113,1952.4601248437361,2121.3443806378864,1986.3808289415451,50.52142379926613,2,a5803f8a5d9d87202b43d709cb328cedaf18c446af448f705c33d553e8c2e9f7,5170ec511fb50cdf10d648416d508574d70e9781ddf156a1b2a86d2b385e94dc,100,1729,maximum_nontransitivity_hybrid_gain,2000.0,3000.0
kata1-b6c96-s13733120-d2631546-temp-0.3,78,2025.9797200848539,1942.6812767743952,2109.2781633953123,1986.3808289415451,39.59889114330872,2,a5803f8a5d9d87202b43d709cb328cedaf18c446af448f705c33d553e8c2e9f7,5170ec511fb50cdf10d648416d508574d70e9781ddf156a1b2a86d2b385e94dc,100,1729,maximum_nontransitivity_hybrid_gain,2000.0,3000.0
kata1-b6c96-s13733120-d2631546-temp-0.3,80,2024.8506782917023,1942.5390952705231,2107.162261312881,1986.3808289415451,38.46984935015712,2,a5803f8a5d9d87202b43d709cb328cedaf18c446af448f705c33d553e8c2e9f7,5170ec511fb50cdf10d648416d508574d70e9781ddf156a1b2a86d2b385e94dc,100,1729,maximum_nontransitivity_hybrid_gain,2000.0,3000.0
kata1-b6c96-s13733120-d2631546-temp-0.3,82,2032.7248482622722,1951.26706522413,2114.1826313004144,1986.3808289415451,46.34401932072706,2,a5803f8a5d9d87202b43d709cb328cedaf18c446af448f705c33d553e8c2e9f7,5170ec511fb50cdf10d648416d508574d70e9781ddf156a1b2a86d2b385e94dc,100,1729,maximum_nontransitivity_hybrid_gain,2000.0,3000.0
kata1-b6c96-s13733120-d2631546-temp-0.3,84,2031.4813239228647,1950.9381238097294,2112.024524036,1986.3808289415451,45.10049498131957,2,a5803f8a5d9d87202b43d709cb328cedaf18c446af448f705c33d553e8c2e9f7,5170ec511fb50cdf10d648416d508574d70e9781ddf156a1b2a86d2b385e94dc,100,1729,maximum_nontransitivity_hybrid_gain,2000.0,3000.0
kata1-b6c96-s13733120-d2631546-temp-0.3,86,2030.2998314666495,1950.6354449604924,2109.9642179728066,1986.3808289415451,43.91900252510436,2,a5803f8a5d9d87202b43d709cb328cedaf18c446af448f705c33d553e8c2e9f7,5170ec511fb50cdf10d648416d508574d70e9781ddf156a1b2a86d2b385e94dc,100,1729,maximum_nontransitivity_hybrid_gain,2000.0,3000.0
kata1-b6c96-s13733120-d2631546-temp-0.3,88,2037.4900647675418,1958.5560733484385,2116.424056186645,1986.3808289415451,51.10923582599662,2,a5803f8a5d9d87202b43d709cb328cedaf18c446af448f705c33d553e8c2e9f7,5170ec511fb50cdf10d648416d508574d70e9781ddf156a1b2a86d2b385e94dc,100,1729,maximum_nontransitivity_hybrid_gain,2000.0,3000.0
kata1-b6c96-s13733120-d2631546-temp-0.3,90,2028.0830651186473,1950.0784251367304,2106.087705100564,1986.3808289415451,41.70223617710212,2,a5803f8a5d9d87202b43d709cb328cedaf18c446af448f705c33d553e8c2e9f7,5170ec511fb50cdf10d648416d508574d70e9781ddf156a1b2a86d2b385e94dc,100,1729,maximum_nontransitivity_hybrid_gain,2000.0,3000.0
kata1-b6c96-s13733120-d2631546-temp-0.3,92,2034.988999176785,1957.6661365819634,2112.3118617716063,1986.3808289415451,48.60817023523987,2,a5803f8a5d9d87202b43d709cb328cedaf18c446af448f705c33d553e8c2e9f7,5170ec511fb50cdf10d648416d508574d70e9781ddf156a1b2a86d2b385e94dc,100,1729,maximum_nontransitivity_hybrid_gain,2000.0,3000.0
kata1-b6c96-s13733120-d2631546-temp-0.3,94,2033.8342720829794,1957.2729800535647,2110.3955641123944,1986.3808289415451,47.45344314143426,2,a5803f8a5d9d87202b43d709cb328cedaf18c446af448f705c33d553e8c2e9f7,5170ec511fb50cdf10d648416d508574d70e9781ddf156a1b2a86d2b385e94dc,100,1729,maximum_nontransitivity_hybrid_gain,2000.0,3000.0
kata1-b6c96-s13733120-d2631546-temp-0.3,96,2040.3284936480304,1964.3803482986796,2116.2766389973813,1986.3808289415451,53.947664706485284,2,a5803f8a5d9d87202b43d709cb328cedaf18c446af448f705c33d553e8c2e9f7,5170ec511fb50cdf10d648416d508574d70e9781ddf156a1b2a86d2b385e94dc,100,1729,maximum_nontransitivity_hybrid_gain,2000.0,3000.0
kata1-b6c96-s13733120-d2631546-temp-0.3,98,2042.821497068289,1967.5211446600251,2118.121849476553,1986.3808289415451,56.44066812674396,2,a5803f8a5d9d87202b43d709cb328cedaf18c446af448f705c33d553e8c2e9f7,5170ec511fb50cdf10d648416d508574d70e9781ddf156a1b2a86d2b385e94dc,100,1729,maximum_nontransitivity_hybrid_gain,2000.0,3000.0
kata1-b6c96-s13733120-d2631546-temp-0.3,100,2041.5716178340865,1966.9662330568437,2116.1770026113295,1986.3808289415451,55.19078889254138,2,a5803f8a5d9d87202b43d709cb328cedaf18c446af448f705c33d553e8c2e9f7,5170ec511fb50cdf10d648416d508574d70e9781ddf156a1b2a86d2b385e94dc,100,1729,maximum_nontransitivity_hybrid_gain,2000.0,3000.0
kata1-b6c96-s14649344-d2727367,2,2202.3337029825266,1647.269480173264,2757.397925791789,2110.739855958135,91.59384702439138,2,a5803f8a5d9d87202b43d709cb328cedaf18c446af448f705c33d553e8c2e9f7,5170ec511fb50cdf10d648416d508574d70e9781ddf156a1b2a86d2b385e94dc,100,1729,maximum_nontransitivity_hybrid_gain,2000.0,3000.0
kata1-b6c96-s14649344-d2727367,4,2100.820878592911,1746.830275763143,2454.811481422679,2110.739855958135,-9.918977365224237,2,a5803f8a5d9d87202b43d709cb328cedaf18c446af448f705c33d553e8c2e9f7,5170ec511fb50cdf10d648416d508574d70e9781ddf156a1b2a86d2b385e94dc,100,1729,maximum_nontransitivity_hybrid_gain,2000.0,3000.0
kata1-b6c96-s14649344-d2727367,6,2132.828657122118,1835.6279964332193,2430.0293178110164,2110.739855958135,22.08880116398268,2,a5803f8a5d9d87202b43d709cb328cedaf18c446af448f705c33d553e8c2e9f7,5170ec511fb50cdf10d648416d508574d70e9781ddf156a1b2a86d2b385e94dc,100,1729,maximum_nontransitivity_hybrid_gain,2000.0,3000.0
kata1-b6c96-s14649344-d2727367,8,2100.9836987034028,1849.6850756994045,2352.282321707401,2110.739855958135,-9.756157254732443,2,a5803f8a5d9d87202b43d709cb328cedaf18c446af448f705c33d553e8c2e9f7,5170ec511fb50cdf10d648416d508574d70e9781ddf156a1b2a86d2b385e94dc,100,1729,maximum_nontransitivity_hybrid_gain,2000.0,3000.0
kata1-b6c96-s14649344-d2727367,10,2159.908042126859,1922.5103488073462,2397.305735446372,2110.739855958135,49.16818616872388,2,a5803f8a5d9d87202b43d709cb328cedaf18c446af448f705c33d553e8c2e9f7,5170ec511fb50cdf10d648416d508574d70e9781ddf156a1b2a86d2b385e94dc,100,1729,maximum_nontransitivity_hybrid_gain,2000.0,3000.0
kata1-b6c96-s14649344-d2727367,12,2132.9712725404293,1921.7799509807614,2344.162594100097,2110.739855958135,22.23141658229406,2,a5803f8a5d9d87202b43d709cb328cedaf18c446af448f705c33d553e8c2e9f7,5170ec511fb50cdf10d648416d508574d70e9781ddf156a1b2a86d2b385e94dc,100,1729,maximum_nontransitivity_hybrid_gain,2000.0,3000.0
kata1-b6c96-s14649344-d2727367,14,2061.8886797440077,1874.9722252141974,2248.805134273818,2110.739855958135,-48.85117621412746,2,a5803f8a5d9d87202b43d709cb328cedaf18c446af448f705c33d553e8c2e9f7,5170ec511fb50cdf10d648416d508574d70e9781ddf156a1b2a86d2b385e94dc,100,1729,maximum_nontransitivity_hybrid_gain,2000.0,3000.0
kata1-b6c96-s14649344-d2727367,16,2055.495759209144,1880.780925923572,2230.2105924947164,2110.739855958135,-55.24409674899107,2,a5803f8a5d9d87202b43d709cb328cedaf18c446af448f705c33d553e8c2e9f7,5170ec511fb50cdf10d648416d508574d70e9781ddf156a1b2a86d2b385e94dc,100,1729,maximum_nontransitivity_hybrid_gain,2000.0,3000.0
kata1-b6c96-s14649344-d2727367,18,2090.7344462841393,1923.0037476774003,2258.465144890878,2110.739855958135,-20.005409673995928,2,a5803f8a5d9d87202b43d709cb328cedaf18c446af448f705c33d553e8c2e9f7,5170ec511fb50cdf10d648416d508574d70e9781ddf156a1b2a86d2b385e94dc,100,1729,maximum_nontransitivity_hybrid_gain,2000.0,3000.0
kata1-b6c96-s14649344-d2727367,20,2082.564553430169,1923.943846758881,2241.185260101457,2110.739855958135,-28.175302527966323,2,a5803f8a5d9d87202b43d709cb328cedaf18c446af448f705c33d553e8c2e9f7,5170ec511fb50cdf10d648416d508574d70e9781ddf156a1b2a86d2b385e94dc,100,1729,maximum_nontransitivity_hybrid_gain,2000.0,3000.0
kata1-b6c96-s14649344-d2727367,22,2075.9313907895926,1924.980905809999,2226.881875769186,2110.739855958135,-34.808465168542625,2,a5803f8a5d9d87202b43d709cb328cedaf18c446af448f705c33d553e8c2e9f7,5170ec511fb50cdf10d648416d508574d70e9781ddf156a1b2a86d2b385e94dc,100,1729,maximum_nontransitivity_hybrid_gain,2000.0,3000.0
kata1-b6c96-s14649344-d2727367,24,2101.0512837636265,1954.1838616245122,2247.918705902741,2110.739855958135,-9.688572194508652,2,a5803f8a5d9d87202b43d709cb328cedaf18c446af448f705c33d553e8c2e9f7,5170ec511fb50cdf10d648416d508574d70e9781ddf156a1b2a86d2b385e94dc,100,1729,maximum_nontransitivity_hybrid_gain,2000.0,3000.0
kata1-b6c96-s14649344-d2727367,26,2093.9030170625256,1953.2440970751975,2234.561937049854,2110.739855958135,-16.836838895609617,2,a5803f8a5d9d87202b43d709cb328cedaf18c446af448f705c33d553e8c2e9f7,5170ec511fb50cdf10d648416d508574d70e9781ddf156a1b2a86d2b385e94dc,100,1729,maximum_nontransitivity_hybrid_gain,2000.0,3000.0
kata1-b6c96-s14649344-d2727367,28,2087.8286101765457,1952.5793955289964,2223.077824824095,2110.739855958135,-22.911245781589514,2,a5803f8a5d9d87202b43d709cb328cedaf18c446af448f705c33d553e8c2e9f7,5170ec511fb50cdf10d648416d508574d70e9781ddf156a1b2a86d2b385e94dc,100,1729,maximum_nontransitivity_hybrid_gain,2000.0,3000.0
kata1-b6c96-s14649344-d2727367,30,2107.3486629707436,1974.8435715645958,2239.853754376891,2110.739855958135,-3.391192987391605,2,a5803f8a5d9d87202b43d709cb328cedaf18c446af448f705c33d553e8c2e9f7,5170ec511fb50cdf10d648416d508574d70e9781ddf156a1b2a86d2b385e94dc,100,1729,maximum_nontransitivity_hybrid_gain,2000.0,3000.0
kata1-b6c96-s14649344-d2727367,32,2101.095453683157,1973.1691967807658,2229.021710585548,2110.739855958135,-9.644402274978347,2,a5803f8a5d9d87202b43d709cb328cedaf18c446af448f705c33d553e8c2e9f7,5170ec511fb50cdf10d648416d508574d70e9781ddf156a1b2a86d2b385e94dc,100,1729,maximum_nontransitivity_hybrid_gain,2000.0,3000.0
kata1-b6c96-s14649344-d2727367,34,2117.8156345685406,1992.01724481577,2243.6140243213113,2110.739855958135,7.07577861040545,2,a5803f8a5d9d87202b43d709cb328cedaf18c446af448f705c33d553e8c2e9f7,5170ec511fb50cdf10d648416d508574d70e9781ddf156a1b2a86d2b385e94dc,100,1729,maximum_nontransitivity_hybrid_gain,2000.0,3000.0
kata1-b6c96-s14649344-d2727367,36,2133.0707233679323,2009.075621641073,2257.0658250947913,2110.739855958135,22.330867409797065,2,a5803f8a5d9d87202b43d709cb328cedaf18c446af448f705c33d553e8c2e9f7,5170ec511fb50cdf10d648416d508574d70e9781ddf156a1b2a86d2b385e94dc,100,1729,maximum_nontransitivity_hybrid_gain,2000.0,3000.0
kata1-b6c96-s14649344-d2727367,38,2147.0960508309445,2024.6491882651671,2269.542913396722,2110.739855958135,36.35619487280928,2,a5803f8a5d9d87202b43d709cb328cedaf18c446af448f705c33d553e8c2e9f7,5170ec511fb50cdf10d648416d508574d70e9781ddf156a1b2a86d2b385e94dc,100,1729,maximum_nontransitivity_hybrid_gain,2000.0,3000.0
kata1-b6c96-s14649344-d2727367,40,2160.074560084932,2038.9717664187708,2281.1773537510926,2110.739855958135,49.33470412679662,2,a5803f8a5d9d87202b43d709cb328cedaf18c446af448f705c33d553e8c2e9f7,5170ec511fb50cdf10d648416d508574d70e9781ddf156a1b2a86d2b385e94dc,100,1729,maximum_nontransitivity_hybrid_gain,2000.0,3000.0
kata1-b6c96-s14649344-d2727367,42,2152.2174130948115,2034.8469751329717,2269.5878510566513,2110.739855958135,41.477557136676296,2,a5803f8a5d9d87202b43d709cb328cedaf18c446af448f705c33d553e8c2e9f7,5170ec511fb50cdf10d648416d508574d70e9781ddf156a1b2a86d2b385e94dc,100,1729,maximum_nontransitivity_hybrid_gain,2000.0,3000.0
kata1-b6c96-s14649344-d2727367,44,2145.188125713408,2031.163672264028,2259.212579162788,2110.739855958135,34.44826975527303,2,a5803f8a5d9d87202b43d709cb328cedaf18c446af448f705c33d553e8c2e9f7,5170ec511fb50cdf10d648416d508574d70e9781ddf156a1b2a86d2b385e94dc,100,1729,maximum_nontransitivity_hybrid_gain,2000.0,3000.0
kata1-b6c96-s14649344-d2727367,46,2138.8351361926134,2027.8359333969304,2249.834338988296,2110.739855958135,28.095280234478196,2,a5803f8a5d9d87202b43d709cb328cedaf18c446af448f705c33d553e8c2e9f7,5170ec511fb50cdf10d648416d508574d70e9781ddf156a1b2a86d2b385e94dc,100,1729,maximum_nontransitivity_hybrid_gain,2000.0,3000.0
kata1-b6c96-s14649344-d2727367,48,2124.9400801339457,2017.4399224606477,2232.4402378072436,2110.739855958135,14.20022417581049,2,a5803f8a5d9d87202b43d709cb328cedaf18c446af448f705c33d553e8c2e9f7,5170ec511fb50cdf10d648416d508574d70e9781ddf156a1b2a86d2b385e94dc,100,1729,maximum_nontransitivity_hybrid_gain,2000.0,3000.0
kata1-b6c96-s14649344-d2727367,50,2104.8722008456307,2000.9734590670714,2208.77094262419,2110.739855958135,-5.867655112504508,2,a5803f8a5d9d87202b43d709cb328cedaf18c446af448f705c33d553e8c2e9f7,5170ec511fb50cdf10d648416d508574d70e9781ddf156a1b2a86d2b385e94dc,100,1729,maximum_nontransitivity_hybrid_gain,2000.0,3000.0
kata1-b6c96-s14649344-d2727367,52,2115.6720648326004,2012.86246193972,2218.4816677254807,2110.739855958135,4.932208874465232,2,a5803f8a5d9d87202b43d709cb328cedaf18c446af448f705c33d553e8c2e9f7,5170ec511fb50cdf10d648416d508574d70e9781ddf156a1b2a86d2b385e94dc,100,1729,maximum_nontransitivity_hybrid_gain,2000.0,3000.0
kata1-b6c96-s14649344-d2727367,54,2125.8414202406366,2024.0087385657446,2227.6741019155284,2110.739855958135,15.101564282501386,2,a5803f8a5d9d87202b43d709cb328cedaf18c446af448f705c33d553e8c2e9f7,5170ec511fb50cdf10d648416d508574d70e9781ddf156a1b2a86d2b385e94dc,100,1729,maximum_nontransitivity_hybrid_gain,2000.0,3000.0
kata1-b6c96-s14649344-d2727367,56,2121.470333210526,2021.690464939824,2221.2502014812276,2110.739855958135,10.730477252390756,2,a5803f8a5d9d87202b43d709cb328cedaf18c446af448f705c33d553e8c2e9f7,5170ec511fb50cdf10d648416d508574d70e9781ddf156a1b2a86d2b385e94dc,100,1729,maximum_nontransitivity_hybrid_gain,2000.0,3000.0
kata1-b6c96-s14649344-d2727367,58,2130.8238441755184,2031.8957230941548,2229.7519652568817,2110.739855958135,20.083988217383194,2,a5803f8a5d9d87202b43d709cb328cedaf18c446af448f705c33d553e8c2e9f7,5170ec511fb50cdf10d648416d508574d70e9781ddf156a1b2a86d2b385e94dc,100,1729,maximum_nontransitivity_hybrid_gain,2000.0,3000.0
kata1-b6c96-s14649344-d2727367,60,2126.562920068087,2029.5161369586408,2223.609703177533,2110.739855958135,15.823064109951702,2,a5803f8a5d9d87202b43d709cb328cedaf18c446af448f705c33d553e8c2e9f7,5170ec511fb50cdf10d648416d508574d70e9781ddf156a1b2a86d2b385e94dc,100,1729,maximum_nontransitivity_hybrid_gain,2000.0,3000.0
kata1-b6c96-s14649344-d2727367,62,2128.866990558474,2033.0913919230466,2224.642589193901,2110.739855958135,18.12713460033865,2,a5803f8a5d9d87202b43d709cb328cedaf18c446af448f705c33d553e8c2e9f7,5170ec511fb50cdf10d648416d508574d70e9781ddf156a1b2a86d2b385e94dc,100,1729,maximum_nontransitivity_hybrid_gain,2000.0,3000.0
kata1-b6c96-s14649344-d2727367,64,2124.9466064807084,2030.8587262704448,2219.034486690972,2110.739855958135,14.206750522573202,2,a5803f8a5d9d87202b43d709cb328cedaf18c446af448f705c33d553e8c2e9f7,5170ec511fb50cdf10d648416d508574d70e9781ddf156a1b2a86d2b385e94dc,100,1729,maximum_nontransitivity_hybrid_gain,2000.0,3000.0
kata1-b6c96-s14649344-d2727367,66,2109.6838909446483,2017.9653619088886,2201.402419980408,2110.739855958135,-1.0559650134869116,2,a5803f8a5d9d87202b43d709cb328cedaf18c446af448f705c33d553e8c2e9f7,5170ec511fb50cdf10d648416d508574d70e9781ddf156a1b2a86d2b385e94dc,100,1729,maximum_nontransitivity_hybrid_gain,2000.0,3000.0
kata1-b6c96-s14649344-d2727367,68,2117.8446898446887,2026.8298201331572,2208.85955955622,2110.739855958135,7.104833886553479,2,a5803f8a5d9d87202b43d709cb328cedaf18c446af448f705c33d553e8c2e9f7,5170ec511fb50cdf10d648416d508574d70e9781ddf156a1b2a86d2b385e94dc,100,1729,maximum_nontransitivity_hybrid_gain,2000.0,3000.0
kata1-b6c96-s14649344-d2727367,70,2114.6367351233725,2025.026267982045,2204.2472022647003,2110.739855958135,3.896879165237351,2,a5803f8a5d9d87202b43d709cb328cedaf18c446af448f705c33d553e8c2e9f7,5170ec511fb50cdf10d648416d508574d70e9781ddf156a1b2a86d2b385e94dc,100,1729,maximum_nontransitivity_hybrid_gain,2000.0,3000.0
kata1-b6c96-s14649344-d2727367,72,2122.263810852173,2033.2826451162127,2211.244976588133,2110.739855958135,11.523954894037615,2,a5803f8a5d9d87202b43d709cb328cedaf18c446af448f705c33d553e8c2e9f7,5170ec511fb50cdf10d648416d508574d70e9781ddf156a1b2a86d2b385e94dc,100,1729,maximum_nontransitivity_hybrid_gain,2000.0,3000.0
kata1-b6c96-s14649344-d2727367,74,2119.065754867038,2031.3954145045336,2206.736095229542,2110.739855958135,8.325898908902673,2,a5803f8a5d9d87202b43d709cb328cedaf18c446af448f705c33d553e8c2e9f7,5170ec511fb50cdf10d648416d508574d70e9781ddf156a1b2a86d2b385e94dc,100,1729,maximum_nontransitivity_hybrid_gain,2000.0,3000.0
kata1-b6c96-s14649344-d2727367,76,2116.0732094745213,2029.6437814996134,2202.502637449429,2110.739855958135,5.333353516386069,2,a5803f8a5d9d87202b43d709cb328cedaf18c446af448f705c33d553e8c2e9f7,5170ec511fb50cdf10d648416d508574d70e9781ddf156a1b2a86d2b385e94dc,100,1729,maximum_nontransitivity_hybrid_gain,2000.0,3000.0
kata1-b6c96-s14649344-d2727367,78,2113.2479624970015,2027.9963591361611,2198.499565857842,2110.739855958135,2.5081065388662864,2,a5803f8a5d9d87202b43d709cb328cedaf18c446af448f705c33d553e8c2e9f7,5170ec511fb50cdf10d648416d508574d70e9781ddf156a1b2a86d2b385e94dc,100,1729,maximum_nontransitivity_hybrid_gain,2000.0,3000.0
kata1-b6c96-s14649344-d2727367,80,2110.5760696805955,2026.4445135871056,2194.7076257740855,2110.739855958135,-0.16378627753965702,2,a5803f8a5d9d87202b43d709cb328cedaf18c446af448f705c33d553e8c2e9f7,5170ec511fb50cdf10d648416d508574d70e9781ddf156a1b2a86d2b385e94dc,100,1729,maximum_nontransitivity_hybrid_gain,2000.0,3000.0
kata1-b6c96-s14649344-d2727367,82,2112.6565858413455,2029.3284516689064,2195.9847200137847,2110.739855958135,1.916729883210337,2,a5803f8a5d9d87202b43d709cb328cedaf18c446af448f705c33d553e8c2e9f7,5170ec511fb50cdf10d648416d508574d70e9781ddf156a1b2a86d2b385e94dc,100,1729,maximum_nontransitivity_hybrid_gain,2000.0,3000.0
kata1-b6c96-s14649344-d2727367,84,2110.1285540425106,2027.835736138987,2192.421371946034,2110.739855958135,-0.6113019156246082,2,a5803f8a5d9d87202b43d709cb328cedaf18c446af448f705c33d553e8c2e9f7,5170ec511fb50cdf10d648416d508574d70e9781ddf156a1b2a86d2b385e94dc,100,1729,maximum_nontransitivity_hybrid_gain,2000.0,3000.0
kata1-b6c96-s14649344-d2727367,86,2107.70519661182,2026.4016728994386,2189.008720324202,2110.739855958135,-3.0346593463150384,2,a5803f8a5d9d87202b43d709cb328cedaf18c446af448f705c33d553e8c2e9f7,5170ec511fb50cdf10d648416d508574d70e9781ddf156a1b2a86d2b385e94dc,100,1729,maximum_nontransitivity_hybrid_gain,2000.0,3000.0
kata1-b6c96-s14649344-d2727367,88,2114.028380810751,2033.2006854960564,2194.8560761254457,2110.739855958135,3.288524852615865,2,a5803f8a5d9d87202b43d709cb328cedaf18c446af448f705c33d553e8c2e9f7,5170ec511fb50cdf10d648416d508574d70e9781ddf156a1b2a86d2b385e94dc,100,1729,maximum_nontransitivity_hybrid_gain,2000.0,3000.0
kata1-b6c96-s14649344-d2727367,90,2111.611242690463,2031.7181534291542,2191.5043319517713,2110.739855958135,0.8713867323276645,2,a5803f8a5d9d87202b43d709cb328cedaf18c446af448f705c33d553e8c2e9f7,5170ec511fb50cdf10d648416d508574d70e9781ddf156a1b2a86d2b385e94dc,100,1729,maximum_nontransitivity_hybrid_gain,2000.0,3000.0
kata1-b6c96-s14649344-d2727367,92,2109.3069784456707,2030.3087439987144,2188.305212892627,2110.739855958135,-1.432877512464529,2,a5803f8a5d9d87202b43d709cb328cedaf18c446af448f705c33d553e8c2e9f7,5170ec511fb50cdf10d648416d508574d70e9781ddf156a1b2a86d2b385e94dc,100,1729,maximum_nontransitivity_hybrid_gain,2000.0,3000.0
kata1-b6c96-s14649344-d2727367,94,2107.130042805769,2028.9889973186662,2185.271088292872,2110.739855958135,-3.609813152366314,2,a5803f8a5d9d87202b43d709cb328cedaf18c446af448f705c33d553e8c2e9f7,5170ec511fb50cdf10d648416d508574d70e9781ddf156a1b2a86d2b385e94dc,100,1729,maximum_nontransitivity_hybrid_gain,2000.0,3000.0
kata1-b6c96-s14649344-d2727367,96,2112.930737258572,2035.2061402744414,2190.6553342427032,2110.739855958135,2.190881300437013,2,a5803f8a5d9d87202b43d709cb328cedaf18c446af448f705c33d553e8c2e9f7,5170ec511fb50cdf10d648416d508574d70e9781ddf156a1b2a86d2b385e94dc,100,1729,maximum_nontransitivity_hybrid_gain,2000.0,3000.0
kata1-b6c96-s14649344-d2727367,98,2110.7576475857163,2033.8466059949287,2187.668689176504,2110.739855958135,0.01779162758111852,2,a5803f8a5d9d87202b43d709cb328cedaf18c446af448f705c33d553e8c2e9f7,5170ec511fb50cdf10d648416d508574d70e9781ddf156a1b2a86d2b385e94dc,100,1729,maximum_nontransitivity_hybrid_gain,2000.0,3000.0
kata1-b6c96-s14649344-d2727367,100,2116.283527826484,2039.7565819483139,2192.8104737046538,2110.739855958135,5.543671868348611,2,a5803f8a5d9d87202b43d709cb328cedaf18c446af448f705c33d553e8c2e9f7,5170ec511fb50cdf10d648416d508574d70e9781ddf156a1b2a86d2b385e94dc,100,1729,maximum_nontransitivity_hybrid_gain,2000.0,3000.0
kata1-b6c96-s16525312-d2925067,2,2846.916119383727,412.5543821373617,5281.277856630093,2246.7033645254683,600.2127548582589,2,a5803f8a5d9d87202b43d709cb328cedaf18c446af448f705c33d553e8c2e9f7,5170ec511fb50cdf10d648416d508574d70e9781ddf156a1b2a86d2b385e94dc,100,1729,maximum_nontransitivity_hybrid_gain,2000.0,3000.0
kata1-b6c96-s16525312-d2925067,4,2419.6051109440464,1815.4334892715606,3023.776732616532,2246.7033645254683,172.9017464185781,2,a5803f8a5d9d87202b43d709cb328cedaf18c446af448f705c33d553e8c2e9f7,5170ec511fb50cdf10d648416d508574d70e9781ddf156a1b2a86d2b385e94dc,100,1729,maximum_nontransitivity_hybrid_gain,2000.0,3000.0
kata1-b6c96-s16525312-d2925067,6,2486.448823904453,1975.0758237543116,2997.821824054595,2246.7033645254683,239.74545937898483,2,a5803f8a5d9d87202b43d709cb328cedaf18c446af448f705c33d553e8c2e9f7,5170ec511fb50cdf10d648416d508574d70e9781ddf156a1b2a86d2b385e94dc,100,1729,maximum_nontransitivity_hybrid_gain,2000.0,3000.0
kata1-b6c96-s16525312-d2925067,8,2309.0264885933125,1966.6097002572144,2651.443276929411,2246.7033645254683,62.32312406784422,2,a5803f8a5d9d87202b43d709cb328cedaf18c446af448f705c33d553e8c2e9f7,5170ec511fb50cdf10d648416d508574d70e9781ddf156a1b2a86d2b385e94dc,100,1729,maximum_nontransitivity_hybrid_gain,2000.0,3000.0
kata1-b6c96-s16525312-d2925067,10,2218.9851283289463,1931.2482623209212,2506.7219943369714,2246.7033645254683,-27.718236196521957,2,a5803f8a5d9d87202b43d709cb328cedaf18c446af448f705c33d553e8c2e9f7,5170ec511fb50cdf10d648416d508574d70e9781ddf156a1b2a86d2b385e94dc,100,1729,maximum_nontransitivity_hybrid_gain,2000.0,3000.0
kata1-b6c96-s16525312-d2925067,12,2117.926667515811,1879.4632028137328,2356.3901322178895,2246.7033645254683,-128.77669700965725,2,a5803f8a5d9d87202b43d709cb328cedaf18c446af448f705c33d553e8c2e9f7,5170ec511fb50cdf10d648416d508574d70e9781ddf156a1b2a86d2b385e94dc,100,1729,maximum_nontransitivity_hybrid_gain,2000.0,3000.0
kata1-b6c96-s16525312-d2925067,14,2029.7102903030054,1814.581949931291,2244.8386306747198,2246.7033645254683,-216.99307422246284,2,a5803f8a5d9d87202b43d709cb328cedaf18c446af448f705c33d553e8c2e9f7,5170ec511fb50cdf10d648416d508574d70e9781ddf156a1b2a86d2b385e94dc,100,1729,maximum_nontransitivity_hybrid_gain,2000.0,3000.0
kata1-b6c96-s16525312-d2925067,16,2083.8399243697054,1886.3633399566136,2281.3165087827974,2246.7033645254683,-162.86344015576287,2,a5803f8a5d9d87202b43d709cb328cedaf18c446af448f705c33d553e8c2e9f7,5170ec511fb50cdf10d648416d508574d70e9781ddf156a1b2a86d2b385e94dc,100,1729,maximum_nontransitivity_hybrid_gain,2000.0,3000.0
kata1-b6c96-s16525312-d2925067,18,2073.7783656760275,1890.2548904050943,2257.3018409469605,2246.7033645254683,-172.92499884944073,2,a5803f8a5d9d87202b43d709cb328cedaf18c446af448f705c33d553e8c2e9f7,5170ec511fb50cdf10d648416d508574d70e9781ddf156a1b2a86d2b385e94dc,100,1729,maximum_nontransitivity_hybrid_gain,2000.0,3000.0
kata1-b6c96-s16525312-d2925067,20,2087.9229664632257,1914.8612074093332,2260.984725517118,2246.7033645254683,-158.7803980622425,2,a5803f8a5d9d87202b43d709cb328cedaf18c446af448f705c33d553e8c2e9f7,5170ec511fb50cdf10d648416d508574d70e9781ddf156a1b2a86d2b385e94dc,100,1729,maximum_nontransitivity_hybrid_gain,2000.0,3000.0
kata1-b6c96-s16525312-d2925067,22,2119.048645298168,1953.0129922461724,2285.084298350164,2246.7033645254683,-127.65471922730012,2,a5803f8a5d9d87202b43d709cb328cedaf18c446af448f705c33d553e8c2e9f7,5170ec511fb50cdf10d648416d508574d70e9781ddf156a1b2a86d2b385e94dc,100,1729,maximum_nontransitivity_hybrid_gain,2000.0,3000.0
kata1-b6c96-s16525312-d2925067,24,2108.271930440318,1950.9328561190123,2265.611004761624,2246.7033645254683,-138.43143408515016,2,a5803f8a5d9d87202b43d709cb328cedaf18c446af448f705c33d553e8c2e9f7,5170ec511fb50cdf10d648416d508574d70e9781ddf156a1b2a86d2b385e94dc,100,1729,maximum_nontransitivity_hybrid_gain,2000.0,3000.0
kata1-b6c96-s16525312-d2925067,26,2099.4734897360245,1949.5328876163512,2249.4140918556977,2246.7033645254683,-147.22987478944378,2,a5803f8a5d9d87202b43d709cb328cedaf18c446af448f705c33d553e8c2e9f7,5170ec511fb50cdf10d648416d508574d70e9781ddf156a1b2a86d2b385e94dc,100,1729,maximum_nontransitivity_hybrid_gain,2000.0,3000.0
kata1-b6c96-s16525312-d2925067,28,2122.355531235846,1976.5799489234325,2268.1311135482592,2246.7033645254683,-124.34783328962249,2,a5803f8a5d9d87202b43d709cb328cedaf18c446af448f705c33d553e8c2e9f7,5170ec511fb50cdf10d648416d508574d70e9781ddf156a1b2a86d2b385e94dc,100,1729,maximum_nontransitivity_hybrid_gain,2000.0,3000.0
kata1-b6c96-s16525312-d2925067,30,2113.700355699589,1973.9133519550583,2253.48735944412,2246.7033645254683,-133.00300882587908,2,a5803f8a5d9d87202b43d709cb328cedaf18c446af448f705c33d553e8c2e9f7,5170ec511fb50cdf10d648416d508574d70e9781ddf156a1b2a86d2b385e94dc,100,1729,maximum_nontransitivity_hybrid_gain,2000.0,3000.0
kata1-b6c96-s16525312-d2925067,32,2144.178974685341,2007.0626706275527,2281.2952787431295,2246.7033645254683,-102.52438984012724,2,a5803f8a5d9d87202b43d709cb328cedaf18c446af448f705c33d553e8c2e9f7,5170ec511fb50cdf10d648416d508574d70e9781ddf156a1b2a86d2b385e94dc,100,1729,maximum_nontransitivity_hybrid_gain,2000.0,3000.0
kata1-b6c96-s16525312-d2925067,34,2145.539604580043,2013.1662221136814,2277.912987046405,2246.7033645254683,-101.16375994542523,2,a5803f8a5d9d87202b43d709cb328cedaf18c446af448f705c33d553e8c2e9f7,5170ec511fb50cdf10d648416d508574d70e9781ddf156a1b2a86d2b385e94dc,100,1729,maximum_nontransitivity_hybrid_gain,2000.0,3000.0
kata1-b6c96-s16525312-d2925067,36,2146.7192699069265,2018.618007356853,2274.820532457,2246.7033645254683,-99.9840946185418,2,a5803f8a5d9d87202b43d709cb328cedaf18c446af448f705c33d553e8c2e9f7,5170ec511fb50cdf10d648416d508574d70e9781ddf156a1b2a86d2b385e94dc,100,1729,maximum_nontransitivity_hybrid_gain,2000.0,3000.0
kata1-b6c96-s16525312-d2925067,38,2147.7517037388143,2023.5218138903406,2271.981593587288,2246.7033645254683,-98.95166078665397,2,a5803f8a5d9d87202b43d709cb328cedaf18c446af448f705c33d553e8c2e9f7,5170ec511fb50cdf10d648416d508574d70e9781ddf156a1b2a86d2b385e94dc,100,1729,maximum_nontransitivity_hybrid_gain,2000.0,3000.0
kata1-b6c96-s16525312-d2925067,40,2148.6628184930705,2027.9603195056516,2269.3653174804895,2246.7033645254683,-98.04054603239774,2,a5803f8a5d9d87202b43d709cb328cedaf18c446af448f705c33d553e8c2e9f7,5170ec511fb50cdf10d648416d508574d70e9781ddf156a1b2a86d2b385e94dc,100,1729,maximum_nontransitivity_hybrid_gain,2000.0,3000.0
kata1-b6c96-s16525312-d2925067,42,2169.3617696352107,2050.652327643278,2288.0712116271434,2246.7033645254683,-77.34159489025751,2,a5803f8a5d9d87202b43d709cb328cedaf18c446af448f705c33d553e8c2e9f7,5170ec511fb50cdf10d648416d508574d70e9781ddf156a1b2a86d2b385e94dc,100,1729,maximum_nontransitivity_hybrid_gain,2000.0,3000.0
kata1-b6c96-s16525312-d2925067,44,2150.1764209660773,2035.6752561044414,2264.6775858277133,2246.7033645254683,-96.52694355939093,2,a5803f8a5d9d87202b43d709cb328cedaf18c446af448f705c33d553e8c2e9f7,5170ec511fb50cdf10d648416d508574d70e9781ddf156a1b2a86d2b385e94dc,100,1729,maximum_nontransitivity_hybrid_gain,2000.0,3000.0
kata1-b6c96-s16525312-d2925067,46,2159.7164773417267,2047.5173719738245,2271.915582709629,2246.7033645254683,-86.9868871837416,2,a5803f8a5d9d87202b43d709cb328cedaf18c446af448f705c33d553e8c2e9f7,5170ec511fb50cdf10d648416d508574d70e9781ddf156a1b2a86d2b385e94dc,100,1729,maximum_nontransitivity_hybrid_gain,2000.0,3000.0
kata1-b6c96-s16525312-d2925067,48,2142.998625001193,2034.1225060969623,2251.8747439054237,2246.7033645254683,-103.70473952427528,2,a5803f8a5d9d87202b43d709cb328cedaf18c446af448f705c33d553e8c2e9f7,5170ec511fb50cdf10d648416d508574d70e9781ddf156a1b2a86d2b385e94dc,100,1729,maximum_nontransitivity_hybrid_gain,2000.0,3000.0
kata1-b6c96-s16525312-d2925067,50,2127.733993036808,2021.7010317403356,2233.7669543332804,2246.7033645254683,-118.96937148866027,2,a5803f8a5d9d87202b43d709cb328cedaf18c446af448f705c33d553e8c2e9f7,5170ec511fb50cdf10d648416d508574d70e9781ddf156a1b2a86d2b385e94dc,100,1729,maximum_nontransitivity_hybrid_gain,2000.0,3000.0
kata1-b6c96-s16525312-d2925067,52,2129.144820457878,2025.266335679873,2233.0233052358826,2246.7033645254683,-117.55854406759045,2,a5803f8a5d9d87202b43d709cb328cedaf18c446af448f705c33d553e8c2e9f7,5170ec511fb50cdf10d648416d508574d70e9781ddf156a1b2a86d2b385e94dc,100,1729,maximum_nontransitivity_hybrid_gain,2000.0,3000.0
kata1-b6c96-s16525312-d2925067,54,2130.4163195407045,2028.5569497832566,2232.2756892981524,2246.7033645254683,-116.28704498476372,2,a5803f8a5d9d87202b43d709cb328cedaf18c446af448f705c33d553e8c2e9f7,5170ec511fb50cdf10d648416d508574d70e9781ddf156a1b2a86d2b385e94dc,100,1729,maximum_nontransitivity_hybrid_gain,2000.0,3000.0
kata1-b6c96-s16525312-d2925067,56,2131.5839139032923,2031.6205251049676,2231.5473027016174,2246.7033645254683,-115.11945062217592,2,a5803f8a5d9d87202b43d709cb328cedaf18c446af448f705c33d553e8c2e9f7,5170ec511fb50cdf10d648416d508574d70e9781ddf156a1b2a86d2b385e94dc,100,1729,maximum_nontransitivity_hybrid_gain,2000.0,3000.0
kata1-b6c96-s16525312-d2925067,58,2146.199252917433,2047.7165550888699,2244.6819507459963,2246.7033645254683,-100.50411160803515,2,a5803f8a5d9d87202b43d709cb328cedaf18c446af448f705c33d553e8c2e9f7,5170ec511fb50cdf10d648416d508574d70e9781ddf156a1b2a86d2b385e94dc,100,1729,maximum_nontransitivity_hybrid_gain,2000.0,3000.0
kata1-b6c96-s16525312-d2925067,60,2146.684364323056,2049.9133056196856,2243.455423026426,2246.7033645254683,-100.01900020241237,2,a5803f8a5d9d87202b43d709cb328cedaf18c446af448f705c33d553e8c2e9f7,5170ec511fb50cdf10d648416d508574d70e9781ddf156a1b2a86d2b385e94dc,100,1729,maximum_nontransitivity_hybrid_gain,2000.0,3000.0
kata1-b6c96-s16525312-d2925067,62,2159.7733901271918,2064.2704917093733,2255.27628854501,2246.7033645254683,-86.9299743982765,2,a5803f8a5d9d87202b43d709cb328cedaf18c446af448f705c33d553e8c2e9f7,5170ec511fb50cdf10d648416d508574d70e9781ddf156a1b2a86d2b385e94dc,100,1729,maximum_nontransitivity_hybrid_gain,2000.0,3000.0
kata1-b6c96-s16525312-d2925067,64,2159.7625013569227,2065.8162123663974,2253.708790347448,2246.7033645254683,-86.94086316854555,2,a5803f8a5d9d87202b43d709cb328cedaf18c446af448f705c33d553e8c2e9f7,5170ec511fb50cdf10d648416d508574d70e9781ddf156a1b2a86d2b385e94dc,100,1729,maximum_nontransitivity_hybrid_gain,2000.0,3000.0
kata1-b6c96-s16525312-d2925067,66,2159.7530193323955,2067.2792822532065,2252.2267564115846,2246.7033645254683,-86.95034519307274,2,a5803f8a5d9d87202b43d709cb328cedaf18c446af448f705c33d553e8c2e9f7,5170ec511fb50cdf10d648416d508574d70e9781ddf156a1b2a86d2b385e94dc,100,1729,maximum_nontransitivity_hybrid_gain,2000.0,3000.0
kata1-b6c96-s16525312-d2925067,68,2159.7448030560695,2068.6667024884387,2250.8229036237003,2246.7033645254683,-86.95856146939877,2,a5803f8a5d9d87202b43d709cb328cedaf18c446af448f705c33d553e8c2e9f7,5170ec511fb50cdf10d648416d508574d70e9781ddf156a1b2a86d2b385e94dc,100,1729,maximum_nontransitivity_hybrid_gain,2000.0,3000.0
kata1-b6c96-s16525312-d2925067,70,2159.716486491257,2069.964124576383,2249.468848406131,2246.7033645254683,-86.98687803421126,2,a5803f8a5d9d87202b43d709cb328cedaf18c446af448f705c33d553e8c2e9f7,5170ec511fb50cdf10d648416d508574d70e9781ddf156a1b2a86d2b385e94dc,100,1729,maximum_nontransitivity_hybrid_gain,2000.0,3000.0
kata1-b6c96-s16525312-d2925067,72,2154.3648515757154,2065.9943414676977,2242.735361683733,2246.7033645254683,-92.33851294975284,2,a5803f8a5d9d87202b43d709cb328cedaf18c446af448f705c33d553e8c2e9f7,5170ec511fb50cdf10d648416d508574d70e9781ddf156a1b2a86d2b385e94dc,100,1729,maximum_nontransitivity_hybrid_gain,2000.0,3000.0
kata1-b6c96-s16525312-d2925067,74,2154.521301674461,2067.3419353769955,2241.7006679719266,2246.7033645254683,-92.18206285100723,2,a5803f8a5d9d87202b43d709cb328cedaf18c446af448f705c33d553e8c2e9f7,5170ec511fb50cdf10d648416d508574d70e9781ddf156a1b2a86d2b385e94dc,100,1729,maximum_nontransitivity_hybrid_gain,2000.0,3000.0
kata1-b6c96-s16525312-d2925067,76,2154.66912622244,2068.6263488634336,2240.711903581446,2246.7033645254683,-92.03423830302836,2,a5803f8a5d9d87202b43d709cb328cedaf18c446af448f705c33d553e8c2e9f7,5170ec511fb50cdf10d648416d508574d70e9781ddf156a1b2a86d2b385e94dc,100,1729,maximum_nontransitivity_hybrid_gain,2000.0,3000.0
kata1-b6c96-s16525312-d2925067,78,2164.5777231515353,2079.4131940262396,2249.742252276831,2246.7033645254683,-82.12564137393292,2,a5803f8a5d9d87202b43d709cb328cedaf18c446af448f705c33d553e8c2e9f7,5170ec511fb50cdf10d648416d508574d70e9781ddf156a1b2a86d2b385e94dc,100,1729,maximum_nontransitivity_hybrid_gain,2000.0,3000.0
kata1-b6c96-s16525312-d2925067,80,2154.9205780418743,2071.003288157742,2238.8378679260063,2246.7033645254683,-91.78278648359401,2,a5803f8a5d9d87202b43d709cb328cedaf18c446af448f705c33d553e8c2e9f7,5170ec511fb50cdf10d648416d508574d70e9781ddf156a1b2a86d2b385e94dc,100,1729,maximum_nontransitivity_hybrid_gain,2000.0,3000.0
kata1-b6c96-s16525312-d2925067,82,2164.2861223839272,2081.182914813401,2247.3893299544534,2246.7033645254683,-82.41724214154101,2,a5803f8a5d9d87202b43d709cb328cedaf18c446af448f705c33d553e8c2e9f7,5170ec511fb50cdf10d648416d508574d70e9781ddf156a1b2a86d2b385e94dc,100,1729,maximum_nontransitivity_hybrid_gain,2000.0,3000.0
kata1-b6c96-s16525312-d2925067,84,2155.145388381814,2073.17774716312,2237.113029600508,2246.7033645254683,-91.55797614365429,2,a5803f8a5d9d87202b43d709cb328cedaf18c446af448f705c33d553e8c2e9f7,5170ec511fb50cdf10d648416d508574d70e9781ddf156a1b2a86d2b385e94dc,100,1729,maximum_nontransitivity_hybrid_gain,2000.0,3000.0
kata1-b6c96-s16525312-d2925067,86,2146.505661682679,2065.5722239072147,2227.4390994581436,2246.7033645254683,-100.19770284278911,2,a5803f8a5d9d87202b43d709cb328cedaf18c446af448f705c33d553e8c2e9f7,5170ec511fb50cdf10d648416d508574d70e9781ddf156a1b2a86d2b385e94dc,100,1729,maximum_nontransitivity_hybrid_gain,2000.0,3000.0
kata1-b6c96-s16525312-d2925067,88,2154.2353398151245,2074.1057679920123,2234.3649116382367,2246.7033645254683,-92.4680247103438,2,a5803f8a5d9d87202b43d709cb328cedaf18c446af448f705c33d553e8c2e9f7,5170ec511fb50cdf10d648416d508574d70e9781ddf156a1b2a86d2b385e94dc,100,1729,maximum_nontransitivity_hybrid_gain,2000.0,3000.0
kata1-b6c96-s16525312-d2925067,90,2153.0784556133613,2073.8377668607986,2232.319144365924,2246.7033645254683,-93.624908912107,2,a5803f8a5d9d87202b43d709cb328cedaf18c446af448f705c33d553e8c2e9f7,5170ec511fb50cdf10d648416d508574d70e9781ddf156a1b2a86d2b385e94dc,100,1729,maximum_nontransitivity_hybrid_gain,2000.0,3000.0
kata1-b6c96-s16525312-d2925067,92,2151.978801075733,2073.59239787903,2230.3652042724357,2246.7033645254683,-94.72456344973534,2,a5803f8a5d9d87202b43d709cb328cedaf18c446af448f705c33d553e8c2e9f7,5170ec511fb50cdf10d648416d508574d70e9781ddf156a1b2a86d2b385e94dc,100,1729,maximum_nontransitivity_hybrid_gain,2000.0,3000.0
kata1-b6c96-s16525312-d2925067,94,2150.9322801810854,2073.3676695865543,2228.4968907756165,2246.7033645254683,-95.77108434438287,2,a5803f8a5d9d87202b43d709cb328cedaf18c446af448f705c33d553e8c2e9f7,5170ec511fb50cdf10d648416d508574d70e9781ddf156a1b2a86d2b385e94dc,100,1729,maximum_nontransitivity_hybrid_gain,2000.0,3000.0
kata1-b6c96-s16525312-d2925067,96,2157.853971789628,2080.9572014482837,2234.750742130972,2246.7033645254683,-88.84939273584041,2,a5803f8a5d9d87202b43d709cb328cedaf18c446af448f705c33d553e8c2e9f7,5170ec511fb50cdf10d648416d508574d70e9781ddf156a1b2a86d2b385e94dc,100,1729,maximum_nontransitivity_hybrid_gain,2000.0,3000.0
kata1-b6c96-s16525312-d2925067,98,2156.719695893763,2080.591665799502,2232.8477259880237,2246.7033645254683,-89.98366863170531,2,a5803f8a5d9d87202b43d709cb328cedaf18c446af448f705c33d553e8c2e9f7,5170ec511fb50cdf10d648416d508574d70e9781ddf156a1b2a86d2b385e94dc,100,1729,maximum_nontransitivity_hybrid_gain,2000.0,3000.0
kata1-b6c96-s16525312-d2925067,100,2163.225051929063,2087.699164227587,2238.7509396305386,2246.7033645254683,-83.47831259640543,2,a5803f8a5d9d87202b43d709cb328cedaf18c446af448f705c33d553e8c2e9f7,5170ec511fb50cdf10d648416d508574d70e9781ddf156a1b2a86d2b385e94dc,100,1729,maximum_nontransitivity_hybrid_gain,2000.0,3000.0
kata1-b6c96-s17434112-d3038653,2,2847.589278018737,414.02881099093156,5281.149745046542,2312.3963974188023,535.1928805999346,2,a5803f8a5d9d87202b43d709cb328cedaf18c446af448f705c33d553e8c2e9f7,5170ec511fb50cdf10d648416d508574d70e9781ddf156a1b2a86d2b385e94dc,100,1729,maximum_nontransitivity_hybrid_gain,2000.0,3000.0
kata1-b6c96-s17434112-d3038653,4,2837.749278678562,2364.649958940314,3310.84859841681,2312.3963974188023,525.3528812597597,2,a5803f8a5d9d87202b43d709cb328cedaf18c446af448f705c33d553e8c2e9f7,5170ec511fb50cdf10d648416d508574d70e9781ddf156a1b2a86d2b385e94dc,100,1729,maximum_nontransitivity_hybrid_gain,2000.0,3000.0
kata1-b6c96-s17434112-d3038653,6,2654.585335714126,2276.952948403996,3032.217723024256,2312.3963974188023,342.1889382953236,2,a5803f8a5d9d87202b43d709cb328cedaf18c446af448f705c33d553e8c2e9f7,5170ec511fb50cdf10d648416d508574d70e9781ddf156a1b2a86d2b385e94dc,100,1729,maximum_nontransitivity_hybrid_gain,2000.0,3000.0
kata1-b6c96-s17434112-d3038653,8,2495.71845637199,2149.0523396884387,2842.3845730555418,2312.3963974188023,183.32205895318793,2,a5803f8a5d9d87202b43d709cb328cedaf18c446af448f705c33d553e8c2e9f7,5170ec511fb50cdf10d648416d508574d70e9781ddf156a1b2a86d2b385e94dc,100,1729,maximum_nontransitivity_hybrid_gain,2000.0,3000.0
kata1-b6c96-s17434112-d3038653,10,2411.0451734237517,2090.4936937527054,2731.596653094798,2312.3963974188023,98.64877600494947,2,a5803f8a5d9d87202b43d709cb328cedaf18c446af448f705c33d553e8c2e9f7,5170ec511fb50cdf10d648416d508574d70e9781ddf156a1b2a86d2b385e94dc,100,1729,maximum_nontransitivity_hybrid_gain,2000.0,3000.0
kata1-b6c96-s17434112-d3038653,12,2283.4477041757136,1985.0971061652967,2581.7983021861305,2312.3963974188023,-28.948693243088655,2,a5803f8a5d9d87202b43d709cb328cedaf18c446af448f705c33d553e8c2e9f7,5170ec511fb50cdf10d648416d508574d70e9781ddf156a1b2a86d2b385e94dc,100,1729,maximum_nontransitivity_hybrid_gain,2000.0,3000.0
kata1-b6c96-s17434112-d3038653,14,2272.6304221346645,2016.1784519496132,2529.082392319716,2312.3963974188023,-39.76597528413777,2,a5803f8a5d9d87202b43d709cb328cedaf18c446af448f705c33d553e8c2e9f7,5170ec511fb50cdf10d648416d508574d70e9781ddf156a1b2a86d2b385e94dc,100,1729,maximum_nontransitivity_hybrid_gain,2000.0,3000.0
kata1-b6c96-s17434112-d3038653,16,2186.6076538902926,1949.0135078173384,2424.2017999632467,2312.3963974188023,-125.78874352850971,2,a5803f8a5d9d87202b43d709cb328cedaf18c446af448f705c33d553e8c2e9f7,5170ec511fb50cdf10d648416d508574d70e9781ddf156a1b2a86d2b385e94dc,100,1729,maximum_nontransitivity_hybrid_gain,2000.0,3000.0
kata1-b6c96-s17434112-d3038653,18,2248.1666123574273,2039.1403974113857,2457.192827303469,2312.3963974188023,-64.22978506137497,2,a5803f8a5d9d87202b43d709cb328cedaf18c446af448f705c33d553e8c2e9f7,5170ec511fb50cdf10d648416d508574d70e9781ddf156a1b2a86d2b385e94dc,100,1729,maximum_nontransitivity_hybrid_gain,2000.0,3000.0
kata1-b6c96-s17434112-d3038653,20,2301.5935313597242,2110.3878535149543,2492.799209204494,2312.3963974188023,-10.802866059078042,2,a5803f8a5d9d87202b43d709cb328cedaf18c446af448f705c33d553e8c2e9f7,5170ec511fb50cdf10d648416d508574d70e9781ddf156a1b2a86d2b385e94dc,100,1729,maximum_nontransitivity_hybrid_gain,2000.0,3000.0
kata1-b6c96-s17434112-d3038653,22,2247.191098116541,2067.8980694924217,2426.4841267406605,2312.3963974188023,-65.20529930226121,2,a5803f8a5d9d87202b43d709cb328cedaf18c446af448f705c33d553e8c2e9f7,5170ec511fb50cdf10d648416d508574d70e9781ddf156a1b2a86d2b385e94dc,100,1729,maximum_nontransitivity_hybrid_gain,2000.0,3000.0
kata1-b6c96-s17434112-d3038653,24,2246.867142678896,2078.268787949086,2415.465497408706,2312.3963974188023,-65.52925473990626,2,a5803f8a5d9d87202b43d709cb328cedaf18c446af448f705c33d553e8c2e9f7,5170ec511fb50cdf10d648416d508574d70e9781ddf156a1b2a86d2b385e94dc,100,1729,maximum_nontransitivity_hybrid_gain,2000.0,3000.0
kata1-b6c96-s17434112-d3038653,26,2246.609739239196,2086.9424105884395,2406.277067889953,2312.3963974188023,-65.78665817960609,2,a5803f8a5d9d87202b43d709cb328cedaf18c446af448f705c33d553e8c2e9f7,5170ec511fb50cdf10d648416d508574d70e9781ddf156a1b2a86d2b385e94dc,100,1729,maximum_nontransitivity_hybrid_gain,2000.0,3000.0
kata1-b6c96-s17434112-d3038653,28,2279.878036152395,2128.0335610345824,2431.7225112702076,2312.3963974188023,-32.51836126640728,2,a5803f8a5d9d87202b43d709cb328cedaf18c446af448f705c33d553e8c2e9f7,5170ec511fb50cdf10d648416d508574d70e9781ddf156a1b2a86d2b385e94dc,100,1729,maximum_nontransitivity_hybrid_gain,2000.0,3000.0
kata1-b6c96-s17434112-d3038653,30,2276.787927005289,2131.453245816753,2422.122608193825,2312.3963974188023,-35.60847041351326,2,a5803f8a5d9d87202b43d709cb328cedaf18c446af448f705c33d553e8c2e9f7,5170ec511fb50cdf10d648416d508574d70e9781ddf156a1b2a86d2b385e94dc,100,1729,maximum_nontransitivity_hybrid_gain,2000.0,3000.0
kata1-b6c96-s17434112-d3038653,32,2274.208923373778,2134.5838665309575,2413.8339802165983,2312.3963974188023,-38.18747404502437,2,a5803f8a5d9d87202b43d709cb328cedaf18c446af448f705c33d553e8c2e9f7,5170ec511fb50cdf10d648416d508574d70e9781ddf156a1b2a86d2b385e94dc,100,1729,maximum_nontransitivity_hybrid_gain,2000.0,3000.0
kata1-b6c96-s17434112-d3038653,34,2285.0182970902574,2150.3022909190922,2419.7343032614226,2312.3963974188023,-27.37810032854486,2,a5803f8a5d9d87202b43d709cb328cedaf18c446af448f705c33d553e8c2e9f7,5170ec511fb50cdf10d648416d508574d70e9781ddf156a1b2a86d2b385e94dc,100,1729,maximum_nontransitivity_hybrid_gain,2000.0,3000.0
kata1-b6c96-s17434112-d3038653,36,2282.207004458267,2152.0307989338435,2412.3832099826905,2312.3963974188023,-30.189392960535315,2,a5803f8a5d9d87202b43d709cb328cedaf18c446af448f705c33d553e8c2e9f7,5170ec511fb50cdf10d648416d508574d70e9781ddf156a1b2a86d2b385e94dc,100,1729,maximum_nontransitivity_hybrid_gain,2000.0,3000.0
kata1-b6c96-s17434112-d3038653,38,2279.776292312065,2153.6862808721585,2405.8663037519714,2312.3963974188023,-32.620105106737356,2,a5803f8a5d9d87202b43d709cb328cedaf18c446af448f705c33d553e8c2e9f7,5170ec511fb50cdf10d648416d508574d70e9781ddf156a1b2a86d2b385e94dc,100,1729,maximum_nontransitivity_hybrid_gain,2000.0,3000.0
kata1-b6c96-s17434112-d3038653,40,2299.0148280207936,2176.172510930937,2421.8571451106504,2312.3963974188023,-13.38156939800865,2,a5803f8a5d9d87202b43d709cb328cedaf18c446af448f705c33d553e8c2e9f7,5170ec511fb50cdf10d648416d508574d70e9781ddf156a1b2a86d2b385e94dc,100,1729,maximum_nontransitivity_hybrid_gain,2000.0,3000.0
kata1-b6c96-s17434112-d3038653,42,2303.899246676509,2184.2319554827573,2423.5665378702606,2312.3963974188023,-8.497150742293343,2,a5803f8a5d9d87202b43d709cb328cedaf18c446af448f705c33d553e8c2e9f7,5170ec511fb50cdf10d648416d508574d70e9781ddf156a1b2a86d2b385e94dc,100,1729,maximum_nontransitivity_hybrid_gain,2000.0,3000.0
kata1-b6c96-s17434112-d3038653,44,2327.7710429529347,2210.506672615398,2445.0354132904713,2312.3963974188023,15.374645534132469,2,a5803f8a5d9d87202b43d709cb328cedaf18c446af448f705c33d553e8c2e9f7,5170ec511fb50cdf10d648416d508574d70e9781ddf156a1b2a86d2b385e94dc,100,1729,maximum_nontransitivity_hybrid_gain,2000.0,3000.0
kata1-b6c96-s17434112-d3038653,46,2330.705537066231,2216.2812476691242,2445.129826463338,2312.3963974188023,18.309139647428765,2,a5803f8a5d9d87202b43d709cb328cedaf18c446af448f705c33d553e8c2e9f7,5170ec511fb50cdf10d648416d508574d70e9781ddf156a1b2a86d2b385e94dc,100,1729,maximum_nontransitivity_hybrid_gain,2000.0,3000.0
kata1-b6c96-s17434112-d3038653,48,2333.3663311323453,2221.584539750637,2445.1481225140537,2312.3963974188023,20.969933713543014,2,a5803f8a5d9d87202b43d709cb328cedaf18c446af448f705c33d553e8c2e9f7,5170ec511fb50cdf10d648416d508574d70e9781ddf156a1b2a86d2b385e94dc,100,1729,maximum_nontransitivity_hybrid_gain,2000.0,3000.0
kata1-b6c96-s17434112-d3038653,50,2318.953917342013,2209.985057285818,2427.922777398208,2312.3963974188023,6.557519923210748,2,a5803f8a5d9d87202b43d709cb328cedaf18c446af448f705c33d553e8c2e9f7,5170ec511fb50cdf10d648416d508574d70e9781ddf156a1b2a86d2b385e94dc,100,1729,maximum_nontransitivity_hybrid_gain,2000.0,3000.0
kata1-b6c96-s17434112-d3038653,52,2305.887948653931,2199.324498237199,2412.451399070663,2312.3963974188023,-6.508448764871446,2,a5803f8a5d9d87202b43d709cb328cedaf18c446af448f705c33d553e8c2e9f7,5170ec511fb50cdf10d648416d508574d70e9781ddf156a1b2a86d2b385e94dc,100,1729,maximum_nontransitivity_hybrid_gain,2000.0,3000.0
kata1-b6c96-s17434112-d3038653,54,2309.2377978746536,2204.771816244507,2413.7037795048,2312.3963974188023,-3.1585995441487285,2,a5803f8a5d9d87202b43d709cb328cedaf18c446af448f705c33d553e8c2e9f7,5170ec511fb50cdf10d648416d508574d70e9781ddf156a1b2a86d2b385e94dc,100,1729,maximum_nontransitivity_hybrid_gain,2000.0,3000.0
kata1-b6c96-s17434112-d3038653,56,2306.5476024979207,2204.090344545863,2409.0048604499784,2312.3963974188023,-5.8487949208815735,2,a5803f8a5d9d87202b43d709cb328cedaf18c446af448f705c33d553e8c2e9f7,5170ec511fb50cdf10d648416d508574d70e9781ddf156a1b2a86d2b385e94dc,100,1729,maximum_nontransitivity_hybrid_gain,2000.0,3000.0
kata1-b6c96-s17434112-d3038653,58,2311.1135020603147,2210.498988278601,2411.7280158420285,2312.3963974188023,-1.2828953584876217,2,a5803f8a5d9d87202b43d709cb328cedaf18c446af448f705c33d553e8c2e9f7,5170ec511fb50cdf10d648416d508574d70e9781ddf156a1b2a86d2b385e94dc,100,1729,maximum_nontransitivity_hybrid_gain,2000.0,3000.0
kata1-b6c96-s17434112-d3038653,60,2313.9096065688614,2215.039236588426,2412.779976549297,2312.3963974188023,1.5132091500590832,2,a5803f8a5d9d87202b43d709cb328cedaf18c446af448f705c33d553e8c2e9f7,5170ec511fb50cdf10d648416d508574d70e9781ddf156a1b2a86d2b385e94dc,100,1729,maximum_nontransitivity_hybrid_gain,2000.0,3000.0
kata1-b6c96-s17434112-d3038653,62,2303.391471717344,2206.2078347361307,2400.575108698557,2312.3963974188023,-9.004925701458433,2,a5803f8a5d9d87202b43d709cb328cedaf18c446af448f705c33d553e8c2e9f7,5170ec511fb50cdf10d648416d508574d70e9781ddf156a1b2a86d2b385e94dc,100,1729,maximum_nontransitivity_hybrid_gain,2000.0,3000.0
kata1-b6c96-s17434112-d3038653,64,2301.2930081916807,2205.697042927746,2396.888973455615,2312.3963974188023,-11.103389227121625,2,a5803f8a5d9d87202b43d709cb328cedaf18c446af448f705c33d553e8c2e9f7,5170ec511fb50cdf10d648416d508574d70e9781ddf156a1b2a86d2b385e94dc,100,1729,maximum_nontransitivity_hybrid_gain,2000.0,3000.0
kata1-b6c96-s17434112-d3038653,66,2287.13897030549,2193.0126933723814,2381.265247238599,2312.3963974188023,-25.257427113312133,2,a5803f8a5d9d87202b43d709cb328cedaf18c446af448f705c33d553e8c2e9f7,5170ec511fb50cdf10d648416d508574d70e9781ddf156a1b2a86d2b385e94dc,100,1729,maximum_nontransitivity_hybrid_gain,2000.0,3000.0
kata1-b6c96-s17434112-d3038653,68,2285.701128056504,2193.0116947012157,2378.390561411792,2312.3963974188023,-26.695269362298404,2,a5803f8a5d9d87202b43d709cb328cedaf18c446af448f705c33d553e8c2e9f7,5170ec511fb50cdf10d648416d508574d70e9781ddf156a1b2a86d2b385e94dc,100,1729,maximum_nontransitivity_hybrid_gain,2000.0,3000.0
kata1-b6c96-s17434112-d3038653,70,2284.3555825659796,2193.03281213452,2375.678352997439,2312.3963974188023,-28.040814852822677,2,a5803f8a5d9d87202b43d709cb328cedaf18c446af448f705c33d553e8c2e9f7,5170ec511fb50cdf10d648416d508574d70e9781ddf156a1b2a86d2b385e94dc,100,1729,maximum_nontransitivity_hybrid_gain,2000.0,3000.0
kata1-b6c96-s17434112-d3038653,72,2283.112637188963,2193.0911147739753,2373.134159603951,2312.3963974188023,-29.283760229839118,2,a5803f8a5d9d87202b43d709cb328cedaf18c446af448f705c33d553e8c2e9f7,5170ec511fb50cdf10d648416d508574d70e9781ddf156a1b2a86d2b385e94dc,100,1729,maximum_nontransitivity_hybrid_gain,2000.0,3000.0
kata1-b6c96-s17434112-d3038653,74,2287.2894232499384,2198.5274750963576,2376.051371403519,2312.3963974188023,-25.10697416886387,2,a5803f8a5d9d87202b43d709cb328cedaf18c446af448f705c33d553e8c2e9f7,5170ec511fb50cdf10d648416d508574d70e9781ddf156a1b2a86d2b385e94dc,100,1729,maximum_nontransitivity_hybrid_gain,2000.0,3000.0
kata1-b6c96-s17434112-d3038653,76,2296.42260936015,2208.834059609817,2384.0111591104833,2312.3963974188023,-15.97378805865219,2,a5803f8a5d9d87202b43d709cb328cedaf18c446af448f705c33d553e8c2e9f7,5170ec511fb50cdf10d648416d508574d70e9781ddf156a1b2a86d2b385e94dc,100,1729,maximum_nontransitivity_hybrid_gain,2000.0,3000.0
kata1-b6c96-s17434112-d3038653,78,2294.9419379054566,2208.484600735059,2381.3992750758543,2312.3963974188023,-17.454459513345682,2,a5803f8a5d9d87202b43d709cb328cedaf18c446af448f705c33d553e8c2e9f7,5170ec511fb50cdf10d648416d508574d70e9781ddf156a1b2a86d2b385e94dc,100,1729,maximum_nontransitivity_hybrid_gain,2000.0,3000.0
kata1-b6c96-s17434112-d3038653,80,2303.362572413121,2217.928058194184,2388.7970866320584,2312.3963974188023,-9.033825005681138,2,a5803f8a5d9d87202b43d709cb328cedaf18c446af448f705c33d553e8c2e9f7,5170ec511fb50cdf10d648416d508574d70e9781ddf156a1b2a86d2b385e94dc,100,1729,maximum_nontransitivity_hybrid_gain,2000.0,3000.0
kata1-b6c96-s17434112-d3038653,82,2305.539286419768,2221.110816284095,2389.9677565554407,2312.3963974188023,-6.857110999034376,2,a5803f8a5d9d87202b43d709cb328cedaf18c446af448f705c33d553e8c2e9f7,5170ec511fb50cdf10d648416d508574d70e9781ddf156a1b2a86d2b385e94dc,100,1729,maximum_nontransitivity_hybrid_gain,2000.0,3000.0
kata1-b6c96-s17434112-d3038653,84,2307.6022829108447,2224.1429441922596,2391.0616216294297,2312.3963974188023,-4.794114507957602,2,a5803f8a5d9d87202b43d709cb328cedaf18c446af448f705c33d553e8c2e9f7,5170ec511fb50cdf10d648416d508574d70e9781ddf156a1b2a86d2b385e94dc,100,1729,maximum_nontransitivity_hybrid_gain,2000.0,3000.0
kata1-b6c96-s17434112-d3038653,86,2300.4082710124353,2217.9189064071106,2382.89763561776,2312.3963974188023,-11.988126406366973,2,a5803f8a5d9d87202b43d709cb328cedaf18c446af448f705c33d553e8c2e9f7,5170ec511fb50cdf10d648416d508574d70e9781ddf156a1b2a86d2b385e94dc,100,1729,maximum_nontransitivity_hybrid_gain,2000.0,3000.0
kata1-b6c96-s17434112-d3038653,88,2302.5116263775453,2220.918926002086,2384.1043267530044,2312.3963974188023,-9.884771041256954,2,a5803f8a5d9d87202b43d709cb328cedaf18c446af448f705c33d553e8c2e9f7,5170ec511fb50cdf10d648416d508574d70e9781ddf156a1b2a86d2b385e94dc,100,1729,maximum_nontransitivity_hybrid_gain,2000.0,3000.0
kata1-b6c96-s17434112-d3038653,90,2300.1432612839667,2219.4173813931725,2380.869141174761,2312.3963974188023,-12.253136134835586,2,a5803f8a5d9d87202b43d709cb328cedaf18c446af448f705c33d553e8c2e9f7,5170ec511fb50cdf10d648416d508574d70e9781ddf156a1b2a86d2b385e94dc,100,1729,maximum_nontransitivity_hybrid_gain,2000.0,3000.0
kata1-b6c96-s17434112-d3038653,92,2293.6326096187063,2213.7172488244137,2373.547970412999,2312.3963974188023,-18.763787800095997,2,a5803f8a5d9d87202b43d709cb328cedaf18c446af448f705c33d553e8c2e9f7,5170ec511fb50cdf10d648416d508574d70e9781ddf156a1b2a86d2b385e94dc,100,1729,maximum_nontransitivity_hybrid_gain,2000.0,3000.0
kata1-b6c96-s17434112-d3038653,94,2300.7612315589936,2221.6818811693247,2379.8405819486625,2312.3963974188023,-11.635165859808694,2,a5803f8a5d9d87202b43d709cb328cedaf18c446af448f705c33d553e8c2e9f7,5170ec511fb50cdf10d648416d508574d70e9781ddf156a1b2a86d2b385e94dc,100,1729,maximum_nontransitivity_hybrid_gain,2000.0,3000.0
kata1-b6c96-s17434112-d3038653,96,2306.7277087286866,2228.426409377499,2385.029008079874,2312.3963974188023,-5.668688690115687,2,a5803f8a5d9d87202b43d709cb328cedaf18c446af448f705c33d553e8c2e9f7,5170ec511fb50cdf10d648416d508574d70e9781ddf156a1b2a86d2b385e94dc,100,1729,maximum_nontransitivity_hybrid_gain,2000.0,3000.0
kata1-b6c96-s17434112-d3038653,98,2304.479394777655,2226.9308817925885,2382.027907762722,2312.3963974188023,-7.917002641147064,2,a5803f8a5d9d87202b43d709cb328cedaf18c446af448f705c33d553e8c2e9f7,5170ec511fb50cdf10d648416d508574d70e9781ddf156a1b2a86d2b385e94dc,100,1729,maximum_nontransitivity_hybrid_gain,2000.0,3000.0
kata1-b6c96-s17434112-d3038653,100,2313.9979725640005,2237.173424528536,2390.822520599465,2312.3963974188023,1.6015751451982396,2,a5803f8a5d9d87202b43d709cb328cedaf18c446af448f705c33d553e8c2e9f7,5170ec511fb50cdf10d648416d508574d70e9781ddf156a1b2a86d2b385e94dc,100,1729,maximum_nontransitivity_hybrid_gain,2000.0,3000.0
kata1-b6c96-s19408128-d3280178,2,2847.312576127993,413.4219148984598,5281.203237357526,2459.07069597184,388.241880156153,2,a5803f8a5d9d87202b43d709cb328cedaf18c446af448f705c33d553e8c2e9f7,5170ec511fb50cdf10d648416d508574d70e9781ddf156a1b2a86d2b385e94dc,100,1729,maximum_nontransitivity_hybrid_gain,2000.0,3000.0
kata1-b6c96-s19408128-d3280178,4,2677.697627374789,2160.212672988844,3195.182581760734,2459.07069597184,218.62693140294914,2,a5803f8a5d9d87202b43d709cb328cedaf18c446af448f705c33d553e8c2e9f7,5170ec511fb50cdf10d648416d508574d70e9781ddf156a1b2a86d2b385e94dc,100,1729,maximum_nontransitivity_hybrid_gain,2000.0,3000.0
kata1-b6c96-s19408128-d3280178,6,2466.074756063284,2041.7227614376866,2890.4267506888814,2459.07069597184,7.004060091443989,2,a5803f8a5d9d87202b43d709cb328cedaf18c446af448f705c33d553e8c2e9f7,5170ec511fb50cdf10d648416d508574d70e9781ddf156a1b2a86d2b385e94dc,100,1729,maximum_nontransitivity_hybrid_gain,2000.0,3000.0
kata1-b6c96-s19408128-d3280178,8,2555.4089990722473,2244.04943539754,2866.7685627469546,2459.07069597184,96.3383031004073,2,a5803f8a5d9d87202b43d709cb328cedaf18c446af448f705c33d553e8c2e9f7,5170ec511fb50cdf10d648416d508574d70e9781ddf156a1b2a86d2b385e94dc,100,1729,maximum_nontransitivity_hybrid_gain,2000.0,3000.0
kata1-b6c96-s19408128-d3280178,10,2449.991943531624,2159.637176085397,2740.346710977851,2459.07069597184,-9.078752440215794,2,a5803f8a5d9d87202b43d709cb328cedaf18c446af448f705c33d553e8c2e9f7,5170ec511fb50cdf10d648416d508574d70e9781ddf156a1b2a86d2b385e94dc,100,1729,maximum_nontransitivity_hybrid_gain,2000.0,3000.0
kata1-b6c96-s19408128-d3280178,12,2382.9095250029013,2108.6044274627643,2657.2146225430383,2459.07069597184,-76.16117096893868,2,a5803f8a5d9d87202b43d709cb328cedaf18c446af448f705c33d553e8c2e9f7,5170ec511fb50cdf10d648416d508574d70e9781ddf156a1b2a86d2b385e94dc,100,1729,maximum_nontransitivity_hybrid_gain,2000.0,3000.0
kata1-b6c96-s19408128-d3280178,14,2335.372633869187,2072.7377579937297,2598.0075097446447,2459.07069597184,-123.69806210265278,2,a5803f8a5d9d87202b43d709cb328cedaf18c446af448f705c33d553e8c2e9f7,5170ec511fb50cdf10d648416d508574d70e9781ddf156a1b2a86d2b385e94dc,100,1729,maximum_nontransitivity_hybrid_gain,2000.0,3000.0
kata1-b6c96-s19408128-d3280178,16,2404.2696305581603,2187.071763111562,2621.4674980047585,2459.07069597184,-54.80106541367968,2,a5803f8a5d9d87202b43d709cb328cedaf18c446af448f705c33d553e8c2e9f7,5170ec511fb50cdf10d648416d508574d70e9781ddf156a1b2a86d2b385e94dc,100,1729,maximum_nontransitivity_hybrid_gain,2000.0,3000.0
kata1-b6c96-s19408128-d3280178,18,2431.1184104965014,2233.651993107482,2628.5848278855206,2459.07069597184,-27.952285475338613,2,a5803f8a5d9d87202b43d709cb328cedaf18c446af448f705c33d553e8c2e9f7,5170ec511fb50cdf10d648416d508574d70e9781ddf156a1b2a86d2b385e94dc,100,1729,maximum_nontransitivity_hybrid_gain,2000.0,3000.0
kata1-b6c96-s19408128-d3280178,20,2497.6613755302296,2320.990624952871,2674.3321261075885,2459.07069597184,38.59067955838964,2,a5803f8a5d9d87202b43d709cb328cedaf18c446af448f705c33d553e8c2e9f7,5170ec511fb50cdf10d648416d508574d70e9781ddf156a1b2a86d2b385e94dc,100,1729,maximum_nontransitivity_hybrid_gain,2000.0,3000.0
kata1-b6c96-s19408128-d3280178,22,2465.493350864243,2295.0548865361343,2635.9318151923517,2459.07069597184,6.4226548924029885,2,a5803f8a5d9d87202b43d709cb328cedaf18c446af448f705c33d553e8c2e9f7,5170ec511fb50cdf10d648416d508574d70e9781ddf156a1b2a86d2b385e94dc,100,1729,maximum_nontransitivity_hybrid_gain,2000.0,3000.0
kata1-b6c96-s19408128-d3280178,24,2477.1509656153175,2316.449625565339,2637.852305665296,2459.07069597184,18.08026964347755,2,a5803f8a5d9d87202b43d709cb328cedaf18c446af448f705c33d553e8c2e9f7,5170ec511fb50cdf10d648416d508574d70e9781ddf156a1b2a86d2b385e94dc,100,1729,maximum_nontransitivity_hybrid_gain,2000.0,3000.0
kata1-b6c96-s19408128-d3280178,26,2486.5713315777552,2333.9993661356802,2639.1432970198302,2459.07069597184,27.50063560591525,2,a5803f8a5d9d87202b43d709cb328cedaf18c446af448f705c33d553e8c2e9f7,5170ec511fb50cdf10d648416d508574d70e9781ddf156a1b2a86d2b385e94dc,100,1729,maximum_nontransitivity_hybrid_gain,2000.0,3000.0
kata1-b6c96-s19408128-d3280178,28,2494.327191043501,2348.6750412978545,2639.9793407891475,2459.07069597184,35.25649507166099,2,a5803f8a5d9d87202b43d709cb328cedaf18c446af448f705c33d553e8c2e9f7,5170ec511fb50cdf10d648416d508574d70e9781ddf156a1b2a86d2b385e94dc,100,1729,maximum_nontransitivity_hybrid_gain,2000.0,3000.0
kata1-b6c96-s19408128-d3280178,30,2472.3307972579278,2330.082538729389,2614.5790557864666,2459.07069597184,13.260101286087774,2,a5803f8a5d9d87202b43d709cb328cedaf18c446af448f705c33d553e8c2e9f7,5170ec511fb50cdf10d648416d508574d70e9781ddf156a1b2a86d2b385e94dc,100,1729,maximum_nontransitivity_hybrid_gain,2000.0,3000.0
kata1-b6c96-s19408128-d3280178,32,2480.144220609785,2343.5664284925892,2616.7220127269807,2459.07069597184,21.073524637944956,2,a5803f8a5d9d87202b43d709cb328cedaf18c446af448f705c33d553e8c2e9f7,5170ec511fb50cdf10d648416d508574d70e9781ddf156a1b2a86d2b385e94dc,100,1729,maximum_nontransitivity_hybrid_gain,2000.0,3000.0
kata1-b6c96-s19408128-d3280178,34,2461.683136633075,2327.6898908423245,2595.676382423825,2459.07069597184,2.612440661234814,2,a5803f8a5d9d87202b43d709cb328cedaf18c446af448f705c33d553e8c2e9f7,5170ec511fb50cdf10d648416d508574d70e9781ddf156a1b2a86d2b385e94dc,100,1729,maximum_nontransitivity_hybrid_gain,2000.0,3000.0
kata1-b6c96-s19408128-d3280178,36,2445.039102386699,2313.2418289522416,2576.8363758211567,2459.07069597184,-14.031593585140854,2,a5803f8a5d9d87202b43d709cb328cedaf18c446af448f705c33d553e8c2e9f7,5170ec511fb50cdf10d648416d508574d70e9781ddf156a1b2a86d2b385e94dc,100,1729,maximum_nontransitivity_hybrid_gain,2000.0,3000.0
kata1-b6c96-s19408128-d3280178,38,2453.3990145254543,2326.220595347108,2580.5774337038006,2459.07069597184,-5.671681446385719,2,a5803f8a5d9d87202b43d709cb328cedaf18c446af448f705c33d553e8c2e9f7,5170ec511fb50cdf10d648416d508574d70e9781ddf156a1b2a86d2b385e94dc,100,1729,maximum_nontransitivity_hybrid_gain,2000.0,3000.0
kata1-b6c96-s19408128-d3280178,40,2460.733929096322,2337.6594572998683,2583.8084008927754,2459.07069597184,1.6632331244818488,2,a5803f8a5d9d87202b43d709cb328cedaf18c446af448f705c33d553e8c2e9f7,5170ec511fb50cdf10d648416d508574d70e9781ddf156a1b2a86d2b385e94dc,100,1729,maximum_nontransitivity_hybrid_gain,2000.0,3000.0
kata1-b6c96-s19408128-d3280178,42,2446.761713896843,2325.3432734566104,2568.1801543370757,2459.07069597184,-12.308982074996948,2,a5803f8a5d9d87202b43d709cb328cedaf18c446af448f705c33d553e8c2e9f7,5170ec511fb50cdf10d648416d508574d70e9781ddf156a1b2a86d2b385e94dc,100,1729,maximum_nontransitivity_hybrid_gain,2000.0,3000.0
kata1-b6c96-s19408128-d3280178,44,2433.8560562535267,2313.893928577139,2553.8181839299145,2459.07069597184,-25.214639718313265,2,a5803f8a5d9d87202b43d709cb328cedaf18c446af448f705c33d553e8c2e9f7,5170ec511fb50cdf10d648416d508574d70e9781ddf156a1b2a86d2b385e94dc,100,1729,maximum_nontransitivity_hybrid_gain,2000.0,3000.0
kata1-b6c96-s19408128-d3280178,46,2441.3198891752477,2324.8588575940767,2557.7809207564187,2459.07069597184,-17.750806796592315,2,a5803f8a5d9d87202b43d709cb328cedaf18c446af448f705c33d553e8c2e9f7,5170ec511fb50cdf10d648416d508574d70e9781ddf156a1b2a86d2b385e94dc,100,1729,maximum_nontransitivity_hybrid_gain,2000.0,3000.0
kata1-b6c96-s19408128-d3280178,48,2456.9196931765437,2344.4768835832483,2569.362502769839,2459.07069597184,-2.1510027952963355,2,a5803f8a5d9d87202b43d709cb328cedaf18c446af448f705c33d553e8c2e9f7,5170ec511fb50cdf10d648416d508574d70e9781ddf156a1b2a86d2b385e94dc,100,1729,maximum_nontransitivity_hybrid_gain,2000.0,3000.0
kata1-b6c96-s19408128-d3280178,50,2445.477871179053,2334.236084997933,2556.719657360173,2459.07069597184,-13.592824792786814,2,a5803f8a5d9d87202b43d709cb328cedaf18c446af448f705c33d553e8c2e9f7,5170ec511fb50cdf10d648416d508574d70e9781ddf156a1b2a86d2b385e94dc,100,1729,maximum_nontransitivity_hybrid_gain,2000.0,3000.0
kata1-b6c96-s19408128-d3280178,52,2434.758097393071,2324.59453075089,2544.9216640352515,2459.07069597184,-24.31259857876921,2,a5803f8a5d9d87202b43d709cb328cedaf18c446af448f705c33d553e8c2e9f7,5170ec511fb50cdf10d648416d508574d70e9781ddf156a1b2a86d2b385e94dc,100,1729,maximum_nontransitivity_hybrid_gain,2000.0,3000.0
kata1-b6c96-s19408128-d3280178,54,2440.9849793800104,2333.496486436331,2548.4734723236897,2459.07069597184,-18.085716591829623,2,a5803f8a5d9d87202b43d709cb328cedaf18c446af448f705c33d553e8c2e9f7,5170ec511fb50cdf10d648416d508574d70e9781ddf156a1b2a86d2b385e94dc,100,1729,maximum_nontransitivity_hybrid_gain,2000.0,3000.0
kata1-b6c96-s19408128-d3280178,56,2461.721743570308,2358.003433497296,2565.4400536433195,2459.07069597184,2.6510475984678123,2,a5803f8a5d9d87202b43d709cb328cedaf18c446af448f705c33d553e8c2e9f7,5170ec511fb50cdf10d648416d508574d70e9781ddf156a1b2a86d2b385e94dc,100,1729,maximum_nontransitivity_hybrid_gain,2000.0,3000.0
kata1-b6c96-s19408128-d3280178,58,2466.2483899817057,2364.6617614303286,2567.835018533083,2459.07069597184,7.177694009865718,2,a5803f8a5d9d87202b43d709cb328cedaf18c446af448f705c33d553e8c2e9f7,5170ec511fb50cdf10d648416d508574d70e9781ddf156a1b2a86d2b385e94dc,100,1729,maximum_nontransitivity_hybrid_gain,2000.0,3000.0
kata1-b6c96-s19408128-d3280178,60,2470.434322333189,2370.828603428484,2570.040041237894,2459.07069597184,11.363626361348906,2,a5803f8a5d9d87202b43d709cb328cedaf18c446af448f705c33d553e8c2e9f7,5170ec511fb50cdf10d648416d508574d70e9781ddf156a1b2a86d2b385e94dc,100,1729,maximum_nontransitivity_hybrid_gain,2000.0,3000.0
kata1-b6c96-s19408128-d3280178,62,2467.743331173727,2369.514231092242,2565.9724312552116,2459.07069597184,8.672635201886806,2,a5803f8a5d9d87202b43d709cb328cedaf18c446af448f705c33d553e8c2e9f7,5170ec511fb50cdf10d648416d508574d70e9781ddf156a1b2a86d2b385e94dc,100,1729,maximum_nontransitivity_hybrid_gain,2000.0,3000.0
kata1-b6c96-s19408128-d3280178,64,2471.5807163447002,2375.1218242174564,2568.039608471944,2459.07069597184,12.510020372860254,2,a5803f8a5d9d87202b43d709cb328cedaf18c446af448f705c33d553e8c2e9f7,5170ec511fb50cdf10d648416d508574d70e9781ddf156a1b2a86d2b385e94dc,100,1729,maximum_nontransitivity_hybrid_gain,2000.0,3000.0
kata1-b6c96-s19408128-d3280178,66,2487.2286956586677,2393.1894821425967,2581.2679091747386,2459.07069597184,28.15799968682768,2,a5803f8a5d9d87202b43d709cb328cedaf18c446af448f705c33d553e8c2e9f7,5170ec511fb50cdf10d648416d508574d70e9781ddf156a1b2a86d2b385e94dc,100,1729,maximum_nontransitivity_hybrid_gain,2000.0,3000.0
kata1-b6c96-s19408128-d3280178,68,2501.5931811756545,2409.6565456102903,2593.5298167410187,2459.07069597184,42.52248520381454,2,a5803f8a5d9d87202b43d709cb328cedaf18c446af448f705c33d553e8c2e9f7,5170ec511fb50cdf10d648416d508574d70e9781ddf156a1b2a86d2b385e94dc,100,1729,maximum_nontransitivity_hybrid_gain,2000.0,3000.0
kata1-b6c96-s19408128-d3280178,70,2507.2885078329045,2416.633983842364,2597.943031823445,2459.07069597184,48.21781186106455,2,a5803f8a5d9d87202b43d709cb328cedaf18c446af448f705c33d553e8c2e9f7,5170ec511fb50cdf10d648416d508574d70e9781ddf156a1b2a86d2b385e94dc,100,1729,maximum_nontransitivity_hybrid_gain,2000.0,3000.0
kata1-b6c96-s19408128-d3280178,72,2490.4241515148783,2400.0777171586446,2580.770585871112,2459.07069597184,31.353455543038308,2,a5803f8a5d9d87202b43d709cb328cedaf18c446af448f705c33d553e8c2e9f7,5170ec511fb50cdf10d648416d508574d70e9781ddf156a1b2a86d2b385e94dc,100,1729,maximum_nontransitivity_hybrid_gain,2000.0,3000.0
kata1-b6c96-s19408128-d3280178,74,2474.1137535039343,2384.063314835453,2564.1641921724154,2459.07069597184,15.04305753209428,2,a5803f8a5d9d87202b43d709cb328cedaf18c446af448f705c33d553e8c2e9f7,5170ec511fb50cdf10d648416d508574d70e9781ddf156a1b2a86d2b385e94dc,100,1729,maximum_nontransitivity_hybrid_gain,2000.0,3000.0
kata1-b6c96-s19408128-d3280178,76,2480.2241692768584,2391.4808867593606,2568.9674517943563,2459.07069597184,21.15347330501845,2,a5803f8a5d9d87202b43d709cb328cedaf18c446af448f705c33d553e8c2e9f7,5170ec511fb50cdf10d648416d508574d70e9781ddf156a1b2a86d2b385e94dc,100,1729,maximum_nontransitivity_hybrid_gain,2000.0,3000.0
kata1-b6c96-s19408128-d3280178,78,2480.7473536235843,2393.0051602168105,2568.489547030358,2459.07069597184,21.676657651744335,2,a5803f8a5d9d87202b43d709cb328cedaf18c446af448f705c33d553e8c2e9f7,5170ec511fb50cdf10d648416d508574d70e9781ddf156a1b2a86d2b385e94dc,100,1729,maximum_nontransitivity_hybrid_gain,2000.0,3000.0
kata1-b6c96-s19408128-d3280178,80,2486.370580900276,2399.7498648358546,2572.991296964697,2459.07069597184,27.29988492843586,2,a5803f8a5d9d87202b43d709cb328cedaf18c446af448f705c33d553e8c2e9f7,5170ec511fb50cdf10d648416d508574d70e9781ddf156a1b2a86d2b385e94dc,100,1729,maximum_nontransitivity_hybrid_gain,2000.0,3000.0
kata1-b6c96-s19408128-d3280178,82,2491.7128842967463,2406.1199417965913,2577.3058267969013,2459.07069597184,32.64218832490633,2,a5803f8a5d9d87202b43d709cb328cedaf18c446af448f705c33d553e8c2e9f7,5170ec511fb50cdf10d648416d508574d70e9781ddf156a1b2a86d2b385e94dc,100,1729,maximum_nontransitivity_hybrid_gain,2000.0,3000.0
kata1-b6c96-s19408128-d3280178,84,2486.828386946073,2402.193091618007,2571.4636822741386,2459.07069597184,27.7576909742329,2,a5803f8a5d9d87202b43d709cb328cedaf18c446af448f705c33d553e8c2e9f7,5170ec511fb50cdf10d648416d508574d70e9781ddf156a1b2a86d2b385e94dc,100,1729,maximum_nontransitivity_hybrid_gain,2000.0,3000.0
kata1-b6c96-s19408128-d3280178,86,2477.4602325156034,2393.606157333754,2561.314307697453,2459.07069597184,18.38953654376337,2,a5803f8a5d9d87202b43d709cb328cedaf18c446af448f705c33d553e8c2e9f7,5170ec511fb50cdf10d648416d508574d70e9781ddf156a1b2a86d2b385e94dc,100,1729,maximum_nontransitivity_hybrid_gain,2000.0,3000.0
kata1-b6c96-s19408128-d3280178,88,2477.8051449251097,2394.9650310145166,2560.645258835703,2459.07069597184,18.734448953269748,2,a5803f8a5d9d87202b43d709cb328cedaf18c446af448f705c33d553e8c2e9f7,5170ec511fb50cdf10d648416d508574d70e9781ddf156a1b2a86d2b385e94dc,100,1729,maximum_nontransitivity_hybrid_gain,2000.0,3000.0
kata1-b6c96-s19408128-d3280178,90,2478.1450247549947,2396.2749088531787,2560.0151406568107,2459.07069597184,19.07432878315467,2,a5803f8a5d9d87202b43d709cb328cedaf18c446af448f705c33d553e8c2e9f7,5170ec511fb50cdf10d648416d508574d70e9781ddf156a1b2a86d2b385e94dc,100,1729,maximum_nontransitivity_hybrid_gain,2000.0,3000.0
kata1-b6c96-s19408128-d3280178,92,2478.467424015438,2397.526587070683,2559.4082609601933,2459.07069597184,19.39672804359816,2,a5803f8a5d9d87202b43d709cb328cedaf18c446af448f705c33d553e8c2e9f7,5170ec511fb50cdf10d648416d508574d70e9781ddf156a1b2a86d2b385e94dc,100,1729,maximum_nontransitivity_hybrid_gain,2000.0,3000.0
kata1-b6c96-s19408128-d3280178,94,2470.2161007111454,2389.9330681438505,2550.4991332784402,2459.07069597184,11.145404739305377,2,a5803f8a5d9d87202b43d709cb328cedaf18c446af448f705c33d553e8c2e9f7,5170ec511fb50cdf10d648416d508574d70e9781ddf156a1b2a86d2b385e94dc,100,1729,maximum_nontransitivity_hybrid_gain,2000.0,3000.0
kata1-b6c96-s19408128-d3280178,96,2474.893328846851,2395.5936184468214,2554.1930392468807,2459.07069597184,15.822632875011095,2,a5803f8a5d9d87202b43d709cb328cedaf18c446af448f705c33d553e8c2e9f7,5170ec511fb50cdf10d648416d508574d70e9781ddf156a1b2a86d2b385e94dc,100,1729,maximum_nontransitivity_hybrid_gain,2000.0,3000.0
kata1-b6c96-s19408128-d3280178,98,2467.1087689205915,2388.4155153013767,2545.8020225398063,2459.07069597184,8.038072948751505,2,a5803f8a5d9d87202b43d709cb328cedaf18c446af448f705c33d553e8c2e9f7,5170ec511fb50cdf10d648416d508574d70e9781ddf156a1b2a86d2b385e94dc,100,1729,maximum_nontransitivity_hybrid_gain,2000.0,3000.0
kata1-b6c96-s19408128-d3280178,100,2459.646069206867,2381.5236453477523,2537.768493065982,2459.07069597184,0.5753732350272003,2,a5803f8a5d9d87202b43d709cb328cedaf18c446af448f705c33d553e8c2e9f7,5170ec511fb50cdf10d648416d508574d70e9781ddf156a1b2a86d2b385e94dc,100,1729,maximum_nontransitivity_hybrid_gain,2000.0,3000.0
kata1-b6c96-s21371392-d3529696,2,2012.454449830115,1528.4941640190732,2496.4147356411568,2583.1844176865825,-570.7299678564675,2,a5803f8a5d9d87202b43d709cb328cedaf18c446af448f705c33d553e8c2e9f7,5170ec511fb50cdf10d648416d508574d70e9781ddf156a1b2a86d2b385e94dc,100,1729,maximum_nontransitivity_hybrid_gain,2000.0,3000.0
kata1-b6c96-s21371392-d3529696,4,2204.4777903206723,1810.1066840360033,2598.848896605341,2583.1844176865825,-378.7066273659102,2,a5803f8a5d9d87202b43d709cb328cedaf18c446af448f705c33d553e8c2e9f7,5170ec511fb50cdf10d648416d508574d70e9781ddf156a1b2a86d2b385e94dc,100,1729,maximum_nontransitivity_hybrid_gain,2000.0,3000.0
kata1-b6c96-s21371392-d3529696,6,2293.387118524124,1919.9417370808226,2666.8324999674255,2583.1844176865825,-289.79729916245833,2,a5803f8a5d9d87202b43d709cb328cedaf18c446af448f705c33d553e8c2e9f7,5170ec511fb50cdf10d648416d508574d70e9781ddf156a1b2a86d2b385e94dc,100,1729,maximum_nontransitivity_hybrid_gain,2000.0,3000.0
kata1-b6c96-s21371392-d3529696,8,2351.8108469171284,1987.7881837423406,2715.833510091916,2583.1844176865825,-231.3735707694541,2,a5803f8a5d9d87202b43d709cb328cedaf18c446af448f705c33d553e8c2e9f7,5170ec511fb50cdf10d648416d508574d70e9781ddf156a1b2a86d2b385e94dc,100,1729,maximum_nontransitivity_hybrid_gain,2000.0,3000.0
kata1-b6c96-s21371392-d3529696,10,2395.388414800931,2036.7451568275096,2754.0316727743525,2583.1844176865825,-187.79600288565143,2,a5803f8a5d9d87202b43d709cb328cedaf18c446af448f705c33d553e8c2e9f7,5170ec511fb50cdf10d648416d508574d70e9781ddf156a1b2a86d2b385e94dc,100,1729,maximum_nontransitivity_hybrid_gain,2000.0,3000.0
kata1-b6c96-s21371392-d3529696,12,2458.8965830523007,2139.8243664274896,2777.9687996771117,2583.1844176865825,-124.28783463428181,2,a5803f8a5d9d87202b43d709cb328cedaf18c446af448f705c33d553e8c2e9f7,5170ec511fb50cdf10d648416d508574d70e9781ddf156a1b2a86d2b385e94dc,100,1729,maximum_nontransitivity_hybrid_gain,2000.0,3000.0
kata1-b6c96-s21371392-d3529696,14,2436.818085738341,2175.7893060153183,2697.8468654613634,2583.1844176865825,-146.36633194824162,2,a5803f8a5d9d87202b43d709cb328cedaf18c446af448f705c33d553e8c2e9f7,5170ec511fb50cdf10d648416d508574d70e9781ddf156a1b2a86d2b385e94dc,100,1729,maximum_nontransitivity_hybrid_gain,2000.0,3000.0
kata1-b6c96-s21371392-d3529696,16,2353.41446750449,2139.4429150495234,2567.3860199594565,2583.1844176865825,-229.76995018209254,2,a5803f8a5d9d87202b43d709cb328cedaf18c446af448f705c33d553e8c2e9f7,5170ec511fb50cdf10d648416d508574d70e9781ddf156a1b2a86d2b385e94dc,100,1729,maximum_nontransitivity_hybrid_gain,2000.0,3000.0
kata1-b6c96-s21371392-d3529696,18,2417.641443067433,2211.9681731772002,2623.314712957666,2583.1844176865825,-165.5429746191494,2,a5803f8a5d9d87202b43d709cb328cedaf18c446af448f705c33d553e8c2e9f7,5170ec511fb50cdf10d648416d508574d70e9781ddf156a1b2a86d2b385e94dc,100,1729,maximum_nontransitivity_hybrid_gain,2000.0,3000.0
kata1-b6c96-s21371392-d3529696,20,2467.45974466729,2268.764288817412,2666.1552005171684,2583.1844176865825,-115.72467301929237,2,a5803f8a5d9d87202b43d709cb328cedaf18c446af448f705c33d553e8c2e9f7,5170ec511fb50cdf10d648416d508574d70e9781ddf156a1b2a86d2b385e94dc,100,1729,maximum_nontransitivity_hybrid_gain,2000.0,3000.0
kata1-b6c96-s21371392-d3529696,22,2465.741036772077,2281.8014945435166,2649.680579000638,2583.1844176865825,-117.44338091450527,2,a5803f8a5d9d87202b43d709cb328cedaf18c446af448f705c33d553e8c2e9f7,5170ec511fb50cdf10d648416d508574d70e9781ddf156a1b2a86d2b385e94dc,100,1729,maximum_nontransitivity_hybrid_gain,2000.0,3000.0
kata1-b6c96-s21371392-d3529696,24,2509.568118843067,2330.187086005048,2688.9491516810863,2583.1844176865825,-73.61629884351532,2,a5803f8a5d9d87202b43d709cb328cedaf18c446af448f705c33d553e8c2e9f7,5170ec511fb50cdf10d648416d508574d70e9781ddf156a1b2a86d2b385e94dc,100,1729,maximum_nontransitivity_hybrid_gain,2000.0,3000.0
kata1-b6c96-s21371392-d3529696,26,2503.17012590211,2335.342667550256,2670.9975842539643,2583.1844176865825,-80.01429178447233,2,a5803f8a5d9d87202b43d709cb328cedaf18c446af448f705c33d553e8c2e9f7,5170ec511fb50cdf10d648416d508574d70e9781ddf156a1b2a86d2b385e94dc,100,1729,maximum_nontransitivity_hybrid_gain,2000.0,3000.0
kata1-b6c96-s21371392-d3529696,28,2498.1724631330344,2339.726510369933,2656.618415896136,2583.1844176865825,-85.0119545535481,2,a5803f8a5d9d87202b43d709cb328cedaf18c446af448f705c33d553e8c2e9f7,5170ec511fb50cdf10d648416d508574d70e9781ddf156a1b2a86d2b385e94dc,100,1729,maximum_nontransitivity_hybrid_gain,2000.0,3000.0
kata1-b6c96-s21371392-d3529696,30,2497.9086704717274,2346.9976125205385,2648.8197284229163,2583.1844176865825,-85.27574721485507,2,a5803f8a5d9d87202b43d709cb328cedaf18c446af448f705c33d553e8c2e9f7,5170ec511fb50cdf10d648416d508574d70e9781ddf156a1b2a86d2b385e94dc,100,1729,maximum_nontransitivity_hybrid_gain,2000.0,3000.0
kata1-b6c96-s21371392-d3529696,32,2525.0097930479774,2377.287950209694,2672.731635886261,2583.1844176865825,-58.17462463860511,2,a5803f8a5d9d87202b43d709cb328cedaf18c446af448f705c33d553e8c2e9f7,5170ec511fb50cdf10d648416d508574d70e9781ddf156a1b2a86d2b385e94dc,100,1729,maximum_nontransitivity_hybrid_gain,2000.0,3000.0
kata1-b6c96-s21371392-d3529696,34,2519.305414023303,2378.089910179082,2660.520917867524,2583.1844176865825,-63.87900366327949,2,a5803f8a5d9d87202b43d709cb328cedaf18c446af448f705c33d553e8c2e9f7,5170ec511fb50cdf10d648416d508574d70e9781ddf156a1b2a86d2b385e94dc,100,1729,maximum_nontransitivity_hybrid_gain,2000.0,3000.0
kata1-b6c96-s21371392-d3529696,36,2514.478199891361,2378.884537990018,2650.0718617927037,2583.1844176865825,-68.70621779522162,2,a5803f8a5d9d87202b43d709cb328cedaf18c446af448f705c33d553e8c2e9f7,5170ec511fb50cdf10d648416d508574d70e9781ddf156a1b2a86d2b385e94dc,100,1729,maximum_nontransitivity_hybrid_gain,2000.0,3000.0
kata1-b6c96-s21371392-d3529696,38,2500.9522365449097,2371.2264519133646,2630.678021176455,2583.1844176865825,-82.23218114167275,2,a5803f8a5d9d87202b43d709cb328cedaf18c446af448f705c33d553e8c2e9f7,5170ec511fb50cdf10d648416d508574d70e9781ddf156a1b2a86d2b385e94dc,100,1729,maximum_nontransitivity_hybrid_gain,2000.0,3000.0
kata1-b6c96-s21371392-d3529696,40,2498.005298895606,2372.5052463501224,2623.5053514410893,2583.1844176865825,-85.17911879097664,2,a5803f8a5d9d87202b43d709cb328cedaf18c446af448f705c33d553e8c2e9f7,5170ec511fb50cdf10d648416d508574d70e9781ddf156a1b2a86d2b385e94dc,100,1729,maximum_nontransitivity_hybrid_gain,2000.0,3000.0
kata1-b6c96-s21371392-d3529696,42,2516.767987484431,2393.414510582388,2640.121464386474,2583.1844176865825,-66.41643020215133,2,a5803f8a5d9d87202b43d709cb328cedaf18c446af448f705c33d553e8c2e9f7,5170ec511fb50cdf10d648416d508574d70e9781ddf156a1b2a86d2b385e94dc,100,1729,maximum_nontransitivity_hybrid_gain,2000.0,3000.0
kata1-b6c96-s21371392-d3529696,44,2533.8273670615954,2412.319623185738,2655.335110937453,2583.1844176865825,-49.357050624987096,2,a5803f8a5d9d87202b43d709cb328cedaf18c446af448f705c33d553e8c2e9f7,5170ec511fb50cdf10d648416d508574d70e9781ddf156a1b2a86d2b385e94dc,100,1729,maximum_nontransitivity_hybrid_gain,2000.0,3000.0
kata1-b6c96-s21371392-d3529696,46,2549.45091978598,2429.5438721973396,2669.357967374621,2583.1844176865825,-33.73349790060229,2,a5803f8a5d9d87202b43d709cb328cedaf18c446af448f705c33d553e8c2e9f7,5170ec511fb50cdf10d648416d508574d70e9781ddf156a1b2a86d2b385e94dc,100,1729,maximum_nontransitivity_hybrid_gain,2000.0,3000.0
kata1-b6c96-s21371392-d3529696,48,2544.363756997368,2427.928674975934,2660.798839018802,2583.1844176865825,-38.82066068921449,2,a5803f8a5d9d87202b43d709cb328cedaf18c446af448f705c33d553e8c2e9f7,5170ec511fb50cdf10d648416d508574d70e9781ddf156a1b2a86d2b385e94dc,100,1729,maximum_nontransitivity_hybrid_gain,2000.0,3000.0
kata1-b6c96-s21371392-d3529696,50,2558.165980137266,2443.0642254460945,2673.267734828438,2583.1844176865825,-25.01843754931633,2,a5803f8a5d9d87202b43d709cb328cedaf18c446af448f705c33d553e8c2e9f7,5170ec511fb50cdf10d648416d508574d70e9781ddf156a1b2a86d2b385e94dc,100,1729,maximum_nontransitivity_hybrid_gain,2000.0,3000.0
kata1-b6c96-s21371392-d3529696,52,2535.7136917382236,2425.277156035835,2646.150227440612,2583.1844176865825,-47.470725948358904,2,a5803f8a5d9d87202b43d709cb328cedaf18c446af448f705c33d553e8c2e9f7,5170ec511fb50cdf10d648416d508574d70e9781ddf156a1b2a86d2b385e94dc,100,1729,maximum_nontransitivity_hybrid_gain,2000.0,3000.0
kata1-b6c96-s21371392-d3529696,54,2515.9619931417224,2409.310668195851,2622.6133180875936,2583.1844176865825,-67.22242454486013,2,a5803f8a5d9d87202b43d709cb328cedaf18c446af448f705c33d553e8c2e9f7,5170ec511fb50cdf10d648416d508574d70e9781ddf156a1b2a86d2b385e94dc,100,1729,maximum_nontransitivity_hybrid_gain,2000.0,3000.0
kata1-b6c96-s21371392-d3529696,56,2530.5005740917427,2425.0765303413614,2635.924617842124,2583.1844176865825,-52.6838435948398,2,a5803f8a5d9d87202b43d709cb328cedaf18c446af448f705c33d553e8c2e9f7,5170ec511fb50cdf10d648416d508574d70e9781ddf156a1b2a86d2b385e94dc,100,1729,maximum_nontransitivity_hybrid_gain,2000.0,3000.0
kata1-b6c96-s21371392-d3529696,58,2544.0532265562456,2439.731694621431,2648.37475849106,2583.1844176865825,-39.1311911303369,2,a5803f8a5d9d87202b43d709cb328cedaf18c446af448f705c33d553e8c2e9f7,5170ec511fb50cdf10d648416d508574d70e9781ddf156a1b2a86d2b385e94dc,100,1729,maximum_nontransitivity_hybrid_gain,2000.0,3000.0
kata1-b6c96-s21371392-d3529696,60,2556.7329393155987,2453.4058107955957,2660.060067835602,2583.1844176865825,-26.45147837098375,2,a5803f8a5d9d87202b43d709cb328cedaf18c446af448f705c33d553e8c2e9f7,5170ec511fb50cdf10d648416d508574d70e9781ddf156a1b2a86d2b385e94dc,100,1729,maximum_nontransitivity_hybrid_gain,2000.0,3000.0
kata1-b6c96-s21371392-d3529696,62,2568.6358666085634,2466.2090622279097,2671.062670989217,2583.1844176865825,-14.548551078019045,2,a5803f8a5d9d87202b43d709cb328cedaf18c446af448f705c33d553e8c2e9f7,5170ec511fb50cdf10d648416d508574d70e9781ddf156a1b2a86d2b385e94dc,100,1729,maximum_nontransitivity_hybrid_gain,2000.0,3000.0
kata1-b6c96-s21371392-d3529696,64,2565.701921534053,2465.38183459734,2666.0220084707657,2583.1844176865825,-17.48249615252962,2,a5803f8a5d9d87202b43d709cb328cedaf18c446af448f705c33d553e8c2e9f7,5170ec511fb50cdf10d648416d508574d70e9781ddf156a1b2a86d2b385e94dc,100,1729,maximum_nontransitivity_hybrid_gain,2000.0,3000.0
kata1-b6c96-s21371392-d3529696,66,2563.0045997458456,2464.639516175387,2661.369683316304,2583.1844176865825,-20.17981794073694,2,a5803f8a5d9d87202b43d709cb328cedaf18c446af448f705c33d553e8c2e9f7,5170ec511fb50cdf10d648416d508574d70e9781ddf156a1b2a86d2b385e94dc,100,1729,maximum_nontransitivity_hybrid_gain,2000.0,3000.0
kata1-b6c96-s21371392-d3529696,68,2560.502492995242,2463.9587657308275,2657.0462202596564,2583.1844176865825,-22.681924691340555,2,a5803f8a5d9d87202b43d709cb328cedaf18c446af448f705c33d553e8c2e9f7,5170ec511fb50cdf10d648416d508574d70e9781ddf156a1b2a86d2b385e94dc,100,1729,maximum_nontransitivity_hybrid_gain,2000.0,3000.0
kata1-b6c96-s21371392-d3529696,70,2570.65122306592,2474.8485523447357,2666.4538937871043,2583.1844176865825,-12.53319462066247,2,a5803f8a5d9d87202b43d709cb328cedaf18c446af448f705c33d553e8c2e9f7,5170ec511fb50cdf10d648416d508574d70e9781ddf156a1b2a86d2b385e94dc,100,1729,maximum_nontransitivity_hybrid_gain,2000.0,3000.0
kata1-b6c96-s21371392-d3529696,72,2568.0258137566752,2473.9017983557865,2662.149829157564,2583.1844176865825,-15.158603929907258,2,a5803f8a5d9d87202b43d709cb328cedaf18c446af448f705c33d553e8c2e9f7,5170ec511fb50cdf10d648416d508574d70e9781ddf156a1b2a86d2b385e94dc,100,1729,maximum_nontransitivity_hybrid_gain,2000.0,3000.0
kata1-b6c96-s21371392-d3529696,74,2565.596915148396,2473.045878612463,2658.1479516843287,2583.1844176865825,-17.587502538186527,2,a5803f8a5d9d87202b43d709cb328cedaf18c446af448f705c33d553e8c2e9f7,5170ec511fb50cdf10d648416d508574d70e9781ddf156a1b2a86d2b385e94dc,100,1729,maximum_nontransitivity_hybrid_gain,2000.0,3000.0
kata1-b6c96-s21371392-d3529696,76,2552.1784152039804,2461.8469187645105,2642.5099116434503,2583.1844176865825,-31.00600248260207,2,a5803f8a5d9d87202b43d709cb328cedaf18c446af448f705c33d553e8c2e9f7,5170ec511fb50cdf10d648416d508574d70e9781ddf156a1b2a86d2b385e94dc,100,1729,maximum_nontransitivity_hybrid_gain,2000.0,3000.0
kata1-b6c96-s21371392-d3529696,78,2564.671548917046,2474.8315697034177,2654.5115281306744,2583.1844176865825,-18.512868769536453,2,a5803f8a5d9d87202b43d709cb328cedaf18c446af448f705c33d553e8c2e9f7,5170ec511fb50cdf10d648416d508574d70e9781ddf156a1b2a86d2b385e94dc,100,1729,maximum_nontransitivity_hybrid_gain,2000.0,3000.0
kata1-b6c96-s21371392-d3529696,80,2555.17165526954,2467.15166063721,2643.1916499018703,2583.1844176865825,-28.012762417042268,2,a5803f8a5d9d87202b43d709cb328cedaf18c446af448f705c33d553e8c2e9f7,5170ec511fb50cdf10d648416d508574d70e9781ddf156a1b2a86d2b385e94dc,100,1729,maximum_nontransitivity_hybrid_gain,2000.0,3000.0
kata1-b6c96-s21371392-d3529696,82,2566.86269112887,2479.342339093619,2654.3830431641213,2583.1844176865825,-16.32172655771228,2,a5803f8a5d9d87202b43d709cb328cedaf18c446af448f705c33d553e8c2e9f7,5170ec511fb50cdf10d648416d508574d70e9781ddf156a1b2a86d2b385e94dc,100,1729,maximum_nontransitivity_hybrid_gain,2000.0,3000.0
kata1-b6c96-s21371392-d3529696,84,2578.047122357434,2491.001211242454,2665.0930334724144,2583.1844176865825,-5.137295329148401,2,a5803f8a5d9d87202b43d709cb328cedaf18c446af448f705c33d553e8c2e9f7,5170ec511fb50cdf10d648416d508574d70e9781ddf156a1b2a86d2b385e94dc,100,1729,maximum_nontransitivity_hybrid_gain,2000.0,3000.0
kata1-b6c96-s21371392-d3529696,86,2578.6982219528586,2492.7413354192313,2664.655108486486,2583.1844176865825,-4.486195733723889,2,a5803f8a5d9d87202b43d709cb328cedaf18c446af448f705c33d553e8c2e9f7,5170ec511fb50cdf10d648416d508574d70e9781ddf156a1b2a86d2b385e94dc,100,1729,maximum_nontransitivity_hybrid_gain,2000.0,3000.0
kata1-b6c96-s21371392-d3529696,88,2569.6916776175935,2485.3098206408818,2654.0735345943053,2583.1844176865825,-13.492740068988951,2,a5803f8a5d9d87202b43d709cb328cedaf18c446af448f705c33d553e8c2e9f7,5170ec511fb50cdf10d648416d508574d70e9781ddf156a1b2a86d2b385e94dc,100,1729,maximum_nontransitivity_hybrid_gain,2000.0,3000.0
kata1-b6c96-s21371392-d3529696,90,2570.540801014028,2487.124075064687,2653.957526963369,2583.1844176865825,-12.643616672554344,2,a5803f8a5d9d87202b43d709cb328cedaf18c446af448f705c33d553e8c2e9f7,5170ec511fb50cdf10d648416d508574d70e9781ddf156a1b2a86d2b385e94dc,100,1729,maximum_nontransitivity_hybrid_gain,2000.0,3000.0
kata1-b6c96-s21371392-d3529696,92,2571.3455732153448,2488.8572863392924,2653.833860091397,2583.1844176865825,-11.838844471237735,2,a5803f8a5d9d87202b43d709cb328cedaf18c446af448f705c33d553e8c2e9f7,5170ec511fb50cdf10d648416d508574d70e9781ddf156a1b2a86d2b385e94dc,100,1729,maximum_nontransitivity_hybrid_gain,2000.0,3000.0
kata1-b6c96-s21371392-d3529696,94,2580.994437128447,2498.966639577815,2663.022234679079,2583.1844176865825,-2.1899805581356304,2,a5803f8a5d9d87202b43d709cb328cedaf18c446af448f705c33d553e8c2e9f7,5170ec511fb50cdf10d648416d508574d70e9781ddf156a1b2a86d2b385e94dc,100,1729,maximum_nontransitivity_hybrid_gain,2000.0,3000.0
kata1-b6c96-s21371392-d3529696,96,2585.867782003618,2504.508220246524,2667.2273437607114,2583.1844176865825,2.6833643170352843,2,a5803f8a5d9d87202b43d709cb328cedaf18c446af448f705c33d553e8c2e9f7,5170ec511fb50cdf10d648416d508574d70e9781ddf156a1b2a86d2b385e94dc,100,1729,maximum_nontransitivity_hybrid_gain,2000.0,3000.0
kata1-b6c96-s21371392-d3529696,98,2577.728834651969,2497.6399479312176,2657.8177213727204,2583.1844176865825,-5.455583034613483,2,a5803f8a5d9d87202b43d709cb328cedaf18c446af448f705c33d553e8c2e9f7,5170ec511fb50cdf10d648416d508574d70e9781ddf156a1b2a86d2b385e94dc,100,1729,maximum_nontransitivity_hybrid_gain,2000.0,3000.0
kata1-b6c96-s21371392-d3529696,100,2570.0645130887224,2491.127161176552,2649.001865000893,2583.1844176865825,-13.119904597860113,2,a5803f8a5d9d87202b43d709cb328cedaf18c446af448f705c33d553e8c2e9f7,5170ec511fb50cdf10d648416d508574d70e9781ddf156a1b2a86d2b385e94dc,100,1729,maximum_nontransitivity_hybrid_gain,2000.0,3000.0
kata1-b6c96-s23401472-d3742377,2,2012.2987609418992,1528.398940374731,2496.1985815090675,2641.1801735242348,-628.8814125823355,2,a5803f8a5d9d87202b43d709cb328cedaf18c446af448f705c33d553e8c2e9f7,5170ec511fb50cdf10d648416d508574d70e9781ddf156a1b2a86d2b385e94dc,100,1729,maximum_nontransitivity_hybrid_gain,2000.0,3000.0
kata1-b6c96-s23401472-d3742377,4,2204.278599152718,1809.9423618553633,2598.6148364500727,2641.1801735242348,-436.90157437151674,2,a5803f8a5d9d87202b43d709cb328cedaf18c446af448f705c33d553e8c2e9f7,5170ec511fb50cdf10d648416d508574d70e9781ddf156a1b2a86d2b385e94dc,100,1729,maximum_nontransitivity_hybrid_gain,2000.0,3000.0
kata1-b6c96-s23401472-d3742377,6,2293.1750332330867,1919.7533988715973,2666.596667594576,2641.1801735242348,-348.0051402911481,2,a5803f8a5d9d87202b43d709cb328cedaf18c446af448f705c33d553e8c2e9f7,5170ec511fb50cdf10d648416d508574d70e9781ddf156a1b2a86d2b385e94dc,100,1729,maximum_nontransitivity_hybrid_gain,2000.0,3000.0
kata1-b6c96-s23401472-d3742377,8,2351.592772442257,1987.5880647062254,2715.597480178288,2641.1801735242348,-289.587401081978,2,a5803f8a5d9d87202b43d709cb328cedaf18c446af448f705c33d553e8c2e9f7,5170ec511fb50cdf10d648416d508574d70e9781ddf156a1b2a86d2b385e94dc,100,1729,maximum_nontransitivity_hybrid_gain,2000.0,3000.0
kata1-b6c96-s23401472-d3742377,10,2395.167008551477,2036.5381800038601,2753.7958370990937,2641.1801735242348,-246.01316497275775,2,a5803f8a5d9d87202b43d709cb328cedaf18c446af448f705c33d553e8c2e9f7,5170ec511fb50cdf10d648416d508574d70e9781ddf156a1b2a86d2b385e94dc,100,1729,maximum_nontransitivity_hybrid_gain,2000.0,3000.0
kata1-b6c96-s23401472-d3742377,12,2391.3498851306435,2104.38341637404,2678.3163538872473,2641.1801735242348,-249.83028839359122,2,a5803f8a5d9d87202b43d709cb328cedaf18c446af448f705c33d553e8c2e9f7,5170ec511fb50cdf10d648416d508574d70e9781ddf156a1b2a86d2b385e94dc,100,1729,maximum_nontransitivity_hybrid_gain,2000.0,3000.0
kata1-b6c96-s23401472-d3742377,14,2491.3860596615314,2210.09363472305,2772.678484600013,2641.1801735242348,-149.7941138627034,2,a5803f8a5d9d87202b43d709cb328cedaf18c446af448f705c33d553e8c2e9f7,5170ec511fb50cdf10d648416d508574d70e9781ddf156a1b2a86d2b385e94dc,100,1729,maximum_nontransitivity_hybrid_gain,2000.0,3000.0
kata1-b6c96-s23401472-d3742377,16,2537.61556395519,2280.0790042472454,2795.1521236631343,2641.1801735242348,-103.56460956904493,2,a5803f8a5d9d87202b43d709cb328cedaf18c446af448f705c33d553e8c2e9f7,5170ec511fb50cdf10d648416d508574d70e9781ddf156a1b2a86d2b385e94dc,100,1729,maximum_nontransitivity_hybrid_gain,2000.0,3000.0
kata1-b6c96-s23401472-d3742377,18,2473.666448964713,2257.0898354361548,2690.243062493271,2641.1801735242348,-167.51372455952196,2,a5803f8a5d9d87202b43d709cb328cedaf18c446af448f705c33d553e8c2e9f7,5170ec511fb50cdf10d648416d508574d70e9781ddf156a1b2a86d2b385e94dc,100,1729,maximum_nontransitivity_hybrid_gain,2000.0,3000.0
kata1-b6c96-s23401472-d3742377,20,2491.1532975647083,2289.913096347045,2692.3934987823714,2641.1801735242348,-150.02687595952648,2,a5803f8a5d9d87202b43d709cb328cedaf18c446af448f705c33d553e8c2e9f7,5170ec511fb50cdf10d648416d508574d70e9781ddf156a1b2a86d2b385e94dc,100,1729,maximum_nontransitivity_hybrid_gain,2000.0,3000.0
kata1-b6c96-s23401472-d3742377,22,2491.114604373658,2304.859074574768,2677.370134172548,2641.1801735242348,-150.06556915057672,2,a5803f8a5d9d87202b43d709cb328cedaf18c446af448f705c33d553e8c2e9f7,5170ec511fb50cdf10d648416d508574d70e9781ddf156a1b2a86d2b385e94dc,100,1729,maximum_nontransitivity_hybrid_gain,2000.0,3000.0
kata1-b6c96-s23401472-d3742377,24,2447.349800388409,2275.239001363759,2619.4605994130593,2641.1801735242348,-193.83037313582554,2,a5803f8a5d9d87202b43d709cb328cedaf18c446af448f705c33d553e8c2e9f7,5170ec511fb50cdf10d648416d508574d70e9781ddf156a1b2a86d2b385e94dc,100,1729,maximum_nontransitivity_hybrid_gain,2000.0,3000.0
kata1-b6c96-s23401472-d3742377,26,2479.3871684895803,2314.977587202203,2643.7967497769578,2641.1801735242348,-161.79300503465447,2,a5803f8a5d9d87202b43d709cb328cedaf18c446af448f705c33d553e8c2e9f7,5170ec511fb50cdf10d648416d508574d70e9781ddf156a1b2a86d2b385e94dc,100,1729,maximum_nontransitivity_hybrid_gain,2000.0,3000.0
kata1-b6c96-s23401472-d3742377,28,2505.870344228912,2347.267540512713,2664.473147945111,2641.1801735242348,-135.30982929532274,2,a5803f8a5d9d87202b43d709cb328cedaf18c446af448f705c33d553e8c2e9f7,5170ec511fb50cdf10d648416d508574d70e9781ddf156a1b2a86d2b385e94dc,100,1729,maximum_nontransitivity_hybrid_gain,2000.0,3000.0
kata1-b6c96-s23401472-d3742377,30,2528.4150905167267,2374.320206947393,2682.50997408606,2641.1801735242348,-112.76508300750811,2,a5803f8a5d9d87202b43d709cb328cedaf18c446af448f705c33d553e8c2e9f7,5170ec511fb50cdf10d648416d508574d70e9781ddf156a1b2a86d2b385e94dc,100,1729,maximum_nontransitivity_hybrid_gain,2000.0,3000.0
kata1-b6c96-s23401472-d3742377,32,2516.037152734042,2369.0853630099787,2662.9889424581056,2641.1801735242348,-125.14302079019262,2,a5803f8a5d9d87202b43d709cb328cedaf18c446af448f705c33d553e8c2e9f7,5170ec511fb50cdf10d648416d508574d70e9781ddf156a1b2a86d2b385e94dc,100,1729,maximum_nontransitivity_hybrid_gain,2000.0,3000.0
kata1-b6c96-s23401472-d3742377,34,2505.6174826886936,2364.845490939488,2646.389474437899,2641.1801735242348,-135.56269083554116,2,a5803f8a5d9d87202b43d709cb328cedaf18c446af448f705c33d553e8c2e9f7,5170ec511fb50cdf10d648416d508574d70e9781ddf156a1b2a86d2b385e94dc,100,1729,maximum_nontransitivity_hybrid_gain,2000.0,3000.0
kata1-b6c96-s23401472-d3742377,36,2523.535684058542,2385.736118527324,2661.3352495897598,2641.1801735242348,-117.64448946569291,2,a5803f8a5d9d87202b43d709cb328cedaf18c446af448f705c33d553e8c2e9f7,5170ec511fb50cdf10d648416d508574d70e9781ddf156a1b2a86d2b385e94dc,100,1729,maximum_nontransitivity_hybrid_gain,2000.0,3000.0
kata1-b6c96-s23401472-d3742377,38,2513.8595520347044,2381.224837980952,2646.4942660884567,2641.1801735242348,-127.32062148953037,2,a5803f8a5d9d87202b43d709cb328cedaf18c446af448f705c33d553e8c2e9f7,5170ec511fb50cdf10d648416d508574d70e9781ddf156a1b2a86d2b385e94dc,100,1729,maximum_nontransitivity_hybrid_gain,2000.0,3000.0
kata1-b6c96-s23401472-d3742377,40,2505.4645762225828,2377.4046846224173,2633.524467822748,2641.1801735242348,-135.715597301652,2,a5803f8a5d9d87202b43d709cb328cedaf18c446af448f705c33d553e8c2e9f7,5170ec511fb50cdf10d648416d508574d70e9781ddf156a1b2a86d2b385e94dc,100,1729,maximum_nontransitivity_hybrid_gain,2000.0,3000.0
kata1-b6c96-s23401472-d3742377,42,2520.325787961509,2394.401875179013,2646.2497007440047,2641.1801735242348,-120.85438556272584,2,a5803f8a5d9d87202b43d709cb328cedaf18c446af448f705c33d553e8c2e9f7,5170ec511fb50cdf10d648416d508574d70e9781ddf156a1b2a86d2b385e94dc,100,1729,maximum_nontransitivity_hybrid_gain,2000.0,3000.0
kata1-b6c96-s23401472-d3742377,44,2533.9134313339696,2409.828678920463,2657.998183747476,2641.1801735242348,-107.26674219026518,2,a5803f8a5d9d87202b43d709cb328cedaf18c446af448f705c33d553e8c2e9f7,5170ec511fb50cdf10d648416d508574d70e9781ddf156a1b2a86d2b385e94dc,100,1729,maximum_nontransitivity_hybrid_gain,2000.0,3000.0
kata1-b6c96-s23401472-d3742377,46,2525.521218324923,2405.2688767243626,2645.773559925484,2641.1801735242348,-115.65895519931155,2,a5803f8a5d9d87202b43d709cb328cedaf18c446af448f705c33d553e8c2e9f7,5170ec511fb50cdf10d648416d508574d70e9781ddf156a1b2a86d2b385e94dc,100,1729,maximum_nontransitivity_hybrid_gain,2000.0,3000.0
kata1-b6c96-s23401472-d3742377,48,2518.050769244199,2401.2515161688216,2634.850022319576,2641.1801735242348,-123.12940428003594,2,a5803f8a5d9d87202b43d709cb328cedaf18c446af448f705c33d553e8c2e9f7,5170ec511fb50cdf10d648416d508574d70e9781ddf156a1b2a86d2b385e94dc,100,1729,maximum_nontransitivity_hybrid_gain,2000.0,3000.0
kata1-b6c96-s23401472-d3742377,50,2520.5071025335933,2406.028076758501,2634.9861283086857,2641.1801735242348,-120.67307099064146,2,a5803f8a5d9d87202b43d709cb328cedaf18c446af448f705c33d553e8c2e9f7,5170ec511fb50cdf10d648416d508574d70e9781ddf156a1b2a86d2b385e94dc,100,1729,maximum_nontransitivity_hybrid_gain,2000.0,3000.0
kata1-b6c96-s23401472-d3742377,52,2531.689997160672,2418.5209478407464,2644.859046480598,2641.1801735242348,-109.49017636356257,2,a5803f8a5d9d87202b43d709cb328cedaf18c446af448f705c33d553e8c2e9f7,5170ec511fb50cdf10d648416d508574d70e9781ddf156a1b2a86d2b385e94dc,100,1729,maximum_nontransitivity_hybrid_gain,2000.0,3000.0
kata1-b6c96-s23401472-d3742377,54,2521.186131718252,2411.5928852952743,2630.7793781412297,2641.1801735242348,-119.99404180598276,2,a5803f8a5d9d87202b43d709cb328cedaf18c446af448f705c33d553e8c2e9f7,5170ec511fb50cdf10d648416d508574d70e9781ddf156a1b2a86d2b385e94dc,100,1729,maximum_nontransitivity_hybrid_gain,2000.0,3000.0
kata1-b6c96-s23401472-d3742377,56,2531.375167411838,2422.9392814809344,2639.8110533427416,2641.1801735242348,-109.80500611239677,2,a5803f8a5d9d87202b43d709cb328cedaf18c446af448f705c33d553e8c2e9f7,5170ec511fb50cdf10d648416d508574d70e9781ddf156a1b2a86d2b385e94dc,100,1729,maximum_nontransitivity_hybrid_gain,2000.0,3000.0
kata1-b6c96-s23401472-d3742377,58,2540.953573133834,2433.5577314540346,2648.3494148136338,2641.1801735242348,-100.22660039040056,2,a5803f8a5d9d87202b43d709cb328cedaf18c446af448f705c33d553e8c2e9f7,5170ec511fb50cdf10d648416d508574d70e9781ddf156a1b2a86d2b385e94dc,100,1729,maximum_nontransitivity_hybrid_gain,2000.0,3000.0
kata1-b6c96-s23401472-d3742377,60,2549.9907866270646,2443.534518429705,2656.4470548244244,2641.1801735242348,-91.18938689717015,2,a5803f8a5d9d87202b43d709cb328cedaf18c446af448f705c33d553e8c2e9f7,5170ec511fb50cdf10d648416d508574d70e9781ddf156a1b2a86d2b385e94dc,100,1729,maximum_nontransitivity_hybrid_gain,2000.0,3000.0
kata1-b6c96-s23401472-d3742377,62,2532.546436939519,2429.83707358863,2635.255800290408,2641.1801735242348,-108.63373658471573,2,a5803f8a5d9d87202b43d709cb328cedaf18c446af448f705c33d553e8c2e9f7,5170ec511fb50cdf10d648416d508574d70e9781ddf156a1b2a86d2b385e94dc,100,1729,maximum_nontransitivity_hybrid_gain,2000.0,3000.0
kata1-b6c96-s23401472-d3742377,64,2526.87304092363,2426.272611816791,2627.473470030469,2641.1801735242348,-114.30713260060475,2,a5803f8a5d9d87202b43d709cb328cedaf18c446af448f705c33d553e8c2e9f7,5170ec511fb50cdf10d648416d508574d70e9781ddf156a1b2a86d2b385e94dc,100,1729,maximum_nontransitivity_hybrid_gain,2000.0,3000.0
kata1-b6c96-s23401472-d3742377,66,2535.1948290970176,2435.4349196629714,2634.954738531064,2641.1801735242348,-105.98534442721711,2,a5803f8a5d9d87202b43d709cb328cedaf18c446af448f705c33d553e8c2e9f7,5170ec511fb50cdf10d648416d508574d70e9781ddf156a1b2a86d2b385e94dc,100,1729,maximum_nontransitivity_hybrid_gain,2000.0,3000.0
kata1-b6c96-s23401472-d3742377,68,2543.105019531372,2444.114043800905,2642.0959952618387,2641.1801735242348,-98.07515399286285,2,a5803f8a5d9d87202b43d709cb328cedaf18c446af448f705c33d553e8c2e9f7,5170ec511fb50cdf10d648416d508574d70e9781ddf156a1b2a86d2b385e94dc,100,1729,maximum_nontransitivity_hybrid_gain,2000.0,3000.0
kata1-b6c96-s23401472-d3742377,70,2541.207155866373,2444.0842446226857,2638.33006711006,2641.1801735242348,-99.97301765786187,2,a5803f8a5d9d87202b43d709cb328cedaf18c446af448f705c33d553e8c2e9f7,5170ec511fb50cdf10d648416d508574d70e9781ddf156a1b2a86d2b385e94dc,100,1729,maximum_nontransitivity_hybrid_gain,2000.0,3000.0
kata1-b6c96-s23401472-d3742377,72,2548.502760042625,2452.0658694389695,2644.939650646281,2641.1801735242348,-92.67741348160962,2,a5803f8a5d9d87202b43d709cb328cedaf18c446af448f705c33d553e8c2e9f7,5170ec511fb50cdf10d648416d508574d70e9781ddf156a1b2a86d2b385e94dc,100,1729,maximum_nontransitivity_hybrid_gain,2000.0,3000.0
kata1-b6c96-s23401472-d3742377,74,2546.536042373741,2451.8238670119385,2641.2482177355437,2641.1801735242348,-94.64413115049365,2,a5803f8a5d9d87202b43d709cb328cedaf18c446af448f705c33d553e8c2e9f7,5170ec511fb50cdf10d648416d508574d70e9781ddf156a1b2a86d2b385e94dc,100,1729,maximum_nontransitivity_hybrid_gain,2000.0,3000.0
kata1-b6c96-s23401472-d3742377,76,2553.303282477936,2459.207544824761,2647.3990201311112,2641.1801735242348,-87.87689104629862,2,a5803f8a5d9d87202b43d709cb328cedaf18c446af448f705c33d553e8c2e9f7,5170ec511fb50cdf10d648416d508574d70e9781ddf156a1b2a86d2b385e94dc,100,1729,maximum_nontransitivity_hybrid_gain,2000.0,3000.0
kata1-b6c96-s23401472-d3742377,78,2563.1384196305867,2469.59945030246,2656.6773889587134,2641.1801735242348,-78.04175389364809,2,a5803f8a5d9d87202b43d709cb328cedaf18c446af448f705c33d553e8c2e9f7,5170ec511fb50cdf10d648416d508574d70e9781ddf156a1b2a86d2b385e94dc,100,1729,maximum_nontransitivity_hybrid_gain,2000.0,3000.0
kata1-b6c96-s23401472-d3742377,80,2572.5161792352083,2479.4988555691407,2665.533502901276,2641.1801735242348,-68.6639942890265,2,a5803f8a5d9d87202b43d709cb328cedaf18c446af448f705c33d553e8c2e9f7,5170ec511fb50cdf10d648416d508574d70e9781ddf156a1b2a86d2b385e94dc,100,1729,maximum_nontransitivity_hybrid_gain,2000.0,3000.0
kata1-b6c96-s23401472-d3742377,82,2572.7757873840924,2481.166392580453,2664.385182187732,2641.1801735242348,-68.40438614014238,2,a5803f8a5d9d87202b43d709cb328cedaf18c446af448f705c33d553e8c2e9f7,5170ec511fb50cdf10d648416d508574d70e9781ddf156a1b2a86d2b385e94dc,100,1729,maximum_nontransitivity_hybrid_gain,2000.0,3000.0
kata1-b6c96-s23401472-d3742377,84,2561.9669220268647,2472.599860478986,2651.3339835747433,2641.1801735242348,-79.21325149737004,2,a5803f8a5d9d87202b43d709cb328cedaf18c446af448f705c33d553e8c2e9f7,5170ec511fb50cdf10d648416d508574d70e9781ddf156a1b2a86d2b385e94dc,100,1729,maximum_nontransitivity_hybrid_gain,2000.0,3000.0
kata1-b6c96-s23401472-d3742377,86,2567.580047336584,2478.715935954641,2656.444158718527,2641.1801735242348,-73.60012618765086,2,a5803f8a5d9d87202b43d709cb328cedaf18c446af448f705c33d553e8c2e9f7,5170ec511fb50cdf10d648416d508574d70e9781ddf156a1b2a86d2b385e94dc,100,1729,maximum_nontransitivity_hybrid_gain,2000.0,3000.0
kata1-b6c96-s23401472-d3742377,88,2572.994211228622,2484.601150346436,2661.387272110808,2641.1801735242348,-68.18596229561263,2,a5803f8a5d9d87202b43d709cb328cedaf18c446af448f705c33d553e8c2e9f7,5170ec511fb50cdf10d648416d508574d70e9781ddf156a1b2a86d2b385e94dc,100,1729,maximum_nontransitivity_hybrid_gain,2000.0,3000.0
kata1-b6c96-s23401472-d3742377,90,2578.2234195273445,2490.272456113069,2666.17438294162,2641.1801735242348,-62.95675399689026,2,a5803f8a5d9d87202b43d709cb328cedaf18c446af448f705c33d553e8c2e9f7,5170ec511fb50cdf10d648416d508574d70e9781ddf156a1b2a86d2b385e94dc,100,1729,maximum_nontransitivity_hybrid_gain,2000.0,3000.0
kata1-b6c96-s23401472-d3742377,92,2568.1607565869267,2482.2005779110214,2654.120935262832,2641.1801735242348,-73.01941693730805,2,a5803f8a5d9d87202b43d709cb328cedaf18c446af448f705c33d553e8c2e9f7,5170ec511fb50cdf10d648416d508574d70e9781ddf156a1b2a86d2b385e94dc,100,1729,maximum_nontransitivity_hybrid_gain,2000.0,3000.0
kata1-b6c96-s23401472-d3742377,94,2573.1779582661766,2487.642996605282,2658.712919927071,2641.1801735242348,-68.00221525805819,2,a5803f8a5d9d87202b43d709cb328cedaf18c446af448f705c33d553e8c2e9f7,5170ec511fb50cdf10d648416d508574d70e9781ddf156a1b2a86d2b385e94dc,100,1729,maximum_nontransitivity_hybrid_gain,2000.0,3000.0
kata1-b6c96-s23401472-d3742377,96,2573.205387065119,2488.4687944721845,2657.9419796580532,2641.1801735242348,-67.97478645911588,2,a5803f8a5d9d87202b43d709cb328cedaf18c446af448f705c33d553e8c2e9f7,5170ec511fb50cdf10d648416d508574d70e9781ddf156a1b2a86d2b385e94dc,100,1729,maximum_nontransitivity_hybrid_gain,2000.0,3000.0
kata1-b6c96-s23401472-d3742377,98,2568.5496913557645,2484.9571581942478,2652.142224517281,2641.1801735242348,-72.63048216847028,2,a5803f8a5d9d87202b43d709cb328cedaf18c446af448f705c33d553e8c2e9f7,5170ec511fb50cdf10d648416d508574d70e9781ddf156a1b2a86d2b385e94dc,100,1729,maximum_nontransitivity_hybrid_gain,2000.0,3000.0
kata1-b6c96-s23401472-d3742377,100,2573.2573249223947,2490.041762064708,2656.4728877800812,2641.1801735242348,-67.92284860184009,2,a5803f8a5d9d87202b43d709cb328cedaf18c446af448f705c33d553e8c2e9f7,5170ec511fb50cdf10d648416d508574d70e9781ddf156a1b2a86d2b385e94dc,100,1729,maximum_nontransitivity_hybrid_gain,2000.0,3000.0
kata1-b6c96-s27415296-d4256697,2,2847.848182528185,414.60892769056863,5281.087437365802,2790.4567509140643,57.39143161412085,2,a5803f8a5d9d87202b43d709cb328cedaf18c446af448f705c33d553e8c2e9f7,5170ec511fb50cdf10d648416d508574d70e9781ddf156a1b2a86d2b385e94dc,100,1729,maximum_nontransitivity_hybrid_gain,2000.0,3000.0
kata1-b6c96-s27415296-d4256697,4,2431.0060757974466,1811.5078613063802,3050.504290288513,2790.4567509140643,-359.45067511661773,2,a5803f8a5d9d87202b43d709cb328cedaf18c446af448f705c33d553e8c2e9f7,5170ec511fb50cdf10d648416d508574d70e9781ddf156a1b2a86d2b385e94dc,100,1729,maximum_nontransitivity_hybrid_gain,2000.0,3000.0
kata1-b6c96-s27415296-d4256697,6,2497.567150374602,1973.348800819932,3021.785499929272,2790.4567509140643,-292.8896005394622,2,a5803f8a5d9d87202b43d709cb328cedaf18c446af448f705c33d553e8c2e9f7,5170ec511fb50cdf10d648416d508574d70e9781ddf156a1b2a86d2b385e94dc,100,1729,maximum_nontransitivity_hybrid_gain,2000.0,3000.0
kata1-b6c96-s27415296-d4256697,8,2691.3471010716344,2321.351277727077,3061.3429244161916,2790.4567509140643,-99.10964984242992,2,a5803f8a5d9d87202b43d709cb328cedaf18c446af448f705c33d553e8c2e9f7,5170ec511fb50cdf10d648416d508574d70e9781ddf156a1b2a86d2b385e94dc,100,1729,maximum_nontransitivity_hybrid_gain,2000.0,3000.0
kata1-b6c96-s27415296-d4256697,10,2692.223739544043,2397.9039158021164,2986.5435632859694,2790.4567509140643,-98.23301137002136,2,a5803f8a5d9d87202b43d709cb328cedaf18c446af448f705c33d553e8c2e9f7,5170ec511fb50cdf10d648416d508574d70e9781ddf156a1b2a86d2b385e94dc,100,1729,maximum_nontransitivity_hybrid_gain,2000.0,3000.0
kata1-b6c96-s27415296-d4256697,12,2789.126737948535,2527.90182319861,3050.3516526984595,2790.4567509140643,-1.3300129655294768,2,a5803f8a5d9d87202b43d709cb328cedaf18c446af448f705c33d553e8c2e9f7,5170ec511fb50cdf10d648416d508574d70e9781ddf156a1b2a86d2b385e94dc,100,1729,maximum_nontransitivity_hybrid_gain,2000.0,3000.0
kata1-b6c96-s27415296-d4256697,14,2726.5331997455028,2498.1353235403444,2954.931075950661,2790.4567509140643,-63.92355116856152,2,a5803f8a5d9d87202b43d709cb328cedaf18c446af448f705c33d553e8c2e9f7,5170ec511fb50cdf10d648416d508574d70e9781ddf156a1b2a86d2b385e94dc,100,1729,maximum_nontransitivity_hybrid_gain,2000.0,3000.0
kata1-b6c96-s27415296-d4256697,16,2749.6779388447085,2540.5361551721044,2958.8197225173126,2790.4567509140643,-40.77881206935581,2,a5803f8a5d9d87202b43d709cb328cedaf18c446af448f705c33d553e8c2e9f7,5170ec511fb50cdf10d648416d508574d70e9781ddf156a1b2a86d2b385e94dc,100,1729,maximum_nontransitivity_hybrid_gain,2000.0,3000.0
kata1-b6c96-s27415296-d4256697,18,2766.162447232376,2572.594200509412,2959.73069395534,2790.4567509140643,-24.294303681688234,2,a5803f8a5d9d87202b43d709cb328cedaf18c446af448f705c33d553e8c2e9f7,5170ec511fb50cdf10d648416d508574d70e9781ddf156a1b2a86d2b385e94dc,100,1729,maximum_nontransitivity_hybrid_gain,2000.0,3000.0
kata1-b6c96-s27415296-d4256697,20,2730.3975362095503,2547.897248665648,2912.8978237534525,2790.4567509140643,-60.059214704514034,2,a5803f8a5d9d87202b43d709cb328cedaf18c446af448f705c33d553e8c2e9f7,5170ec511fb50cdf10d648416d508574d70e9781ddf156a1b2a86d2b385e94dc,100,1729,maximum_nontransitivity_hybrid_gain,2000.0,3000.0
kata1-b6c96-s27415296-d4256697,22,2745.4546871784446,2573.8242338545724,2917.085140502317,2790.4567509140643,-45.002063735619686,2,a5803f8a5d9d87202b43d709cb328cedaf18c446af448f705c33d553e8c2e9f7,5170ec511fb50cdf10d648416d508574d70e9781ddf156a1b2a86d2b385e94dc,100,1729,maximum_nontransitivity_hybrid_gain,2000.0,3000.0
kata1-b6c96-s27415296-d4256697,24,2795.2238631473247,2633.876615111419,2956.57111118323,2790.4567509140643,4.767112233260377,2,a5803f8a5d9d87202b43d709cb328cedaf18c446af448f705c33d553e8c2e9f7,5170ec511fb50cdf10d648416d508574d70e9781ddf156a1b2a86d2b385e94dc,100,1729,maximum_nontransitivity_hybrid_gain,2000.0,3000.0
kata1-b6c96-s27415296-d4256697,26,2767.060060983461,2612.4227906945935,2921.6973312723285,2790.4567509140643,-23.396689930603316,2,a5803f8a5d9d87202b43d709cb328cedaf18c446af448f705c33d553e8c2e9f7,5170ec511fb50cdf10d648416d508574d70e9781ddf156a1b2a86d2b385e94dc,100,1729,maximum_nontransitivity_hybrid_gain,2000.0,3000.0
kata1-b6c96-s27415296-d4256697,28,2743.341727909287,2593.77565331156,2892.907802507014,2790.4567509140643,-47.11502300477741,2,a5803f8a5d9d87202b43d709cb328cedaf18c446af448f705c33d553e8c2e9f7,5170ec511fb50cdf10d648416d508574d70e9781ddf156a1b2a86d2b385e94dc,100,1729,maximum_nontransitivity_hybrid_gain,2000.0,3000.0
kata1-b6c96-s27415296-d4256697,30,2722.8531511674037,2577.2758232662964,2868.430479068511,2790.4567509140643,-67.60359974666062,2,a5803f8a5d9d87202b43d709cb328cedaf18c446af448f705c33d553e8c2e9f7,5170ec511fb50cdf10d648416d508574d70e9781ddf156a1b2a86d2b385e94dc,100,1729,maximum_nontransitivity_hybrid_gain,2000.0,3000.0
kata1-b6c96-s27415296-d4256697,32,2733.2025068108387,2593.45538819006,2872.9496254316173,2790.4567509140643,-57.254244103225574,2,a5803f8a5d9d87202b43d709cb328cedaf18c446af448f705c33d553e8c2e9f7,5170ec511fb50cdf10d648416d508574d70e9781ddf156a1b2a86d2b385e94dc,100,1729,maximum_nontransitivity_hybrid_gain,2000.0,3000.0
kata1-b6c96-s27415296-d4256697,34,2715.9131087016854,2579.119290389627,2852.7069270137436,2790.4567509140643,-74.54364221237893,2,a5803f8a5d9d87202b43d709cb328cedaf18c446af448f705c33d553e8c2e9f7,5170ec511fb50cdf10d648416d508574d70e9781ddf156a1b2a86d2b385e94dc,100,1729,maximum_nontransitivity_hybrid_gain,2000.0,3000.0
kata1-b6c96-s27415296-d4256697,36,2700.3793632277425,2566.057303605386,2834.701422850099,2790.4567509140643,-90.0773876863218,2,a5803f8a5d9d87202b43d709cb328cedaf18c446af448f705c33d553e8c2e9f7,5170ec511fb50cdf10d648416d508574d70e9781ddf156a1b2a86d2b385e94dc,100,1729,maximum_nontransitivity_hybrid_gain,2000.0,3000.0
kata1-b6c96-s27415296-d4256697,38,2686.2756986051613,2554.0576098878005,2818.493787322522,2790.4567509140643,-104.18105230890296,2,a5803f8a5d9d87202b43d709cb328cedaf18c446af448f705c33d553e8c2e9f7,5170ec511fb50cdf10d648416d508574d70e9781ddf156a1b2a86d2b385e94dc,100,1729,maximum_nontransitivity_hybrid_gain,2000.0,3000.0
kata1-b6c96-s27415296-d4256697,40,2673.3593221890833,2542.9573673733676,2803.761277004799,2790.4567509140643,-117.097428724981,2,a5803f8a5d9d87202b43d709cb328cedaf18c446af448f705c33d553e8c2e9f7,5170ec511fb50cdf10d648416d508574d70e9781ddf156a1b2a86d2b385e94dc,100,1729,maximum_nontransitivity_hybrid_gain,2000.0,3000.0
kata1-b6c96-s27415296-d4256697,42,2661.4443979340995,2532.6286919354025,2790.2601039327965,2790.4567509140643,-129.01235297996482,2,a5803f8a5d9d87202b43d709cb328cedaf18c446af448f705c33d553e8c2e9f7,5170ec511fb50cdf10d648416d508574d70e9781ddf156a1b2a86d2b385e94dc,100,1729,maximum_nontransitivity_hybrid_gain,2000.0,3000.0
kata1-b6c96-s27415296-d4256697,44,2661.696843870313,2535.8279352908407,2787.565752449785,2790.4567509140643,-128.75990704375135,2,a5803f8a5d9d87202b43d709cb328cedaf18c446af448f705c33d553e8c2e9f7,5170ec511fb50cdf10d648416d508574d70e9781ddf156a1b2a86d2b385e94dc,100,1729,maximum_nontransitivity_hybrid_gain,2000.0,3000.0
kata1-b6c96-s27415296-d4256697,46,2672.4538301044495,2550.6599552153043,2794.2477049935947,2790.4567509140643,-118.0029208096148,2,a5803f8a5d9d87202b43d709cb328cedaf18c446af448f705c33d553e8c2e9f7,5170ec511fb50cdf10d648416d508574d70e9781ddf156a1b2a86d2b385e94dc,100,1729,maximum_nontransitivity_hybrid_gain,2000.0,3000.0
kata1-b6c96-s27415296-d4256697,48,2693.097676606708,2576.783859418604,2809.4114937948116,2790.4567509140643,-97.35907430735642,2,a5803f8a5d9d87202b43d709cb328cedaf18c446af448f705c33d553e8c2e9f7,5170ec511fb50cdf10d648416d508574d70e9781ddf156a1b2a86d2b385e94dc,100,1729,maximum_nontransitivity_hybrid_gain,2000.0,3000.0
kata1-b6c96-s27415296-d4256697,50,2682.908147349929,2567.8386793542804,2797.9776153455778,2790.4567509140643,-107.54860356413519,2,a5803f8a5d9d87202b43d709cb328cedaf18c446af448f705c33d553e8c2e9f7,5170ec511fb50cdf10d648416d508574d70e9781ddf156a1b2a86d2b385e94dc,100,1729,maximum_nontransitivity_hybrid_gain,2000.0,3000.0
kata1-b6c96-s27415296-d4256697,52,2708.2019232376806,2597.7097124155343,2818.694134059827,2790.4567509140643,-82.25482767638368,2,a5803f8a5d9d87202b43d709cb328cedaf18c446af448f705c33d553e8c2e9f7,5170ec511fb50cdf10d648416d508574d70e9781ddf156a1b2a86d2b385e94dc,100,1729,maximum_nontransitivity_hybrid_gain,2000.0,3000.0
kata1-b6c96-s27415296-d4256697,54,2707.4960671623094,2599.395398364229,2815.5967359603897,2790.4567509140643,-82.96068375175491,2,a5803f8a5d9d87202b43d709cb328cedaf18c446af448f705c33d553e8c2e9f7,5170ec511fb50cdf10d648416d508574d70e9781ddf156a1b2a86d2b385e94dc,100,1729,maximum_nontransitivity_hybrid_gain,2000.0,3000.0
kata1-b6c96-s27415296-d4256697,56,2691.0491783399907,2583.939428534181,2798.1589281458005,2790.4567509140643,-99.40757257407358,2,a5803f8a5d9d87202b43d709cb328cedaf18c446af448f705c33d553e8c2e9f7,5170ec511fb50cdf10d648416d508574d70e9781ddf156a1b2a86d2b385e94dc,100,1729,maximum_nontransitivity_hybrid_gain,2000.0,3000.0
kata1-b6c96-s27415296-d4256697,58,2706.2594105116905,2602.476139622001,2810.04268140138,2790.4567509140643,-84.19734040237381,2,a5803f8a5d9d87202b43d709cb328cedaf18c446af448f705c33d553e8c2e9f7,5170ec511fb50cdf10d648416d508574d70e9781ddf156a1b2a86d2b385e94dc,100,1729,maximum_nontransitivity_hybrid_gain,2000.0,3000.0
kata1-b6c96-s27415296-d4256697,60,2697.8011949336733,2595.0261612239706,2800.576228643376,2790.4567509140643,-92.655555980391,2,a5803f8a5d9d87202b43d709cb328cedaf18c446af448f705c33d553e8c2e9f7,5170ec511fb50cdf10d648416d508574d70e9781ddf156a1b2a86d2b385e94dc,100,1729,maximum_nontransitivity_hybrid_gain,2000.0,3000.0
kata1-b6c96-s27415296-d4256697,62,2689.7932426902207,2587.9351835075995,2791.651301872842,2790.4567509140643,-100.66350822384356,2,a5803f8a5d9d87202b43d709cb328cedaf18c446af448f705c33d553e8c2e9f7,5170ec511fb50cdf10d648416d508574d70e9781ddf156a1b2a86d2b385e94dc,100,1729,maximum_nontransitivity_hybrid_gain,2000.0,3000.0
kata1-b6c96-s27415296-d4256697,64,2709.3352875728024,2610.406210747232,2808.264364398373,2790.4567509140643,-81.12146334126192,2,a5803f8a5d9d87202b43d709cb328cedaf18c446af448f705c33d553e8c2e9f7,5170ec511fb50cdf10d648416d508574d70e9781ddf156a1b2a86d2b385e94dc,100,1729,maximum_nontransitivity_hybrid_gain,2000.0,3000.0
kata1-b6c96-s27415296-d4256697,66,2721.593527943447,2625.086007727099,2818.101048159795,2790.4567509140643,-68.86322297061724,2,a5803f8a5d9d87202b43d709cb328cedaf18c446af448f705c33d553e8c2e9f7,5170ec511fb50cdf10d648416d508574d70e9781ddf156a1b2a86d2b385e94dc,100,1729,maximum_nontransitivity_hybrid_gain,2000.0,3000.0
kata1-b6c96-s27415296-d4256697,68,2732.8074480277683,2638.4005181963603,2827.2143778591762,2790.4567509140643,-57.64930288629603,2,a5803f8a5d9d87202b43d709cb328cedaf18c446af448f705c33d553e8c2e9f7,5170ec511fb50cdf10d648416d508574d70e9781ddf156a1b2a86d2b385e94dc,100,1729,maximum_nontransitivity_hybrid_gain,2000.0,3000.0
kata1-b6c96-s27415296-d4256697,70,2743.141792438258,2650.57638802312,2835.707196853396,2790.4567509140643,-47.31495847580618,2,a5803f8a5d9d87202b43d709cb328cedaf18c446af448f705c33d553e8c2e9f7,5170ec511fb50cdf10d648416d508574d70e9781ddf156a1b2a86d2b385e94dc,100,1729,maximum_nontransitivity_hybrid_gain,2000.0,3000.0
kata1-b6c96-s27415296-d4256697,72,2752.725556226621,2661.789319660484,2843.6617927927578,2790.4567509140643,-37.73119468744335,2,a5803f8a5d9d87202b43d709cb328cedaf18c446af448f705c33d553e8c2e9f7,5170ec511fb50cdf10d648416d508574d70e9781ddf156a1b2a86d2b385e94dc,100,1729,maximum_nontransitivity_hybrid_gain,2000.0,3000.0
kata1-b6c96-s27415296-d4256697,74,2750.8642739221173,2661.1244274881833,2840.604120356051,2790.4567509140643,-39.592476991947024,2,a5803f8a5d9d87202b43d709cb328cedaf18c446af448f705c33d553e8c2e9f7,5170ec511fb50cdf10d648416d508574d70e9781ddf156a1b2a86d2b385e94dc,100,1729,maximum_nontransitivity_hybrid_gain,2000.0,3000.0
kata1-b6c96-s27415296-d4256697,76,2754.359598041381,2665.8924723176683,2842.826723765094,2790.4567509140643,-36.09715287268318,2,a5803f8a5d9d87202b43d709cb328cedaf18c446af448f705c33d553e8c2e9f7,5170ec511fb50cdf10d648416d508574d70e9781ddf156a1b2a86d2b385e94dc,100,1729,maximum_nontransitivity_hybrid_gain,2000.0,3000.0
kata1-b6c96-s27415296-d4256697,78,2752.561056021848,2665.1852588108327,2839.936853232863,2790.4567509140643,-37.8956948922164,2,a5803f8a5d9d87202b43d709cb328cedaf18c446af448f705c33d553e8c2e9f7,5170ec511fb50cdf10d648416d508574d70e9781ddf156a1b2a86d2b385e94dc,100,1729,maximum_nontransitivity_hybrid_gain,2000.0,3000.0
kata1-b6c96-s27415296-d4256697,80,2760.751494901169,2674.599858219892,2846.9031315824454,2790.4567509140643,-29.70525601289546,2,a5803f8a5d9d87202b43d709cb328cedaf18c446af448f705c33d553e8c2e9f7,5170ec511fb50cdf10d648416d508574d70e9781ddf156a1b2a86d2b385e94dc,100,1729,maximum_nontransitivity_hybrid_gain,2000.0,3000.0
kata1-b6c96-s27415296-d4256697,82,2758.8737270265788,2673.7172311041822,2844.0302229489753,2790.4567509140643,-31.583023887485524,2,a5803f8a5d9d87202b43d709cb328cedaf18c446af448f705c33d553e8c2e9f7,5170ec511fb50cdf10d648416d508574d70e9781ddf156a1b2a86d2b385e94dc,100,1729,maximum_nontransitivity_hybrid_gain,2000.0,3000.0
kata1-b6c96-s27415296-d4256697,84,2752.176369295475,2667.816971560727,2836.5357670302233,2790.4567509140643,-38.28038161858922,2,a5803f8a5d9d87202b43d709cb328cedaf18c446af448f705c33d553e8c2e9f7,5170ec511fb50cdf10d648416d508574d70e9781ddf156a1b2a86d2b385e94dc,100,1729,maximum_nontransitivity_hybrid_gain,2000.0,3000.0
kata1-b6c96-s27415296-d4256697,86,2759.758379878309,2676.4700360177285,2843.0467237388893,2790.4567509140643,-30.698371035755372,2,a5803f8a5d9d87202b43d709cb328cedaf18c446af448f705c33d553e8c2e9f7,5170ec511fb50cdf10d648416d508574d70e9781ddf156a1b2a86d2b385e94dc,100,1729,maximum_nontransitivity_hybrid_gain,2000.0,3000.0
kata1-b6c96-s27415296-d4256697,88,2758.0438001175066,2675.641458965348,2840.446141269665,2790.4567509140643,-32.41295079655765,2,a5803f8a5d9d87202b43d709cb328cedaf18c446af448f705c33d553e8c2e9f7,5170ec511fb50cdf10d648416d508574d70e9781ddf156a1b2a86d2b385e94dc,100,1729,maximum_nontransitivity_hybrid_gain,2000.0,3000.0
kata1-b6c96-s27415296-d4256697,90,2760.4904386274807,2678.9463033257275,2842.034573929234,2790.4567509140643,-29.966312286583616,2,a5803f8a5d9d87202b43d709cb328cedaf18c446af448f705c33d553e8c2e9f7,5170ec511fb50cdf10d648416d508574d70e9781ddf156a1b2a86d2b385e94dc,100,1729,maximum_nontransitivity_hybrid_gain,2000.0,3000.0
kata1-b6c96-s27415296-d4256697,92,2758.8401679380218,2678.118332524125,2839.5620033519185,2790.4567509140643,-31.616582976042537,2,a5803f8a5d9d87202b43d709cb328cedaf18c446af448f705c33d553e8c2e9f7,5170ec511fb50cdf10d648416d508574d70e9781ddf156a1b2a86d2b385e94dc,100,1729,maximum_nontransitivity_hybrid_gain,2000.0,3000.0
kata1-b6c96-s27415296-d4256697,94,2752.9019827331313,2672.8513753404463,2832.952590125816,2790.4567509140643,-37.554768180933024,2,a5803f8a5d9d87202b43d709cb328cedaf18c446af448f705c33d553e8c2e9f7,5170ec511fb50cdf10d648416d508574d70e9781ddf156a1b2a86d2b385e94dc,100,1729,maximum_nontransitivity_hybrid_gain,2000.0,3000.0
kata1-b6c96-s27415296-d4256697,96,2751.4901072243224,2672.212474698405,2830.76773975024,2790.4567509140643,-38.966643689741886,2,a5803f8a5d9d87202b43d709cb328cedaf18c446af448f705c33d553e8c2e9f7,5170ec511fb50cdf10d648416d508574d70e9781ddf156a1b2a86d2b385e94dc,100,1729,maximum_nontransitivity_hybrid_gain,2000.0,3000.0
kata1-b6c96-s27415296-d4256697,98,2745.941226008999,2667.269673039489,2824.6127789785087,2790.4567509140643,-44.51552490506538,2,a5803f8a5d9d87202b43d709cb328cedaf18c446af448f705c33d553e8c2e9f7,5170ec511fb50cdf10d648416d508574d70e9781ddf156a1b2a86d2b385e94dc,100,1729,maximum_nontransitivity_hybrid_gain,2000.0,3000.0
kata1-b6c96-s27415296-d4256697,100,2748.3909740096115,2670.449780171216,2826.332167848007,2790.4567509140643,-42.06577690445283,2,a5803f8a5d9d87202b43d709cb328cedaf18c446af448f705c33d553e8c2e9f7,5170ec511fb50cdf10d648416d508574d70e9781ddf156a1b2a86d2b385e94dc,100,1729,maximum_nontransitivity_hybrid_gain,2000.0,3000.0
kata1-b6c96-s30394624-d4635675,2,2203.4902865635536,1648.3949497802712,2758.5856233468357,2868.748124563376,-665.2578379998226,2,a5803f8a5d9d87202b43d709cb328cedaf18c446af448f705c33d553e8c2e9f7,5170ec511fb50cdf10d648416d508574d70e9781ddf156a1b2a86d2b385e94dc,100,1729,maximum_nontransitivity_hybrid_gain,2000.0,3000.0
kata1-b6c96-s30394624-d4635675,4,2350.387905914831,1838.724311859422,2862.0514999702405,2868.748124563376,-518.360218648545,2,a5803f8a5d9d87202b43d709cb328cedaf18c446af448f705c33d553e8c2e9f7,5170ec511fb50cdf10d648416d508574d70e9781ddf156a1b2a86d2b385e94dc,100,1729,maximum_nontransitivity_hybrid_gain,2000.0,3000.0
kata1-b6c96-s30394624-d4635675,6,2428.509899990471,1929.7109420590418,2927.3088579218997,2868.748124563376,-440.23822457290544,2,a5803f8a5d9d87202b43d709cb328cedaf18c446af448f705c33d553e8c2e9f7,5170ec511fb50cdf10d648416d508574d70e9781ddf156a1b2a86d2b385e94dc,100,1729,maximum_nontransitivity_hybrid_gain,2000.0,3000.0
kata1-b6c96-s30394624-d4635675,8,2482.0477978242075,1989.5122085284597,2974.583387119955,2868.748124563376,-386.70032673916876,2,a5803f8a5d9d87202b43d709cb328cedaf18c446af448f705c33d553e8c2e9f7,5170ec511fb50cdf10d648416d508574d70e9781ddf156a1b2a86d2b385e94dc,100,1729,maximum_nontransitivity_hybrid_gain,2000.0,3000.0
kata1-b6c96-s30394624-d4635675,10,2740.04010739694,2224.771131430258,3255.3090833636224,2868.748124563376,-128.7080171664361,2,a5803f8a5d9d87202b43d709cb328cedaf18c446af448f705c33d553e8c2e9f7,5170ec511fb50cdf10d648416d508574d70e9781ddf156a1b2a86d2b385e94dc,100,1729,maximum_nontransitivity_hybrid_gain,2000.0,3000.0
kata1-b6c96-s30394624-d4635675,12,2990.2451547694973,2478.3252303395943,3502.1650791994,2868.748124563376,121.49703020612105,2,a5803f8a5d9d87202b43d709cb328cedaf18c446af448f705c33d553e8c2e9f7,5170ec511fb50cdf10d648416d508574d70e9781ddf156a1b2a86d2b385e94dc,100,1729,maximum_nontransitivity_hybrid_gain,2000.0,3000.0
kata1-b6c96-s30394624-d4635675,14,2988.908052410871,2637.690740208312,3340.1253646134296,2868.748124563376,120.1599278474946,2,a5803f8a5d9d87202b43d709cb328cedaf18c446af448f705c33d553e8c2e9f7,5170ec511fb50cdf10d648416d508574d70e9781ddf156a1b2a86d2b385e94dc,100,1729,maximum_nontransitivity_hybrid_gain,2000.0,3000.0
kata1-b6c96-s30394624-d4635675,16,2988.4954021484477,2703.9067524411757,3273.0840518557197,2868.748124563376,119.74727758507152,2,a5803f8a5d9d87202b43d709cb328cedaf18c446af448f705c33d553e8c2e9f7,5170ec511fb50cdf10d648416d508574d70e9781ddf156a1b2a86d2b385e94dc,100,1729,maximum_nontransitivity_hybrid_gain,2000.0,3000.0
kata1-b6c96-s30394624-d4635675,18,2901.504680019516,2660.5460088552218,3142.46335118381,2868.748124563376,32.75655545613972,2,a5803f8a5d9d87202b43d709cb328cedaf18c446af448f705c33d553e8c2e9f7,5170ec511fb50cdf10d648416d508574d70e9781ddf156a1b2a86d2b385e94dc,100,1729,maximum_nontransitivity_hybrid_gain,2000.0,3000.0
kata1-b6c96-s30394624-d4635675,20,2901.9533059752266,2685.8183888146764,3118.088223135777,2868.748124563376,33.20518141185039,2,a5803f8a5d9d87202b43d709cb328cedaf18c446af448f705c33d553e8c2e9f7,5170ec511fb50cdf10d648416d508574d70e9781ddf156a1b2a86d2b385e94dc,100,1729,maximum_nontransitivity_hybrid_gain,2000.0,3000.0
kata1-b6c96-s30394624-d4635675,22,2902.252563473741,2704.446304705051,3100.058822242431,2868.748124563376,33.50443891036457,2,a5803f8a5d9d87202b43d709cb328cedaf18c446af448f705c33d553e8c2e9f7,5170ec511fb50cdf10d648416d508574d70e9781ddf156a1b2a86d2b385e94dc,100,1729,maximum_nontransitivity_hybrid_gain,2000.0,3000.0
kata1-b6c96-s30394624-d4635675,24,2904.758625639638,2721.187812993323,3088.329438285953,2868.748124563376,36.01050107626179,2,a5803f8a5d9d87202b43d709cb328cedaf18c446af448f705c33d553e8c2e9f7,5170ec511fb50cdf10d648416d508574d70e9781ddf156a1b2a86d2b385e94dc,100,1729,maximum_nontransitivity_hybrid_gain,2000.0,3000.0
kata1-b6c96-s30394624-d4635675,26,2904.6391080012745,2732.5511413177214,3076.7270746848276,2868.748124563376,35.890983437898285,2,a5803f8a5d9d87202b43d709cb328cedaf18c446af448f705c33d553e8c2e9f7,5170ec511fb50cdf10d648416d508574d70e9781ddf156a1b2a86d2b385e94dc,100,1729,maximum_nontransitivity_hybrid_gain,2000.0,3000.0
kata1-b6c96-s30394624-d4635675,28,2867.808596488756,2704.4720142682763,3031.1451787092356,2868.748124563376,-0.9395280746202843,2,a5803f8a5d9d87202b43d709cb328cedaf18c446af448f705c33d553e8c2e9f7,5170ec511fb50cdf10d648416d508574d70e9781ddf156a1b2a86d2b385e94dc,100,1729,maximum_nontransitivity_hybrid_gain,2000.0,3000.0
kata1-b6c96-s30394624-d4635675,30,2867.3245796580795,2712.1429713664847,3022.5061879496743,2868.748124563376,-1.4235449052966942,2,a5803f8a5d9d87202b43d709cb328cedaf18c446af448f705c33d553e8c2e9f7,5170ec511fb50cdf10d648416d508574d70e9781ddf156a1b2a86d2b385e94dc,100,1729,maximum_nontransitivity_hybrid_gain,2000.0,3000.0
kata1-b6c96-s30394624-d4635675,32,2851.0205517044174,2702.267549269783,2999.7735541390516,2868.748124563376,-17.727572858958865,2,a5803f8a5d9d87202b43d709cb328cedaf18c446af448f705c33d553e8c2e9f7,5170ec511fb50cdf10d648416d508574d70e9781ddf156a1b2a86d2b385e94dc,100,1729,maximum_nontransitivity_hybrid_gain,2000.0,3000.0
kata1-b6c96-s30394624-d4635675,34,2849.957451558191,2707.3441458269567,2992.5707572894257,2868.748124563376,-18.790673005185,2,a5803f8a5d9d87202b43d709cb328cedaf18c446af448f705c33d553e8c2e9f7,5170ec511fb50cdf10d648416d508574d70e9781ddf156a1b2a86d2b385e94dc,100,1729,maximum_nontransitivity_hybrid_gain,2000.0,3000.0
kata1-b6c96-s30394624-d4635675,36,2849.060741123316,2711.8524761243816,2986.26900612225,2868.748124563376,-19.68738344006033,2,a5803f8a5d9d87202b43d709cb328cedaf18c446af448f705c33d553e8c2e9f7,5170ec511fb50cdf10d648416d508574d70e9781ddf156a1b2a86d2b385e94dc,100,1729,maximum_nontransitivity_hybrid_gain,2000.0,3000.0
kata1-b6c96-s30394624-d4635675,38,2823.017344681585,2689.61452427775,2956.42016508542,2868.748124563376,-45.73077988179102,2,a5803f8a5d9d87202b43d709cb328cedaf18c446af448f705c33d553e8c2e9f7,5170ec511fb50cdf10d648416d508574d70e9781ddf156a1b2a86d2b385e94dc,100,1729,maximum_nontransitivity_hybrid_gain,2000.0,3000.0
kata1-b6c96-s30394624-d4635675,40,2846.1235688219435,2717.968682209625,2974.278455434262,2868.748124563376,-22.624555741432687,2,a5803f8a5d9d87202b43d709cb328cedaf18c446af448f705c33d553e8c2e9f7,5170ec511fb50cdf10d648416d508574d70e9781ddf156a1b2a86d2b385e94dc,100,1729,maximum_nontransitivity_hybrid_gain,2000.0,3000.0
kata1-b6c96-s30394624-d4635675,42,2866.0994017937765,2742.0977969782953,2990.1010066092576,2868.748124563376,-2.6487227695997717,2,a5803f8a5d9d87202b43d709cb328cedaf18c446af448f705c33d553e8c2e9f7,5170ec511fb50cdf10d648416d508574d70e9781ddf156a1b2a86d2b385e94dc,100,1729,maximum_nontransitivity_hybrid_gain,2000.0,3000.0
kata1-b6c96-s30394624-d4635675,44,2863.103904869241,2742.550406059532,2983.65740367895,2868.748124563376,-5.644219694135245,2,a5803f8a5d9d87202b43d709cb328cedaf18c446af448f705c33d553e8c2e9f7,5170ec511fb50cdf10d648416d508574d70e9781ddf156a1b2a86d2b385e94dc,100,1729,maximum_nontransitivity_hybrid_gain,2000.0,3000.0
kata1-b6c96-s30394624-d4635675,46,2870.157458971903,2752.763624390721,2987.551293553085,2868.748124563376,1.4093344085267745,2,a5803f8a5d9d87202b43d709cb328cedaf18c446af448f705c33d553e8c2e9f7,5170ec511fb50cdf10d648416d508574d70e9781ddf156a1b2a86d2b385e94dc,100,1729,maximum_nontransitivity_hybrid_gain,2000.0,3000.0
kata1-b6c96-s30394624-d4635675,48,2885.7063078875535,2771.0176961910984,3000.3949195840087,2868.748124563376,16.9581833241773,2,a5803f8a5d9d87202b43d709cb328cedaf18c446af448f705c33d553e8c2e9f7,5170ec511fb50cdf10d648416d508574d70e9781ddf156a1b2a86d2b385e94dc,100,1729,maximum_nontransitivity_hybrid_gain,2000.0,3000.0
kata1-b6c96-s30394624-d4635675,50,2882.17564140818,2770.191428770878,2994.1598540454825,2868.748124563376,13.427516844803904,2,a5803f8a5d9d87202b43d709cb328cedaf18c446af448f705c33d553e8c2e9f7,5170ec511fb50cdf10d648416d508574d70e9781ddf156a1b2a86d2b385e94dc,100,1729,maximum_nontransitivity_hybrid_gain,2000.0,3000.0
kata1-b6c96-s30394624-d4635675,52,2878.9809306489574,2769.503699800414,2988.458161497501,2868.748124563376,10.23280608558116,2,a5803f8a5d9d87202b43d709cb328cedaf18c446af448f705c33d553e8c2e9f7,5170ec511fb50cdf10d648416d508574d70e9781ddf156a1b2a86d2b385e94dc,100,1729,maximum_nontransitivity_hybrid_gain,2000.0,3000.0
kata1-b6c96-s30394624-d4635675,54,2860.1600564346136,2753.1647153802537,2967.1553974889734,2868.748124563376,-8.588068128762643,2,a5803f8a5d9d87202b43d709cb328cedaf18c446af448f705c33d553e8c2e9f7,5170ec511fb50cdf10d648416d508574d70e9781ddf156a1b2a86d2b385e94dc,100,1729,maximum_nontransitivity_hybrid_gain,2000.0,3000.0
kata1-b6c96-s30394624-d4635675,56,2874.518389553812,2769.6015973790372,2979.435181728587,2868.748124563376,5.770264990435862,2,a5803f8a5d9d87202b43d709cb328cedaf18c446af448f705c33d553e8c2e9f7,5170ec511fb50cdf10d648416d508574d70e9781ddf156a1b2a86d2b385e94dc,100,1729,maximum_nontransitivity_hybrid_gain,2000.0,3000.0
kata1-b6c96-s30394624-d4635675,58,2859.3975898465187,2756.681139202244,2962.1140404907933,2868.748124563376,-9.35053471685751,2,a5803f8a5d9d87202b43d709cb328cedaf18c446af448f705c33d553e8c2e9f7,5170ec511fb50cdf10d648416d508574d70e9781ddf156a1b2a86d2b385e94dc,100,1729,maximum_nontransitivity_hybrid_gain,2000.0,3000.0
kata1-b6c96-s30394624-d4635675,60,2859.5623867549934,2758.7812906468716,2960.3434828631152,2868.748124563376,-9.185737808382783,2,a5803f8a5d9d87202b43d709cb328cedaf18c446af448f705c33d553e8c2e9f7,5170ec511fb50cdf10d648416d508574d70e9781ddf156a1b2a86d2b385e94dc,100,1729,maximum_nontransitivity_hybrid_gain,2000.0,3000.0
kata1-b6c96-s30394624-d4635675,62,2859.7139359129087,2760.7485538095525,2958.679318016265,2868.748124563376,-9.034188650467513,2,a5803f8a5d9d87202b43d709cb328cedaf18c446af448f705c33d553e8c2e9f7,5170ec511fb50cdf10d648416d508574d70e9781ddf156a1b2a86d2b385e94dc,100,1729,maximum_nontransitivity_hybrid_gain,2000.0,3000.0
kata1-b6c96-s30394624-d4635675,64,2853.3755378199844,2756.120464690581,2950.630610949388,2868.748124563376,-15.372586743391821,2,a5803f8a5d9d87202b43d709cb328cedaf18c446af448f705c33d553e8c2e9f7,5170ec511fb50cdf10d648416d508574d70e9781ddf156a1b2a86d2b385e94dc,100,1729,maximum_nontransitivity_hybrid_gain,2000.0,3000.0
kata1-b6c96-s30394624-d4635675,66,2853.7476080835095,2758.101669810043,2949.393546356976,2868.748124563376,-15.000516479866747,2,a5803f8a5d9d87202b43d709cb328cedaf18c446af448f705c33d553e8c2e9f7,5170ec511fb50cdf10d648416d508574d70e9781ddf156a1b2a86d2b385e94dc,100,1729,maximum_nontransitivity_hybrid_gain,2000.0,3000.0
kata1-b6c96-s30394624-d4635675,68,2854.088368740892,2759.962617320612,2948.2141201611716,2868.748124563376,-14.659755822484385,2,a5803f8a5d9d87202b43d709cb328cedaf18c446af448f705c33d553e8c2e9f7,5170ec511fb50cdf10d648416d508574d70e9781ddf156a1b2a86d2b385e94dc,100,1729,maximum_nontransitivity_hybrid_gain,2000.0,3000.0
kata1-b6c96-s30394624-d4635675,70,2854.410843466829,2761.723743221984,2947.0979437116744,2868.748124563376,-14.33728109654703,2,a5803f8a5d9d87202b43d709cb328cedaf18c446af448f705c33d553e8c2e9f7,5170ec511fb50cdf10d648416d508574d70e9781ddf156a1b2a86d2b385e94dc,100,1729,maximum_nontransitivity_hybrid_gain,2000.0,3000.0
kata1-b6c96-s30394624-d4635675,72,2864.41233605293,2773.048849220574,2955.7758228852863,2868.748124563376,-4.3357885104460365,2,a5803f8a5d9d87202b43d709cb328cedaf18c446af448f705c33d553e8c2e9f7,5170ec511fb50cdf10d648416d508574d70e9781ddf156a1b2a86d2b385e94dc,100,1729,maximum_nontransitivity_hybrid_gain,2000.0,3000.0
kata1-b6c96-s30394624-d4635675,74,2862.8657567077357,2772.787970328771,2952.9435430867006,2868.748124563376,-5.882367855640496,2,a5803f8a5d9d87202b43d709cb328cedaf18c446af448f705c33d553e8c2e9f7,5170ec511fb50cdf10d648416d508574d70e9781ddf156a1b2a86d2b385e94dc,100,1729,maximum_nontransitivity_hybrid_gain,2000.0,3000.0
kata1-b6c96-s30394624-d4635675,76,2866.707913501621,2777.817399208764,2955.598427794478,2868.748124563376,-2.0402110617551443,2,a5803f8a5d9d87202b43d709cb328cedaf18c446af448f705c33d553e8c2e9f7,5170ec511fb50cdf10d648416d508574d70e9781ddf156a1b2a86d2b385e94dc,100,1729,maximum_nontransitivity_hybrid_gain,2000.0,3000.0
kata1-b6c96-s30394624-d4635675,78,2875.4751306177845,2787.637962938893,2963.312298296676,2868.748124563376,6.727006054408321,2,a5803f8a5d9d87202b43d709cb328cedaf18c446af448f705c33d553e8c2e9f7,5170ec511fb50cdf10d648416d508574d70e9781ddf156a1b2a86d2b385e94dc,100,1729,maximum_nontransitivity_hybrid_gain,2000.0,3000.0
kata1-b6c96-s30394624-d4635675,80,2873.739531794101,2787.027737023332,2960.4513265648698,2868.748124563376,4.99140723072469,2,a5803f8a5d9d87202b43d709cb328cedaf18c446af448f705c33d553e8c2e9f7,5170ec511fb50cdf10d648416d508574d70e9781ddf156a1b2a86d2b385e94dc,100,1729,maximum_nontransitivity_hybrid_gain,2000.0,3000.0
kata1-b6c96-s30394624-d4635675,82,2878.341424460372,2792.652981171056,2964.0298677496876,2868.748124563376,9.593299896995632,2,a5803f8a5d9d87202b43d709cb328cedaf18c446af448f705c33d553e8c2e9f7,5170ec511fb50cdf10d648416d508574d70e9781ddf156a1b2a86d2b385e94dc,100,1729,maximum_nontransitivity_hybrid_gain,2000.0,3000.0
kata1-b6c96-s30394624-d4635675,84,2879.037710843932,2794.3961397035737,2963.6792819842904,2868.748124563376,10.289586280555795,2,a5803f8a5d9d87202b43d709cb328cedaf18c446af448f705c33d553e8c2e9f7,5170ec511fb50cdf10d648416d508574d70e9781ddf156a1b2a86d2b385e94dc,100,1729,maximum_nontransitivity_hybrid_gain,2000.0,3000.0
kata1-b6c96-s30394624-d4635675,86,2870.396968279145,2786.866737441485,2953.927199116805,2868.748124563376,1.6488437157686349,2,a5803f8a5d9d87202b43d709cb328cedaf18c446af448f705c33d553e8c2e9f7,5170ec511fb50cdf10d648416d508574d70e9781ddf156a1b2a86d2b385e94dc,100,1729,maximum_nontransitivity_hybrid_gain,2000.0,3000.0
kata1-b6c96-s30394624-d4635675,88,2868.9690851900973,2786.381929048668,2951.5562413315265,2868.748124563376,0.2209606267210802,2,a5803f8a5d9d87202b43d709cb328cedaf18c446af448f705c33d553e8c2e9f7,5170ec511fb50cdf10d648416d508574d70e9781ddf156a1b2a86d2b385e94dc,100,1729,maximum_nontransitivity_hybrid_gain,2000.0,3000.0
kata1-b6c96-s30394624-d4635675,90,2867.619056935015,2785.9373576440194,2949.300756226011,2868.748124563376,-1.1290676283610992,2,a5803f8a5d9d87202b43d709cb328cedaf18c446af448f705c33d553e8c2e9f7,5170ec511fb50cdf10d648416d508574d70e9781ddf156a1b2a86d2b385e94dc,100,1729,maximum_nontransitivity_hybrid_gain,2000.0,3000.0
kata1-b6c96-s30394624-d4635675,92,2866.330259020664,2785.518975607804,2947.141542433524,2868.748124563376,-2.4178655427122067,2,a5803f8a5d9d87202b43d709cb328cedaf18c446af448f705c33d553e8c2e9f7,5170ec511fb50cdf10d648416d508574d70e9781ddf156a1b2a86d2b385e94dc,100,1729,maximum_nontransitivity_hybrid_gain,2000.0,3000.0
kata1-b6c96-s30394624-d4635675,94,2865.654062579911,2785.7113757336174,2945.596749426205,2868.748124563376,-3.0940619834650533,2,a5803f8a5d9d87202b43d709cb328cedaf18c446af448f705c33d553e8c2e9f7,5170ec511fb50cdf10d648416d508574d70e9781ddf156a1b2a86d2b385e94dc,100,1729,maximum_nontransitivity_hybrid_gain,2000.0,3000.0
kata1-b6c96-s30394624-d4635675,96,2864.4770562633203,2785.340732095906,2943.6133804307347,2868.748124563376,-4.271068300055958,2,a5803f8a5d9d87202b43d709cb328cedaf18c446af448f705c33d553e8c2e9f7,5170ec511fb50cdf10d648416d508574d70e9781ddf156a1b2a86d2b385e94dc,100,1729,maximum_nontransitivity_hybrid_gain,2000.0,3000.0
kata1-b6c96-s30394624-d4635675,98,2863.8800540464563,2785.5499522200626,2942.21015587285,2868.748124563376,-4.868070516919943,2,a5803f8a5d9d87202b43d709cb328cedaf18c446af448f705c33d553e8c2e9f7,5170ec511fb50cdf10d648416d508574d70e9781ddf156a1b2a86d2b385e94dc,100,1729,maximum_nontransitivity_hybrid_gain,2000.0,3000.0
kata1-b6c96-s30394624-d4635675,100,2871.164590256834,2793.5389937053483,2948.7901868083195,2868.748124563376,2.416465693457667,2,a5803f8a5d9d87202b43d709cb328cedaf18c446af448f705c33d553e8c2e9f7,5170ec511fb50cdf10d648416d508574d70e9781ddf156a1b2a86d2b385e94dc,100,1729,maximum_nontransitivity_hybrid_gain,2000.0,3000.0
kata1-b6c96-s37368064-d5536083,2,2847.6012300458433,414.06044141594566,5281.1420186757405,2990.0846228175806,-142.48339277173727,2,a5803f8a5d9d87202b43d709cb328cedaf18c446af448f705c33d553e8c2e9f7,5170ec511fb50cdf10d648416d508574d70e9781ddf156a1b2a86d2b385e94dc,100,1729,maximum_nontransitivity_hybrid_gain,2000.0,3000.0
kata1-b6c96-s37368064-d5536083,4,3566.1935014873306,1695.513237139318,5436.873765835343,2990.0846228175806,576.1088786697501,2,a5803f8a5d9d87202b43d709cb328cedaf18c446af448f705c33d553e8c2e9f7,5170ec511fb50cdf10d648416d508574d70e9781ddf156a1b2a86d2b385e94dc,100,1729,maximum_nontransitivity_hybrid_gain,2000.0,3000.0
kata1-b6c96-s37368064-d5536083,6,3191.9364093055588,2652.3201277279213,3731.552690883196,2990.0846228175806,201.8517864879782,2,a5803f8a5d9d87202b43d709cb328cedaf18c446af448f705c33d553e8c2e9f7,5170ec511fb50cdf10d648416d508574d70e9781ddf156a1b2a86d2b385e94dc,100,1729,maximum_nontransitivity_hybrid_gain,2000.0,3000.0
kata1-b6c96-s37368064-d5536083,8,3009.184525204039,2644.9140801138137,3373.454970294264,2990.0846228175806,19.099902386458325,2,a5803f8a5d9d87202b43d709cb328cedaf18c446af448f705c33d553e8c2e9f7,5170ec511fb50cdf10d648416d508574d70e9781ddf156a1b2a86d2b385e94dc,100,1729,maximum_nontransitivity_hybrid_gain,2000.0,3000.0
kata1-b6c96-s37368064-d5536083,10,3151.9125368578416,2822.838684754848,3480.986388960835,2990.0846228175806,161.82791404026102,2,a5803f8a5d9d87202b43d709cb328cedaf18c446af448f705c33d553e8c2e9f7,5170ec511fb50cdf10d648416d508574d70e9781ddf156a1b2a86d2b385e94dc,100,1729,maximum_nontransitivity_hybrid_gain,2000.0,3000.0
kata1-b6c96-s37368064-d5536083,12,3110.3450747875477,2842.5644737714993,3378.125675803596,2990.0846228175806,120.26045196996711,2,a5803f8a5d9d87202b43d709cb328cedaf18c446af448f705c33d553e8c2e9f7,5170ec511fb50cdf10d648416d508574d70e9781ddf156a1b2a86d2b385e94dc,100,1729,maximum_nontransitivity_hybrid_gain,2000.0,3000.0
kata1-b6c96-s37368064-d5536083,14,3088.48450688958,2855.887338805241,3321.0816749739192,2990.0846228175806,98.39988407199962,2,a5803f8a5d9d87202b43d709cb328cedaf18c446af448f705c33d553e8c2e9f7,5170ec511fb50cdf10d648416d508574d70e9781ddf156a1b2a86d2b385e94dc,100,1729,maximum_nontransitivity_hybrid_gain,2000.0,3000.0
kata1-b6c96-s37368064-d5536083,16,3012.891418575741,2809.890166956999,3215.8926701944833,2990.0846228175806,22.80679575816066,2,a5803f8a5d9d87202b43d709cb328cedaf18c446af448f705c33d553e8c2e9f7,5170ec511fb50cdf10d648416d508574d70e9781ddf156a1b2a86d2b385e94dc,100,1729,maximum_nontransitivity_hybrid_gain,2000.0,3000.0
kata1-b6c96-s37368064-d5536083,18,2965.178112664179,2777.9807295101364,3152.3754958182217,2990.0846228175806,-24.90651015340154,2,a5803f8a5d9d87202b43d709cb328cedaf18c446af448f705c33d553e8c2e9f7,5170ec511fb50cdf10d648416d508574d70e9781ddf156a1b2a86d2b385e94dc,100,1729,maximum_nontransitivity_hybrid_gain,2000.0,3000.0
kata1-b6c96-s37368064-d5536083,20,2974.3915136860296,2799.084868519974,3149.6981588520853,2990.0846228175806,-15.693109131550955,2,a5803f8a5d9d87202b43d709cb328cedaf18c446af448f705c33d553e8c2e9f7,5170ec511fb50cdf10d648416d508574d70e9781ddf156a1b2a86d2b385e94dc,100,1729,maximum_nontransitivity_hybrid_gain,2000.0,3000.0
kata1-b6c96-s37368064-d5536083,22,2981.5399664606434,2816.097779651236,3146.9821532700507,2990.0846228175806,-8.54465635693714,2,a5803f8a5d9d87202b43d709cb328cedaf18c446af448f705c33d553e8c2e9f7,5170ec511fb50cdf10d648416d508574d70e9781ddf156a1b2a86d2b385e94dc,100,1729,maximum_nontransitivity_hybrid_gain,2000.0,3000.0
kata1-b6c96-s37368064-d5536083,24,2969.3514545817748,2811.825397385166,3126.8775117783835,2990.0846228175806,-20.733168235805806,2,a5803f8a5d9d87202b43d709cb328cedaf18c446af448f705c33d553e8c2e9f7,5170ec511fb50cdf10d648416d508574d70e9781ddf156a1b2a86d2b385e94dc,100,1729,maximum_nontransitivity_hybrid_gain,2000.0,3000.0
kata1-b6c96-s37368064-d5536083,26,2975.667130354517,2825.3755020313934,3125.958758677641,2990.0846228175806,-14.417492463063354,2,a5803f8a5d9d87202b43d709cb328cedaf18c446af448f705c33d553e8c2e9f7,5170ec511fb50cdf10d648416d508574d70e9781ddf156a1b2a86d2b385e94dc,100,1729,maximum_nontransitivity_hybrid_gain,2000.0,3000.0
kata1-b6c96-s37368064-d5536083,28,2980.9129624414886,2836.9049516391433,3124.920973243834,2990.0846228175806,-9.17166037609195,2,a5803f8a5d9d87202b43d709cb328cedaf18c446af448f705c33d553e8c2e9f7,5170ec511fb50cdf10d648416d508574d70e9781ddf156a1b2a86d2b385e94dc,100,1729,maximum_nontransitivity_hybrid_gain,2000.0,3000.0
kata1-b6c96-s37368064-d5536083,30,3012.6539834003947,2874.4573195100747,3150.8506472907147,2990.0846228175806,22.56936058281417,2,a5803f8a5d9d87202b43d709cb328cedaf18c446af448f705c33d553e8c2e9f7,5170ec511fb50cdf10d648416d508574d70e9781ddf156a1b2a86d2b385e94dc,100,1729,maximum_nontransitivity_hybrid_gain,2000.0,3000.0
kata1-b6c96-s37368064-d5536083,32,3012.7904460032123,2879.506590724612,3146.0743012818125,2990.0846228175806,22.705823185631743,2,a5803f8a5d9d87202b43d709cb328cedaf18c446af448f705c33d553e8c2e9f7,5170ec511fb50cdf10d648416d508574d70e9781ddf156a1b2a86d2b385e94dc,100,1729,maximum_nontransitivity_hybrid_gain,2000.0,3000.0
kata1-b6c96-s37368064-d5536083,34,3012.9067960389775,2884.014189811578,3141.799402266377,2990.0846228175806,22.82217322139695,2,a5803f8a5d9d87202b43d709cb328cedaf18c446af448f705c33d553e8c2e9f7,5170ec511fb50cdf10d648416d508574d70e9781ddf156a1b2a86d2b385e94dc,100,1729,maximum_nontransitivity_hybrid_gain,2000.0,3000.0
kata1-b6c96-s37368064-d5536083,36,3013.0081477756453,2888.0703425531233,3137.9459529981673,2990.0846228175806,22.923524958064718,2,a5803f8a5d9d87202b43d709cb328cedaf18c446af448f705c33d553e8c2e9f7,5170ec511fb50cdf10d648416d508574d70e9781ddf156a1b2a86d2b385e94dc,100,1729,maximum_nontransitivity_hybrid_gain,2000.0,3000.0
kata1-b6c96-s37368064-d5536083,38,2992.2937379156274,2870.790831275347,3113.7966445559077,2990.0846228175806,2.209115098046823,2,a5803f8a5d9d87202b43d709cb328cedaf18c446af448f705c33d553e8c2e9f7,5170ec511fb50cdf10d648416d508574d70e9781ddf156a1b2a86d2b385e94dc,100,1729,maximum_nontransitivity_hybrid_gain,2000.0,3000.0
kata1-b6c96-s37368064-d5536083,40,2993.5549839496407,2875.3408996916887,3111.7690682075927,2990.0846228175806,3.470361132060134,2,a5803f8a5d9d87202b43d709cb328cedaf18c446af448f705c33d553e8c2e9f7,5170ec511fb50cdf10d648416d508574d70e9781ddf156a1b2a86d2b385e94dc,100,1729,maximum_nontransitivity_hybrid_gain,2000.0,3000.0
kata1-b6c96-s37368064-d5536083,42,2976.025269779708,2860.4242420760093,3091.626297483407,2990.0846228175806,-14.05935303787237,2,a5803f8a5d9d87202b43d709cb328cedaf18c446af448f705c33d553e8c2e9f7,5170ec511fb50cdf10d648416d508574d70e9781ddf156a1b2a86d2b385e94dc,100,1729,maximum_nontransitivity_hybrid_gain,2000.0,3000.0
kata1-b6c96-s37368064-d5536083,44,2995.692653414271,2883.263793573221,3108.1215132553207,2990.0846228175806,5.6080305966902415,2,a5803f8a5d9d87202b43d709cb328cedaf18c446af448f705c33d553e8c2e9f7,5170ec511fb50cdf10d648416d508574d70e9781ddf156a1b2a86d2b385e94dc,100,1729,maximum_nontransitivity_hybrid_gain,2000.0,3000.0
kata1-b6c96-s37368064-d5536083,46,2979.7755248008643,2869.5976081140248,3089.953441487704,2990.0846228175806,-10.309098016716234,2,a5803f8a5d9d87202b43d709cb328cedaf18c446af448f705c33d553e8c2e9f7,5170ec511fb50cdf10d648416d508574d70e9781ddf156a1b2a86d2b385e94dc,100,1729,maximum_nontransitivity_hybrid_gain,2000.0,3000.0
kata1-b6c96-s37368064-d5536083,48,2997.434278455394,2889.944893950933,3104.9236629598554,2990.0846228175806,7.349655637813612,2,a5803f8a5d9d87202b43d709cb328cedaf18c446af448f705c33d553e8c2e9f7,5170ec511fb50cdf10d648416d508574d70e9781ddf156a1b2a86d2b385e94dc,100,1729,maximum_nontransitivity_hybrid_gain,2000.0,3000.0
kata1-b6c96-s37368064-d5536083,50,3013.469354559147,2908.264331176659,3118.674377941635,2990.0846228175806,23.38473174156661,2,a5803f8a5d9d87202b43d709cb328cedaf18c446af448f705c33d553e8c2e9f7,5170ec511fb50cdf10d648416d508574d70e9781ddf156a1b2a86d2b385e94dc,100,1729,maximum_nontransitivity_hybrid_gain,2000.0,3000.0
kata1-b6c96-s37368064-d5536083,52,2999.80159770988,2896.590725863495,3103.0124695562645,2990.0846228175806,9.716974892299277,2,a5803f8a5d9d87202b43d709cb328cedaf18c446af448f705c33d553e8c2e9f7,5170ec511fb50cdf10d648416d508574d70e9781ddf156a1b2a86d2b385e94dc,100,1729,maximum_nontransitivity_hybrid_gain,2000.0,3000.0
kata1-b6c96-s37368064-d5536083,54,3001.324370392358,2900.049518239677,3102.599222545039,2990.0846228175806,11.239747574777539,2,a5803f8a5d9d87202b43d709cb328cedaf18c446af448f705c33d553e8c2e9f7,5170ec511fb50cdf10d648416d508574d70e9781ddf156a1b2a86d2b385e94dc,100,1729,maximum_nontransitivity_hybrid_gain,2000.0,3000.0
kata1-b6c96-s37368064-d5536083,56,3016.2477741324565,2916.8460511062613,3115.6494971586517,2990.0846228175806,26.163151314875904,2,a5803f8a5d9d87202b43d709cb328cedaf18c446af448f705c33d553e8c2e9f7,5170ec511fb50cdf10d648416d508574d70e9781ddf156a1b2a86d2b385e94dc,100,1729,maximum_nontransitivity_hybrid_gain,2000.0,3000.0
kata1-b6c96-s37368064-d5536083,58,3004.9239586342164,2907.1818123733165,3102.6661048951164,2990.0846228175806,14.839335816635867,2,a5803f8a5d9d87202b43d709cb328cedaf18c446af448f705c33d553e8c2e9f7,5170ec511fb50cdf10d648416d508574d70e9781ddf156a1b2a86d2b385e94dc,100,1729,maximum_nontransitivity_hybrid_gain,2000.0,3000.0
kata1-b6c96-s37368064-d5536083,60,3000.7400080188663,2904.5517241888324,3096.9282918489002,2990.0846228175806,10.655385201285753,2,a5803f8a5d9d87202b43d709cb328cedaf18c446af448f705c33d553e8c2e9f7,5170ec511fb50cdf10d648416d508574d70e9781ddf156a1b2a86d2b385e94dc,100,1729,maximum_nontransitivity_hybrid_gain,2000.0,3000.0
kata1-b6c96-s37368064-d5536083,62,3002.960055692503,2908.306834454146,3097.6132769308597,2990.0846228175806,12.875432874922353,2,a5803f8a5d9d87202b43d709cb328cedaf18c446af448f705c33d553e8c2e9f7,5170ec511fb50cdf10d648416d508574d70e9781ddf156a1b2a86d2b385e94dc,100,1729,maximum_nontransitivity_hybrid_gain,2000.0,3000.0
kata1-b6c96-s37368064-d5536083,64,2993.203443102595,2899.827286183543,3086.579600021647,2990.0846228175806,3.118820285014408,2,a5803f8a5d9d87202b43d709cb328cedaf18c446af448f705c33d553e8c2e9f7,5170ec511fb50cdf10d648416d508574d70e9781ddf156a1b2a86d2b385e94dc,100,1729,maximum_nontransitivity_hybrid_gain,2000.0,3000.0
kata1-b6c96-s37368064-d5536083,66,2995.530037248246,2903.5474788507795,3087.5125956457127,2990.0846228175806,5.445414430665551,2,a5803f8a5d9d87202b43d709cb328cedaf18c446af448f705c33d553e8c2e9f7,5170ec511fb50cdf10d648416d508574d70e9781ddf156a1b2a86d2b385e94dc,100,1729,maximum_nontransitivity_hybrid_gain,2000.0,3000.0
kata1-b6c96-s37368064-d5536083,68,2997.7073022711556,2907.0487411214017,3088.3658634209096,2990.0846228175806,7.622679453575074,2,a5803f8a5d9d87202b43d709cb328cedaf18c446af448f705c33d553e8c2e9f7,5170ec511fb50cdf10d648416d508574d70e9781ddf156a1b2a86d2b385e94dc,100,1729,maximum_nontransitivity_hybrid_gain,2000.0,3000.0
kata1-b6c96-s37368064-d5536083,70,2988.984456621606,2899.37200475333,3078.596908489882,2990.0846228175806,-1.1001661959744524,2,a5803f8a5d9d87202b43d709cb328cedaf18c446af448f705c33d553e8c2e9f7,5170ec511fb50cdf10d648416d508574d70e9781ddf156a1b2a86d2b385e94dc,100,1729,maximum_nontransitivity_hybrid_gain,2000.0,3000.0
kata1-b6c96-s37368064-d5536083,72,2991.2332795817088,2902.8362142363185,3079.630344927099,2990.0846228175806,1.1486567641281908,2,a5803f8a5d9d87202b43d709cb328cedaf18c446af448f705c33d553e8c2e9f7,5170ec511fb50cdf10d648416d508574d70e9781ddf156a1b2a86d2b385e94dc,100,1729,maximum_nontransitivity_hybrid_gain,2000.0,3000.0
kata1-b6c96-s37368064-d5536083,74,2998.4209016288714,2911.2827840592504,3085.5590191984925,2990.0846228175806,8.336278811290867,2,a5803f8a5d9d87202b43d709cb328cedaf18c446af448f705c33d553e8c2e9f7,5170ec511fb50cdf10d648416d508574d70e9781ddf156a1b2a86d2b385e94dc,100,1729,maximum_nontransitivity_hybrid_gain,2000.0,3000.0
kata1-b6c96-s37368064-d5536083,76,2990.4120274275288,2904.1719190521303,3076.652135802927,2990.0846228175806,0.3274046099481893,2,a5803f8a5d9d87202b43d709cb328cedaf18c446af448f705c33d553e8c2e9f7,5170ec511fb50cdf10d648416d508574d70e9781ddf156a1b2a86d2b385e94dc,100,1729,maximum_nontransitivity_hybrid_gain,2000.0,3000.0
kata1-b6c96-s37368064-d5536083,78,2992.439098032351,2907.263658302876,3077.614537761826,2990.0846228175806,2.3544752147704457,2,a5803f8a5d9d87202b43d709cb328cedaf18c446af448f705c33d553e8c2e9f7,5170ec511fb50cdf10d648416d508574d70e9781ddf156a1b2a86d2b385e94dc,100,1729,maximum_nontransitivity_hybrid_gain,2000.0,3000.0
kata1-b6c96-s37368064-d5536083,80,2994.355874773425,2910.1991072153764,3078.5126423314737,2990.0846228175806,4.271251955844491,2,a5803f8a5d9d87202b43d709cb328cedaf18c446af448f705c33d553e8c2e9f7,5170ec511fb50cdf10d648416d508574d70e9781ddf156a1b2a86d2b385e94dc,100,1729,maximum_nontransitivity_hybrid_gain,2000.0,3000.0
kata1-b6c96-s37368064-d5536083,82,2996.173063638294,2912.9919369049426,3079.3541903716455,2990.0846228175806,6.088440820713458,2,a5803f8a5d9d87202b43d709cb328cedaf18c446af448f705c33d553e8c2e9f7,5170ec511fb50cdf10d648416d508574d70e9781ddf156a1b2a86d2b385e94dc,100,1729,maximum_nontransitivity_hybrid_gain,2000.0,3000.0
kata1-b6c96-s37368064-d5536083,84,2989.0162021985175,2906.5706684697784,3071.4617359272565,2990.0846228175806,-1.0684206190630903,2,a5803f8a5d9d87202b43d709cb328cedaf18c446af448f705c33d553e8c2e9f7,5170ec511fb50cdf10d648416d508574d70e9781ddf156a1b2a86d2b385e94dc,100,1729,maximum_nontransitivity_hybrid_gain,2000.0,3000.0
kata1-b6c96-s37368064-d5536083,86,2990.88117974171,2909.34581271806,3072.41654676536,2990.0846228175806,0.796556924129618,2,a5803f8a5d9d87202b43d709cb328cedaf18c446af448f705c33d553e8c2e9f7,5170ec511fb50cdf10d648416d508574d70e9781ddf156a1b2a86d2b385e94dc,100,1729,maximum_nontransitivity_hybrid_gain,2000.0,3000.0
kata1-b6c96-s37368064-d5536083,88,2984.168104470828,2903.289378550441,3065.046830391215,2990.0846228175806,-5.916518346752582,2,a5803f8a5d9d87202b43d709cb328cedaf18c446af448f705c33d553e8c2e9f7,5170ec511fb50cdf10d648416d508574d70e9781ddf156a1b2a86d2b385e94dc,100,1729,maximum_nontransitivity_hybrid_gain,2000.0,3000.0
kata1-b6c96-s37368064-d5536083,90,2977.7326263438536,2897.46282352244,3058.002429165267,2990.0846228175806,-12.351996473727013,2,a5803f8a5d9d87202b43d709cb328cedaf18c446af448f705c33d553e8c2e9f7,5170ec511fb50cdf10d648416d508574d70e9781ddf156a1b2a86d2b385e94dc,100,1729,maximum_nontransitivity_hybrid_gain,2000.0,3000.0
kata1-b6c96-s37368064-d5536083,92,2971.552404833781,2891.848856496215,3051.2559531713473,2990.0846228175806,-18.532217983799455,2,a5803f8a5d9d87202b43d709cb328cedaf18c446af448f705c33d553e8c2e9f7,5170ec511fb50cdf10d648416d508574d70e9781ddf156a1b2a86d2b385e94dc,100,1729,maximum_nontransitivity_hybrid_gain,2000.0,3000.0
kata1-b6c96-s37368064-d5536083,94,2981.6606875414113,2903.027234681359,3060.2941404014637,2990.0846228175806,-8.423935276169232,2,a5803f8a5d9d87202b43d709cb328cedaf18c446af448f705c33d553e8c2e9f7,5170ec511fb50cdf10d648416d508574d70e9781ddf156a1b2a86d2b385e94dc,100,1729,maximum_nontransitivity_hybrid_gain,2000.0,3000.0
kata1-b6c96-s37368064-d5536083,96,2979.5962021975,2901.6199565124157,3057.5724478825846,2990.0846228175806,-10.488420620080433,2,a5803f8a5d9d87202b43d709cb328cedaf18c446af448f705c33d553e8c2e9f7,5170ec511fb50cdf10d648416d508574d70e9781ddf156a1b2a86d2b385e94dc,100,1729,maximum_nontransitivity_hybrid_gain,2000.0,3000.0
kata1-b6c96-s37368064-d5536083,98,2989.0395221504064,2912.0227780619102,3066.0562662389025,2990.0846228175806,-1.0451006671742107,2,a5803f8a5d9d87202b43d709cb328cedaf18c446af448f705c33d553e8c2e9f7,5170ec511fb50cdf10d648416d508574d70e9781ddf156a1b2a86d2b385e94dc,100,1729,maximum_nontransitivity_hybrid_gain,2000.0,3000.0
kata1-b6c96-s37368064-d5536083,100,2983.196884574347,2906.693933373947,3059.6998357747475,2990.0846228175806,-6.887738243233343,2,a5803f8a5d9d87202b43d709cb328cedaf18c446af448f705c33d553e8c2e9f7,5170ec511fb50cdf10d648416d508574d70e9781ddf156a1b2a86d2b385e94dc,100,1729,maximum_nontransitivity_hybrid_gain,2000.0,3000.0
kata1-b6c96-s48921344-d7092247,2,2847.8392318950223,414.5752028136476,5281.103260976397,3111.9717247863114,-264.1324928912891,2,a5803f8a5d9d87202b43d709cb328cedaf18c446af448f705c33d553e8c2e9f7,5170ec511fb50cdf10d648416d508574d70e9781ddf156a1b2a86d2b385e94dc,100,1729,maximum_nontransitivity_hybrid_gain,2000.0,3000.0
kata1-b6c96-s48921344-d7092247,4,3024.1824151615942,2478.838058903543,3569.5267714196457,3111.9717247863114,-87.78930962471713,2,a5803f8a5d9d87202b43d709cb328cedaf18c446af448f705c33d553e8c2e9f7,5170ec511fb50cdf10d648416d508574d70e9781ddf156a1b2a86d2b385e94dc,100,1729,maximum_nontransitivity_hybrid_gain,2000.0,3000.0
kata1-b6c96-s48921344-d7092247,6,3021.3628201041197,2660.097839820279,3382.62780038796,3111.9717247863114,-90.60890468219168,2,a5803f8a5d9d87202b43d709cb328cedaf18c446af448f705c33d553e8c2e9f7,5170ec511fb50cdf10d648416d508574d70e9781ddf156a1b2a86d2b385e94dc,100,1729,maximum_nontransitivity_hybrid_gain,2000.0,3000.0
kata1-b6c96-s48921344-d7092247,8,3157.482565246154,2831.6797375504843,3483.285392941824,3111.9717247863114,45.51084045984271,2,a5803f8a5d9d87202b43d709cb328cedaf18c446af448f705c33d553e8c2e9f7,5170ec511fb50cdf10d648416d508574d70e9781ddf156a1b2a86d2b385e94dc,100,1729,maximum_nontransitivity_hybrid_gain,2000.0,3000.0
kata1-b6c96-s48921344-d7092247,10,3279.269360655319,2963.9101450693934,3594.6285762412444,3111.9717247863114,167.29763586900754,2,a5803f8a5d9d87202b43d709cb328cedaf18c446af448f705c33d553e8c2e9f7,5170ec511fb50cdf10d648416d508574d70e9781ddf156a1b2a86d2b385e94dc,100,1729,maximum_nontransitivity_hybrid_gain,2000.0,3000.0
kata1-b6c96-s48921344-d7092247,12,3242.8442327202893,2985.7926348286346,3499.895830611944,3111.9717247863114,130.8725079339779,2,a5803f8a5d9d87202b43d709cb328cedaf18c446af448f705c33d553e8c2e9f7,5170ec511fb50cdf10d648416d508574d70e9781ddf156a1b2a86d2b385e94dc,100,1729,maximum_nontransitivity_hybrid_gain,2000.0,3000.0
kata1-b6c96-s48921344-d7092247,14,3223.095382838462,2998.591427730584,3447.5993379463393,3111.9717247863114,111.1236580521504,2,a5803f8a5d9d87202b43d709cb328cedaf18c446af448f705c33d553e8c2e9f7,5170ec511fb50cdf10d648416d508574d70e9781ddf156a1b2a86d2b385e94dc,100,1729,maximum_nontransitivity_hybrid_gain,2000.0,3000.0
kata1-b6c96-s48921344-d7092247,16,3241.459907006075,3032.7640342891755,3450.1557797229743,3111.9717247863114,129.48818221976353,2,a5803f8a5d9d87202b43d709cb328cedaf18c446af448f705c33d553e8c2e9f7,5170ec511fb50cdf10d648416d508574d70e9781ddf156a1b2a86d2b385e94dc,100,1729,maximum_nontransitivity_hybrid_gain,2000.0,3000.0
kata1-b6c96-s48921344-d7092247,18,3187.503500299652,3002.6989641221,3372.308036477204,3111.9717247863114,75.53177551334056,2,a5803f8a5d9d87202b43d709cb328cedaf18c446af448f705c33d553e8c2e9f7,5170ec511fb50cdf10d648416d508574d70e9781ddf156a1b2a86d2b385e94dc,100,1729,maximum_nontransitivity_hybrid_gain,2000.0,3000.0
kata1-b6c96-s48921344-d7092247,20,3204.7800447762484,3029.769377322048,3379.7907122304487,3111.9717247863114,92.80831998993699,2,a5803f8a5d9d87202b43d709cb328cedaf18c446af448f705c33d553e8c2e9f7,5170ec511fb50cdf10d648416d508574d70e9781ddf156a1b2a86d2b385e94dc,100,1729,maximum_nontransitivity_hybrid_gain,2000.0,3000.0
kata1-b6c96-s48921344-d7092247,22,3198.6007656399834,3033.881293695434,3363.3202375845326,3111.9717247863114,86.629040853672,2,a5803f8a5d9d87202b43d709cb328cedaf18c446af448f705c33d553e8c2e9f7,5170ec511fb50cdf10d648416d508574d70e9781ddf156a1b2a86d2b385e94dc,100,1729,maximum_nontransitivity_hybrid_gain,2000.0,3000.0
kata1-b6c96-s48921344-d7092247,24,3193.6896079778126,3037.509042025399,3349.870173930226,3111.9717247863114,81.71788319150119,2,a5803f8a5d9d87202b43d709cb328cedaf18c446af448f705c33d553e8c2e9f7,5170ec511fb50cdf10d648416d508574d70e9781ddf156a1b2a86d2b385e94dc,100,1729,maximum_nontransitivity_hybrid_gain,2000.0,3000.0
kata1-b6c96-s48921344-d7092247,26,3158.268856864405,3011.0003357666055,3305.537377962204,3111.9717247863114,46.297132078093455,2,a5803f8a5d9d87202b43d709cb328cedaf18c446af448f705c33d553e8c2e9f7,5170ec511fb50cdf10d648416d508574d70e9781ddf156a1b2a86d2b385e94dc,100,1729,maximum_nontransitivity_hybrid_gain,2000.0,3000.0
kata1-b6c96-s48921344-d7092247,28,3135.2072321005876,2994.044840997323,3276.3696232038524,3111.9717247863114,23.23550731427622,2,a5803f8a5d9d87202b43d709cb328cedaf18c446af448f705c33d553e8c2e9f7,5170ec511fb50cdf10d648416d508574d70e9781ddf156a1b2a86d2b385e94dc,100,1729,maximum_nontransitivity_hybrid_gain,2000.0,3000.0
kata1-b6c96-s48921344-d7092247,30,3115.504708178731,2979.0130378587314,3251.996378498731,3111.9717247863114,3.5329833924197374,2,a5803f8a5d9d87202b43d709cb328cedaf18c446af448f705c33d553e8c2e9f7,5170ec511fb50cdf10d648416d508574d70e9781ddf156a1b2a86d2b385e94dc,100,1729,maximum_nontransitivity_hybrid_gain,2000.0,3000.0
kata1-b6c96-s48921344-d7092247,32,3123.263168903571,2991.236686007998,3255.2896517991444,3111.9717247863114,11.291444117259744,2,a5803f8a5d9d87202b43d709cb328cedaf18c446af448f705c33d553e8c2e9f7,5170ec511fb50cdf10d648416d508574d70e9781ddf156a1b2a86d2b385e94dc,100,1729,maximum_nontransitivity_hybrid_gain,2000.0,3000.0
kata1-b6c96-s48921344-d7092247,34,3106.679851954349,2978.0522650563075,3235.3074388523905,3111.9717247863114,-5.291872831962337,2,a5803f8a5d9d87202b43d709cb328cedaf18c446af448f705c33d553e8c2e9f7,5170ec511fb50cdf10d648416d508574d70e9781ddf156a1b2a86d2b385e94dc,100,1729,maximum_nontransitivity_hybrid_gain,2000.0,3000.0
kata1-b6c96-s48921344-d7092247,36,3125.0769269426705,3000.5713421215887,3249.5825117637523,3111.9717247863114,13.105202156359155,2,a5803f8a5d9d87202b43d709cb328cedaf18c446af448f705c33d553e8c2e9f7,5170ec511fb50cdf10d648416d508574d70e9781ddf156a1b2a86d2b385e94dc,100,1729,maximum_nontransitivity_hybrid_gain,2000.0,3000.0
kata1-b6c96-s48921344-d7092247,38,3131.0044648888147,3009.9172431194975,3252.091686658132,3111.9717247863114,19.03274010250334,2,a5803f8a5d9d87202b43d709cb328cedaf18c446af448f705c33d553e8c2e9f7,5170ec511fb50cdf10d648416d508574d70e9781ddf156a1b2a86d2b385e94dc,100,1729,maximum_nontransitivity_hybrid_gain,2000.0,3000.0
kata1-b6c96-s48921344-d7092247,40,3116.6714185121323,2998.127112927337,3235.2157240969277,3111.9717247863114,4.699693725820907,2,a5803f8a5d9d87202b43d709cb328cedaf18c446af448f705c33d553e8c2e9f7,5170ec511fb50cdf10d648416d508574d70e9781ddf156a1b2a86d2b385e94dc,100,1729,maximum_nontransitivity_hybrid_gain,2000.0,3000.0
kata1-b6c96-s48921344-d7092247,42,3141.042841302925,3025.994346632715,3256.091335973135,3111.9717247863114,29.07111651661353,2,a5803f8a5d9d87202b43d709cb328cedaf18c446af448f705c33d553e8c2e9f7,5170ec511fb50cdf10d648416d508574d70e9781ddf156a1b2a86d2b385e94dc,100,1729,maximum_nontransitivity_hybrid_gain,2000.0,3000.0
kata1-b6c96-s48921344-d7092247,44,3127.6701645744856,3014.831061046817,3240.5092681021542,3111.9717247863114,15.698439788174255,2,a5803f8a5d9d87202b43d709cb328cedaf18c446af448f705c33d553e8c2e9f7,5170ec511fb50cdf10d648416d508574d70e9781ddf156a1b2a86d2b385e94dc,100,1729,maximum_nontransitivity_hybrid_gain,2000.0,3000.0
kata1-b6c96-s48921344-d7092247,46,3132.3984706478395,3022.0987748399634,3242.6981664557156,3111.9717247863114,20.42674586152816,2,a5803f8a5d9d87202b43d709cb328cedaf18c446af448f705c33d553e8c2e9f7,5170ec511fb50cdf10d648416d508574d70e9781ddf156a1b2a86d2b385e94dc,100,1729,maximum_nontransitivity_hybrid_gain,2000.0,3000.0
kata1-b6c96-s48921344-d7092247,48,3120.5071434411398,3011.9976320840497,3229.01665479823,3111.9717247863114,8.53541865482839,2,a5803f8a5d9d87202b43d709cb328cedaf18c446af448f705c33d553e8c2e9f7,5170ec511fb50cdf10d648416d508574d70e9781ddf156a1b2a86d2b385e94dc,100,1729,maximum_nontransitivity_hybrid_gain,2000.0,3000.0
kata1-b6c96-s48921344-d7092247,50,3109.4955025105664,3002.552856229428,3216.438148791705,3111.9717247863114,-2.476222275744931,2,a5803f8a5d9d87202b43d709cb328cedaf18c446af448f705c33d553e8c2e9f7,5170ec511fb50cdf10d648416d508574d70e9781ddf156a1b2a86d2b385e94dc,100,1729,maximum_nontransitivity_hybrid_gain,2000.0,3000.0
kata1-b6c96-s48921344-d7092247,52,3099.2399432674565,2993.6813232608324,3204.7985632740806,3111.9717247863114,-12.73178151885486,2,a5803f8a5d9d87202b43d709cb328cedaf18c446af448f705c33d553e8c2e9f7,5170ec511fb50cdf10d648416d508574d70e9781ddf156a1b2a86d2b385e94dc,100,1729,maximum_nontransitivity_hybrid_gain,2000.0,3000.0
kata1-b6c96-s48921344-d7092247,54,3089.641253898758,2985.3149241288843,3193.9675836686315,3111.9717247863114,-22.330470887553474,2,a5803f8a5d9d87202b43d709cb328cedaf18c446af448f705c33d553e8c2e9f7,5170ec511fb50cdf10d648416d508574d70e9781ddf156a1b2a86d2b385e94dc,100,1729,maximum_nontransitivity_hybrid_gain,2000.0,3000.0
kata1-b6c96-s48921344-d7092247,56,3109.2488102504585,3007.771144174993,3210.726476325924,3111.9717247863114,-2.7229145358528513,2,a5803f8a5d9d87202b43d709cb328cedaf18c446af448f705c33d553e8c2e9f7,5170ec511fb50cdf10d648416d508574d70e9781ddf156a1b2a86d2b385e94dc,100,1729,maximum_nontransitivity_hybrid_gain,2000.0,3000.0
kata1-b6c96-s48921344-d7092247,58,3100.083211605249,2999.729931236313,3200.4364919741847,3111.9717247863114,-11.888513181062535,2,a5803f8a5d9d87202b43d709cb328cedaf18c446af448f705c33d553e8c2e9f7,5170ec511fb50cdf10d648416d508574d70e9781ddf156a1b2a86d2b385e94dc,100,1729,maximum_nontransitivity_hybrid_gain,2000.0,3000.0
kata1-b6c96-s48921344-d7092247,60,3091.439028199629,2992.0999770661897,3190.778079333068,3111.9717247863114,-20.532696586682505,2,a5803f8a5d9d87202b43d709cb328cedaf18c446af448f705c33d553e8c2e9f7,5170ec511fb50cdf10d648416d508574d70e9781ddf156a1b2a86d2b385e94dc,100,1729,maximum_nontransitivity_hybrid_gain,2000.0,3000.0
kata1-b6c96-s48921344-d7092247,62,3083.259003033416,2984.8398545410046,3181.678151525827,3111.9717247863114,-28.712721752895504,2,a5803f8a5d9d87202b43d709cb328cedaf18c446af448f705c33d553e8c2e9f7,5170ec511fb50cdf10d648416d508574d70e9781ddf156a1b2a86d2b385e94dc,100,1729,maximum_nontransitivity_hybrid_gain,2000.0,3000.0
kata1-b6c96-s48921344-d7092247,64,3075.4948397931707,2977.9141580528026,3173.075521533539,3111.9717247863114,-36.47688499314063,2,a5803f8a5d9d87202b43d709cb328cedaf18c446af448f705c33d553e8c2e9f7,5170ec511fb50cdf10d648416d508574d70e9781ddf156a1b2a86d2b385e94dc,100,1729,maximum_nontransitivity_hybrid_gain,2000.0,3000.0
kata1-b6c96-s48921344-d7092247,66,3068.105429386265,2971.292388409542,3164.9184703629876,3111.9717247863114,-43.86629540004651,2,a5803f8a5d9d87202b43d709cb328cedaf18c446af448f705c33d553e8c2e9f7,5170ec511fb50cdf10d648416d508574d70e9781ddf156a1b2a86d2b385e94dc,100,1729,maximum_nontransitivity_hybrid_gain,2000.0,3000.0
kata1-b6c96-s48921344-d7092247,68,3061.0554920808963,2964.948082752157,3157.1629014096357,3111.9717247863114,-50.91623270541504,2,a5803f8a5d9d87202b43d709cb328cedaf18c446af448f705c33d553e8c2e9f7,5170ec511fb50cdf10d648416d508574d70e9781ddf156a1b2a86d2b385e94dc,100,1729,maximum_nontransitivity_hybrid_gain,2000.0,3000.0
kata1-b6c96-s48921344-d7092247,70,3054.314518366952,2958.8581217463916,3149.7709149875127,3111.9717247863114,-57.65720641935923,2,a5803f8a5d9d87202b43d709cb328cedaf18c446af448f705c33d553e8c2e9f7,5170ec511fb50cdf10d648416d508574d70e9781ddf156a1b2a86d2b385e94dc,100,1729,maximum_nontransitivity_hybrid_gain,2000.0,3000.0
kata1-b6c96-s48921344-d7092247,72,3047.855961030239,2953.0022028694957,3142.7097191909825,3111.9717247863114,-64.11576375607228,2,a5803f8a5d9d87202b43d709cb328cedaf18c446af448f705c33d553e8c2e9f7,5170ec511fb50cdf10d648416d508574d70e9781ddf156a1b2a86d2b385e94dc,100,1729,maximum_nontransitivity_hybrid_gain,2000.0,3000.0
kata1-b6c96-s48921344-d7092247,74,3039.3172342628113,2945.061926587977,3133.572541937646,3111.9717247863114,-72.65449052350004,2,a5803f8a5d9d87202b43d709cb328cedaf18c446af448f705c33d553e8c2e9f7,5170ec511fb50cdf10d648416d508574d70e9781ddf156a1b2a86d2b385e94dc,100,1729,maximum_nontransitivity_hybrid_gain,2000.0,3000.0
kata1-b6c96-s48921344-d7092247,76,3045.041164246105,2952.373437941987,3137.708890550223,3111.9717247863114,-66.93056054020644,2,a5803f8a5d9d87202b43d709cb328cedaf18c446af448f705c33d553e8c2e9f7,5170ec511fb50cdf10d648416d508574d70e9781ddf156a1b2a86d2b385e94dc,100,1729,maximum_nontransitivity_hybrid_gain,2000.0,3000.0
kata1-b6c96-s48921344-d7092247,78,3059.350960745625,2969.0810707514734,3149.6208507397764,3111.9717247863114,-52.62076404068648,2,a5803f8a5d9d87202b43d709cb328cedaf18c446af448f705c33d553e8c2e9f7,5170ec511fb50cdf10d648416d508574d70e9781ddf156a1b2a86d2b385e94dc,100,1729,maximum_nontransitivity_hybrid_gain,2000.0,3000.0
kata1-b6c96-s48921344-d7092247,80,3051.36660365967,2961.642739932039,3141.090467387301,3111.9717247863114,-60.60512112664128,2,a5803f8a5d9d87202b43d709cb328cedaf18c446af448f705c33d553e8c2e9f7,5170ec511fb50cdf10d648416d508574d70e9781ddf156a1b2a86d2b385e94dc,100,1729,maximum_nontransitivity_hybrid_gain,2000.0,3000.0
kata1-b6c96-s48921344-d7092247,82,3064.538963582926,2976.912154635297,3152.165772530555,3111.9717247863114,-47.432761203385326,2,a5803f8a5d9d87202b43d709cb328cedaf18c446af448f705c33d553e8c2e9f7,5170ec511fb50cdf10d648416d508574d70e9781ddf156a1b2a86d2b385e94dc,100,1729,maximum_nontransitivity_hybrid_gain,2000.0,3000.0
kata1-b6c96-s48921344-d7092247,84,3076.7057387604464,2990.926613279533,3162.48486424136,3111.9717247863114,-35.265986025865004,2,a5803f8a5d9d87202b43d709cb328cedaf18c446af448f705c33d553e8c2e9f7,5170ec511fb50cdf10d648416d508574d70e9781ddf156a1b2a86d2b385e94dc,100,1729,maximum_nontransitivity_hybrid_gain,2000.0,3000.0
kata1-b6c96-s48921344-d7092247,86,3078.6395074304905,2993.969313615231,3163.30970124575,3111.9717247863114,-33.33221735582083,2,a5803f8a5d9d87202b43d709cb328cedaf18c446af448f705c33d553e8c2e9f7,5170ec511fb50cdf10d648416d508574d70e9781ddf156a1b2a86d2b385e94dc,100,1729,maximum_nontransitivity_hybrid_gain,2000.0,3000.0
kata1-b6c96-s48921344-d7092247,88,3089.568188627643,3006.450761136371,3172.685616118915,3111.9717247863114,-22.40353615866843,2,a5803f8a5d9d87202b43d709cb328cedaf18c446af448f705c33d553e8c2e9f7,5170ec511fb50cdf10d648416d508574d70e9781ddf156a1b2a86d2b385e94dc,100,1729,maximum_nontransitivity_hybrid_gain,2000.0,3000.0
kata1-b6c96-s48921344-d7092247,90,3091.0487046282824,3008.905736437842,3173.191672818723,3111.9717247863114,-20.923020158028976,2,a5803f8a5d9d87202b43d709cb328cedaf18c446af448f705c33d553e8c2e9f7,5170ec511fb50cdf10d648416d508574d70e9781ddf156a1b2a86d2b385e94dc,100,1729,maximum_nontransitivity_hybrid_gain,2000.0,3000.0
kata1-b6c96-s48921344-d7092247,92,3092.4535972836006,3011.2421403340704,3173.665054233131,3111.9717247863114,-19.51812750271074,2,a5803f8a5d9d87202b43d709cb328cedaf18c446af448f705c33d553e8c2e9f7,5170ec511fb50cdf10d648416d508574d70e9781ddf156a1b2a86d2b385e94dc,100,1729,maximum_nontransitivity_hybrid_gain,2000.0,3000.0
kata1-b6c96-s48921344-d7092247,94,3102.0855679684314,3022.135747949236,3182.035387987627,3111.9717247863114,-9.886156817879964,2,a5803f8a5d9d87202b43d709cb328cedaf18c446af448f705c33d553e8c2e9f7,5170ec511fb50cdf10d648416d508574d70e9781ddf156a1b2a86d2b385e94dc,100,1729,maximum_nontransitivity_hybrid_gain,2000.0,3000.0
kata1-b6c96-s48921344-d7092247,96,3103.1506488525724,3024.0339386445867,3182.267359060558,3111.9717247863114,-8.821075933738939,2,a5803f8a5d9d87202b43d709cb328cedaf18c446af448f705c33d553e8c2e9f7,5170ec511fb50cdf10d648416d508574d70e9781ddf156a1b2a86d2b385e94dc,100,1729,maximum_nontransitivity_hybrid_gain,2000.0,3000.0
kata1-b6c96-s48921344-d7092247,98,3104.1660173850746,3025.849551392401,3182.4824833777484,3111.9717247863114,-7.805707401236759,2,a5803f8a5d9d87202b43d709cb328cedaf18c446af448f705c33d553e8c2e9f7,5170ec511fb50cdf10d648416d508574d70e9781ddf156a1b2a86d2b385e94dc,100,1729,maximum_nontransitivity_hybrid_gain,2000.0,3000.0
kata1-b6c96-s48921344-d7092247,100,3105.135116690321,3027.5881187904847,3182.682114590157,3111.9717247863114,-6.836608095990414,2,a5803f8a5d9d87202b43d709cb328cedaf18c446af448f705c33d553e8c2e9f7,5170ec511fb50cdf10d648416d508574d70e9781ddf156a1b2a86d2b385e94dc,100,1729,maximum_nontransitivity_hybrid_gain,2000.0,3000.0
kata1-b6c96-s69427456-d10051148,2,2847.8755116776097,414.6591358525893,5281.09188750263,3199.869225099218,-351.9937134216084,2,a5803f8a5d9d87202b43d709cb328cedaf18c446af448f705c33d553e8c2e9f7,5170ec511fb50cdf10d648416d508574d70e9781ddf156a1b2a86d2b385e94dc,100,1729,maximum_nontransitivity_hybrid_gain,2000.0,3000.0
kata1-b6c96-s69427456-d10051148,4,3567.0982332506665,1696.8957679339085,5437.300698567425,3199.869225099218,367.2290081514484,2,a5803f8a5d9d87202b43d709cb328cedaf18c446af448f705c33d553e8c2e9f7,5170ec511fb50cdf10d648416d508574d70e9781ddf156a1b2a86d2b385e94dc,100,1729,maximum_nontransitivity_hybrid_gain,2000.0,3000.0
kata1-b6c96-s69427456-d10051148,6,3192.98457971864,2653.30472681114,3732.66443262614,3199.869225099218,-6.884645380578149,2,a5803f8a5d9d87202b43d709cb328cedaf18c446af448f705c33d553e8c2e9f7,5170ec511fb50cdf10d648416d508574d70e9781ddf156a1b2a86d2b385e94dc,100,1729,maximum_nontransitivity_hybrid_gain,2000.0,3000.0
kata1-b6c96-s69427456-d10051148,8,3262.760606159101,2805.1983555845654,3720.3228567336364,3199.869225099218,62.89138105988286,2,a5803f8a5d9d87202b43d709cb328cedaf18c446af448f705c33d553e8c2e9f7,5170ec511fb50cdf10d648416d508574d70e9781ddf156a1b2a86d2b385e94dc,100,1729,maximum_nontransitivity_hybrid_gain,2000.0,3000.0
kata1-b6c96-s69427456-d10051148,10,3268.4457168940794,2935.4214097119757,3601.470024076183,3199.869225099218,68.57649179486134,2,a5803f8a5d9d87202b43d709cb328cedaf18c446af448f705c33d553e8c2e9f7,5170ec511fb50cdf10d648416d508574d70e9781ddf156a1b2a86d2b385e94dc,100,1729,maximum_nontransitivity_hybrid_gain,2000.0,3000.0
kata1-b6c96-s69427456-d10051148,12,3167.0498704452443,2888.9996961800543,3445.1000447104343,3199.869225099218,-32.81935465397373,2,a5803f8a5d9d87202b43d709cb328cedaf18c446af448f705c33d553e8c2e9f7,5170ec511fb50cdf10d648416d508574d70e9781ddf156a1b2a86d2b385e94dc,100,1729,maximum_nontransitivity_hybrid_gain,2000.0,3000.0
kata1-b6c96-s69427456-d10051148,14,3200.198013238912,2957.0611161632755,3443.334910314549,3199.869225099218,0.3287881396940975,2,a5803f8a5d9d87202b43d709cb328cedaf18c446af448f705c33d553e8c2e9f7,5170ec511fb50cdf10d648416d508574d70e9781ddf156a1b2a86d2b385e94dc,100,1729,maximum_nontransitivity_hybrid_gain,2000.0,3000.0
kata1-b6c96-s69427456-d10051148,16,3220.673180640806,3002.627388830737,3438.7189724508753,3199.869225099218,20.80395554158804,2,a5803f8a5d9d87202b43d709cb328cedaf18c446af448f705c33d553e8c2e9f7,5170ec511fb50cdf10d648416d508574d70e9781ddf156a1b2a86d2b385e94dc,100,1729,maximum_nontransitivity_hybrid_gain,2000.0,3000.0
kata1-b6c96-s69427456-d10051148,18,3234.4617091664236,3035.124240268289,3433.799178064558,3199.869225099218,34.59248406720553,2,a5803f8a5d9d87202b43d709cb328cedaf18c446af448f705c33d553e8c2e9f7,5170ec511fb50cdf10d648416d508574d70e9781ddf156a1b2a86d2b385e94dc,100,1729,maximum_nontransitivity_hybrid_gain,2000.0,3000.0
kata1-b6c96-s69427456-d10051148,20,3233.42157855852,3048.588590603457,3418.2545665135835,3199.869225099218,33.55235345930214,2,a5803f8a5d9d87202b43d709cb328cedaf18c446af448f705c33d553e8c2e9f7,5170ec511fb50cdf10d648416d508574d70e9781ddf156a1b2a86d2b385e94dc,100,1729,maximum_nontransitivity_hybrid_gain,2000.0,3000.0
kata1-b6c96-s69427456-d10051148,22,3232.643527872212,3059.4715438872854,3405.8155118571385,3199.869225099218,32.774302772993906,2,a5803f8a5d9d87202b43d709cb328cedaf18c446af448f705c33d553e8c2e9f7,5170ec511fb50cdf10d648416d508574d70e9781ddf156a1b2a86d2b385e94dc,100,1729,maximum_nontransitivity_hybrid_gain,2000.0,3000.0
kata1-b6c96-s69427456-d10051148,24,3212.5630738863333,3048.2249256073496,3376.901222165317,3199.869225099218,12.693848787115257,2,a5803f8a5d9d87202b43d709cb328cedaf18c446af448f705c33d553e8c2e9f7,5170ec511fb50cdf10d648416d508574d70e9781ddf156a1b2a86d2b385e94dc,100,1729,maximum_nontransitivity_hybrid_gain,2000.0,3000.0
kata1-b6c96-s69427456-d10051148,26,3178.455240440755,3020.326091622377,3336.584389259133,3199.869225099218,-21.41398465846305,2,a5803f8a5d9d87202b43d709cb328cedaf18c446af448f705c33d553e8c2e9f7,5170ec511fb50cdf10d648416d508574d70e9781ddf156a1b2a86d2b385e94dc,100,1729,maximum_nontransitivity_hybrid_gain,2000.0,3000.0
kata1-b6c96-s69427456-d10051148,28,3215.274025888516,3066.3482913921384,3364.1997603848936,3199.869225099218,15.404800789297951,2,a5803f8a5d9d87202b43d709cb328cedaf18c446af448f705c33d553e8c2e9f7,5170ec511fb50cdf10d648416d508574d70e9781ddf156a1b2a86d2b385e94dc,100,1729,maximum_nontransitivity_hybrid_gain,2000.0,3000.0
kata1-b6c96-s69427456-d10051148,30,3186.8338740964987,3042.7132324598333,3330.954515733164,3199.869225099218,-13.03535100271938,2,a5803f8a5d9d87202b43d709cb328cedaf18c446af448f705c33d553e8c2e9f7,5170ec511fb50cdf10d648416d508574d70e9781ddf156a1b2a86d2b385e94dc,100,1729,maximum_nontransitivity_hybrid_gain,2000.0,3000.0
kata1-b6c96-s69427456-d10051148,32,3162.307362900936,3022.0514071929483,3302.5633186089235,3199.869225099218,-37.56186219828214,2,a5803f8a5d9d87202b43d709cb328cedaf18c446af448f705c33d553e8c2e9f7,5170ec511fb50cdf10d648416d508574d70e9781ddf156a1b2a86d2b385e94dc,100,1729,maximum_nontransitivity_hybrid_gain,2000.0,3000.0
kata1-b6c96-s69427456-d10051148,34,3140.8020252994534,3003.7299397573897,3277.874110841517,3199.869225099218,-59.067199799764694,2,a5803f8a5d9d87202b43d709cb328cedaf18c446af448f705c33d553e8c2e9f7,5170ec511fb50cdf10d648416d508574d70e9781ddf156a1b2a86d2b385e94dc,100,1729,maximum_nontransitivity_hybrid_gain,2000.0,3000.0
kata1-b6c96-s69427456-d10051148,36,3121.690102037382,2987.2922280204334,3256.0879760543307,3199.869225099218,-78.17912306183598,2,a5803f8a5d9d87202b43d709cb328cedaf18c446af448f705c33d553e8c2e9f7,5170ec511fb50cdf10d648416d508574d70e9781ddf156a1b2a86d2b385e94dc,100,1729,maximum_nontransitivity_hybrid_gain,2000.0,3000.0
kata1-b6c96-s69427456-d10051148,38,3128.7738544430113,2999.1470762457016,3258.400632640321,3199.869225099218,-71.0953706562068,2,a5803f8a5d9d87202b43d709cb328cedaf18c446af448f705c33d553e8c2e9f7,5170ec511fb50cdf10d648416d508574d70e9781ddf156a1b2a86d2b385e94dc,100,1729,maximum_nontransitivity_hybrid_gain,2000.0,3000.0
kata1-b6c96-s69427456-d10051148,40,3123.773677421716,2997.376952170436,3250.170402672996,3199.869225099218,-76.09554767750205,2,a5803f8a5d9d87202b43d709cb328cedaf18c446af448f705c33d553e8c2e9f7,5170ec511fb50cdf10d648416d508574d70e9781ddf156a1b2a86d2b385e94dc,100,1729,maximum_nontransitivity_hybrid_gain,2000.0,3000.0
kata1-b6c96-s69427456-d10051148,42,3129.926952433358,3007.463450816958,3252.3904540497583,3199.869225099218,-69.94227266585995,2,a5803f8a5d9d87202b43d709cb328cedaf18c446af448f705c33d553e8c2e9f7,5170ec511fb50cdf10d648416d508574d70e9781ddf156a1b2a86d2b385e94dc,100,1729,maximum_nontransitivity_hybrid_gain,2000.0,3000.0
kata1-b6c96-s69427456-d10051148,44,3135.37548580307,3016.4514802274985,3254.299491378642,3199.869225099218,-64.49373929614785,2,a5803f8a5d9d87202b43d709cb328cedaf18c446af448f705c33d553e8c2e9f7,5170ec511fb50cdf10d648416d508574d70e9781ddf156a1b2a86d2b385e94dc,100,1729,maximum_nontransitivity_hybrid_gain,2000.0,3000.0
kata1-b6c96-s69427456-d10051148,46,3121.3193694638376,3004.0491325808193,3238.589606346856,3199.869225099218,-78.54985563538048,2,a5803f8a5d9d87202b43d709cb328cedaf18c446af448f705c33d553e8c2e9f7,5170ec511fb50cdf10d648416d508574d70e9781ddf156a1b2a86d2b385e94dc,100,1729,maximum_nontransitivity_hybrid_gain,2000.0,3000.0
kata1-b6c96-s69427456-d10051148,48,3126.7247149819304,3012.5633387192975,3240.8860912445634,3199.869225099218,-73.14451011728761,2,a5803f8a5d9d87202b43d709cb328cedaf18c446af448f705c33d553e8c2e9f7,5170ec511fb50cdf10d648416d508574d70e9781ddf156a1b2a86d2b385e94dc,100,1729,maximum_nontransitivity_hybrid_gain,2000.0,3000.0
kata1-b6c96-s69427456-d10051148,50,3131.593608533365,3020.2684674159786,3242.9187496507516,3199.869225099218,-68.27561656585294,2,a5803f8a5d9d87202b43d709cb328cedaf18c446af448f705c33d553e8c2e9f7,5170ec511fb50cdf10d648416d508574d70e9781ddf156a1b2a86d2b385e94dc,100,1729,maximum_nontransitivity_hybrid_gain,2000.0,3000.0
kata1-b6c96-s69427456-d10051148,52,3152.1129219371223,3044.471871442077,3259.7539724321678,3199.869225099218,-47.75630316209572,2,a5803f8a5d9d87202b43d709cb328cedaf18c446af448f705c33d553e8c2e9f7,5170ec511fb50cdf10d648416d508574d70e9781ddf156a1b2a86d2b385e94dc,100,1729,maximum_nontransitivity_hybrid_gain,2000.0,3000.0
kata1-b6c96-s69427456-d10051148,54,3155.372946568273,3050.0167809467885,3260.729112189758,3199.869225099218,-44.49627853094489,2,a5803f8a5d9d87202b43d709cb328cedaf18c446af448f705c33d553e8c2e9f7,5170ec511fb50cdf10d648416d508574d70e9781ddf156a1b2a86d2b385e94dc,100,1729,maximum_nontransitivity_hybrid_gain,2000.0,3000.0
kata1-b6c96-s69427456-d10051148,56,3158.3581526783037,3055.124077765064,3261.592227591543,3199.869225099218,-41.51107242091439,2,a5803f8a5d9d87202b43d709cb328cedaf18c446af448f705c33d553e8c2e9f7,5170ec511fb50cdf10d648416d508574d70e9781ddf156a1b2a86d2b385e94dc,100,1729,maximum_nontransitivity_hybrid_gain,2000.0,3000.0
kata1-b6c96-s69427456-d10051148,58,3154.107827960206,3052.4750643462694,3255.740591574143,3199.869225099218,-45.76139713901193,2,a5803f8a5d9d87202b43d709cb328cedaf18c446af448f705c33d553e8c2e9f7,5170ec511fb50cdf10d648416d508574d70e9781ddf156a1b2a86d2b385e94dc,100,1729,maximum_nontransitivity_hybrid_gain,2000.0,3000.0
kata1-b6c96-s69427456-d10051148,60,3156.9214353056673,3057.1725577846646,3256.67031282667,3199.869225099218,-42.94778979355078,2,a5803f8a5d9d87202b43d709cb328cedaf18c446af448f705c33d553e8c2e9f7,5170ec511fb50cdf10d648416d508574d70e9781ddf156a1b2a86d2b385e94dc,100,1729,maximum_nontransitivity_hybrid_gain,2000.0,3000.0
kata1-b6c96-s69427456-d10051148,62,3146.470641898233,3047.773428193184,3245.1678556032825,3199.869225099218,-53.39858320098483,2,a5803f8a5d9d87202b43d709cb328cedaf18c446af448f705c33d553e8c2e9f7,5170ec511fb50cdf10d648416d508574d70e9781ddf156a1b2a86d2b385e94dc,100,1729,maximum_nontransitivity_hybrid_gain,2000.0,3000.0
kata1-b6c96-s69427456-d10051148,64,3161.9384133612502,3065.6108793619223,3258.265947360578,3199.869225099218,-37.930811737967815,2,a5803f8a5d9d87202b43d709cb328cedaf18c446af448f705c33d553e8c2e9f7,5170ec511fb50cdf10d648416d508574d70e9781ddf156a1b2a86d2b385e94dc,100,1729,maximum_nontransitivity_hybrid_gain,2000.0,3000.0
kata1-b6c96-s69427456-d10051148,66,3176.1301006695644,3081.860717121651,3270.399484217478,3199.869225099218,-23.739124429653657,2,a5803f8a5d9d87202b43d709cb328cedaf18c446af448f705c33d553e8c2e9f7,5170ec511fb50cdf10d648416d508574d70e9781ddf156a1b2a86d2b385e94dc,100,1729,maximum_nontransitivity_hybrid_gain,2000.0,3000.0
kata1-b6c96-s69427456-d10051148,68,3189.235880372937,3096.770917640189,3281.700843105685,3199.869225099218,-10.633344726280939,2,a5803f8a5d9d87202b43d709cb328cedaf18c446af448f705c33d553e8c2e9f7,5170ec511fb50cdf10d648416d508574d70e9781ddf156a1b2a86d2b385e94dc,100,1729,maximum_nontransitivity_hybrid_gain,2000.0,3000.0
kata1-b6c96-s69427456-d10051148,70,3195.9333019385126,3104.9391751030757,3286.9274287739495,3199.869225099218,-3.9359231607054426,2,a5803f8a5d9d87202b43d709cb328cedaf18c446af448f705c33d553e8c2e9f7,5170ec511fb50cdf10d648416d508574d70e9781ddf156a1b2a86d2b385e94dc,100,1729,maximum_nontransitivity_hybrid_gain,2000.0,3000.0
kata1-b6c96-s69427456-d10051148,72,3196.8932959986755,3107.1501060114806,3286.6364859858704,3199.869225099218,-2.975929100542544,2,a5803f8a5d9d87202b43d709cb328cedaf18c446af448f705c33d553e8c2e9f7,5170ec511fb50cdf10d648416d508574d70e9781ddf156a1b2a86d2b385e94dc,100,1729,maximum_nontransitivity_hybrid_gain,2000.0,3000.0
kata1-b6c96-s69427456-d10051148,74,3187.458165162775,3098.6443223532733,3276.2720079722767,3199.869225099218,-12.411059936443053,2,a5803f8a5d9d87202b43d709cb328cedaf18c446af448f705c33d553e8c2e9f7,5170ec511fb50cdf10d648416d508574d70e9781ddf156a1b2a86d2b385e94dc,100,1729,maximum_nontransitivity_hybrid_gain,2000.0,3000.0
kata1-b6c96-s69427456-d10051148,76,3197.5445962825943,3110.158499951364,3284.9306926138247,3199.869225099218,-2.324628816623772,2,a5803f8a5d9d87202b43d709cb328cedaf18c446af448f705c33d553e8c2e9f7,5170ec511fb50cdf10d648416d508574d70e9781ddf156a1b2a86d2b385e94dc,100,1729,maximum_nontransitivity_hybrid_gain,2000.0,3000.0
kata1-b6c96-s69427456-d10051148,78,3197.0770383851764,3110.8037885229733,3283.3502882473795,3199.869225099218,-2.7921867140416907,2,a5803f8a5d9d87202b43d709cb328cedaf18c446af448f705c33d553e8c2e9f7,5170ec511fb50cdf10d648416d508574d70e9781ddf156a1b2a86d2b385e94dc,100,1729,maximum_nontransitivity_hybrid_gain,2000.0,3000.0
kata1-b6c96-s69427456-d10051148,80,3186.9548185070244,3101.5368330984093,3272.3728039156395,3199.869225099218,-12.9144065921937,2,a5803f8a5d9d87202b43d709cb328cedaf18c446af448f705c33d553e8c2e9f7,5170ec511fb50cdf10d648416d508574d70e9781ddf156a1b2a86d2b385e94dc,100,1729,maximum_nontransitivity_hybrid_gain,2000.0,3000.0
kata1-b6c96-s69427456-d10051148,82,3196.4353096476466,3112.253735512413,3280.61688378288,3199.869225099218,-3.4339154515714654,2,a5803f8a5d9d87202b43d709cb328cedaf18c446af448f705c33d553e8c2e9f7,5170ec511fb50cdf10d648416d508574d70e9781ddf156a1b2a86d2b385e94dc,100,1729,maximum_nontransitivity_hybrid_gain,2000.0,3000.0
kata1-b6c96-s69427456-d10051148,84,3205.361999186592,3122.3005124842707,3288.4234858889135,3199.869225099218,5.492774087374073,2,a5803f8a5d9d87202b43d709cb328cedaf18c446af448f705c33d553e8c2e9f7,5170ec511fb50cdf10d648416d508574d70e9781ddf156a1b2a86d2b385e94dc,100,1729,maximum_nontransitivity_hybrid_gain,2000.0,3000.0
kata1-b6c96-s69427456-d10051148,86,3204.926484174962,3122.798778462202,3287.054189887722,3199.869225099218,5.0572590757437865,2,a5803f8a5d9d87202b43d709cb328cedaf18c446af448f705c33d553e8c2e9f7,5170ec511fb50cdf10d648416d508574d70e9781ddf156a1b2a86d2b385e94dc,100,1729,maximum_nontransitivity_hybrid_gain,2000.0,3000.0
kata1-b6c96-s69427456-d10051148,88,3195.845575239212,3114.4953313309693,3277.1958191474546,3199.869225099218,-4.023649860006117,2,a5803f8a5d9d87202b43d709cb328cedaf18c446af448f705c33d553e8c2e9f7,5170ec511fb50cdf10d648416d508574d70e9781ddf156a1b2a86d2b385e94dc,100,1729,maximum_nontransitivity_hybrid_gain,2000.0,3000.0
kata1-b6c96-s69427456-d10051148,90,3204.1205702228344,3123.7512238672703,3284.4899165783986,3199.869225099218,4.251345123616375,2,a5803f8a5d9d87202b43d709cb328cedaf18c446af448f705c33d553e8c2e9f7,5170ec511fb50cdf10d648416d508574d70e9781ddf156a1b2a86d2b385e94dc,100,1729,maximum_nontransitivity_hybrid_gain,2000.0,3000.0
kata1-b6c96-s69427456-d10051148,92,3203.746892036376,3124.206463854498,3283.2873202182536,3199.869225099218,3.8776669371577555,2,a5803f8a5d9d87202b43d709cb328cedaf18c446af448f705c33d553e8c2e9f7,5170ec511fb50cdf10d648416d508574d70e9781ddf156a1b2a86d2b385e94dc,100,1729,maximum_nontransitivity_hybrid_gain,2000.0,3000.0
kata1-b6c96-s69427456-d10051148,94,3203.390927499302,3124.648580878011,3282.133274120593,3199.869225099218,3.5217024000839956,2,a5803f8a5d9d87202b43d709cb328cedaf18c446af448f705c33d553e8c2e9f7,5170ec511fb50cdf10d648416d508574d70e9781ddf156a1b2a86d2b385e94dc,100,1729,maximum_nontransitivity_hybrid_gain,2000.0,3000.0
kata1-b6c96-s69427456-d10051148,96,3195.1872963903943,3117.1213743010135,3273.253218479775,3199.869225099218,-4.6819287088237616,2,a5803f8a5d9d87202b43d709cb328cedaf18c446af448f705c33d553e8c2e9f7,5170ec511fb50cdf10d648416d508574d70e9781ddf156a1b2a86d2b385e94dc,100,1729,maximum_nontransitivity_hybrid_gain,2000.0,3000.0
kata1-b6c96-s69427456-d10051148,98,3202.7274879323245,3125.4958732384744,3279.9591026261746,3199.869225099218,2.858262833106437,2,a5803f8a5d9d87202b43d709cb328cedaf18c446af448f705c33d553e8c2e9f7,5170ec511fb50cdf10d648416d508574d70e9781ddf156a1b2a86d2b385e94dc,100,1729,maximum_nontransitivity_hybrid_gain,2000.0,3000.0
kata1-b6c96-s69427456-d10051148,100,3202.417742106309,3125.9018740935535,3278.9336101190647,3199.869225099218,2.54851700709105,2,a5803f8a5d9d87202b43d709cb328cedaf18c446af448f705c33d553e8c2e9f7,5170ec511fb50cdf10d648416d508574d70e9781ddf156a1b2a86d2b385e94dc,100,1729,maximum_nontransitivity_hybrid_gain,2000.0,3000.0
kata1-b6c96-s152505856-d23152636,2,2847.818875061247,414.5335661908139,5281.10418393168,3315.4166544956793,-467.59777943443214,2,a5803f8a5d9d87202b43d709cb328cedaf18c446af448f705c33d553e8c2e9f7,5170ec511fb50cdf10d648416d508574d70e9781ddf156a1b2a86d2b385e94dc,100,1729,maximum_nontransitivity_hybrid_gain,2000.0,3000.0
kata1-b6c96-s152505856-d23152636,4,3566.134856250239,1695.4242980354213,5436.845414465057,3315.4166544956793,250.7182017545597,2,a5803f8a5d9d87202b43d709cb328cedaf18c446af448f705c33d553e8c2e9f7,5170ec511fb50cdf10d648416d508574d70e9781ddf156a1b2a86d2b385e94dc,100,1729,maximum_nontransitivity_hybrid_gain,2000.0,3000.0
kata1-b6c96-s152505856-d23152636,6,3193.2736181758996,2651.882168474413,3734.6650678773863,3315.4166544956793,-122.14303631977964,2,a5803f8a5d9d87202b43d709cb328cedaf18c446af448f705c33d553e8c2e9f7,5170ec511fb50cdf10d648416d508574d70e9781ddf156a1b2a86d2b385e94dc,100,1729,maximum_nontransitivity_hybrid_gain,2000.0,3000.0
kata1-b6c96-s152505856-d23152636,8,3263.002073508677,2804.0066468307864,3721.9975001865673,3315.4166544956793,-52.41458098700241,2,a5803f8a5d9d87202b43d709cb328cedaf18c446af448f705c33d553e8c2e9f7,5170ec511fb50cdf10d648416d508574d70e9781ddf156a1b2a86d2b385e94dc,100,1729,maximum_nontransitivity_hybrid_gain,2000.0,3000.0
kata1-b6c96-s152505856-d23152636,10,3353.756663691382,3015.082587275957,3692.430740106807,3315.4166544956793,38.340009195702805,2,a5803f8a5d9d87202b43d709cb328cedaf18c446af448f705c33d553e8c2e9f7,5170ec511fb50cdf10d648416d508574d70e9781ddf156a1b2a86d2b385e94dc,100,1729,maximum_nontransitivity_hybrid_gain,2000.0,3000.0
kata1-b6c96-s152505856-d23152636,12,3346.942219675865,3069.2664223712172,3624.618016980513,3315.4166544956793,31.525565180185822,2,a5803f8a5d9d87202b43d709cb328cedaf18c446af448f705c33d553e8c2e9f7,5170ec511fb50cdf10d648416d508574d70e9781ddf156a1b2a86d2b385e94dc,100,1729,maximum_nontransitivity_hybrid_gain,2000.0,3000.0
kata1-b6c96-s152505856-d23152636,14,3343.505853804338,3102.2192570053417,3584.7924506033346,3315.4166544956793,28.089199308658863,2,a5803f8a5d9d87202b43d709cb328cedaf18c446af448f705c33d553e8c2e9f7,5170ec511fb50cdf10d648416d508574d70e9781ddf156a1b2a86d2b385e94dc,100,1729,maximum_nontransitivity_hybrid_gain,2000.0,3000.0
kata1-b6c96-s152505856-d23152636,16,3411.506323870387,3190.1920839854006,3632.8205637553733,3315.4166544956793,96.08966937470768,2,a5803f8a5d9d87202b43d709cb328cedaf18c446af448f705c33d553e8c2e9f7,5170ec511fb50cdf10d648416d508574d70e9781ddf156a1b2a86d2b385e94dc,100,1729,maximum_nontransitivity_hybrid_gain,2000.0,3000.0
kata1-b6c96-s152505856-d23152636,18,3408.0051115532883,3206.4918888719144,3609.5183342346622,3315.4166544956793,92.58845705760905,2,a5803f8a5d9d87202b43d709cb328cedaf18c446af448f705c33d553e8c2e9f7,5170ec511fb50cdf10d648416d508574d70e9781ddf156a1b2a86d2b385e94dc,100,1729,maximum_nontransitivity_hybrid_gain,2000.0,3000.0
kata1-b6c96-s152505856-d23152636,20,3405.536459697636,3219.1390119324183,3591.9339074628538,3315.4166544956793,90.11980520195675,2,a5803f8a5d9d87202b43d709cb328cedaf18c446af448f705c33d553e8c2e9f7,5170ec511fb50cdf10d648416d508574d70e9781ddf156a1b2a86d2b385e94dc,100,1729,maximum_nontransitivity_hybrid_gain,2000.0,3000.0
kata1-b6c96-s152505856-d23152636,22,3352.709350398105,3179.87591579612,3525.54278500009,3315.4166544956793,37.29269590242575,2,a5803f8a5d9d87202b43d709cb328cedaf18c446af448f705c33d553e8c2e9f7,5170ec511fb50cdf10d648416d508574d70e9781ddf156a1b2a86d2b385e94dc,100,1729,maximum_nontransitivity_hybrid_gain,2000.0,3000.0
kata1-b6c96-s152505856-d23152636,24,3356.951471471288,3193.5727942405038,3520.3301487020726,3315.4166544956793,41.53481697560892,2,a5803f8a5d9d87202b43d709cb328cedaf18c446af448f705c33d553e8c2e9f7,5170ec511fb50cdf10d648416d508574d70e9781ddf156a1b2a86d2b385e94dc,100,1729,maximum_nontransitivity_hybrid_gain,2000.0,3000.0
kata1-b6c96-s152505856-d23152636,26,3325.47651606322,3169.7085767723142,3481.244455354126,3315.4166544956793,10.059861567540793,2,a5803f8a5d9d87202b43d709cb328cedaf18c446af448f705c33d553e8c2e9f7,5170ec511fb50cdf10d648416d508574d70e9781ddf156a1b2a86d2b385e94dc,100,1729,maximum_nontransitivity_hybrid_gain,2000.0,3000.0
kata1-b6c96-s152505856-d23152636,28,3352.9561307743074,3204.3032829590115,3501.6089785896033,3315.4166544956793,37.53947627862817,2,a5803f8a5d9d87202b43d709cb328cedaf18c446af448f705c33d553e8c2e9f7,5170ec511fb50cdf10d648416d508574d70e9781ddf156a1b2a86d2b385e94dc,100,1729,maximum_nontransitivity_hybrid_gain,2000.0,3000.0
kata1-b6c96-s152505856-d23152636,30,3317.418860278691,3174.487458957856,3460.3502615995267,3315.4166544956793,2.0022057830119593,2,a5803f8a5d9d87202b43d709cb328cedaf18c446af448f705c33d553e8c2e9f7,5170ec511fb50cdf10d648416d508574d70e9781ddf156a1b2a86d2b385e94dc,100,1729,maximum_nontransitivity_hybrid_gain,2000.0,3000.0
kata1-b6c96-s152505856-d23152636,32,3289.238877337582,3150.927585204451,3427.5501694707127,3315.4166544956793,-26.177777158097342,2,a5803f8a5d9d87202b43d709cb328cedaf18c446af448f705c33d553e8c2e9f7,5170ec511fb50cdf10d648416d508574d70e9781ddf156a1b2a86d2b385e94dc,100,1729,maximum_nontransitivity_hybrid_gain,2000.0,3000.0
kata1-b6c96-s152505856-d23152636,34,3290.4307710934872,3157.0768351056904,3423.784707081284,3315.4166544956793,-24.98588340219203,2,a5803f8a5d9d87202b43d709cb328cedaf18c446af448f705c33d553e8c2e9f7,5170ec511fb50cdf10d648416d508574d70e9781ddf156a1b2a86d2b385e94dc,100,1729,maximum_nontransitivity_hybrid_gain,2000.0,3000.0
kata1-b6c96-s152505856-d23152636,36,3291.4585263651843,3162.5244566908495,3420.392596039519,3315.4166544956793,-23.95812813049497,2,a5803f8a5d9d87202b43d709cb328cedaf18c446af448f705c33d553e8c2e9f7,5170ec511fb50cdf10d648416d508574d70e9781ddf156a1b2a86d2b385e94dc,100,1729,maximum_nontransitivity_hybrid_gain,2000.0,3000.0
kata1-b6c96-s152505856-d23152636,38,3314.3563439105214,3189.8692337537923,3438.8434540672506,3315.4166544956793,-1.060310585157822,2,a5803f8a5d9d87202b43d709cb328cedaf18c446af448f705c33d553e8c2e9f7,5170ec511fb50cdf10d648416d508574d70e9781ddf156a1b2a86d2b385e94dc,100,1729,maximum_nontransitivity_hybrid_gain,2000.0,3000.0
kata1-b6c96-s152505856-d23152636,40,3324.1199816629905,3203.2334061615984,3445.0065571643827,3315.4166544956793,8.703327167311272,2,a5803f8a5d9d87202b43d709cb328cedaf18c446af448f705c33d553e8c2e9f7,5170ec511fb50cdf10d648416d508574d70e9781ddf156a1b2a86d2b385e94dc,100,1729,maximum_nontransitivity_hybrid_gain,2000.0,3000.0
kata1-b6c96-s152505856-d23152636,42,3323.544467742789,3205.9021998132557,3441.1867356723224,3315.4166544956793,8.12781324710977,2,a5803f8a5d9d87202b43d709cb328cedaf18c446af448f705c33d553e8c2e9f7,5170ec511fb50cdf10d648416d508574d70e9781ddf156a1b2a86d2b385e94dc,100,1729,maximum_nontransitivity_hybrid_gain,2000.0,3000.0
kata1-b6c96-s152505856-d23152636,44,3341.0786479702347,3226.317790536411,3455.8395054040584,3315.4166544956793,25.661993474555402,2,a5803f8a5d9d87202b43d709cb328cedaf18c446af448f705c33d553e8c2e9f7,5170ec511fb50cdf10d648416d508574d70e9781ddf156a1b2a86d2b385e94dc,100,1729,maximum_nontransitivity_hybrid_gain,2000.0,3000.0
kata1-b6c96-s152505856-d23152636,46,3321.749017955616,3209.811909970681,3433.6861259405514,3315.4166544956793,6.332363459936914,2,a5803f8a5d9d87202b43d709cb328cedaf18c446af448f705c33d553e8c2e9f7,5170ec511fb50cdf10d648416d508574d70e9781ddf156a1b2a86d2b385e94dc,100,1729,maximum_nontransitivity_hybrid_gain,2000.0,3000.0
kata1-b6c96-s152505856-d23152636,48,3321.370738012648,3211.9733478321627,3430.768128193133,3315.4166544956793,5.954083516968694,2,a5803f8a5d9d87202b43d709cb328cedaf18c446af448f705c33d553e8c2e9f7,5170ec511fb50cdf10d648416d508574d70e9781ddf156a1b2a86d2b385e94dc,100,1729,maximum_nontransitivity_hybrid_gain,2000.0,3000.0
kata1-b6c96-s152505856-d23152636,50,3336.9560165123116,3229.8495310443236,3444.0625019802997,3315.4166544956793,21.539362016632367,2,a5803f8a5d9d87202b43d709cb328cedaf18c446af448f705c33d553e8c2e9f7,5170ec511fb50cdf10d648416d508574d70e9781ddf156a1b2a86d2b385e94dc,100,1729,maximum_nontransitivity_hybrid_gain,2000.0,3000.0
kata1-b6c96-s152505856-d23152636,52,3343.5611752008454,3238.5620040554754,3448.5603463462153,3315.4166544956793,28.144520705166087,2,a5803f8a5d9d87202b43d709cb328cedaf18c446af448f705c33d553e8c2e9f7,5170ec511fb50cdf10d648416d508574d70e9781ddf156a1b2a86d2b385e94dc,100,1729,maximum_nontransitivity_hybrid_gain,2000.0,3000.0
kata1-b6c96-s152505856-d23152636,54,3342.3034332320026,3239.3668181395883,3445.240048324417,3315.4166544956793,26.886778736323322,2,a5803f8a5d9d87202b43d709cb328cedaf18c446af448f705c33d553e8c2e9f7,5170ec511fb50cdf10d648416d508574d70e9781ddf156a1b2a86d2b385e94dc,100,1729,maximum_nontransitivity_hybrid_gain,2000.0,3000.0
kata1-b6c96-s152505856-d23152636,56,3355.1988274660007,3253.9379700119885,3456.459684920013,3315.4166544956793,39.782172970321426,2,a5803f8a5d9d87202b43d709cb328cedaf18c446af448f705c33d553e8c2e9f7,5170ec511fb50cdf10d648416d508574d70e9781ddf156a1b2a86d2b385e94dc,100,1729,maximum_nontransitivity_hybrid_gain,2000.0,3000.0
kata1-b6c96-s152505856-d23152636,58,3340.083382097811,3240.8894809993344,3439.2772831962875,3315.4166544956793,24.666727602131687,2,a5803f8a5d9d87202b43d709cb328cedaf18c446af448f705c33d553e8c2e9f7,5170ec511fb50cdf10d648416d508574d70e9781ddf156a1b2a86d2b385e94dc,100,1729,maximum_nontransitivity_hybrid_gain,2000.0,3000.0
kata1-b6c96-s152505856-d23152636,60,3326.16134452382,3228.769939319009,3423.5527497286307,3315.4166544956793,10.744690028140667,2,a5803f8a5d9d87202b43d709cb328cedaf18c446af448f705c33d553e8c2e9f7,5170ec511fb50cdf10d648416d508574d70e9781ddf156a1b2a86d2b385e94dc,100,1729,maximum_nontransitivity_hybrid_gain,2000.0,3000.0
kata1-b6c96-s152505856-d23152636,62,3319.4915190006604,3223.7057237007275,3415.2773143005934,3315.4166544956793,4.0748645049811785,2,a5803f8a5d9d87202b43d709cb328cedaf18c446af448f705c33d553e8c2e9f7,5170ec511fb50cdf10d648416d508574d70e9781ddf156a1b2a86d2b385e94dc,100,1729,maximum_nontransitivity_hybrid_gain,2000.0,3000.0
kata1-b6c96-s152505856-d23152636,64,3331.0370722329503,3236.7296925618466,3425.344451904054,3315.4166544956793,15.620417737271055,2,a5803f8a5d9d87202b43d709cb328cedaf18c446af448f705c33d553e8c2e9f7,5170ec511fb50cdf10d648416d508574d70e9781ddf156a1b2a86d2b385e94dc,100,1729,maximum_nontransitivity_hybrid_gain,2000.0,3000.0
kata1-b6c96-s152505856-d23152636,66,3341.8175435246585,3248.8260260440675,3434.8090610052495,3315.4166544956793,26.400889028979236,2,a5803f8a5d9d87202b43d709cb328cedaf18c446af448f705c33d553e8c2e9f7,5170ec511fb50cdf10d648416d508574d70e9781ddf156a1b2a86d2b385e94dc,100,1729,maximum_nontransitivity_hybrid_gain,2000.0,3000.0
kata1-b6c96-s152505856-d23152636,68,3340.6180153042783,3248.9972127635656,3432.238817844991,3315.4166544956793,25.20136080859902,2,a5803f8a5d9d87202b43d709cb328cedaf18c446af448f705c33d553e8c2e9f7,5170ec511fb50cdf10d648416d508574d70e9781ddf156a1b2a86d2b385e94dc,100,1729,maximum_nontransitivity_hybrid_gain,2000.0,3000.0
kata1-b6c96-s152505856-d23152636,70,3339.4948226615934,3249.1757410327914,3429.8139042903954,3315.4166544956793,24.07816816591412,2,a5803f8a5d9d87202b43d709cb328cedaf18c446af448f705c33d553e8c2e9f7,5170ec511fb50cdf10d648416d508574d70e9781ddf156a1b2a86d2b385e94dc,100,1729,maximum_nontransitivity_hybrid_gain,2000.0,3000.0
kata1-b6c96-s152505856-d23152636,72,3349.0446810572907,3259.7988947784643,3438.290467336117,3315.4166544956793,33.62802656161148,2,a5803f8a5d9d87202b43d709cb328cedaf18c446af448f705c33d553e8c2e9f7,5170ec511fb50cdf10d648416d508574d70e9781ddf156a1b2a86d2b385e94dc,100,1729,maximum_nontransitivity_hybrid_gain,2000.0,3000.0
kata1-b6c96-s152505856-d23152636,74,3347.7335990680826,3259.67868261654,3435.7885155196254,3315.4166544956793,32.31694457240337,2,a5803f8a5d9d87202b43d709cb328cedaf18c446af448f705c33d553e8c2e9f7,5170ec511fb50cdf10d648416d508574d70e9781ddf156a1b2a86d2b385e94dc,100,1729,maximum_nontransitivity_hybrid_gain,2000.0,3000.0
kata1-b6c96-s152505856-d23152636,76,3341.503827497045,3254.6630946181294,3428.344560375961,3315.4166544956793,26.087173001365954,2,a5803f8a5d9d87202b43d709cb328cedaf18c446af448f705c33d553e8c2e9f7,5170ec511fb50cdf10d648416d508574d70e9781ddf156a1b2a86d2b385e94dc,100,1729,maximum_nontransitivity_hybrid_gain,2000.0,3000.0
kata1-b6c96-s152505856-d23152636,78,3330.8013592998236,3245.1442082064464,3416.458510393201,3315.4166544956793,15.384704804144349,2,a5803f8a5d9d87202b43d709cb328cedaf18c446af448f705c33d553e8c2e9f7,5170ec511fb50cdf10d648416d508574d70e9781ddf156a1b2a86d2b385e94dc,100,1729,maximum_nontransitivity_hybrid_gain,2000.0,3000.0
kata1-b6c96-s152505856-d23152636,80,3320.7093406825834,3236.1231637829637,3405.295517582203,3315.4166544956793,5.29268618690412,2,a5803f8a5d9d87202b43d709cb328cedaf18c446af448f705c33d553e8c2e9f7,5170ec511fb50cdf10d648416d508574d70e9781ddf156a1b2a86d2b385e94dc,100,1729,maximum_nontransitivity_hybrid_gain,2000.0,3000.0
kata1-b6c96-s152505856-d23152636,82,3321.0342909872197,3237.4425276884263,3404.626054286013,3315.4166544956793,5.617636491540452,2,a5803f8a5d9d87202b43d709cb328cedaf18c446af448f705c33d553e8c2e9f7,5170ec511fb50cdf10d648416d508574d70e9781ddf156a1b2a86d2b385e94dc,100,1729,maximum_nontransitivity_hybrid_gain,2000.0,3000.0
kata1-b6c96-s152505856-d23152636,84,3312.371579355227,3229.7271743172305,3395.0159843932233,3315.4166544956793,-3.0450751404523544,2,a5803f8a5d9d87202b43d709cb328cedaf18c446af448f705c33d553e8c2e9f7,5170ec511fb50cdf10d648416d508574d70e9781ddf156a1b2a86d2b385e94dc,100,1729,maximum_nontransitivity_hybrid_gain,2000.0,3000.0
kata1-b6c96-s152505856-d23152636,86,3312.8949702095547,3231.1647308168763,3394.625209602233,3315.4166544956793,-2.5216842861245823,2,a5803f8a5d9d87202b43d709cb328cedaf18c446af448f705c33d553e8c2e9f7,5170ec511fb50cdf10d648416d508574d70e9781ddf156a1b2a86d2b385e94dc,100,1729,maximum_nontransitivity_hybrid_gain,2000.0,3000.0
kata1-b6c96-s152505856-d23152636,88,3309.130686075125,3228.2609359674398,3390.0004361828105,3315.4166544956793,-6.285968420554127,2,a5803f8a5d9d87202b43d709cb328cedaf18c446af448f705c33d553e8c2e9f7,5170ec511fb50cdf10d648416d508574d70e9781ddf156a1b2a86d2b385e94dc,100,1729,maximum_nontransitivity_hybrid_gain,2000.0,3000.0
kata1-b6c96-s152505856-d23152636,90,3309.7080066466365,3229.6829891510038,3389.733024142269,3315.4166544956793,-5.708647849042791,2,a5803f8a5d9d87202b43d709cb328cedaf18c446af448f705c33d553e8c2e9f7,5170ec511fb50cdf10d648416d508574d70e9781ddf156a1b2a86d2b385e94dc,100,1729,maximum_nontransitivity_hybrid_gain,2000.0,3000.0
kata1-b6c96-s152505856-d23152636,92,3314.314722890866,3235.1179365090034,3393.5115092727287,3315.4166544956793,-1.1019316048132168,2,a5803f8a5d9d87202b43d709cb328cedaf18c446af448f705c33d553e8c2e9f7,5170ec511fb50cdf10d648416d508574d70e9781ddf156a1b2a86d2b385e94dc,100,1729,maximum_nontransitivity_hybrid_gain,2000.0,3000.0
kata1-b6c96-s152505856-d23152636,94,3314.1049843933806,3235.684203536809,3392.525765249952,3315.4166544956793,-1.311670102298649,2,a5803f8a5d9d87202b43d709cb328cedaf18c446af448f705c33d553e8c2e9f7,5170ec511fb50cdf10d648416d508574d70e9781ddf156a1b2a86d2b385e94dc,100,1729,maximum_nontransitivity_hybrid_gain,2000.0,3000.0
kata1-b6c96-s152505856-d23152636,96,3314.5291161195787,3236.8630742145338,3392.1951580246237,3315.4166544956793,-0.8875383761005651,2,a5803f8a5d9d87202b43d709cb328cedaf18c446af448f705c33d553e8c2e9f7,5170ec511fb50cdf10d648416d508574d70e9781ddf156a1b2a86d2b385e94dc,100,1729,maximum_nontransitivity_hybrid_gain,2000.0,3000.0
kata1-b6c96-s152505856-d23152636,98,3314.3242908423317,3237.3806617141568,3391.2679199705067,3315.4166544956793,-1.0923636533475474,2,a5803f8a5d9d87202b43d709cb328cedaf18c446af448f705c33d553e8c2e9f7,5170ec511fb50cdf10d648416d508574d70e9781ddf156a1b2a86d2b385e94dc,100,1729,maximum_nontransitivity_hybrid_gain,2000.0,3000.0
kata1-b6c96-s152505856-d23152636,100,3318.433489197507,3242.1990374694005,3394.667940925613,3315.4166544956793,3.01683470182752,2,a5803f8a5d9d87202b43d709cb328cedaf18c446af448f705c33d553e8c2e9f7,5170ec511fb50cdf10d648416d508574d70e9781ddf156a1b2a86d2b385e94dc,100,1729,maximum_nontransitivity_hybrid_gain,2000.0,3000.0
kata1-b10c128-s56992512-d31122236,2,2847.802529185296,414.49470260224916,5281.110355768343,3439.420101936604,-591.6175727513082,2,a5803f8a5d9d87202b43d709cb328cedaf18c446af448f705c33d553e8c2e9f7,5170ec511fb50cdf10d648416d508574d70e9781ddf156a1b2a86d2b385e94dc,100,1729,maximum_nontransitivity_hybrid_gain,2000.0,3000.0
kata1-b10c128-s56992512-d31122236,4,3566.5170669394233,1696.005667857647,5437.0284660212,3439.420101936604,127.09696500281916,2,a5803f8a5d9d87202b43d709cb328cedaf18c446af448f705c33d553e8c2e9f7,5170ec511fb50cdf10d648416d508574d70e9781ddf156a1b2a86d2b385e94dc,100,1729,maximum_nontransitivity_hybrid_gain,2000.0,3000.0
kata1-b10c128-s56992512-d31122236,6,3565.4801663927906,3097.644449995634,4033.315882789947,3439.420101936604,126.06006445618641,2,a5803f8a5d9d87202b43d709cb328cedaf18c446af448f705c33d553e8c2e9f7,5170ec511fb50cdf10d648416d508574d70e9781ddf156a1b2a86d2b385e94dc,100,1729,maximum_nontransitivity_hybrid_gain,2000.0,3000.0
kata1-b10c128-s56992512-d31122236,8,3382.6850107769305,3014.6429798127238,3750.7270417411373,3439.420101936604,-56.73509115967363,2,a5803f8a5d9d87202b43d709cb328cedaf18c446af448f705c33d553e8c2e9f7,5170ec511fb50cdf10d648416d508574d70e9781ddf156a1b2a86d2b385e94dc,100,1729,maximum_nontransitivity_hybrid_gain,2000.0,3000.0
kata1-b10c128-s56992512-d31122236,10,3442.6990295158726,3153.7134703732586,3731.6845886584865,3439.420101936604,3.278927579268384,2,a5803f8a5d9d87202b43d709cb328cedaf18c446af448f705c33d553e8c2e9f7,5170ec511fb50cdf10d648416d508574d70e9781ddf156a1b2a86d2b385e94dc,100,1729,maximum_nontransitivity_hybrid_gain,2000.0,3000.0
kata1-b10c128-s56992512-d31122236,12,3425.0630816628977,3169.3076406696696,3680.818522656126,3439.420101936604,-14.35702027370644,2,a5803f8a5d9d87202b43d709cb328cedaf18c446af448f705c33d553e8c2e9f7,5170ec511fb50cdf10d648416d508574d70e9781ddf156a1b2a86d2b385e94dc,100,1729,maximum_nontransitivity_hybrid_gain,2000.0,3000.0
kata1-b10c128-s56992512-d31122236,14,3372.530586451645,3129.338029262317,3615.723143640973,3439.420101936604,-66.88951548495925,2,a5803f8a5d9d87202b43d709cb328cedaf18c446af448f705c33d553e8c2e9f7,5170ec511fb50cdf10d648416d508574d70e9781ddf156a1b2a86d2b385e94dc,100,1729,maximum_nontransitivity_hybrid_gain,2000.0,3000.0
kata1-b10c128-s56992512-d31122236,16,3332.792467505121,3097.695655728289,3567.889279281953,3439.420101936604,-106.62763443148333,2,a5803f8a5d9d87202b43d709cb328cedaf18c446af448f705c33d553e8c2e9f7,5170ec511fb50cdf10d648416d508574d70e9781ddf156a1b2a86d2b385e94dc,100,1729,maximum_nontransitivity_hybrid_gain,2000.0,3000.0
kata1-b10c128-s56992512-d31122236,18,3370.432484635918,3162.480511472004,3578.3844577998325,3439.420101936604,-68.987617300686,2,a5803f8a5d9d87202b43d709cb328cedaf18c446af448f705c33d553e8c2e9f7,5170ec511fb50cdf10d648416d508574d70e9781ddf156a1b2a86d2b385e94dc,100,1729,maximum_nontransitivity_hybrid_gain,2000.0,3000.0
kata1-b10c128-s56992512-d31122236,20,3397.8490114908277,3208.6971850856035,3587.000837896052,3439.420101936604,-41.57109044577646,2,a5803f8a5d9d87202b43d709cb328cedaf18c446af448f705c33d553e8c2e9f7,5170ec511fb50cdf10d648416d508574d70e9781ddf156a1b2a86d2b385e94dc,100,1729,maximum_nontransitivity_hybrid_gain,2000.0,3000.0
kata1-b10c128-s56992512-d31122236,22,3418.2073482762867,3243.0568581860293,3593.357838366544,3439.420101936604,-21.212753660317503,2,a5803f8a5d9d87202b43d709cb328cedaf18c446af448f705c33d553e8c2e9f7,5170ec511fb50cdf10d648416d508574d70e9781ddf156a1b2a86d2b385e94dc,100,1729,maximum_nontransitivity_hybrid_gain,2000.0,3000.0
kata1-b10c128-s56992512-d31122236,24,3433.982677040402,3269.8028444955426,3598.1625095852614,3439.420101936604,-5.437424896202174,2,a5803f8a5d9d87202b43d709cb328cedaf18c446af448f705c33d553e8c2e9f7,5170ec511fb50cdf10d648416d508574d70e9781ddf156a1b2a86d2b385e94dc,100,1729,maximum_nontransitivity_hybrid_gain,2000.0,3000.0
kata1-b10c128-s56992512-d31122236,26,3463.7069189822164,3310.465583655868,3616.9482543085646,3439.420101936604,24.286817045612224,2,a5803f8a5d9d87202b43d709cb328cedaf18c446af448f705c33d553e8c2e9f7,5170ec511fb50cdf10d648416d508574d70e9781ddf156a1b2a86d2b385e94dc,100,1729,maximum_nontransitivity_hybrid_gain,2000.0,3000.0
kata1-b10c128-s56992512-d31122236,28,3487.559308825063,3342.6457427033274,3632.4728749467986,3439.420101936604,48.13920688845883,2,a5803f8a5d9d87202b43d709cb328cedaf18c446af448f705c33d553e8c2e9f7,5170ec511fb50cdf10d648416d508574d70e9781ddf156a1b2a86d2b385e94dc,100,1729,maximum_nontransitivity_hybrid_gain,2000.0,3000.0
kata1-b10c128-s56992512-d31122236,30,3479.0808489379633,3338.8967665912946,3619.264931284632,3439.420101936604,39.66074700135914,2,a5803f8a5d9d87202b43d709cb328cedaf18c446af448f705c33d553e8c2e9f7,5170ec511fb50cdf10d648416d508574d70e9781ddf156a1b2a86d2b385e94dc,100,1729,maximum_nontransitivity_hybrid_gain,2000.0,3000.0
kata1-b10c128-s56992512-d31122236,32,3485.327466713258,3350.416169882382,3620.2387635441346,3439.420101936604,45.90736477665405,2,a5803f8a5d9d87202b43d709cb328cedaf18c446af448f705c33d553e8c2e9f7,5170ec511fb50cdf10d648416d508574d70e9781ddf156a1b2a86d2b385e94dc,100,1729,maximum_nontransitivity_hybrid_gain,2000.0,3000.0
kata1-b10c128-s56992512-d31122236,34,3490.1883291911035,3359.9349022609817,3620.4417561212254,3439.420101936604,50.76822725449938,2,a5803f8a5d9d87202b43d709cb328cedaf18c446af448f705c33d553e8c2e9f7,5170ec511fb50cdf10d648416d508574d70e9781ddf156a1b2a86d2b385e94dc,100,1729,maximum_nontransitivity_hybrid_gain,2000.0,3000.0
kata1-b10c128-s56992512-d31122236,36,3506.052127889981,3380.574577622177,3631.529678157785,3439.420101936604,66.6320259533768,2,a5803f8a5d9d87202b43d709cb328cedaf18c446af448f705c33d553e8c2e9f7,5170ec511fb50cdf10d648416d508574d70e9781ddf156a1b2a86d2b385e94dc,100,1729,maximum_nontransitivity_hybrid_gain,2000.0,3000.0
kata1-b10c128-s56992512-d31122236,38,3488.058834519004,3365.0662443506612,3611.0514246873468,3439.420101936604,48.638732582399825,2,a5803f8a5d9d87202b43d709cb328cedaf18c446af448f705c33d553e8c2e9f7,5170ec511fb50cdf10d648416d508574d70e9781ddf156a1b2a86d2b385e94dc,100,1729,maximum_nontransitivity_hybrid_gain,2000.0,3000.0
kata1-b10c128-s56992512-d31122236,40,3492.3761872011555,3372.8620631528493,3611.890311249462,3439.420101936604,52.95608526455135,2,a5803f8a5d9d87202b43d709cb328cedaf18c446af448f705c33d553e8c2e9f7,5170ec511fb50cdf10d648416d508574d70e9781ddf156a1b2a86d2b385e94dc,100,1729,maximum_nontransitivity_hybrid_gain,2000.0,3000.0
kata1-b10c128-s56992512-d31122236,42,3476.785665264524,3359.2289989741007,3594.3423315549476,3439.420101936604,37.36556332791997,2,a5803f8a5d9d87202b43d709cb328cedaf18c446af448f705c33d553e8c2e9f7,5170ec511fb50cdf10d648416d508574d70e9781ddf156a1b2a86d2b385e94dc,100,1729,maximum_nontransitivity_hybrid_gain,2000.0,3000.0
kata1-b10c128-s56992512-d31122236,44,3481.2777267966208,3366.7680514743747,3595.787402118867,3439.420101936604,41.857624860016585,2,a5803f8a5d9d87202b43d709cb328cedaf18c446af448f705c33d553e8c2e9f7,5170ec511fb50cdf10d648416d508574d70e9781ddf156a1b2a86d2b385e94dc,100,1729,maximum_nontransitivity_hybrid_gain,2000.0,3000.0
kata1-b10c128-s56992512-d31122236,46,3467.525205556265,3354.6049376584074,3580.4454734541227,3439.420101936604,28.105103619660895,2,a5803f8a5d9d87202b43d709cb328cedaf18c446af448f705c33d553e8c2e9f7,5170ec511fb50cdf10d648416d508574d70e9781ddf156a1b2a86d2b385e94dc,100,1729,maximum_nontransitivity_hybrid_gain,2000.0,3000.0
kata1-b10c128-s56992512-d31122236,48,3471.7629633823954,3361.5455630909983,3581.9803636737925,3439.420101936604,32.342861445791186,2,a5803f8a5d9d87202b43d709cb328cedaf18c446af448f705c33d553e8c2e9f7,5170ec511fb50cdf10d648416d508574d70e9781ddf156a1b2a86d2b385e94dc,100,1729,maximum_nontransitivity_hybrid_gain,2000.0,3000.0
kata1-b10c128-s56992512-d31122236,50,3459.7621286203726,3350.86756073895,3568.656696501795,3439.420101936604,20.34202668376838,2,a5803f8a5d9d87202b43d709cb328cedaf18c446af448f705c33d553e8c2e9f7,5170ec511fb50cdf10d648416d508574d70e9781ddf156a1b2a86d2b385e94dc,100,1729,maximum_nontransitivity_hybrid_gain,2000.0,3000.0
kata1-b10c128-s56992512-d31122236,52,3448.2697019050593,3340.5422440808743,3555.9971597292442,3439.420101936604,8.849599968455095,2,a5803f8a5d9d87202b43d709cb328cedaf18c446af448f705c33d553e8c2e9f7,5170ec511fb50cdf10d648416d508574d70e9781ddf156a1b2a86d2b385e94dc,100,1729,maximum_nontransitivity_hybrid_gain,2000.0,3000.0
kata1-b10c128-s56992512-d31122236,54,3437.7588316155125,3331.074282340103,3544.443380890922,3439.420101936604,-1.6612703210917061,2,a5803f8a5d9d87202b43d709cb328cedaf18c446af448f705c33d553e8c2e9f7,5170ec511fb50cdf10d648416d508574d70e9781ddf156a1b2a86d2b385e94dc,100,1729,maximum_nontransitivity_hybrid_gain,2000.0,3000.0
kata1-b10c128-s56992512-d31122236,56,3457.374293781422,3354.220265406119,3560.5283221567247,3439.420101936604,17.954191844817615,2,a5803f8a5d9d87202b43d709cb328cedaf18c446af448f705c33d553e8c2e9f7,5170ec511fb50cdf10d648416d508574d70e9781ddf156a1b2a86d2b385e94dc,100,1729,maximum_nontransitivity_hybrid_gain,2000.0,3000.0
kata1-b10c128-s56992512-d31122236,58,3447.4753713805335,3345.2850984178294,3549.6656443432375,3439.420101936604,8.055269443929319,2,a5803f8a5d9d87202b43d709cb328cedaf18c446af448f705c33d553e8c2e9f7,5170ec511fb50cdf10d648416d508574d70e9781ddf156a1b2a86d2b385e94dc,100,1729,maximum_nontransitivity_hybrid_gain,2000.0,3000.0
kata1-b10c128-s56992512-d31122236,60,3451.6250358382345,3351.434518957268,3551.8155527192007,3439.420101936604,12.204933901630284,2,a5803f8a5d9d87202b43d709cb328cedaf18c446af448f705c33d553e8c2e9f7,5170ec511fb50cdf10d648416d508574d70e9781ddf156a1b2a86d2b385e94dc,100,1729,maximum_nontransitivity_hybrid_gain,2000.0,3000.0
kata1-b10c128-s56992512-d31122236,62,3442.5244855718347,3343.173541964612,3541.8754291790574,3439.420101936604,3.1043836352305334,2,a5803f8a5d9d87202b43d709cb328cedaf18c446af448f705c33d553e8c2e9f7,5170ec511fb50cdf10d648416d508574d70e9781ddf156a1b2a86d2b385e94dc,100,1729,maximum_nontransitivity_hybrid_gain,2000.0,3000.0
kata1-b10c128-s56992512-d31122236,64,3440.149530593101,3342.1145589201974,3538.184502266005,3439.420101936604,0.7294286564970207,2,a5803f8a5d9d87202b43d709cb328cedaf18c446af448f705c33d553e8c2e9f7,5170ec511fb50cdf10d648416d508574d70e9781ddf156a1b2a86d2b385e94dc,100,1729,maximum_nontransitivity_hybrid_gain,2000.0,3000.0
kata1-b10c128-s56992512-d31122236,66,3444.443758261086,3348.1695998323107,3540.717916689861,3439.420101936604,5.023656324481635,2,a5803f8a5d9d87202b43d709cb328cedaf18c446af448f705c33d553e8c2e9f7,5170ec511fb50cdf10d648416d508574d70e9781ddf156a1b2a86d2b385e94dc,100,1729,maximum_nontransitivity_hybrid_gain,2000.0,3000.0
kata1-b10c128-s56992512-d31122236,68,3448.1903525768157,3353.5607836769022,3542.819921476729,3439.420101936604,8.770250640211543,2,a5803f8a5d9d87202b43d709cb328cedaf18c446af448f705c33d553e8c2e9f7,5170ec511fb50cdf10d648416d508574d70e9781ddf156a1b2a86d2b385e94dc,100,1729,maximum_nontransitivity_hybrid_gain,2000.0,3000.0
kata1-b10c128-s56992512-d31122236,70,3440.253733303648,3346.299227712416,3534.20823889488,3439.420101936604,0.8336313670438358,2,a5803f8a5d9d87202b43d709cb328cedaf18c446af448f705c33d553e8c2e9f7,5170ec511fb50cdf10d648416d508574d70e9781ddf156a1b2a86d2b385e94dc,100,1729,maximum_nontransitivity_hybrid_gain,2000.0,3000.0
kata1-b10c128-s56992512-d31122236,72,3443.926989515007,3351.495282783213,3536.3586962468007,3439.420101936604,4.506887578402711,2,a5803f8a5d9d87202b43d709cb328cedaf18c446af448f705c33d553e8c2e9f7,5170ec511fb50cdf10d648416d508574d70e9781ddf156a1b2a86d2b385e94dc,100,1729,maximum_nontransitivity_hybrid_gain,2000.0,3000.0
kata1-b10c128-s56992512-d31122236,74,3447.6069530301515,3356.6095929537755,3538.6043131065276,3439.420101936604,8.186851093547375,2,a5803f8a5d9d87202b43d709cb328cedaf18c446af448f705c33d553e8c2e9f7,5170ec511fb50cdf10d648416d508574d70e9781ddf156a1b2a86d2b385e94dc,100,1729,maximum_nontransitivity_hybrid_gain,2000.0,3000.0
kata1-b10c128-s56992512-d31122236,76,3445.7288287206884,3355.7115500241957,3535.746107417181,3439.420101936604,6.308726784084229,2,a5803f8a5d9d87202b43d709cb328cedaf18c446af448f705c33d553e8c2e9f7,5170ec511fb50cdf10d648416d508574d70e9781ddf156a1b2a86d2b385e94dc,100,1729,maximum_nontransitivity_hybrid_gain,2000.0,3000.0
kata1-b10c128-s56992512-d31122236,78,3438.4680237782973,3349.007654008436,3527.9283935481585,3439.420101936604,-0.9520781583069038,2,a5803f8a5d9d87202b43d709cb328cedaf18c446af448f705c33d553e8c2e9f7,5170ec511fb50cdf10d648416d508574d70e9781ddf156a1b2a86d2b385e94dc,100,1729,maximum_nontransitivity_hybrid_gain,2000.0,3000.0
kata1-b10c128-s56992512-d31122236,80,3431.50268770594,3342.5586616896862,3520.4467137221936,3439.420101936604,-7.917414230664235,2,a5803f8a5d9d87202b43d709cb328cedaf18c446af448f705c33d553e8c2e9f7,5170ec511fb50cdf10d648416d508574d70e9781ddf156a1b2a86d2b385e94dc,100,1729,maximum_nontransitivity_hybrid_gain,2000.0,3000.0
kata1-b10c128-s56992512-d31122236,82,3425.0029489134354,3336.540774159672,3513.465123667199,3439.420101936604,-14.417153023168794,2,a5803f8a5d9d87202b43d709cb328cedaf18c446af448f705c33d553e8c2e9f7,5170ec511fb50cdf10d648416d508574d70e9781ddf156a1b2a86d2b385e94dc,100,1729,maximum_nontransitivity_hybrid_gain,2000.0,3000.0
kata1-b10c128-s56992512-d31122236,84,3428.611522639361,3341.414774787425,3515.8082704912968,3439.420101936604,-10.808579297243341,2,a5803f8a5d9d87202b43d709cb328cedaf18c446af448f705c33d553e8c2e9f7,5170ec511fb50cdf10d648416d508574d70e9781ddf156a1b2a86d2b385e94dc,100,1729,maximum_nontransitivity_hybrid_gain,2000.0,3000.0
kata1-b10c128-s56992512-d31122236,86,3422.4671224597937,3335.7100704862028,3509.2241744333846,3439.420101936604,-16.95297947681047,2,a5803f8a5d9d87202b43d709cb328cedaf18c446af448f705c33d553e8c2e9f7,5170ec511fb50cdf10d648416d508574d70e9781ddf156a1b2a86d2b385e94dc,100,1729,maximum_nontransitivity_hybrid_gain,2000.0,3000.0
kata1-b10c128-s56992512-d31122236,88,3425.9796784317596,3340.4094572196645,3511.5498996438546,3439.420101936604,-13.440423504844603,2,a5803f8a5d9d87202b43d709cb328cedaf18c446af448f705c33d553e8c2e9f7,5170ec511fb50cdf10d648416d508574d70e9781ddf156a1b2a86d2b385e94dc,100,1729,maximum_nontransitivity_hybrid_gain,2000.0,3000.0
kata1-b10c128-s56992512-d31122236,90,3420.154173103057,3334.987127065513,3505.321219140601,3439.420101936604,-19.26592883354715,2,a5803f8a5d9d87202b43d709cb328cedaf18c446af448f705c33d553e8c2e9f7,5170ec511fb50cdf10d648416d508574d70e9781ddf156a1b2a86d2b385e94dc,100,1729,maximum_nontransitivity_hybrid_gain,2000.0,3000.0
kata1-b10c128-s56992512-d31122236,92,3414.3302547201793,3329.541452537099,3499.1190569032597,3439.420101936604,-25.089847216424914,2,a5803f8a5d9d87202b43d709cb328cedaf18c446af448f705c33d553e8c2e9f7,5170ec511fb50cdf10d648416d508574d70e9781ddf156a1b2a86d2b385e94dc,100,1729,maximum_nontransitivity_hybrid_gain,2000.0,3000.0
kata1-b10c128-s56992512-d31122236,94,3408.880900537308,3324.4490327576145,3493.312768317002,3439.420101936604,-30.539201399295962,2,a5803f8a5d9d87202b43d709cb328cedaf18c446af448f705c33d553e8c2e9f7,5170ec511fb50cdf10d648416d508574d70e9781ddf156a1b2a86d2b385e94dc,100,1729,maximum_nontransitivity_hybrid_gain,2000.0,3000.0
kata1-b10c128-s56992512-d31122236,96,3407.9741617344152,3324.26923386222,3491.6790896066104,3439.420101936604,-31.445940202188922,2,a5803f8a5d9d87202b43d709cb328cedaf18c446af448f705c33d553e8c2e9f7,5170ec511fb50cdf10d648416d508574d70e9781ddf156a1b2a86d2b385e94dc,100,1729,maximum_nontransitivity_hybrid_gain,2000.0,3000.0
kata1-b10c128-s56992512-d31122236,98,3411.525395200747,3328.8891898068396,3494.1616005946544,3439.420101936604,-27.8947067358572,2,a5803f8a5d9d87202b43d709cb328cedaf18c446af448f705c33d553e8c2e9f7,5170ec511fb50cdf10d648416d508574d70e9781ddf156a1b2a86d2b385e94dc,100,1729,maximum_nontransitivity_hybrid_gain,2000.0,3000.0
kata1-b10c128-s56992512-d31122236,100,3415.0880778478218,3333.4692100493608,3496.7069456462827,3439.420101936604,-24.33202408878242,2,a5803f8a5d9d87202b43d709cb328cedaf18c446af448f705c33d553e8c2e9f7,5170ec511fb50cdf10d648416d508574d70e9781ddf156a1b2a86d2b385e94dc,100,1729,maximum_nontransitivity_hybrid_gain,2000.0,3000.0
kata1-b10c128-s182492416-d63545831,2,2847.8257996074544,414.54919566509807,5281.10240354981,3536.7529566574012,-688.9271570499468,2,a5803f8a5d9d87202b43d709cb328cedaf18c446af448f705c33d553e8c2e9f7,5170ec511fb50cdf10d648416d508574d70e9781ddf156a1b2a86d2b385e94dc,100,1729,maximum_nontransitivity_hybrid_gain,2000.0,3000.0
kata1-b10c128-s182492416-d63545831,4,3566.504086575605,1695.9884286019933,5437.019744549217,3536.7529566574012,29.751129918203787,2,a5803f8a5d9d87202b43d709cb328cedaf18c446af448f705c33d553e8c2e9f7,5170ec511fb50cdf10d648416d508574d70e9781ddf156a1b2a86d2b385e94dc,100,1729,maximum_nontransitivity_hybrid_gain,2000.0,3000.0
kata1-b10c128-s182492416-d63545831,6,3193.0758231953414,2652.4499056717787,3733.701740718904,3536.7529566574012,-343.6771334620598,2,a5803f8a5d9d87202b43d709cb328cedaf18c446af448f705c33d553e8c2e9f7,5170ec511fb50cdf10d648416d508574d70e9781ddf156a1b2a86d2b385e94dc,100,1729,maximum_nontransitivity_hybrid_gain,2000.0,3000.0
kata1-b10c128-s182492416-d63545831,8,3262.8254201686236,2804.4702548040605,3721.180585533187,3536.7529566574012,-273.9275364887776,2,a5803f8a5d9d87202b43d709cb328cedaf18c446af448f705c33d553e8c2e9f7,5170ec511fb50cdf10d648416d508574d70e9781ddf156a1b2a86d2b385e94dc,100,1729,maximum_nontransitivity_hybrid_gain,2000.0,3000.0
kata1-b10c128-s182492416-d63545831,10,3440.1658620882617,3092.207203474615,3788.1245207019083,3536.7529566574012,-96.58709456913948,2,a5803f8a5d9d87202b43d709cb328cedaf18c446af448f705c33d553e8c2e9f7,5170ec511fb50cdf10d648416d508574d70e9781ddf156a1b2a86d2b385e94dc,100,1729,maximum_nontransitivity_hybrid_gain,2000.0,3000.0
kata1-b10c128-s182492416-d63545831,12,3612.3702464520775,3306.1685354554893,3918.5719574486657,3536.7529566574012,75.61728979467625,2,a5803f8a5d9d87202b43d709cb328cedaf18c446af448f705c33d553e8c2e9f7,5170ec511fb50cdf10d648416d508574d70e9781ddf156a1b2a86d2b385e94dc,100,1729,maximum_nontransitivity_hybrid_gain,2000.0,3000.0
kata1-b10c128-s182492416-d63545831,14,3521.6817557865447,3267.980440144056,3775.3830714290334,3536.7529566574012,-15.0712008708565,2,a5803f8a5d9d87202b43d709cb328cedaf18c446af448f705c33d553e8c2e9f7,5170ec511fb50cdf10d648416d508574d70e9781ddf156a1b2a86d2b385e94dc,100,1729,maximum_nontransitivity_hybrid_gain,2000.0,3000.0
kata1-b10c128-s182492416-d63545831,16,3468.4478760770776,3237.2469402874535,3699.6488118667016,3536.7529566574012,-68.30508058032365,2,a5803f8a5d9d87202b43d709cb328cedaf18c446af448f705c33d553e8c2e9f7,5170ec511fb50cdf10d648416d508574d70e9781ddf156a1b2a86d2b385e94dc,100,1729,maximum_nontransitivity_hybrid_gain,2000.0,3000.0
kata1-b10c128-s182492416-d63545831,18,3464.612648992311,3251.160278846387,3678.0650191382347,3536.7529566574012,-72.1403076650904,2,a5803f8a5d9d87202b43d709cb328cedaf18c446af448f705c33d553e8c2e9f7,5170ec511fb50cdf10d648416d508574d70e9781ddf156a1b2a86d2b385e94dc,100,1729,maximum_nontransitivity_hybrid_gain,2000.0,3000.0
kata1-b10c128-s182492416-d63545831,20,3432.0858258852822,3228.3322301165736,3635.839421653991,3536.7529566574012,-104.66713077211898,2,a5803f8a5d9d87202b43d709cb328cedaf18c446af448f705c33d553e8c2e9f7,5170ec511fb50cdf10d648416d508574d70e9781ddf156a1b2a86d2b385e94dc,100,1729,maximum_nontransitivity_hybrid_gain,2000.0,3000.0
kata1-b10c128-s182492416-d63545831,22,3405.7556635662695,3208.976449484807,3602.534877647732,3536.7529566574012,-130.99729309113172,2,a5803f8a5d9d87202b43d709cb328cedaf18c446af448f705c33d553e8c2e9f7,5170ec511fb50cdf10d648416d508574d70e9781ddf156a1b2a86d2b385e94dc,100,1729,maximum_nontransitivity_hybrid_gain,2000.0,3000.0
kata1-b10c128-s182492416-d63545831,24,3383.619672591497,3192.170796426046,3575.068548756948,3536.7529566574012,-153.13328406590426,2,a5803f8a5d9d87202b43d709cb328cedaf18c446af448f705c33d553e8c2e9f7,5170ec511fb50cdf10d648416d508574d70e9781ddf156a1b2a86d2b385e94dc,100,1729,maximum_nontransitivity_hybrid_gain,2000.0,3000.0
kata1-b10c128-s182492416-d63545831,26,3412.7422716628967,3235.1976030396554,3590.286940286138,3536.7529566574012,-124.01068499450457,2,a5803f8a5d9d87202b43d709cb328cedaf18c446af448f705c33d553e8c2e9f7,5170ec511fb50cdf10d648416d508574d70e9781ddf156a1b2a86d2b385e94dc,100,1729,maximum_nontransitivity_hybrid_gain,2000.0,3000.0
kata1-b10c128-s182492416-d63545831,28,3455.3365245777973,3292.0078697799145,3618.66517937568,3536.7529566574012,-81.41643207960396,2,a5803f8a5d9d87202b43d709cb328cedaf18c446af448f705c33d553e8c2e9f7,5170ec511fb50cdf10d648416d508574d70e9781ddf156a1b2a86d2b385e94dc,100,1729,maximum_nontransitivity_hybrid_gain,2000.0,3000.0
kata1-b10c128-s182492416-d63545831,30,3471.8060100280914,3317.073901204116,3626.538118852067,3536.7529566574012,-64.94694662930988,2,a5803f8a5d9d87202b43d709cb328cedaf18c446af448f705c33d553e8c2e9f7,5170ec511fb50cdf10d648416d508574d70e9781ddf156a1b2a86d2b385e94dc,100,1729,maximum_nontransitivity_hybrid_gain,2000.0,3000.0
kata1-b10c128-s182492416-d63545831,32,3453.521980550246,3301.887691507595,3605.1562695928974,3536.7529566574012,-83.23097610715513,2,a5803f8a5d9d87202b43d709cb328cedaf18c446af448f705c33d553e8c2e9f7,5170ec511fb50cdf10d648416d508574d70e9781ddf156a1b2a86d2b385e94dc,100,1729,maximum_nontransitivity_hybrid_gain,2000.0,3000.0
kata1-b10c128-s182492416-d63545831,34,3437.1869095287066,3288.1322933458355,3586.2415257115777,3536.7529566574012,-99.56604712869466,2,a5803f8a5d9d87202b43d709cb328cedaf18c446af448f705c33d553e8c2e9f7,5170ec511fb50cdf10d648416d508574d70e9781ddf156a1b2a86d2b385e94dc,100,1729,maximum_nontransitivity_hybrid_gain,2000.0,3000.0
kata1-b10c128-s182492416-d63545831,36,3452.167864124558,3309.8918893488676,3594.4438389002485,3536.7529566574012,-84.58509253284319,2,a5803f8a5d9d87202b43d709cb328cedaf18c446af448f705c33d553e8c2e9f7,5170ec511fb50cdf10d648416d508574d70e9781ddf156a1b2a86d2b385e94dc,100,1729,maximum_nontransitivity_hybrid_gain,2000.0,3000.0
kata1-b10c128-s182492416-d63545831,38,3451.6116094678273,3313.364609098112,3589.8586098375426,3536.7529566574012,-85.14134718957393,2,a5803f8a5d9d87202b43d709cb328cedaf18c446af448f705c33d553e8c2e9f7,5170ec511fb50cdf10d648416d508574d70e9781ddf156a1b2a86d2b385e94dc,100,1729,maximum_nontransitivity_hybrid_gain,2000.0,3000.0
kata1-b10c128-s182492416-d63545831,40,3438.1397549301837,3301.7029424988477,3574.5765673615197,3536.7529566574012,-98.61320172721753,2,a5803f8a5d9d87202b43d709cb328cedaf18c446af448f705c33d553e8c2e9f7,5170ec511fb50cdf10d648416d508574d70e9781ddf156a1b2a86d2b385e94dc,100,1729,maximum_nontransitivity_hybrid_gain,2000.0,3000.0
kata1-b10c128-s182492416-d63545831,42,3425.736402948289,3290.8798750994188,3560.5929307971596,3536.7529566574012,-111.01655370911203,2,a5803f8a5d9d87202b43d709cb328cedaf18c446af448f705c33d553e8c2e9f7,5170ec511fb50cdf10d648416d508574d70e9781ddf156a1b2a86d2b385e94dc,100,1729,maximum_nontransitivity_hybrid_gain,2000.0,3000.0
kata1-b10c128-s182492416-d63545831,44,3414.2444834527582,3280.7823702159335,3547.706596689583,3536.7529566574012,-122.508473204643,2,a5803f8a5d9d87202b43d709cb328cedaf18c446af448f705c33d553e8c2e9f7,5170ec511fb50cdf10d648416d508574d70e9781ddf156a1b2a86d2b385e94dc,100,1729,maximum_nontransitivity_hybrid_gain,2000.0,3000.0
kata1-b10c128-s182492416-d63545831,46,3427.4063385068253,3299.00831259789,3555.8043644157606,3536.7529566574012,-109.34661815057598,2,a5803f8a5d9d87202b43d709cb328cedaf18c446af448f705c33d553e8c2e9f7,5170ec511fb50cdf10d648416d508574d70e9781ddf156a1b2a86d2b385e94dc,100,1729,maximum_nontransitivity_hybrid_gain,2000.0,3000.0
kata1-b10c128-s182492416-d63545831,48,3416.9416154607334,3289.714514769914,3544.168716151553,3536.7529566574012,-119.81134119666785,2,a5803f8a5d9d87202b43d709cb328cedaf18c446af448f705c33d553e8c2e9f7,5170ec511fb50cdf10d648416d508574d70e9781ddf156a1b2a86d2b385e94dc,100,1729,maximum_nontransitivity_hybrid_gain,2000.0,3000.0
kata1-b10c128-s182492416-d63545831,50,3428.77938762643,3305.9321566698864,3551.6266185829736,3536.7529566574012,-107.97356903097125,2,a5803f8a5d9d87202b43d709cb328cedaf18c446af448f705c33d553e8c2e9f7,5170ec511fb50cdf10d648416d508574d70e9781ddf156a1b2a86d2b385e94dc,100,1729,maximum_nontransitivity_hybrid_gain,2000.0,3000.0
kata1-b10c128-s182492416-d63545831,52,3419.175214506351,3297.328079878827,3541.022349133875,3536.7529566574012,-117.57774215105019,2,a5803f8a5d9d87202b43d709cb328cedaf18c446af448f705c33d553e8c2e9f7,5170ec511fb50cdf10d648416d508574d70e9781ddf156a1b2a86d2b385e94dc,100,1729,maximum_nontransitivity_hybrid_gain,2000.0,3000.0
kata1-b10c128-s182492416-d63545831,54,3448.776045966489,3333.2769154264324,3564.275176506546,3536.7529566574012,-87.97691069091206,2,a5803f8a5d9d87202b43d709cb328cedaf18c446af448f705c33d553e8c2e9f7,5170ec511fb50cdf10d648416d508574d70e9781ddf156a1b2a86d2b385e94dc,100,1729,maximum_nontransitivity_hybrid_gain,2000.0,3000.0
kata1-b10c128-s182492416-d63545831,56,3436.5389325585206,3322.020651751409,3551.0572133656324,3536.7529566574012,-100.2140240988806,2,a5803f8a5d9d87202b43d709cb328cedaf18c446af448f705c33d553e8c2e9f7,5170ec511fb50cdf10d648416d508574d70e9781ddf156a1b2a86d2b385e94dc,100,1729,maximum_nontransitivity_hybrid_gain,2000.0,3000.0
kata1-b10c128-s182492416-d63545831,58,3436.625671064527,3324.8430348978413,3548.408307231213,3536.7529566574012,-100.12728559287416,2,a5803f8a5d9d87202b43d709cb328cedaf18c446af448f705c33d553e8c2e9f7,5170ec511fb50cdf10d648416d508574d70e9781ddf156a1b2a86d2b385e94dc,100,1729,maximum_nontransitivity_hybrid_gain,2000.0,3000.0
kata1-b10c128-s182492416-d63545831,60,3453.024681597758,3345.4798330181015,3560.5695301774144,3536.7529566574012,-83.72827505964324,2,a5803f8a5d9d87202b43d709cb328cedaf18c446af448f705c33d553e8c2e9f7,5170ec511fb50cdf10d648416d508574d70e9781ddf156a1b2a86d2b385e94dc,100,1729,maximum_nontransitivity_hybrid_gain,2000.0,3000.0
kata1-b10c128-s182492416-d63545831,62,3467.501037434019,3363.442846488766,3571.559228379272,3536.7529566574012,-69.25191922338217,2,a5803f8a5d9d87202b43d709cb328cedaf18c446af448f705c33d553e8c2e9f7,5170ec511fb50cdf10d648416d508574d70e9781ddf156a1b2a86d2b385e94dc,100,1729,maximum_nontransitivity_hybrid_gain,2000.0,3000.0
kata1-b10c128-s182492416-d63545831,64,3466.2783588340217,3364.102286906925,3568.454430761118,3536.7529566574012,-70.47459782337955,2,a5803f8a5d9d87202b43d709cb328cedaf18c446af448f705c33d553e8c2e9f7,5170ec511fb50cdf10d648416d508574d70e9781ddf156a1b2a86d2b385e94dc,100,1729,maximum_nontransitivity_hybrid_gain,2000.0,3000.0
kata1-b10c128-s182492416-d63545831,66,3465.1512600377487,3364.753512726362,3565.5490073491355,3536.7529566574012,-71.60169661965256,2,a5803f8a5d9d87202b43d709cb328cedaf18c446af448f705c33d553e8c2e9f7,5170ec511fb50cdf10d648416d508574d70e9781ddf156a1b2a86d2b385e94dc,100,1729,maximum_nontransitivity_hybrid_gain,2000.0,3000.0
kata1-b10c128-s182492416-d63545831,68,3450.684975433869,3350.996794639748,3550.3731562279904,3536.7529566574012,-86.06798122353212,2,a5803f8a5d9d87202b43d709cb328cedaf18c446af448f705c33d553e8c2e9f7,5170ec511fb50cdf10d648416d508574d70e9781ddf156a1b2a86d2b385e94dc,100,1729,maximum_nontransitivity_hybrid_gain,2000.0,3000.0
kata1-b10c128-s182492416-d63545831,70,3463.1435106380254,3366.0227482853793,3560.2642729906715,3536.7529566574012,-73.60944601937581,2,a5803f8a5d9d87202b43d709cb328cedaf18c446af448f705c33d553e8c2e9f7,5170ec511fb50cdf10d648416d508574d70e9781ddf156a1b2a86d2b385e94dc,100,1729,maximum_nontransitivity_hybrid_gain,2000.0,3000.0
kata1-b10c128-s182492416-d63545831,72,3462.245611882528,3366.6377889333307,3557.8534348317253,3536.7529566574012,-74.50734477487322,2,a5803f8a5d9d87202b43d709cb328cedaf18c446af448f705c33d553e8c2e9f7,5170ec511fb50cdf10d648416d508574d70e9781ddf156a1b2a86d2b385e94dc,100,1729,maximum_nontransitivity_hybrid_gain,2000.0,3000.0
kata1-b10c128-s182492416-d63545831,74,3473.2651659825615,3379.7415462507333,3566.7887857143896,3536.7529566574012,-63.487790674839744,2,a5803f8a5d9d87202b43d709cb328cedaf18c446af448f705c33d553e8c2e9f7,5170ec511fb50cdf10d648416d508574d70e9781ddf156a1b2a86d2b385e94dc,100,1729,maximum_nontransitivity_hybrid_gain,2000.0,3000.0
kata1-b10c128-s182492416-d63545831,76,3472.103490952695,3379.893633717108,3564.3133481882824,3536.7529566574012,-64.64946570470602,2,a5803f8a5d9d87202b43d709cb328cedaf18c446af448f705c33d553e8c2e9f7,5170ec511fb50cdf10d648416d508574d70e9781ddf156a1b2a86d2b385e94dc,100,1729,maximum_nontransitivity_hybrid_gain,2000.0,3000.0
kata1-b10c128-s182492416-d63545831,78,3476.52030026655,3385.811911449629,3567.2286890834707,3536.7529566574012,-60.23265639085139,2,a5803f8a5d9d87202b43d709cb328cedaf18c446af448f705c33d553e8c2e9f7,5170ec511fb50cdf10d648416d508574d70e9781ddf156a1b2a86d2b385e94dc,100,1729,maximum_nontransitivity_hybrid_gain,2000.0,3000.0
kata1-b10c128-s182492416-d63545831,80,3485.933378410127,3396.8140466852,3575.0527101350535,3536.7529566574012,-50.81957824727442,2,a5803f8a5d9d87202b43d709cb328cedaf18c446af448f705c33d553e8c2e9f7,5170ec511fb50cdf10d648416d508574d70e9781ddf156a1b2a86d2b385e94dc,100,1729,maximum_nontransitivity_hybrid_gain,2000.0,3000.0
kata1-b10c128-s182492416-d63545831,82,3474.2167608585964,3385.8197521750208,3562.613769542172,3536.7529566574012,-62.53619579880478,2,a5803f8a5d9d87202b43d709cb328cedaf18c446af448f705c33d553e8c2e9f7,5170ec511fb50cdf10d648416d508574d70e9781ddf156a1b2a86d2b385e94dc,100,1729,maximum_nontransitivity_hybrid_gain,2000.0,3000.0
kata1-b10c128-s182492416-d63545831,84,3478.5208708626296,3391.214953159996,3565.826788565263,3536.7529566574012,-58.23208579477159,2,a5803f8a5d9d87202b43d709cb328cedaf18c446af448f705c33d553e8c2e9f7,5170ec511fb50cdf10d648416d508574d70e9781ddf156a1b2a86d2b385e94dc,100,1729,maximum_nontransitivity_hybrid_gain,2000.0,3000.0
kata1-b10c128-s182492416-d63545831,86,3487.1249929962282,3401.1797547436995,3573.070231248757,3536.7529566574012,-49.627963661173,2,a5803f8a5d9d87202b43d709cb328cedaf18c446af448f705c33d553e8c2e9f7,5170ec511fb50cdf10d648416d508574d70e9781ddf156a1b2a86d2b385e94dc,100,1729,maximum_nontransitivity_hybrid_gain,2000.0,3000.0
kata1-b10c128-s182492416-d63545831,88,3495.2078325619527,3410.4925440678985,3579.923121056007,3536.7529566574012,-41.5451240954485,2,a5803f8a5d9d87202b43d709cb328cedaf18c446af448f705c33d553e8c2e9f7,5170ec511fb50cdf10d648416d508574d70e9781ddf156a1b2a86d2b385e94dc,100,1729,maximum_nontransitivity_hybrid_gain,2000.0,3000.0
kata1-b10c128-s182492416-d63545831,90,3493.700830824986,3409.900869628309,3577.500792021663,3536.7529566574012,-43.052125832415186,2,a5803f8a5d9d87202b43d709cb328cedaf18c446af448f705c33d553e8c2e9f7,5170ec511fb50cdf10d648416d508574d70e9781ddf156a1b2a86d2b385e94dc,100,1729,maximum_nontransitivity_hybrid_gain,2000.0,3000.0
kata1-b10c128-s182492416-d63545831,92,3492.268954880463,3409.3521405432552,3575.1857692176704,3536.7529566574012,-44.484001776938385,2,a5803f8a5d9d87202b43d709cb328cedaf18c446af448f705c33d553e8c2e9f7,5170ec511fb50cdf10d648416d508574d70e9781ddf156a1b2a86d2b385e94dc,100,1729,maximum_nontransitivity_hybrid_gain,2000.0,3000.0
kata1-b10c128-s182492416-d63545831,94,3495.6302636298155,3413.559396539787,3577.701130719844,3536.7529566574012,-41.12269302758568,2,a5803f8a5d9d87202b43d709cb328cedaf18c446af448f705c33d553e8c2e9f7,5170ec511fb50cdf10d648416d508574d70e9781ddf156a1b2a86d2b385e94dc,100,1729,maximum_nontransitivity_hybrid_gain,2000.0,3000.0
kata1-b10c128-s182492416-d63545831,96,3502.7183858302756,3421.6325236099174,3583.8042480506338,3536.7529566574012,-34.03457082712566,2,a5803f8a5d9d87202b43d709cb328cedaf18c446af448f705c33d553e8c2e9f7,5170ec511fb50cdf10d648416d508574d70e9781ddf156a1b2a86d2b385e94dc,100,1729,maximum_nontransitivity_hybrid_gain,2000.0,3000.0
kata1-b10c128-s182492416-d63545831,98,3501.179354617671,3420.874171450424,3581.484537784918,3536.7529566574012,-35.573602039730304,2,a5803f8a5d9d87202b43d709cb328cedaf18c446af448f705c33d553e8c2e9f7,5170ec511fb50cdf10d648416d508574d70e9781ddf156a1b2a86d2b385e94dc,100,1729,maximum_nontransitivity_hybrid_gain,2000.0,3000.0
kata1-b10c128-s182492416-d63545831,100,3507.7985391959687,3428.3656368035463,3587.231441588391,3536.7529566574012,-28.954417461432513,2,a5803f8a5d9d87202b43d709cb328cedaf18c446af448f705c33d553e8c2e9f7,5170ec511fb50cdf10d648416d508574d70e9781ddf156a1b2a86d2b385e94dc,100,1729,maximum_nontransitivity_hybrid_gain,2000.0,3000.0
kata1-b15c192-s230670592-d99188084,2,2847.8321874063954,414.5639078757981,5281.100466936992,3639.814208464313,-791.9820210579178,2,a5803f8a5d9d87202b43d709cb328cedaf18c446af448f705c33d553e8c2e9f7,5170ec511fb50cdf10d648416d508574d70e9781ddf156a1b2a86d2b385e94dc,100,1729,maximum_nontransitivity_hybrid_gain,2000.0,3000.0
kata1-b15c192-s230670592-d99188084,4,3566.474890656233,1695.9445333723768,5437.005247940089,3639.814208464313,-73.33931780808007,2,a5803f8a5d9d87202b43d709cb328cedaf18c446af448f705c33d553e8c2e9f7,5170ec511fb50cdf10d648416d508574d70e9781ddf156a1b2a86d2b385e94dc,100,1729,maximum_nontransitivity_hybrid_gain,2000.0,3000.0
kata1-b15c192-s230670592-d99188084,6,3190.566181859364,2653.0704393328397,3728.0619243858882,3639.814208464313,-449.24802660494925,2,a5803f8a5d9d87202b43d709cb328cedaf18c446af448f705c33d553e8c2e9f7,5170ec511fb50cdf10d648416d508574d70e9781ddf156a1b2a86d2b385e94dc,100,1729,maximum_nontransitivity_hybrid_gain,2000.0,3000.0
kata1-b15c192-s230670592-d99188084,8,3260.3931866601692,2804.649659355158,3716.1367139651807,3639.814208464313,-379.42102180414395,2,a5803f8a5d9d87202b43d709cb328cedaf18c446af448f705c33d553e8c2e9f7,5170ec511fb50cdf10d648416d508574d70e9781ddf156a1b2a86d2b385e94dc,100,1729,maximum_nontransitivity_hybrid_gain,2000.0,3000.0
kata1-b15c192-s230670592-d99188084,10,3438.3392031319618,3091.709056553385,3784.9693497105386,3639.814208464313,-201.47500533235143,2,a5803f8a5d9d87202b43d709cb328cedaf18c446af448f705c33d553e8c2e9f7,5170ec511fb50cdf10d648416d508574d70e9781ddf156a1b2a86d2b385e94dc,100,1729,maximum_nontransitivity_hybrid_gain,2000.0,3000.0
kata1-b15c192-s230670592-d99188084,12,3479.737930342938,3191.1875560848985,3768.2883046009774,3639.814208464313,-160.07627812137525,2,a5803f8a5d9d87202b43d709cb328cedaf18c446af448f705c33d553e8c2e9f7,5170ec511fb50cdf10d648416d508574d70e9781ddf156a1b2a86d2b385e94dc,100,1729,maximum_nontransitivity_hybrid_gain,2000.0,3000.0
kata1-b15c192-s230670592-d99188084,14,3407.5923485509666,3153.582002881872,3661.602694220061,3639.814208464313,-232.22185991334663,2,a5803f8a5d9d87202b43d709cb328cedaf18c446af448f705c33d553e8c2e9f7,5170ec511fb50cdf10d648416d508574d70e9781ddf156a1b2a86d2b385e94dc,100,1729,maximum_nontransitivity_hybrid_gain,2000.0,3000.0
kata1-b15c192-s230670592-d99188084,16,3439.149438945049,3212.5704954730513,3665.7283824170468,3639.814208464313,-200.66476951926415,2,a5803f8a5d9d87202b43d709cb328cedaf18c446af448f705c33d553e8c2e9f7,5170ec511fb50cdf10d648416d508574d70e9781ddf156a1b2a86d2b385e94dc,100,1729,maximum_nontransitivity_hybrid_gain,2000.0,3000.0
kata1-b15c192-s230670592-d99188084,18,3521.3019780894497,3317.5148812648185,3725.089074914081,3639.814208464313,-118.51223037486352,2,a5803f8a5d9d87202b43d709cb328cedaf18c446af448f705c33d553e8c2e9f7,5170ec511fb50cdf10d648416d508574d70e9781ddf156a1b2a86d2b385e94dc,100,1729,maximum_nontransitivity_hybrid_gain,2000.0,3000.0
kata1-b15c192-s230670592-d99188084,20,3474.9826260792634,3284.665767028198,3665.299485130329,3639.814208464313,-164.83158238504984,2,a5803f8a5d9d87202b43d709cb328cedaf18c446af448f705c33d553e8c2e9f7,5170ec511fb50cdf10d648416d508574d70e9781ddf156a1b2a86d2b385e94dc,100,1729,maximum_nontransitivity_hybrid_gain,2000.0,3000.0
kata1-b15c192-s230670592-d99188084,22,3473.130022301138,3295.418253655397,3650.841790946879,3639.814208464313,-166.68418616317513,2,a5803f8a5d9d87202b43d709cb328cedaf18c446af448f705c33d553e8c2e9f7,5170ec511fb50cdf10d648416d508574d70e9781ddf156a1b2a86d2b385e94dc,100,1729,maximum_nontransitivity_hybrid_gain,2000.0,3000.0
kata1-b15c192-s230670592-d99188084,24,3512.106917333357,3345.5150881351815,3678.698746531533,3639.814208464313,-127.70729113095604,2,a5803f8a5d9d87202b43d709cb328cedaf18c446af448f705c33d553e8c2e9f7,5170ec511fb50cdf10d648416d508574d70e9781ddf156a1b2a86d2b385e94dc,100,1729,maximum_nontransitivity_hybrid_gain,2000.0,3000.0
kata1-b15c192-s230670592-d99188084,26,3517.08406292146,3358.869000984001,3675.2991248589187,3639.814208464313,-122.73014554285328,2,a5803f8a5d9d87202b43d709cb328cedaf18c446af448f705c33d553e8c2e9f7,5170ec511fb50cdf10d648416d508574d70e9781ddf156a1b2a86d2b385e94dc,100,1729,maximum_nontransitivity_hybrid_gain,2000.0,3000.0
kata1-b15c192-s230670592-d99188084,28,3553.894539749087,3402.3300086283944,3705.4590708697797,3639.814208464313,-85.91966871522618,2,a5803f8a5d9d87202b43d709cb328cedaf18c446af448f705c33d553e8c2e9f7,5170ec511fb50cdf10d648416d508574d70e9781ddf156a1b2a86d2b385e94dc,100,1729,maximum_nontransitivity_hybrid_gain,2000.0,3000.0
kata1-b15c192-s230670592-d99188084,30,3524.503153818285,3379.7414058056643,3669.264901830906,3639.814208464313,-115.31105464602797,2,a5803f8a5d9d87202b43d709cb328cedaf18c446af448f705c33d553e8c2e9f7,5170ec511fb50cdf10d648416d508574d70e9781ddf156a1b2a86d2b385e94dc,100,1729,maximum_nontransitivity_hybrid_gain,2000.0,3000.0
kata1-b15c192-s230670592-d99188084,32,3513.560186448107,3374.2022354659707,3652.918137430243,3639.814208464313,-126.25402201620636,2,a5803f8a5d9d87202b43d709cb328cedaf18c446af448f705c33d553e8c2e9f7,5170ec511fb50cdf10d648416d508574d70e9781ddf156a1b2a86d2b385e94dc,100,1729,maximum_nontransitivity_hybrid_gain,2000.0,3000.0
kata1-b15c192-s230670592-d99188084,34,3504.182806107066,3369.4895958618213,3638.8760163523107,3639.814208464313,-135.63140235724723,2,a5803f8a5d9d87202b43d709cb328cedaf18c446af448f705c33d553e8c2e9f7,5170ec511fb50cdf10d648416d508574d70e9781ddf156a1b2a86d2b385e94dc,100,1729,maximum_nontransitivity_hybrid_gain,2000.0,3000.0
kata1-b15c192-s230670592-d99188084,36,3508.021846790407,3377.7516668428857,3638.292026737928,3639.814208464313,-131.79236167390627,2,a5803f8a5d9d87202b43d709cb328cedaf18c446af448f705c33d553e8c2e9f7,5170ec511fb50cdf10d648416d508574d70e9781ddf156a1b2a86d2b385e94dc,100,1729,maximum_nontransitivity_hybrid_gain,2000.0,3000.0
kata1-b15c192-s230670592-d99188084,38,3488.8888269311938,3361.9258977886107,3615.851756073777,3639.814208464313,-150.92538153311943,2,a5803f8a5d9d87202b43d709cb328cedaf18c446af448f705c33d553e8c2e9f7,5170ec511fb50cdf10d648416d508574d70e9781ddf156a1b2a86d2b385e94dc,100,1729,maximum_nontransitivity_hybrid_gain,2000.0,3000.0
kata1-b15c192-s230670592-d99188084,40,3503.7915658656543,3380.872215612993,3626.7109161183157,3639.814208464313,-136.02264259865888,2,a5803f8a5d9d87202b43d709cb328cedaf18c446af448f705c33d553e8c2e9f7,5170ec511fb50cdf10d648416d508574d70e9781ddf156a1b2a86d2b385e94dc,100,1729,maximum_nontransitivity_hybrid_gain,2000.0,3000.0
kata1-b15c192-s230670592-d99188084,42,3507.009219102979,3387.4140400680008,3626.604398137957,3639.814208464313,-132.80498936133426,2,a5803f8a5d9d87202b43d709cb328cedaf18c446af448f705c33d553e8c2e9f7,5170ec511fb50cdf10d648416d508574d70e9781ddf156a1b2a86d2b385e94dc,100,1729,maximum_nontransitivity_hybrid_gain,2000.0,3000.0
kata1-b15c192-s230670592-d99188084,44,3490.97017025995,3373.82875627653,3608.11158424337,3639.814208464313,-148.8440382043632,2,a5803f8a5d9d87202b43d709cb328cedaf18c446af448f705c33d553e8c2e9f7,5170ec511fb50cdf10d648416d508574d70e9781ddf156a1b2a86d2b385e94dc,100,1729,maximum_nontransitivity_hybrid_gain,2000.0,3000.0
kata1-b15c192-s230670592-d99188084,46,3476.3793661842274,3361.3264941903376,3591.432238178117,3639.814208464313,-163.43484228008583,2,a5803f8a5d9d87202b43d709cb328cedaf18c446af448f705c33d553e8c2e9f7,5170ec511fb50cdf10d648416d508574d70e9781ddf156a1b2a86d2b385e94dc,100,1729,maximum_nontransitivity_hybrid_gain,2000.0,3000.0
kata1-b15c192-s230670592-d99188084,48,3489.1566519055923,3377.21409017243,3601.0992136387545,3639.814208464313,-150.6575565587209,2,a5803f8a5d9d87202b43d709cb328cedaf18c446af448f705c33d553e8c2e9f7,5170ec511fb50cdf10d648416d508574d70e9781ddf156a1b2a86d2b385e94dc,100,1729,maximum_nontransitivity_hybrid_gain,2000.0,3000.0
kata1-b15c192-s230670592-d99188084,50,3504.3800369255423,3395.395726278094,3613.3643475729905,3639.814208464313,-135.4341715387709,2,a5803f8a5d9d87202b43d709cb328cedaf18c446af448f705c33d553e8c2e9f7,5170ec511fb50cdf10d648416d508574d70e9781ddf156a1b2a86d2b385e94dc,100,1729,maximum_nontransitivity_hybrid_gain,2000.0,3000.0
kata1-b15c192-s230670592-d99188084,52,3502.400750379579,3395.6512878532144,3609.150212905944,3639.814208464313,-137.41345808473397,2,a5803f8a5d9d87202b43d709cb328cedaf18c446af448f705c33d553e8c2e9f7,5170ec511fb50cdf10d648416d508574d70e9781ddf156a1b2a86d2b385e94dc,100,1729,maximum_nontransitivity_hybrid_gain,2000.0,3000.0
kata1-b15c192-s230670592-d99188084,54,3515.6522357523095,3411.2270113517125,3620.0774601529065,3639.814208464313,-124.16197271200372,2,a5803f8a5d9d87202b43d709cb328cedaf18c446af448f705c33d553e8c2e9f7,5170ec511fb50cdf10d648416d508574d70e9781ddf156a1b2a86d2b385e94dc,100,1729,maximum_nontransitivity_hybrid_gain,2000.0,3000.0
kata1-b15c192-s230670592-d99188084,56,3527.783735497811,3425.3610153395284,3630.2064556560936,3639.814208464313,-112.0304729665022,2,a5803f8a5d9d87202b43d709cb328cedaf18c446af448f705c33d553e8c2e9f7,5170ec511fb50cdf10d648416d508574d70e9781ddf156a1b2a86d2b385e94dc,100,1729,maximum_nontransitivity_hybrid_gain,2000.0,3000.0
kata1-b15c192-s230670592-d99188084,58,3518.205759277306,3417.5884931164737,3618.823025438138,3639.814208464313,-121.60844918700741,2,a5803f8a5d9d87202b43d709cb328cedaf18c446af448f705c33d553e8c2e9f7,5170ec511fb50cdf10d648416d508574d70e9781ddf156a1b2a86d2b385e94dc,100,1729,maximum_nontransitivity_hybrid_gain,2000.0,3000.0
kata1-b15c192-s230670592-d99188084,60,3529.326756775138,3430.4168846264174,3628.236628923859,3639.814208464313,-110.48745168917503,2,a5803f8a5d9d87202b43d709cb328cedaf18c446af448f705c33d553e8c2e9f7,5170ec511fb50cdf10d648416d508574d70e9781ddf156a1b2a86d2b385e94dc,100,1729,maximum_nontransitivity_hybrid_gain,2000.0,3000.0
kata1-b15c192-s230670592-d99188084,62,3539.6590676025116,3442.254403524579,3637.063731680444,3639.814208464313,-100.15514086180156,2,a5803f8a5d9d87202b43d709cb328cedaf18c446af448f705c33d553e8c2e9f7,5170ec511fb50cdf10d648416d508574d70e9781ddf156a1b2a86d2b385e94dc,100,1729,maximum_nontransitivity_hybrid_gain,2000.0,3000.0
kata1-b15c192-s230670592-d99188084,64,3549.309066905684,3453.2418639195466,3645.3762698918217,3639.814208464313,-90.50514155862902,2,a5803f8a5d9d87202b43d709cb328cedaf18c446af448f705c33d553e8c2e9f7,5170ec511fb50cdf10d648416d508574d70e9781ddf156a1b2a86d2b385e94dc,100,1729,maximum_nontransitivity_hybrid_gain,2000.0,3000.0
kata1-b15c192-s230670592-d99188084,66,3558.363060450663,3463.492533630357,3653.233587270969,3639.814208464313,-81.45114801365025,2,a5803f8a5d9d87202b43d709cb328cedaf18c446af448f705c33d553e8c2e9f7,5170ec511fb50cdf10d648416d508574d70e9781ddf156a1b2a86d2b385e94dc,100,1729,maximum_nontransitivity_hybrid_gain,2000.0,3000.0
kata1-b15c192-s230670592-d99188084,68,3566.892001883486,3473.098786575737,3660.685217191235,3639.814208464313,-72.92220658082715,2,a5803f8a5d9d87202b43d709cb328cedaf18c446af448f705c33d553e8c2e9f7,5170ec511fb50cdf10d648416d508574d70e9781ddf156a1b2a86d2b385e94dc,100,1729,maximum_nontransitivity_hybrid_gain,2000.0,3000.0
kata1-b15c192-s230670592-d99188084,70,3569.1964781576494,3476.593071217376,3661.799885097923,3639.814208464313,-70.61773030666382,2,a5803f8a5d9d87202b43d709cb328cedaf18c446af448f705c33d553e8c2e9f7,5170ec511fb50cdf10d648416d508574d70e9781ddf156a1b2a86d2b385e94dc,100,1729,maximum_nontransitivity_hybrid_gain,2000.0,3000.0
kata1-b15c192-s230670592-d99188084,72,3576.969366483242,3485.277614763831,3668.661118202653,3639.814208464313,-62.84484198107111,2,a5803f8a5d9d87202b43d709cb328cedaf18c446af448f705c33d553e8c2e9f7,5170ec511fb50cdf10d648416d508574d70e9781ddf156a1b2a86d2b385e94dc,100,1729,maximum_nontransitivity_hybrid_gain,2000.0,3000.0
kata1-b15c192-s230670592-d99188084,74,3584.355936959313,3493.4963507927023,3675.215523125924,3639.814208464313,-55.458271505000084,2,a5803f8a5d9d87202b43d709cb328cedaf18c446af448f705c33d553e8c2e9f7,5170ec511fb50cdf10d648416d508574d70e9781ddf156a1b2a86d2b385e94dc,100,1729,maximum_nontransitivity_hybrid_gain,2000.0,3000.0
kata1-b15c192-s230670592-d99188084,76,3580.6748260035642,3491.0799493314325,3670.269702675696,3639.814208464313,-59.13938246074895,2,a5803f8a5d9d87202b43d709cb328cedaf18c446af448f705c33d553e8c2e9f7,5170ec511fb50cdf10d648416d508574d70e9781ddf156a1b2a86d2b385e94dc,100,1729,maximum_nontransitivity_hybrid_gain,2000.0,3000.0
kata1-b15c192-s230670592-d99188084,78,3587.5927481906247,3498.7350438639833,3676.450452517266,3639.814208464313,-52.221460273688535,2,a5803f8a5d9d87202b43d709cb328cedaf18c446af448f705c33d553e8c2e9f7,5170ec511fb50cdf10d648416d508574d70e9781ddf156a1b2a86d2b385e94dc,100,1729,maximum_nontransitivity_hybrid_gain,2000.0,3000.0
kata1-b15c192-s230670592-d99188084,80,3594.2059065613853,3506.0276871800093,3682.3841259427613,3639.814208464313,-45.608301902927906,2,a5803f8a5d9d87202b43d709cb328cedaf18c446af448f705c33d553e8c2e9f7,5170ec511fb50cdf10d648416d508574d70e9781ddf156a1b2a86d2b385e94dc,100,1729,maximum_nontransitivity_hybrid_gain,2000.0,3000.0
kata1-b15c192-s230670592-d99188084,82,3590.5117231613103,3503.4910376809826,3677.532408641638,3639.814208464313,-49.30248530300287,2,a5803f8a5d9d87202b43d709cb328cedaf18c446af448f705c33d553e8c2e9f7,5170ec511fb50cdf10d648416d508574d70e9781ddf156a1b2a86d2b385e94dc,100,1729,maximum_nontransitivity_hybrid_gain,2000.0,3000.0
kata1-b15c192-s230670592-d99188084,84,3596.7497783405533,3510.338777867649,3683.160778813458,3639.814208464313,-43.06443012375985,2,a5803f8a5d9d87202b43d709cb328cedaf18c446af448f705c33d553e8c2e9f7,5170ec511fb50cdf10d648416d508574d70e9781ddf156a1b2a86d2b385e94dc,100,1729,maximum_nontransitivity_hybrid_gain,2000.0,3000.0
kata1-b15c192-s230670592-d99188084,86,3593.1601808292485,3507.8338203738817,3678.486541284615,3639.814208464313,-46.65402763506472,2,a5803f8a5d9d87202b43d709cb328cedaf18c446af448f705c33d553e8c2e9f7,5170ec511fb50cdf10d648416d508574d70e9781ddf156a1b2a86d2b385e94dc,100,1729,maximum_nontransitivity_hybrid_gain,2000.0,3000.0
kata1-b15c192-s230670592-d99188084,88,3601.6367229948496,3516.8581925073795,3686.4152534823197,3639.814208464313,-38.17748546946359,2,a5803f8a5d9d87202b43d709cb328cedaf18c446af448f705c33d553e8c2e9f7,5170ec511fb50cdf10d648416d508574d70e9781ddf156a1b2a86d2b385e94dc,100,1729,maximum_nontransitivity_hybrid_gain,2000.0,3000.0
kata1-b15c192-s230670592-d99188084,90,3607.2728814251063,3523.007900933249,3691.5378619169637,3639.814208464313,-32.54132703920686,2,a5803f8a5d9d87202b43d709cb328cedaf18c446af448f705c33d553e8c2e9f7,5170ec511fb50cdf10d648416d508574d70e9781ddf156a1b2a86d2b385e94dc,100,1729,maximum_nontransitivity_hybrid_gain,2000.0,3000.0
kata1-b15c192-s230670592-d99188084,92,3606.1206711369255,3522.8505716997206,3689.3907705741303,3639.814208464313,-33.69353732738773,2,a5803f8a5d9d87202b43d709cb328cedaf18c446af448f705c33d553e8c2e9f7,5170ec511fb50cdf10d648416d508574d70e9781ddf156a1b2a86d2b385e94dc,100,1729,maximum_nontransitivity_hybrid_gain,2000.0,3000.0
kata1-b15c192-s230670592-d99188084,94,3602.6157748734977,3520.3069718450306,3684.9245779019648,3639.814208464313,-37.19843359081551,2,a5803f8a5d9d87202b43d709cb328cedaf18c446af448f705c33d553e8c2e9f7,5170ec511fb50cdf10d648416d508574d70e9781ddf156a1b2a86d2b385e94dc,100,1729,maximum_nontransitivity_hybrid_gain,2000.0,3000.0
kata1-b15c192-s230670592-d99188084,96,3597.391616671714,3516.20189912559,3678.581334217838,3639.814208464313,-42.42259179259918,2,a5803f8a5d9d87202b43d709cb328cedaf18c446af448f705c33d553e8c2e9f7,5170ec511fb50cdf10d648416d508574d70e9781ddf156a1b2a86d2b385e94dc,100,1729,maximum_nontransitivity_hybrid_gain,2000.0,3000.0
kata1-b15c192-s230670592-d99188084,98,3594.2584933015323,3513.9372048545797,3674.579781748485,3639.814208464313,-45.55571516278087,2,a5803f8a5d9d87202b43d709cb328cedaf18c446af448f705c33d553e8c2e9f7,5170ec511fb50cdf10d648416d508574d70e9781ddf156a1b2a86d2b385e94dc,100,1729,maximum_nontransitivity_hybrid_gain,2000.0,3000.0
kata1-b15c192-s230670592-d99188084,100,3593.522033715857,3514.0240487107812,3673.020018720933,3639.814208464313,-46.29217474845609,2,a5803f8a5d9d87202b43d709cb328cedaf18c446af448f705c33d553e8c2e9f7,5170ec511fb50cdf10d648416d508574d70e9781ddf156a1b2a86d2b385e94dc,100,1729,maximum_nontransitivity_hybrid_gain,2000.0,3000.0
kata1-b15c192-s1062526208-d272346422,2,2847.8246741544663,414.54656090262915,5281.102787406304,3753.2491292776785,-905.4244551232123,2,a5803f8a5d9d87202b43d709cb328cedaf18c446af448f705c33d553e8c2e9f7,5170ec511fb50cdf10d648416d508574d70e9781ddf156a1b2a86d2b385e94dc,100,1729,maximum_nontransitivity_hybrid_gain,2000.0,3000.0
kata1-b15c192-s1062526208-d272346422,4,3566.4615478664787,1695.923178520645,5436.9999172123125,3753.2491292776785,-186.78758141119988,2,a5803f8a5d9d87202b43d709cb328cedaf18c446af448f705c33d553e8c2e9f7,5170ec511fb50cdf10d648416d508574d70e9781ddf156a1b2a86d2b385e94dc,100,1729,maximum_nontransitivity_hybrid_gain,2000.0,3000.0
kata1-b15c192-s1062526208-d272346422,6,3565.780756123277,3097.929220199211,4033.632292047343,3753.2491292776785,-187.46837315440143,2,a5803f8a5d9d87202b43d709cb328cedaf18c446af448f705c33d553e8c2e9f7,5170ec511fb50cdf10d648416d508574d70e9781ddf156a1b2a86d2b385e94dc,100,1729,maximum_nontransitivity_hybrid_gain,2000.0,3000.0
kata1-b15c192-s1062526208-d272346422,8,3747.5708101006385,3359.228988628785,4135.912631572492,3753.2491292776785,-5.678319177040066,2,a5803f8a5d9d87202b43d709cb328cedaf18c446af448f705c33d553e8c2e9f7,5170ec511fb50cdf10d648416d508574d70e9781ddf156a1b2a86d2b385e94dc,100,1729,maximum_nontransitivity_hybrid_gain,2000.0,3000.0
kata1-b15c192-s1062526208-d272346422,10,3684.5579887752065,3393.160023230963,3975.95595431945,3753.2491292776785,-68.69114050247208,2,a5803f8a5d9d87202b43d709cb328cedaf18c446af448f705c33d553e8c2e9f7,5170ec511fb50cdf10d648416d508574d70e9781ddf156a1b2a86d2b385e94dc,100,1729,maximum_nontransitivity_hybrid_gain,2000.0,3000.0
kata1-b15c192-s1062526208-d272346422,12,3749.5986629682534,3481.952138683364,4017.245187253143,3753.2491292776785,-3.6504663094251555,2,a5803f8a5d9d87202b43d709cb328cedaf18c446af448f705c33d553e8c2e9f7,5170ec511fb50cdf10d648416d508574d70e9781ddf156a1b2a86d2b385e94dc,100,1729,maximum_nontransitivity_hybrid_gain,2000.0,3000.0
kata1-b15c192-s1062526208-d272346422,14,3749.344129083143,3507.443518837248,3991.2447393290377,3753.2491292776785,-3.90500019453566,2,a5803f8a5d9d87202b43d709cb328cedaf18c446af448f705c33d553e8c2e9f7,5170ec511fb50cdf10d648416d508574d70e9781ddf156a1b2a86d2b385e94dc,100,1729,maximum_nontransitivity_hybrid_gain,2000.0,3000.0
kata1-b15c192-s1062526208-d272346422,16,3787.2507049042115,3554.2305986444303,4020.2708111639927,3753.2491292776785,34.00157562653294,2,a5803f8a5d9d87202b43d709cb328cedaf18c446af448f705c33d553e8c2e9f7,5170ec511fb50cdf10d648416d508574d70e9781ddf156a1b2a86d2b385e94dc,100,1729,maximum_nontransitivity_hybrid_gain,2000.0,3000.0
kata1-b15c192-s1062526208-d272346422,18,3817.740338275636,3590.6650975043462,4044.815579046926,3753.2491292776785,64.49120899795753,2,a5803f8a5d9d87202b43d709cb328cedaf18c446af448f705c33d553e8c2e9f7,5170ec511fb50cdf10d648416d508574d70e9781ddf156a1b2a86d2b385e94dc,100,1729,maximum_nontransitivity_hybrid_gain,2000.0,3000.0
kata1-b15c192-s1062526208-d272346422,20,3777.6604347625453,3575.755096785941,3979.5657727391495,3753.2491292776785,24.411305484866716,2,a5803f8a5d9d87202b43d709cb328cedaf18c446af448f705c33d553e8c2e9f7,5170ec511fb50cdf10d648416d508574d70e9781ddf156a1b2a86d2b385e94dc,100,1729,maximum_nontransitivity_hybrid_gain,2000.0,3000.0
kata1-b15c192-s1062526208-d272346422,22,3748.8689730234605,3564.465251096802,3933.272694950119,3753.2491292776785,-4.380156254218036,2,a5803f8a5d9d87202b43d709cb328cedaf18c446af448f705c33d553e8c2e9f7,5170ec511fb50cdf10d648416d508574d70e9781ddf156a1b2a86d2b385e94dc,100,1729,maximum_nontransitivity_hybrid_gain,2000.0,3000.0
kata1-b15c192-s1062526208-d272346422,24,3706.258304531861,3538.5484959044893,3873.968113159233,3753.2491292776785,-46.99082474581746,2,a5803f8a5d9d87202b43d709cb328cedaf18c446af448f705c33d553e8c2e9f7,5170ec511fb50cdf10d648416d508574d70e9781ddf156a1b2a86d2b385e94dc,100,1729,maximum_nontransitivity_hybrid_gain,2000.0,3000.0
kata1-b15c192-s1062526208-d272346422,26,3691.499461396848,3533.282037701349,3849.7168850923467,3753.2491292776785,-61.74966788083066,2,a5803f8a5d9d87202b43d709cb328cedaf18c446af448f705c33d553e8c2e9f7,5170ec511fb50cdf10d648416d508574d70e9781ddf156a1b2a86d2b385e94dc,100,1729,maximum_nontransitivity_hybrid_gain,2000.0,3000.0
kata1-b15c192-s1062526208-d272346422,28,3679.4597028887665,3529.1099072196594,3829.8094985578737,3753.2491292776785,-73.78942638891203,2,a5803f8a5d9d87202b43d709cb328cedaf18c446af448f705c33d553e8c2e9f7,5170ec511fb50cdf10d648416d508574d70e9781ddf156a1b2a86d2b385e94dc,100,1729,maximum_nontransitivity_hybrid_gain,2000.0,3000.0
kata1-b15c192-s1062526208-d272346422,30,3711.010914975624,3563.237259021565,3858.784570929683,3753.2491292776785,-42.23821430205453,2,a5803f8a5d9d87202b43d709cb328cedaf18c446af448f705c33d553e8c2e9f7,5170ec511fb50cdf10d648416d508574d70e9781ddf156a1b2a86d2b385e94dc,100,1729,maximum_nontransitivity_hybrid_gain,2000.0,3000.0
kata1-b15c192-s1062526208-d272346422,32,3738.8421899559853,3593.2956223470815,3884.388757564889,3753.2491292776785,-14.406939321693244,2,a5803f8a5d9d87202b43d709cb328cedaf18c446af448f705c33d553e8c2e9f7,5170ec511fb50cdf10d648416d508574d70e9781ddf156a1b2a86d2b385e94dc,100,1729,maximum_nontransitivity_hybrid_gain,2000.0,3000.0
kata1-b15c192-s1062526208-d272346422,34,3734.9595029617094,3595.52618276682,3874.3928231565988,3753.2491292776785,-18.289626315969144,2,a5803f8a5d9d87202b43d709cb328cedaf18c446af448f705c33d553e8c2e9f7,5170ec511fb50cdf10d648416d508574d70e9781ddf156a1b2a86d2b385e94dc,100,1729,maximum_nontransitivity_hybrid_gain,2000.0,3000.0
kata1-b15c192-s1062526208-d272346422,36,3731.6699287706283,3597.5408475568206,3865.799009984436,3753.2491292776785,-21.579200507050246,2,a5803f8a5d9d87202b43d709cb328cedaf18c446af448f705c33d553e8c2e9f7,5170ec511fb50cdf10d648416d508574d70e9781ddf156a1b2a86d2b385e94dc,100,1729,maximum_nontransitivity_hybrid_gain,2000.0,3000.0
kata1-b15c192-s1062526208-d272346422,38,3705.555696737481,3578.3165211266623,3832.7948723482996,3753.2491292776785,-47.69343254019759,2,a5803f8a5d9d87202b43d709cb328cedaf18c446af448f705c33d553e8c2e9f7,5170ec511fb50cdf10d648416d508574d70e9781ddf156a1b2a86d2b385e94dc,100,1729,maximum_nontransitivity_hybrid_gain,2000.0,3000.0
kata1-b15c192-s1062526208-d272346422,40,3726.390923169141,3601.0709033767434,3851.7109429615384,3753.2491292776785,-26.858206108537615,2,a5803f8a5d9d87202b43d709cb328cedaf18c446af448f705c33d553e8c2e9f7,5170ec511fb50cdf10d648416d508574d70e9781ddf156a1b2a86d2b385e94dc,100,1729,maximum_nontransitivity_hybrid_gain,2000.0,3000.0
kata1-b15c192-s1062526208-d272346422,42,3745.345971096886,3621.6986702453423,3868.9932719484295,3753.2491292776785,-7.903158180792616,2,a5803f8a5d9d87202b43d709cb328cedaf18c446af448f705c33d553e8c2e9f7,5170ec511fb50cdf10d648416d508574d70e9781ddf156a1b2a86d2b385e94dc,100,1729,maximum_nontransitivity_hybrid_gain,2000.0,3000.0
kata1-b15c192-s1062526208-d272346422,44,3742.161648573923,3622.1574124991366,3862.165884648709,3753.2491292776785,-11.087480703755773,2,a5803f8a5d9d87202b43d709cb328cedaf18c446af448f705c33d553e8c2e9f7,5170ec511fb50cdf10d648416d508574d70e9781ddf156a1b2a86d2b385e94dc,100,1729,maximum_nontransitivity_hybrid_gain,2000.0,3000.0
kata1-b15c192-s1062526208-d272346422,46,3739.335175766936,3622.619258503287,3856.0510930305854,3753.2491292776785,-13.91395351074243,2,a5803f8a5d9d87202b43d709cb328cedaf18c446af448f705c33d553e8c2e9f7,5170ec511fb50cdf10d648416d508574d70e9781ddf156a1b2a86d2b385e94dc,100,1729,maximum_nontransitivity_hybrid_gain,2000.0,3000.0
kata1-b15c192-s1062526208-d272346422,48,3727.902812164256,3614.88295634393,3840.922667984582,3753.2491292776785,-25.34631711342263,2,a5803f8a5d9d87202b43d709cb328cedaf18c446af448f705c33d553e8c2e9f7,5170ec511fb50cdf10d648416d508574d70e9781ddf156a1b2a86d2b385e94dc,100,1729,maximum_nontransitivity_hybrid_gain,2000.0,3000.0
kata1-b15c192-s1062526208-d272346422,50,3743.0976604142406,3631.415044812171,3854.7802760163104,3753.2491292776785,-10.151468863437913,2,a5803f8a5d9d87202b43d709cb328cedaf18c446af448f705c33d553e8c2e9f7,5170ec511fb50cdf10d648416d508574d70e9781ddf156a1b2a86d2b385e94dc,100,1729,maximum_nontransitivity_hybrid_gain,2000.0,3000.0
kata1-b15c192-s1062526208-d272346422,52,3740.6169389425286,3631.524902592432,3849.708975292625,3753.2491292776785,-12.632190335149971,2,a5803f8a5d9d87202b43d709cb328cedaf18c446af448f705c33d553e8c2e9f7,5170ec511fb50cdf10d648416d508574d70e9781ddf156a1b2a86d2b385e94dc,100,1729,maximum_nontransitivity_hybrid_gain,2000.0,3000.0
kata1-b15c192-s1062526208-d272346422,54,3738.3645244965946,3631.6588916481337,3845.0701573450556,3753.2491292776785,-14.884604781083908,2,a5803f8a5d9d87202b43d709cb328cedaf18c446af448f705c33d553e8c2e9f7,5170ec511fb50cdf10d648416d508574d70e9781ddf156a1b2a86d2b385e94dc,100,1729,maximum_nontransitivity_hybrid_gain,2000.0,3000.0
kata1-b15c192-s1062526208-d272346422,56,3728.905615158853,3624.895148691996,3832.91608162571,3753.2491292776785,-24.343514118825624,2,a5803f8a5d9d87202b43d709cb328cedaf18c446af448f705c33d553e8c2e9f7,5170ec511fb50cdf10d648416d508574d70e9781ddf156a1b2a86d2b385e94dc,100,1729,maximum_nontransitivity_hybrid_gain,2000.0,3000.0
kata1-b15c192-s1062526208-d272346422,58,3713.35021128901,3612.1054080906997,3814.5950144873204,3753.2491292776785,-39.89891798866847,2,a5803f8a5d9d87202b43d709cb328cedaf18c446af448f705c33d553e8c2e9f7,5170ec511fb50cdf10d648416d508574d70e9781ddf156a1b2a86d2b385e94dc,100,1729,maximum_nontransitivity_hybrid_gain,2000.0,3000.0
kata1-b15c192-s1062526208-d272346422,60,3712.468953777408,3613.022444580317,3811.915462974499,3753.2491292776785,-40.780175500270616,2,a5803f8a5d9d87202b43d709cb328cedaf18c446af448f705c33d553e8c2e9f7,5170ec511fb50cdf10d648416d508574d70e9781ddf156a1b2a86d2b385e94dc,100,1729,maximum_nontransitivity_hybrid_gain,2000.0,3000.0
kata1-b15c192-s1062526208-d272346422,62,3711.6524813188153,3613.8954421652106,3809.40952047242,3753.2491292776785,-41.59664795886329,2,a5803f8a5d9d87202b43d709cb328cedaf18c446af448f705c33d553e8c2e9f7,5170ec511fb50cdf10d648416d508574d70e9781ddf156a1b2a86d2b385e94dc,100,1729,maximum_nontransitivity_hybrid_gain,2000.0,3000.0
kata1-b15c192-s1062526208-d272346422,64,3717.095141236678,3620.6557701288766,3813.5345123444795,3753.2491292776785,-36.1539880410005,2,a5803f8a5d9d87202b43d709cb328cedaf18c446af448f705c33d553e8c2e9f7,5170ec511fb50cdf10d648416d508574d70e9781ddf156a1b2a86d2b385e94dc,100,1729,maximum_nontransitivity_hybrid_gain,2000.0,3000.0
kata1-b15c192-s1062526208-d272346422,66,3728.2478579361773,3632.757747504209,3823.7379683681456,3753.2491292776785,-25.00127134150125,2,a5803f8a5d9d87202b43d709cb328cedaf18c446af448f705c33d553e8c2e9f7,5170ec511fb50cdf10d648416d508574d70e9781ddf156a1b2a86d2b385e94dc,100,1729,maximum_nontransitivity_hybrid_gain,2000.0,3000.0
kata1-b15c192-s1062526208-d272346422,68,3726.969377510857,3632.966738191828,3820.9720168298863,3753.2491292776785,-26.27975176682139,2,a5803f8a5d9d87202b43d709cb328cedaf18c446af448f705c33d553e8c2e9f7,5170ec511fb50cdf10d648416d508574d70e9781ddf156a1b2a86d2b385e94dc,100,1729,maximum_nontransitivity_hybrid_gain,2000.0,3000.0
kata1-b15c192-s1062526208-d272346422,70,3737.188747908027,3644.0184286235317,3830.359067192522,3753.2491292776785,-16.060381369651623,2,a5803f8a5d9d87202b43d709cb328cedaf18c446af448f705c33d553e8c2e9f7,5170ec511fb50cdf10d648416d508574d70e9781ddf156a1b2a86d2b385e94dc,100,1729,maximum_nontransitivity_hybrid_gain,2000.0,3000.0
kata1-b15c192-s1062526208-d272346422,72,3735.6929391764825,3643.8984921480246,3827.4873862049403,3753.2491292776785,-17.55619010119608,2,a5803f8a5d9d87202b43d709cb328cedaf18c446af448f705c33d553e8c2e9f7,5170ec511fb50cdf10d648416d508574d70e9781ddf156a1b2a86d2b385e94dc,100,1729,maximum_nontransitivity_hybrid_gain,2000.0,3000.0
kata1-b15c192-s1062526208-d272346422,74,3745.117811343577,3654.0595820726126,3836.1760406145418,3753.2491292776785,-8.13131793410139,2,a5803f8a5d9d87202b43d709cb328cedaf18c446af448f705c33d553e8c2e9f7,5170ec511fb50cdf10d648416d508574d70e9781ddf156a1b2a86d2b385e94dc,100,1729,maximum_nontransitivity_hybrid_gain,2000.0,3000.0
kata1-b15c192-s1062526208-d272346422,76,3748.7568265525406,3658.686242777944,3838.8274103271374,3753.2491292776785,-4.492302725137961,2,a5803f8a5d9d87202b43d709cb328cedaf18c446af448f705c33d553e8c2e9f7,5170ec511fb50cdf10d648416d508574d70e9781ddf156a1b2a86d2b385e94dc,100,1729,maximum_nontransitivity_hybrid_gain,2000.0,3000.0
kata1-b15c192-s1062526208-d272346422,78,3747.032365691271,3658.1955182088145,3835.8692131737275,3753.2491292776785,-6.216763586407524,2,a5803f8a5d9d87202b43d709cb328cedaf18c446af448f705c33d553e8c2e9f7,5170ec511fb50cdf10d648416d508574d70e9781ddf156a1b2a86d2b385e94dc,100,1729,maximum_nontransitivity_hybrid_gain,2000.0,3000.0
kata1-b15c192-s1062526208-d272346422,80,3755.466621586669,3667.251021136187,3843.6822220371514,3753.2491292776785,2.217492308990586,2,a5803f8a5d9d87202b43d709cb328cedaf18c446af448f705c33d553e8c2e9f7,5170ec511fb50cdf10d648416d508574d70e9781ddf156a1b2a86d2b385e94dc,100,1729,maximum_nontransitivity_hybrid_gain,2000.0,3000.0
kata1-b15c192-s1062526208-d272346422,82,3753.6376160737345,3666.574405889926,3840.700826257543,3753.2491292776785,0.3884867960559859,2,a5803f8a5d9d87202b43d709cb328cedaf18c446af448f705c33d553e8c2e9f7,5170ec511fb50cdf10d648416d508574d70e9781ddf156a1b2a86d2b385e94dc,100,1729,maximum_nontransitivity_hybrid_gain,2000.0,3000.0
kata1-b15c192-s1062526208-d272346422,84,3747.156511107907,3661.435177258044,3832.8778449577703,3753.2491292776785,-6.092618169771413,2,a5803f8a5d9d87202b43d709cb328cedaf18c446af448f705c33d553e8c2e9f7,5170ec511fb50cdf10d648416d508574d70e9781ddf156a1b2a86d2b385e94dc,100,1729,maximum_nontransitivity_hybrid_gain,2000.0,3000.0
kata1-b15c192-s1062526208-d272346422,86,3745.6575231261263,3660.9640080061454,3830.3510382461072,3753.2491292776785,-7.5916061515522415,2,a5803f8a5d9d87202b43d709cb328cedaf18c446af448f705c33d553e8c2e9f7,5170ec511fb50cdf10d648416d508574d70e9781ddf156a1b2a86d2b385e94dc,100,1729,maximum_nontransitivity_hybrid_gain,2000.0,3000.0
kata1-b15c192-s1062526208-d272346422,88,3753.2515335281973,3669.0975226395644,3837.4055444168303,3753.2491292776785,0.0024042505187935603,2,a5803f8a5d9d87202b43d709cb328cedaf18c446af448f705c33d553e8c2e9f7,5170ec511fb50cdf10d648416d508574d70e9781ddf156a1b2a86d2b385e94dc,100,1729,maximum_nontransitivity_hybrid_gain,2000.0,3000.0
kata1-b15c192-s1062526208-d272346422,90,3742.888130351844,3660.1146180854385,3825.66164261825,3753.2491292776785,-10.360998925834338,2,a5803f8a5d9d87202b43d709cb328cedaf18c446af448f705c33d553e8c2e9f7,5170ec511fb50cdf10d648416d508574d70e9781ddf156a1b2a86d2b385e94dc,100,1729,maximum_nontransitivity_hybrid_gain,2000.0,3000.0
kata1-b15c192-s1062526208-d272346422,92,3750.154160561706,3667.8905211431456,3832.417799980266,3753.2491292776785,-3.0949687159727546,2,a5803f8a5d9d87202b43d709cb328cedaf18c446af448f705c33d553e8c2e9f7,5170ec511fb50cdf10d648416d508574d70e9781ddf156a1b2a86d2b385e94dc,100,1729,maximum_nontransitivity_hybrid_gain,2000.0,3000.0
kata1-b15c192-s1062526208-d272346422,94,3748.720278202497,3667.341141592946,3830.099414812048,3753.2491292776785,-4.528851075181592,2,a5803f8a5d9d87202b43d709cb328cedaf18c446af448f705c33d553e8c2e9f7,5170ec511fb50cdf10d648416d508574d70e9781ddf156a1b2a86d2b385e94dc,100,1729,maximum_nontransitivity_hybrid_gain,2000.0,3000.0
kata1-b15c192-s1062526208-d272346422,96,3751.4504522743073,3670.7325090385207,3832.168395510094,3753.2491292776785,-1.7986770033712673,2,a5803f8a5d9d87202b43d709cb328cedaf18c446af448f705c33d553e8c2e9f7,5170ec511fb50cdf10d648416d508574d70e9781ddf156a1b2a86d2b385e94dc,100,1729,maximum_nontransitivity_hybrid_gain,2000.0,3000.0
kata1-b15c192-s1062526208-d272346422,98,3750.0495773594625,3670.156081106947,3829.943073611978,3753.2491292776785,-3.1995519182160024,2,a5803f8a5d9d87202b43d709cb328cedaf18c446af448f705c33d553e8c2e9f7,5170ec511fb50cdf10d648416d508574d70e9781ddf156a1b2a86d2b385e94dc,100,1729,maximum_nontransitivity_hybrid_gain,2000.0,3000.0
kata1-b15c192-s1062526208-d272346422,100,3748.712881424281,3669.6110221262684,3827.8147407222937,3753.2491292776785,-4.536247853397526,2,a5803f8a5d9d87202b43d709cb328cedaf18c446af448f705c33d553e8c2e9f7,5170ec511fb50cdf10d648416d508574d70e9781ddf156a1b2a86d2b385e94dc,100,1729,maximum_nontransitivity_hybrid_gain,2000.0,3000.0
kata1-b20c256x2-s2430231552-d525879064,2,2833.880950491955,383.9809910062163,5283.780909977693,3862.9058944464023,-1029.0249439544473,2,a5803f8a5d9d87202b43d709cb328cedaf18c446af448f705c33d553e8c2e9f7,5170ec511fb50cdf10d648416d508574d70e9781ddf156a1b2a86d2b385e94dc,100,1729,maximum_nontransitivity_hybrid_gain,2000.0,3000.0
kata1-b20c256x2-s2430231552-d525879064,4,3558.4518167045294,1683.6417766727525,5433.261856736306,3862.9058944464023,-304.4540777418729,2,a5803f8a5d9d87202b43d709cb328cedaf18c446af448f705c33d553e8c2e9f7,5170ec511fb50cdf10d648416d508574d70e9781ddf156a1b2a86d2b385e94dc,100,1729,maximum_nontransitivity_hybrid_gain,2000.0,3000.0
kata1-b20c256x2-s2430231552-d525879064,6,4216.561656288232,2615.3631927160413,5817.760119860423,3862.9058944464023,353.6557618418301,2,a5803f8a5d9d87202b43d709cb328cedaf18c446af448f705c33d553e8c2e9f7,5170ec511fb50cdf10d648416d508574d70e9781ddf156a1b2a86d2b385e94dc,100,1729,maximum_nontransitivity_hybrid_gain,2000.0,3000.0
kata1-b20c256x2-s2430231552-d525879064,8,4213.560390082508,3749.217294491765,4677.903485673251,3862.9058944464023,350.6544956361058,2,a5803f8a5d9d87202b43d709cb328cedaf18c446af448f705c33d553e8c2e9f7,5170ec511fb50cdf10d648416d508574d70e9781ddf156a1b2a86d2b385e94dc,100,1729,maximum_nontransitivity_hybrid_gain,2000.0,3000.0
kata1-b20c256x2-s2430231552-d525879064,10,4124.796668383681,3784.1317830296125,4465.46155373775,3862.9058944464023,261.89077393727894,2,a5803f8a5d9d87202b43d709cb328cedaf18c446af448f705c33d553e8c2e9f7,5170ec511fb50cdf10d648416d508574d70e9781ddf156a1b2a86d2b385e94dc,100,1729,maximum_nontransitivity_hybrid_gain,2000.0,3000.0
kata1-b20c256x2-s2430231552-d525879064,12,4150.651735743967,3871.6560255746585,4429.647445913275,3862.9058944464023,287.74584129756477,2,a5803f8a5d9d87202b43d709cb328cedaf18c446af448f705c33d553e8c2e9f7,5170ec511fb50cdf10d648416d508574d70e9781ddf156a1b2a86d2b385e94dc,100,1729,maximum_nontransitivity_hybrid_gain,2000.0,3000.0
kata1-b20c256x2-s2430231552-d525879064,14,4059.0686832809083,3804.5876218436606,4313.549744718156,3862.9058944464023,196.16278883450605,2,a5803f8a5d9d87202b43d709cb328cedaf18c446af448f705c33d553e8c2e9f7,5170ec511fb50cdf10d648416d508574d70e9781ddf156a1b2a86d2b385e94dc,100,1729,maximum_nontransitivity_hybrid_gain,2000.0,3000.0
kata1-b20c256x2-s2430231552-d525879064,16,4077.081048410313,3852.523582313183,4301.638514507444,3862.9058944464023,214.17515396391082,2,a5803f8a5d9d87202b43d709cb328cedaf18c446af448f705c33d553e8c2e9f7,5170ec511fb50cdf10d648416d508574d70e9781ddf156a1b2a86d2b385e94dc,100,1729,maximum_nontransitivity_hybrid_gain,2000.0,3000.0
kata1-b20c256x2-s2430231552-d525879064,18,4025.458713270591,3811.764997925766,4239.152428615416,3862.9058944464023,162.55281882418876,2,a5803f8a5d9d87202b43d709cb328cedaf18c446af448f705c33d553e8c2e9f7,5170ec511fb50cdf10d648416d508574d70e9781ddf156a1b2a86d2b385e94dc,100,1729,maximum_nontransitivity_hybrid_gain,2000.0,3000.0
kata1-b20c256x2-s2430231552-d525879064,20,3985.6009291463233,3779.319826876652,4191.882031415995,3862.9058944464023,122.69503469992105,2,a5803f8a5d9d87202b43d709cb328cedaf18c446af448f705c33d553e8c2e9f7,5170ec511fb50cdf10d648416d508574d70e9781ddf156a1b2a86d2b385e94dc,100,1729,maximum_nontransitivity_hybrid_gain,2000.0,3000.0
kata1-b20c256x2-s2430231552-d525879064,22,4008.1386855038977,3819.6651330235245,4196.612237984271,3862.9058944464023,145.23279105749543,2,a5803f8a5d9d87202b43d709cb328cedaf18c446af448f705c33d553e8c2e9f7,5170ec511fb50cdf10d648416d508574d70e9781ddf156a1b2a86d2b385e94dc,100,1729,maximum_nontransitivity_hybrid_gain,2000.0,3000.0
kata1-b20c256x2-s2430231552-d525879064,24,4024.877653976543,3849.849316605848,4199.905991347238,3862.9058944464023,161.97175953014084,2,a5803f8a5d9d87202b43d709cb328cedaf18c446af448f705c33d553e8c2e9f7,5170ec511fb50cdf10d648416d508574d70e9781ddf156a1b2a86d2b385e94dc,100,1729,maximum_nontransitivity_hybrid_gain,2000.0,3000.0
kata1-b20c256x2-s2430231552-d525879064,26,3997.541215853531,3826.684629163982,4168.39780254308,3862.9058944464023,134.63532140712869,2,a5803f8a5d9d87202b43d709cb328cedaf18c446af448f705c33d553e8c2e9f7,5170ec511fb50cdf10d648416d508574d70e9781ddf156a1b2a86d2b385e94dc,100,1729,maximum_nontransitivity_hybrid_gain,2000.0,3000.0
kata1-b20c256x2-s2430231552-d525879064,28,3993.645136589901,3829.82437794831,4157.465895231492,3862.9058944464023,130.7392421434988,2,a5803f8a5d9d87202b43d709cb328cedaf18c446af448f705c33d553e8c2e9f7,5170ec511fb50cdf10d648416d508574d70e9781ddf156a1b2a86d2b385e94dc,100,1729,maximum_nontransitivity_hybrid_gain,2000.0,3000.0
kata1-b20c256x2-s2430231552-d525879064,30,3972.233744003766,3811.253015439469,4133.214472568063,3862.9058944464023,109.3278495573636,2,a5803f8a5d9d87202b43d709cb328cedaf18c446af448f705c33d553e8c2e9f7,5170ec511fb50cdf10d648416d508574d70e9781ddf156a1b2a86d2b385e94dc,100,1729,maximum_nontransitivity_hybrid_gain,2000.0,3000.0
kata1-b20c256x2-s2430231552-d525879064,32,3953.2092048645923,3794.5835510494203,4111.834858679765,3862.9058944464023,90.30331041819,2,a5803f8a5d9d87202b43d709cb328cedaf18c446af448f705c33d553e8c2e9f7,5170ec511fb50cdf10d648416d508574d70e9781ddf156a1b2a86d2b385e94dc,100,1729,maximum_nontransitivity_hybrid_gain,2000.0,3000.0
kata1-b20c256x2-s2430231552-d525879064,34,3936.1053358970917,3779.472284677531,4092.738387116652,3862.9058944464023,73.19944145068939,2,a5803f8a5d9d87202b43d709cb328cedaf18c446af448f705c33d553e8c2e9f7,5170ec511fb50cdf10d648416d508574d70e9781ddf156a1b2a86d2b385e94dc,100,1729,maximum_nontransitivity_hybrid_gain,2000.0,3000.0
kata1-b20c256x2-s2430231552-d525879064,36,3937.2667074568008,3785.9493725874772,4088.5840423261243,3862.9058944464023,74.36081301039849,2,a5803f8a5d9d87202b43d709cb328cedaf18c446af448f705c33d553e8c2e9f7,5170ec511fb50cdf10d648416d508574d70e9781ddf156a1b2a86d2b385e94dc,100,1729,maximum_nontransitivity_hybrid_gain,2000.0,3000.0
kata1-b20c256x2-s2430231552-d525879064,38,3922.709785170491,3772.932794400493,4072.486775940489,3862.9058944464023,59.80389072408889,2,a5803f8a5d9d87202b43d709cb328cedaf18c446af448f705c33d553e8c2e9f7,5170ec511fb50cdf10d648416d508574d70e9781ddf156a1b2a86d2b385e94dc,100,1729,maximum_nontransitivity_hybrid_gain,2000.0,3000.0
kata1-b20c256x2-s2430231552-d525879064,40,3924.578237872799,3779.432001138125,4069.724474607473,3862.9058944464023,61.672343426396765,2,a5803f8a5d9d87202b43d709cb328cedaf18c446af448f705c33d553e8c2e9f7,5170ec511fb50cdf10d648416d508574d70e9781ddf156a1b2a86d2b385e94dc,100,1729,maximum_nontransitivity_hybrid_gain,2000.0,3000.0
kata1-b20c256x2-s2430231552-d525879064,42,3911.9081158873055,3767.993581051413,4055.822650723198,3862.9058944464023,49.00222144090321,2,a5803f8a5d9d87202b43d709cb328cedaf18c446af448f705c33d553e8c2e9f7,5170ec511fb50cdf10d648416d508574d70e9781ddf156a1b2a86d2b385e94dc,100,1729,maximum_nontransitivity_hybrid_gain,2000.0,3000.0
kata1-b20c256x2-s2430231552-d525879064,44,3914.2125285180473,3774.391905992603,4054.0331510434917,3862.9058944464023,51.30663407164502,2,a5803f8a5d9d87202b43d709cb328cedaf18c446af448f705c33d553e8c2e9f7,5170ec511fb50cdf10d648416d508574d70e9781ddf156a1b2a86d2b385e94dc,100,1729,maximum_nontransitivity_hybrid_gain,2000.0,3000.0
kata1-b20c256x2-s2430231552-d525879064,46,3916.2714996691298,3780.188752061076,4052.3542472771837,3862.9058944464023,53.36560522272748,2,a5803f8a5d9d87202b43d709cb328cedaf18c446af448f705c33d553e8c2e9f7,5170ec511fb50cdf10d648416d508574d70e9781ddf156a1b2a86d2b385e94dc,100,1729,maximum_nontransitivity_hybrid_gain,2000.0,3000.0
kata1-b20c256x2-s2430231552-d525879064,48,3905.567365345637,3770.4191604962857,4040.7155701949882,3862.9058944464023,42.6614708992347,2,a5803f8a5d9d87202b43d709cb328cedaf18c446af448f705c33d553e8c2e9f7,5170ec511fb50cdf10d648416d508574d70e9781ddf156a1b2a86d2b385e94dc,100,1729,maximum_nontransitivity_hybrid_gain,2000.0,3000.0
kata1-b20c256x2-s2430231552-d525879064,50,3895.5039339980835,3761.202344610203,4029.805523385964,3862.9058944464023,32.59803955168127,2,a5803f8a5d9d87202b43d709cb328cedaf18c446af448f705c33d553e8c2e9f7,5170ec511fb50cdf10d648416d508574d70e9781ddf156a1b2a86d2b385e94dc,100,1729,maximum_nontransitivity_hybrid_gain,2000.0,3000.0
kata1-b20c256x2-s2430231552-d525879064,52,3886.0100877382383,3752.4800596927944,4019.5401157836823,3862.9058944464023,23.104193291836054,2,a5803f8a5d9d87202b43d709cb328cedaf18c446af448f705c33d553e8c2e9f7,5170ec511fb50cdf10d648416d508574d70e9781ddf156a1b2a86d2b385e94dc,100,1729,maximum_nontransitivity_hybrid_gain,2000.0,3000.0
kata1-b20c256x2-s2430231552-d525879064,54,3877.026031938616,3744.2029763421788,4009.8490875350535,3862.9058944464023,14.120137492213871,2,a5803f8a5d9d87202b43d709cb328cedaf18c446af448f705c33d553e8c2e9f7,5170ec511fb50cdf10d648416d508574d70e9781ddf156a1b2a86d2b385e94dc,100,1729,maximum_nontransitivity_hybrid_gain,2000.0,3000.0
kata1-b20c256x2-s2430231552-d525879064,56,3870.513290926189,3738.3196737651538,4002.706908087224,3862.9058944464023,7.60739647978653,2,a5803f8a5d9d87202b43d709cb328cedaf18c446af448f705c33d553e8c2e9f7,5170ec511fb50cdf10d648416d508574d70e9781ddf156a1b2a86d2b385e94dc,100,1729,maximum_nontransitivity_hybrid_gain,2000.0,3000.0
kata1-b20c256x2-s2430231552-d525879064,58,3885.5319740683976,3758.8711756200305,4012.1927725167648,3862.9058944464023,22.62607962199536,2,a5803f8a5d9d87202b43d709cb328cedaf18c446af448f705c33d553e8c2e9f7,5170ec511fb50cdf10d648416d508574d70e9781ddf156a1b2a86d2b385e94dc,100,1729,maximum_nontransitivity_hybrid_gain,2000.0,3000.0
kata1-b20c256x2-s2430231552-d525879064,60,3877.4992584139027,3751.4152218184113,4003.583295009394,3862.9058944464023,14.593363967500409,2,a5803f8a5d9d87202b43d709cb328cedaf18c446af448f705c33d553e8c2e9f7,5170ec511fb50cdf10d648416d508574d70e9781ddf156a1b2a86d2b385e94dc,100,1729,maximum_nontransitivity_hybrid_gain,2000.0,3000.0
kata1-b20c256x2-s2430231552-d525879064,62,3869.8330974624537,3744.2844723311273,3995.38172259378,3862.9058944464023,6.927203016051408,2,a5803f8a5d9d87202b43d709cb328cedaf18c446af448f705c33d553e8c2e9f7,5170ec511fb50cdf10d648416d508574d70e9781ddf156a1b2a86d2b385e94dc,100,1729,maximum_nontransitivity_hybrid_gain,2000.0,3000.0
kata1-b20c256x2-s2430231552-d525879064,64,3879.9690556915143,3759.858954869185,4000.079156513844,3862.9058944464023,17.063161245112042,2,a5803f8a5d9d87202b43d709cb328cedaf18c446af448f705c33d553e8c2e9f7,5170ec511fb50cdf10d648416d508574d70e9781ddf156a1b2a86d2b385e94dc,100,1729,maximum_nontransitivity_hybrid_gain,2000.0,3000.0
kata1-b20c256x2-s2430231552-d525879064,66,3892.0591549315563,3775.881917288886,4008.2363925742266,3862.9058944464023,29.153260485154078,2,a5803f8a5d9d87202b43d709cb328cedaf18c446af448f705c33d553e8c2e9f7,5170ec511fb50cdf10d648416d508574d70e9781ddf156a1b2a86d2b385e94dc,100,1729,maximum_nontransitivity_hybrid_gain,2000.0,3000.0
kata1-b20c256x2-s2430231552-d525879064,68,3894.199293842852,3780.0772712195985,4008.3213164661056,3862.9058944464023,31.293399396449786,2,a5803f8a5d9d87202b43d709cb328cedaf18c446af448f705c33d553e8c2e9f7,5170ec511fb50cdf10d648416d508574d70e9781ddf156a1b2a86d2b385e94dc,100,1729,maximum_nontransitivity_hybrid_gain,2000.0,3000.0
kata1-b20c256x2-s2430231552-d525879064,70,3912.8812873075954,3803.3168545113695,4022.4457201038213,3862.9058944464023,49.975392861193086,2,a5803f8a5d9d87202b43d709cb328cedaf18c446af448f705c33d553e8c2e9f7,5170ec511fb50cdf10d648416d508574d70e9781ddf156a1b2a86d2b385e94dc,100,1729,maximum_nontransitivity_hybrid_gain,2000.0,3000.0
kata1-b20c256x2-s2430231552-d525879064,72,3906.2124476315,3797.134109201711,4015.2907860612886,3862.9058944464023,43.30655318509753,2,a5803f8a5d9d87202b43d709cb328cedaf18c446af448f705c33d553e8c2e9f7,5170ec511fb50cdf10d648416d508574d70e9781ddf156a1b2a86d2b385e94dc,100,1729,maximum_nontransitivity_hybrid_gain,2000.0,3000.0
kata1-b20c256x2-s2430231552-d525879064,74,3907.6810510274295,3800.2653038363123,4015.0967982185466,3862.9058944464023,44.775156581027204,2,a5803f8a5d9d87202b43d709cb328cedaf18c446af448f705c33d553e8c2e9f7,5170ec511fb50cdf10d648416d508574d70e9781ddf156a1b2a86d2b385e94dc,100,1729,maximum_nontransitivity_hybrid_gain,2000.0,3000.0
kata1-b20c256x2-s2430231552-d525879064,76,3909.0604147760573,3803.2230905425713,4014.8977390095433,3862.9058944464023,46.15452032965504,2,a5803f8a5d9d87202b43d709cb328cedaf18c446af448f705c33d553e8c2e9f7,5170ec511fb50cdf10d648416d508574d70e9781ddf156a1b2a86d2b385e94dc,100,1729,maximum_nontransitivity_hybrid_gain,2000.0,3000.0
kata1-b20c256x2-s2430231552-d525879064,78,3917.5701736649794,3814.260213268436,4020.8801340615228,3862.9058944464023,54.66427921857712,2,a5803f8a5d9d87202b43d709cb328cedaf18c446af448f705c33d553e8c2e9f7,5170ec511fb50cdf10d648416d508574d70e9781ddf156a1b2a86d2b385e94dc,100,1729,maximum_nontransitivity_hybrid_gain,2000.0,3000.0
kata1-b20c256x2-s2430231552-d525879064,80,3925.423514471528,3824.420046108503,4026.426982834553,3862.9058944464023,62.51762002512578,2,a5803f8a5d9d87202b43d709cb328cedaf18c446af448f705c33d553e8c2e9f7,5170ec511fb50cdf10d648416d508574d70e9781ddf156a1b2a86d2b385e94dc,100,1729,maximum_nontransitivity_hybrid_gain,2000.0,3000.0
kata1-b20c256x2-s2430231552-d525879064,82,3926.17799220412,3826.4506923200993,4025.905292088141,3862.9058944464023,63.2720977577178,2,a5803f8a5d9d87202b43d709cb328cedaf18c446af448f705c33d553e8c2e9f7,5170ec511fb50cdf10d648416d508574d70e9781ddf156a1b2a86d2b385e94dc,100,1729,maximum_nontransitivity_hybrid_gain,2000.0,3000.0
kata1-b20c256x2-s2430231552-d525879064,84,3920.425044863973,3821.0738369619257,4019.7762527660207,3862.9058944464023,57.51915041757093,2,a5803f8a5d9d87202b43d709cb328cedaf18c446af448f705c33d553e8c2e9f7,5170ec511fb50cdf10d648416d508574d70e9781ddf156a1b2a86d2b385e94dc,100,1729,maximum_nontransitivity_hybrid_gain,2000.0,3000.0
kata1-b20c256x2-s2430231552-d525879064,86,3914.863852578134,3815.867602840537,4013.8601023157307,3862.9058944464023,51.95795813173163,2,a5803f8a5d9d87202b43d709cb328cedaf18c446af448f705c33d553e8c2e9f7,5170ec511fb50cdf10d648416d508574d70e9781ddf156a1b2a86d2b385e94dc,100,1729,maximum_nontransitivity_hybrid_gain,2000.0,3000.0
kata1-b20c256x2-s2430231552-d525879064,88,3909.4821500711632,3810.821531864854,4008.1427682774724,3862.9058944464023,46.57625562476096,2,a5803f8a5d9d87202b43d709cb328cedaf18c446af448f705c33d553e8c2e9f7,5170ec511fb50cdf10d648416d508574d70e9781ddf156a1b2a86d2b385e94dc,100,1729,maximum_nontransitivity_hybrid_gain,2000.0,3000.0
kata1-b20c256x2-s2430231552-d525879064,90,3910.5850706221468,3813.103502409314,4008.0666388349796,3862.9058944464023,47.67917617574449,2,a5803f8a5d9d87202b43d709cb328cedaf18c446af448f705c33d553e8c2e9f7,5170ec511fb50cdf10d648416d508574d70e9781ddf156a1b2a86d2b385e94dc,100,1729,maximum_nontransitivity_hybrid_gain,2000.0,3000.0
kata1-b20c256x2-s2430231552-d525879064,92,3919.222437174881,3823.656757923934,4014.7881164258283,3862.9058944464023,56.31654272847891,2,a5803f8a5d9d87202b43d709cb328cedaf18c446af448f705c33d553e8c2e9f7,5170ec511fb50cdf10d648416d508574d70e9781ddf156a1b2a86d2b385e94dc,100,1729,maximum_nontransitivity_hybrid_gain,2000.0,3000.0
kata1-b20c256x2-s2430231552-d525879064,94,3927.3328041254827,3833.543465990385,4021.1221422605804,3862.9058944464023,64.42690967908038,2,a5803f8a5d9d87202b43d709cb328cedaf18c446af448f705c33d553e8c2e9f7,5170ec511fb50cdf10d648416d508574d70e9781ddf156a1b2a86d2b385e94dc,100,1729,maximum_nontransitivity_hybrid_gain,2000.0,3000.0
kata1-b20c256x2-s2430231552-d525879064,96,3923.5560076815445,3830.0637450967974,4017.0482702662916,3862.9058944464023,60.65011323514227,2,a5803f8a5d9d87202b43d709cb328cedaf18c446af448f705c33d553e8c2e9f7,5170ec511fb50cdf10d648416d508574d70e9781ddf156a1b2a86d2b385e94dc,100,1729,maximum_nontransitivity_hybrid_gain,2000.0,3000.0
kata1-b20c256x2-s2430231552-d525879064,98,3919.8756296312245,3826.6658163695092,4013.0854428929397,3862.9058944464023,56.969735184822184,2,a5803f8a5d9d87202b43d709cb328cedaf18c446af448f705c33d553e8c2e9f7,5170ec511fb50cdf10d648416d508574d70e9781ddf156a1b2a86d2b385e94dc,100,1729,maximum_nontransitivity_hybrid_gain,2000.0,3000.0
kata1-b20c256x2-s2430231552-d525879064,100,3927.5325874532396,3835.9660485225454,4019.0991263839337,3862.9058944464023,64.62669300683729,2,a5803f8a5d9d87202b43d709cb328cedaf18c446af448f705c33d553e8c2e9f7,5170ec511fb50cdf10d648416d508574d70e9781ddf156a1b2a86d2b385e94dc,100,1729,maximum_nontransitivity_hybrid_gain,2000.0,3000.0
kata1-b40c256x2-s4833666560-d1179059206,2,2830.1881807464742,375.82897613475143,5284.547385358197,3988.51790261065,-1158.3297218641756,2,a5803f8a5d9d87202b43d709cb328cedaf18c446af448f705c33d553e8c2e9f7,5170ec511fb50cdf10d648416d508574d70e9781ddf156a1b2a86d2b385e94dc,100,1729,maximum_nontransitivity_hybrid_gain,2000.0,3000.0
kata1-b40c256x2-s4833666560-d1179059206,4,3551.796673061234,1673.4402530653197,5430.153093057148,3988.51790261065,-436.72122954941597,2,a5803f8a5d9d87202b43d709cb328cedaf18c446af448f705c33d553e8c2e9f7,5170ec511fb50cdf10d648416d508574d70e9781ddf156a1b2a86d2b385e94dc,100,1729,maximum_nontransitivity_hybrid_gain,2000.0,3000.0
kata1-b40c256x2-s4833666560-d1179059206,6,4208.398769024768,2604.56661611167,5812.230921937866,3988.51790261065,219.88086641411792,2,a5803f8a5d9d87202b43d709cb328cedaf18c446af448f705c33d553e8c2e9f7,5170ec511fb50cdf10d648416d508574d70e9781ddf156a1b2a86d2b385e94dc,100,1729,maximum_nontransitivity_hybrid_gain,2000.0,3000.0
kata1-b40c256x2-s4833666560-d1179059206,8,3861.0190831900372,3354.9906562618435,4367.047510118231,3988.51790261065,-127.49881942061256,2,a5803f8a5d9d87202b43d709cb328cedaf18c446af448f705c33d553e8c2e9f7,5170ec511fb50cdf10d648416d508574d70e9781ddf156a1b2a86d2b385e94dc,100,1729,maximum_nontransitivity_hybrid_gain,2000.0,3000.0
kata1-b40c256x2-s4833666560-d1179059206,10,3932.9355158584062,3503.1763882448195,4362.694643471993,3988.51790261065,-55.582386752243565,2,a5803f8a5d9d87202b43d709cb328cedaf18c446af448f705c33d553e8c2e9f7,5170ec511fb50cdf10d648416d508574d70e9781ddf156a1b2a86d2b385e94dc,100,1729,maximum_nontransitivity_hybrid_gain,2000.0,3000.0
kata1-b40c256x2-s4833666560-d1179059206,12,3975.157963997995,3581.5784662653296,4368.7374617306605,3988.51790261065,-13.359938612654787,2,a5803f8a5d9d87202b43d709cb328cedaf18c446af448f705c33d553e8c2e9f7,5170ec511fb50cdf10d648416d508574d70e9781ddf156a1b2a86d2b385e94dc,100,1729,maximum_nontransitivity_hybrid_gain,2000.0,3000.0
kata1-b40c256x2-s4833666560-d1179059206,14,3986.4469685719287,3678.908385349368,4293.98555179449,3988.51790261065,-2.070934038721134,2,a5803f8a5d9d87202b43d709cb328cedaf18c446af448f705c33d553e8c2e9f7,5170ec511fb50cdf10d648416d508574d70e9781ddf156a1b2a86d2b385e94dc,100,1729,maximum_nontransitivity_hybrid_gain,2000.0,3000.0
kata1-b40c256x2-s4833666560-d1179059206,16,4042.0678786506546,3777.8860097078823,4306.249747593427,3988.51790261065,53.54997604000482,2,a5803f8a5d9d87202b43d709cb328cedaf18c446af448f705c33d553e8c2e9f7,5170ec511fb50cdf10d648416d508574d70e9781ddf156a1b2a86d2b385e94dc,100,1729,maximum_nontransitivity_hybrid_gain,2000.0,3000.0
kata1-b40c256x2-s4833666560-d1179059206,18,4041.7145007164263,3809.100903665586,4274.328097767267,3988.51790261065,53.1965981057765,2,a5803f8a5d9d87202b43d709cb328cedaf18c446af448f705c33d553e8c2e9f7,5170ec511fb50cdf10d648416d508574d70e9781ddf156a1b2a86d2b385e94dc,100,1729,maximum_nontransitivity_hybrid_gain,2000.0,3000.0
kata1-b40c256x2-s4833666560-d1179059206,20,4041.4905138385157,3831.1047572144944,4251.876270462537,3988.51790261065,52.972611227865855,2,a5803f8a5d9d87202b43d709cb328cedaf18c446af448f705c33d553e8c2e9f7,5170ec511fb50cdf10d648416d508574d70e9781ddf156a1b2a86d2b385e94dc,100,1729,maximum_nontransitivity_hybrid_gain,2000.0,3000.0
kata1-b40c256x2-s4833666560-d1179059206,22,4068.8489052762616,3873.798917563846,4263.898892988677,3988.51790261065,80.33100266561178,2,a5803f8a5d9d87202b43d709cb328cedaf18c446af448f705c33d553e8c2e9f7,5170ec511fb50cdf10d648416d508574d70e9781ddf156a1b2a86d2b385e94dc,100,1729,maximum_nontransitivity_hybrid_gain,2000.0,3000.0
kata1-b40c256x2-s4833666560-d1179059206,24,4068.979796704188,3887.4183068641523,4250.541286544224,3988.51790261065,80.46189409353838,2,a5803f8a5d9d87202b43d709cb328cedaf18c446af448f705c33d553e8c2e9f7,5170ec511fb50cdf10d648416d508574d70e9781ddf156a1b2a86d2b385e94dc,100,1729,maximum_nontransitivity_hybrid_gain,2000.0,3000.0
kata1-b40c256x2-s4833666560-d1179059206,26,4065.5555528054965,3894.9920788763447,4236.119026734648,3988.51790261065,77.03765019484672,2,a5803f8a5d9d87202b43d709cb328cedaf18c446af448f705c33d553e8c2e9f7,5170ec511fb50cdf10d648416d508574d70e9781ddf156a1b2a86d2b385e94dc,100,1729,maximum_nontransitivity_hybrid_gain,2000.0,3000.0
kata1-b40c256x2-s4833666560-d1179059206,28,4047.2765044957546,3886.315288778372,4208.2377202131365,3988.51790261065,58.75860188510478,2,a5803f8a5d9d87202b43d709cb328cedaf18c446af448f705c33d553e8c2e9f7,5170ec511fb50cdf10d648416d508574d70e9781ddf156a1b2a86d2b385e94dc,100,1729,maximum_nontransitivity_hybrid_gain,2000.0,3000.0
kata1-b40c256x2-s4833666560-d1179059206,30,4046.610282911049,3893.2766083319225,4199.943957490176,3988.51790261065,58.09238030039933,2,a5803f8a5d9d87202b43d709cb328cedaf18c446af448f705c33d553e8c2e9f7,5170ec511fb50cdf10d648416d508574d70e9781ddf156a1b2a86d2b385e94dc,100,1729,maximum_nontransitivity_hybrid_gain,2000.0,3000.0
kata1-b40c256x2-s4833666560-d1179059206,32,4030.7273052897526,3884.078702088979,4177.375908490526,3988.51790261065,42.20940267910282,2,a5803f8a5d9d87202b43d709cb328cedaf18c446af448f705c33d553e8c2e9f7,5170ec511fb50cdf10d648416d508574d70e9781ddf156a1b2a86d2b385e94dc,100,1729,maximum_nontransitivity_hybrid_gain,2000.0,3000.0
kata1-b40c256x2-s4833666560-d1179059206,34,4042.6620114740767,3901.6579777047477,4183.666045243406,3988.51790261065,54.144108863426936,2,a5803f8a5d9d87202b43d709cb328cedaf18c446af448f705c33d553e8c2e9f7,5170ec511fb50cdf10d648416d508574d70e9781ddf156a1b2a86d2b385e94dc,100,1729,maximum_nontransitivity_hybrid_gain,2000.0,3000.0
kata1-b40c256x2-s4833666560-d1179059206,36,4039.722692587127,3903.804971276342,4175.640413897912,3988.51790261065,51.20478997647706,2,a5803f8a5d9d87202b43d709cb328cedaf18c446af448f705c33d553e8c2e9f7,5170ec511fb50cdf10d648416d508574d70e9781ddf156a1b2a86d2b385e94dc,100,1729,maximum_nontransitivity_hybrid_gain,2000.0,3000.0
kata1-b40c256x2-s4833666560-d1179059206,38,4025.0245926395864,3893.7188813473977,4156.330303931775,3988.51790261065,36.506690028936646,2,a5803f8a5d9d87202b43d709cb328cedaf18c446af448f705c33d553e8c2e9f7,5170ec511fb50cdf10d648416d508574d70e9781ddf156a1b2a86d2b385e94dc,100,1729,maximum_nontransitivity_hybrid_gain,2000.0,3000.0
kata1-b40c256x2-s4833666560-d1179059206,40,4026.0256177182364,3898.7826525369474,4153.268582899525,3988.51790261065,37.50771510758659,2,a5803f8a5d9d87202b43d709cb328cedaf18c446af448f705c33d553e8c2e9f7,5170ec511fb50cdf10d648416d508574d70e9781ddf156a1b2a86d2b385e94dc,100,1729,maximum_nontransitivity_hybrid_gain,2000.0,3000.0
kata1-b40c256x2-s4833666560-d1179059206,42,4048.2475887089495,3924.4827928894474,4172.012384528452,3988.51790261065,59.72968609829968,2,a5803f8a5d9d87202b43d709cb328cedaf18c446af448f705c33d553e8c2e9f7,5170ec511fb50cdf10d648416d508574d70e9781ddf156a1b2a86d2b385e94dc,100,1729,maximum_nontransitivity_hybrid_gain,2000.0,3000.0
kata1-b40c256x2-s4833666560-d1179059206,44,4047.7844397521717,3927.3927976675263,4168.1760818368175,3988.51790261065,59.266537141521894,2,a5803f8a5d9d87202b43d709cb328cedaf18c446af448f705c33d553e8c2e9f7,5170ec511fb50cdf10d648416d508574d70e9781ddf156a1b2a86d2b385e94dc,100,1729,maximum_nontransitivity_hybrid_gain,2000.0,3000.0
kata1-b40c256x2-s4833666560-d1179059206,46,4047.3760259436995,3930.06677705306,4164.685274834339,3988.51790261065,58.85812333304966,2,a5803f8a5d9d87202b43d709cb328cedaf18c446af448f705c33d553e8c2e9f7,5170ec511fb50cdf10d648416d508574d70e9781ddf156a1b2a86d2b385e94dc,100,1729,maximum_nontransitivity_hybrid_gain,2000.0,3000.0
kata1-b40c256x2-s4833666560-d1179059206,48,4056.0456917594734,3941.409390680687,4170.681992838259,3988.51790261065,67.52778914882356,2,a5803f8a5d9d87202b43d709cb328cedaf18c446af448f705c33d553e8c2e9f7,5170ec511fb50cdf10d648416d508574d70e9781ddf156a1b2a86d2b385e94dc,100,1729,maximum_nontransitivity_hybrid_gain,2000.0,3000.0
kata1-b40c256x2-s4833666560-d1179059206,50,4063.883320533911,3951.6810460426404,4176.085595025182,3988.51790261065,75.36541792326125,2,a5803f8a5d9d87202b43d709cb328cedaf18c446af448f705c33d553e8c2e9f7,5170ec511fb50cdf10d648416d508574d70e9781ddf156a1b2a86d2b385e94dc,100,1729,maximum_nontransitivity_hybrid_gain,2000.0,3000.0
kata1-b40c256x2-s4833666560-d1179059206,52,4062.7674118367645,3953.0224779569985,4172.512345716531,3988.51790261065,74.2495092261147,2,a5803f8a5d9d87202b43d709cb328cedaf18c446af448f705c33d553e8c2e9f7,5170ec511fb50cdf10d648416d508574d70e9781ddf156a1b2a86d2b385e94dc,100,1729,maximum_nontransitivity_hybrid_gain,2000.0,3000.0
kata1-b40c256x2-s4833666560-d1179059206,54,4053.914998365035,3946.6078848212087,4161.222111908862,3988.51790261065,65.39709575438519,2,a5803f8a5d9d87202b43d709cb328cedaf18c446af448f705c33d553e8c2e9f7,5170ec511fb50cdf10d648416d508574d70e9781ddf156a1b2a86d2b385e94dc,100,1729,maximum_nontransitivity_hybrid_gain,2000.0,3000.0
kata1-b40c256x2-s4833666560-d1179059206,56,4068.346621481678,3962.826113172133,4173.867129791223,3988.51790261065,79.82871887102829,2,a5803f8a5d9d87202b43d709cb328cedaf18c446af448f705c33d553e8c2e9f7,5170ec511fb50cdf10d648416d508574d70e9781ddf156a1b2a86d2b385e94dc,100,1729,maximum_nontransitivity_hybrid_gain,2000.0,3000.0
kata1-b40c256x2-s4833666560-d1179059206,58,4081.6886531013615,3977.7307752210636,4185.646530981659,3988.51790261065,93.17075049071173,2,a5803f8a5d9d87202b43d709cb328cedaf18c446af448f705c33d553e8c2e9f7,5170ec511fb50cdf10d648416d508574d70e9781ddf156a1b2a86d2b385e94dc,100,1729,maximum_nontransitivity_hybrid_gain,2000.0,3000.0
kata1-b40c256x2-s4833666560-d1179059206,60,4087.040212235186,3984.748038669369,4189.3323858010035,3988.51790261065,98.52230962453632,2,a5803f8a5d9d87202b43d709cb328cedaf18c446af448f705c33d553e8c2e9f7,5170ec511fb50cdf10d648416d508574d70e9781ddf156a1b2a86d2b385e94dc,100,1729,maximum_nontransitivity_hybrid_gain,2000.0,3000.0
kata1-b40c256x2-s4833666560-d1179059206,62,4078.499712560744,3978.256083840055,4178.743341281433,3988.51790261065,89.98180995009398,2,a5803f8a5d9d87202b43d709cb328cedaf18c446af448f705c33d553e8c2e9f7,5170ec511fb50cdf10d648416d508574d70e9781ddf156a1b2a86d2b385e94dc,100,1729,maximum_nontransitivity_hybrid_gain,2000.0,3000.0
kata1-b40c256x2-s4833666560-d1179059206,64,4077.084943991517,3978.5297014499133,4175.64018653312,3988.51790261065,88.56704138086707,2,a5803f8a5d9d87202b43d709cb328cedaf18c446af448f705c33d553e8c2e9f7,5170ec511fb50cdf10d648416d508574d70e9781ddf156a1b2a86d2b385e94dc,100,1729,maximum_nontransitivity_hybrid_gain,2000.0,3000.0
kata1-b40c256x2-s4833666560-d1179059206,66,4088.283142715897,3990.912865903607,4185.653419528187,3988.51790261065,99.76524010524736,2,a5803f8a5d9d87202b43d709cb328cedaf18c446af448f705c33d553e8c2e9f7,5170ec511fb50cdf10d648416d508574d70e9781ddf156a1b2a86d2b385e94dc,100,1729,maximum_nontransitivity_hybrid_gain,2000.0,3000.0
kata1-b40c256x2-s4833666560-d1179059206,68,4080.566512700843,3984.930546269864,4176.202479131822,3988.51790261065,92.04861009019305,2,a5803f8a5d9d87202b43d709cb328cedaf18c446af448f705c33d553e8c2e9f7,5170ec511fb50cdf10d648416d508574d70e9781ddf156a1b2a86d2b385e94dc,100,1729,maximum_nontransitivity_hybrid_gain,2000.0,3000.0
kata1-b40c256x2-s4833666560-d1179059206,70,4090.931264280968,3996.3434310154253,4185.519097546511,3988.51790261065,102.41336167031841,2,a5803f8a5d9d87202b43d709cb328cedaf18c446af448f705c33d553e8c2e9f7,5170ec511fb50cdf10d648416d508574d70e9781ddf156a1b2a86d2b385e94dc,100,1729,maximum_nontransitivity_hybrid_gain,2000.0,3000.0
kata1-b40c256x2-s4833666560-d1179059206,72,4083.6107391653272,3990.6008834519134,4176.620594878741,3988.51790261065,95.09283655467743,2,a5803f8a5d9d87202b43d709cb328cedaf18c446af448f705c33d553e8c2e9f7,5170ec511fb50cdf10d648416d508574d70e9781ddf156a1b2a86d2b385e94dc,100,1729,maximum_nontransitivity_hybrid_gain,2000.0,3000.0
kata1-b40c256x2-s4833666560-d1179059206,74,4076.7832743594554,3985.230218607474,4168.336330111437,3988.51790261065,88.26537174880559,2,a5803f8a5d9d87202b43d709cb328cedaf18c446af448f705c33d553e8c2e9f7,5170ec511fb50cdf10d648416d508574d70e9781ddf156a1b2a86d2b385e94dc,100,1729,maximum_nontransitivity_hybrid_gain,2000.0,3000.0
kata1-b40c256x2-s4833666560-d1179059206,76,4086.2938515961664,3995.662734493775,4176.924968698558,3988.51790261065,97.7759489855166,2,a5803f8a5d9d87202b43d709cb328cedaf18c446af448f705c33d553e8c2e9f7,5170ec511fb50cdf10d648416d508574d70e9781ddf156a1b2a86d2b385e94dc,100,1729,maximum_nontransitivity_hybrid_gain,2000.0,3000.0
kata1-b40c256x2-s4833666560-d1179059206,78,4084.93419881649,3995.491749708591,4174.3766479243895,3988.51790261065,96.41629620584035,2,a5803f8a5d9d87202b43d709cb328cedaf18c446af448f705c33d553e8c2e9f7,5170ec511fb50cdf10d648416d508574d70e9781ddf156a1b2a86d2b385e94dc,100,1729,maximum_nontransitivity_hybrid_gain,2000.0,3000.0
kata1-b40c256x2-s4833666560-d1179059206,80,4093.7267141297984,4005.092940909669,4182.360487349928,3988.51790261065,105.20881151914864,2,a5803f8a5d9d87202b43d709cb328cedaf18c446af448f705c33d553e8c2e9f7,5170ec511fb50cdf10d648416d508574d70e9781ddf156a1b2a86d2b385e94dc,100,1729,maximum_nontransitivity_hybrid_gain,2000.0,3000.0
kata1-b40c256x2-s4833666560-d1179059206,82,4097.151708463164,4009.4476120844965,4184.855804841832,3988.51790261065,108.63380585251434,2,a5803f8a5d9d87202b43d709cb328cedaf18c446af448f705c33d553e8c2e9f7,5170ec511fb50cdf10d648416d508574d70e9781ddf156a1b2a86d2b385e94dc,100,1729,maximum_nontransitivity_hybrid_gain,2000.0,3000.0
kata1-b40c256x2-s4833666560-d1179059206,84,4095.5967188546097,4008.9563488829963,4182.237088826223,3988.51790261065,107.07881624395986,2,a5803f8a5d9d87202b43d709cb328cedaf18c446af448f705c33d553e8c2e9f7,5170ec511fb50cdf10d648416d508574d70e9781ddf156a1b2a86d2b385e94dc,100,1729,maximum_nontransitivity_hybrid_gain,2000.0,3000.0
kata1-b40c256x2-s4833666560-d1179059206,86,4098.796058693734,4013.0084587369124,4184.583658650556,3988.51790261065,110.27815608308447,2,a5803f8a5d9d87202b43d709cb328cedaf18c446af448f705c33d553e8c2e9f7,5170ec511fb50cdf10d648416d508574d70e9781ddf156a1b2a86d2b385e94dc,100,1729,maximum_nontransitivity_hybrid_gain,2000.0,3000.0
kata1-b40c256x2-s4833666560-d1179059206,88,4092.723634099023,4008.07158587313,4177.375682324916,3988.51790261065,104.2057314883732,2,a5803f8a5d9d87202b43d709cb328cedaf18c446af448f705c33d553e8c2e9f7,5170ec511fb50cdf10d648416d508574d70e9781ddf156a1b2a86d2b385e94dc,100,1729,maximum_nontransitivity_hybrid_gain,2000.0,3000.0
kata1-b40c256x2-s4833666560-d1179059206,90,4086.9846405825,4003.395010610341,4170.574270554659,3988.51790261065,98.4667379718503,2,a5803f8a5d9d87202b43d709cb328cedaf18c446af448f705c33d553e8c2e9f7,5170ec511fb50cdf10d648416d508574d70e9781ddf156a1b2a86d2b385e94dc,100,1729,maximum_nontransitivity_hybrid_gain,2000.0,3000.0
kata1-b40c256x2-s4833666560-d1179059206,92,4085.8366414509405,4003.1307269957183,4168.542555906163,3988.51790261065,97.31873884029073,2,a5803f8a5d9d87202b43d709cb328cedaf18c446af448f705c33d553e8c2e9f7,5170ec511fb50cdf10d648416d508574d70e9781ddf156a1b2a86d2b385e94dc,100,1729,maximum_nontransitivity_hybrid_gain,2000.0,3000.0
kata1-b40c256x2-s4833666560-d1179059206,94,4084.7465607066947,4002.8886902357103,4166.6044311776795,3988.51790261065,96.22865809604491,2,a5803f8a5d9d87202b43d709cb328cedaf18c446af448f705c33d553e8c2e9f7,5170ec511fb50cdf10d648416d508574d70e9781ddf156a1b2a86d2b385e94dc,100,1729,maximum_nontransitivity_hybrid_gain,2000.0,3000.0
kata1-b40c256x2-s4833666560-d1179059206,96,4083.7079486214107,4002.665067835114,4164.750829407708,3988.51790261065,95.19004601076085,2,a5803f8a5d9d87202b43d709cb328cedaf18c446af448f705c33d553e8c2e9f7,5170ec511fb50cdf10d648416d508574d70e9781ddf156a1b2a86d2b385e94dc,100,1729,maximum_nontransitivity_hybrid_gain,2000.0,3000.0
kata1-b40c256x2-s4833666560-d1179059206,98,4079.283795047114,3999.159279700356,4159.408310393872,3988.51790261065,90.76589243646413,2,a5803f8a5d9d87202b43d709cb328cedaf18c446af448f705c33d553e8c2e9f7,5170ec511fb50cdf10d648416d508574d70e9781ddf156a1b2a86d2b385e94dc,100,1729,maximum_nontransitivity_hybrid_gain,2000.0,3000.0
kata1-b40c256x2-s4833666560-d1179059206,100,4078.4077790474835,3999.033530261619,4157.7820278333475,3988.51790261065,89.88987643683367,2,a5803f8a5d9d87202b43d709cb328cedaf18c446af448f705c33d553e8c2e9f7,5170ec511fb50cdf10d648416d508574d70e9781ddf156a1b2a86d2b385e94dc,100,1729,maximum_nontransitivity_hybrid_gain,2000.0,3000.0
kata1-b60c320-s6678602752-d3043834427,2,2826.233674315162,367.0744171968272,5285.392931433496,4103.3530172068795,-1277.1193428917177,2,a5803f8a5d9d87202b43d709cb328cedaf18c446af448f705c33d553e8c2e9f7,5170ec511fb50cdf10d648416d508574d70e9781ddf156a1b2a86d2b385e94dc,100,1729,maximum_nontransitivity_hybrid_gain,2000.0,3000.0
kata1-b60c320-s6678602752-d3043834427,4,3566.25495802449,1695.5776119357465,5436.932304113234,4103.3530172068795,-537.0980591823895,2,a5803f8a5d9d87202b43d709cb328cedaf18c446af448f705c33d553e8c2e9f7,5170ec511fb50cdf10d648416d508574d70e9781ddf156a1b2a86d2b385e94dc,100,1729,maximum_nontransitivity_hybrid_gain,2000.0,3000.0
kata1-b60c320-s6678602752-d3043834427,6,4234.910212741197,2639.619709081341,5830.200716401053,4103.3530172068795,131.55719553431754,2,a5803f8a5d9d87202b43d709cb328cedaf18c446af448f705c33d553e8c2e9f7,5170ec511fb50cdf10d648416d508574d70e9781ddf156a1b2a86d2b385e94dc,100,1729,maximum_nontransitivity_hybrid_gain,2000.0,3000.0
kata1-b60c320-s6678602752-d3043834427,8,4225.0135689693025,3761.303340708219,4688.7237972303865,4103.3530172068795,121.66055176242298,2,a5803f8a5d9d87202b43d709cb328cedaf18c446af448f705c33d553e8c2e9f7,5170ec511fb50cdf10d648416d508574d70e9781ddf156a1b2a86d2b385e94dc,100,1729,maximum_nontransitivity_hybrid_gain,2000.0,3000.0
kata1-b60c320-s6678602752-d3043834427,10,4130.993436893569,3791.2258024601697,4470.761071326969,4103.3530172068795,27.64041968668971,2,a5803f8a5d9d87202b43d709cb328cedaf18c446af448f705c33d553e8c2e9f7,5170ec511fb50cdf10d648416d508574d70e9781ddf156a1b2a86d2b385e94dc,100,1729,maximum_nontransitivity_hybrid_gain,2000.0,3000.0
kata1-b60c320-s6678602752-d3043834427,12,4032.268544247936,3730.4399914929763,4334.097097002896,4103.3530172068795,-71.08447295894348,2,a5803f8a5d9d87202b43d709cb328cedaf18c446af448f705c33d553e8c2e9f7,5170ec511fb50cdf10d648416d508574d70e9781ddf156a1b2a86d2b385e94dc,100,1729,maximum_nontransitivity_hybrid_gain,2000.0,3000.0
kata1-b60c320-s6678602752-d3043834427,14,4077.170137414325,3823.187183847832,4331.153090980818,4103.3530172068795,-26.18287979255456,2,a5803f8a5d9d87202b43d709cb328cedaf18c446af448f705c33d553e8c2e9f7,5170ec511fb50cdf10d648416d508574d70e9781ddf156a1b2a86d2b385e94dc,100,1729,maximum_nontransitivity_hybrid_gain,2000.0,3000.0
kata1-b60c320-s6678602752-d3043834427,16,4103.213495576374,3878.9503672434025,4327.476623909345,4103.3530172068795,-0.13952163050544186,2,a5803f8a5d9d87202b43d709cb328cedaf18c446af448f705c33d553e8c2e9f7,5170ec511fb50cdf10d648416d508574d70e9781ddf156a1b2a86d2b385e94dc,100,1729,maximum_nontransitivity_hybrid_gain,2000.0,3000.0
kata1-b60c320-s6678602752-d3043834427,18,4089.5071104034173,3881.7231353348575,4297.291085471977,4103.3530172068795,-13.845906803462185,2,a5803f8a5d9d87202b43d709cb328cedaf18c446af448f705c33d553e8c2e9f7,5170ec511fb50cdf10d648416d508574d70e9781ddf156a1b2a86d2b385e94dc,100,1729,maximum_nontransitivity_hybrid_gain,2000.0,3000.0
kata1-b60c320-s6678602752-d3043834427,20,4106.382911434696,3915.5562150274545,4297.209607841938,4103.3530172068795,3.0298942278168397,2,a5803f8a5d9d87202b43d709cb328cedaf18c446af448f705c33d553e8c2e9f7,5170ec511fb50cdf10d648416d508574d70e9781ddf156a1b2a86d2b385e94dc,100,1729,maximum_nontransitivity_hybrid_gain,2000.0,3000.0
kata1-b60c320-s6678602752-d3043834427,22,4118.861780365603,3941.129561037546,4296.593999693661,4103.3530172068795,15.508763158723923,2,a5803f8a5d9d87202b43d709cb328cedaf18c446af448f705c33d553e8c2e9f7,5170ec511fb50cdf10d648416d508574d70e9781ddf156a1b2a86d2b385e94dc,100,1729,maximum_nontransitivity_hybrid_gain,2000.0,3000.0
kata1-b60c320-s6678602752-d3043834427,24,4128.478928616291,3961.27133518488,4295.686522047703,4103.3530172068795,25.125911409411856,2,a5803f8a5d9d87202b43d709cb328cedaf18c446af448f705c33d553e8c2e9f7,5170ec511fb50cdf10d648416d508574d70e9781ddf156a1b2a86d2b385e94dc,100,1729,maximum_nontransitivity_hybrid_gain,2000.0,3000.0
kata1-b60c320-s6678602752-d3043834427,26,4129.276318960775,3970.684382351695,4287.868255569855,4103.3530172068795,25.92330175389543,2,a5803f8a5d9d87202b43d709cb328cedaf18c446af448f705c33d553e8c2e9f7,5170ec511fb50cdf10d648416d508574d70e9781ddf156a1b2a86d2b385e94dc,100,1729,maximum_nontransitivity_hybrid_gain,2000.0,3000.0
kata1-b60c320-s6678602752-d3043834427,28,4119.732564139013,3967.3060342991225,4272.159093978905,4103.3530172068795,16.379546932133962,2,a5803f8a5d9d87202b43d709cb328cedaf18c446af448f705c33d553e8c2e9f7,5170ec511fb50cdf10d648416d508574d70e9781ddf156a1b2a86d2b385e94dc,100,1729,maximum_nontransitivity_hybrid_gain,2000.0,3000.0
kata1-b60c320-s6678602752-d3043834427,30,4126.871329849072,3981.04518007735,4272.697479620794,4103.3530172068795,23.51831264219254,2,a5803f8a5d9d87202b43d709cb328cedaf18c446af448f705c33d553e8c2e9f7,5170ec511fb50cdf10d648416d508574d70e9781ddf156a1b2a86d2b385e94dc,100,1729,maximum_nontransitivity_hybrid_gain,2000.0,3000.0
kata1-b60c320-s6678602752-d3043834427,32,4127.610700739966,3987.4812316064786,4267.740169873454,4103.3530172068795,24.257683533086492,2,a5803f8a5d9d87202b43d709cb328cedaf18c446af448f705c33d553e8c2e9f7,5170ec511fb50cdf10d648416d508574d70e9781ddf156a1b2a86d2b385e94dc,100,1729,maximum_nontransitivity_hybrid_gain,2000.0,3000.0
kata1-b60c320-s6678602752-d3043834427,34,4133.126301325033,3998.0396348799577,4268.212967770108,4103.3530172068795,29.773284118153242,2,a5803f8a5d9d87202b43d709cb328cedaf18c446af448f705c33d553e8c2e9f7,5170ec511fb50cdf10d648416d508574d70e9781ddf156a1b2a86d2b385e94dc,100,1729,maximum_nontransitivity_hybrid_gain,2000.0,3000.0
kata1-b60c320-s6678602752-d3043834427,36,4145.305273275612,4015.23010651251,4275.380440038715,4103.3530172068795,41.95225606873282,2,a5803f8a5d9d87202b43d709cb328cedaf18c446af448f705c33d553e8c2e9f7,5170ec511fb50cdf10d648416d508574d70e9781ddf156a1b2a86d2b385e94dc,100,1729,maximum_nontransitivity_hybrid_gain,2000.0,3000.0
kata1-b60c320-s6678602752-d3043834427,38,4137.873073226283,4011.267288428039,4264.478858024527,4103.3530172068795,34.520056019403455,2,a5803f8a5d9d87202b43d709cb328cedaf18c446af448f705c33d553e8c2e9f7,5170ec511fb50cdf10d648416d508574d70e9781ddf156a1b2a86d2b385e94dc,100,1729,maximum_nontransitivity_hybrid_gain,2000.0,3000.0
kata1-b60c320-s6678602752-d3043834427,40,4131.2678975954805,4007.790697485096,4254.745097705865,4103.3530172068795,27.914880388600977,2,a5803f8a5d9d87202b43d709cb328cedaf18c446af448f705c33d553e8c2e9f7,5170ec511fb50cdf10d648416d508574d70e9781ddf156a1b2a86d2b385e94dc,100,1729,maximum_nontransitivity_hybrid_gain,2000.0,3000.0
kata1-b60c320-s6678602752-d3043834427,42,4125.356495484127,4004.723143817317,4245.989847150936,4103.3530172068795,22.003478277247268,2,a5803f8a5d9d87202b43d709cb328cedaf18c446af448f705c33d553e8c2e9f7,5170ec511fb50cdf10d648416d508574d70e9781ddf156a1b2a86d2b385e94dc,100,1729,maximum_nontransitivity_hybrid_gain,2000.0,3000.0
kata1-b60c320-s6678602752-d3043834427,44,4110.390247054575,3991.744585758211,4229.03590835094,4103.3530172068795,7.037229847695926,2,a5803f8a5d9d87202b43d709cb328cedaf18c446af448f705c33d553e8c2e9f7,5170ec511fb50cdf10d648416d508574d70e9781ddf156a1b2a86d2b385e94dc,100,1729,maximum_nontransitivity_hybrid_gain,2000.0,3000.0
kata1-b60c320-s6678602752-d3043834427,46,4115.196732779742,3999.566565848518,4230.826899710966,4103.3530172068795,11.843715572862493,2,a5803f8a5d9d87202b43d709cb328cedaf18c446af448f705c33d553e8c2e9f7,5170ec511fb50cdf10d648416d508574d70e9781ddf156a1b2a86d2b385e94dc,100,1729,maximum_nontransitivity_hybrid_gain,2000.0,3000.0
kata1-b60c320-s6678602752-d3043834427,48,4119.528545701983,4006.658729175837,4232.3983622281285,4103.3530172068795,16.175528495103208,2,a5803f8a5d9d87202b43d709cb328cedaf18c446af448f705c33d553e8c2e9f7,5170ec511fb50cdf10d648416d508574d70e9781ddf156a1b2a86d2b385e94dc,100,1729,maximum_nontransitivity_hybrid_gain,2000.0,3000.0
kata1-b60c320-s6678602752-d3043834427,50,4123.453300358491,4013.1230555076168,4233.783545209366,4103.3530172068795,20.10028315161162,2,a5803f8a5d9d87202b43d709cb328cedaf18c446af448f705c33d553e8c2e9f7,5170ec511fb50cdf10d648416d508574d70e9781ddf156a1b2a86d2b385e94dc,100,1729,maximum_nontransitivity_hybrid_gain,2000.0,3000.0
kata1-b60c320-s6678602752-d3043834427,52,4119.116513679276,4010.70901945319,4227.524007905362,4103.3530172068795,15.763496472396582,2,a5803f8a5d9d87202b43d709cb328cedaf18c446af448f705c33d553e8c2e9f7,5170ec511fb50cdf10d648416d508574d70e9781ddf156a1b2a86d2b385e94dc,100,1729,maximum_nontransitivity_hybrid_gain,2000.0,3000.0
kata1-b60c320-s6678602752-d3043834427,54,4115.11770099383,4008.5071872242543,4221.728214763406,4103.3530172068795,11.764683786950627,2,a5803f8a5d9d87202b43d709cb328cedaf18c446af448f705c33d553e8c2e9f7,5170ec511fb50cdf10d648416d508574d70e9781ddf156a1b2a86d2b385e94dc,100,1729,maximum_nontransitivity_hybrid_gain,2000.0,3000.0
kata1-b60c320-s6678602752-d3043834427,56,4116.000893427843,4011.515589941226,4220.4861969144595,4103.3530172068795,12.647876220963553,2,a5803f8a5d9d87202b43d709cb328cedaf18c446af448f705c33d553e8c2e9f7,5170ec511fb50cdf10d648416d508574d70e9781ddf156a1b2a86d2b385e94dc,100,1729,maximum_nontransitivity_hybrid_gain,2000.0,3000.0
kata1-b60c320-s6678602752-d3043834427,58,4116.807776277731,4014.3049394778373,4219.310613077625,4103.3530172068795,13.454759070851651,2,a5803f8a5d9d87202b43d709cb328cedaf18c446af448f705c33d553e8c2e9f7,5170ec511fb50cdf10d648416d508574d70e9781ddf156a1b2a86d2b385e94dc,100,1729,maximum_nontransitivity_hybrid_gain,2000.0,3000.0
kata1-b60c320-s6678602752-d3043834427,60,4117.552735360276,4016.9036258484625,4218.201844872088,4103.3530172068795,14.199718153396134,2,a5803f8a5d9d87202b43d709cb328cedaf18c446af448f705c33d553e8c2e9f7,5170ec511fb50cdf10d648416d508574d70e9781ddf156a1b2a86d2b385e94dc,100,1729,maximum_nontransitivity_hybrid_gain,2000.0,3000.0
kata1-b60c320-s6678602752-d3043834427,62,4118.240525896456,4019.3302045215646,4217.150847271348,4103.3530172068795,14.887508689576862,2,a5803f8a5d9d87202b43d709cb328cedaf18c446af448f705c33d553e8c2e9f7,5170ec511fb50cdf10d648416d508574d70e9781ddf156a1b2a86d2b385e94dc,100,1729,maximum_nontransitivity_hybrid_gain,2000.0,3000.0
kata1-b60c320-s6678602752-d3043834427,64,4121.2535733922605,4023.965133601002,4218.542013183519,4103.3530172068795,17.900556185380992,2,a5803f8a5d9d87202b43d709cb328cedaf18c446af448f705c33d553e8c2e9f7,5170ec511fb50cdf10d648416d508574d70e9781ddf156a1b2a86d2b385e94dc,100,1729,maximum_nontransitivity_hybrid_gain,2000.0,3000.0
kata1-b60c320-s6678602752-d3043834427,66,4121.764396078593,4026.0180908832526,4217.510701273933,4103.3530172068795,18.41137887171317,2,a5803f8a5d9d87202b43d709cb328cedaf18c446af448f705c33d553e8c2e9f7,5170ec511fb50cdf10d648416d508574d70e9781ddf156a1b2a86d2b385e94dc,100,1729,maximum_nontransitivity_hybrid_gain,2000.0,3000.0
kata1-b60c320-s6678602752-d3043834427,68,4124.460234176174,4030.157558731117,4218.76290962123,4103.3530172068795,21.107216969294313,2,a5803f8a5d9d87202b43d709cb328cedaf18c446af448f705c33d553e8c2e9f7,5170ec511fb50cdf10d648416d508574d70e9781ddf156a1b2a86d2b385e94dc,100,1729,maximum_nontransitivity_hybrid_gain,2000.0,3000.0
kata1-b60c320-s6678602752-d3043834427,70,4126.9834634503895,4034.046760243267,4219.920166657513,4103.3530172068795,23.63044624351005,2,a5803f8a5d9d87202b43d709cb328cedaf18c446af448f705c33d553e8c2e9f7,5170ec511fb50cdf10d648416d508574d70e9781ddf156a1b2a86d2b385e94dc,100,1729,maximum_nontransitivity_hybrid_gain,2000.0,3000.0
kata1-b60c320-s6678602752-d3043834427,72,4121.7294677406,4029.902923016498,4213.556012464702,4103.3530172068795,18.376450533720345,2,a5803f8a5d9d87202b43d709cb328cedaf18c446af448f705c33d553e8c2e9f7,5170ec511fb50cdf10d648416d508574d70e9781ddf156a1b2a86d2b385e94dc,100,1729,maximum_nontransitivity_hybrid_gain,2000.0,3000.0
kata1-b60c320-s6678602752-d3043834427,74,4129.482483962439,4039.0889615160295,4219.876006408848,4103.3530172068795,26.129466755559406,2,a5803f8a5d9d87202b43d709cb328cedaf18c446af448f705c33d553e8c2e9f7,5170ec511fb50cdf10d648416d508574d70e9781ddf156a1b2a86d2b385e94dc,100,1729,maximum_nontransitivity_hybrid_gain,2000.0,3000.0
kata1-b60c320-s6678602752-d3043834427,76,4135.855254340176,4046.8371574524426,4224.873351227909,4103.3530172068795,32.50223713329615,2,a5803f8a5d9d87202b43d709cb328cedaf18c446af448f705c33d553e8c2e9f7,5170ec511fb50cdf10d648416d508574d70e9781ddf156a1b2a86d2b385e94dc,100,1729,maximum_nontransitivity_hybrid_gain,2000.0,3000.0
kata1-b60c320-s6678602752-d3043834427,78,4131.726334985256,4043.7122899482183,4219.740380022293,4103.3530172068795,28.373317778376077,2,a5803f8a5d9d87202b43d709cb328cedaf18c446af448f705c33d553e8c2e9f7,5170ec511fb50cdf10d648416d508574d70e9781ddf156a1b2a86d2b385e94dc,100,1729,maximum_nontransitivity_hybrid_gain,2000.0,3000.0
kata1-b60c320-s6678602752-d3043834427,80,4133.69829283805,4046.747030482343,4220.649555193758,4103.3530172068795,30.345275631170807,2,a5803f8a5d9d87202b43d709cb328cedaf18c446af448f705c33d553e8c2e9f7,5170ec511fb50cdf10d648416d508574d70e9781ddf156a1b2a86d2b385e94dc,100,1729,maximum_nontransitivity_hybrid_gain,2000.0,3000.0
kata1-b60c320-s6678602752-d3043834427,82,4134.638929594184,4048.74538647323,4220.532472715138,4103.3530172068795,31.28591238730496,2,a5803f8a5d9d87202b43d709cb328cedaf18c446af448f705c33d553e8c2e9f7,5170ec511fb50cdf10d648416d508574d70e9781ddf156a1b2a86d2b385e94dc,100,1729,maximum_nontransitivity_hybrid_gain,2000.0,3000.0
kata1-b60c320-s6678602752-d3043834427,84,4130.864653057776,4045.851802788403,4215.8775033271495,4103.3530172068795,27.51163585089671,2,a5803f8a5d9d87202b43d709cb328cedaf18c446af448f705c33d553e8c2e9f7,5170ec511fb50cdf10d648416d508574d70e9781ddf156a1b2a86d2b385e94dc,100,1729,maximum_nontransitivity_hybrid_gain,2000.0,3000.0
kata1-b60c320-s6678602752-d3043834427,86,4133.225559653449,4049.1772163081414,4217.273902998756,4103.3530172068795,29.87254244656924,2,a5803f8a5d9d87202b43d709cb328cedaf18c446af448f705c33d553e8c2e9f7,5170ec511fb50cdf10d648416d508574d70e9781ddf156a1b2a86d2b385e94dc,100,1729,maximum_nontransitivity_hybrid_gain,2000.0,3000.0
kata1-b60c320-s6678602752-d3043834427,88,4135.46444479691,4052.33953908295,4218.589350510871,4103.3530172068795,32.11142759003087,2,a5803f8a5d9d87202b43d709cb328cedaf18c446af448f705c33d553e8c2e9f7,5170ec511fb50cdf10d648416d508574d70e9781ddf156a1b2a86d2b385e94dc,100,1729,maximum_nontransitivity_hybrid_gain,2000.0,3000.0
kata1-b60c320-s6678602752-d3043834427,90,4133.2689509402535,4050.9111967411754,4215.6267051393315,4103.3530172068795,29.915933733374004,2,a5803f8a5d9d87202b43d709cb328cedaf18c446af448f705c33d553e8c2e9f7,5170ec511fb50cdf10d648416d508574d70e9781ddf156a1b2a86d2b385e94dc,100,1729,maximum_nontransitivity_hybrid_gain,2000.0,3000.0
kata1-b60c320-s6678602752-d3043834427,92,4135.40014433417,4053.898401295099,4216.901887373242,4103.3530172068795,32.04712712729088,2,a5803f8a5d9d87202b43d709cb328cedaf18c446af448f705c33d553e8c2e9f7,5170ec511fb50cdf10d648416d508574d70e9781ddf156a1b2a86d2b385e94dc,100,1729,maximum_nontransitivity_hybrid_gain,2000.0,3000.0
kata1-b60c320-s6678602752-d3043834427,94,4137.428716107657,4056.7487622740327,4218.108669941282,4103.3530172068795,34.07569890077775,2,a5803f8a5d9d87202b43d709cb328cedaf18c446af448f705c33d553e8c2e9f7,5170ec511fb50cdf10d648416d508574d70e9781ddf156a1b2a86d2b385e94dc,100,1729,maximum_nontransitivity_hybrid_gain,2000.0,3000.0
kata1-b60c320-s6678602752-d3043834427,96,4143.36956979323,4063.578078524541,4223.161061061918,4103.3530172068795,40.01655258635037,2,a5803f8a5d9d87202b43d709cb328cedaf18c446af448f705c33d553e8c2e9f7,5170ec511fb50cdf10d648416d508574d70e9781ddf156a1b2a86d2b385e94dc,100,1729,maximum_nontransitivity_hybrid_gain,2000.0,3000.0
kata1-b60c320-s6678602752-d3043834427,98,4145.11903632759,4066.0816133315725,4224.156459323607,4103.3530172068795,41.76601912071055,2,a5803f8a5d9d87202b43d709cb328cedaf18c446af448f705c33d553e8c2e9f7,5170ec511fb50cdf10d648416d508574d70e9781ddf156a1b2a86d2b385e94dc,100,1729,maximum_nontransitivity_hybrid_gain,2000.0,3000.0
kata1-b60c320-s6678602752-d3043834427,100,4146.789890045695,4068.478538646401,4225.101241444989,4103.3530172068795,43.43687283881536,2,a5803f8a5d9d87202b43d709cb328cedaf18c446af448f705c33d553e8c2e9f7,5170ec511fb50cdf10d648416d508574d70e9781ddf156a1b2a86d2b385e94dc,100,1729,maximum_nontransitivity_hybrid_gain,2000.0,3000.0
kata1-b28c512nbt-s12313658112-d5687582971,2,2847.8339231648297,414.56818196572704,5281.099664363932,4200.90243921563,-1353.0685160508,2,a5803f8a5d9d87202b43d709cb328cedaf18c446af448f705c33d553e8c2e9f7,5170ec511fb50cdf10d648416d508574d70e9781ddf156a1b2a86d2b385e94dc,100,1729,maximum_nontransitivity_hybrid_gain,2000.0,3000.0
kata1-b28c512nbt-s12313658112-d5687582971,4,3589.7054936823088,1731.2774196419439,5448.133567722673,4200.90243921563,-611.196945533321,2,a5803f8a5d9d87202b43d709cb328cedaf18c446af448f705c33d553e8c2e9f7,5170ec511fb50cdf10d648416d508574d70e9781ddf156a1b2a86d2b385e94dc,100,1729,maximum_nontransitivity_hybrid_gain,2000.0,3000.0
kata1-b28c512nbt-s12313658112-d5687582971,6,3990.6432713031863,2311.7630880005936,5669.523454605779,4200.90243921563,-210.25916791244344,2,a5803f8a5d9d87202b43d709cb328cedaf18c446af448f705c33d553e8c2e9f7,5170ec511fb50cdf10d648416d508574d70e9781ddf156a1b2a86d2b385e94dc,100,1729,maximum_nontransitivity_hybrid_gain,2000.0,3000.0
kata1-b28c512nbt-s12313658112-d5687582971,8,4096.453200367816,2462.520560600898,5730.385840134733,4200.90243921563,-104.44923884781383,2,a5803f8a5d9d87202b43d709cb328cedaf18c446af448f705c33d553e8c2e9f7,5170ec511fb50cdf10d648416d508574d70e9781ddf156a1b2a86d2b385e94dc,100,1729,maximum_nontransitivity_hybrid_gain,2000.0,3000.0
kata1-b28c512nbt-s12313658112-d5687582971,10,4103.663830300957,3637.9237462342226,4569.403914367691,4200.90243921563,-97.23860891467302,2,a5803f8a5d9d87202b43d709cb328cedaf18c446af448f705c33d553e8c2e9f7,5170ec511fb50cdf10d648416d508574d70e9781ddf156a1b2a86d2b385e94dc,100,1729,maximum_nontransitivity_hybrid_gain,2000.0,3000.0
kata1-b28c512nbt-s12313658112-d5687582971,12,4103.961220040466,3767.191715126412,4440.73072495452,4200.90243921563,-96.9412191751635,2,a5803f8a5d9d87202b43d709cb328cedaf18c446af448f705c33d553e8c2e9f7,5170ec511fb50cdf10d648416d508574d70e9781ddf156a1b2a86d2b385e94dc,100,1729,maximum_nontransitivity_hybrid_gain,2000.0,3000.0
kata1-b28c512nbt-s12313658112-d5687582971,14,4104.06559006676,3826.541764620891,4381.589415512628,4200.90243921563,-96.83684914886999,2,a5803f8a5d9d87202b43d709cb328cedaf18c446af448f705c33d553e8c2e9f7,5170ec511fb50cdf10d648416d508574d70e9781ddf156a1b2a86d2b385e94dc,100,1729,maximum_nontransitivity_hybrid_gain,2000.0,3000.0
kata1-b28c512nbt-s12313658112-d5687582971,16,4111.292860347529,3869.4367888761094,4353.148931818949,4200.90243921563,-89.60957886810047,2,a5803f8a5d9d87202b43d709cb328cedaf18c446af448f705c33d553e8c2e9f7,5170ec511fb50cdf10d648416d508574d70e9781ddf156a1b2a86d2b385e94dc,100,1729,maximum_nontransitivity_hybrid_gain,2000.0,3000.0
kata1-b28c512nbt-s12313658112-d5687582971,18,4150.437173625654,3931.8542618376123,4369.0200854136965,4200.90243921563,-50.46526558997539,2,a5803f8a5d9d87202b43d709cb328cedaf18c446af448f705c33d553e8c2e9f7,5170ec511fb50cdf10d648416d508574d70e9781ddf156a1b2a86d2b385e94dc,100,1729,maximum_nontransitivity_hybrid_gain,2000.0,3000.0
kata1-b28c512nbt-s12313658112-d5687582971,20,4147.611132819632,3947.7106587039484,4347.511606935316,4200.90243921563,-53.29130639599771,2,a5803f8a5d9d87202b43d709cb328cedaf18c446af448f705c33d553e8c2e9f7,5170ec511fb50cdf10d648416d508574d70e9781ddf156a1b2a86d2b385e94dc,100,1729,maximum_nontransitivity_hybrid_gain,2000.0,3000.0
kata1-b28c512nbt-s12313658112-d5687582971,22,4145.593824495248,3960.129777938753,4331.057871051743,4200.90243921563,-55.30861472038214,2,a5803f8a5d9d87202b43d709cb328cedaf18c446af448f705c33d553e8c2e9f7,5170ec511fb50cdf10d648416d508574d70e9781ddf156a1b2a86d2b385e94dc,100,1729,maximum_nontransitivity_hybrid_gain,2000.0,3000.0
kata1-b28c512nbt-s12313658112-d5687582971,24,4144.08109610291,3970.203318809765,4317.958873396055,4200.90243921563,-56.82134311271966,2,a5803f8a5d9d87202b43d709cb328cedaf18c446af448f705c33d553e8c2e9f7,5170ec511fb50cdf10d648416d508574d70e9781ddf156a1b2a86d2b385e94dc,100,1729,maximum_nontransitivity_hybrid_gain,2000.0,3000.0
kata1-b28c512nbt-s12313658112-d5687582971,26,4142.904468687095,3978.5892643286634,4307.219673045526,4200.90243921563,-57.99797052853501,2,a5803f8a5d9d87202b43d709cb328cedaf18c446af448f705c33d553e8c2e9f7,5170ec511fb50cdf10d648416d508574d70e9781ddf156a1b2a86d2b385e94dc,100,1729,maximum_nontransitivity_hybrid_gain,2000.0,3000.0
kata1-b28c512nbt-s12313658112-d5687582971,28,4141.963017725576,3985.711913683522,4298.214121767629,4200.90243921563,-58.939421490053974,2,a5803f8a5d9d87202b43d709cb328cedaf18c446af448f705c33d553e8c2e9f7,5170ec511fb50cdf10d648416d508574d70e9781ddf156a1b2a86d2b385e94dc,100,1729,maximum_nontransitivity_hybrid_gain,2000.0,3000.0
kata1-b28c512nbt-s12313658112-d5687582971,30,4138.559606898772,3989.2705460867205,4287.848667710823,4200.90243921563,-62.34283231685822,2,a5803f8a5d9d87202b43d709cb328cedaf18c446af448f705c33d553e8c2e9f7,5170ec511fb50cdf10d648416d508574d70e9781ddf156a1b2a86d2b385e94dc,100,1729,maximum_nontransitivity_hybrid_gain,2000.0,3000.0
kata1-b28c512nbt-s12313658112-d5687582971,32,4150.362753161414,4006.7425724021014,4293.982933920726,4200.90243921563,-50.53968605421596,2,a5803f8a5d9d87202b43d709cb328cedaf18c446af448f705c33d553e8c2e9f7,5170ec511fb50cdf10d648416d508574d70e9781ddf156a1b2a86d2b385e94dc,100,1729,maximum_nontransitivity_hybrid_gain,2000.0,3000.0
kata1-b28c512nbt-s12313658112-d5687582971,34,4151.324679030218,4013.0734735796304,4289.575884480806,4200.90243921563,-49.577760185411535,2,a5803f8a5d9d87202b43d709cb328cedaf18c446af448f705c33d553e8c2e9f7,5170ec511fb50cdf10d648416d508574d70e9781ddf156a1b2a86d2b385e94dc,100,1729,maximum_nontransitivity_hybrid_gain,2000.0,3000.0
kata1-b28c512nbt-s12313658112-d5687582971,36,4139.564066406816,4006.340373400772,4272.78775941286,4200.90243921563,-61.3383728088138,2,a5803f8a5d9d87202b43d709cb328cedaf18c446af448f705c33d553e8c2e9f7,5170ec511fb50cdf10d648416d508574d70e9781ddf156a1b2a86d2b385e94dc,100,1729,maximum_nontransitivity_hybrid_gain,2000.0,3000.0
kata1-b28c512nbt-s12313658112-d5687582971,38,4141.120973484276,4012.12726554626,4270.114681422292,4200.90243921563,-59.78146573135382,2,a5803f8a5d9d87202b43d709cb328cedaf18c446af448f705c33d553e8c2e9f7,5170ec511fb50cdf10d648416d508574d70e9781ddf156a1b2a86d2b385e94dc,100,1729,maximum_nontransitivity_hybrid_gain,2000.0,3000.0
kata1-b28c512nbt-s12313658112-d5687582971,40,4142.481863773245,4017.3084461795424,4267.655281366948,4200.90243921563,-58.42057544238469,2,a5803f8a5d9d87202b43d709cb328cedaf18c446af448f705c33d553e8c2e9f7,5170ec511fb50cdf10d648416d508574d70e9781ddf156a1b2a86d2b385e94dc,100,1729,maximum_nontransitivity_hybrid_gain,2000.0,3000.0
kata1-b28c512nbt-s12313658112-d5687582971,42,4133.356899553991,4011.7174102280596,4254.996388879922,4200.90243921563,-67.54553966163894,2,a5803f8a5d9d87202b43d709cb328cedaf18c446af448f705c33d553e8c2e9f7,5170ec511fb50cdf10d648416d508574d70e9781ddf156a1b2a86d2b385e94dc,100,1729,maximum_nontransitivity_hybrid_gain,2000.0,3000.0
kata1-b28c512nbt-s12313658112-d5687582971,44,4134.998637242625,4016.5217225066704,4253.4755519785795,4200.90243921563,-65.9038019730051,2,a5803f8a5d9d87202b43d709cb328cedaf18c446af448f705c33d553e8c2e9f7,5170ec511fb50cdf10d648416d508574d70e9781ddf156a1b2a86d2b385e94dc,100,1729,maximum_nontransitivity_hybrid_gain,2000.0,3000.0
kata1-b28c512nbt-s12313658112-d5687582971,46,4154.949504623145,4039.208705980578,4270.690303265712,4200.90243921563,-45.95293459248478,2,a5803f8a5d9d87202b43d709cb328cedaf18c446af448f705c33d553e8c2e9f7,5170ec511fb50cdf10d648416d508574d70e9781ddf156a1b2a86d2b385e94dc,100,1729,maximum_nontransitivity_hybrid_gain,2000.0,3000.0
kata1-b28c512nbt-s12313658112-d5687582971,48,4174.655025680781,4061.188072969501,4288.121978392062,4200.90243921563,-26.24741353484842,2,a5803f8a5d9d87202b43d709cb328cedaf18c446af448f705c33d553e8c2e9f7,5170ec511fb50cdf10d648416d508574d70e9781ddf156a1b2a86d2b385e94dc,100,1729,maximum_nontransitivity_hybrid_gain,2000.0,3000.0
kata1-b28c512nbt-s12313658112-d5687582971,50,4167.075048441661,4056.3470784845495,4277.803018398773,4200.90243921563,-33.827390773968546,2,a5803f8a5d9d87202b43d709cb328cedaf18c446af448f705c33d553e8c2e9f7,5170ec511fb50cdf10d648416d508574d70e9781ddf156a1b2a86d2b385e94dc,100,1729,maximum_nontransitivity_hybrid_gain,2000.0,3000.0
kata1-b28c512nbt-s12313658112-d5687582971,52,4160.225395504959,4051.9570699160936,4268.493721093825,4200.90243921563,-40.67704371067066,2,a5803f8a5d9d87202b43d709cb328cedaf18c446af448f705c33d553e8c2e9f7,5170ec511fb50cdf10d648416d508574d70e9781ddf156a1b2a86d2b385e94dc,100,1729,maximum_nontransitivity_hybrid_gain,2000.0,3000.0
kata1-b28c512nbt-s12313658112-d5687582971,54,4169.375232760886,4063.1430403822,4275.607425139573,4200.90243921563,-31.527206454743464,2,a5803f8a5d9d87202b43d709cb328cedaf18c446af448f705c33d553e8c2e9f7,5170ec511fb50cdf10d648416d508574d70e9781ddf156a1b2a86d2b385e94dc,100,1729,maximum_nontransitivity_hybrid_gain,2000.0,3000.0
kata1-b28c512nbt-s12313658112-d5687582971,56,4163.001200202206,4058.9039064742296,4267.0984939301825,4200.90243921563,-37.90123901342395,2,a5803f8a5d9d87202b43d709cb328cedaf18c446af448f705c33d553e8c2e9f7,5170ec511fb50cdf10d648416d508574d70e9781ddf156a1b2a86d2b385e94dc,100,1729,maximum_nontransitivity_hybrid_gain,2000.0,3000.0
kata1-b28c512nbt-s12313658112-d5687582971,58,4171.297322423419,4068.994362508301,4273.600282338538,4200.90243921563,-29.605116792210538,2,a5803f8a5d9d87202b43d709cb328cedaf18c446af448f705c33d553e8c2e9f7,5170ec511fb50cdf10d648416d508574d70e9781ddf156a1b2a86d2b385e94dc,100,1729,maximum_nontransitivity_hybrid_gain,2000.0,3000.0
kata1-b28c512nbt-s12313658112-d5687582971,60,4172.145353533998,4071.628516478917,4272.662190589079,4200.90243921563,-28.757085681631906,2,a5803f8a5d9d87202b43d709cb328cedaf18c446af448f705c33d553e8c2e9f7,5170ec511fb50cdf10d648416d508574d70e9781ddf156a1b2a86d2b385e94dc,100,1729,maximum_nontransitivity_hybrid_gain,2000.0,3000.0
kata1-b28c512nbt-s12313658112-d5687582971,62,4172.929344703818,4074.0944218805394,4271.764267527096,4200.90243921563,-27.973094511811723,2,a5803f8a5d9d87202b43d709cb328cedaf18c446af448f705c33d553e8c2e9f7,5170ec511fb50cdf10d648416d508574d70e9781ddf156a1b2a86d2b385e94dc,100,1729,maximum_nontransitivity_hybrid_gain,2000.0,3000.0
kata1-b28c512nbt-s12313658112-d5687582971,64,4167.347337432638,4070.171569282024,4264.523105583252,4200.90243921563,-33.5551017829921,2,a5803f8a5d9d87202b43d709cb328cedaf18c446af448f705c33d553e8c2e9f7,5170ec511fb50cdf10d648416d508574d70e9781ddf156a1b2a86d2b385e94dc,100,1729,maximum_nontransitivity_hybrid_gain,2000.0,3000.0
kata1-b28c512nbt-s12313658112-d5687582971,66,4168.243756989531,4072.5623891372343,4263.925124841828,4200.90243921563,-32.65868222609879,2,a5803f8a5d9d87202b43d709cb328cedaf18c446af448f705c33d553e8c2e9f7,5170ec511fb50cdf10d648416d508574d70e9781ddf156a1b2a86d2b385e94dc,100,1729,maximum_nontransitivity_hybrid_gain,2000.0,3000.0
kata1-b28c512nbt-s12313658112-d5687582971,68,4174.961931864381,4080.635874047776,4269.287989680985,4200.90243921563,-25.940507351248925,2,a5803f8a5d9d87202b43d709cb328cedaf18c446af448f705c33d553e8c2e9f7,5170ec511fb50cdf10d648416d508574d70e9781ddf156a1b2a86d2b385e94dc,100,1729,maximum_nontransitivity_hybrid_gain,2000.0,3000.0
kata1-b28c512nbt-s12313658112-d5687582971,70,4169.860407363379,4076.938579714584,4262.782235012173,4200.90243921563,-31.042031852251057,2,a5803f8a5d9d87202b43d709cb328cedaf18c446af448f705c33d553e8c2e9f7,5170ec511fb50cdf10d648416d508574d70e9781ddf156a1b2a86d2b385e94dc,100,1729,maximum_nontransitivity_hybrid_gain,2000.0,3000.0
kata1-b28c512nbt-s12313658112-d5687582971,72,4170.591757940327,4078.9471405319823,4262.236375348672,4200.90243921563,-30.310681275303068,2,a5803f8a5d9d87202b43d709cb328cedaf18c446af448f705c33d553e8c2e9f7,5170ec511fb50cdf10d648416d508574d70e9781ddf156a1b2a86d2b385e94dc,100,1729,maximum_nontransitivity_hybrid_gain,2000.0,3000.0
kata1-b28c512nbt-s12313658112-d5687582971,74,4165.943150098772,4075.544266818119,4256.342033379426,4200.90243921563,-34.95928911685769,2,a5803f8a5d9d87202b43d709cb328cedaf18c446af448f705c33d553e8c2e9f7,5170ec511fb50cdf10d648416d508574d70e9781ddf156a1b2a86d2b385e94dc,100,1729,maximum_nontransitivity_hybrid_gain,2000.0,3000.0
kata1-b28c512nbt-s12313658112-d5687582971,76,4166.747317660501,4077.5053364389496,4255.989298882052,4200.90243921563,-34.15512155512897,2,a5803f8a5d9d87202b43d709cb328cedaf18c446af448f705c33d553e8c2e9f7,5170ec511fb50cdf10d648416d508574d70e9781ddf156a1b2a86d2b385e94dc,100,1729,maximum_nontransitivity_hybrid_gain,2000.0,3000.0
kata1-b28c512nbt-s12313658112-d5687582971,78,4172.531220356766,4084.367762925275,4260.694677788258,4200.90243921563,-28.371218858863358,2,a5803f8a5d9d87202b43d709cb328cedaf18c446af448f705c33d553e8c2e9f7,5170ec511fb50cdf10d648416d508574d70e9781ddf156a1b2a86d2b385e94dc,100,1729,maximum_nontransitivity_hybrid_gain,2000.0,3000.0
kata1-b28c512nbt-s12313658112-d5687582971,80,4173.104756436595,4085.9986409485823,4260.210871924609,4200.90243921563,-27.797682779034403,2,a5803f8a5d9d87202b43d709cb328cedaf18c446af448f705c33d553e8c2e9f7,5170ec511fb50cdf10d648416d508574d70e9781ddf156a1b2a86d2b385e94dc,100,1729,maximum_nontransitivity_hybrid_gain,2000.0,3000.0
kata1-b28c512nbt-s12313658112-d5687582971,82,4178.401903290056,4092.2716493011426,4264.53215727897,4200.90243921563,-22.500535925573786,2,a5803f8a5d9d87202b43d709cb328cedaf18c446af448f705c33d553e8c2e9f7,5170ec511fb50cdf10d648416d508574d70e9781ddf156a1b2a86d2b385e94dc,100,1729,maximum_nontransitivity_hybrid_gain,2000.0,3000.0
kata1-b28c512nbt-s12313658112-d5687582971,84,4174.159866507281,4089.0346584889267,4259.285074525635,4200.90243921563,-26.742572708349144,2,a5803f8a5d9d87202b43d709cb328cedaf18c446af448f705c33d553e8c2e9f7,5170ec511fb50cdf10d648416d508574d70e9781ddf156a1b2a86d2b385e94dc,100,1729,maximum_nontransitivity_hybrid_gain,2000.0,3000.0
kata1-b28c512nbt-s12313658112-d5687582971,86,4174.646194401646,4090.4503896314545,4258.841999171838,4200.90243921563,-26.256244813983358,2,a5803f8a5d9d87202b43d709cb328cedaf18c446af448f705c33d553e8c2e9f7,5170ec511fb50cdf10d648416d508574d70e9781ddf156a1b2a86d2b385e94dc,100,1729,maximum_nontransitivity_hybrid_gain,2000.0,3000.0
kata1-b28c512nbt-s12313658112-d5687582971,88,4175.107856725072,4091.8042189856687,4258.411494464476,4200.90243921563,-25.79458249055733,2,a5803f8a5d9d87202b43d709cb328cedaf18c446af448f705c33d553e8c2e9f7,5170ec511fb50cdf10d648416d508574d70e9781ddf156a1b2a86d2b385e94dc,100,1729,maximum_nontransitivity_hybrid_gain,2000.0,3000.0
kata1-b28c512nbt-s12313658112-d5687582971,90,4175.550632953931,4093.103644321146,4257.997621586716,4200.90243921563,-25.351806261698584,2,a5803f8a5d9d87202b43d709cb328cedaf18c446af448f705c33d553e8c2e9f7,5170ec511fb50cdf10d648416d508574d70e9781ddf156a1b2a86d2b385e94dc,100,1729,maximum_nontransitivity_hybrid_gain,2000.0,3000.0
kata1-b28c512nbt-s12313658112-d5687582971,92,4175.964199201747,4094.342271960452,4257.586126443042,4200.90243921563,-24.938240013882933,2,a5803f8a5d9d87202b43d709cb328cedaf18c446af448f705c33d553e8c2e9f7,5170ec511fb50cdf10d648416d508574d70e9781ddf156a1b2a86d2b385e94dc,100,1729,maximum_nontransitivity_hybrid_gain,2000.0,3000.0
kata1-b28c512nbt-s12313658112-d5687582971,94,4176.362044002559,4095.533736579127,4257.19035142599,4200.90243921563,-24.54039521307095,2,a5803f8a5d9d87202b43d709cb328cedaf18c446af448f705c33d553e8c2e9f7,5170ec511fb50cdf10d648416d508574d70e9781ddf156a1b2a86d2b385e94dc,100,1729,maximum_nontransitivity_hybrid_gain,2000.0,3000.0
kata1-b28c512nbt-s12313658112-d5687582971,96,4176.741526418143,4096.677793722469,4256.805259113817,4200.90243921563,-24.16091279748707,2,a5803f8a5d9d87202b43d709cb328cedaf18c446af448f705c33d553e8c2e9f7,5170ec511fb50cdf10d648416d508574d70e9781ddf156a1b2a86d2b385e94dc,100,1729,maximum_nontransitivity_hybrid_gain,2000.0,3000.0
kata1-b28c512nbt-s12313658112-d5687582971,98,4181.003164703898,4101.654400700148,4260.351928707648,4200.90243921563,-19.899274511732074,2,a5803f8a5d9d87202b43d709cb328cedaf18c446af448f705c33d553e8c2e9f7,5170ec511fb50cdf10d648416d508574d70e9781ddf156a1b2a86d2b385e94dc,100,1729,maximum_nontransitivity_hybrid_gain,2000.0,3000.0
kata1-b28c512nbt-s12313658112-d5687582971,100,4177.450269858931,4098.835040310028,4256.065499407835,4200.90243921563,-23.452169356698505,2,a5803f8a5d9d87202b43d709cb328cedaf18c446af448f705c33d553e8c2e9f7,5170ec511fb50cdf10d648416d508574d70e9781ddf156a1b2a86d2b385e94dc,100,1729,maximum_nontransitivity_hybrid_gain,2000.0,3000.0
kata1-b28c512nbt-s7229617920-d4333415784-playouts60,2,3987.774352581349,2305.524759272603,5670.023945890094,4309.451041532548,-321.6766889511987,2,a5803f8a5d9d87202b43d709cb328cedaf18c446af448f705c33d553e8c2e9f7,5170ec511fb50cdf10d648416d508574d70e9781ddf156a1b2a86d2b385e94dc,100,1729,maximum_nontransitivity_hybrid_gain,2000.0,3000.0
kata1-b28c512nbt-s7229617920-d4333415784-playouts60,4,4100.421860458804,2467.278678462677,5733.565042454931,4309.451041532548,-209.02918107374353,2,a5803f8a5d9d87202b43d709cb328cedaf18c446af448f705c33d553e8c2e9f7,5170ec511fb50cdf10d648416d508574d70e9781ddf156a1b2a86d2b385e94dc,100,1729,maximum_nontransitivity_hybrid_gain,2000.0,3000.0
kata1-b28c512nbt-s7229617920-d4333415784-playouts60,6,4427.853689704269,2894.922538660166,5960.784840748371,4309.451041532548,118.40264817172101,2,a5803f8a5d9d87202b43d709cb328cedaf18c446af448f705c33d553e8c2e9f7,5170ec511fb50cdf10d648416d508574d70e9781ddf156a1b2a86d2b385e94dc,100,1729,maximum_nontransitivity_hybrid_gain,2000.0,3000.0
kata1-b28c512nbt-s7229617920-d4333415784-playouts60,8,4530.9135563970995,3032.6901398438567,6029.136972950342,4309.451041532548,221.46251486455185,2,a5803f8a5d9d87202b43d709cb328cedaf18c446af448f705c33d553e8c2e9f7,5170ec511fb50cdf10d648416d508574d70e9781ddf156a1b2a86d2b385e94dc,100,1729,maximum_nontransitivity_hybrid_gain,2000.0,3000.0
kata1-b28c512nbt-s7229617920-d4333415784-playouts60,10,4150.514355823723,3730.1019052837933,4570.926806363654,4309.451041532548,-158.93668570882437,2,a5803f8a5d9d87202b43d709cb328cedaf18c446af448f705c33d553e8c2e9f7,5170ec511fb50cdf10d648416d508574d70e9781ddf156a1b2a86d2b385e94dc,100,1729,maximum_nontransitivity_hybrid_gain,2000.0,3000.0
kata1-b28c512nbt-s7229617920-d4333415784-playouts60,12,4190.588040490212,3802.8681328603743,4578.307948120049,4309.451041532548,-118.86300104233578,2,a5803f8a5d9d87202b43d709cb328cedaf18c446af448f705c33d553e8c2e9f7,5170ec511fb50cdf10d648416d508574d70e9781ddf156a1b2a86d2b385e94dc,100,1729,maximum_nontransitivity_hybrid_gain,2000.0,3000.0
kata1-b28c512nbt-s7229617920-d4333415784-playouts60,14,4263.623740411113,3950.365503590523,4576.881977231704,4309.451041532548,-45.827301121434175,2,a5803f8a5d9d87202b43d709cb328cedaf18c446af448f705c33d553e8c2e9f7,5170ec511fb50cdf10d648416d508574d70e9781ddf156a1b2a86d2b385e94dc,100,1729,maximum_nontransitivity_hybrid_gain,2000.0,3000.0
kata1-b28c512nbt-s7229617920-d4333415784-playouts60,16,4266.222301060539,4001.9717967881015,4530.472805332977,4309.451041532548,-43.22874047200821,2,a5803f8a5d9d87202b43d709cb328cedaf18c446af448f705c33d553e8c2e9f7,5170ec511fb50cdf10d648416d508574d70e9781ddf156a1b2a86d2b385e94dc,100,1729,maximum_nontransitivity_hybrid_gain,2000.0,3000.0
kata1-b28c512nbt-s7229617920-d4333415784-playouts60,18,4228.067414730828,3996.5589896385304,4459.575839823126,4309.451041532548,-81.3836268017194,2,a5803f8a5d9d87202b43d709cb328cedaf18c446af448f705c33d553e8c2e9f7,5170ec511fb50cdf10d648416d508574d70e9781ddf156a1b2a86d2b385e94dc,100,1729,maximum_nontransitivity_hybrid_gain,2000.0,3000.0
kata1-b28c512nbt-s7229617920-d4333415784-playouts60,20,4190.243664548633,3980.6998212156955,4399.787507881571,4309.451041532548,-119.2073769839144,2,a5803f8a5d9d87202b43d709cb328cedaf18c446af448f705c33d553e8c2e9f7,5170ec511fb50cdf10d648416d508574d70e9781ddf156a1b2a86d2b385e94dc,100,1729,maximum_nontransitivity_hybrid_gain,2000.0,3000.0
kata1-b28c512nbt-s7229617920-d4333415784-playouts60,22,4217.117139418528,4023.9272242153925,4410.307054621663,4309.451041532548,-92.33390211402002,2,a5803f8a5d9d87202b43d709cb328cedaf18c446af448f705c33d553e8c2e9f7,5170ec511fb50cdf10d648416d508574d70e9781ddf156a1b2a86d2b385e94dc,100,1729,maximum_nontransitivity_hybrid_gain,2000.0,3000.0
kata1-b28c512nbt-s7229617920-d4333415784-playouts60,24,4236.861704806555,4056.0686888930554,4417.654720720056,4309.451041532548,-72.58933672599233,2,a5803f8a5d9d87202b43d709cb328cedaf18c446af448f705c33d553e8c2e9f7,5170ec511fb50cdf10d648416d508574d70e9781ddf156a1b2a86d2b385e94dc,100,1729,maximum_nontransitivity_hybrid_gain,2000.0,3000.0
kata1-b28c512nbt-s7229617920-d4333415784-playouts60,26,4231.078912979607,4061.0484070798652,4401.109418879349,4309.451041532548,-78.37212855294092,2,a5803f8a5d9d87202b43d709cb328cedaf18c446af448f705c33d553e8c2e9f7,5170ec511fb50cdf10d648416d508574d70e9781ddf156a1b2a86d2b385e94dc,100,1729,maximum_nontransitivity_hybrid_gain,2000.0,3000.0
kata1-b28c512nbt-s7229617920-d4333415784-playouts60,28,4226.524036015474,4065.459920937429,4387.588151093519,4309.451041532548,-82.92700551707367,2,a5803f8a5d9d87202b43d709cb328cedaf18c446af448f705c33d553e8c2e9f7,5170ec511fb50cdf10d648416d508574d70e9781ddf156a1b2a86d2b385e94dc,100,1729,maximum_nontransitivity_hybrid_gain,2000.0,3000.0
kata1-b28c512nbt-s7229617920-d4333415784-playouts60,30,4239.753812477463,4085.7181624992836,4393.789462455642,4309.451041532548,-69.69722905508479,2,a5803f8a5d9d87202b43d709cb328cedaf18c446af448f705c33d553e8c2e9f7,5170ec511fb50cdf10d648416d508574d70e9781ddf156a1b2a86d2b385e94dc,100,1729,maximum_nontransitivity_hybrid_gain,2000.0,3000.0
kata1-b28c512nbt-s7229617920-d4333415784-playouts60,32,4250.766656752329,4102.705780259458,4398.8275332452,4309.451041532548,-58.68438478021835,2,a5803f8a5d9d87202b43d709cb328cedaf18c446af448f705c33d553e8c2e9f7,5170ec511fb50cdf10d648416d508574d70e9781ddf156a1b2a86d2b385e94dc,100,1729,maximum_nontransitivity_hybrid_gain,2000.0,3000.0
kata1-b28c512nbt-s7229617920-d4333415784-playouts60,34,4260.088868578252,4117.203938321915,4402.973798834589,4309.451041532548,-49.3621729542956,2,a5803f8a5d9d87202b43d709cb328cedaf18c446af448f705c33d553e8c2e9f7,5170ec511fb50cdf10d648416d508574d70e9781ddf156a1b2a86d2b385e94dc,100,1729,maximum_nontransitivity_hybrid_gain,2000.0,3000.0
kata1-b28c512nbt-s7229617920-d4333415784-playouts60,36,4254.658119641047,4117.123876996153,4392.192362285941,4309.451041532548,-54.792921891500555,2,a5803f8a5d9d87202b43d709cb328cedaf18c446af448f705c33d553e8c2e9f7,5170ec511fb50cdf10d648416d508574d70e9781ddf156a1b2a86d2b385e94dc,100,1729,maximum_nontransitivity_hybrid_gain,2000.0,3000.0
kata1-b28c512nbt-s7229617920-d4333415784-playouts60,38,4249.9929282181565,4117.197360017875,4382.788496418438,4309.451041532548,-59.458113314391085,2,a5803f8a5d9d87202b43d709cb328cedaf18c446af448f705c33d553e8c2e9f7,5170ec511fb50cdf10d648416d508574d70e9781ddf156a1b2a86d2b385e94dc,100,1729,maximum_nontransitivity_hybrid_gain,2000.0,3000.0
kata1-b28c512nbt-s7229617920-d4333415784-playouts60,40,4269.300505605577,4139.470634187992,4399.1303770231625,4309.451041532548,-40.150535926970406,2,a5803f8a5d9d87202b43d709cb328cedaf18c446af448f705c33d553e8c2e9f7,5170ec511fb50cdf10d648416d508574d70e9781ddf156a1b2a86d2b385e94dc,100,1729,maximum_nontransitivity_hybrid_gain,2000.0,3000.0
kata1-b28c512nbt-s7229617920-d4333415784-playouts60,42,4264.255215409881,4138.4179380963005,4390.092492723462,4309.451041532548,-45.1958261226664,2,a5803f8a5d9d87202b43d709cb328cedaf18c446af448f705c33d553e8c2e9f7,5170ec511fb50cdf10d648416d508574d70e9781ddf156a1b2a86d2b385e94dc,100,1729,maximum_nontransitivity_hybrid_gain,2000.0,3000.0
kata1-b28c512nbt-s7229617920-d4333415784-playouts60,44,4259.804774073704,4137.569926468355,4382.039621679052,4309.451041532548,-49.646267458843795,2,a5803f8a5d9d87202b43d709cb328cedaf18c446af448f705c33d553e8c2e9f7,5170ec511fb50cdf10d648416d508574d70e9781ddf156a1b2a86d2b385e94dc,100,1729,maximum_nontransitivity_hybrid_gain,2000.0,3000.0
kata1-b28c512nbt-s7229617920-d4333415784-playouts60,46,4260.52372781791,4141.490638692705,4379.556816943115,4309.451041532548,-48.92731371463742,2,a5803f8a5d9d87202b43d709cb328cedaf18c446af448f705c33d553e8c2e9f7,5170ec511fb50cdf10d648416d508574d70e9781ddf156a1b2a86d2b385e94dc,100,1729,maximum_nontransitivity_hybrid_gain,2000.0,3000.0
kata1-b28c512nbt-s7229617920-d4333415784-playouts60,48,4270.549863219283,4154.002291439785,4387.097434998781,4309.451041532548,-38.90117831326461,2,a5803f8a5d9d87202b43d709cb328cedaf18c446af448f705c33d553e8c2e9f7,5170ec511fb50cdf10d648416d508574d70e9781ddf156a1b2a86d2b385e94dc,100,1729,maximum_nontransitivity_hybrid_gain,2000.0,3000.0
kata1-b28c512nbt-s7229617920-d4333415784-playouts60,50,4270.647575514971,4156.866294502862,4384.428856527081,4309.451041532548,-38.803466017576284,2,a5803f8a5d9d87202b43d709cb328cedaf18c446af448f705c33d553e8c2e9f7,5170ec511fb50cdf10d648416d508574d70e9781ddf156a1b2a86d2b385e94dc,100,1729,maximum_nontransitivity_hybrid_gain,2000.0,3000.0
kata1-b28c512nbt-s7229617920-d4333415784-playouts60,52,4273.2541304241,4161.880423231179,4384.627837617022,4309.451041532548,-36.19691110844724,2,a5803f8a5d9d87202b43d709cb328cedaf18c446af448f705c33d553e8c2e9f7,5170ec511fb50cdf10d648416d508574d70e9781ddf156a1b2a86d2b385e94dc,100,1729,maximum_nontransitivity_hybrid_gain,2000.0,3000.0
kata1-b28c512nbt-s7229617920-d4333415784-playouts60,54,4273.218107084304,4164.232355678779,4382.20385848983,4309.451041532548,-36.23293444824321,2,a5803f8a5d9d87202b43d709cb328cedaf18c446af448f705c33d553e8c2e9f7,5170ec511fb50cdf10d648416d508574d70e9781ddf156a1b2a86d2b385e94dc,100,1729,maximum_nontransitivity_hybrid_gain,2000.0,3000.0
kata1-b28c512nbt-s7229617920-d4333415784-playouts60,56,4275.484788483704,4168.603610748785,4382.365966218622,4309.451041532548,-33.96625304884401,2,a5803f8a5d9d87202b43d709cb328cedaf18c446af448f705c33d553e8c2e9f7,5170ec511fb50cdf10d648416d508574d70e9781ddf156a1b2a86d2b385e94dc,100,1729,maximum_nontransitivity_hybrid_gain,2000.0,3000.0
kata1-b28c512nbt-s7229617920-d4333415784-playouts60,58,4282.837717203703,4177.753884014304,4387.921550393101,4309.451041532548,-26.61332432884501,2,a5803f8a5d9d87202b43d709cb328cedaf18c446af448f705c33d553e8c2e9f7,5170ec511fb50cdf10d648416d508574d70e9781ddf156a1b2a86d2b385e94dc,100,1729,maximum_nontransitivity_hybrid_gain,2000.0,3000.0
kata1-b28c512nbt-s7229617920-d4333415784-playouts60,60,4284.544487231621,4181.346531775208,4387.742442688034,4309.451041532548,-24.906554300926473,2,a5803f8a5d9d87202b43d709cb328cedaf18c446af448f705c33d553e8c2e9f7,5170ec511fb50cdf10d648416d508574d70e9781ddf156a1b2a86d2b385e94dc,100,1729,maximum_nontransitivity_hybrid_gain,2000.0,3000.0
kata1-b28c512nbt-s7229617920-d4333415784-playouts60,62,4293.08893140879,4191.404667260999,4394.7731955565805,4309.451041532548,-16.362110123757702,2,a5803f8a5d9d87202b43d709cb328cedaf18c446af448f705c33d553e8c2e9f7,5170ec511fb50cdf10d648416d508574d70e9781ddf156a1b2a86d2b385e94dc,100,1729,maximum_nontransitivity_hybrid_gain,2000.0,3000.0
kata1-b28c512nbt-s7229617920-d4333415784-playouts60,64,4294.281392855649,4194.302889535091,4394.259896176207,4309.451041532548,-15.16964867689876,2,a5803f8a5d9d87202b43d709cb328cedaf18c446af448f705c33d553e8c2e9f7,5170ec511fb50cdf10d648416d508574d70e9781ddf156a1b2a86d2b385e94dc,100,1729,maximum_nontransitivity_hybrid_gain,2000.0,3000.0
kata1-b28c512nbt-s7229617920-d4333415784-playouts60,66,4301.886748573212,4203.275590898262,4400.497906248162,4309.451041532548,-7.564292959335944,2,a5803f8a5d9d87202b43d709cb328cedaf18c446af448f705c33d553e8c2e9f7,5170ec511fb50cdf10d648416d508574d70e9781ddf156a1b2a86d2b385e94dc,100,1729,maximum_nontransitivity_hybrid_gain,2000.0,3000.0
kata1-b28c512nbt-s7229617920-d4333415784-playouts60,68,4302.6821677078215,4205.619139138528,4399.745196277115,4309.451041532548,-6.768873824726143,2,a5803f8a5d9d87202b43d709cb328cedaf18c446af448f705c33d553e8c2e9f7,5170ec511fb50cdf10d648416d508574d70e9781ddf156a1b2a86d2b385e94dc,100,1729,maximum_nontransitivity_hybrid_gain,2000.0,3000.0
kata1-b28c512nbt-s7229617920-d4333415784-playouts60,70,4303.422250528724,4207.825744774869,4399.0187562825795,4309.451041532548,-6.028791003823244,2,a5803f8a5d9d87202b43d709cb328cedaf18c446af448f705c33d553e8c2e9f7,5170ec511fb50cdf10d648416d508574d70e9781ddf156a1b2a86d2b385e94dc,100,1729,maximum_nontransitivity_hybrid_gain,2000.0,3000.0
kata1-b28c512nbt-s7229617920-d4333415784-playouts60,72,4298.2578625796505,4204.239888772177,4392.2758363871235,4309.451041532548,-11.193178952897142,2,a5803f8a5d9d87202b43d709cb328cedaf18c446af448f705c33d553e8c2e9f7,5170ec511fb50cdf10d648416d508574d70e9781ddf156a1b2a86d2b385e94dc,100,1729,maximum_nontransitivity_hybrid_gain,2000.0,3000.0
kata1-b28c512nbt-s7229617920-d4333415784-playouts60,74,4299.09822477533,4206.386492878956,4391.809956671704,4309.451041532548,-10.352816757217624,2,a5803f8a5d9d87202b43d709cb328cedaf18c446af448f705c33d553e8c2e9f7,5170ec511fb50cdf10d648416d508574d70e9781ddf156a1b2a86d2b385e94dc,100,1729,maximum_nontransitivity_hybrid_gain,2000.0,3000.0
kata1-b28c512nbt-s7229617920-d4333415784-playouts60,76,4305.36918748834,4213.743656446818,4396.9947185298615,4309.451041532548,-4.08185404420783,2,a5803f8a5d9d87202b43d709cb328cedaf18c446af448f705c33d553e8c2e9f7,5170ec511fb50cdf10d648416d508574d70e9781ddf156a1b2a86d2b385e94dc,100,1729,maximum_nontransitivity_hybrid_gain,2000.0,3000.0
kata1-b28c512nbt-s7229617920-d4333415784-playouts60,78,4300.620047864354,4210.339279141465,4390.900816587243,4309.451041532548,-8.830993668193514,2,a5803f8a5d9d87202b43d709cb328cedaf18c446af448f705c33d553e8c2e9f7,5170ec511fb50cdf10d648416d508574d70e9781ddf156a1b2a86d2b385e94dc,100,1729,maximum_nontransitivity_hybrid_gain,2000.0,3000.0
kata1-b28c512nbt-s7229617920-d4333415784-playouts60,80,4296.160635082516,4207.134046263991,4385.187223901041,4309.451041532548,-13.290406450031696,2,a5803f8a5d9d87202b43d709cb328cedaf18c446af448f705c33d553e8c2e9f7,5170ec511fb50cdf10d648416d508574d70e9781ddf156a1b2a86d2b385e94dc,100,1729,maximum_nontransitivity_hybrid_gain,2000.0,3000.0
kata1-b28c512nbt-s7229617920-d4333415784-playouts60,82,4306.972984283474,4218.7834326127495,4395.162535954199,4309.451041532548,-2.478057249073572,2,a5803f8a5d9d87202b43d709cb328cedaf18c446af448f705c33d553e8c2e9f7,5170ec511fb50cdf10d648416d508574d70e9781ddf156a1b2a86d2b385e94dc,100,1729,maximum_nontransitivity_hybrid_gain,2000.0,3000.0
kata1-b28c512nbt-s7229617920-d4333415784-playouts60,84,4307.447430207164,4220.303202737405,4394.591657676923,4309.451041532548,-2.0036113253836447,2,a5803f8a5d9d87202b43d709cb328cedaf18c446af448f705c33d553e8c2e9f7,5170ec511fb50cdf10d648416d508574d70e9781ddf156a1b2a86d2b385e94dc,100,1729,maximum_nontransitivity_hybrid_gain,2000.0,3000.0
kata1-b28c512nbt-s7229617920-d4333415784-playouts60,86,4303.1490929014735,4217.115345878125,4389.1828399248225,4309.451041532548,-6.301948631074083,2,a5803f8a5d9d87202b43d709cb328cedaf18c446af448f705c33d553e8c2e9f7,5170ec511fb50cdf10d648416d508574d70e9781ddf156a1b2a86d2b385e94dc,100,1729,maximum_nontransitivity_hybrid_gain,2000.0,3000.0
kata1-b28c512nbt-s7229617920-d4333415784-playouts60,88,4299.089822953174,4214.09933864582,4384.080307260528,4309.451041532548,-10.361218579373599,2,a5803f8a5d9d87202b43d709cb328cedaf18c446af448f705c33d553e8c2e9f7,5170ec511fb50cdf10d648416d508574d70e9781ddf156a1b2a86d2b385e94dc,100,1729,maximum_nontransitivity_hybrid_gain,2000.0,3000.0
kata1-b28c512nbt-s7229617920-d4333415784-playouts60,90,4299.729360200868,4215.64705379276,4383.811666608975,4309.451041532548,-9.721681331679974,2,a5803f8a5d9d87202b43d709cb328cedaf18c446af448f705c33d553e8c2e9f7,5170ec511fb50cdf10d648416d508574d70e9781ddf156a1b2a86d2b385e94dc,100,1729,maximum_nontransitivity_hybrid_gain,2000.0,3000.0
kata1-b28c512nbt-s7229617920-d4333415784-playouts60,92,4300.336757731795,4217.127278033591,4383.546237429999,4309.451041532548,-9.114283800752673,2,a5803f8a5d9d87202b43d709cb328cedaf18c446af448f705c33d553e8c2e9f7,5170ec511fb50cdf10d648416d508574d70e9781ddf156a1b2a86d2b385e94dc,100,1729,maximum_nontransitivity_hybrid_gain,2000.0,3000.0
kata1-b28c512nbt-s7229617920-d4333415784-playouts60,94,4300.914357128995,4218.54445855344,4383.284255704551,4309.451041532548,-8.5366844035525,2,a5803f8a5d9d87202b43d709cb328cedaf18c446af448f705c33d553e8c2e9f7,5170ec511fb50cdf10d648416d508574d70e9781ddf156a1b2a86d2b385e94dc,100,1729,maximum_nontransitivity_hybrid_gain,2000.0,3000.0
kata1-b28c512nbt-s7229617920-d4333415784-playouts60,96,4301.46427967271,4219.902656479616,4383.025902865805,4309.451041532548,-7.986761859837316,2,a5803f8a5d9d87202b43d709cb328cedaf18c446af448f705c33d553e8c2e9f7,5170ec511fb50cdf10d648416d508574d70e9781ddf156a1b2a86d2b385e94dc,100,1729,maximum_nontransitivity_hybrid_gain,2000.0,3000.0
kata1-b28c512nbt-s7229617920-d4333415784-playouts60,98,4301.988451450607,4221.205587884788,4382.771315016425,4309.451041532548,-7.462590081941016,2,a5803f8a5d9d87202b43d709cb328cedaf18c446af448f705c33d553e8c2e9f7,5170ec511fb50cdf10d648416d508574d70e9781ddf156a1b2a86d2b385e94dc,100,1729,maximum_nontransitivity_hybrid_gain,2000.0,3000.0
kata1-b28c512nbt-s7229617920-d4333415784-playouts60,100,4298.51541206549,4218.538516347011,4378.4923077839685,4309.451041532548,-10.935629467057879,2,a5803f8a5d9d87202b43d709cb328cedaf18c446af448f705c33d553e8c2e9f7,5170ec511fb50cdf10d648416d508574d70e9781ddf156a1b2a86d2b385e94dc,100,1729,maximum_nontransitivity_hybrid_gain,2000.0,3000.0
kata1-b28c512nbt-s8566598912-d4691918754-playouts600,2,3987.8210849562,2305.579999605944,5670.062170306456,4428.2401356648315,-440.4190507086314,2,a5803f8a5d9d87202b43d709cb328cedaf18c446af448f705c33d553e8c2e9f7,5170ec511fb50cdf10d648416d508574d70e9781ddf156a1b2a86d2b385e94dc,100,1729,maximum_nontransitivity_hybrid_gain,2000.0,3000.0
kata1-b28c512nbt-s8566598912-d4691918754-playouts600,4,4100.483408403176,2467.3559601847155,5733.610856621637,4428.2401356648315,-327.7567272616552,2,a5803f8a5d9d87202b43d709cb328cedaf18c446af448f705c33d553e8c2e9f7,5170ec511fb50cdf10d648416d508574d70e9781ddf156a1b2a86d2b385e94dc,100,1729,maximum_nontransitivity_hybrid_gain,2000.0,3000.0
kata1-b28c512nbt-s8566598912-d4691918754-playouts600,6,4428.30453241083,2895.465039637136,5961.144025184523,4428.2401356648315,0.06439674599823775,2,a5803f8a5d9d87202b43d709cb328cedaf18c446af448f705c33d553e8c2e9f7,5170ec511fb50cdf10d648416d508574d70e9781ddf156a1b2a86d2b385e94dc,100,1729,maximum_nontransitivity_hybrid_gain,2000.0,3000.0
kata1-b28c512nbt-s8566598912-d4691918754-playouts600,8,4531.41733023685,3033.3090787462584,6029.525581727441,4428.2401356648315,103.17719457201838,2,a5803f8a5d9d87202b43d709cb328cedaf18c446af448f705c33d553e8c2e9f7,5170ec511fb50cdf10d648416d508574d70e9781ddf156a1b2a86d2b385e94dc,100,1729,maximum_nontransitivity_hybrid_gain,2000.0,3000.0
kata1-b28c512nbt-s8566598912-d4691918754-playouts600,10,4405.446404731905,3961.3669825467505,4849.52582691706,4428.2401356648315,-22.793730932926337,2,a5803f8a5d9d87202b43d709cb328cedaf18c446af448f705c33d553e8c2e9f7,5170ec511fb50cdf10d648416d508574d70e9781ddf156a1b2a86d2b385e94dc,100,1729,maximum_nontransitivity_hybrid_gain,2000.0,3000.0
kata1-b28c512nbt-s8566598912-d4691918754-playouts600,12,4577.840399528832,4192.322816401577,4963.357982656086,4428.2401356648315,149.60026386400023,2,a5803f8a5d9d87202b43d709cb328cedaf18c446af448f705c33d553e8c2e9f7,5170ec511fb50cdf10d648416d508574d70e9781ddf156a1b2a86d2b385e94dc,100,1729,maximum_nontransitivity_hybrid_gain,2000.0,3000.0
kata1-b28c512nbt-s8566598912-d4691918754-playouts600,14,4449.767517004497,4170.47281024888,4729.062223760114,4428.2401356648315,21.527381339665226,2,a5803f8a5d9d87202b43d709cb328cedaf18c446af448f705c33d553e8c2e9f7,5170ec511fb50cdf10d648416d508574d70e9781ddf156a1b2a86d2b385e94dc,100,1729,maximum_nontransitivity_hybrid_gain,2000.0,3000.0
kata1-b28c512nbt-s8566598912-d4691918754-playouts600,16,4434.42732783172,4192.275155924516,4676.579499738923,4428.2401356648315,6.187192166888053,2,a5803f8a5d9d87202b43d709cb328cedaf18c446af448f705c33d553e8c2e9f7,5170ec511fb50cdf10d648416d508574d70e9781ddf156a1b2a86d2b385e94dc,100,1729,maximum_nontransitivity_hybrid_gain,2000.0,3000.0
kata1-b28c512nbt-s8566598912-d4691918754-playouts600,18,4389.420932552239,4174.34057205478,4604.501293049698,4428.2401356648315,-38.81920311259273,2,a5803f8a5d9d87202b43d709cb328cedaf18c446af448f705c33d553e8c2e9f7,5170ec511fb50cdf10d648416d508574d70e9781ddf156a1b2a86d2b385e94dc,100,1729,maximum_nontransitivity_hybrid_gain,2000.0,3000.0
kata1-b28c512nbt-s8566598912-d4691918754-playouts600,20,4387.730450527131,4190.3175263706125,4585.14337468365,4428.2401356648315,-40.50968513770022,2,a5803f8a5d9d87202b43d709cb328cedaf18c446af448f705c33d553e8c2e9f7,5170ec511fb50cdf10d648416d508574d70e9781ddf156a1b2a86d2b385e94dc,100,1729,maximum_nontransitivity_hybrid_gain,2000.0,3000.0
kata1-b28c512nbt-s8566598912-d4691918754-playouts600,22,4386.510060512755,4202.8882455635585,4570.131875461952,4428.2401356648315,-41.7300751520761,2,a5803f8a5d9d87202b43d709cb328cedaf18c446af448f705c33d553e8c2e9f7,5170ec511fb50cdf10d648416d508574d70e9781ddf156a1b2a86d2b385e94dc,100,1729,maximum_nontransitivity_hybrid_gain,2000.0,3000.0
kata1-b28c512nbt-s8566598912-d4691918754-playouts600,24,4385.587562052004,4213.111921304664,4558.063202799343,4428.2401356648315,-42.65257361282784,2,a5803f8a5d9d87202b43d709cb328cedaf18c446af448f705c33d553e8c2e9f7,5170ec511fb50cdf10d648416d508574d70e9781ddf156a1b2a86d2b385e94dc,100,1729,maximum_nontransitivity_hybrid_gain,2000.0,3000.0
kata1-b28c512nbt-s8566598912-d4691918754-playouts600,26,4384.865537752876,4221.636413212485,4548.094662293266,4428.2401356648315,-43.37459791195579,2,a5803f8a5d9d87202b43d709cb328cedaf18c446af448f705c33d553e8c2e9f7,5170ec511fb50cdf10d648416d508574d70e9781ddf156a1b2a86d2b385e94dc,100,1729,maximum_nontransitivity_hybrid_gain,2000.0,3000.0
kata1-b28c512nbt-s8566598912-d4691918754-playouts600,28,4384.2850279328895,4228.883818523902,4539.686237341877,4428.2401356648315,-43.95510773194201,2,a5803f8a5d9d87202b43d709cb328cedaf18c446af448f705c33d553e8c2e9f7,5170ec511fb50cdf10d648416d508574d70e9781ddf156a1b2a86d2b385e94dc,100,1729,maximum_nontransitivity_hybrid_gain,2000.0,3000.0
kata1-b28c512nbt-s8566598912-d4691918754-playouts600,30,4383.80804104751,4235.142407148895,4532.473674946126,4428.2401356648315,-44.43209461732113,2,a5803f8a5d9d87202b43d709cb328cedaf18c446af448f705c33d553e8c2e9f7,5170ec511fb50cdf10d648416d508574d70e9781ddf156a1b2a86d2b385e94dc,100,1729,maximum_nontransitivity_hybrid_gain,2000.0,3000.0
kata1-b28c512nbt-s8566598912-d4691918754-playouts600,32,4383.40911145023,4240.616848686804,4526.201374213656,4428.2401356648315,-44.83102421460171,2,a5803f8a5d9d87202b43d709cb328cedaf18c446af448f705c33d553e8c2e9f7,5170ec511fb50cdf10d648416d508574d70e9781ddf156a1b2a86d2b385e94dc,100,1729,maximum_nontransitivity_hybrid_gain,2000.0,3000.0
kata1-b28c512nbt-s8566598912-d4691918754-playouts600,34,4369.762818345096,4232.1778988104625,4507.34773787973,4428.2401356648315,-58.47731731973545,2,a5803f8a5d9d87202b43d709cb328cedaf18c446af448f705c33d553e8c2e9f7,5170ec511fb50cdf10d648416d508574d70e9781ddf156a1b2a86d2b385e94dc,100,1729,maximum_nontransitivity_hybrid_gain,2000.0,3000.0
kata1-b28c512nbt-s8566598912-d4691918754-playouts600,36,4358.030878206667,4224.931772173305,4491.1299842400285,4428.2401356648315,-70.20925745816476,2,a5803f8a5d9d87202b43d709cb328cedaf18c446af448f705c33d553e8c2e9f7,5170ec511fb50cdf10d648416d508574d70e9781ddf156a1b2a86d2b385e94dc,100,1729,maximum_nontransitivity_hybrid_gain,2000.0,3000.0
kata1-b28c512nbt-s8566598912-d4691918754-playouts600,38,4359.407918409364,4230.460510732326,4488.355326086403,4428.2401356648315,-68.83221725546719,2,a5803f8a5d9d87202b43d709cb328cedaf18c446af448f705c33d553e8c2e9f7,5170ec511fb50cdf10d648416d508574d70e9781ddf156a1b2a86d2b385e94dc,100,1729,maximum_nontransitivity_hybrid_gain,2000.0,3000.0
kata1-b28c512nbt-s8566598912-d4691918754-playouts600,40,4360.614643457158,4235.417045917373,4485.812240996944,4428.2401356648315,-67.62549220767323,2,a5803f8a5d9d87202b43d709cb328cedaf18c446af448f705c33d553e8c2e9f7,5170ec511fb50cdf10d648416d508574d70e9781ddf156a1b2a86d2b385e94dc,100,1729,maximum_nontransitivity_hybrid_gain,2000.0,3000.0
kata1-b28c512nbt-s8566598912-d4691918754-playouts600,42,4361.680794631078,4239.891144013332,4483.470445248824,4428.2401356648315,-66.5593410337533,2,a5803f8a5d9d87202b43d709cb328cedaf18c446af448f705c33d553e8c2e9f7,5170ec511fb50cdf10d648416d508574d70e9781ddf156a1b2a86d2b385e94dc,100,1729,maximum_nontransitivity_hybrid_gain,2000.0,3000.0
kata1-b28c512nbt-s8566598912-d4691918754-playouts600,44,4343.2473757503185,4224.213283106597,4462.28146839404,4428.2401356648315,-84.99275991451304,2,a5803f8a5d9d87202b43d709cb328cedaf18c446af448f705c33d553e8c2e9f7,5170ec511fb50cdf10d648416d508574d70e9781ddf156a1b2a86d2b385e94dc,100,1729,maximum_nontransitivity_hybrid_gain,2000.0,3000.0
kata1-b28c512nbt-s8566598912-d4691918754-playouts600,46,4345.113962250972,4228.98538288589,4461.242541616053,4428.2401356648315,-83.12617341385976,2,a5803f8a5d9d87202b43d709cb328cedaf18c446af448f705c33d553e8c2e9f7,5170ec511fb50cdf10d648416d508574d70e9781ddf156a1b2a86d2b385e94dc,100,1729,maximum_nontransitivity_hybrid_gain,2000.0,3000.0
kata1-b28c512nbt-s8566598912-d4691918754-playouts600,48,4338.021256385759,4224.340569201057,4451.7019435704615,4428.2401356648315,-90.2188792790721,2,a5803f8a5d9d87202b43d709cb328cedaf18c446af448f705c33d553e8c2e9f7,5170ec511fb50cdf10d648416d508574d70e9781ddf156a1b2a86d2b385e94dc,100,1729,maximum_nontransitivity_hybrid_gain,2000.0,3000.0
kata1-b28c512nbt-s8566598912-d4691918754-playouts600,50,4339.962419612135,4228.782549467602,4451.142289756668,4428.2401356648315,-88.27771605269663,2,a5803f8a5d9d87202b43d709cb328cedaf18c446af448f705c33d553e8c2e9f7,5170ec511fb50cdf10d648416d508574d70e9781ddf156a1b2a86d2b385e94dc,100,1729,maximum_nontransitivity_hybrid_gain,2000.0,3000.0
kata1-b28c512nbt-s8566598912-d4691918754-playouts600,52,4341.727148222729,4232.866328416668,4450.58796802879,4428.2401356648315,-86.51298744210271,2,a5803f8a5d9d87202b43d709cb328cedaf18c446af448f705c33d553e8c2e9f7,5170ec511fb50cdf10d648416d508574d70e9781ddf156a1b2a86d2b385e94dc,100,1729,maximum_nontransitivity_hybrid_gain,2000.0,3000.0
kata1-b28c512nbt-s8566598912-d4691918754-playouts600,54,4351.380152955051,4244.891674595615,4457.868631314487,4428.2401356648315,-76.85998270978052,2,a5803f8a5d9d87202b43d709cb328cedaf18c446af448f705c33d553e8c2e9f7,5170ec511fb50cdf10d648416d508574d70e9781ddf156a1b2a86d2b385e94dc,100,1729,maximum_nontransitivity_hybrid_gain,2000.0,3000.0
kata1-b28c512nbt-s8566598912-d4691918754-playouts600,56,4360.196950395159,4255.858353835673,4464.535546954644,4428.2401356648315,-68.0431852696729,2,a5803f8a5d9d87202b43d709cb328cedaf18c446af448f705c33d553e8c2e9f7,5170ec511fb50cdf10d648416d508574d70e9781ddf156a1b2a86d2b385e94dc,100,1729,maximum_nontransitivity_hybrid_gain,2000.0,3000.0
kata1-b28c512nbt-s8566598912-d4691918754-playouts600,58,4368.2743277789,4265.900042445749,4470.648613112052,4428.2401356648315,-59.9658078859311,2,a5803f8a5d9d87202b43d709cb328cedaf18c446af448f705c33d553e8c2e9f7,5170ec511fb50cdf10d648416d508574d70e9781ddf156a1b2a86d2b385e94dc,100,1729,maximum_nontransitivity_hybrid_gain,2000.0,3000.0
kata1-b28c512nbt-s8566598912-d4691918754-playouts600,60,4368.93817058031,4268.345011646902,4469.5313295137175,4428.2401356648315,-59.301965084521726,2,a5803f8a5d9d87202b43d709cb328cedaf18c446af448f705c33d553e8c2e9f7,5170ec511fb50cdf10d648416d508574d70e9781ddf156a1b2a86d2b385e94dc,100,1729,maximum_nontransitivity_hybrid_gain,2000.0,3000.0
kata1-b28c512nbt-s8566598912-d4691918754-playouts600,62,4369.560246557887,4270.641445773511,4468.479047342263,4428.2401356648315,-58.679889106944756,2,a5803f8a5d9d87202b43d709cb328cedaf18c446af448f705c33d553e8c2e9f7,5170ec511fb50cdf10d648416d508574d70e9781ddf156a1b2a86d2b385e94dc,100,1729,maximum_nontransitivity_hybrid_gain,2000.0,3000.0
kata1-b28c512nbt-s8566598912-d4691918754-playouts600,64,4370.137203755275,4272.797170544213,4467.477236966336,4428.2401356648315,-58.1029319095569,2,a5803f8a5d9d87202b43d709cb328cedaf18c446af448f705c33d553e8c2e9f7,5170ec511fb50cdf10d648416d508574d70e9781ddf156a1b2a86d2b385e94dc,100,1729,maximum_nontransitivity_hybrid_gain,2000.0,3000.0
kata1-b28c512nbt-s8566598912-d4691918754-playouts600,66,4370.457869462414,4274.58807510745,4466.327663817378,4428.2401356648315,-57.782266202417304,2,a5803f8a5d9d87202b43d709cb328cedaf18c446af448f705c33d553e8c2e9f7,5170ec511fb50cdf10d648416d508574d70e9781ddf156a1b2a86d2b385e94dc,100,1729,maximum_nontransitivity_hybrid_gain,2000.0,3000.0
kata1-b28c512nbt-s8566598912-d4691918754-playouts600,68,4376.835634063137,4282.397352239777,4471.273915886497,4428.2401356648315,-51.40450160169439,2,a5803f8a5d9d87202b43d709cb328cedaf18c446af448f705c33d553e8c2e9f7,5170ec511fb50cdf10d648416d508574d70e9781ddf156a1b2a86d2b385e94dc,100,1729,maximum_nontransitivity_hybrid_gain,2000.0,3000.0
kata1-b28c512nbt-s8566598912-d4691918754-playouts600,70,4377.118803475855,4284.021697638295,4470.215909313415,4428.2401356648315,-51.12133218897634,2,a5803f8a5d9d87202b43d709cb328cedaf18c446af448f705c33d553e8c2e9f7,5170ec511fb50cdf10d648416d508574d70e9781ddf156a1b2a86d2b385e94dc,100,1729,maximum_nontransitivity_hybrid_gain,2000.0,3000.0
kata1-b28c512nbt-s8566598912-d4691918754-playouts600,72,4377.197174819435,4285.357897581574,4469.036452057295,4428.2401356648315,-51.04296084539692,2,a5803f8a5d9d87202b43d709cb328cedaf18c446af448f705c33d553e8c2e9f7,5170ec511fb50cdf10d648416d508574d70e9781ddf156a1b2a86d2b385e94dc,100,1729,maximum_nontransitivity_hybrid_gain,2000.0,3000.0
kata1-b28c512nbt-s8566598912-d4691918754-playouts600,74,4377.452102773778,4286.827836923085,4468.076368624472,4428.2401356648315,-50.78803289105326,2,a5803f8a5d9d87202b43d709cb328cedaf18c446af448f705c33d553e8c2e9f7,5170ec511fb50cdf10d648416d508574d70e9781ddf156a1b2a86d2b385e94dc,100,1729,maximum_nontransitivity_hybrid_gain,2000.0,3000.0
kata1-b28c512nbt-s8566598912-d4691918754-playouts600,76,4377.516165514772,4288.034715457408,4466.997615572136,4428.2401356648315,-50.72397015005936,2,a5803f8a5d9d87202b43d709cb328cedaf18c446af448f705c33d553e8c2e9f7,5170ec511fb50cdf10d648416d508574d70e9781ddf156a1b2a86d2b385e94dc,100,1729,maximum_nontransitivity_hybrid_gain,2000.0,3000.0
kata1-b28c512nbt-s8566598912-d4691918754-playouts600,78,4377.747277274095,4289.372782719272,4466.121771828917,4428.2401356648315,-50.49285839073673,2,a5803f8a5d9d87202b43d709cb328cedaf18c446af448f705c33d553e8c2e9f7,5170ec511fb50cdf10d648416d508574d70e9781ddf156a1b2a86d2b385e94dc,100,1729,maximum_nontransitivity_hybrid_gain,2000.0,3000.0
kata1-b28c512nbt-s8566598912-d4691918754-playouts600,80,4377.799657299898,4290.469027415746,4465.130287184051,4428.2401356648315,-50.44047836493337,2,a5803f8a5d9d87202b43d709cb328cedaf18c446af448f705c33d553e8c2e9f7,5170ec511fb50cdf10d648416d508574d70e9781ddf156a1b2a86d2b385e94dc,100,1729,maximum_nontransitivity_hybrid_gain,2000.0,3000.0
kata1-b28c512nbt-s8566598912-d4691918754-playouts600,82,4373.257255263736,4286.930432085503,4459.584078441969,4428.2401356648315,-54.98288040109583,2,a5803f8a5d9d87202b43d709cb328cedaf18c446af448f705c33d553e8c2e9f7,5170ec511fb50cdf10d648416d508574d70e9781ddf156a1b2a86d2b385e94dc,100,1729,maximum_nontransitivity_hybrid_gain,2000.0,3000.0
kata1-b28c512nbt-s8566598912-d4691918754-playouts600,84,4373.42151099459,4288.053392497857,4458.789629491323,4428.2401356648315,-54.81862467024166,2,a5803f8a5d9d87202b43d709cb328cedaf18c446af448f705c33d553e8c2e9f7,5170ec511fb50cdf10d648416d508574d70e9781ddf156a1b2a86d2b385e94dc,100,1729,maximum_nontransitivity_hybrid_gain,2000.0,3000.0
kata1-b28c512nbt-s8566598912-d4691918754-playouts600,86,4373.577238144865,4289.128416654472,4458.026059635258,4428.2401356648315,-54.662897519966464,2,a5803f8a5d9d87202b43d709cb328cedaf18c446af448f705c33d553e8c2e9f7,5170ec511fb50cdf10d648416d508574d70e9781ddf156a1b2a86d2b385e94dc,100,1729,maximum_nontransitivity_hybrid_gain,2000.0,3000.0
kata1-b28c512nbt-s8566598912-d4691918754-playouts600,88,4378.290508967764,4294.74560516471,4461.835412770819,4428.2401356648315,-49.94962669706729,2,a5803f8a5d9d87202b43d709cb328cedaf18c446af448f705c33d553e8c2e9f7,5170ec511fb50cdf10d648416d508574d70e9781ddf156a1b2a86d2b385e94dc,100,1729,maximum_nontransitivity_hybrid_gain,2000.0,3000.0
kata1-b28c512nbt-s8566598912-d4691918754-playouts600,90,4382.759904526862,4300.073565006705,4465.446244047018,4428.2401356648315,-45.480231137969895,2,a5803f8a5d9d87202b43d709cb328cedaf18c446af448f705c33d553e8c2e9f7,5170ec511fb50cdf10d648416d508574d70e9781ddf156a1b2a86d2b385e94dc,100,1729,maximum_nontransitivity_hybrid_gain,2000.0,3000.0
kata1-b28c512nbt-s8566598912-d4691918754-playouts600,92,4391.212143621486,4309.3200093186915,4473.10427792428,4428.2401356648315,-37.027992043345876,2,a5803f8a5d9d87202b43d709cb328cedaf18c446af448f705c33d553e8c2e9f7,5170ec511fb50cdf10d648416d508574d70e9781ddf156a1b2a86d2b385e94dc,100,1729,maximum_nontransitivity_hybrid_gain,2000.0,3000.0
kata1-b28c512nbt-s8566598912-d4691918754-playouts600,94,4391.074954585166,4309.980976489467,4472.168932680865,4428.2401356648315,-37.16518107966567,2,a5803f8a5d9d87202b43d709cb328cedaf18c446af448f705c33d553e8c2e9f7,5170ec511fb50cdf10d648416d508574d70e9781ddf156a1b2a86d2b385e94dc,100,1729,maximum_nontransitivity_hybrid_gain,2000.0,3000.0
kata1-b28c512nbt-s8566598912-d4691918754-playouts600,96,4390.823556293007,4310.491033134482,4471.156079451532,4428.2401356648315,-37.41657937182481,2,a5803f8a5d9d87202b43d709cb328cedaf18c446af448f705c33d553e8c2e9f7,5170ec511fb50cdf10d648416d508574d70e9781ddf156a1b2a86d2b385e94dc,100,1729,maximum_nontransitivity_hybrid_gain,2000.0,3000.0
kata1-b28c512nbt-s8566598912-d4691918754-playouts600,98,4394.622222385828,4315.005441043297,4474.2390037283585,4428.2401356648315,-33.617913279003915,2,a5803f8a5d9d87202b43d709cb328cedaf18c446af448f705c33d553e8c2e9f7,5170ec511fb50cdf10d648416d508574d70e9781ddf156a1b2a86d2b385e94dc,100,1729,maximum_nontransitivity_hybrid_gain,2000.0,3000.0
kata1-b28c512nbt-s8566598912-d4691918754-playouts600,100,4394.307010454388,4315.400714450231,4473.213306458544,4428.2401356648315,-33.933125210443905,2,a5803f8a5d9d87202b43d709cb328cedaf18c446af448f705c33d553e8c2e9f7,5170ec511fb50cdf10d648416d508574d70e9781ddf156a1b2a86d2b385e94dc,100,1729,maximum_nontransitivity_hybrid_gain,2000.0,3000.0
