player,num_games,elo,ci_95_low,ci_95_high,old_elo,elo_diff,checkpoint_schema_version,history_sha256,selection_sha256,max_games,seed,matchmaking_algorithm,new_player_prior_mean,new_player_prior_sd
kata1-b6c96-s1248000-d550347-temp-0.3,2,1149.476343857962,-1281.4046163561266,3580.3573040720507,113.3151130072046,1036.1612308507574,2,a5803f8a5d9d87202b43d709cb328cedaf18c446af448f705c33d553e8c2e9f7,5170ec511fb50cdf10d648416d508574d70e9781ddf156a1b2a86d2b385e94dc,100,1729,maximum_first_20_then_half_top_6,2000.0,3000.0
kata1-b6c96-s1248000-d550347-temp-0.3,4,402.71436202402134,-1454.36853997973,2259.7972640277726,113.3151130072046,289.3992490168167,2,a5803f8a5d9d87202b43d709cb328cedaf18c446af448f705c33d553e8c2e9f7,5170ec511fb50cdf10d648416d508574d70e9781ddf156a1b2a86d2b385e94dc,100,1729,maximum_first_20_then_half_top_6,2000.0,3000.0
kata1-b6c96-s1248000-d550347-temp-0.3,6,371.2301825830807,-115.67432846847817,858.1346936346396,113.3151130072046,257.9150695758761,2,a5803f8a5d9d87202b43d709cb328cedaf18c446af448f705c33d553e8c2e9f7,5170ec511fb50cdf10d648416d508574d70e9781ddf156a1b2a86d2b385e94dc,100,1729,maximum_first_20_then_half_top_6,2000.0,3000.0
kata1-b6c96-s1248000-d550347-temp-0.3,8,368.0785570998903,18.436059486987347,717.7210547127933,113.3151130072046,254.7634440926857,2,a5803f8a5d9d87202b43d709cb328cedaf18c446af448f705c33d553e8c2e9f7,5170ec511fb50cdf10d648416d508574d70e9781ddf156a1b2a86d2b385e94dc,100,1729,maximum_first_20_then_half_top_6,2000.0,3000.0
kata1-b6c96-s1248000-d550347-temp-0.3,10,367.00105919686774,79.92671243263118,654.0754059611043,113.3151130072046,253.68594618966313,2,a5803f8a5d9d87202b43d709cb328cedaf18c446af448f705c33d553e8c2e9f7,5170ec511fb50cdf10d648416d508574d70e9781ddf156a1b2a86d2b385e94dc,100,1729,maximum_first_20_then_half_top_6,2000.0,3000.0
kata1-b6c96-s1248000-d550347-temp-0.3,12,271.45161806245153,14.107391433414193,528.7958446914888,113.3151130072046,158.13650505524691,2,a5803f8a5d9d87202b43d709cb328cedaf18c446af448f705c33d553e8c2e9f7,5170ec511fb50cdf10d648416d508574d70e9781ddf156a1b2a86d2b385e94dc,100,1729,maximum_first_20_then_half_top_6,2000.0,3000.0
kata1-b6c96-s1248000-d550347-temp-0.3,14,187.4069906617825,-56.279405484877856,431.0933868084428,113.3151130072046,74.09187765457789,2,a5803f8a5d9d87202b43d709cb328cedaf18c446af448f705c33d553e8c2e9f7,5170ec511fb50cdf10d648416d508574d70e9781ddf156a1b2a86d2b385e94dc,100,1729,maximum_first_20_then_half_top_6,2000.0,3000.0
kata1-b6c96-s1248000-d550347-temp-0.3,16,188.7072706989744,-30.56513675017098,407.9796781481198,113.3151130072046,75.39215769176981,2,a5803f8a5d9d87202b43d709cb328cedaf18c446af448f705c33d553e8c2e9f7,5170ec511fb50cdf10d648416d508574d70e9781ddf156a1b2a86d2b385e94dc,100,1729,maximum_first_20_then_half_top_6,2000.0,3000.0
kata1-b6c96-s1248000-d550347-temp-0.3,18,126.0379001546515,-85.97392353861291,338.0497238479159,113.3151130072046,12.722787147446894,2,a5803f8a5d9d87202b43d709cb328cedaf18c446af448f705c33d553e8c2e9f7,5170ec511fb50cdf10d648416d508574d70e9781ddf156a1b2a86d2b385e94dc,100,1729,maximum_first_20_then_half_top_6,2000.0,3000.0
kata1-b6c96-s1248000-d550347-temp-0.3,20,129.02131761788456,-66.0860724597043,324.1287076954734,113.3151130072046,15.706204610679961,2,a5803f8a5d9d87202b43d709cb328cedaf18c446af448f705c33d553e8c2e9f7,5170ec511fb50cdf10d648416d508574d70e9781ddf156a1b2a86d2b385e94dc,100,1729,maximum_first_20_then_half_top_6,2000.0,3000.0
kata1-b6c96-s1248000-d550347-temp-0.3,22,131.2181319798716,-50.620903934005554,313.0571678937488,113.3151130072046,17.903018972667,2,a5803f8a5d9d87202b43d709cb328cedaf18c446af448f705c33d553e8c2e9f7,5170ec511fb50cdf10d648416d508574d70e9781ddf156a1b2a86d2b385e94dc,100,1729,maximum_first_20_then_half_top_6,2000.0,3000.0
kata1-b6c96-s1248000-d550347-temp-0.3,24,156.1105450955654,-14.77277857887151,326.99386877000234,113.3151130072046,42.79543208836081,2,a5803f8a5d9d87202b43d709cb328cedaf18c446af448f705c33d553e8c2e9f7,5170ec511fb50cdf10d648416d508574d70e9781ddf156a1b2a86d2b385e94dc,100,1729,maximum_first_20_then_half_top_6,2000.0,3000.0
kata1-b6c96-s1248000-d550347-temp-0.3,26,193.32543755271018,34.35921312752447,352.2916619778959,113.3151130072046,80.01032454550558,2,a5803f8a5d9d87202b43d709cb328cedaf18c446af448f705c33d553e8c2e9f7,5170ec511fb50cdf10d648416d508574d70e9781ddf156a1b2a86d2b385e94dc,100,1729,maximum_first_20_then_half_top_6,2000.0,3000.0
kata1-b6c96-s1248000-d550347-temp-0.3,28,222.96907231594648,72.33594105675613,373.60220357513685,113.3151130072046,109.65395930874188,2,a5803f8a5d9d87202b43d709cb328cedaf18c446af448f705c33d553e8c2e9f7,5170ec511fb50cdf10d648416d508574d70e9781ddf156a1b2a86d2b385e94dc,100,1729,maximum_first_20_then_half_top_6,2000.0,3000.0
kata1-b6c96-s1248000-d550347-temp-0.3,30,220.6656058369246,76.16766666351151,365.1635450103377,113.3151130072046,107.35049282972001,2,a5803f8a5d9d87202b43d709cb328cedaf18c446af448f705c33d553e8c2e9f7,5170ec511fb50cdf10d648416d508574d70e9781ddf156a1b2a86d2b385e94dc,100,1729,maximum_first_20_then_half_top_6,2000.0,3000.0
kata1-b6c96-s1248000-d550347-temp-0.3,32,218.71150852586757,79.65449585199886,357.76852119973626,113.3151130072046,105.39639551866297,2,a5803f8a5d9d87202b43d709cb328cedaf18c446af448f705c33d553e8c2e9f7,5170ec511fb50cdf10d648416d508574d70e9781ddf156a1b2a86d2b385e94dc,100,1729,maximum_first_20_then_half_top_6,2000.0,3000.0
kata1-b6c96-s1248000-d550347-temp-0.3,34,213.6357214975183,79.21038712167297,348.0610558733636,113.3151130072046,100.32060849031369,2,a5803f8a5d9d87202b43d709cb328cedaf18c446af448f705c33d553e8c2e9f7,5170ec511fb50cdf10d648416d508574d70e9781ddf156a1b2a86d2b385e94dc,100,1729,maximum_first_20_then_half_top_6,2000.0,3000.0
kata1-b6c96-s1248000-d550347-temp-0.3,36,209.21191307367525,78.99670015465307,339.4271259926974,113.3151130072046,95.89680006647065,2,a5803f8a5d9d87202b43d709cb328cedaf18c446af448f705c33d553e8c2e9f7,5170ec511fb50cdf10d648416d508574d70e9781ddf156a1b2a86d2b385e94dc,100,1729,maximum_first_20_then_half_top_6,2000.0,3000.0
kata1-b6c96-s1248000-d550347-temp-0.3,38,194.9214805885628,67.78925428733197,322.0537068897936,113.3151130072046,81.60636758135819,2,a5803f8a5d9d87202b43d709cb328cedaf18c446af448f705c33d553e8c2e9f7,5170ec511fb50cdf10d648416d508574d70e9781ddf156a1b2a86d2b385e94dc,100,1729,maximum_first_20_then_half_top_6,2000.0,3000.0
kata1-b6c96-s1248000-d550347-temp-0.3,40,194.91414625697792,71.55736938515116,318.27092312880467,113.3151130072046,81.59903324977331,2,a5803f8a5d9d87202b43d709cb328cedaf18c446af448f705c33d553e8c2e9f7,5170ec511fb50cdf10d648416d508574d70e9781ddf156a1b2a86d2b385e94dc,100,1729,maximum_first_20_then_half_top_6,2000.0,3000.0
kata1-b6c96-s1248000-d550347-temp-0.3,42,194.90938239890082,75.00251970654483,314.8162450912568,113.3151130072046,81.59426939169622,2,a5803f8a5d9d87202b43d709cb328cedaf18c446af448f705c33d553e8c2e9f7,5170ec511fb50cdf10d648416d508574d70e9781ddf156a1b2a86d2b385e94dc,100,1729,maximum_first_20_then_half_top_6,2000.0,3000.0
kata1-b6c96-s1248000-d550347-temp-0.3,44,194.90677749963845,78.16831833593952,311.6452366633374,113.3151130072046,81.59166449243385,2,a5803f8a5d9d87202b43d709cb328cedaf18c446af448f705c33d553e8c2e9f7,5170ec511fb50cdf10d648416d508574d70e9781ddf156a1b2a86d2b385e94dc,100,1729,maximum_first_20_then_half_top_6,2000.0,3000.0
kata1-b6c96-s1248000-d550347-temp-0.3,46,198.5404750648349,84.75226933667658,312.3286807929932,113.3151130072046,85.2253620576303,2,a5803f8a5d9d87202b43d709cb328cedaf18c446af448f705c33d553e8c2e9f7,5170ec511fb50cdf10d648416d508574d70e9781ddf156a1b2a86d2b385e94dc,100,1729,maximum_first_20_then_half_top_6,2000.0,3000.0
kata1-b6c96-s1248000-d550347-temp-0.3,48,201.827782077751,90.77161488308661,312.8839492724154,113.3151130072046,88.51266907054641,2,a5803f8a5d9d87202b43d709cb328cedaf18c446af448f705c33d553e8c2e9f7,5170ec511fb50cdf10d648416d508574d70e9781ddf156a1b2a86d2b385e94dc,100,1729,maximum_first_20_then_half_top_6,2000.0,3000.0
kata1-b6c96-s1248000-d550347-temp-0.3,50,201.51552733752501,92.97211011917352,310.0589445558765,113.3151130072046,88.20041433032041,2,a5803f8a5d9d87202b43d709cb328cedaf18c446af448f705c33d553e8c2e9f7,5170ec511fb50cdf10d648416d508574d70e9781ddf156a1b2a86d2b385e94dc,100,1729,maximum_first_20_then_half_top_6,2000.0,3000.0
kata1-b6c96-s1248000-d550347-temp-0.3,52,201.2320985341375,95.0333351130078,307.4308619552672,113.3151130072046,87.91698552693289,2,a5803f8a5d9d87202b43d709cb328cedaf18c446af448f705c33d553e8c2e9f7,5170ec511fb50cdf10d648416d508574d70e9781ddf156a1b2a86d2b385e94dc,100,1729,maximum_first_20_then_half_top_6,2000.0,3000.0
kata1-b6c96-s1248000-d550347-temp-0.3,54,184.97658510028137,80.6083442182936,289.3448259822691,113.3151130072046,71.66147209307677,2,a5803f8a5d9d87202b43d709cb328cedaf18c446af448f705c33d553e8c2e9f7,5170ec511fb50cdf10d648416d508574d70e9781ddf156a1b2a86d2b385e94dc,100,1729,maximum_first_20_then_half_top_6,2000.0,3000.0
kata1-b6c96-s1248000-d550347-temp-0.3,56,177.80045810672976,75.03446109657523,280.5664551168843,113.3151130072046,64.48534509952516,2,a5803f8a5d9d87202b43d709cb328cedaf18c446af448f705c33d553e8c2e9f7,5170ec511fb50cdf10d648416d508574d70e9781ddf156a1b2a86d2b385e94dc,100,1729,maximum_first_20_then_half_top_6,2000.0,3000.0
kata1-b6c96-s1248000-d550347-temp-0.3,58,178.47519966114683,77.7154390930762,279.23496022921745,113.3151130072046,65.16008665394223,2,a5803f8a5d9d87202b43d709cb328cedaf18c446af448f705c33d553e8c2e9f7,5170ec511fb50cdf10d648416d508574d70e9781ddf156a1b2a86d2b385e94dc,100,1729,maximum_first_20_then_half_top_6,2000.0,3000.0
kata1-b6c96-s1248000-d550347-temp-0.3,60,164.66029579920328,65.39644170673867,263.92414989166787,113.3151130072046,51.34518279199868,2,a5803f8a5d9d87202b43d709cb328cedaf18c446af448f705c33d553e8c2e9f7,5170ec511fb50cdf10d648416d508574d70e9781ddf156a1b2a86d2b385e94dc,100,1729,maximum_first_20_then_half_top_6,2000.0,3000.0
kata1-b6c96-s1248000-d550347-temp-0.3,62,165.774322299364,68.32549965711421,263.2231449416138,113.3151130072046,52.4592092921594,2,a5803f8a5d9d87202b43d709cb328cedaf18c446af448f705c33d553e8c2e9f7,5170ec511fb50cdf10d648416d508574d70e9781ddf156a1b2a86d2b385e94dc,100,1729,maximum_first_20_then_half_top_6,2000.0,3000.0
kata1-b6c96-s1248000-d550347-temp-0.3,64,172.47652100582698,76.56348333829892,268.38955867335505,113.3151130072046,59.16140799862238,2,a5803f8a5d9d87202b43d709cb328cedaf18c446af448f705c33d553e8c2e9f7,5170ec511fb50cdf10d648416d508574d70e9781ddf156a1b2a86d2b385e94dc,100,1729,maximum_first_20_then_half_top_6,2000.0,3000.0
kata1-b6c96-s1248000-d550347-temp-0.3,66,186.21687309845623,92.24569353172859,280.1880526651839,113.3151130072046,72.90176009125163,2,a5803f8a5d9d87202b43d709cb328cedaf18c446af448f705c33d553e8c2e9f7,5170ec511fb50cdf10d648416d508574d70e9781ddf156a1b2a86d2b385e94dc,100,1729,maximum_first_20_then_half_top_6,2000.0,3000.0
kata1-b6c96-s1248000-d550347-temp-0.3,68,186.51018201989308,94.05935641813298,278.96100762165315,113.3151130072046,73.19506901268848,2,a5803f8a5d9d87202b43d709cb328cedaf18c446af448f705c33d553e8c2e9f7,5170ec511fb50cdf10d648416d508574d70e9781ddf156a1b2a86d2b385e94dc,100,1729,maximum_first_20_then_half_top_6,2000.0,3000.0
kata1-b6c96-s1248000-d550347-temp-0.3,70,198.84157580451503,108.0278569332417,289.65529467578835,113.3151130072046,85.52646279731043,2,a5803f8a5d9d87202b43d709cb328cedaf18c446af448f705c33d553e8c2e9f7,5170ec511fb50cdf10d648416d508574d70e9781ddf156a1b2a86d2b385e94dc,100,1729,maximum_first_20_then_half_top_6,2000.0,3000.0
kata1-b6c96-s1248000-d550347-temp-0.3,72,203.83272589222324,114.24202122451973,293.4234305599267,113.3151130072046,90.51761288501864,2,a5803f8a5d9d87202b43d709cb328cedaf18c446af448f705c33d553e8c2e9f7,5170ec511fb50cdf10d648416d508574d70e9781ddf156a1b2a86d2b385e94dc,100,1729,maximum_first_20_then_half_top_6,2000.0,3000.0
kata1-b6c96-s1248000-d550347-temp-0.3,74,197.87341587984292,109.51828356897431,286.22854819071154,113.3151130072046,84.55830287263832,2,a5803f8a5d9d87202b43d709cb328cedaf18c446af448f705c33d553e8c2e9f7,5170ec511fb50cdf10d648416d508574d70e9781ddf156a1b2a86d2b385e94dc,100,1729,maximum_first_20_then_half_top_6,2000.0,3000.0
kata1-b6c96-s1248000-d550347-temp-0.3,76,207.4040615219014,120.38465861417417,294.42346442962867,113.3151130072046,94.08894851469681,2,a5803f8a5d9d87202b43d709cb328cedaf18c446af448f705c33d553e8c2e9f7,5170ec511fb50cdf10d648416d508574d70e9781ddf156a1b2a86d2b385e94dc,100,1729,maximum_first_20_then_half_top_6,2000.0,3000.0
kata1-b6c96-s1248000-d550347-temp-0.3,78,207.06511411096153,121.23880341578682,292.89142480613623,113.3151130072046,93.75000110375693,2,a5803f8a5d9d87202b43d709cb328cedaf18c446af448f705c33d553e8c2e9f7,5170ec511fb50cdf10d648416d508574d70e9781ddf156a1b2a86d2b385e94dc,100,1729,maximum_first_20_then_half_top_6,2000.0,3000.0
kata1-b6c96-s1248000-d550347-temp-0.3,80,208.73336305084516,124.0644160475456,293.4023100541447,113.3151130072046,95.41825004364055,2,a5803f8a5d9d87202b43d709cb328cedaf18c446af448f705c33d553e8c2e9f7,5170ec511fb50cdf10d648416d508574d70e9781ddf156a1b2a86d2b385e94dc,100,1729,maximum_first_20_then_half_top_6,2000.0,3000.0
kata1-b6c96-s1248000-d550347-temp-0.3,82,192.91442036068327,109.0157196795668,276.8131210417997,113.3151130072046,79.59930735347866,2,a5803f8a5d9d87202b43d709cb328cedaf18c446af448f705c33d553e8c2e9f7,5170ec511fb50cdf10d648416d508574d70e9781ddf156a1b2a86d2b385e94dc,100,1729,maximum_first_20_then_half_top_6,2000.0,3000.0
kata1-b6c96-s1248000-d550347-temp-0.3,84,187.11763326303642,104.04879161927985,270.186474906793,113.3151130072046,73.80252025583182,2,a5803f8a5d9d87202b43d709cb328cedaf18c446af448f705c33d553e8c2e9f7,5170ec511fb50cdf10d648416d508574d70e9781ddf156a1b2a86d2b385e94dc,100,1729,maximum_first_20_then_half_top_6,2000.0,3000.0
kata1-b6c96-s1248000-d550347-temp-0.3,86,189.17441580647917,107.15688345562207,271.1919481573363,113.3151130072046,75.85930279927457,2,a5803f8a5d9d87202b43d709cb328cedaf18c446af448f705c33d553e8c2e9f7,5170ec511fb50cdf10d648416d508574d70e9781ddf156a1b2a86d2b385e94dc,100,1729,maximum_first_20_then_half_top_6,2000.0,3000.0
kata1-b6c96-s1248000-d550347-temp-0.3,88,184.6345393896471,103.40768627799764,265.86139250129656,113.3151130072046,71.3194263824425,2,a5803f8a5d9d87202b43d709cb328cedaf18c446af448f705c33d553e8c2e9f7,5170ec511fb50cdf10d648416d508574d70e9781ddf156a1b2a86d2b385e94dc,100,1729,maximum_first_20_then_half_top_6,2000.0,3000.0
kata1-b6c96-s1248000-d550347-temp-0.3,90,180.27518149809683,99.8275849188704,260.72277807732326,113.3151130072046,66.96006849089223,2,a5803f8a5d9d87202b43d709cb328cedaf18c446af448f705c33d553e8c2e9f7,5170ec511fb50cdf10d648416d508574d70e9781ddf156a1b2a86d2b385e94dc,100,1729,maximum_first_20_then_half_top_6,2000.0,3000.0
kata1-b6c96-s1248000-d550347-temp-0.3,92,176.08788734468547,96.40777055014463,255.76800413922632,113.3151130072046,62.77277433748087,2,a5803f8a5d9d87202b43d709cb328cedaf18c446af448f705c33d553e8c2e9f7,5170ec511fb50cdf10d648416d508574d70e9781ddf156a1b2a86d2b385e94dc,100,1729,maximum_first_20_then_half_top_6,2000.0,3000.0
kata1-b6c96-s1248000-d550347-temp-0.3,94,171.27394022998908,92.25464692737171,250.29323353260645,113.3151130072046,57.95882722278448,2,a5803f8a5d9d87202b43d709cb328cedaf18c446af448f705c33d553e8c2e9f7,5170ec511fb50cdf10d648416d508574d70e9781ddf156a1b2a86d2b385e94dc,100,1729,maximum_first_20_then_half_top_6,2000.0,3000.0
kata1-b6c96-s1248000-d550347-temp-0.3,96,171.81584836336435,93.69634988706204,249.93534683966666,113.3151130072046,58.50073535615975,2,a5803f8a5d9d87202b43d709cb328cedaf18c446af448f705c33d553e8c2e9f7,5170ec511fb50cdf10d648416d508574d70e9781ddf156a1b2a86d2b385e94dc,100,1729,maximum_first_20_then_half_top_6,2000.0,3000.0
kata1-b6c96-s1248000-d550347-temp-0.3,98,172.29614250713553,95.0533921060633,249.53889290820774,113.3151130072046,58.981029499930926,2,a5803f8a5d9d87202b43d709cb328cedaf18c446af448f705c33d553e8c2e9f7,5170ec511fb50cdf10d648416d508574d70e9781ddf156a1b2a86d2b385e94dc,100,1729,maximum_first_20_then_half_top_6,2000.0,3000.0
kata1-b6c96-s1248000-d550347-temp-0.3,100,168.58325779643008,92.02658043277084,245.1399351600893,113.3151130072046,55.268144789225474,2,a5803f8a5d9d87202b43d709cb328cedaf18c446af448f705c33d553e8c2e9f7,5170ec511fb50cdf10d648416d508574d70e9781ddf156a1b2a86d2b385e94dc,100,1729,maximum_first_20_then_half_top_6,2000.0,3000.0
kata1-b6c96-s938496-d1208807-temp-0.3,2,1150.5806657435978,-1281.5361734018907,3582.6975048890863,235.0968993003707,915.4837664432271,2,a5803f8a5d9d87202b43d709cb328cedaf18c446af448f705c33d553e8c2e9f7,5170ec511fb50cdf10d648416d508574d70e9781ddf156a1b2a86d2b385e94dc,100,1729,maximum_first_20_then_half_top_6,2000.0,3000.0
kata1-b6c96-s938496-d1208807-temp-0.3,4,399.3191629761532,-1455.8632506982156,2254.501576650522,235.0968993003707,164.22226367578253,2,a5803f8a5d9d87202b43d709cb328cedaf18c446af448f705c33d553e8c2e9f7,5170ec511fb50cdf10d648416d508574d70e9781ddf156a1b2a86d2b385e94dc,100,1729,maximum_first_20_then_half_top_6,2000.0,3000.0
kata1-b6c96-s938496-d1208807-temp-0.3,6,-259.36104136408585,-1850.6103106319704,1331.8882279037987,235.0968993003707,-494.45794066445654,2,a5803f8a5d9d87202b43d709cb328cedaf18c446af448f705c33d553e8c2e9f7,5170ec511fb50cdf10d648416d508574d70e9781ddf156a1b2a86d2b385e94dc,100,1729,maximum_first_20_then_half_top_6,2000.0,3000.0
kata1-b6c96-s938496-d1208807-temp-0.3,8,223.13251576502276,-183.23607802035363,629.5011095503992,235.0968993003707,-11.964383535347935,2,a5803f8a5d9d87202b43d709cb328cedaf18c446af448f705c33d553e8c2e9f7,5170ec511fb50cdf10d648416d508574d70e9781ddf156a1b2a86d2b385e94dc,100,1729,maximum_first_20_then_half_top_6,2000.0,3000.0
kata1-b6c96-s938496-d1208807-temp-0.3,10,197.71079784968984,-119.19590630552014,514.6175020048998,235.0968993003707,-37.386101450680854,2,a5803f8a5d9d87202b43d709cb328cedaf18c446af448f705c33d553e8c2e9f7,5170ec511fb50cdf10d648416d508574d70e9781ddf156a1b2a86d2b385e94dc,100,1729,maximum_first_20_then_half_top_6,2000.0,3000.0
kata1-b6c96-s938496-d1208807-temp-0.3,12,186.6771271791497,-81.6183961140917,454.9726504723911,235.0968993003707,-48.419772121221,2,a5803f8a5d9d87202b43d709cb328cedaf18c446af448f705c33d553e8c2e9f7,5170ec511fb50cdf10d648416d508574d70e9781ddf156a1b2a86d2b385e94dc,100,1729,maximum_first_20_then_half_top_6,2000.0,3000.0
kata1-b6c96-s938496-d1208807-temp-0.3,14,265.4302187769194,23.694409205396767,507.166028348442,235.0968993003707,30.333319476548695,2,a5803f8a5d9d87202b43d709cb328cedaf18c446af448f705c33d553e8c2e9f7,5170ec511fb50cdf10d648416d508574d70e9781ddf156a1b2a86d2b385e94dc,100,1729,maximum_first_20_then_half_top_6,2000.0,3000.0
kata1-b6c96-s938496-d1208807-temp-0.3,16,206.3511436242055,-10.073003385403382,422.7752906338144,235.0968993003707,-28.745755676165203,2,a5803f8a5d9d87202b43d709cb328cedaf18c446af448f705c33d553e8c2e9f7,5170ec511fb50cdf10d648416d508574d70e9781ddf156a1b2a86d2b385e94dc,100,1729,maximum_first_20_then_half_top_6,2000.0,3000.0
kata1-b6c96-s938496-d1208807-temp-0.3,18,198.94041237101047,-0.11863395288503398,397.99945869490597,235.0968993003707,-36.15648692936023,2,a5803f8a5d9d87202b43d709cb328cedaf18c446af448f705c33d553e8c2e9f7,5170ec511fb50cdf10d648416d508574d70e9781ddf156a1b2a86d2b385e94dc,100,1729,maximum_first_20_then_half_top_6,2000.0,3000.0
kata1-b6c96-s938496-d1208807-temp-0.3,20,142.17699248253263,-44.19789485027519,328.55187981534044,235.0968993003707,-92.91990681783807,2,a5803f8a5d9d87202b43d709cb328cedaf18c446af448f705c33d553e8c2e9f7,5170ec511fb50cdf10d648416d508574d70e9781ddf156a1b2a86d2b385e94dc,100,1729,maximum_first_20_then_half_top_6,2000.0,3000.0
kata1-b6c96-s938496-d1208807-temp-0.3,22,144.15646184163418,-30.644223267187243,318.9571469504556,235.0968993003707,-90.94043745873651,2,a5803f8a5d9d87202b43d709cb328cedaf18c446af448f705c33d553e8c2e9f7,5170ec511fb50cdf10d648416d508574d70e9781ddf156a1b2a86d2b385e94dc,100,1729,maximum_first_20_then_half_top_6,2000.0,3000.0
kata1-b6c96-s938496-d1208807-temp-0.3,24,162.79608744769055,-3.267441187582932,328.85961608296407,235.0968993003707,-72.30081185268014,2,a5803f8a5d9d87202b43d709cb328cedaf18c446af448f705c33d553e8c2e9f7,5170ec511fb50cdf10d648416d508574d70e9781ddf156a1b2a86d2b385e94dc,100,1729,maximum_first_20_then_half_top_6,2000.0,3000.0
kata1-b6c96-s938496-d1208807-temp-0.3,26,199.23917631619534,41.947014455185126,356.53133817720555,235.0968993003707,-35.85772298417535,2,a5803f8a5d9d87202b43d709cb328cedaf18c446af448f705c33d553e8c2e9f7,5170ec511fb50cdf10d648416d508574d70e9781ddf156a1b2a86d2b385e94dc,100,1729,maximum_first_20_then_half_top_6,2000.0,3000.0
kata1-b6c96-s938496-d1208807-temp-0.3,28,229.229120512423,78.44486158174368,380.01337944310234,235.0968993003707,-5.867778787947685,2,a5803f8a5d9d87202b43d709cb328cedaf18c446af448f705c33d553e8c2e9f7,5170ec511fb50cdf10d648416d508574d70e9781ddf156a1b2a86d2b385e94dc,100,1729,maximum_first_20_then_half_top_6,2000.0,3000.0
kata1-b6c96-s938496-d1208807-temp-0.3,30,250.68366950379837,104.76131434936545,396.60602465823126,235.0968993003707,15.586770203427676,2,a5803f8a5d9d87202b43d709cb328cedaf18c446af448f705c33d553e8c2e9f7,5170ec511fb50cdf10d648416d508574d70e9781ddf156a1b2a86d2b385e94dc,100,1729,maximum_first_20_then_half_top_6,2000.0,3000.0
kata1-b6c96-s938496-d1208807-temp-0.3,32,256.6607337805918,116.05016210606081,397.27130545512273,235.0968993003707,21.56383448022109,2,a5803f8a5d9d87202b43d709cb328cedaf18c446af448f705c33d553e8c2e9f7,5170ec511fb50cdf10d648416d508574d70e9781ddf156a1b2a86d2b385e94dc,100,1729,maximum_first_20_then_half_top_6,2000.0,3000.0
kata1-b6c96-s938496-d1208807-temp-0.3,34,261.66692987869794,125.8599195351384,397.4739402222575,235.0968993003707,26.57003057832725,2,a5803f8a5d9d87202b43d709cb328cedaf18c446af448f705c33d553e8c2e9f7,5170ec511fb50cdf10d648416d508574d70e9781ddf156a1b2a86d2b385e94dc,100,1729,maximum_first_20_then_half_top_6,2000.0,3000.0
kata1-b6c96-s938496-d1208807-temp-0.3,36,240.67515408053723,109.91766246830147,371.432645692773,235.0968993003707,5.578254780166532,2,a5803f8a5d9d87202b43d709cb328cedaf18c446af448f705c33d553e8c2e9f7,5170ec511fb50cdf10d648416d508574d70e9781ddf156a1b2a86d2b385e94dc,100,1729,maximum_first_20_then_half_top_6,2000.0,3000.0
kata1-b6c96-s938496-d1208807-temp-0.3,38,235.60105257659274,108.89793925811706,362.3041658950684,235.0968993003707,0.5041532762220413,2,a5803f8a5d9d87202b43d709cb328cedaf18c446af448f705c33d553e8c2e9f7,5170ec511fb50cdf10d648416d508574d70e9781ddf156a1b2a86d2b385e94dc,100,1729,maximum_first_20_then_half_top_6,2000.0,3000.0
kata1-b6c96-s938496-d1208807-temp-0.3,40,231.11733260233532,108.11442163633423,354.12024356833643,235.0968993003707,-3.97956669803537,2,a5803f8a5d9d87202b43d709cb328cedaf18c446af448f705c33d553e8c2e9f7,5170ec511fb50cdf10d648416d508574d70e9781ddf156a1b2a86d2b385e94dc,100,1729,maximum_first_20_then_half_top_6,2000.0,3000.0
kata1-b6c96-s938496-d1208807-temp-0.3,42,206.0195728278778,86.56937775424568,325.4697679015099,235.0968993003707,-29.0773264724929,2,a5803f8a5d9d87202b43d709cb328cedaf18c446af448f705c33d553e8c2e9f7,5170ec511fb50cdf10d648416d508574d70e9781ddf156a1b2a86d2b385e94dc,100,1729,maximum_first_20_then_half_top_6,2000.0,3000.0
kata1-b6c96-s938496-d1208807-temp-0.3,44,195.80516976519698,78.89482787446413,312.71551165592984,235.0968993003707,-39.291729535173715,2,a5803f8a5d9d87202b43d709cb328cedaf18c446af448f705c33d553e8c2e9f7,5170ec511fb50cdf10d648416d508574d70e9781ddf156a1b2a86d2b385e94dc,100,1729,maximum_first_20_then_half_top_6,2000.0,3000.0
kata1-b6c96-s938496-d1208807-temp-0.3,46,193.94560066486775,79.96785508456428,307.9233462451712,235.0968993003707,-41.15129863550294,2,a5803f8a5d9d87202b43d709cb328cedaf18c446af448f705c33d553e8c2e9f7,5170ec511fb50cdf10d648416d508574d70e9781ddf156a1b2a86d2b385e94dc,100,1729,maximum_first_20_then_half_top_6,2000.0,3000.0
kata1-b6c96-s938496-d1208807-temp-0.3,48,173.99471236582644,62.64994795557901,285.33947677607387,235.0968993003707,-61.10218693454425,2,a5803f8a5d9d87202b43d709cb328cedaf18c446af448f705c33d553e8c2e9f7,5170ec511fb50cdf10d648416d508574d70e9781ddf156a1b2a86d2b385e94dc,100,1729,maximum_first_20_then_half_top_6,2000.0,3000.0
kata1-b6c96-s938496-d1208807-temp-0.3,50,173.3113110606788,64.5063803023287,282.1162418190289,235.0968993003707,-61.78558823969189,2,a5803f8a5d9d87202b43d709cb328cedaf18c446af448f705c33d553e8c2e9f7,5170ec511fb50cdf10d648416d508574d70e9781ddf156a1b2a86d2b385e94dc,100,1729,maximum_first_20_then_half_top_6,2000.0,3000.0
kata1-b6c96-s938496-d1208807-temp-0.3,52,183.0357868502119,76.30579673881665,289.7657769616072,235.0968993003707,-52.06111245015879,2,a5803f8a5d9d87202b43d709cb328cedaf18c446af448f705c33d553e8c2e9f7,5170ec511fb50cdf10d648416d508574d70e9781ddf156a1b2a86d2b385e94dc,100,1729,maximum_first_20_then_half_top_6,2000.0,3000.0
kata1-b6c96-s938496-d1208807-temp-0.3,54,181.99519755156754,77.51653644743246,286.47385865570266,235.0968993003707,-53.10170174880315,2,a5803f8a5d9d87202b43d709cb328cedaf18c446af448f705c33d553e8c2e9f7,5170ec511fb50cdf10d648416d508574d70e9781ddf156a1b2a86d2b385e94dc,100,1729,maximum_first_20_then_half_top_6,2000.0,3000.0
kata1-b6c96-s938496-d1208807-temp-0.3,56,187.8149226516805,85.22639700353912,290.4034482998219,235.0968993003707,-47.281976648690204,2,a5803f8a5d9d87202b43d709cb328cedaf18c446af448f705c33d553e8c2e9f7,5170ec511fb50cdf10d648416d508574d70e9781ddf156a1b2a86d2b385e94dc,100,1729,maximum_first_20_then_half_top_6,2000.0,3000.0
kata1-b6c96-s938496-d1208807-temp-0.3,58,186.70178747410438,86.09881658020907,287.3047583679997,235.0968993003707,-48.395111826266316,2,a5803f8a5d9d87202b43d709cb328cedaf18c446af448f705c33d553e8c2e9f7,5170ec511fb50cdf10d648416d508574d70e9781ddf156a1b2a86d2b385e94dc,100,1729,maximum_first_20_then_half_top_6,2000.0,3000.0
kata1-b6c96-s938496-d1208807-temp-0.3,60,177.46220799290074,78.50418359751725,276.42023238828426,235.0968993003707,-57.63469130746995,2,a5803f8a5d9d87202b43d709cb328cedaf18c446af448f705c33d553e8c2e9f7,5170ec511fb50cdf10d648416d508574d70e9781ddf156a1b2a86d2b385e94dc,100,1729,maximum_first_20_then_half_top_6,2000.0,3000.0
kata1-b6c96-s938496-d1208807-temp-0.3,62,162.91283389767548,65.5920095227153,260.2336582726357,235.0968993003707,-72.18406540269521,2,a5803f8a5d9d87202b43d709cb328cedaf18c446af448f705c33d553e8c2e9f7,5170ec511fb50cdf10d648416d508574d70e9781ddf156a1b2a86d2b385e94dc,100,1729,maximum_first_20_then_half_top_6,2000.0,3000.0
kata1-b6c96-s938496-d1208807-temp-0.3,64,160.85264484239912,65.20490919992557,256.50038048487266,235.0968993003707,-74.24425445797158,2,a5803f8a5d9d87202b43d709cb328cedaf18c446af448f705c33d553e8c2e9f7,5170ec511fb50cdf10d648416d508574d70e9781ddf156a1b2a86d2b385e94dc,100,1729,maximum_first_20_then_half_top_6,2000.0,3000.0
kata1-b6c96-s938496-d1208807-temp-0.3,66,159.13263270255416,65.08170456491192,253.1835608401964,235.0968993003707,-75.96426659781653,2,a5803f8a5d9d87202b43d709cb328cedaf18c446af448f705c33d553e8c2e9f7,5170ec511fb50cdf10d648416d508574d70e9781ddf156a1b2a86d2b385e94dc,100,1729,maximum_first_20_then_half_top_6,2000.0,3000.0
kata1-b6c96-s938496-d1208807-temp-0.3,68,157.3343021873331,64.798490086066,249.87011428860018,235.0968993003707,-77.7625971130376,2,a5803f8a5d9d87202b43d709cb328cedaf18c446af448f705c33d553e8c2e9f7,5170ec511fb50cdf10d648416d508574d70e9781ddf156a1b2a86d2b385e94dc,100,1729,maximum_first_20_then_half_top_6,2000.0,3000.0
kata1-b6c96-s938496-d1208807-temp-0.3,70,155.84041926313625,64.75191358555723,246.92892494071526,235.0968993003707,-79.25648003723444,2,a5803f8a5d9d87202b43d709cb328cedaf18c446af448f705c33d553e8c2e9f7,5170ec511fb50cdf10d648416d508574d70e9781ddf156a1b2a86d2b385e94dc,100,1729,maximum_first_20_then_half_top_6,2000.0,3000.0
kata1-b6c96-s938496-d1208807-temp-0.3,72,154.25709691101468,64.54799874616262,243.96619507586675,235.0968993003707,-80.83980238935601,2,a5803f8a5d9d87202b43d709cb328cedaf18c446af448f705c33d553e8c2e9f7,5170ec511fb50cdf10d648416d508574d70e9781ddf156a1b2a86d2b385e94dc,100,1729,maximum_first_20_then_half_top_6,2000.0,3000.0
kata1-b6c96-s938496-d1208807-temp-0.3,74,159.20869035057763,70.6819246842137,247.73545601694155,235.0968993003707,-75.88820894979307,2,a5803f8a5d9d87202b43d709cb328cedaf18c446af448f705c33d553e8c2e9f7,5170ec511fb50cdf10d648416d508574d70e9781ddf156a1b2a86d2b385e94dc,100,1729,maximum_first_20_then_half_top_6,2000.0,3000.0
kata1-b6c96-s938496-d1208807-temp-0.3,76,168.82733360592943,81.6448047435163,256.00986246834253,235.0968993003707,-66.26956569444127,2,a5803f8a5d9d87202b43d709cb328cedaf18c446af448f705c33d553e8c2e9f7,5170ec511fb50cdf10d648416d508574d70e9781ddf156a1b2a86d2b385e94dc,100,1729,maximum_first_20_then_half_top_6,2000.0,3000.0
kata1-b6c96-s938496-d1208807-temp-0.3,78,173.14169849035883,87.04341841984917,259.2399785608685,235.0968993003707,-61.95520081001186,2,a5803f8a5d9d87202b43d709cb328cedaf18c446af448f705c33d553e8c2e9f7,5170ec511fb50cdf10d648416d508574d70e9781ddf156a1b2a86d2b385e94dc,100,1729,maximum_first_20_then_half_top_6,2000.0,3000.0
kata1-b6c96-s938496-d1208807-temp-0.3,80,172.76992565631758,87.84327901769318,257.696572294942,235.0968993003707,-62.32697364405311,2,a5803f8a5d9d87202b43d709cb328cedaf18c446af448f705c33d553e8c2e9f7,5170ec511fb50cdf10d648416d508574d70e9781ddf156a1b2a86d2b385e94dc,100,1729,maximum_first_20_then_half_top_6,2000.0,3000.0
kata1-b6c96-s938496-d1208807-temp-0.3,82,182.642452439603,98.85986436885148,266.4250405103545,235.0968993003707,-52.45444686076769,2,a5803f8a5d9d87202b43d709cb328cedaf18c446af448f705c33d553e8c2e9f7,5170ec511fb50cdf10d648416d508574d70e9781ddf156a1b2a86d2b385e94dc,100,1729,maximum_first_20_then_half_top_6,2000.0,3000.0
kata1-b6c96-s938496-d1208807-temp-0.3,84,188.29315488307907,105.41783404778633,271.16847571837184,235.0968993003707,-46.803744417291625,2,a5803f8a5d9d87202b43d709cb328cedaf18c446af448f705c33d553e8c2e9f7,5170ec511fb50cdf10d648416d508574d70e9781ddf156a1b2a86d2b385e94dc,100,1729,maximum_first_20_then_half_top_6,2000.0,3000.0
kata1-b6c96-s938496-d1208807-temp-0.3,86,187.56187052289974,105.7297158246923,269.3940252211072,235.0968993003707,-47.535028777470956,2,a5803f8a5d9d87202b43d709cb328cedaf18c446af448f705c33d553e8c2e9f7,5170ec511fb50cdf10d648416d508574d70e9781ddf156a1b2a86d2b385e94dc,100,1729,maximum_first_20_then_half_top_6,2000.0,3000.0
kata1-b6c96-s938496-d1208807-temp-0.3,88,186.86838535940728,106.03881752785239,267.69795319096215,235.0968993003707,-48.22851394096341,2,a5803f8a5d9d87202b43d709cb328cedaf18c446af448f705c33d553e8c2e9f7,5170ec511fb50cdf10d648416d508574d70e9781ddf156a1b2a86d2b385e94dc,100,1729,maximum_first_20_then_half_top_6,2000.0,3000.0
kata1-b6c96-s938496-d1208807-temp-0.3,90,186.2098927203712,106.3448614148275,266.07492402591487,235.0968993003707,-48.88700657999951,2,a5803f8a5d9d87202b43d709cb328cedaf18c446af448f705c33d553e8c2e9f7,5170ec511fb50cdf10d648416d508574d70e9781ddf156a1b2a86d2b385e94dc,100,1729,maximum_first_20_then_half_top_6,2000.0,3000.0
kata1-b6c96-s938496-d1208807-temp-0.3,92,185.58385669794285,106.64762644539657,264.52008695048914,235.0968993003707,-49.513042602427845,2,a5803f8a5d9d87202b43d709cb328cedaf18c446af448f705c33d553e8c2e9f7,5170ec511fb50cdf10d648416d508574d70e9781ddf156a1b2a86d2b385e94dc,100,1729,maximum_first_20_then_half_top_6,2000.0,3000.0
kata1-b6c96-s938496-d1208807-temp-0.3,94,183.7130091698597,105.66793035933345,261.75808798038594,235.0968993003707,-51.38389013051099,2,a5803f8a5d9d87202b43d709cb328cedaf18c446af448f705c33d553e8c2e9f7,5170ec511fb50cdf10d648416d508574d70e9781ddf156a1b2a86d2b385e94dc,100,1729,maximum_first_20_then_half_top_6,2000.0,3000.0
kata1-b6c96-s938496-d1208807-temp-0.3,96,183.1728615723338,105.99284339060866,260.35287975405896,235.0968993003707,-51.92403772803689,2,a5803f8a5d9d87202b43d709cb328cedaf18c446af448f705c33d553e8c2e9f7,5170ec511fb50cdf10d648416d508574d70e9781ddf156a1b2a86d2b385e94dc,100,1729,maximum_first_20_then_half_top_6,2000.0,3000.0
kata1-b6c96-s938496-d1208807-temp-0.3,98,182.65768399541793,106.31275169577076,259.0026162950651,235.0968993003707,-52.43921530495277,2,a5803f8a5d9d87202b43d709cb328cedaf18c446af448f705c33d553e8c2e9f7,5170ec511fb50cdf10d648416d508574d70e9781ddf156a1b2a86d2b385e94dc,100,1729,maximum_first_20_then_half_top_6,2000.0,3000.0
kata1-b6c96-s938496-d1208807-temp-0.3,100,185.7851564309544,110.15772300248105,261.4125898594277,235.0968993003707,-49.31174286941629,2,a5803f8a5d9d87202b43d709cb328cedaf18c446af448f705c33d553e8c2e9f7,5170ec511fb50cdf10d648416d508574d70e9781ddf156a1b2a86d2b385e94dc,100,1729,maximum_first_20_then_half_top_6,2000.0,3000.0
kata1-b6c96-s1995008-d1329786-temp-0.3,2,1160.089901804973,-1283.2410928932466,3603.420896503192,327.86273469538617,832.2271671095867,2,a5803f8a5d9d87202b43d709cb328cedaf18c446af448f705c33d553e8c2e9f7,5170ec511fb50cdf10d648416d508574d70e9781ddf156a1b2a86d2b385e94dc,100,1729,maximum_first_20_then_half_top_6,2000.0,3000.0
kata1-b6c96-s1995008-d1329786-temp-0.3,4,409.5728467938666,-1451.027330151313,2270.173023739046,327.86273469538617,81.71011209848041,2,a5803f8a5d9d87202b43d709cb328cedaf18c446af448f705c33d553e8c2e9f7,5170ec511fb50cdf10d648416d508574d70e9781ddf156a1b2a86d2b385e94dc,100,1729,maximum_first_20_then_half_top_6,2000.0,3000.0
kata1-b6c96-s1995008-d1329786-temp-0.3,6,416.36114188203857,-67.06969680061957,899.7919805646967,327.86273469538617,88.4984071866524,2,a5803f8a5d9d87202b43d709cb328cedaf18c446af448f705c33d553e8c2e9f7,5170ec511fb50cdf10d648416d508574d70e9781ddf156a1b2a86d2b385e94dc,100,1729,maximum_first_20_then_half_top_6,2000.0,3000.0
kata1-b6c96-s1995008-d1329786-temp-0.3,8,216.9569210544428,-181.8062453754022,615.7200874842878,327.86273469538617,-110.90581364094336,2,a5803f8a5d9d87202b43d709cb328cedaf18c446af448f705c33d553e8c2e9f7,5170ec511fb50cdf10d648416d508574d70e9781ddf156a1b2a86d2b385e94dc,100,1729,maximum_first_20_then_half_top_6,2000.0,3000.0
kata1-b6c96-s1995008-d1329786-temp-0.3,10,215.5380455957164,-97.62260188062797,528.6986930720608,327.86273469538617,-112.32468909966977,2,a5803f8a5d9d87202b43d709cb328cedaf18c446af448f705c33d553e8c2e9f7,5170ec511fb50cdf10d648416d508574d70e9781ddf156a1b2a86d2b385e94dc,100,1729,maximum_first_20_then_half_top_6,2000.0,3000.0
kata1-b6c96-s1995008-d1329786-temp-0.3,12,316.81553990917246,58.555432775987015,575.0756470423579,327.86273469538617,-11.047194786213709,2,a5803f8a5d9d87202b43d709cb328cedaf18c446af448f705c33d553e8c2e9f7,5170ec511fb50cdf10d648416d508574d70e9781ddf156a1b2a86d2b385e94dc,100,1729,maximum_first_20_then_half_top_6,2000.0,3000.0
kata1-b6c96-s1995008-d1329786-temp-0.3,14,233.83476687449777,-0.5714266038411608,468.24096035283674,327.86273469538617,-94.02796782088839,2,a5803f8a5d9d87202b43d709cb328cedaf18c446af448f705c33d553e8c2e9f7,5170ec511fb50cdf10d648416d508574d70e9781ddf156a1b2a86d2b385e94dc,100,1729,maximum_first_20_then_half_top_6,2000.0,3000.0
kata1-b6c96-s1995008-d1329786-temp-0.3,16,230.15660628379857,17.15382137626574,443.1593911913314,327.86273469538617,-97.7061284115876,2,a5803f8a5d9d87202b43d709cb328cedaf18c446af448f705c33d553e8c2e9f7,5170ec511fb50cdf10d648416d508574d70e9781ddf156a1b2a86d2b385e94dc,100,1729,maximum_first_20_then_half_top_6,2000.0,3000.0
kata1-b6c96-s1995008-d1329786-temp-0.3,18,284.4487673503052,89.76950855261416,479.12802614799625,327.86273469538617,-43.41396734508095,2,a5803f8a5d9d87202b43d709cb328cedaf18c446af448f705c33d553e8c2e9f7,5170ec511fb50cdf10d648416d508574d70e9781ddf156a1b2a86d2b385e94dc,100,1729,maximum_first_20_then_half_top_6,2000.0,3000.0
kata1-b6c96-s1995008-d1329786-temp-0.3,20,237.46294706213902,54.42839628294965,420.49749784132837,327.86273469538617,-90.39978763324714,2,a5803f8a5d9d87202b43d709cb328cedaf18c446af448f705c33d553e8c2e9f7,5170ec511fb50cdf10d648416d508574d70e9781ddf156a1b2a86d2b385e94dc,100,1729,maximum_first_20_then_half_top_6,2000.0,3000.0
kata1-b6c96-s1995008-d1329786-temp-0.3,22,234.6268226686436,62.31258013154442,406.9410652057428,327.86273469538617,-93.23591202674257,2,a5803f8a5d9d87202b43d709cb328cedaf18c446af448f705c33d553e8c2e9f7,5170ec511fb50cdf10d648416d508574d70e9781ddf156a1b2a86d2b385e94dc,100,1729,maximum_first_20_then_half_top_6,2000.0,3000.0
kata1-b6c96-s1995008-d1329786-temp-0.3,24,232.38178668277354,69.10960686859073,395.65396649695634,327.86273469538617,-95.48094801261263,2,a5803f8a5d9d87202b43d709cb328cedaf18c446af448f705c33d553e8c2e9f7,5170ec511fb50cdf10d648416d508574d70e9781ddf156a1b2a86d2b385e94dc,100,1729,maximum_first_20_then_half_top_6,2000.0,3000.0
kata1-b6c96-s1995008-d1329786-temp-0.3,26,256.32067660816506,100.4132328520152,412.2281203643149,327.86273469538617,-71.54205808722111,2,a5803f8a5d9d87202b43d709cb328cedaf18c446af448f705c33d553e8c2e9f7,5170ec511fb50cdf10d648416d508574d70e9781ddf156a1b2a86d2b385e94dc,100,1729,maximum_first_20_then_half_top_6,2000.0,3000.0
kata1-b6c96-s1995008-d1329786-temp-0.3,28,252.5920523154276,103.4709526379921,401.7131519928631,327.86273469538617,-75.27068237995857,2,a5803f8a5d9d87202b43d709cb328cedaf18c446af448f705c33d553e8c2e9f7,5170ec511fb50cdf10d648416d508574d70e9781ddf156a1b2a86d2b385e94dc,100,1729,maximum_first_20_then_half_top_6,2000.0,3000.0
kata1-b6c96-s1995008-d1329786-temp-0.3,30,279.85882981989914,136.36333609328454,423.35432354651374,327.86273469538617,-48.003904875487024,2,a5803f8a5d9d87202b43d709cb328cedaf18c446af448f705c33d553e8c2e9f7,5170ec511fb50cdf10d648416d508574d70e9781ddf156a1b2a86d2b385e94dc,100,1729,maximum_first_20_then_half_top_6,2000.0,3000.0
kata1-b6c96-s1995008-d1329786-temp-0.3,32,310.04234613811457,171.00635713540052,449.0783351408286,327.86273469538617,-17.8203885572716,2,a5803f8a5d9d87202b43d709cb328cedaf18c446af448f705c33d553e8c2e9f7,5170ec511fb50cdf10d648416d508574d70e9781ddf156a1b2a86d2b385e94dc,100,1729,maximum_first_20_then_half_top_6,2000.0,3000.0
kata1-b6c96-s1995008-d1329786-temp-0.3,34,322.91077357089534,188.23501818150888,457.58652896028184,327.86273469538617,-4.951961124490822,2,a5803f8a5d9d87202b43d709cb328cedaf18c446af448f705c33d553e8c2e9f7,5170ec511fb50cdf10d648416d508574d70e9781ddf156a1b2a86d2b385e94dc,100,1729,maximum_first_20_then_half_top_6,2000.0,3000.0
kata1-b6c96-s1995008-d1329786-temp-0.3,36,303.9917570154996,174.21085172200884,433.7726623089904,327.86273469538617,-23.87097767988655,2,a5803f8a5d9d87202b43d709cb328cedaf18c446af448f705c33d553e8c2e9f7,5170ec511fb50cdf10d648416d508574d70e9781ddf156a1b2a86d2b385e94dc,100,1729,maximum_first_20_then_half_top_6,2000.0,3000.0
kata1-b6c96-s1995008-d1329786-temp-0.3,38,318.56323862153585,191.7978317856145,445.3286454574572,327.86273469538617,-9.299496073850321,2,a5803f8a5d9d87202b43d709cb328cedaf18c446af448f705c33d553e8c2e9f7,5170ec511fb50cdf10d648416d508574d70e9781ddf156a1b2a86d2b385e94dc,100,1729,maximum_first_20_then_half_top_6,2000.0,3000.0
kata1-b6c96-s1995008-d1329786-temp-0.3,40,317.61981606945477,194.63411841354122,440.6055137253683,327.86273469538617,-10.242918625931395,2,a5803f8a5d9d87202b43d709cb328cedaf18c446af448f705c33d553e8c2e9f7,5170ec511fb50cdf10d648416d508574d70e9781ddf156a1b2a86d2b385e94dc,100,1729,maximum_first_20_then_half_top_6,2000.0,3000.0
kata1-b6c96-s1995008-d1329786-temp-0.3,42,311.9422936163842,192.3736450728852,431.51094215988314,327.86273469538617,-15.92044107900199,2,a5803f8a5d9d87202b43d709cb328cedaf18c446af448f705c33d553e8c2e9f7,5170ec511fb50cdf10d648416d508574d70e9781ddf156a1b2a86d2b385e94dc,100,1729,maximum_first_20_then_half_top_6,2000.0,3000.0
kata1-b6c96-s1995008-d1329786-temp-0.3,44,301.17093508386955,184.40916861309665,417.93270155464245,327.86273469538617,-26.691799611516615,2,a5803f8a5d9d87202b43d709cb328cedaf18c446af448f705c33d553e8c2e9f7,5170ec511fb50cdf10d648416d508574d70e9781ddf156a1b2a86d2b385e94dc,100,1729,maximum_first_20_then_half_top_6,2000.0,3000.0
kata1-b6c96-s1995008-d1329786-temp-0.3,46,301.233162920545,187.40440377885952,415.06192206223045,327.86273469538617,-26.629571774841168,2,a5803f8a5d9d87202b43d709cb328cedaf18c446af448f705c33d553e8c2e9f7,5170ec511fb50cdf10d648416d508574d70e9781ddf156a1b2a86d2b385e94dc,100,1729,maximum_first_20_then_half_top_6,2000.0,3000.0
kata1-b6c96-s1995008-d1329786-temp-0.3,48,283.2283047721715,172.30059555765553,394.15601398668747,327.86273469538617,-44.63442992321467,2,a5803f8a5d9d87202b43d709cb328cedaf18c446af448f705c33d553e8c2e9f7,5170ec511fb50cdf10d648416d508574d70e9781ddf156a1b2a86d2b385e94dc,100,1729,maximum_first_20_then_half_top_6,2000.0,3000.0
kata1-b6c96-s1995008-d1329786-temp-0.3,50,284.1602416591031,175.7212270321784,392.59925628602787,327.86273469538617,-43.702493036283045,2,a5803f8a5d9d87202b43d709cb328cedaf18c446af448f705c33d553e8c2e9f7,5170ec511fb50cdf10d648416d508574d70e9781ddf156a1b2a86d2b385e94dc,100,1729,maximum_first_20_then_half_top_6,2000.0,3000.0
kata1-b6c96-s1995008-d1329786-temp-0.3,52,285.0114156530417,178.89315328673501,391.1296780193484,327.86273469538617,-42.85131904234447,2,a5803f8a5d9d87202b43d709cb328cedaf18c446af448f705c33d553e8c2e9f7,5170ec511fb50cdf10d648416d508574d70e9781ddf156a1b2a86d2b385e94dc,100,1729,maximum_first_20_then_half_top_6,2000.0,3000.0
kata1-b6c96-s1995008-d1329786-temp-0.3,54,285.7920520915694,181.8444007451905,389.7397034379483,327.86273469538617,-42.07068260381675,2,a5803f8a5d9d87202b43d709cb328cedaf18c446af448f705c33d553e8c2e9f7,5170ec511fb50cdf10d648416d508574d70e9781ddf156a1b2a86d2b385e94dc,100,1729,maximum_first_20_then_half_top_6,2000.0,3000.0
kata1-b6c96-s1995008-d1329786-temp-0.3,56,293.87006066669613,191.51077880270907,396.2293425306832,327.86273469538617,-33.99267402869003,2,a5803f8a5d9d87202b43d709cb328cedaf18c446af448f705c33d553e8c2e9f7,5170ec511fb50cdf10d648416d508574d70e9781ddf156a1b2a86d2b385e94dc,100,1729,maximum_first_20_then_half_top_6,2000.0,3000.0
kata1-b6c96-s1995008-d1329786-temp-0.3,58,294.2602785807898,193.8461904534608,394.67436670811884,327.86273469538617,-33.60245611459635,2,a5803f8a5d9d87202b43d709cb328cedaf18c446af448f705c33d553e8c2e9f7,5170ec511fb50cdf10d648416d508574d70e9781ddf156a1b2a86d2b385e94dc,100,1729,maximum_first_20_then_half_top_6,2000.0,3000.0
kata1-b6c96-s1995008-d1329786-temp-0.3,60,291.2642168017998,192.68561898133316,389.8428146222665,327.86273469538617,-36.59851789358635,2,a5803f8a5d9d87202b43d709cb328cedaf18c446af448f705c33d553e8c2e9f7,5170ec511fb50cdf10d648416d508574d70e9781ddf156a1b2a86d2b385e94dc,100,1729,maximum_first_20_then_half_top_6,2000.0,3000.0
kata1-b6c96-s1995008-d1329786-temp-0.3,62,291.7205823202585,194.8734646161857,388.56770002433126,327.86273469538617,-36.142152375127694,2,a5803f8a5d9d87202b43d709cb328cedaf18c446af448f705c33d553e8c2e9f7,5170ec511fb50cdf10d648416d508574d70e9781ddf156a1b2a86d2b385e94dc,100,1729,maximum_first_20_then_half_top_6,2000.0,3000.0
kata1-b6c96-s1995008-d1329786-temp-0.3,64,278.98718565423457,183.8627025655522,374.1116687429169,327.86273469538617,-48.8755490411516,2,a5803f8a5d9d87202b43d709cb328cedaf18c446af448f705c33d553e8c2e9f7,5170ec511fb50cdf10d648416d508574d70e9781ddf156a1b2a86d2b385e94dc,100,1729,maximum_first_20_then_half_top_6,2000.0,3000.0
kata1-b6c96-s1995008-d1329786-temp-0.3,66,273.22300211437,179.43732770034936,367.00867652839065,327.86273469538617,-54.639732581016176,2,a5803f8a5d9d87202b43d709cb328cedaf18c446af448f705c33d553e8c2e9f7,5170ec511fb50cdf10d648416d508574d70e9781ddf156a1b2a86d2b385e94dc,100,1729,maximum_first_20_then_half_top_6,2000.0,3000.0
kata1-b6c96-s1995008-d1329786-temp-0.3,68,271.27621495557105,178.98660081493887,363.56582909620323,327.86273469538617,-56.58651973981512,2,a5803f8a5d9d87202b43d709cb328cedaf18c446af448f705c33d553e8c2e9f7,5170ec511fb50cdf10d648416d508574d70e9781ddf156a1b2a86d2b385e94dc,100,1729,maximum_first_20_then_half_top_6,2000.0,3000.0
kata1-b6c96-s1995008-d1329786-temp-0.3,70,281.5417048330318,190.61124612630778,372.47216353975585,327.86273469538617,-46.32102986235435,2,a5803f8a5d9d87202b43d709cb328cedaf18c446af448f705c33d553e8c2e9f7,5170ec511fb50cdf10d648416d508574d70e9781ddf156a1b2a86d2b385e94dc,100,1729,maximum_first_20_then_half_top_6,2000.0,3000.0
kata1-b6c96-s1995008-d1329786-temp-0.3,72,282.2402763708989,192.6552715263054,371.82528121549245,327.86273469538617,-45.62245832448724,2,a5803f8a5d9d87202b43d709cb328cedaf18c446af448f705c33d553e8c2e9f7,5170ec511fb50cdf10d648416d508574d70e9781ddf156a1b2a86d2b385e94dc,100,1729,maximum_first_20_then_half_top_6,2000.0,3000.0
kata1-b6c96-s1995008-d1329786-temp-0.3,74,288.513888031918,200.16404128670052,376.86373477713545,327.86273469538617,-39.34884666346818,2,a5803f8a5d9d87202b43d709cb328cedaf18c446af448f705c33d553e8c2e9f7,5170ec511fb50cdf10d648416d508574d70e9781ddf156a1b2a86d2b385e94dc,100,1729,maximum_first_20_then_half_top_6,2000.0,3000.0
kata1-b6c96-s1995008-d1329786-temp-0.3,76,278.02240068174376,190.98384782993702,365.0609535335505,327.86273469538617,-49.840334013642405,2,a5803f8a5d9d87202b43d709cb328cedaf18c446af448f705c33d553e8c2e9f7,5170ec511fb50cdf10d648416d508574d70e9781ddf156a1b2a86d2b385e94dc,100,1729,maximum_first_20_then_half_top_6,2000.0,3000.0
kata1-b6c96-s1995008-d1329786-temp-0.3,78,286.97334011777804,201.05016471022995,372.8965155253261,327.86273469538617,-40.88939457760813,2,a5803f8a5d9d87202b43d709cb328cedaf18c446af448f705c33d553e8c2e9f7,5170ec511fb50cdf10d648416d508574d70e9781ddf156a1b2a86d2b385e94dc,100,1729,maximum_first_20_then_half_top_6,2000.0,3000.0
kata1-b6c96-s1995008-d1329786-temp-0.3,80,290.5102421021447,205.6194535427681,375.40103066152125,327.86273469538617,-37.35249259324149,2,a5803f8a5d9d87202b43d709cb328cedaf18c446af448f705c33d553e8c2e9f7,5170ec511fb50cdf10d648416d508574d70e9781ddf156a1b2a86d2b385e94dc,100,1729,maximum_first_20_then_half_top_6,2000.0,3000.0
kata1-b6c96-s1995008-d1329786-temp-0.3,82,286.8488217419845,203.0043272555249,370.69331622844413,327.86273469538617,-41.01391295340164,2,a5803f8a5d9d87202b43d709cb328cedaf18c446af448f705c33d553e8c2e9f7,5170ec511fb50cdf10d648416d508574d70e9781ddf156a1b2a86d2b385e94dc,100,1729,maximum_first_20_then_half_top_6,2000.0,3000.0
kata1-b6c96-s1995008-d1329786-temp-0.3,84,287.31460888408003,204.5154324200442,370.11378534811587,327.86273469538617,-40.548125811306136,2,a5803f8a5d9d87202b43d709cb328cedaf18c446af448f705c33d553e8c2e9f7,5170ec511fb50cdf10d648416d508574d70e9781ddf156a1b2a86d2b385e94dc,100,1729,maximum_first_20_then_half_top_6,2000.0,3000.0
kata1-b6c96-s1995008-d1329786-temp-0.3,86,287.75714580504007,205.9617302535081,369.552561356572,327.86273469538617,-40.1055888903461,2,a5803f8a5d9d87202b43d709cb328cedaf18c446af448f705c33d553e8c2e9f7,5170ec511fb50cdf10d648416d508574d70e9781ddf156a1b2a86d2b385e94dc,100,1729,maximum_first_20_then_half_top_6,2000.0,3000.0
kata1-b6c96-s1995008-d1329786-temp-0.3,88,276.37855438557614,195.63121463163986,357.1258941395124,327.86273469538617,-51.48418030981003,2,a5803f8a5d9d87202b43d709cb328cedaf18c446af448f705c33d553e8c2e9f7,5170ec511fb50cdf10d648416d508574d70e9781ddf156a1b2a86d2b385e94dc,100,1729,maximum_first_20_then_half_top_6,2000.0,3000.0
kata1-b6c96-s1995008-d1329786-temp-0.3,90,274.8631965098057,195.06244578246844,354.6639472371429,327.86273469538617,-52.99953818558049,2,a5803f8a5d9d87202b43d709cb328cedaf18c446af448f705c33d553e8c2e9f7,5170ec511fb50cdf10d648416d508574d70e9781ddf156a1b2a86d2b385e94dc,100,1729,maximum_first_20_then_half_top_6,2000.0,3000.0
kata1-b6c96-s1995008-d1329786-temp-0.3,92,282.4602033013724,203.52264465060728,361.39776195213756,327.86273469538617,-45.40253139401375,2,a5803f8a5d9d87202b43d709cb328cedaf18c446af448f705c33d553e8c2e9f7,5170ec511fb50cdf10d648416d508574d70e9781ddf156a1b2a86d2b385e94dc,100,1729,maximum_first_20_then_half_top_6,2000.0,3000.0
kata1-b6c96-s1995008-d1329786-temp-0.3,94,280.8747269876269,202.82087305846088,358.92858091679295,327.86273469538617,-46.988007707759266,2,a5803f8a5d9d87202b43d709cb328cedaf18c446af448f705c33d553e8c2e9f7,5170ec511fb50cdf10d648416d508574d70e9781ddf156a1b2a86d2b385e94dc,100,1729,maximum_first_20_then_half_top_6,2000.0,3000.0
kata1-b6c96-s1995008-d1329786-temp-0.3,96,281.4105058246948,204.1907402712876,358.63027137810195,327.86273469538617,-46.452228870691386,2,a5803f8a5d9d87202b43d709cb328cedaf18c446af448f705c33d553e8c2e9f7,5170ec511fb50cdf10d648416d508574d70e9781ddf156a1b2a86d2b385e94dc,100,1729,maximum_first_20_then_half_top_6,2000.0,3000.0
kata1-b6c96-s1995008-d1329786-temp-0.3,98,279.91889499577167,203.52448467355566,356.31330531798767,327.86273469538617,-47.9438396996145,2,a5803f8a5d9d87202b43d709cb328cedaf18c446af448f705c33d553e8c2e9f7,5170ec511fb50cdf10d648416d508574d70e9781ddf156a1b2a86d2b385e94dc,100,1729,maximum_first_20_then_half_top_6,2000.0,3000.0
kata1-b6c96-s1995008-d1329786-temp-0.3,100,282.85571305918967,207.17566145303482,358.5357646653445,327.86273469538617,-45.0070216361965,2,a5803f8a5d9d87202b43d709cb328cedaf18c446af448f705c33d553e8c2e9f7,5170ec511fb50cdf10d648416d508574d70e9781ddf156a1b2a86d2b385e94dc,100,1729,maximum_first_20_then_half_top_6,2000.0,3000.0
kata1-b6c96-s4136960-d1510003-temp-0.9,2,1154.7920931582207,-1282.208635603714,3591.7928219201553,440.2639553606597,714.528137797561,2,a5803f8a5d9d87202b43d709cb328cedaf18c446af448f705c33d553e8c2e9f7,5170ec511fb50cdf10d648416d508574d70e9781ddf156a1b2a86d2b385e94dc,100,1729,maximum_first_20_then_half_top_6,2000.0,3000.0
kata1-b6c96-s4136960-d1510003-temp-0.9,4,403.99924540389543,-1454.0658261389212,2262.064316946712,440.2639553606597,-36.26470995676425,2,a5803f8a5d9d87202b43d709cb328cedaf18c446af448f705c33d553e8c2e9f7,5170ec511fb50cdf10d648416d508574d70e9781ddf156a1b2a86d2b385e94dc,100,1729,maximum_first_20_then_half_top_6,2000.0,3000.0
kata1-b6c96-s4136960-d1510003-temp-0.9,6,326.59001733019886,-167.9308939239085,821.1109285843063,440.2639553606597,-113.67393803046082,2,a5803f8a5d9d87202b43d709cb328cedaf18c446af448f705c33d553e8c2e9f7,5170ec511fb50cdf10d648416d508574d70e9781ddf156a1b2a86d2b385e94dc,100,1729,maximum_first_20_then_half_top_6,2000.0,3000.0
kata1-b6c96-s4136960-d1510003-temp-0.9,8,324.2909994605748,-29.952386060940228,678.5343849820899,440.2639553606597,-115.97295590008486,2,a5803f8a5d9d87202b43d709cb328cedaf18c446af448f705c33d553e8c2e9f7,5170ec511fb50cdf10d648416d508574d70e9781ddf156a1b2a86d2b385e94dc,100,1729,maximum_first_20_then_half_top_6,2000.0,3000.0
kata1-b6c96-s4136960-d1510003-temp-0.9,10,450.16056558873777,147.71481234823761,752.6063188292379,440.2639553606597,9.896610228078089,2,a5803f8a5d9d87202b43d709cb328cedaf18c446af448f705c33d553e8c2e9f7,5170ec511fb50cdf10d648416d508574d70e9781ddf156a1b2a86d2b385e94dc,100,1729,maximum_first_20_then_half_top_6,2000.0,3000.0
kata1-b6c96-s4136960-d1510003-temp-0.9,12,463.46835380899796,201.91998172987832,725.0167258881177,440.2639553606597,23.20439844833828,2,a5803f8a5d9d87202b43d709cb328cedaf18c446af448f705c33d553e8c2e9f7,5170ec511fb50cdf10d648416d508574d70e9781ddf156a1b2a86d2b385e94dc,100,1729,maximum_first_20_then_half_top_6,2000.0,3000.0
kata1-b6c96-s4136960-d1510003-temp-0.9,14,391.78544878469535,161.48188953021372,622.089008039177,440.2639553606597,-48.47850657596433,2,a5803f8a5d9d87202b43d709cb328cedaf18c446af448f705c33d553e8c2e9f7,5170ec511fb50cdf10d648416d508574d70e9781ddf156a1b2a86d2b385e94dc,100,1729,maximum_first_20_then_half_top_6,2000.0,3000.0
kata1-b6c96-s4136960-d1510003-temp-0.9,16,313.2069701022662,99.97799688664864,526.4359433178838,440.2639553606597,-127.05698525839347,2,a5803f8a5d9d87202b43d709cb328cedaf18c446af448f705c33d553e8c2e9f7,5170ec511fb50cdf10d648416d508574d70e9781ddf156a1b2a86d2b385e94dc,100,1729,maximum_first_20_then_half_top_6,2000.0,3000.0
kata1-b6c96-s4136960-d1510003-temp-0.9,18,371.42433476172516,176.79261790015144,566.0560516232989,440.2639553606597,-68.83962059893452,2,a5803f8a5d9d87202b43d709cb328cedaf18c446af448f705c33d553e8c2e9f7,5170ec511fb50cdf10d648416d508574d70e9781ddf156a1b2a86d2b385e94dc,100,1729,maximum_first_20_then_half_top_6,2000.0,3000.0
kata1-b6c96-s4136960-d1510003-temp-0.9,20,414.5117072955406,231.53446258524804,597.4889520058332,440.2639553606597,-25.75224806511909,2,a5803f8a5d9d87202b43d709cb328cedaf18c446af448f705c33d553e8c2e9f7,5170ec511fb50cdf10d648416d508574d70e9781ddf156a1b2a86d2b385e94dc,100,1729,maximum_first_20_then_half_top_6,2000.0,3000.0
kata1-b6c96-s4136960-d1510003-temp-0.9,22,402.29566244052774,229.94188104984315,574.6494438312124,440.2639553606597,-37.968292920131944,2,a5803f8a5d9d87202b43d709cb328cedaf18c446af448f705c33d553e8c2e9f7,5170ec511fb50cdf10d648416d508574d70e9781ddf156a1b2a86d2b385e94dc,100,1729,maximum_first_20_then_half_top_6,2000.0,3000.0
kata1-b6c96-s4136960-d1510003-temp-0.9,24,433.971707653726,269.26316545510656,598.6802498523455,440.2639553606597,-6.292247706933665,2,a5803f8a5d9d87202b43d709cb328cedaf18c446af448f705c33d553e8c2e9f7,5170ec511fb50cdf10d648416d508574d70e9781ddf156a1b2a86d2b385e94dc,100,1729,maximum_first_20_then_half_top_6,2000.0,3000.0
kata1-b6c96-s4136960-d1510003-temp-0.9,26,453.21078398298454,293.60283972635625,612.8187282396128,440.2639553606597,12.946828622324858,2,a5803f8a5d9d87202b43d709cb328cedaf18c446af448f705c33d553e8c2e9f7,5170ec511fb50cdf10d648416d508574d70e9781ddf156a1b2a86d2b385e94dc,100,1729,maximum_first_20_then_half_top_6,2000.0,3000.0
kata1-b6c96-s4136960-d1510003-temp-0.9,28,457.5284547306469,304.84795936349894,610.2089500977949,440.2639553606597,17.26449936998722,2,a5803f8a5d9d87202b43d709cb328cedaf18c446af448f705c33d553e8c2e9f7,5170ec511fb50cdf10d648416d508574d70e9781ddf156a1b2a86d2b385e94dc,100,1729,maximum_first_20_then_half_top_6,2000.0,3000.0
kata1-b6c96-s4136960-d1510003-temp-0.9,30,433.26789905855486,287.7577039086615,578.7780942084482,440.2639553606597,-6.996056302104819,2,a5803f8a5d9d87202b43d709cb328cedaf18c446af448f705c33d553e8c2e9f7,5170ec511fb50cdf10d648416d508574d70e9781ddf156a1b2a86d2b385e94dc,100,1729,maximum_first_20_then_half_top_6,2000.0,3000.0
kata1-b6c96-s4136960-d1510003-temp-0.9,32,448.51166953967623,306.7627158281292,590.2606232512233,440.2639553606597,8.247714179016555,2,a5803f8a5d9d87202b43d709cb328cedaf18c446af448f705c33d553e8c2e9f7,5170ec511fb50cdf10d648416d508574d70e9781ddf156a1b2a86d2b385e94dc,100,1729,maximum_first_20_then_half_top_6,2000.0,3000.0
kata1-b6c96-s4136960-d1510003-temp-0.9,34,424.91809259675034,289.0143622072344,560.8218229862663,440.2639553606597,-15.345862763909338,2,a5803f8a5d9d87202b43d709cb328cedaf18c446af448f705c33d553e8c2e9f7,5170ec511fb50cdf10d648416d508574d70e9781ddf156a1b2a86d2b385e94dc,100,1729,maximum_first_20_then_half_top_6,2000.0,3000.0
kata1-b6c96-s4136960-d1510003-temp-0.9,36,429.9846997459686,298.36380428190074,561.6055952100364,440.2639553606597,-10.279255614691067,2,a5803f8a5d9d87202b43d709cb328cedaf18c446af448f705c33d553e8c2e9f7,5170ec511fb50cdf10d648416d508574d70e9781ddf156a1b2a86d2b385e94dc,100,1729,maximum_first_20_then_half_top_6,2000.0,3000.0
kata1-b6c96-s4136960-d1510003-temp-0.9,38,434.3774283356338,306.6814417869293,562.0734148843383,440.2639553606597,-5.8865270250258845,2,a5803f8a5d9d87202b43d709cb328cedaf18c446af448f705c33d553e8c2e9f7,5170ec511fb50cdf10d648416d508574d70e9781ddf156a1b2a86d2b385e94dc,100,1729,maximum_first_20_then_half_top_6,2000.0,3000.0
kata1-b6c96-s4136960-d1510003-temp-0.9,40,427.47034725484036,303.41456485547565,551.5261296542051,440.2639553606597,-12.793608105819317,2,a5803f8a5d9d87202b43d709cb328cedaf18c446af448f705c33d553e8c2e9f7,5170ec511fb50cdf10d648416d508574d70e9781ddf156a1b2a86d2b385e94dc,100,1729,maximum_first_20_then_half_top_6,2000.0,3000.0
kata1-b6c96-s4136960-d1510003-temp-0.9,42,410.23689779582133,289.6657858805321,530.8080097111106,440.2639553606597,-30.027057564838344,2,a5803f8a5d9d87202b43d709cb328cedaf18c446af448f705c33d553e8c2e9f7,5170ec511fb50cdf10d648416d508574d70e9781ddf156a1b2a86d2b385e94dc,100,1729,maximum_first_20_then_half_top_6,2000.0,3000.0
kata1-b6c96-s4136960-d1510003-temp-0.9,44,426.01355385873654,308.3260262558286,543.7010814616444,440.2639553606597,-14.250401501923136,2,a5803f8a5d9d87202b43d709cb328cedaf18c446af448f705c33d553e8c2e9f7,5170ec511fb50cdf10d648416d508574d70e9781ddf156a1b2a86d2b385e94dc,100,1729,maximum_first_20_then_half_top_6,2000.0,3000.0
kata1-b6c96-s4136960-d1510003-temp-0.9,46,420.51931692895124,305.6924231543346,535.3462107035679,440.2639553606597,-19.744638431708438,2,a5803f8a5d9d87202b43d709cb328cedaf18c446af448f705c33d553e8c2e9f7,5170ec511fb50cdf10d648416d508574d70e9781ddf156a1b2a86d2b385e94dc,100,1729,maximum_first_20_then_half_top_6,2000.0,3000.0
kata1-b6c96-s4136960-d1510003-temp-0.9,48,424.39669092838074,312.15166742028265,536.6417144364789,440.2639553606597,-15.867264432278944,2,a5803f8a5d9d87202b43d709cb328cedaf18c446af448f705c33d553e8c2e9f7,5170ec511fb50cdf10d648416d508574d70e9781ddf156a1b2a86d2b385e94dc,100,1729,maximum_first_20_then_half_top_6,2000.0,3000.0
kata1-b6c96-s4136960-d1510003-temp-0.9,50,437.5235867797204,327.45736974762923,547.5898038118116,440.2639553606597,-2.7403685809392755,2,a5803f8a5d9d87202b43d709cb328cedaf18c446af448f705c33d553e8c2e9f7,5170ec511fb50cdf10d648416d508574d70e9781ddf156a1b2a86d2b385e94dc,100,1729,maximum_first_20_then_half_top_6,2000.0,3000.0
kata1-b6c96-s4136960-d1510003-temp-0.9,52,428.21473624169977,320.29358789832634,536.1358845850732,440.2639553606597,-12.049219118959911,2,a5803f8a5d9d87202b43d709cb328cedaf18c446af448f705c33d553e8c2e9f7,5170ec511fb50cdf10d648416d508574d70e9781ddf156a1b2a86d2b385e94dc,100,1729,maximum_first_20_then_half_top_6,2000.0,3000.0
kata1-b6c96-s4136960-d1510003-temp-0.9,54,440.21276757677816,334.2342593616388,546.1912757919175,440.2639553606597,-0.05118778388151668,2,a5803f8a5d9d87202b43d709cb328cedaf18c446af448f705c33d553e8c2e9f7,5170ec511fb50cdf10d648416d508574d70e9781ddf156a1b2a86d2b385e94dc,100,1729,maximum_first_20_then_half_top_6,2000.0,3000.0
kata1-b6c96-s4136960-d1510003-temp-0.9,56,451.0729070609619,346.8034212995195,555.3423928224042,440.2639553606597,10.808951700302202,2,a5803f8a5d9d87202b43d709cb328cedaf18c446af448f705c33d553e8c2e9f7,5170ec511fb50cdf10d648416d508574d70e9781ddf156a1b2a86d2b385e94dc,100,1729,maximum_first_20_then_half_top_6,2000.0,3000.0
kata1-b6c96-s4136960-d1510003-temp-0.9,58,468.3240899807219,365.5621049972973,571.0860749641465,440.2639553606597,28.06013462006223,2,a5803f8a5d9d87202b43d709cb328cedaf18c446af448f705c33d553e8c2e9f7,5170ec511fb50cdf10d648416d508574d70e9781ddf156a1b2a86d2b385e94dc,100,1729,maximum_first_20_then_half_top_6,2000.0,3000.0
kata1-b6c96-s4136960-d1510003-temp-0.9,60,454.9311674676094,354.4781215048294,555.3842134303893,440.2639553606597,14.667212106949705,2,a5803f8a5d9d87202b43d709cb328cedaf18c446af448f705c33d553e8c2e9f7,5170ec511fb50cdf10d648416d508574d70e9781ddf156a1b2a86d2b385e94dc,100,1729,maximum_first_20_then_half_top_6,2000.0,3000.0
kata1-b6c96-s4136960-d1510003-temp-0.9,62,449.85585228745305,351.18021316708223,548.5314914078239,440.2639553606597,9.591896926793368,2,a5803f8a5d9d87202b43d709cb328cedaf18c446af448f705c33d553e8c2e9f7,5170ec511fb50cdf10d648416d508574d70e9781ddf156a1b2a86d2b385e94dc,100,1729,maximum_first_20_then_half_top_6,2000.0,3000.0
kata1-b6c96-s4136960-d1510003-temp-0.9,64,451.7164071317512,354.6934339162524,548.7393803472501,440.2639553606597,11.452451771091546,2,a5803f8a5d9d87202b43d709cb328cedaf18c446af448f705c33d553e8c2e9f7,5170ec511fb50cdf10d648416d508574d70e9781ddf156a1b2a86d2b385e94dc,100,1729,maximum_first_20_then_half_top_6,2000.0,3000.0
kata1-b6c96-s4136960-d1510003-temp-0.9,66,440.32021710613,345.0965701279383,535.5438640843216,440.2639553606597,0.0562617454702945,2,a5803f8a5d9d87202b43d709cb328cedaf18c446af448f705c33d553e8c2e9f7,5170ec511fb50cdf10d648416d508574d70e9781ddf156a1b2a86d2b385e94dc,100,1729,maximum_first_20_then_half_top_6,2000.0,3000.0
kata1-b6c96-s4136960-d1510003-temp-0.9,68,443.89065104297856,350.1071663050198,537.6741357809374,440.2639553606597,3.626695682318882,2,a5803f8a5d9d87202b43d709cb328cedaf18c446af448f705c33d553e8c2e9f7,5170ec511fb50cdf10d648416d508574d70e9781ddf156a1b2a86d2b385e94dc,100,1729,maximum_first_20_then_half_top_6,2000.0,3000.0
kata1-b6c96-s4136960-d1510003-temp-0.9,70,445.7704188936074,353.4008629518697,538.1399748353451,440.2639553606597,5.506463532947748,2,a5803f8a5d9d87202b43d709cb328cedaf18c446af448f705c33d553e8c2e9f7,5170ec511fb50cdf10d648416d508574d70e9781ddf156a1b2a86d2b385e94dc,100,1729,maximum_first_20_then_half_top_6,2000.0,3000.0
kata1-b6c96-s4136960-d1510003-temp-0.9,72,447.53434149915523,356.51434083668624,538.5543421616242,440.2639553606597,7.270386138495553,2,a5803f8a5d9d87202b43d709cb328cedaf18c446af448f705c33d553e8c2e9f7,5170ec511fb50cdf10d648416d508574d70e9781ddf156a1b2a86d2b385e94dc,100,1729,maximum_first_20_then_half_top_6,2000.0,3000.0
kata1-b6c96-s4136960-d1510003-temp-0.9,74,449.192724544995,359.4623104871172,538.9231386028728,440.2639553606597,8.928769184335295,2,a5803f8a5d9d87202b43d709cb328cedaf18c446af448f705c33d553e8c2e9f7,5170ec511fb50cdf10d648416d508574d70e9781ddf156a1b2a86d2b385e94dc,100,1729,maximum_first_20_then_half_top_6,2000.0,3000.0
kata1-b6c96-s4136960-d1510003-temp-0.9,76,452.1153109456639,363.6064022652583,540.6242196260695,440.2639553606597,11.851355585004228,2,a5803f8a5d9d87202b43d709cb328cedaf18c446af448f705c33d553e8c2e9f7,5170ec511fb50cdf10d648416d508574d70e9781ddf156a1b2a86d2b385e94dc,100,1729,maximum_first_20_then_half_top_6,2000.0,3000.0
kata1-b6c96-s4136960-d1510003-temp-0.9,78,449.27628960636656,361.9969914970104,536.5555877157227,440.2639553606597,9.012334245706882,2,a5803f8a5d9d87202b43d709cb328cedaf18c446af448f705c33d553e8c2e9f7,5170ec511fb50cdf10d648416d508574d70e9781ddf156a1b2a86d2b385e94dc,100,1729,maximum_first_20_then_half_top_6,2000.0,3000.0
kata1-b6c96-s4136960-d1510003-temp-0.9,80,450.7533406437872,364.61218064023177,536.8945006473427,440.2639553606597,10.489385283127547,2,a5803f8a5d9d87202b43d709cb328cedaf18c446af448f705c33d553e8c2e9f7,5170ec511fb50cdf10d648416d508574d70e9781ddf156a1b2a86d2b385e94dc,100,1729,maximum_first_20_then_half_top_6,2000.0,3000.0
kata1-b6c96-s4136960-d1510003-temp-0.9,82,442.85582196430306,357.8525996194875,527.8590443091186,440.2639553606597,2.591866603643382,2,a5803f8a5d9d87202b43d709cb328cedaf18c446af448f705c33d553e8c2e9f7,5170ec511fb50cdf10d648416d508574d70e9781ddf156a1b2a86d2b385e94dc,100,1729,maximum_first_20_then_half_top_6,2000.0,3000.0
kata1-b6c96-s4136960-d1510003-temp-0.9,84,449.78742157903974,365.7513038824625,533.823539275617,440.2639553606597,9.523466218380065,2,a5803f8a5d9d87202b43d709cb328cedaf18c446af448f705c33d553e8c2e9f7,5170ec511fb50cdf10d648416d508574d70e9781ddf156a1b2a86d2b385e94dc,100,1729,maximum_first_20_then_half_top_6,2000.0,3000.0
kata1-b6c96-s4136960-d1510003-temp-0.9,86,436.461496783503,353.48412992189344,519.4388636451125,440.2639553606597,-3.802458577156699,2,a5803f8a5d9d87202b43d709cb328cedaf18c446af448f705c33d553e8c2e9f7,5170ec511fb50cdf10d648416d508574d70e9781ddf156a1b2a86d2b385e94dc,100,1729,maximum_first_20_then_half_top_6,2000.0,3000.0
kata1-b6c96-s4136960-d1510003-temp-0.9,88,438.0443445911531,356.04167205422084,520.0470171280854,440.2639553606597,-2.2196107695065734,2,a5803f8a5d9d87202b43d709cb328cedaf18c446af448f705c33d553e8c2e9f7,5170ec511fb50cdf10d648416d508574d70e9781ddf156a1b2a86d2b385e94dc,100,1729,maximum_first_20_then_half_top_6,2000.0,3000.0
kata1-b6c96-s4136960-d1510003-temp-0.9,90,442.4506112387808,361.2600579638812,523.6411645136805,440.2639553606597,2.186655878121144,2,a5803f8a5d9d87202b43d709cb328cedaf18c446af448f705c33d553e8c2e9f7,5170ec511fb50cdf10d648416d508574d70e9781ddf156a1b2a86d2b385e94dc,100,1729,maximum_first_20_then_half_top_6,2000.0,3000.0
kata1-b6c96-s4136960-d1510003-temp-0.9,92,443.8801600363217,363.5982570799731,524.1620629926703,440.2639553606597,3.6162046756620043,2,a5803f8a5d9d87202b43d709cb328cedaf18c446af448f705c33d553e8c2e9f7,5170ec511fb50cdf10d648416d508574d70e9781ddf156a1b2a86d2b385e94dc,100,1729,maximum_first_20_then_half_top_6,2000.0,3000.0
kata1-b6c96-s4136960-d1510003-temp-0.9,94,437.17663278131715,357.77388753506,516.5793780275743,440.2639553606597,-3.0873225793425263,2,a5803f8a5d9d87202b43d709cb328cedaf18c446af448f705c33d553e8c2e9f7,5170ec511fb50cdf10d648416d508574d70e9781ddf156a1b2a86d2b385e94dc,100,1729,maximum_first_20_then_half_top_6,2000.0,3000.0
kata1-b6c96-s4136960-d1510003-temp-0.9,96,439.6787404457059,361.12840331131315,518.2290775800986,440.2639553606597,-0.5852149149537809,2,a5803f8a5d9d87202b43d709cb328cedaf18c446af448f705c33d553e8c2e9f7,5170ec511fb50cdf10d648416d508574d70e9781ddf156a1b2a86d2b385e94dc,100,1729,maximum_first_20_then_half_top_6,2000.0,3000.0
kata1-b6c96-s4136960-d1510003-temp-0.9,98,436.9245552165171,359.1638656284395,514.6852448045946,440.2639553606597,-3.339400144142587,2,a5803f8a5d9d87202b43d709cb328cedaf18c446af448f705c33d553e8c2e9f7,5170ec511fb50cdf10d648416d508574d70e9781ddf156a1b2a86d2b385e94dc,100,1729,maximum_first_20_then_half_top_6,2000.0,3000.0
kata1-b6c96-s4136960-d1510003-temp-0.9,100,438.2917200056123,361.3307064109002,515.2527336003245,440.2639553606597,-1.97223535504736,2,a5803f8a5d9d87202b43d709cb328cedaf18c446af448f705c33d553e8c2e9f7,5170ec511fb50cdf10d648416d508574d70e9781ddf156a1b2a86d2b385e94dc,100,1729,maximum_first_20_then_half_top_6,2000.0,3000.0
kata1-b6c96-s4136960-d1510003-temp-0.7,2,1156.8241182923489,-1282.590051443041,3596.2382880277387,563.7077469756265,593.1163713167224,2,a5803f8a5d9d87202b43d709cb328cedaf18c446af448f705c33d553e8c2e9f7,5170ec511fb50cdf10d648416d508574d70e9781ddf156a1b2a86d2b385e94dc,100,1729,maximum_first_20_then_half_top_6,2000.0,3000.0
kata1-b6c96-s4136960-d1510003-temp-0.7,4,405.8035955842689,-1453.2558143559845,2264.8630055245226,563.7077469756265,-157.90415139135757,2,a5803f8a5d9d87202b43d709cb328cedaf18c446af448f705c33d553e8c2e9f7,5170ec511fb50cdf10d648416d508574d70e9781ddf156a1b2a86d2b385e94dc,100,1729,maximum_first_20_then_half_top_6,2000.0,3000.0
kata1-b6c96-s4136960-d1510003-temp-0.7,6,610.6601485100585,114.90329639639384,1106.4170006237232,563.7077469756265,46.952401534432056,2,a5803f8a5d9d87202b43d709cb328cedaf18c446af448f705c33d553e8c2e9f7,5170ec511fb50cdf10d648416d508574d70e9781ddf156a1b2a86d2b385e94dc,100,1729,maximum_first_20_then_half_top_6,2000.0,3000.0
kata1-b6c96-s4136960-d1510003-temp-0.7,8,619.4299076653039,265.88643321160254,972.9733821190052,563.7077469756265,55.72216068967737,2,a5803f8a5d9d87202b43d709cb328cedaf18c446af448f705c33d553e8c2e9f7,5170ec511fb50cdf10d648416d508574d70e9781ddf156a1b2a86d2b385e94dc,100,1729,maximum_first_20_then_half_top_6,2000.0,3000.0
kata1-b6c96-s4136960-d1510003-temp-0.7,10,751.4530903006535,448.82269044236233,1054.0834901589446,563.7077469756265,187.74534332502697,2,a5803f8a5d9d87202b43d709cb328cedaf18c446af448f705c33d553e8c2e9f7,5170ec511fb50cdf10d648416d508574d70e9781ddf156a1b2a86d2b385e94dc,100,1729,maximum_first_20_then_half_top_6,2000.0,3000.0
kata1-b6c96-s4136960-d1510003-temp-0.7,12,645.3578459977192,392.9972215609133,897.7184704345251,563.7077469756265,81.65009902209272,2,a5803f8a5d9d87202b43d709cb328cedaf18c446af448f705c33d553e8c2e9f7,5170ec511fb50cdf10d648416d508574d70e9781ddf156a1b2a86d2b385e94dc,100,1729,maximum_first_20_then_half_top_6,2000.0,3000.0
kata1-b6c96-s4136960-d1510003-temp-0.7,14,565.4117343916054,336.87989543319236,793.9435733500184,563.7077469756265,1.7039874159788724,2,a5803f8a5d9d87202b43d709cb328cedaf18c446af448f705c33d553e8c2e9f7,5170ec511fb50cdf10d648416d508574d70e9781ddf156a1b2a86d2b385e94dc,100,1729,maximum_first_20_then_half_top_6,2000.0,3000.0
kata1-b6c96-s4136960-d1510003-temp-0.7,16,587.6304625016875,379.821604845034,795.4393201583409,563.7077469756265,23.922715526060983,2,a5803f8a5d9d87202b43d709cb328cedaf18c446af448f705c33d553e8c2e9f7,5170ec511fb50cdf10d648416d508574d70e9781ddf156a1b2a86d2b385e94dc,100,1729,maximum_first_20_then_half_top_6,2000.0,3000.0
kata1-b6c96-s4136960-d1510003-temp-0.7,18,537.9050550117801,342.89500847893225,732.9151015446279,563.7077469756265,-25.802691963846428,2,a5803f8a5d9d87202b43d709cb328cedaf18c446af448f705c33d553e8c2e9f7,5170ec511fb50cdf10d648416d508574d70e9781ddf156a1b2a86d2b385e94dc,100,1729,maximum_first_20_then_half_top_6,2000.0,3000.0
kata1-b6c96-s4136960-d1510003-temp-0.7,20,582.5326279547115,402.12664024741366,762.9386156620094,563.7077469756265,18.824880979085037,2,a5803f8a5d9d87202b43d709cb328cedaf18c446af448f705c33d553e8c2e9f7,5170ec511fb50cdf10d648416d508574d70e9781ddf156a1b2a86d2b385e94dc,100,1729,maximum_first_20_then_half_top_6,2000.0,3000.0
kata1-b6c96-s4136960-d1510003-temp-0.7,22,556.0915314252674,382.7710587546635,729.4120040958712,563.7077469756265,-7.616215550359129,2,a5803f8a5d9d87202b43d709cb328cedaf18c446af448f705c33d553e8c2e9f7,5170ec511fb50cdf10d648416d508574d70e9781ddf156a1b2a86d2b385e94dc,100,1729,maximum_first_20_then_half_top_6,2000.0,3000.0
kata1-b6c96-s4136960-d1510003-temp-0.7,24,550.7805260036191,386.5280111205846,715.0330408866537,563.7077469756265,-12.927220972007376,2,a5803f8a5d9d87202b43d709cb328cedaf18c446af448f705c33d553e8c2e9f7,5170ec511fb50cdf10d648416d508574d70e9781ddf156a1b2a86d2b385e94dc,100,1729,maximum_first_20_then_half_top_6,2000.0,3000.0
kata1-b6c96-s4136960-d1510003-temp-0.7,26,546.479167010108,390.00779911965867,702.9505349005573,563.7077469756265,-17.22857996551852,2,a5803f8a5d9d87202b43d709cb328cedaf18c446af448f705c33d553e8c2e9f7,5170ec511fb50cdf10d648416d508574d70e9781ddf156a1b2a86d2b385e94dc,100,1729,maximum_first_20_then_half_top_6,2000.0,3000.0
kata1-b6c96-s4136960-d1510003-temp-0.7,28,575.9590101515915,426.14542260142895,725.7725977017542,563.7077469756265,12.25126317596505,2,a5803f8a5d9d87202b43d709cb328cedaf18c446af448f705c33d553e8c2e9f7,5170ec511fb50cdf10d648416d508574d70e9781ddf156a1b2a86d2b385e94dc,100,1729,maximum_first_20_then_half_top_6,2000.0,3000.0
kata1-b6c96-s4136960-d1510003-temp-0.7,30,549.6267296787364,405.82449069762106,693.4289686598518,563.7077469756265,-14.081017296890082,2,a5803f8a5d9d87202b43d709cb328cedaf18c446af448f705c33d553e8c2e9f7,5170ec511fb50cdf10d648416d508574d70e9781ddf156a1b2a86d2b385e94dc,100,1729,maximum_first_20_then_half_top_6,2000.0,3000.0
kata1-b6c96-s4136960-d1510003-temp-0.7,32,546.3325585851596,407.7966295986122,684.8684875717071,563.7077469756265,-17.37518839046686,2,a5803f8a5d9d87202b43d709cb328cedaf18c446af448f705c33d553e8c2e9f7,5170ec511fb50cdf10d648416d508574d70e9781ddf156a1b2a86d2b385e94dc,100,1729,maximum_first_20_then_half_top_6,2000.0,3000.0
kata1-b6c96-s4136960-d1510003-temp-0.7,34,517.0809212756702,382.83329917390824,651.3285433774322,563.7077469756265,-46.62682569995627,2,a5803f8a5d9d87202b43d709cb328cedaf18c446af448f705c33d553e8c2e9f7,5170ec511fb50cdf10d648416d508574d70e9781ddf156a1b2a86d2b385e94dc,100,1729,maximum_first_20_then_half_top_6,2000.0,3000.0
kata1-b6c96-s4136960-d1510003-temp-0.7,36,540.9682462003774,411.41505157515485,670.5214408255999,563.7077469756265,-22.7395007752491,2,a5803f8a5d9d87202b43d709cb328cedaf18c446af448f705c33d553e8c2e9f7,5170ec511fb50cdf10d648416d508574d70e9781ddf156a1b2a86d2b385e94dc,100,1729,maximum_first_20_then_half_top_6,2000.0,3000.0
kata1-b6c96-s4136960-d1510003-temp-0.7,38,546.390140748247,420.57291915286766,672.2073623436263,563.7077469756265,-17.317606227379542,2,a5803f8a5d9d87202b43d709cb328cedaf18c446af448f705c33d553e8c2e9f7,5170ec511fb50cdf10d648416d508574d70e9781ddf156a1b2a86d2b385e94dc,100,1729,maximum_first_20_then_half_top_6,2000.0,3000.0
kata1-b6c96-s4136960-d1510003-temp-0.7,40,565.8771289106726,443.41125468875293,688.3430031325922,563.7077469756265,2.16938193504609,2,a5803f8a5d9d87202b43d709cb328cedaf18c446af448f705c33d553e8c2e9f7,5170ec511fb50cdf10d648416d508574d70e9781ddf156a1b2a86d2b385e94dc,100,1729,maximum_first_20_then_half_top_6,2000.0,3000.0
kata1-b6c96-s4136960-d1510003-temp-0.7,42,569.3444402081171,450.1232644568189,688.5656159594154,563.7077469756265,5.636693232490643,2,a5803f8a5d9d87202b43d709cb328cedaf18c446af448f705c33d553e8c2e9f7,5170ec511fb50cdf10d648416d508574d70e9781ddf156a1b2a86d2b385e94dc,100,1729,maximum_first_20_then_half_top_6,2000.0,3000.0
kata1-b6c96-s4136960-d1510003-temp-0.7,44,572.3982200063014,456.18662239560626,688.6098176169965,563.7077469756265,8.690473030674866,2,a5803f8a5d9d87202b43d709cb328cedaf18c446af448f705c33d553e8c2e9f7,5170ec511fb50cdf10d648416d508574d70e9781ddf156a1b2a86d2b385e94dc,100,1729,maximum_first_20_then_half_top_6,2000.0,3000.0
kata1-b6c96-s4136960-d1510003-temp-0.7,46,556.3461389497195,443.0379134385349,669.654364460904,563.7077469756265,-7.361608025907003,2,a5803f8a5d9d87202b43d709cb328cedaf18c446af448f705c33d553e8c2e9f7,5170ec511fb50cdf10d648416d508574d70e9781ddf156a1b2a86d2b385e94dc,100,1729,maximum_first_20_then_half_top_6,2000.0,3000.0
kata1-b6c96-s4136960-d1510003-temp-0.7,48,541.7744059322816,430.9525079097955,652.5963039547678,563.7077469756265,-21.933341043344853,2,a5803f8a5d9d87202b43d709cb328cedaf18c446af448f705c33d553e8c2e9f7,5170ec511fb50cdf10d648416d508574d70e9781ddf156a1b2a86d2b385e94dc,100,1729,maximum_first_20_then_half_top_6,2000.0,3000.0
kata1-b6c96-s4136960-d1510003-temp-0.7,50,554.4040362443411,445.965936441793,662.8421360468892,563.7077469756265,-9.303710731285378,2,a5803f8a5d9d87202b43d709cb328cedaf18c446af448f705c33d553e8c2e9f7,5170ec511fb50cdf10d648416d508574d70e9781ddf156a1b2a86d2b385e94dc,100,1729,maximum_first_20_then_half_top_6,2000.0,3000.0
kata1-b6c96-s4136960-d1510003-temp-0.7,52,557.582833232569,451.4052539342313,663.7604125309067,563.7077469756265,-6.124913743057505,2,a5803f8a5d9d87202b43d709cb328cedaf18c446af448f705c33d553e8c2e9f7,5170ec511fb50cdf10d648416d508574d70e9781ddf156a1b2a86d2b385e94dc,100,1729,maximum_first_20_then_half_top_6,2000.0,3000.0
kata1-b6c96-s4136960-d1510003-temp-0.7,54,547.5423788794296,443.47432126415947,651.6104364946998,563.7077469756265,-16.165368096196858,2,a5803f8a5d9d87202b43d709cb328cedaf18c446af448f705c33d553e8c2e9f7,5170ec511fb50cdf10d648416d508574d70e9781ddf156a1b2a86d2b385e94dc,100,1729,maximum_first_20_then_half_top_6,2000.0,3000.0
kata1-b6c96-s4136960-d1510003-temp-0.7,56,530.7157505824599,428.5277026909251,632.9037984739948,563.7077469756265,-32.99199639316657,2,a5803f8a5d9d87202b43d709cb328cedaf18c446af448f705c33d553e8c2e9f7,5170ec511fb50cdf10d648416d508574d70e9781ddf156a1b2a86d2b385e94dc,100,1729,maximum_first_20_then_half_top_6,2000.0,3000.0
kata1-b6c96-s4136960-d1510003-temp-0.7,58,515.1312921019421,414.6126938307076,615.6498903731766,563.7077469756265,-48.57645487368438,2,a5803f8a5d9d87202b43d709cb328cedaf18c446af448f705c33d553e8c2e9f7,5170ec511fb50cdf10d648416d508574d70e9781ddf156a1b2a86d2b385e94dc,100,1729,maximum_first_20_then_half_top_6,2000.0,3000.0
kata1-b6c96-s4136960-d1510003-temp-0.7,60,514.7329570332641,416.0215600482446,613.4443540182837,563.7077469756265,-48.97478994236235,2,a5803f8a5d9d87202b43d709cb328cedaf18c446af448f705c33d553e8c2e9f7,5170ec511fb50cdf10d648416d508574d70e9781ddf156a1b2a86d2b385e94dc,100,1729,maximum_first_20_then_half_top_6,2000.0,3000.0
kata1-b6c96-s4136960-d1510003-temp-0.7,62,507.6080977387239,410.47009300050064,604.7461024769473,563.7077469756265,-56.099649236902565,2,a5803f8a5d9d87202b43d709cb328cedaf18c446af448f705c33d553e8c2e9f7,5170ec511fb50cdf10d648416d508574d70e9781ddf156a1b2a86d2b385e94dc,100,1729,maximum_first_20_then_half_top_6,2000.0,3000.0
kata1-b6c96-s4136960-d1510003-temp-0.7,64,505.0728527794662,409.5225671676743,600.6231383912581,563.7077469756265,-58.6348941961603,2,a5803f8a5d9d87202b43d709cb328cedaf18c446af448f705c33d553e8c2e9f7,5170ec511fb50cdf10d648416d508574d70e9781ddf156a1b2a86d2b385e94dc,100,1729,maximum_first_20_then_half_top_6,2000.0,3000.0
kata1-b6c96-s4136960-d1510003-temp-0.7,66,515.6738846427738,421.83499155252593,609.5127777330217,563.7077469756265,-48.033862332852664,2,a5803f8a5d9d87202b43d709cb328cedaf18c446af448f705c33d553e8c2e9f7,5170ec511fb50cdf10d648416d508574d70e9781ddf156a1b2a86d2b385e94dc,100,1729,maximum_first_20_then_half_top_6,2000.0,3000.0
kata1-b6c96-s4136960-d1510003-temp-0.7,68,527.5895817146194,435.3151010589685,619.8640623702703,563.7077469756265,-36.11816526100711,2,a5803f8a5d9d87202b43d709cb328cedaf18c446af448f705c33d553e8c2e9f7,5170ec511fb50cdf10d648416d508574d70e9781ddf156a1b2a86d2b385e94dc,100,1729,maximum_first_20_then_half_top_6,2000.0,3000.0
kata1-b6c96-s4136960-d1510003-temp-0.7,70,526.9197211819258,436.023200128801,617.8162422350505,563.7077469756265,-36.78802579370074,2,a5803f8a5d9d87202b43d709cb328cedaf18c446af448f705c33d553e8c2e9f7,5170ec511fb50cdf10d648416d508574d70e9781ddf156a1b2a86d2b385e94dc,100,1729,maximum_first_20_then_half_top_6,2000.0,3000.0
kata1-b6c96-s4136960-d1510003-temp-0.7,72,519.721381369514,429.9554114744315,609.4873512645964,563.7077469756265,-43.986365606112486,2,a5803f8a5d9d87202b43d709cb328cedaf18c446af448f705c33d553e8c2e9f7,5170ec511fb50cdf10d648416d508574d70e9781ddf156a1b2a86d2b385e94dc,100,1729,maximum_first_20_then_half_top_6,2000.0,3000.0
kata1-b6c96-s4136960-d1510003-temp-0.7,74,519.3169485463362,430.8151861505511,607.8187109421214,563.7077469756265,-44.39079842929027,2,a5803f8a5d9d87202b43d709cb328cedaf18c446af448f705c33d553e8c2e9f7,5170ec511fb50cdf10d648416d508574d70e9781ddf156a1b2a86d2b385e94dc,100,1729,maximum_first_20_then_half_top_6,2000.0,3000.0
kata1-b6c96-s4136960-d1510003-temp-0.7,76,525.2791301440159,437.8389932973006,612.7192669907312,563.7077469756265,-38.42861683161061,2,a5803f8a5d9d87202b43d709cb328cedaf18c446af448f705c33d553e8c2e9f7,5170ec511fb50cdf10d648416d508574d70e9781ddf156a1b2a86d2b385e94dc,100,1729,maximum_first_20_then_half_top_6,2000.0,3000.0
kata1-b6c96-s4136960-d1510003-temp-0.7,78,517.3622552276271,430.9913464467668,603.7331640084874,563.7077469756265,-46.345491747999404,2,a5803f8a5d9d87202b43d709cb328cedaf18c446af448f705c33d553e8c2e9f7,5170ec511fb50cdf10d648416d508574d70e9781ddf156a1b2a86d2b385e94dc,100,1729,maximum_first_20_then_half_top_6,2000.0,3000.0
kata1-b6c96-s4136960-d1510003-temp-0.7,80,522.9822491544209,437.5870447610937,608.377453547748,563.7077469756265,-40.725497821205636,2,a5803f8a5d9d87202b43d709cb328cedaf18c446af448f705c33d553e8c2e9f7,5170ec511fb50cdf10d648416d508574d70e9781ddf156a1b2a86d2b385e94dc,100,1729,maximum_first_20_then_half_top_6,2000.0,3000.0
kata1-b6c96-s4136960-d1510003-temp-0.7,82,528.4514500469679,443.9736716434181,612.9292284505177,563.7077469756265,-35.25629692865857,2,a5803f8a5d9d87202b43d709cb328cedaf18c446af448f705c33d553e8c2e9f7,5170ec511fb50cdf10d648416d508574d70e9781ddf156a1b2a86d2b385e94dc,100,1729,maximum_first_20_then_half_top_6,2000.0,3000.0
kata1-b6c96-s4136960-d1510003-temp-0.7,84,533.6854967504277,450.0606527794023,617.310340721453,563.7077469756265,-30.02225022519883,2,a5803f8a5d9d87202b43d709cb328cedaf18c446af448f705c33d553e8c2e9f7,5170ec511fb50cdf10d648416d508574d70e9781ddf156a1b2a86d2b385e94dc,100,1729,maximum_first_20_then_half_top_6,2000.0,3000.0
kata1-b6c96-s4136960-d1510003-temp-0.7,86,542.6746707320966,460.01061258008735,625.3387288841059,563.7077469756265,-21.033076243529877,2,a5803f8a5d9d87202b43d709cb328cedaf18c446af448f705c33d553e8c2e9f7,5170ec511fb50cdf10d648416d508574d70e9781ddf156a1b2a86d2b385e94dc,100,1729,maximum_first_20_then_half_top_6,2000.0,3000.0
kata1-b6c96-s4136960-d1510003-temp-0.7,88,551.2192895560695,469.4438126486946,632.9947664634444,563.7077469756265,-12.488457419556994,2,a5803f8a5d9d87202b43d709cb328cedaf18c446af448f705c33d553e8c2e9f7,5170ec511fb50cdf10d648416d508574d70e9781ddf156a1b2a86d2b385e94dc,100,1729,maximum_first_20_then_half_top_6,2000.0,3000.0
kata1-b6c96-s4136960-d1510003-temp-0.7,90,562.5497344064503,481.58649599419704,643.5129728187035,563.7077469756265,-1.1580125691762078,2,a5803f8a5d9d87202b43d709cb328cedaf18c446af448f705c33d553e8c2e9f7,5170ec511fb50cdf10d648416d508574d70e9781ddf156a1b2a86d2b385e94dc,100,1729,maximum_first_20_then_half_top_6,2000.0,3000.0
kata1-b6c96-s4136960-d1510003-temp-0.7,92,564.1151226788735,484.0622373534072,644.1680080043398,563.7077469756265,0.40737570324699846,2,a5803f8a5d9d87202b43d709cb328cedaf18c446af448f705c33d553e8c2e9f7,5170ec511fb50cdf10d648416d508574d70e9781ddf156a1b2a86d2b385e94dc,100,1729,maximum_first_20_then_half_top_6,2000.0,3000.0
kata1-b6c96-s4136960-d1510003-temp-0.7,94,570.2515080949672,490.9422705432845,649.5607456466499,563.7077469756265,6.543761119340729,2,a5803f8a5d9d87202b43d709cb328cedaf18c446af448f705c33d553e8c2e9f7,5170ec511fb50cdf10d648416d508574d70e9781ddf156a1b2a86d2b385e94dc,100,1729,maximum_first_20_then_half_top_6,2000.0,3000.0
kata1-b6c96-s4136960-d1510003-temp-0.7,96,567.233427112784,488.7894090681125,645.6774451574556,563.7077469756265,3.525680137157565,2,a5803f8a5d9d87202b43d709cb328cedaf18c446af448f705c33d553e8c2e9f7,5170ec511fb50cdf10d648416d508574d70e9781ddf156a1b2a86d2b385e94dc,100,1729,maximum_first_20_then_half_top_6,2000.0,3000.0
kata1-b6c96-s4136960-d1510003-temp-0.7,98,560.0026532887706,482.5066255182598,637.4986810592815,563.7077469756265,-3.7050936868558892,2,a5803f8a5d9d87202b43d709cb328cedaf18c446af448f705c33d553e8c2e9f7,5170ec511fb50cdf10d648416d508574d70e9781ddf156a1b2a86d2b385e94dc,100,1729,maximum_first_20_then_half_top_6,2000.0,3000.0
kata1-b6c96-s4136960-d1510003-temp-0.7,100,554.1520638867631,477.48990121497866,630.8142265585476,563.7077469756265,-9.555683088863361,2,a5803f8a5d9d87202b43d709cb328cedaf18c446af448f705c33d553e8c2e9f7,5170ec511fb50cdf10d648416d508574d70e9781ddf156a1b2a86d2b385e94dc,100,1729,maximum_first_20_then_half_top_6,2000.0,3000.0
kata1-b6c96-s6127360-d1754797-temp-0.9,2,1161.8508788363115,-1283.5566522896484,3607.2584099622713,640.4095810886414,521.4412977476701,2,a5803f8a5d9d87202b43d709cb328cedaf18c446af448f705c33d553e8c2e9f7,5170ec511fb50cdf10d648416d508574d70e9781ddf156a1b2a86d2b385e94dc,100,1729,maximum_first_20_then_half_top_6,2000.0,3000.0
kata1-b6c96-s6127360-d1754797-temp-0.9,4,411.4919025669111,-1450.4212173754927,2273.405022509315,640.4095810886414,-228.9176785217303,2,a5803f8a5d9d87202b43d709cb328cedaf18c446af448f705c33d553e8c2e9f7,5170ec511fb50cdf10d648416d508574d70e9781ddf156a1b2a86d2b385e94dc,100,1729,maximum_first_20_then_half_top_6,2000.0,3000.0
kata1-b6c96-s6127360-d1754797-temp-0.9,6,809.9126047080655,286.5183537652455,1333.3068556508856,640.4095810886414,169.50302361942408,2,a5803f8a5d9d87202b43d709cb328cedaf18c446af448f705c33d553e8c2e9f7,5170ec511fb50cdf10d648416d508574d70e9781ddf156a1b2a86d2b385e94dc,100,1729,maximum_first_20_then_half_top_6,2000.0,3000.0
kata1-b6c96-s6127360-d1754797-temp-0.9,8,625.0832786360507,245.62436136078054,1004.542195911321,640.4095810886414,-15.326302452590653,2,a5803f8a5d9d87202b43d709cb328cedaf18c446af448f705c33d553e8c2e9f7,5170ec511fb50cdf10d648416d508574d70e9781ddf156a1b2a86d2b385e94dc,100,1729,maximum_first_20_then_half_top_6,2000.0,3000.0
kata1-b6c96-s6127360-d1754797-temp-0.9,10,645.5232175751507,343.7881851388776,947.2582500114238,640.4095810886414,5.1136364865093356,2,a5803f8a5d9d87202b43d709cb328cedaf18c446af448f705c33d553e8c2e9f7,5170ec511fb50cdf10d648416d508574d70e9781ddf156a1b2a86d2b385e94dc,100,1729,maximum_first_20_then_half_top_6,2000.0,3000.0
kata1-b6c96-s6127360-d1754797-temp-0.9,12,551.3543196040928,280.7370389348472,821.9716002733384,640.4095810886414,-89.05526148454862,2,a5803f8a5d9d87202b43d709cb328cedaf18c446af448f705c33d553e8c2e9f7,5170ec511fb50cdf10d648416d508574d70e9781ddf156a1b2a86d2b385e94dc,100,1729,maximum_first_20_then_half_top_6,2000.0,3000.0
kata1-b6c96-s6127360-d1754797-temp-0.9,14,635.4072251413506,403.70739191462167,867.1070583680796,640.4095810886414,-5.002355947290766,2,a5803f8a5d9d87202b43d709cb328cedaf18c446af448f705c33d553e8c2e9f7,5170ec511fb50cdf10d648416d508574d70e9781ddf156a1b2a86d2b385e94dc,100,1729,maximum_first_20_then_half_top_6,2000.0,3000.0
kata1-b6c96-s6127360-d1754797-temp-0.9,16,643.5254132066267,433.06411016606944,853.986716247184,640.4095810886414,3.115832117985292,2,a5803f8a5d9d87202b43d709cb328cedaf18c446af448f705c33d553e8c2e9f7,5170ec511fb50cdf10d648416d508574d70e9781ddf156a1b2a86d2b385e94dc,100,1729,maximum_first_20_then_half_top_6,2000.0,3000.0
kata1-b6c96-s6127360-d1754797-temp-0.9,18,705.0363009845621,510.90337545939417,899.16922650973,640.4095810886414,64.6267198959207,2,a5803f8a5d9d87202b43d709cb328cedaf18c446af448f705c33d553e8c2e9f7,5170ec511fb50cdf10d648416d508574d70e9781ddf156a1b2a86d2b385e94dc,100,1729,maximum_first_20_then_half_top_6,2000.0,3000.0
kata1-b6c96-s6127360-d1754797-temp-0.9,20,658.5214094781098,477.2053992070979,839.8374197491218,640.4095810886414,18.111828389468428,2,a5803f8a5d9d87202b43d709cb328cedaf18c446af448f705c33d553e8c2e9f7,5170ec511fb50cdf10d648416d508574d70e9781ddf156a1b2a86d2b385e94dc,100,1729,maximum_first_20_then_half_top_6,2000.0,3000.0
kata1-b6c96-s6127360-d1754797-temp-0.9,22,665.8101567384876,495.1241573358458,836.4961561411295,640.4095810886414,25.400575649846246,2,a5803f8a5d9d87202b43d709cb328cedaf18c446af448f705c33d553e8c2e9f7,5170ec511fb50cdf10d648416d508574d70e9781ddf156a1b2a86d2b385e94dc,100,1729,maximum_first_20_then_half_top_6,2000.0,3000.0
kata1-b6c96-s6127360-d1754797-temp-0.9,24,667.3804465246005,505.66928249343607,829.091610555765,640.4095810886414,26.970865435959126,2,a5803f8a5d9d87202b43d709cb328cedaf18c446af448f705c33d553e8c2e9f7,5170ec511fb50cdf10d648416d508574d70e9781ddf156a1b2a86d2b385e94dc,100,1729,maximum_first_20_then_half_top_6,2000.0,3000.0
kata1-b6c96-s6127360-d1754797-temp-0.9,26,633.3650292316522,478.19904531213587,788.5310131511685,640.4095810886414,-7.044551856989187,2,a5803f8a5d9d87202b43d709cb328cedaf18c446af448f705c33d553e8c2e9f7,5170ec511fb50cdf10d648416d508574d70e9781ddf156a1b2a86d2b385e94dc,100,1729,maximum_first_20_then_half_top_6,2000.0,3000.0
kata1-b6c96-s6127360-d1754797-temp-0.9,28,637.4771749437634,489.1715283211929,785.782821566334,640.4095810886414,-2.932406144877973,2,a5803f8a5d9d87202b43d709cb328cedaf18c446af448f705c33d553e8c2e9f7,5170ec511fb50cdf10d648416d508574d70e9781ddf156a1b2a86d2b385e94dc,100,1729,maximum_first_20_then_half_top_6,2000.0,3000.0
kata1-b6c96-s6127360-d1754797-temp-0.9,30,670.6236763451338,529.0637076235487,812.183645066719,640.4095810886414,30.214095256492442,2,a5803f8a5d9d87202b43d709cb328cedaf18c446af448f705c33d553e8c2e9f7,5170ec511fb50cdf10d648416d508574d70e9781ddf156a1b2a86d2b385e94dc,100,1729,maximum_first_20_then_half_top_6,2000.0,3000.0
kata1-b6c96-s6127360-d1754797-temp-0.9,32,659.5810317960113,522.4240212856223,796.7380423064003,640.4095810886414,19.1714507073699,2,a5803f8a5d9d87202b43d709cb328cedaf18c446af448f705c33d553e8c2e9f7,5170ec511fb50cdf10d648416d508574d70e9781ddf156a1b2a86d2b385e94dc,100,1729,maximum_first_20_then_half_top_6,2000.0,3000.0
kata1-b6c96-s6127360-d1754797-temp-0.9,34,686.8034613908254,554.4123296756072,819.1945931060436,640.4095810886414,46.393880302184016,2,a5803f8a5d9d87202b43d709cb328cedaf18c446af448f705c33d553e8c2e9f7,5170ec511fb50cdf10d648416d508574d70e9781ddf156a1b2a86d2b385e94dc,100,1729,maximum_first_20_then_half_top_6,2000.0,3000.0
kata1-b6c96-s6127360-d1754797-temp-0.9,36,713.3250171038551,584.8202185062081,841.8298157015021,640.4095810886414,72.91543601521369,2,a5803f8a5d9d87202b43d709cb328cedaf18c446af448f705c33d553e8c2e9f7,5170ec511fb50cdf10d648416d508574d70e9781ddf156a1b2a86d2b385e94dc,100,1729,maximum_first_20_then_half_top_6,2000.0,3000.0
kata1-b6c96-s6127360-d1754797-temp-0.9,38,736.7698455416987,611.5127422899484,862.026948793449,640.4095810886414,96.36026445305731,2,a5803f8a5d9d87202b43d709cb328cedaf18c446af448f705c33d553e8c2e9f7,5170ec511fb50cdf10d648416d508574d70e9781ddf156a1b2a86d2b385e94dc,100,1729,maximum_first_20_then_half_top_6,2000.0,3000.0
kata1-b6c96-s6127360-d1754797-temp-0.9,40,735.861423872637,614.2613541082916,857.4614936369825,640.4095810886414,95.45184278399563,2,a5803f8a5d9d87202b43d709cb328cedaf18c446af448f705c33d553e8c2e9f7,5170ec511fb50cdf10d648416d508574d70e9781ddf156a1b2a86d2b385e94dc,100,1729,maximum_first_20_then_half_top_6,2000.0,3000.0
kata1-b6c96-s6127360-d1754797-temp-0.9,42,744.6679608704883,625.6234487492331,863.7124729917434,640.4095810886414,104.25837978184688,2,a5803f8a5d9d87202b43d709cb328cedaf18c446af448f705c33d553e8c2e9f7,5170ec511fb50cdf10d648416d508574d70e9781ddf156a1b2a86d2b385e94dc,100,1729,maximum_first_20_then_half_top_6,2000.0,3000.0
kata1-b6c96-s6127360-d1754797-temp-0.9,44,743.4806513159762,627.574202420655,859.3871002112974,640.4095810886414,103.07107022733476,2,a5803f8a5d9d87202b43d709cb328cedaf18c446af448f705c33d553e8c2e9f7,5170ec511fb50cdf10d648416d508574d70e9781ddf156a1b2a86d2b385e94dc,100,1729,maximum_first_20_then_half_top_6,2000.0,3000.0
kata1-b6c96-s6127360-d1754797-temp-0.9,46,742.4156479741989,629.3993744173191,855.4319215310787,640.4095810886414,102.00606688555752,2,a5803f8a5d9d87202b43d709cb328cedaf18c446af448f705c33d553e8c2e9f7,5170ec511fb50cdf10d648416d508574d70e9781ddf156a1b2a86d2b385e94dc,100,1729,maximum_first_20_then_half_top_6,2000.0,3000.0
kata1-b6c96-s6127360-d1754797-temp-0.9,48,759.2617691391702,648.3800279850467,870.1435102932936,640.4095810886414,118.85218805052875,2,a5803f8a5d9d87202b43d709cb328cedaf18c446af448f705c33d553e8c2e9f7,5170ec511fb50cdf10d648416d508574d70e9781ddf156a1b2a86d2b385e94dc,100,1729,maximum_first_20_then_half_top_6,2000.0,3000.0
kata1-b6c96-s6127360-d1754797-temp-0.9,50,766.113745945735,657.4645568107052,874.7629350807648,640.4095810886414,125.70416485709359,2,a5803f8a5d9d87202b43d709cb328cedaf18c446af448f705c33d553e8c2e9f7,5170ec511fb50cdf10d648416d508574d70e9781ddf156a1b2a86d2b385e94dc,100,1729,maximum_first_20_then_half_top_6,2000.0,3000.0
kata1-b6c96-s6127360-d1754797-temp-0.9,52,764.1818232444623,657.9280504236006,870.435596065324,640.4095810886414,123.77224215582089,2,a5803f8a5d9d87202b43d709cb328cedaf18c446af448f705c33d553e8c2e9f7,5170ec511fb50cdf10d648416d508574d70e9781ddf156a1b2a86d2b385e94dc,100,1729,maximum_first_20_then_half_top_6,2000.0,3000.0
kata1-b6c96-s6127360-d1754797-temp-0.9,54,746.7648250129587,643.2071161591449,850.3225338667725,640.4095810886414,106.35524392431728,2,a5803f8a5d9d87202b43d709cb328cedaf18c446af448f705c33d553e8c2e9f7,5170ec511fb50cdf10d648416d508574d70e9781ddf156a1b2a86d2b385e94dc,100,1729,maximum_first_20_then_half_top_6,2000.0,3000.0
kata1-b6c96-s6127360-d1754797-temp-0.9,56,752.7915126023375,650.8648484420306,854.7181767626445,640.4095810886414,112.38193151369614,2,a5803f8a5d9d87202b43d709cb328cedaf18c446af448f705c33d553e8c2e9f7,5170ec511fb50cdf10d648416d508574d70e9781ddf156a1b2a86d2b385e94dc,100,1729,maximum_first_20_then_half_top_6,2000.0,3000.0
kata1-b6c96-s6127360-d1754797-temp-0.9,58,737.1552962737253,637.441001283004,836.8695912644466,640.4095810886414,96.7457151850839,2,a5803f8a5d9d87202b43d709cb328cedaf18c446af448f705c33d553e8c2e9f7,5170ec511fb50cdf10d648416d508574d70e9781ddf156a1b2a86d2b385e94dc,100,1729,maximum_first_20_then_half_top_6,2000.0,3000.0
kata1-b6c96-s6127360-d1754797-temp-0.9,60,729.0657240969844,630.9505117308445,827.1809364631242,640.4095810886414,88.65614300834295,2,a5803f8a5d9d87202b43d709cb328cedaf18c446af448f705c33d553e8c2e9f7,5170ec511fb50cdf10d648416d508574d70e9781ddf156a1b2a86d2b385e94dc,100,1729,maximum_first_20_then_half_top_6,2000.0,3000.0
kata1-b6c96-s6127360-d1754797-temp-0.9,62,735.6184835566346,638.742537848672,832.4944292645972,640.4095810886414,95.2089024679932,2,a5803f8a5d9d87202b43d709cb328cedaf18c446af448f705c33d553e8c2e9f7,5170ec511fb50cdf10d648416d508574d70e9781ddf156a1b2a86d2b385e94dc,100,1729,maximum_first_20_then_half_top_6,2000.0,3000.0
kata1-b6c96-s6127360-d1754797-temp-0.9,64,729.8025180033216,634.3940425893935,825.2109934172496,640.4095810886414,89.39293691468015,2,a5803f8a5d9d87202b43d709cb328cedaf18c446af448f705c33d553e8c2e9f7,5170ec511fb50cdf10d648416d508574d70e9781ddf156a1b2a86d2b385e94dc,100,1729,maximum_first_20_then_half_top_6,2000.0,3000.0
kata1-b6c96-s6127360-d1754797-temp-0.9,66,716.843226255273,623.1202290929182,810.5662234176277,640.4095810886414,76.43364516663155,2,a5803f8a5d9d87202b43d709cb328cedaf18c446af448f705c33d553e8c2e9f7,5170ec511fb50cdf10d648416d508574d70e9781ddf156a1b2a86d2b385e94dc,100,1729,maximum_first_20_then_half_top_6,2000.0,3000.0
kata1-b6c96-s6127360-d1754797-temp-0.9,68,716.9784363876805,624.7481974536048,809.2086753217562,640.4095810886414,76.56885529903911,2,a5803f8a5d9d87202b43d709cb328cedaf18c446af448f705c33d553e8c2e9f7,5170ec511fb50cdf10d648416d508574d70e9781ddf156a1b2a86d2b385e94dc,100,1729,maximum_first_20_then_half_top_6,2000.0,3000.0
kata1-b6c96-s6127360-d1754797-temp-0.9,70,710.9126116878468,619.8403313649101,801.9848920107836,640.4095810886414,70.50303059920543,2,a5803f8a5d9d87202b43d709cb328cedaf18c446af448f705c33d553e8c2e9f7,5170ec511fb50cdf10d648416d508574d70e9781ddf156a1b2a86d2b385e94dc,100,1729,maximum_first_20_then_half_top_6,2000.0,3000.0
kata1-b6c96-s6127360-d1754797-temp-0.9,72,709.9515357846166,620.2536424033243,799.6494291659088,640.4095810886414,69.54195469597516,2,a5803f8a5d9d87202b43d709cb328cedaf18c446af448f705c33d553e8c2e9f7,5170ec511fb50cdf10d648416d508574d70e9781ddf156a1b2a86d2b385e94dc,100,1729,maximum_first_20_then_half_top_6,2000.0,3000.0
kata1-b6c96-s6127360-d1754797-temp-0.9,74,720.3501100258505,631.8816009710357,808.8186190806654,640.4095810886414,79.94052893720914,2,a5803f8a5d9d87202b43d709cb328cedaf18c446af448f705c33d553e8c2e9f7,5170ec511fb50cdf10d648416d508574d70e9781ddf156a1b2a86d2b385e94dc,100,1729,maximum_first_20_then_half_top_6,2000.0,3000.0
kata1-b6c96-s6127360-d1754797-temp-0.9,76,712.8991767953279,625.6221378957147,800.1762156949411,640.4095810886414,72.48959570668649,2,a5803f8a5d9d87202b43d709cb328cedaf18c446af448f705c33d553e8c2e9f7,5170ec511fb50cdf10d648416d508574d70e9781ddf156a1b2a86d2b385e94dc,100,1729,maximum_first_20_then_half_top_6,2000.0,3000.0
kata1-b6c96-s6127360-d1754797-temp-0.9,78,702.5269202952804,616.4579498683499,788.5958907222109,640.4095810886414,62.11733920663903,2,a5803f8a5d9d87202b43d709cb328cedaf18c446af448f705c33d553e8c2e9f7,5170ec511fb50cdf10d648416d508574d70e9781ddf156a1b2a86d2b385e94dc,100,1729,maximum_first_20_then_half_top_6,2000.0,3000.0
kata1-b6c96-s6127360-d1754797-temp-0.9,80,701.9448895188068,617.0233620583574,786.8664169792562,640.4095810886414,61.5353084301654,2,a5803f8a5d9d87202b43d709cb328cedaf18c446af448f705c33d553e8c2e9f7,5170ec511fb50cdf10d648416d508574d70e9781ddf156a1b2a86d2b385e94dc,100,1729,maximum_first_20_then_half_top_6,2000.0,3000.0
kata1-b6c96-s6127360-d1754797-temp-0.9,82,696.8341688192914,612.7498091474589,780.918528491124,640.4095810886414,56.424587730650046,2,a5803f8a5d9d87202b43d709cb328cedaf18c446af448f705c33d553e8c2e9f7,5170ec511fb50cdf10d648416d508574d70e9781ddf156a1b2a86d2b385e94dc,100,1729,maximum_first_20_then_half_top_6,2000.0,3000.0
kata1-b6c96-s6127360-d1754797-temp-0.9,84,686.5037228706866,603.4141981362117,769.5932476051615,640.4095810886414,46.0941417820452,2,a5803f8a5d9d87202b43d709cb328cedaf18c446af448f705c33d553e8c2e9f7,5170ec511fb50cdf10d648416d508574d70e9781ddf156a1b2a86d2b385e94dc,100,1729,maximum_first_20_then_half_top_6,2000.0,3000.0
kata1-b6c96-s6127360-d1754797-temp-0.9,86,681.9131289801612,599.5365713286429,764.2896866316795,640.4095810886414,41.503547891519815,2,a5803f8a5d9d87202b43d709cb328cedaf18c446af448f705c33d553e8c2e9f7,5170ec511fb50cdf10d648416d508574d70e9781ddf156a1b2a86d2b385e94dc,100,1729,maximum_first_20_then_half_top_6,2000.0,3000.0
kata1-b6c96-s6127360-d1754797-temp-0.9,88,672.377186816777,590.8630528073752,753.8913208261788,640.4095810886414,31.967605728135595,2,a5803f8a5d9d87202b43d709cb328cedaf18c446af448f705c33d553e8c2e9f7,5170ec511fb50cdf10d648416d508574d70e9781ddf156a1b2a86d2b385e94dc,100,1729,maximum_first_20_then_half_top_6,2000.0,3000.0
kata1-b6c96-s6127360-d1754797-temp-0.9,90,681.8478337231322,601.4382719786435,762.257395467621,640.4095810886414,41.43825263449082,2,a5803f8a5d9d87202b43d709cb328cedaf18c446af448f705c33d553e8c2e9f7,5170ec511fb50cdf10d648416d508574d70e9781ddf156a1b2a86d2b385e94dc,100,1729,maximum_first_20_then_half_top_6,2000.0,3000.0
kata1-b6c96-s6127360-d1754797-temp-0.9,92,672.7819621561675,593.1758657961826,752.3880585161525,640.4095810886414,32.372381067526135,2,a5803f8a5d9d87202b43d709cb328cedaf18c446af448f705c33d553e8c2e9f7,5170ec511fb50cdf10d648416d508574d70e9781ddf156a1b2a86d2b385e94dc,100,1729,maximum_first_20_then_half_top_6,2000.0,3000.0
kata1-b6c96-s6127360-d1754797-temp-0.9,94,660.13915882072,581.1178943970858,739.1604232443542,640.4095810886414,19.72957773207861,2,a5803f8a5d9d87202b43d709cb328cedaf18c446af448f705c33d553e8c2e9f7,5170ec511fb50cdf10d648416d508574d70e9781ddf156a1b2a86d2b385e94dc,100,1729,maximum_first_20_then_half_top_6,2000.0,3000.0
kata1-b6c96-s6127360-d1754797-temp-0.9,96,660.6390662975242,582.5006289756546,738.7775036193938,640.4095810886414,20.229485208882807,2,a5803f8a5d9d87202b43d709cb328cedaf18c446af448f705c33d553e8c2e9f7,5170ec511fb50cdf10d648416d508574d70e9781ddf156a1b2a86d2b385e94dc,100,1729,maximum_first_20_then_half_top_6,2000.0,3000.0
kata1-b6c96-s6127360-d1754797-temp-0.9,98,666.0428253004859,588.7372702413854,743.3483803595864,640.4095810886414,25.6332442118445,2,a5803f8a5d9d87202b43d709cb328cedaf18c446af448f705c33d553e8c2e9f7,5170ec511fb50cdf10d648416d508574d70e9781ddf156a1b2a86d2b385e94dc,100,1729,maximum_first_20_then_half_top_6,2000.0,3000.0
kata1-b6c96-s6127360-d1754797-temp-0.9,100,658.0315731598627,581.41948786882,734.6436584509053,640.4095810886414,17.621992071221257,2,a5803f8a5d9d87202b43d709cb328cedaf18c446af448f705c33d553e8c2e9f7,5170ec511fb50cdf10d648416d508574d70e9781ddf156a1b2a86d2b385e94dc,100,1729,maximum_first_20_then_half_top_6,2000.0,3000.0
kata1-b6c96-s4136960-d1510003-temp-0.5,2,1157.806807115204,-1282.7878390423286,3598.401453272737,731.184037384491,426.622769730713,2,a5803f8a5d9d87202b43d709cb328cedaf18c446af448f705c33d553e8c2e9f7,5170ec511fb50cdf10d648416d508574d70e9781ddf156a1b2a86d2b385e94dc,100,1729,maximum_first_20_then_half_top_6,2000.0,3000.0
kata1-b6c96-s4136960-d1510003-temp-0.5,4,407.4707878019053,-1452.3955450009387,2267.3371206047495,731.184037384491,-323.7132495825857,2,a5803f8a5d9d87202b43d709cb328cedaf18c446af448f705c33d553e8c2e9f7,5170ec511fb50cdf10d648416d508574d70e9781ddf156a1b2a86d2b385e94dc,100,1729,maximum_first_20_then_half_top_6,2000.0,3000.0
kata1-b6c96-s4136960-d1510003-temp-0.5,6,441.22495805542354,-42.97214958698572,925.4220656978327,731.184037384491,-289.9590793290675,2,a5803f8a5d9d87202b43d709cb328cedaf18c446af448f705c33d553e8c2e9f7,5170ec511fb50cdf10d648416d508574d70e9781ddf156a1b2a86d2b385e94dc,100,1729,maximum_first_20_then_half_top_6,2000.0,3000.0
kata1-b6c96-s4136960-d1510003-temp-0.5,8,442.5283627185248,92.9268619768863,792.1298634601633,731.184037384491,-288.6556746659662,2,a5803f8a5d9d87202b43d709cb328cedaf18c446af448f705c33d553e8c2e9f7,5170ec511fb50cdf10d648416d508574d70e9781ddf156a1b2a86d2b385e94dc,100,1729,maximum_first_20_then_half_top_6,2000.0,3000.0
kata1-b6c96-s4136960-d1510003-temp-0.5,10,568.3549015118192,271.76098858480844,864.9488144388299,731.184037384491,-162.82913587267183,2,a5803f8a5d9d87202b43d709cb328cedaf18c446af448f705c33d553e8c2e9f7,5170ec511fb50cdf10d648416d508574d70e9781ddf156a1b2a86d2b385e94dc,100,1729,maximum_first_20_then_half_top_6,2000.0,3000.0
kata1-b6c96-s4136960-d1510003-temp-0.5,12,670.6084290341701,397.1686152424718,944.0482428258683,731.184037384491,-60.57560835032098,2,a5803f8a5d9d87202b43d709cb328cedaf18c446af448f705c33d553e8c2e9f7,5170ec511fb50cdf10d648416d508574d70e9781ddf156a1b2a86d2b385e94dc,100,1729,maximum_first_20_then_half_top_6,2000.0,3000.0
kata1-b6c96-s4136960-d1510003-temp-0.5,14,767.8030544953729,508.0347777389968,1027.571331251749,731.184037384491,36.61901711088183,2,a5803f8a5d9d87202b43d709cb328cedaf18c446af448f705c33d553e8c2e9f7,5170ec511fb50cdf10d648416d508574d70e9781ddf156a1b2a86d2b385e94dc,100,1729,maximum_first_20_then_half_top_6,2000.0,3000.0
kata1-b6c96-s4136960-d1510003-temp-0.5,16,872.080738925714,621.8635192362549,1122.297958615173,731.184037384491,140.8967015412229,2,a5803f8a5d9d87202b43d709cb328cedaf18c446af448f705c33d553e8c2e9f7,5170ec511fb50cdf10d648416d508574d70e9781ddf156a1b2a86d2b385e94dc,100,1729,maximum_first_20_then_half_top_6,2000.0,3000.0
kata1-b6c96-s4136960-d1510003-temp-0.5,18,796.8048681285853,582.8489302615959,1010.7608059955747,731.184037384491,65.62083074409429,2,a5803f8a5d9d87202b43d709cb328cedaf18c446af448f705c33d553e8c2e9f7,5170ec511fb50cdf10d648416d508574d70e9781ddf156a1b2a86d2b385e94dc,100,1729,maximum_first_20_then_half_top_6,2000.0,3000.0
kata1-b6c96-s4136960-d1510003-temp-0.5,20,804.9515898478523,607.2339727982079,1002.6692068974968,731.184037384491,73.76755246336131,2,a5803f8a5d9d87202b43d709cb328cedaf18c446af448f705c33d553e8c2e9f7,5170ec511fb50cdf10d648416d508574d70e9781ddf156a1b2a86d2b385e94dc,100,1729,maximum_first_20_then_half_top_6,2000.0,3000.0
kata1-b6c96-s4136960-d1510003-temp-0.5,22,761.2025968097221,578.9155123177112,943.489681301733,731.184037384491,30.018559425231047,2,a5803f8a5d9d87202b43d709cb328cedaf18c446af448f705c33d553e8c2e9f7,5170ec511fb50cdf10d648416d508574d70e9781ddf156a1b2a86d2b385e94dc,100,1729,maximum_first_20_then_half_top_6,2000.0,3000.0
kata1-b6c96-s4136960-d1510003-temp-0.5,24,797.0826378291189,623.743090917624,970.4221847406137,731.184037384491,65.89860044462785,2,a5803f8a5d9d87202b43d709cb328cedaf18c446af448f705c33d553e8c2e9f7,5170ec511fb50cdf10d648416d508574d70e9781ddf156a1b2a86d2b385e94dc,100,1729,maximum_first_20_then_half_top_6,2000.0,3000.0
kata1-b6c96-s4136960-d1510003-temp-0.5,26,763.1441002205397,600.0990340797341,926.1891663613453,731.184037384491,31.960062836048678,2,a5803f8a5d9d87202b43d709cb328cedaf18c446af448f705c33d553e8c2e9f7,5170ec511fb50cdf10d648416d508574d70e9781ddf156a1b2a86d2b385e94dc,100,1729,maximum_first_20_then_half_top_6,2000.0,3000.0
kata1-b6c96-s4136960-d1510003-temp-0.5,28,735.6394176372471,580.1417768475937,891.1370584269005,731.184037384491,4.455380252756072,2,a5803f8a5d9d87202b43d709cb328cedaf18c446af448f705c33d553e8c2e9f7,5170ec511fb50cdf10d648416d508574d70e9781ddf156a1b2a86d2b385e94dc,100,1729,maximum_first_20_then_half_top_6,2000.0,3000.0
kata1-b6c96-s4136960-d1510003-temp-0.5,30,754.6902757170722,604.7481856934027,904.6323657407416,731.184037384491,23.50623833258112,2,a5803f8a5d9d87202b43d709cb328cedaf18c446af448f705c33d553e8c2e9f7,5170ec511fb50cdf10d648416d508574d70e9781ddf156a1b2a86d2b385e94dc,100,1729,maximum_first_20_then_half_top_6,2000.0,3000.0
kata1-b6c96-s4136960-d1510003-temp-0.5,32,749.5160016980839,605.6919183890425,893.3400850071253,731.184037384491,18.331964313592835,2,a5803f8a5d9d87202b43d709cb328cedaf18c446af448f705c33d553e8c2e9f7,5170ec511fb50cdf10d648416d508574d70e9781ddf156a1b2a86d2b385e94dc,100,1729,maximum_first_20_then_half_top_6,2000.0,3000.0
kata1-b6c96-s4136960-d1510003-temp-0.5,34,716.8850017509124,578.6973062920512,855.0726972097735,731.184037384491,-14.299035633578683,2,a5803f8a5d9d87202b43d709cb328cedaf18c446af448f705c33d553e8c2e9f7,5170ec511fb50cdf10d648416d508574d70e9781ddf156a1b2a86d2b385e94dc,100,1729,maximum_first_20_then_half_top_6,2000.0,3000.0
kata1-b6c96-s4136960-d1510003-temp-0.5,36,741.2860150029883,607.7329338683975,874.8390961375791,731.184037384491,10.101977618497244,2,a5803f8a5d9d87202b43d709cb328cedaf18c446af448f705c33d553e8c2e9f7,5170ec511fb50cdf10d648416d508574d70e9781ddf156a1b2a86d2b385e94dc,100,1729,maximum_first_20_then_half_top_6,2000.0,3000.0
kata1-b6c96-s4136960-d1510003-temp-0.5,38,726.9066963970932,597.1024580637755,856.7109347304109,731.184037384491,-4.277340987397793,2,a5803f8a5d9d87202b43d709cb328cedaf18c446af448f705c33d553e8c2e9f7,5170ec511fb50cdf10d648416d508574d70e9781ddf156a1b2a86d2b385e94dc,100,1729,maximum_first_20_then_half_top_6,2000.0,3000.0
kata1-b6c96-s4136960-d1510003-temp-0.5,40,734.3865878065372,608.2899820984189,860.4831935146556,731.184037384491,3.2025504220462153,2,a5803f8a5d9d87202b43d709cb328cedaf18c446af448f705c33d553e8c2e9f7,5170ec511fb50cdf10d648416d508574d70e9781ddf156a1b2a86d2b385e94dc,100,1729,maximum_first_20_then_half_top_6,2000.0,3000.0
kata1-b6c96-s4136960-d1510003-temp-0.5,42,753.844846677253,631.3167547757894,876.3729385787167,731.184037384491,22.660809292761996,2,a5803f8a5d9d87202b43d709cb328cedaf18c446af448f705c33d553e8c2e9f7,5170ec511fb50cdf10d648416d508574d70e9781ddf156a1b2a86d2b385e94dc,100,1729,maximum_first_20_then_half_top_6,2000.0,3000.0
kata1-b6c96-s4136960-d1510003-temp-0.5,44,750.3702602428497,631.18203571326,869.5584847724393,731.184037384491,19.186222858358633,2,a5803f8a5d9d87202b43d709cb328cedaf18c446af448f705c33d553e8c2e9f7,5170ec511fb50cdf10d648416d508574d70e9781ddf156a1b2a86d2b385e94dc,100,1729,maximum_first_20_then_half_top_6,2000.0,3000.0
kata1-b6c96-s4136960-d1510003-temp-0.5,46,727.5169863740797,611.4860572975225,843.5479154506369,731.184037384491,-3.667051010411342,2,a5803f8a5d9d87202b43d709cb328cedaf18c446af448f705c33d553e8c2e9f7,5170ec511fb50cdf10d648416d508574d70e9781ddf156a1b2a86d2b385e94dc,100,1729,maximum_first_20_then_half_top_6,2000.0,3000.0
kata1-b6c96-s4136960-d1510003-temp-0.5,48,744.406387032594,631.1452820342276,857.6674920309604,731.184037384491,13.222349648102977,2,a5803f8a5d9d87202b43d709cb328cedaf18c446af448f705c33d553e8c2e9f7,5170ec511fb50cdf10d648416d508574d70e9781ddf156a1b2a86d2b385e94dc,100,1729,maximum_first_20_then_half_top_6,2000.0,3000.0
kata1-b6c96-s4136960-d1510003-temp-0.5,50,724.0090173287322,613.4641413577579,834.5538932997065,731.184037384491,-7.175020055758864,2,a5803f8a5d9d87202b43d709cb328cedaf18c446af448f705c33d553e8c2e9f7,5170ec511fb50cdf10d648416d508574d70e9781ddf156a1b2a86d2b385e94dc,100,1729,maximum_first_20_then_half_top_6,2000.0,3000.0
kata1-b6c96-s4136960-d1510003-temp-0.5,52,722.5216455535406,614.4332641081422,830.6100269989389,731.184037384491,-8.662391830950469,2,a5803f8a5d9d87202b43d709cb328cedaf18c446af448f705c33d553e8c2e9f7,5170ec511fb50cdf10d648416d508574d70e9781ddf156a1b2a86d2b385e94dc,100,1729,maximum_first_20_then_half_top_6,2000.0,3000.0
kata1-b6c96-s4136960-d1510003-temp-0.5,54,727.888247136138,621.9165456941658,833.8599485781102,731.184037384491,-3.2957902483530006,2,a5803f8a5d9d87202b43d709cb328cedaf18c446af448f705c33d553e8c2e9f7,5170ec511fb50cdf10d648416d508574d70e9781ddf156a1b2a86d2b385e94dc,100,1729,maximum_first_20_then_half_top_6,2000.0,3000.0
kata1-b6c96-s4136960-d1510003-temp-0.5,56,721.3892646671377,617.2960632115897,825.4824661226857,731.184037384491,-9.79477271735334,2,a5803f8a5d9d87202b43d709cb328cedaf18c446af448f705c33d553e8c2e9f7,5170ec511fb50cdf10d648416d508574d70e9781ddf156a1b2a86d2b385e94dc,100,1729,maximum_first_20_then_half_top_6,2000.0,3000.0
kata1-b6c96-s4136960-d1510003-temp-0.5,58,733.3458034134683,631.2050640779182,835.4865427490183,731.184037384491,2.1617660289772402,2,a5803f8a5d9d87202b43d709cb328cedaf18c446af448f705c33d553e8c2e9f7,5170ec511fb50cdf10d648416d508574d70e9781ddf156a1b2a86d2b385e94dc,100,1729,maximum_first_20_then_half_top_6,2000.0,3000.0
kata1-b6c96-s4136960-d1510003-temp-0.5,60,731.7190437152743,631.5147840411527,831.923303389396,731.184037384491,0.5350063307832897,2,a5803f8a5d9d87202b43d709cb328cedaf18c446af448f705c33d553e8c2e9f7,5170ec511fb50cdf10d648416d508574d70e9781ddf156a1b2a86d2b385e94dc,100,1729,maximum_first_20_then_half_top_6,2000.0,3000.0
kata1-b6c96-s4136960-d1510003-temp-0.5,62,730.2160324546107,631.8372019292176,828.5948629800039,731.184037384491,-0.9680049298802942,2,a5803f8a5d9d87202b43d709cb328cedaf18c446af448f705c33d553e8c2e9f7,5170ec511fb50cdf10d648416d508574d70e9781ddf156a1b2a86d2b385e94dc,100,1729,maximum_first_20_then_half_top_6,2000.0,3000.0
kata1-b6c96-s4136960-d1510003-temp-0.5,64,728.7666680673019,632.115390024438,825.4179461101658,731.184037384491,-2.4173693171891273,2,a5803f8a5d9d87202b43d709cb328cedaf18c446af448f705c33d553e8c2e9f7,5170ec511fb50cdf10d648416d508574d70e9781ddf156a1b2a86d2b385e94dc,100,1729,maximum_first_20_then_half_top_6,2000.0,3000.0
kata1-b6c96-s4136960-d1510003-temp-0.5,66,721.9706082359348,626.6460005355598,817.2952159363099,731.184037384491,-9.213429148556202,2,a5803f8a5d9d87202b43d709cb328cedaf18c446af448f705c33d553e8c2e9f7,5170ec511fb50cdf10d648416d508574d70e9781ddf156a1b2a86d2b385e94dc,100,1729,maximum_first_20_then_half_top_6,2000.0,3000.0
kata1-b6c96-s4136960-d1510003-temp-0.5,68,733.607427798333,639.7329036816647,827.4819519150013,731.184037384491,2.4233904138419575,2,a5803f8a5d9d87202b43d709cb328cedaf18c446af448f705c33d553e8c2e9f7,5170ec511fb50cdf10d648416d508574d70e9781ddf156a1b2a86d2b385e94dc,100,1729,maximum_first_20_then_half_top_6,2000.0,3000.0
kata1-b6c96-s4136960-d1510003-temp-0.5,70,740.8258731012733,648.1147778189262,833.5369683836203,731.184037384491,9.641835716782225,2,a5803f8a5d9d87202b43d709cb328cedaf18c446af448f705c33d553e8c2e9f7,5170ec511fb50cdf10d648416d508574d70e9781ddf156a1b2a86d2b385e94dc,100,1729,maximum_first_20_then_half_top_6,2000.0,3000.0
kata1-b6c96-s4136960-d1510003-temp-0.5,72,751.2396479432535,659.7381761286365,842.7411197578706,731.184037384491,20.05561055876251,2,a5803f8a5d9d87202b43d709cb328cedaf18c446af448f705c33d553e8c2e9f7,5170ec511fb50cdf10d648416d508574d70e9781ddf156a1b2a86d2b385e94dc,100,1729,maximum_first_20_then_half_top_6,2000.0,3000.0
kata1-b6c96-s4136960-d1510003-temp-0.5,74,749.3287886479308,659.2225326963196,839.4350445995419,731.184037384491,18.14475126343973,2,a5803f8a5d9d87202b43d709cb328cedaf18c446af448f705c33d553e8c2e9f7,5170ec511fb50cdf10d648416d508574d70e9781ddf156a1b2a86d2b385e94dc,100,1729,maximum_first_20_then_half_top_6,2000.0,3000.0
kata1-b6c96-s4136960-d1510003-temp-0.5,76,740.9762866261926,652.2588490767304,829.6937241756549,731.184037384491,9.792249241701597,2,a5803f8a5d9d87202b43d709cb328cedaf18c446af448f705c33d553e8c2e9f7,5170ec511fb50cdf10d648416d508574d70e9781ddf156a1b2a86d2b385e94dc,100,1729,maximum_first_20_then_half_top_6,2000.0,3000.0
kata1-b6c96-s4136960-d1510003-temp-0.5,78,747.2365562180639,659.4611423735769,835.011970062551,731.184037384491,16.05251883357289,2,a5803f8a5d9d87202b43d709cb328cedaf18c446af448f705c33d553e8c2e9f7,5170ec511fb50cdf10d648416d508574d70e9781ddf156a1b2a86d2b385e94dc,100,1729,maximum_first_20_then_half_top_6,2000.0,3000.0
kata1-b6c96-s4136960-d1510003-temp-0.5,80,740.8177059642603,654.1930641656986,827.442347762822,731.184037384491,9.633668579769278,2,a5803f8a5d9d87202b43d709cb328cedaf18c446af448f705c33d553e8c2e9f7,5170ec511fb50cdf10d648416d508574d70e9781ddf156a1b2a86d2b385e94dc,100,1729,maximum_first_20_then_half_top_6,2000.0,3000.0
kata1-b6c96-s4136960-d1510003-temp-0.5,82,728.9763039911237,643.642109988769,814.3104979934784,731.184037384491,-2.2077333933673344,2,a5803f8a5d9d87202b43d709cb328cedaf18c446af448f705c33d553e8c2e9f7,5170ec511fb50cdf10d648416d508574d70e9781ddf156a1b2a86d2b385e94dc,100,1729,maximum_first_20_then_half_top_6,2000.0,3000.0
kata1-b6c96-s4136960-d1510003-temp-0.5,84,727.9082503534459,643.6877136684363,812.1287870384554,731.184037384491,-3.2757870310451835,2,a5803f8a5d9d87202b43d709cb328cedaf18c446af448f705c33d553e8c2e9f7,5170ec511fb50cdf10d648416d508574d70e9781ddf156a1b2a86d2b385e94dc,100,1729,maximum_first_20_then_half_top_6,2000.0,3000.0
kata1-b6c96-s4136960-d1510003-temp-0.5,86,736.8036527522672,653.541649514995,820.0656559895394,731.184037384491,5.619615367776191,2,a5803f8a5d9d87202b43d709cb328cedaf18c446af448f705c33d553e8c2e9f7,5170ec511fb50cdf10d648416d508574d70e9781ddf156a1b2a86d2b385e94dc,100,1729,maximum_first_20_then_half_top_6,2000.0,3000.0
kata1-b6c96-s4136960-d1510003-temp-0.5,88,731.2615780686671,648.9225900199301,813.600566117404,731.184037384491,0.07754068417602866,2,a5803f8a5d9d87202b43d709cb328cedaf18c446af448f705c33d553e8c2e9f7,5170ec511fb50cdf10d648416d508574d70e9781ddf156a1b2a86d2b385e94dc,100,1729,maximum_first_20_then_half_top_6,2000.0,3000.0
kata1-b6c96-s4136960-d1510003-temp-0.5,90,720.8165422480195,639.5289352044227,802.1041492916162,731.184037384491,-10.367495136471575,2,a5803f8a5d9d87202b43d709cb328cedaf18c446af448f705c33d553e8c2e9f7,5170ec511fb50cdf10d648416d508574d70e9781ddf156a1b2a86d2b385e94dc,100,1729,maximum_first_20_then_half_top_6,2000.0,3000.0
kata1-b6c96-s4136960-d1510003-temp-0.5,92,723.8751519082289,643.4500961954911,804.3002076209666,731.184037384491,-7.308885476262162,2,a5803f8a5d9d87202b43d709cb328cedaf18c446af448f705c33d553e8c2e9f7,5170ec511fb50cdf10d648416d508574d70e9781ddf156a1b2a86d2b385e94dc,100,1729,maximum_first_20_then_half_top_6,2000.0,3000.0
kata1-b6c96-s4136960-d1510003-temp-0.5,94,723.045118441665,643.5403313433115,802.5499055400184,731.184037384491,-8.13891894282608,2,a5803f8a5d9d87202b43d709cb328cedaf18c446af448f705c33d553e8c2e9f7,5170ec511fb50cdf10d648416d508574d70e9781ddf156a1b2a86d2b385e94dc,100,1729,maximum_first_20_then_half_top_6,2000.0,3000.0
kata1-b6c96-s4136960-d1510003-temp-0.5,96,722.3090941316169,643.6885492568683,800.9296390063655,731.184037384491,-8.874943252874118,2,a5803f8a5d9d87202b43d709cb328cedaf18c446af448f705c33d553e8c2e9f7,5170ec511fb50cdf10d648416d508574d70e9781ddf156a1b2a86d2b385e94dc,100,1729,maximum_first_20_then_half_top_6,2000.0,3000.0
kata1-b6c96-s4136960-d1510003-temp-0.5,98,726.7079953085223,648.7431297902942,804.6728608267504,731.184037384491,-4.476042075968735,2,a5803f8a5d9d87202b43d709cb328cedaf18c446af448f705c33d553e8c2e9f7,5170ec511fb50cdf10d648416d508574d70e9781ddf156a1b2a86d2b385e94dc,100,1729,maximum_first_20_then_half_top_6,2000.0,3000.0
kata1-b6c96-s4136960-d1510003-temp-0.5,100,725.8664172544067,648.7366286204067,802.9962058884066,731.184037384491,-5.317620130084379,2,a5803f8a5d9d87202b43d709cb328cedaf18c446af448f705c33d553e8c2e9f7,5170ec511fb50cdf10d648416d508574d70e9781ddf156a1b2a86d2b385e94dc,100,1729,maximum_first_20_then_half_top_6,2000.0,3000.0
kata1-b6c96-s5214720-d1690538-temp-0.5,2,1145.3735346803142,-1280.5720744393034,3571.3191437999317,859.747739648877,285.6257950314372,2,a5803f8a5d9d87202b43d709cb328cedaf18c446af448f705c33d553e8c2e9f7,5170ec511fb50cdf10d648416d508574d70e9781ddf156a1b2a86d2b385e94dc,100,1729,maximum_first_20_then_half_top_6,2000.0,3000.0
kata1-b6c96-s5214720-d1690538-temp-0.5,4,393.03062939202295,-1459.4035916600844,2245.46485044413,859.747739648877,-466.717110256854,2,a5803f8a5d9d87202b43d709cb328cedaf18c446af448f705c33d553e8c2e9f7,5170ec511fb50cdf10d648416d508574d70e9781ddf156a1b2a86d2b385e94dc,100,1729,maximum_first_20_then_half_top_6,2000.0,3000.0
kata1-b6c96-s5214720-d1690538-temp-0.5,6,801.1823727519189,290.57075977930634,1311.7939857245315,859.747739648877,-58.56536689695804,2,a5803f8a5d9d87202b43d709cb328cedaf18c446af448f705c33d553e8c2e9f7,5170ec511fb50cdf10d648416d508574d70e9781ddf156a1b2a86d2b385e94dc,100,1729,maximum_first_20_then_half_top_6,2000.0,3000.0
kata1-b6c96-s5214720-d1690538-temp-0.5,8,962.6234427413166,585.6451187305893,1339.6017667520439,859.747739648877,102.87570309243961,2,a5803f8a5d9d87202b43d709cb328cedaf18c446af448f705c33d553e8c2e9f7,5170ec511fb50cdf10d648416d508574d70e9781ddf156a1b2a86d2b385e94dc,100,1729,maximum_first_20_then_half_top_6,2000.0,3000.0
kata1-b6c96-s5214720-d1690538-temp-0.5,10,968.5234267591477,667.8159463200263,1269.230907198269,859.747739648877,108.77568711027072,2,a5803f8a5d9d87202b43d709cb328cedaf18c446af448f705c33d553e8c2e9f7,5170ec511fb50cdf10d648416d508574d70e9781ddf156a1b2a86d2b385e94dc,100,1729,maximum_first_20_then_half_top_6,2000.0,3000.0
kata1-b6c96-s5214720-d1690538-temp-0.5,12,971.2896370121125,713.7938050780671,1228.7854689461578,859.747739648877,111.54189736323553,2,a5803f8a5d9d87202b43d709cb328cedaf18c446af448f705c33d553e8c2e9f7,5170ec511fb50cdf10d648416d508574d70e9781ddf156a1b2a86d2b385e94dc,100,1729,maximum_first_20_then_half_top_6,2000.0,3000.0
kata1-b6c96-s5214720-d1690538-temp-0.5,14,972.8916408617239,744.0433721293803,1201.7399095940675,859.747739648877,113.14390121284691,2,a5803f8a5d9d87202b43d709cb328cedaf18c446af448f705c33d553e8c2e9f7,5170ec511fb50cdf10d648416d508574d70e9781ddf156a1b2a86d2b385e94dc,100,1729,maximum_first_20_then_half_top_6,2000.0,3000.0
kata1-b6c96-s5214720-d1690538-temp-0.5,16,973.9392501572233,765.8434921077968,1182.0350082066498,859.747739648877,114.19151050834637,2,a5803f8a5d9d87202b43d709cb328cedaf18c446af448f705c33d553e8c2e9f7,5170ec511fb50cdf10d648416d508574d70e9781ddf156a1b2a86d2b385e94dc,100,1729,maximum_first_20_then_half_top_6,2000.0,3000.0
kata1-b6c96-s5214720-d1690538-temp-0.5,18,919.863202782458,726.7891320421393,1112.9372735227766,859.747739648877,60.11546313358099,2,a5803f8a5d9d87202b43d709cb328cedaf18c446af448f705c33d553e8c2e9f7,5170ec511fb50cdf10d648416d508574d70e9781ddf156a1b2a86d2b385e94dc,100,1729,maximum_first_20_then_half_top_6,2000.0,3000.0
kata1-b6c96-s5214720-d1690538-temp-0.5,20,917.2391735835234,736.9788005936554,1097.4995465733916,859.747739648877,57.491433934646466,2,a5803f8a5d9d87202b43d709cb328cedaf18c446af448f705c33d553e8c2e9f7,5170ec511fb50cdf10d648416d508574d70e9781ddf156a1b2a86d2b385e94dc,100,1729,maximum_first_20_then_half_top_6,2000.0,3000.0
kata1-b6c96-s5214720-d1690538-temp-0.5,22,888.1436560681292,715.8739838541178,1060.4133282821406,859.747739648877,28.395916419252217,2,a5803f8a5d9d87202b43d709cb328cedaf18c446af448f705c33d553e8c2e9f7,5170ec511fb50cdf10d648416d508574d70e9781ddf156a1b2a86d2b385e94dc,100,1729,maximum_first_20_then_half_top_6,2000.0,3000.0
kata1-b6c96-s5214720-d1690538-temp-0.5,24,908.8777100821744,746.9848519969579,1070.7705681673908,859.747739648877,49.129970433297444,2,a5803f8a5d9d87202b43d709cb328cedaf18c446af448f705c33d553e8c2e9f7,5170ec511fb50cdf10d648416d508574d70e9781ddf156a1b2a86d2b385e94dc,100,1729,maximum_first_20_then_half_top_6,2000.0,3000.0
kata1-b6c96-s5214720-d1690538-temp-0.5,26,908.0054520923076,753.8562752684118,1062.1546289162034,859.747739648877,48.25771244343059,2,a5803f8a5d9d87202b43d709cb328cedaf18c446af448f705c33d553e8c2e9f7,5170ec511fb50cdf10d648416d508574d70e9781ddf156a1b2a86d2b385e94dc,100,1729,maximum_first_20_then_half_top_6,2000.0,3000.0
kata1-b6c96-s5214720-d1690538-temp-0.5,28,891.1558403764179,743.1020467396402,1039.2096340131957,859.747739648877,31.408100727540955,2,a5803f8a5d9d87202b43d709cb328cedaf18c446af448f705c33d553e8c2e9f7,5170ec511fb50cdf10d648416d508574d70e9781ddf156a1b2a86d2b385e94dc,100,1729,maximum_first_20_then_half_top_6,2000.0,3000.0
kata1-b6c96-s5214720-d1690538-temp-0.5,30,874.7856351022083,730.641896476312,1018.9293737281046,859.747739648877,15.037895453331316,2,a5803f8a5d9d87202b43d709cb328cedaf18c446af448f705c33d553e8c2e9f7,5170ec511fb50cdf10d648416d508574d70e9781ddf156a1b2a86d2b385e94dc,100,1729,maximum_first_20_then_half_top_6,2000.0,3000.0
kata1-b6c96-s5214720-d1690538-temp-0.5,32,890.4049663772132,751.4385051572126,1029.3714275972138,859.747739648877,30.65722672833624,2,a5803f8a5d9d87202b43d709cb328cedaf18c446af448f705c33d553e8c2e9f7,5170ec511fb50cdf10d648416d508574d70e9781ddf156a1b2a86d2b385e94dc,100,1729,maximum_first_20_then_half_top_6,2000.0,3000.0
kata1-b6c96-s5214720-d1690538-temp-0.5,34,891.0386758590809,757.0553928391466,1025.021958879015,859.747739648877,31.29093621020388,2,a5803f8a5d9d87202b43d709cb328cedaf18c446af448f705c33d553e8c2e9f7,5170ec511fb50cdf10d648416d508574d70e9781ddf156a1b2a86d2b385e94dc,100,1729,maximum_first_20_then_half_top_6,2000.0,3000.0
kata1-b6c96-s5214720-d1690538-temp-0.5,36,891.6289573840727,762.107465027642,1021.1504497405034,859.747739648877,31.88121773519572,2,a5803f8a5d9d87202b43d709cb328cedaf18c446af448f705c33d553e8c2e9f7,5170ec511fb50cdf10d648416d508574d70e9781ddf156a1b2a86d2b385e94dc,100,1729,maximum_first_20_then_half_top_6,2000.0,3000.0
kata1-b6c96-s5214720-d1690538-temp-0.5,38,892.1471009490316,766.6529135610294,1017.6412883370338,859.747739648877,32.399361300154624,2,a5803f8a5d9d87202b43d709cb328cedaf18c446af448f705c33d553e8c2e9f7,5170ec511fb50cdf10d648416d508574d70e9781ddf156a1b2a86d2b385e94dc,100,1729,maximum_first_20_then_half_top_6,2000.0,3000.0
kata1-b6c96-s5214720-d1690538-temp-0.5,40,892.6059423654722,770.7705723265149,1014.4413124044295,859.747739648877,32.8582027165952,2,a5803f8a5d9d87202b43d709cb328cedaf18c446af448f705c33d553e8c2e9f7,5170ec511fb50cdf10d648416d508574d70e9781ddf156a1b2a86d2b385e94dc,100,1729,maximum_first_20_then_half_top_6,2000.0,3000.0
kata1-b6c96-s5214720-d1690538-temp-0.5,42,893.0154399499231,774.5231437503592,1011.5077361494871,859.747739648877,33.26770030104615,2,a5803f8a5d9d87202b43d709cb328cedaf18c446af448f705c33d553e8c2e9f7,5170ec511fb50cdf10d648416d508574d70e9781ddf156a1b2a86d2b385e94dc,100,1729,maximum_first_20_then_half_top_6,2000.0,3000.0
kata1-b6c96-s5214720-d1690538-temp-0.5,44,883.1611094845102,766.8929366283921,999.4292823406283,859.747739648877,23.41336983563326,2,a5803f8a5d9d87202b43d709cb328cedaf18c446af448f705c33d553e8c2e9f7,5170ec511fb50cdf10d648416d508574d70e9781ddf156a1b2a86d2b385e94dc,100,1729,maximum_first_20_then_half_top_6,2000.0,3000.0
kata1-b6c96-s5214720-d1690538-temp-0.5,46,884.0082771185741,770.6462321406324,997.3703220965159,859.747739648877,24.26053746969717,2,a5803f8a5d9d87202b43d709cb328cedaf18c446af448f705c33d553e8c2e9f7,5170ec511fb50cdf10d648416d508574d70e9781ddf156a1b2a86d2b385e94dc,100,1729,maximum_first_20_then_half_top_6,2000.0,3000.0
kata1-b6c96-s5214720-d1690538-temp-0.5,48,866.8974152871406,755.7843145477111,978.01051602657,859.747739648877,7.149675638263602,2,a5803f8a5d9d87202b43d709cb328cedaf18c446af448f705c33d553e8c2e9f7,5170ec511fb50cdf10d648416d508574d70e9781ddf156a1b2a86d2b385e94dc,100,1729,maximum_first_20_then_half_top_6,2000.0,3000.0
kata1-b6c96-s5214720-d1690538-temp-0.5,50,885.426179899223,777.2494941068404,993.6028656916056,859.747739648877,25.678440250346057,2,a5803f8a5d9d87202b43d709cb328cedaf18c446af448f705c33d553e8c2e9f7,5170ec511fb50cdf10d648416d508574d70e9781ddf156a1b2a86d2b385e94dc,100,1729,maximum_first_20_then_half_top_6,2000.0,3000.0
kata1-b6c96-s5214720-d1690538-temp-0.5,52,873.1288385596907,766.875238306247,979.3824388131345,859.747739648877,13.381098910813762,2,a5803f8a5d9d87202b43d709cb328cedaf18c446af448f705c33d553e8c2e9f7,5170ec511fb50cdf10d648416d508574d70e9781ddf156a1b2a86d2b385e94dc,100,1729,maximum_first_20_then_half_top_6,2000.0,3000.0
kata1-b6c96-s5214720-d1690538-temp-0.5,54,858.5173888389197,754.0094559823143,963.0253216955251,859.747739648877,-1.2303508099572582,2,a5803f8a5d9d87202b43d709cb328cedaf18c446af448f705c33d553e8c2e9f7,5170ec511fb50cdf10d648416d508574d70e9781ddf156a1b2a86d2b385e94dc,100,1729,maximum_first_20_then_half_top_6,2000.0,3000.0
kata1-b6c96-s5214720-d1690538-temp-0.5,56,852.0425457929252,749.1195366570587,954.9655549287918,859.747739648877,-7.705193855951734,2,a5803f8a5d9d87202b43d709cb328cedaf18c446af448f705c33d553e8c2e9f7,5170ec511fb50cdf10d648416d508574d70e9781ddf156a1b2a86d2b385e94dc,100,1729,maximum_first_20_then_half_top_6,2000.0,3000.0
kata1-b6c96-s5214720-d1690538-temp-0.5,58,839.1473995578118,737.7315108606442,940.5632882549794,859.747739648877,-20.600340091065164,2,a5803f8a5d9d87202b43d709cb328cedaf18c446af448f705c33d553e8c2e9f7,5170ec511fb50cdf10d648416d508574d70e9781ddf156a1b2a86d2b385e94dc,100,1729,maximum_first_20_then_half_top_6,2000.0,3000.0
kata1-b6c96-s5214720-d1690538-temp-0.5,60,841.4338127716411,741.9591002034822,940.9085253398,859.747739648877,-18.313926877235872,2,a5803f8a5d9d87202b43d709cb328cedaf18c446af448f705c33d553e8c2e9f7,5170ec511fb50cdf10d648416d508574d70e9781ddf156a1b2a86d2b385e94dc,100,1729,maximum_first_20_then_half_top_6,2000.0,3000.0
kata1-b6c96-s5214720-d1690538-temp-0.5,62,848.5329490417549,750.6849675831864,946.3809305003234,859.747739648877,-11.21479060712204,2,a5803f8a5d9d87202b43d709cb328cedaf18c446af448f705c33d553e8c2e9f7,5170ec511fb50cdf10d648416d508574d70e9781ddf156a1b2a86d2b385e94dc,100,1729,maximum_first_20_then_half_top_6,2000.0,3000.0
kata1-b6c96-s5214720-d1690538-temp-0.5,64,868.4946095870537,772.5003792147671,964.4888399593402,859.747739648877,8.746869938176701,2,a5803f8a5d9d87202b43d709cb328cedaf18c446af448f705c33d553e8c2e9f7,5170ec511fb50cdf10d648416d508574d70e9781ddf156a1b2a86d2b385e94dc,100,1729,maximum_first_20_then_half_top_6,2000.0,3000.0
kata1-b6c96-s5214720-d1690538-temp-0.5,66,859.3426499153875,764.627957159191,954.0573426715839,859.747739648877,-0.40508973348948984,2,a5803f8a5d9d87202b43d709cb328cedaf18c446af448f705c33d553e8c2e9f7,5170ec511fb50cdf10d648416d508574d70e9781ddf156a1b2a86d2b385e94dc,100,1729,maximum_first_20_then_half_top_6,2000.0,3000.0
kata1-b6c96-s5214720-d1690538-temp-0.5,68,860.7152643573413,767.5544841342762,953.8760445804064,859.747739648877,0.9675247084643388,2,a5803f8a5d9d87202b43d709cb328cedaf18c446af448f705c33d553e8c2e9f7,5170ec511fb50cdf10d648416d508574d70e9781ddf156a1b2a86d2b385e94dc,100,1729,maximum_first_20_then_half_top_6,2000.0,3000.0
kata1-b6c96-s5214720-d1690538-temp-0.5,70,861.998710851673,770.311485930617,953.685935772729,859.747739648877,2.250971202795995,2,a5803f8a5d9d87202b43d709cb328cedaf18c446af448f705c33d553e8c2e9f7,5170ec511fb50cdf10d648416d508574d70e9781ddf156a1b2a86d2b385e94dc,100,1729,maximum_first_20_then_half_top_6,2000.0,3000.0
kata1-b6c96-s5214720-d1690538-temp-0.5,72,868.789981034197,778.4082067166266,959.1717553517674,859.747739648877,9.04224138532004,2,a5803f8a5d9d87202b43d709cb328cedaf18c446af448f705c33d553e8c2e9f7,5170ec511fb50cdf10d648416d508574d70e9781ddf156a1b2a86d2b385e94dc,100,1729,maximum_first_20_then_half_top_6,2000.0,3000.0
kata1-b6c96-s5214720-d1690538-temp-0.5,74,862.3995478700917,772.9943810801483,951.8047146600352,859.747739648877,2.6518082212147647,2,a5803f8a5d9d87202b43d709cb328cedaf18c446af448f705c33d553e8c2e9f7,5170ec511fb50cdf10d648416d508574d70e9781ddf156a1b2a86d2b385e94dc,100,1729,maximum_first_20_then_half_top_6,2000.0,3000.0
kata1-b6c96-s5214720-d1690538-temp-0.5,76,852.4126843227406,764.0394655257962,940.7859031196849,859.747739648877,-7.335055326136398,2,a5803f8a5d9d87202b43d709cb328cedaf18c446af448f705c33d553e8c2e9f7,5170ec511fb50cdf10d648416d508574d70e9781ddf156a1b2a86d2b385e94dc,100,1729,maximum_first_20_then_half_top_6,2000.0,3000.0
kata1-b6c96-s5214720-d1690538-temp-0.5,78,864.5557710352111,777.6801671393089,951.4313749311134,859.747739648877,4.808031386334164,2,a5803f8a5d9d87202b43d709cb328cedaf18c446af448f705c33d553e8c2e9f7,5170ec511fb50cdf10d648416d508574d70e9781ddf156a1b2a86d2b385e94dc,100,1729,maximum_first_20_then_half_top_6,2000.0,3000.0
kata1-b6c96-s5214720-d1690538-temp-0.5,80,855.0858651104759,769.1606640407562,941.0110661801956,859.747739648877,-4.661874538401094,2,a5803f8a5d9d87202b43d709cb328cedaf18c446af448f705c33d553e8c2e9f7,5170ec511fb50cdf10d648416d508574d70e9781ddf156a1b2a86d2b385e94dc,100,1729,maximum_first_20_then_half_top_6,2000.0,3000.0
kata1-b6c96-s5214720-d1690538-temp-0.5,82,856.2873220149578,771.5060563995178,941.0685876303978,859.747739648877,-3.460417633919178,2,a5803f8a5d9d87202b43d709cb328cedaf18c446af448f705c33d553e8c2e9f7,5170ec511fb50cdf10d648416d508574d70e9781ddf156a1b2a86d2b385e94dc,100,1729,maximum_first_20_then_half_top_6,2000.0,3000.0
kata1-b6c96-s5214720-d1690538-temp-0.5,84,862.2088203220148,778.475809284418,945.9418313596117,859.747739648877,2.4610806731378716,2,a5803f8a5d9d87202b43d709cb328cedaf18c446af448f705c33d553e8c2e9f7,5170ec511fb50cdf10d648416d508574d70e9781ddf156a1b2a86d2b385e94dc,100,1729,maximum_first_20_then_half_top_6,2000.0,3000.0
kata1-b6c96-s5214720-d1690538-temp-0.5,86,853.5002690687146,770.6242963364555,936.3762418009737,859.747739648877,-6.247470580162371,2,a5803f8a5d9d87202b43d709cb328cedaf18c446af448f705c33d553e8c2e9f7,5170ec511fb50cdf10d648416d508574d70e9781ddf156a1b2a86d2b385e94dc,100,1729,maximum_first_20_then_half_top_6,2000.0,3000.0
kata1-b6c96-s5214720-d1690538-temp-0.5,88,847.0574144005556,764.9521991100473,929.1626296910638,859.747739648877,-12.690325248321415,2,a5803f8a5d9d87202b43d709cb328cedaf18c446af448f705c33d553e8c2e9f7,5170ec511fb50cdf10d648416d508574d70e9781ddf156a1b2a86d2b385e94dc,100,1729,maximum_first_20_then_half_top_6,2000.0,3000.0
kata1-b6c96-s5214720-d1690538-temp-0.5,90,839.0601123908272,757.6996523063835,920.4205724752708,859.747739648877,-20.687627258049815,2,a5803f8a5d9d87202b43d709cb328cedaf18c446af448f705c33d553e8c2e9f7,5170ec511fb50cdf10d648416d508574d70e9781ddf156a1b2a86d2b385e94dc,100,1729,maximum_first_20_then_half_top_6,2000.0,3000.0
kata1-b6c96-s5214720-d1690538-temp-0.5,92,849.6221415889626,769.4601017283873,929.7841814495379,859.747739648877,-10.12559805991441,2,a5803f8a5d9d87202b43d709cb328cedaf18c446af448f705c33d553e8c2e9f7,5170ec511fb50cdf10d648416d508574d70e9781ddf156a1b2a86d2b385e94dc,100,1729,maximum_first_20_then_half_top_6,2000.0,3000.0
kata1-b6c96-s5214720-d1690538-temp-0.5,94,850.8339370658648,771.5864657203396,930.08140841139,859.747739648877,-8.91380258301217,2,a5803f8a5d9d87202b43d709cb328cedaf18c446af448f705c33d553e8c2e9f7,5170ec511fb50cdf10d648416d508574d70e9781ddf156a1b2a86d2b385e94dc,100,1729,maximum_first_20_then_half_top_6,2000.0,3000.0
kata1-b6c96-s5214720-d1690538-temp-0.5,96,856.0992762588065,777.7174381610524,934.4811143565606,859.747739648877,-3.6484633900704466,2,a5803f8a5d9d87202b43d709cb328cedaf18c446af448f705c33d553e8c2e9f7,5170ec511fb50cdf10d648416d508574d70e9781ddf156a1b2a86d2b385e94dc,100,1729,maximum_first_20_then_half_top_6,2000.0,3000.0
kata1-b6c96-s5214720-d1690538-temp-0.5,98,861.7947122809934,784.279868630601,939.3095559313858,859.747739648877,2.0469726321164217,2,a5803f8a5d9d87202b43d709cb328cedaf18c446af448f705c33d553e8c2e9f7,5170ec511fb50cdf10d648416d508574d70e9781ddf156a1b2a86d2b385e94dc,100,1729,maximum_first_20_then_half_top_6,2000.0,3000.0
kata1-b6c96-s5214720-d1690538-temp-0.5,100,862.6641762923362,785.963618656655,939.3647339280174,859.747739648877,2.9164366434591784,2,a5803f8a5d9d87202b43d709cb328cedaf18c446af448f705c33d553e8c2e9f7,5170ec511fb50cdf10d648416d508574d70e9781ddf156a1b2a86d2b385e94dc,100,1729,maximum_first_20_then_half_top_6,2000.0,3000.0
kata1-b6c96-s8080640-d1961030-temp-0.7,2,1154.4686339615703,-1282.1647683017293,3591.10203622487,997.4564556464111,157.0121783151592,2,a5803f8a5d9d87202b43d709cb328cedaf18c446af448f705c33d553e8c2e9f7,5170ec511fb50cdf10d648416d508574d70e9781ddf156a1b2a86d2b385e94dc,100,1729,maximum_first_20_then_half_top_6,2000.0,3000.0
kata1-b6c96-s8080640-d1961030-temp-0.7,4,1146.8193055627783,662.974242761884,1630.6643683636726,997.4564556464111,149.36284991636717,2,a5803f8a5d9d87202b43d709cb328cedaf18c446af448f705c33d553e8c2e9f7,5170ec511fb50cdf10d648416d508574d70e9781ddf156a1b2a86d2b385e94dc,100,1729,maximum_first_20_then_half_top_6,2000.0,3000.0
kata1-b6c96-s8080640-d1961030-temp-0.7,6,1146.6483143109947,800.8238401422675,1492.4727884797219,997.4564556464111,149.1918586645836,2,a5803f8a5d9d87202b43d709cb328cedaf18c446af448f705c33d553e8c2e9f7,5170ec511fb50cdf10d648416d508574d70e9781ddf156a1b2a86d2b385e94dc,100,1729,maximum_first_20_then_half_top_6,2000.0,3000.0
kata1-b6c96-s8080640-d1961030-temp-0.7,8,1021.7967430242458,721.2617775360086,1322.331708512483,997.4564556464111,24.34028737783467,2,a5803f8a5d9d87202b43d709cb328cedaf18c446af448f705c33d553e8c2e9f7,5170ec511fb50cdf10d648416d508574d70e9781ddf156a1b2a86d2b385e94dc,100,1729,maximum_first_20_then_half_top_6,2000.0,3000.0
kata1-b6c96-s8080640-d1961030-temp-0.7,10,1128.6206571539585,881.3939966099715,1375.8473176979455,997.4564556464111,131.16420150754743,2,a5803f8a5d9d87202b43d709cb328cedaf18c446af448f705c33d553e8c2e9f7,5170ec511fb50cdf10d648416d508574d70e9781ddf156a1b2a86d2b385e94dc,100,1729,maximum_first_20_then_half_top_6,2000.0,3000.0
kata1-b6c96-s8080640-d1961030-temp-0.7,12,1125.8445218789332,904.4865447558143,1347.202499002052,997.4564556464111,128.38806623252208,2,a5803f8a5d9d87202b43d709cb328cedaf18c446af448f705c33d553e8c2e9f7,5170ec511fb50cdf10d648416d508574d70e9781ddf156a1b2a86d2b385e94dc,100,1729,maximum_first_20_then_half_top_6,2000.0,3000.0
kata1-b6c96-s8080640-d1961030-temp-0.7,14,1123.99959963776,921.720376743687,1326.278822531833,997.4564556464111,126.54314399134887,2,a5803f8a5d9d87202b43d709cb328cedaf18c446af448f705c33d553e8c2e9f7,5170ec511fb50cdf10d648416d508574d70e9781ddf156a1b2a86d2b385e94dc,100,1729,maximum_first_20_then_half_top_6,2000.0,3000.0
kata1-b6c96-s8080640-d1961030-temp-0.7,16,1122.6502917395937,935.1866809070124,1310.113902572175,997.4564556464111,125.19383609318265,2,a5803f8a5d9d87202b43d709cb328cedaf18c446af448f705c33d553e8c2e9f7,5170ec511fb50cdf10d648416d508574d70e9781ddf156a1b2a86d2b385e94dc,100,1729,maximum_first_20_then_half_top_6,2000.0,3000.0
kata1-b6c96-s8080640-d1961030-temp-0.7,18,1121.6694959077945,946.1304245320038,1297.2085672835851,997.4564556464111,124.21304026138341,2,a5803f8a5d9d87202b43d709cb328cedaf18c446af448f705c33d553e8c2e9f7,5170ec511fb50cdf10d648416d508574d70e9781ddf156a1b2a86d2b385e94dc,100,1729,maximum_first_20_then_half_top_6,2000.0,3000.0
kata1-b6c96-s8080640-d1961030-temp-0.7,20,1080.2522490447864,913.5038138864343,1247.0006842031385,997.4564556464111,82.79579339837528,2,a5803f8a5d9d87202b43d709cb328cedaf18c446af448f705c33d553e8c2e9f7,5170ec511fb50cdf10d648416d508574d70e9781ddf156a1b2a86d2b385e94dc,100,1729,maximum_first_20_then_half_top_6,2000.0,3000.0
kata1-b6c96-s8080640-d1961030-temp-0.7,22,1079.4701618461736,921.2227077018753,1237.717615990472,997.4564556464111,82.01370619976251,2,a5803f8a5d9d87202b43d709cb328cedaf18c446af448f705c33d553e8c2e9f7,5170ec511fb50cdf10d648416d508574d70e9781ddf156a1b2a86d2b385e94dc,100,1729,maximum_first_20_then_half_top_6,2000.0,3000.0
kata1-b6c96-s8080640-d1961030-temp-0.7,24,1044.8969754601442,892.0987744581247,1197.6951764621635,997.4564556464111,47.44051981373309,2,a5803f8a5d9d87202b43d709cb328cedaf18c446af448f705c33d553e8c2e9f7,5170ec511fb50cdf10d648416d508574d70e9781ddf156a1b2a86d2b385e94dc,100,1729,maximum_first_20_then_half_top_6,2000.0,3000.0
kata1-b6c96-s8080640-d1961030-temp-0.7,26,1062.4698610869802,915.856775705781,1209.0829464681794,997.4564556464111,65.01340544056916,2,a5803f8a5d9d87202b43d709cb328cedaf18c446af448f705c33d553e8c2e9f7,5170ec511fb50cdf10d648416d508574d70e9781ddf156a1b2a86d2b385e94dc,100,1729,maximum_first_20_then_half_top_6,2000.0,3000.0
kata1-b6c96-s8080640-d1961030-temp-0.7,28,1037.298420046652,895.2126161375479,1179.384223955756,997.4564556464111,39.84196440024084,2,a5803f8a5d9d87202b43d709cb328cedaf18c446af448f705c33d553e8c2e9f7,5170ec511fb50cdf10d648416d508574d70e9781ddf156a1b2a86d2b385e94dc,100,1729,maximum_first_20_then_half_top_6,2000.0,3000.0
kata1-b6c96-s8080640-d1961030-temp-0.7,30,1017.5314111362981,879.007759778099,1156.0550624944972,997.4564556464111,20.074955489886975,2,a5803f8a5d9d87202b43d709cb328cedaf18c446af448f705c33d553e8c2e9f7,5170ec511fb50cdf10d648416d508574d70e9781ddf156a1b2a86d2b385e94dc,100,1729,maximum_first_20_then_half_top_6,2000.0,3000.0
kata1-b6c96-s8080640-d1961030-temp-0.7,32,1021.4430165602744,888.037656480838,1154.8483766397108,997.4564556464111,23.986560913863286,2,a5803f8a5d9d87202b43d709cb328cedaf18c446af448f705c33d553e8c2e9f7,5170ec511fb50cdf10d648416d508574d70e9781ddf156a1b2a86d2b385e94dc,100,1729,maximum_first_20_then_half_top_6,2000.0,3000.0
kata1-b6c96-s8080640-d1961030-temp-0.7,34,1006.7368329170794,875.9434208802136,1137.5302449539452,997.4564556464111,9.280377270668282,2,a5803f8a5d9d87202b43d709cb328cedaf18c446af448f705c33d553e8c2e9f7,5170ec511fb50cdf10d648416d508574d70e9781ddf156a1b2a86d2b385e94dc,100,1729,maximum_first_20_then_half_top_6,2000.0,3000.0
kata1-b6c96-s8080640-d1961030-temp-0.7,36,987.1581253871198,858.6813761278603,1115.634874646379,997.4564556464111,-10.298330259291333,2,a5803f8a5d9d87202b43d709cb328cedaf18c446af448f705c33d553e8c2e9f7,5170ec511fb50cdf10d648416d508574d70e9781ddf156a1b2a86d2b385e94dc,100,1729,maximum_first_20_then_half_top_6,2000.0,3000.0
kata1-b6c96-s8080640-d1961030-temp-0.7,38,979.9268256080345,854.4386884732602,1105.414962742809,997.4564556464111,-17.52963003837658,2,a5803f8a5d9d87202b43d709cb328cedaf18c446af448f705c33d553e8c2e9f7,5170ec511fb50cdf10d648416d508574d70e9781ddf156a1b2a86d2b385e94dc,100,1729,maximum_first_20_then_half_top_6,2000.0,3000.0
kata1-b6c96-s8080640-d1961030-temp-0.7,40,998.5031271305922,877.9563144432434,1119.049939817941,997.4564556464111,1.0466714841811608,2,a5803f8a5d9d87202b43d709cb328cedaf18c446af448f705c33d553e8c2e9f7,5170ec511fb50cdf10d648416d508574d70e9781ddf156a1b2a86d2b385e94dc,100,1729,maximum_first_20_then_half_top_6,2000.0,3000.0
kata1-b6c96-s8080640-d1961030-temp-0.7,42,994.6727171588325,877.0729209870212,1112.2725133306437,997.4564556464111,-2.783738487578603,2,a5803f8a5d9d87202b43d709cb328cedaf18c446af448f705c33d553e8c2e9f7,5170ec511fb50cdf10d648416d508574d70e9781ddf156a1b2a86d2b385e94dc,100,1729,maximum_first_20_then_half_top_6,2000.0,3000.0
kata1-b6c96-s8080640-d1961030-temp-0.7,44,1010.3538010282157,896.4270456392097,1124.2805564172218,997.4564556464111,12.897345381804598,2,a5803f8a5d9d87202b43d709cb328cedaf18c446af448f705c33d553e8c2e9f7,5170ec511fb50cdf10d648416d508574d70e9781ddf156a1b2a86d2b385e94dc,100,1729,maximum_first_20_then_half_top_6,2000.0,3000.0
kata1-b6c96-s8080640-d1961030-temp-0.7,46,1000.0602609227029,887.9111978714895,1112.2093239739163,997.4564556464111,2.603805276291837,2,a5803f8a5d9d87202b43d709cb328cedaf18c446af448f705c33d553e8c2e9f7,5170ec511fb50cdf10d648416d508574d70e9781ddf156a1b2a86d2b385e94dc,100,1729,maximum_first_20_then_half_top_6,2000.0,3000.0
kata1-b6c96-s8080640-d1961030-temp-0.7,48,996.6981606832521,886.9264756709325,1106.4698456955716,997.4564556464111,-0.75829496315896,2,a5803f8a5d9d87202b43d709cb328cedaf18c446af448f705c33d553e8c2e9f7,5170ec511fb50cdf10d648416d508574d70e9781ddf156a1b2a86d2b385e94dc,100,1729,maximum_first_20_then_half_top_6,2000.0,3000.0
kata1-b6c96-s8080640-d1961030-temp-0.7,50,983.3261295791318,875.2275593813906,1091.424699776873,997.4564556464111,-14.13032606727927,2,a5803f8a5d9d87202b43d709cb328cedaf18c446af448f705c33d553e8c2e9f7,5170ec511fb50cdf10d648416d508574d70e9781ddf156a1b2a86d2b385e94dc,100,1729,maximum_first_20_then_half_top_6,2000.0,3000.0
kata1-b6c96-s8080640-d1961030-temp-0.7,52,980.9269524052388,874.9999348422808,1086.853969968197,997.4564556464111,-16.52950324117228,2,a5803f8a5d9d87202b43d709cb328cedaf18c446af448f705c33d553e8c2e9f7,5170ec511fb50cdf10d648416d508574d70e9781ddf156a1b2a86d2b385e94dc,100,1729,maximum_first_20_then_half_top_6,2000.0,3000.0
kata1-b6c96-s8080640-d1961030-temp-0.7,54,994.2478087127065,891.0388398286568,1097.4567775967562,997.4564556464111,-3.2086469337045855,2,a5803f8a5d9d87202b43d709cb328cedaf18c446af448f705c33d553e8c2e9f7,5170ec511fb50cdf10d648416d508574d70e9781ddf156a1b2a86d2b385e94dc,100,1729,maximum_first_20_then_half_top_6,2000.0,3000.0
kata1-b6c96-s8080640-d1961030-temp-0.7,56,982.5401033456076,880.7782465939576,1084.3019600972575,997.4564556464111,-14.91635230080351,2,a5803f8a5d9d87202b43d709cb328cedaf18c446af448f705c33d553e8c2e9f7,5170ec511fb50cdf10d648416d508574d70e9781ddf156a1b2a86d2b385e94dc,100,1729,maximum_first_20_then_half_top_6,2000.0,3000.0
kata1-b6c96-s8080640-d1961030-temp-0.7,58,980.39624277719,880.4497858601837,1080.3426996941962,997.4564556464111,-17.060212869221118,2,a5803f8a5d9d87202b43d709cb328cedaf18c446af448f705c33d553e8c2e9f7,5170ec511fb50cdf10d648416d508574d70e9781ddf156a1b2a86d2b385e94dc,100,1729,maximum_first_20_then_half_top_6,2000.0,3000.0
kata1-b6c96-s8080640-d1961030-temp-0.7,60,978.4082025369463,880.1863013619485,1076.630103711944,997.4564556464111,-19.04825310946478,2,a5803f8a5d9d87202b43d709cb328cedaf18c446af448f705c33d553e8c2e9f7,5170ec511fb50cdf10d648416d508574d70e9781ddf156a1b2a86d2b385e94dc,100,1729,maximum_first_20_then_half_top_6,2000.0,3000.0
kata1-b6c96-s8080640-d1961030-temp-0.7,62,968.3547518502432,871.3321380223667,1065.3773656781198,997.4564556464111,-29.10170379616784,2,a5803f8a5d9d87202b43d709cb328cedaf18c446af448f705c33d553e8c2e9f7,5170ec511fb50cdf10d648416d508574d70e9781ddf156a1b2a86d2b385e94dc,100,1729,maximum_first_20_then_half_top_6,2000.0,3000.0
kata1-b6c96-s8080640-d1961030-temp-0.7,64,979.9567602482354,885.0369714322784,1074.8765490641922,997.4564556464111,-17.49969539817573,2,a5803f8a5d9d87202b43d709cb328cedaf18c446af448f705c33d553e8c2e9f7,5170ec511fb50cdf10d648416d508574d70e9781ddf156a1b2a86d2b385e94dc,100,1729,maximum_first_20_then_half_top_6,2000.0,3000.0
kata1-b6c96-s8080640-d1961030-temp-0.7,66,990.6738925338256,897.6077705182379,1083.7400145494132,997.4564556464111,-6.782563112585535,2,a5803f8a5d9d87202b43d709cb328cedaf18c446af448f705c33d553e8c2e9f7,5170ec511fb50cdf10d648416d508574d70e9781ddf156a1b2a86d2b385e94dc,100,1729,maximum_first_20_then_half_top_6,2000.0,3000.0
kata1-b6c96-s8080640-d1961030-temp-0.7,68,998.8772875907625,907.3343051405789,1090.4202700409462,997.4564556464111,1.4208319443514483,2,a5803f8a5d9d87202b43d709cb328cedaf18c446af448f705c33d553e8c2e9f7,5170ec511fb50cdf10d648416d508574d70e9781ddf156a1b2a86d2b385e94dc,100,1729,maximum_first_20_then_half_top_6,2000.0,3000.0
kata1-b6c96-s8080640-d1961030-temp-0.7,70,1003.3476085958459,913.1082806242995,1093.5869365673925,997.4564556464111,5.891152949434854,2,a5803f8a5d9d87202b43d709cb328cedaf18c446af448f705c33d553e8c2e9f7,5170ec511fb50cdf10d648416d508574d70e9781ddf156a1b2a86d2b385e94dc,100,1729,maximum_first_20_then_half_top_6,2000.0,3000.0
kata1-b6c96-s8080640-d1961030-temp-0.7,72,1016.7300547096552,928.0044933429148,1105.4556160763957,997.4564556464111,19.27359906324409,2,a5803f8a5d9d87202b43d709cb328cedaf18c446af448f705c33d553e8c2e9f7,5170ec511fb50cdf10d648416d508574d70e9781ddf156a1b2a86d2b385e94dc,100,1729,maximum_first_20_then_half_top_6,2000.0,3000.0
kata1-b6c96-s8080640-d1961030-temp-0.7,74,1021.3484026985643,933.7474451651151,1108.9493602320135,997.4564556464111,23.891947052153228,2,a5803f8a5d9d87202b43d709cb328cedaf18c446af448f705c33d553e8c2e9f7,5170ec511fb50cdf10d648416d508574d70e9781ddf156a1b2a86d2b385e94dc,100,1729,maximum_first_20_then_half_top_6,2000.0,3000.0
kata1-b6c96-s8080640-d1961030-temp-0.7,76,1022.8680024616914,936.4754070882601,1109.2605978351226,997.4564556464111,25.411546815280303,2,a5803f8a5d9d87202b43d709cb328cedaf18c446af448f705c33d553e8c2e9f7,5170ec511fb50cdf10d648416d508574d70e9781ddf156a1b2a86d2b385e94dc,100,1729,maximum_first_20_then_half_top_6,2000.0,3000.0
kata1-b6c96-s8080640-d1961030-temp-0.7,78,1015.071344259481,929.6581973549391,1100.4844911640228,997.4564556464111,17.614888613069866,2,a5803f8a5d9d87202b43d709cb328cedaf18c446af448f705c33d553e8c2e9f7,5170ec511fb50cdf10d648416d508574d70e9781ddf156a1b2a86d2b385e94dc,100,1729,maximum_first_20_then_half_top_6,2000.0,3000.0
kata1-b6c96-s8080640-d1961030-temp-0.7,80,1016.6432765726917,932.3498483518765,1100.9367047935068,997.4564556464111,19.186820926280575,2,a5803f8a5d9d87202b43d709cb328cedaf18c446af448f705c33d553e8c2e9f7,5170ec511fb50cdf10d648416d508574d70e9781ddf156a1b2a86d2b385e94dc,100,1729,maximum_first_20_then_half_top_6,2000.0,3000.0
kata1-b6c96-s8080640-d1961030-temp-0.7,82,1027.9102391552785,944.8238875647979,1110.9965907457592,997.4564556464111,30.453783508867446,2,a5803f8a5d9d87202b43d709cb328cedaf18c446af448f705c33d553e8c2e9f7,5170ec511fb50cdf10d648416d508574d70e9781ddf156a1b2a86d2b385e94dc,100,1729,maximum_first_20_then_half_top_6,2000.0,3000.0
kata1-b6c96-s8080640-d1961030-temp-0.7,84,1020.6014082513178,938.3888310922302,1102.8139854104054,997.4564556464111,23.144952604906734,2,a5803f8a5d9d87202b43d709cb328cedaf18c446af448f705c33d553e8c2e9f7,5170ec511fb50cdf10d648416d508574d70e9781ddf156a1b2a86d2b385e94dc,100,1729,maximum_first_20_then_half_top_6,2000.0,3000.0
kata1-b6c96-s8080640-d1961030-temp-0.7,86,1021.9428270057074,940.7185070475388,1103.167146963876,997.4564556464111,24.4863713592963,2,a5803f8a5d9d87202b43d709cb328cedaf18c446af448f705c33d553e8c2e9f7,5170ec511fb50cdf10d648416d508574d70e9781ddf156a1b2a86d2b385e94dc,100,1729,maximum_first_20_then_half_top_6,2000.0,3000.0
kata1-b6c96-s8080640-d1961030-temp-0.7,88,1024.2334168083012,943.9434871471238,1104.5233464694784,997.4564556464111,26.776961161890085,2,a5803f8a5d9d87202b43d709cb328cedaf18c446af448f705c33d553e8c2e9f7,5170ec511fb50cdf10d648416d508574d70e9781ddf156a1b2a86d2b385e94dc,100,1729,maximum_first_20_then_half_top_6,2000.0,3000.0
kata1-b6c96-s8080640-d1961030-temp-0.7,90,1016.5528164906171,937.0346972616061,1096.0709357196283,997.4564556464111,19.09636084420606,2,a5803f8a5d9d87202b43d709cb328cedaf18c446af448f705c33d553e8c2e9f7,5170ec511fb50cdf10d648416d508574d70e9781ddf156a1b2a86d2b385e94dc,100,1729,maximum_first_20_then_half_top_6,2000.0,3000.0
kata1-b6c96-s8080640-d1961030-temp-0.7,92,1013.5600317086949,934.8499541868732,1092.2701092305165,997.4564556464111,16.103576062283764,2,a5803f8a5d9d87202b43d709cb328cedaf18c446af448f705c33d553e8c2e9f7,5170ec511fb50cdf10d648416d508574d70e9781ddf156a1b2a86d2b385e94dc,100,1729,maximum_first_20_then_half_top_6,2000.0,3000.0
kata1-b6c96-s8080640-d1961030-temp-0.7,94,1023.3821567363938,945.6788012486767,1101.0855122241107,997.4564556464111,25.92570108998268,2,a5803f8a5d9d87202b43d709cb328cedaf18c446af448f705c33d553e8c2e9f7,5170ec511fb50cdf10d648416d508574d70e9781ddf156a1b2a86d2b385e94dc,100,1729,maximum_first_20_then_half_top_6,2000.0,3000.0
kata1-b6c96-s8080640-d1961030-temp-0.7,96,1017.1238892117326,940.0942248412263,1094.153553582239,997.4564556464111,19.667433565321517,2,a5803f8a5d9d87202b43d709cb328cedaf18c446af448f705c33d553e8c2e9f7,5170ec511fb50cdf10d648416d508574d70e9781ddf156a1b2a86d2b385e94dc,100,1729,maximum_first_20_then_half_top_6,2000.0,3000.0
kata1-b6c96-s8080640-d1961030-temp-0.7,98,1010.2395201836076,933.8514713522577,1086.6275690149575,997.4564556464111,12.783064537196537,2,a5803f8a5d9d87202b43d709cb328cedaf18c446af448f705c33d553e8c2e9f7,5170ec511fb50cdf10d648416d508574d70e9781ddf156a1b2a86d2b385e94dc,100,1729,maximum_first_20_then_half_top_6,2000.0,3000.0
kata1-b6c96-s8080640-d1961030-temp-0.7,100,1011.6125296094779,936.006092071346,1087.2189671476096,997.4564556464111,14.156073963066774,2,a5803f8a5d9d87202b43d709cb328cedaf18c446af448f705c33d553e8c2e9f7,5170ec511fb50cdf10d648416d508574d70e9781ddf156a1b2a86d2b385e94dc,100,1729,maximum_first_20_then_half_top_6,2000.0,3000.0
kata1-b6c96-s4136960-d1510003,2,1152.7974656342496,-1281.8293236752222,3587.4242549437213,1103.3176616901274,49.479803944122295,2,a5803f8a5d9d87202b43d709cb328cedaf18c446af448f705c33d553e8c2e9f7,5170ec511fb50cdf10d648416d508574d70e9781ddf156a1b2a86d2b385e94dc,100,1729,maximum_first_20_then_half_top_6,2000.0,3000.0
kata1-b6c96-s4136960-d1510003,4,1582.647066054958,974.7194306433557,2190.5747014665603,1103.3176616901274,479.3294043648307,2,a5803f8a5d9d87202b43d709cb328cedaf18c446af448f705c33d553e8c2e9f7,5170ec511fb50cdf10d648416d508574d70e9781ddf156a1b2a86d2b385e94dc,100,1729,maximum_first_20_then_half_top_6,2000.0,3000.0
kata1-b6c96-s4136960-d1510003,6,1353.7749385752284,964.1859983097057,1743.363878840751,1103.3176616901274,250.457276885101,2,a5803f8a5d9d87202b43d709cb328cedaf18c446af448f705c33d553e8c2e9f7,5170ec511fb50cdf10d648416d508574d70e9781ddf156a1b2a86d2b385e94dc,100,1729,maximum_first_20_then_half_top_6,2000.0,3000.0
kata1-b6c96-s4136960-d1510003,8,1351.8756169653973,1046.3649302219021,1657.3863037088925,1103.3176616901274,248.55795527526993,2,a5803f8a5d9d87202b43d709cb328cedaf18c446af448f705c33d553e8c2e9f7,5170ec511fb50cdf10d648416d508574d70e9781ddf156a1b2a86d2b385e94dc,100,1729,maximum_first_20_then_half_top_6,2000.0,3000.0
kata1-b6c96-s4136960-d1510003,10,1351.0417122930728,1091.2949256539807,1610.7884989321649,1103.3176616901274,247.72405060294545,2,a5803f8a5d9d87202b43d709cb328cedaf18c446af448f705c33d553e8c2e9f7,5170ec511fb50cdf10d648416d508574d70e9781ddf156a1b2a86d2b385e94dc,100,1729,maximum_first_20_then_half_top_6,2000.0,3000.0
kata1-b6c96-s4136960-d1510003,12,1270.7486338076324,1035.6387248424344,1505.8585427728303,1103.3176616901274,167.430972117505,2,a5803f8a5d9d87202b43d709cb328cedaf18c446af448f705c33d553e8c2e9f7,5170ec511fb50cdf10d648416d508574d70e9781ddf156a1b2a86d2b385e94dc,100,1729,maximum_first_20_then_half_top_6,2000.0,3000.0
kata1-b6c96-s4136960-d1510003,14,1194.3113959975583,972.5046086805909,1416.1181833145256,1103.3176616901274,90.99373430743094,2,a5803f8a5d9d87202b43d709cb328cedaf18c446af448f705c33d553e8c2e9f7,5170ec511fb50cdf10d648416d508574d70e9781ddf156a1b2a86d2b385e94dc,100,1729,maximum_first_20_then_half_top_6,2000.0,3000.0
kata1-b6c96-s4136960-d1510003,16,1137.215237455405,924.5786285645003,1349.8518463463097,1103.3176616901274,33.89757576527768,2,a5803f8a5d9d87202b43d709cb328cedaf18c446af448f705c33d553e8c2e9f7,5170ec511fb50cdf10d648416d508574d70e9781ddf156a1b2a86d2b385e94dc,100,1729,maximum_first_20_then_half_top_6,2000.0,3000.0
kata1-b6c96-s4136960-d1510003,18,1135.663441055099,939.8799274497159,1331.4469546604819,1103.3176616901274,32.34577936497158,2,a5803f8a5d9d87202b43d709cb328cedaf18c446af448f705c33d553e8c2e9f7,5170ec511fb50cdf10d648416d508574d70e9781ddf156a1b2a86d2b385e94dc,100,1729,maximum_first_20_then_half_top_6,2000.0,3000.0
kata1-b6c96-s4136960-d1510003,20,1109.3712717374497,923.3325791905258,1295.4099642843735,1103.3176616901274,6.053610047322309,2,a5803f8a5d9d87202b43d709cb328cedaf18c446af448f705c33d553e8c2e9f7,5170ec511fb50cdf10d648416d508574d70e9781ddf156a1b2a86d2b385e94dc,100,1729,maximum_first_20_then_half_top_6,2000.0,3000.0
kata1-b6c96-s4136960-d1510003,22,1064.9037394008396,883.5444488586025,1246.2630299430766,1103.3176616901274,-38.41392228928771,2,a5803f8a5d9d87202b43d709cb328cedaf18c446af448f705c33d553e8c2e9f7,5170ec511fb50cdf10d648416d508574d70e9781ddf156a1b2a86d2b385e94dc,100,1729,maximum_first_20_then_half_top_6,2000.0,3000.0
kata1-b6c96-s4136960-d1510003,24,1063.4320593639347,892.7363156499054,1234.127803077964,1103.3176616901274,-39.88560232619261,2,a5803f8a5d9d87202b43d709cb328cedaf18c446af448f705c33d553e8c2e9f7,5170ec511fb50cdf10d648416d508574d70e9781ddf156a1b2a86d2b385e94dc,100,1729,maximum_first_20_then_half_top_6,2000.0,3000.0
kata1-b6c96-s4136960-d1510003,26,1110.1632401300542,953.558344512221,1266.7681357478873,1103.3176616901274,6.84557843992684,2,a5803f8a5d9d87202b43d709cb328cedaf18c446af448f705c33d553e8c2e9f7,5170ec511fb50cdf10d648416d508574d70e9781ddf156a1b2a86d2b385e94dc,100,1729,maximum_first_20_then_half_top_6,2000.0,3000.0
kata1-b6c96-s4136960-d1510003,28,1078.1694530240932,925.5100321616211,1230.8288738865654,1103.3176616901274,-25.14820866603418,2,a5803f8a5d9d87202b43d709cb328cedaf18c446af448f705c33d553e8c2e9f7,5170ec511fb50cdf10d648416d508574d70e9781ddf156a1b2a86d2b385e94dc,100,1729,maximum_first_20_then_half_top_6,2000.0,3000.0
kata1-b6c96-s4136960-d1510003,30,1075.9801723481125,929.6820366551917,1222.2783080410334,1103.3176616901274,-27.337489342014806,2,a5803f8a5d9d87202b43d709cb328cedaf18c446af448f705c33d553e8c2e9f7,5170ec511fb50cdf10d648416d508574d70e9781ddf156a1b2a86d2b385e94dc,100,1729,maximum_first_20_then_half_top_6,2000.0,3000.0
kata1-b6c96-s4136960-d1510003,32,1102.7569189621502,964.2457042874179,1241.2681336368826,1103.3176616901274,-0.5607427279771855,2,a5803f8a5d9d87202b43d709cb328cedaf18c446af448f705c33d553e8c2e9f7,5170ec511fb50cdf10d648416d508574d70e9781ddf156a1b2a86d2b385e94dc,100,1729,maximum_first_20_then_half_top_6,2000.0,3000.0
kata1-b6c96-s4136960-d1510003,34,1104.5654982793462,971.0810471843301,1238.0499493743623,1103.3176616901274,1.2478365892188776,2,a5803f8a5d9d87202b43d709cb328cedaf18c446af448f705c33d553e8c2e9f7,5170ec511fb50cdf10d648416d508574d70e9781ddf156a1b2a86d2b385e94dc,100,1729,maximum_first_20_then_half_top_6,2000.0,3000.0
kata1-b6c96-s4136960-d1510003,36,1106.131172616559,977.1348498126839,1235.1274954204341,1103.3176616901274,2.813510926431718,2,a5803f8a5d9d87202b43d709cb328cedaf18c446af448f705c33d553e8c2e9f7,5170ec511fb50cdf10d648416d508574d70e9781ddf156a1b2a86d2b385e94dc,100,1729,maximum_first_20_then_half_top_6,2000.0,3000.0
kata1-b6c96-s4136960-d1510003,38,1098.9909358662965,973.3483229913546,1224.6335487412382,1103.3176616901274,-4.326725823830884,2,a5803f8a5d9d87202b43d709cb328cedaf18c446af448f705c33d553e8c2e9f7,5170ec511fb50cdf10d648416d508574d70e9781ddf156a1b2a86d2b385e94dc,100,1729,maximum_first_20_then_half_top_6,2000.0,3000.0
kata1-b6c96-s4136960-d1510003,40,1122.1815117042179,1001.0479633729349,1243.315060035501,1103.3176616901274,18.86385001409053,2,a5803f8a5d9d87202b43d709cb328cedaf18c446af448f705c33d553e8c2e9f7,5170ec511fb50cdf10d648416d508574d70e9781ddf156a1b2a86d2b385e94dc,100,1729,maximum_first_20_then_half_top_6,2000.0,3000.0
kata1-b6c96-s4136960-d1510003,42,1135.4377239781857,1017.4806591146264,1253.394788841745,1103.3176616901274,32.12006228805831,2,a5803f8a5d9d87202b43d709cb328cedaf18c446af448f705c33d553e8c2e9f7,5170ec511fb50cdf10d648416d508574d70e9781ddf156a1b2a86d2b385e94dc,100,1729,maximum_first_20_then_half_top_6,2000.0,3000.0
kata1-b6c96-s4136960-d1510003,44,1147.4249525094995,1032.1576305357892,1262.6922744832098,1103.3176616901274,44.10729081937211,2,a5803f8a5d9d87202b43d709cb328cedaf18c446af448f705c33d553e8c2e9f7,5170ec511fb50cdf10d648416d508574d70e9781ddf156a1b2a86d2b385e94dc,100,1729,maximum_first_20_then_half_top_6,2000.0,3000.0
kata1-b6c96-s4136960-d1510003,46,1129.5393208069254,1017.0301519419776,1242.0484896718733,1103.3176616901274,26.221659116798037,2,a5803f8a5d9d87202b43d709cb328cedaf18c446af448f705c33d553e8c2e9f7,5170ec511fb50cdf10d648416d508574d70e9781ddf156a1b2a86d2b385e94dc,100,1729,maximum_first_20_then_half_top_6,2000.0,3000.0
kata1-b6c96-s4136960-d1510003,48,1129.465105241945,1019.5927660640868,1239.337444419803,1103.3176616901274,26.14744355181756,2,a5803f8a5d9d87202b43d709cb328cedaf18c446af448f705c33d553e8c2e9f7,5170ec511fb50cdf10d648416d508574d70e9781ddf156a1b2a86d2b385e94dc,100,1729,maximum_first_20_then_half_top_6,2000.0,3000.0
kata1-b6c96-s4136960-d1510003,50,1112.7000486188745,1005.0396313057032,1220.3604659320458,1103.3176616901274,9.38238692874711,2,a5803f8a5d9d87202b43d709cb328cedaf18c446af448f705c33d553e8c2e9f7,5170ec511fb50cdf10d648416d508574d70e9781ddf156a1b2a86d2b385e94dc,100,1729,maximum_first_20_then_half_top_6,2000.0,3000.0
kata1-b6c96-s4136960-d1510003,52,1101.7302813746778,995.8933532461097,1207.567209503246,1103.3176616901274,-1.5873803154495363,2,a5803f8a5d9d87202b43d709cb328cedaf18c446af448f705c33d553e8c2e9f7,5170ec511fb50cdf10d648416d508574d70e9781ddf156a1b2a86d2b385e94dc,100,1729,maximum_first_20_then_half_top_6,2000.0,3000.0
kata1-b6c96-s4136960-d1510003,54,1087.3038323798728,983.182134608172,1191.4255301515736,1103.3176616901274,-16.01382931025455,2,a5803f8a5d9d87202b43d709cb328cedaf18c446af448f705c33d553e8c2e9f7,5170ec511fb50cdf10d648416d508574d70e9781ddf156a1b2a86d2b385e94dc,100,1729,maximum_first_20_then_half_top_6,2000.0,3000.0
kata1-b6c96-s4136960-d1510003,56,1093.0770755358124,990.966672081179,1195.1874789904457,1103.3176616901274,-10.240586154314997,2,a5803f8a5d9d87202b43d709cb328cedaf18c446af448f705c33d553e8c2e9f7,5170ec511fb50cdf10d648416d508574d70e9781ddf156a1b2a86d2b385e94dc,100,1729,maximum_first_20_then_half_top_6,2000.0,3000.0
kata1-b6c96-s4136960-d1510003,58,1076.8853781668643,976.1507276879704,1177.620028645758,1103.3176616901274,-26.432283523263095,2,a5803f8a5d9d87202b43d709cb328cedaf18c446af448f705c33d553e8c2e9f7,5170ec511fb50cdf10d648416d508574d70e9781ddf156a1b2a86d2b385e94dc,100,1729,maximum_first_20_then_half_top_6,2000.0,3000.0
kata1-b6c96-s4136960-d1510003,60,1082.708644111083,983.8031862153168,1181.6141020068492,1103.3176616901274,-20.609017579044348,2,a5803f8a5d9d87202b43d709cb328cedaf18c446af448f705c33d553e8c2e9f7,5170ec511fb50cdf10d648416d508574d70e9781ddf156a1b2a86d2b385e94dc,100,1729,maximum_first_20_then_half_top_6,2000.0,3000.0
kata1-b6c96-s4136960-d1510003,62,1081.610701348529,984.438206414248,1178.7831962828097,1103.3176616901274,-21.70696034159846,2,a5803f8a5d9d87202b43d709cb328cedaf18c446af448f705c33d553e8c2e9f7,5170ec511fb50cdf10d648416d508574d70e9781ddf156a1b2a86d2b385e94dc,100,1729,maximum_first_20_then_half_top_6,2000.0,3000.0
kata1-b6c96-s4136960-d1510003,64,1086.8753891129984,991.3332204745336,1182.4175577514632,1103.3176616901274,-16.44227257712896,2,a5803f8a5d9d87202b43d709cb328cedaf18c446af448f705c33d553e8c2e9f7,5170ec511fb50cdf10d648416d508574d70e9781ddf156a1b2a86d2b385e94dc,100,1729,maximum_first_20_then_half_top_6,2000.0,3000.0
kata1-b6c96-s4136960-d1510003,66,1085.6723934078736,991.6814938088335,1179.6632930069138,1103.3176616901274,-17.64526828225371,2,a5803f8a5d9d87202b43d709cb328cedaf18c446af448f705c33d553e8c2e9f7,5170ec511fb50cdf10d648416d508574d70e9781ddf156a1b2a86d2b385e94dc,100,1729,maximum_first_20_then_half_top_6,2000.0,3000.0
kata1-b6c96-s4136960-d1510003,68,1087.0925330039754,994.6366833993031,1179.5483826086477,1103.3176616901274,-16.225128686151947,2,a5803f8a5d9d87202b43d709cb328cedaf18c446af448f705c33d553e8c2e9f7,5170ec511fb50cdf10d648416d508574d70e9781ddf156a1b2a86d2b385e94dc,100,1729,maximum_first_20_then_half_top_6,2000.0,3000.0
kata1-b6c96-s4136960-d1510003,70,1085.9968645899805,994.9397466263811,1177.05398255358,1103.3176616901274,-17.32079710014682,2,a5803f8a5d9d87202b43d709cb328cedaf18c446af448f705c33d553e8c2e9f7,5170ec511fb50cdf10d648416d508574d70e9781ddf156a1b2a86d2b385e94dc,100,1729,maximum_first_20_then_half_top_6,2000.0,3000.0
kata1-b6c96-s4136960-d1510003,72,1084.9335456583035,995.212679818386,1174.654411498221,1103.3176616901274,-18.38411603182385,2,a5803f8a5d9d87202b43d709cb328cedaf18c446af448f705c33d553e8c2e9f7,5170ec511fb50cdf10d648416d508574d70e9781ddf156a1b2a86d2b385e94dc,100,1729,maximum_first_20_then_half_top_6,2000.0,3000.0
kata1-b6c96-s4136960-d1510003,74,1089.3475705763612,1000.878383944042,1177.8167572086804,1103.3176616901274,-13.970091113766102,2,a5803f8a5d9d87202b43d709cb328cedaf18c446af448f705c33d553e8c2e9f7,5170ec511fb50cdf10d648416d508574d70e9781ddf156a1b2a86d2b385e94dc,100,1729,maximum_first_20_then_half_top_6,2000.0,3000.0
kata1-b6c96-s4136960-d1510003,76,1099.0618761899443,1012.0566285367343,1186.0671238431544,1103.3176616901274,-4.255785500183038,2,a5803f8a5d9d87202b43d709cb328cedaf18c446af448f705c33d553e8c2e9f7,5170ec511fb50cdf10d648416d508574d70e9781ddf156a1b2a86d2b385e94dc,100,1729,maximum_first_20_then_half_top_6,2000.0,3000.0
kata1-b6c96-s4136960-d1510003,78,1110.272031417186,1024.640745670038,1195.903317164334,1103.3176616901274,6.954369727058747,2,a5803f8a5d9d87202b43d709cb328cedaf18c446af448f705c33d553e8c2e9f7,5170ec511fb50cdf10d648416d508574d70e9781ddf156a1b2a86d2b385e94dc,100,1729,maximum_first_20_then_half_top_6,2000.0,3000.0
kata1-b6c96-s4136960-d1510003,80,1107.0125446464888,1022.3716846589328,1191.6534046340446,1103.3176616901274,3.6948829563614254,2,a5803f8a5d9d87202b43d709cb328cedaf18c446af448f705c33d553e8c2e9f7,5170ec511fb50cdf10d648416d508574d70e9781ddf156a1b2a86d2b385e94dc,100,1729,maximum_first_20_then_half_top_6,2000.0,3000.0
kata1-b6c96-s4136960-d1510003,82,1110.3715076738217,1026.757398071181,1193.9856172764626,1103.3176616901274,7.053845983694373,2,a5803f8a5d9d87202b43d709cb328cedaf18c446af448f705c33d553e8c2e9f7,5170ec511fb50cdf10d648416d508574d70e9781ddf156a1b2a86d2b385e94dc,100,1729,maximum_first_20_then_half_top_6,2000.0,3000.0
kata1-b6c96-s4136960-d1510003,84,1110.8424561734519,1028.2740089578335,1193.4109033890702,1103.3176616901274,7.524794483324513,2,a5803f8a5d9d87202b43d709cb328cedaf18c446af448f705c33d553e8c2e9f7,5170ec511fb50cdf10d648416d508574d70e9781ddf156a1b2a86d2b385e94dc,100,1729,maximum_first_20_then_half_top_6,2000.0,3000.0
kata1-b6c96-s4136960-d1510003,86,1112.0245482917333,1030.4645483629256,1193.584548220541,1103.3176616901274,8.706886601605902,2,a5803f8a5d9d87202b43d709cb328cedaf18c446af448f705c33d553e8c2e9f7,5170ec511fb50cdf10d648416d508574d70e9781ddf156a1b2a86d2b385e94dc,100,1729,maximum_first_20_then_half_top_6,2000.0,3000.0
kata1-b6c96-s4136960-d1510003,88,1113.1120026087754,1032.5208816357965,1193.7031235817542,1103.3176616901274,9.794340918648004,2,a5803f8a5d9d87202b43d709cb328cedaf18c446af448f705c33d553e8c2e9f7,5170ec511fb50cdf10d648416d508574d70e9781ddf156a1b2a86d2b385e94dc,100,1729,maximum_first_20_then_half_top_6,2000.0,3000.0
kata1-b6c96-s4136960-d1510003,90,1122.3384203164107,1042.7643340895022,1201.9125065433193,1103.3176616901274,19.020758626283396,2,a5803f8a5d9d87202b43d709cb328cedaf18c446af448f705c33d553e8c2e9f7,5170ec511fb50cdf10d648416d508574d70e9781ddf156a1b2a86d2b385e94dc,100,1729,maximum_first_20_then_half_top_6,2000.0,3000.0
kata1-b6c96-s4136960-d1510003,92,1113.8016601523655,1035.0327881878927,1192.5705321168382,1103.3176616901274,10.483998462238105,2,a5803f8a5d9d87202b43d709cb328cedaf18c446af448f705c33d553e8c2e9f7,5170ec511fb50cdf10d648416d508574d70e9781ddf156a1b2a86d2b385e94dc,100,1729,maximum_first_20_then_half_top_6,2000.0,3000.0
kata1-b6c96-s4136960-d1510003,94,1122.5732422073804,1044.743482075892,1200.4030023388689,1103.3176616901274,19.255580517253065,2,a5803f8a5d9d87202b43d709cb328cedaf18c446af448f705c33d553e8c2e9f7,5170ec511fb50cdf10d648416d508574d70e9781ddf156a1b2a86d2b385e94dc,100,1729,maximum_first_20_then_half_top_6,2000.0,3000.0
kata1-b6c96-s4136960-d1510003,96,1130.9225012803445,1053.9616299060392,1207.8833726546497,1103.3176616901274,27.604839590217125,2,a5803f8a5d9d87202b43d709cb328cedaf18c446af448f705c33d553e8c2e9f7,5170ec511fb50cdf10d648416d508574d70e9781ddf156a1b2a86d2b385e94dc,100,1729,maximum_first_20_then_half_top_6,2000.0,3000.0
kata1-b6c96-s4136960-d1510003,98,1131.9873622738712,1055.7366905530762,1208.2380339946662,1103.3176616901274,28.66970058374386,2,a5803f8a5d9d87202b43d709cb328cedaf18c446af448f705c33d553e8c2e9f7,5170ec511fb50cdf10d648416d508574d70e9781ddf156a1b2a86d2b385e94dc,100,1729,maximum_first_20_then_half_top_6,2000.0,3000.0
kata1-b6c96-s4136960-d1510003,100,1132.5326705332095,1057.0561814634996,1208.0091596029195,1103.3176616901274,29.21500884308216,2,a5803f8a5d9d87202b43d709cb328cedaf18c446af448f705c33d553e8c2e9f7,5170ec511fb50cdf10d648416d508574d70e9781ddf156a1b2a86d2b385e94dc,100,1729,maximum_first_20_then_half_top_6,2000.0,3000.0
kata1-b6c96-s8080640-d1961030-temp-0.5,2,1157.9973964294559,-1282.7848681513078,3598.7796610102196,1246.7245142338181,-88.72711780436225,2,a5803f8a5d9d87202b43d709cb328cedaf18c446af448f705c33d553e8c2e9f7,5170ec511fb50cdf10d648416d508574d70e9781ddf156a1b2a86d2b385e94dc,100,1729,maximum_first_20_then_half_top_6,2000.0,3000.0
kata1-b6c96-s8080640-d1961030-temp-0.5,4,1163.1425346559106,680.1161776875742,1646.168891624247,1246.7245142338181,-83.58197957790753,2,a5803f8a5d9d87202b43d709cb328cedaf18c446af448f705c33d553e8c2e9f7,5170ec511fb50cdf10d648416d508574d70e9781ddf156a1b2a86d2b385e94dc,100,1729,maximum_first_20_then_half_top_6,2000.0,3000.0
kata1-b6c96-s8080640-d1961030-temp-0.5,6,1352.6029382830939,970.130498083122,1735.0753784830658,1246.7245142338181,105.87842404927574,2,a5803f8a5d9d87202b43d709cb328cedaf18c446af448f705c33d553e8c2e9f7,5170ec511fb50cdf10d648416d508574d70e9781ddf156a1b2a86d2b385e94dc,100,1729,maximum_first_20_then_half_top_6,2000.0,3000.0
kata1-b6c96-s8080640-d1961030-temp-0.5,8,1353.002268717798,1050.9747720217988,1655.0297654137971,1246.7245142338181,106.27775448397983,2,a5803f8a5d9d87202b43d709cb328cedaf18c446af448f705c33d553e8c2e9f7,5170ec511fb50cdf10d648416d508574d70e9781ddf156a1b2a86d2b385e94dc,100,1729,maximum_first_20_then_half_top_6,2000.0,3000.0
kata1-b6c96-s8080640-d1961030-temp-0.5,10,1257.3099332771885,1004.6782196917002,1509.9416468626769,1246.7245142338181,10.585419043370393,2,a5803f8a5d9d87202b43d709cb328cedaf18c446af448f705c33d553e8c2e9f7,5170ec511fb50cdf10d648416d508574d70e9781ddf156a1b2a86d2b385e94dc,100,1729,maximum_first_20_then_half_top_6,2000.0,3000.0
kata1-b6c96-s8080640-d1961030-temp-0.5,12,1254.306487401633,1029.2133633645915,1479.3996114386744,1246.7245142338181,7.581973167814795,2,a5803f8a5d9d87202b43d709cb328cedaf18c446af448f705c33d553e8c2e9f7,5170ec511fb50cdf10d648416d508574d70e9781ddf156a1b2a86d2b385e94dc,100,1729,maximum_first_20_then_half_top_6,2000.0,3000.0
kata1-b6c96-s8080640-d1961030-temp-0.5,14,1189.3716661334765,981.2558474442271,1397.487484822726,1246.7245142338181,-57.35284810034159,2,a5803f8a5d9d87202b43d709cb328cedaf18c446af448f705c33d553e8c2e9f7,5170ec511fb50cdf10d648416d508574d70e9781ddf156a1b2a86d2b385e94dc,100,1729,maximum_first_20_then_half_top_6,2000.0,3000.0
kata1-b6c96-s8080640-d1961030-temp-0.5,16,1239.3684100444161,1048.9948755019902,1429.741944586842,1246.7245142338181,-7.356104189402004,2,a5803f8a5d9d87202b43d709cb328cedaf18c446af448f705c33d553e8c2e9f7,5170ec511fb50cdf10d648416d508574d70e9781ddf156a1b2a86d2b385e94dc,100,1729,maximum_first_20_then_half_top_6,2000.0,3000.0
kata1-b6c96-s8080640-d1961030-temp-0.5,18,1192.9415699362448,1013.6039229860921,1372.2792168863975,1246.7245142338181,-53.782944297573295,2,a5803f8a5d9d87202b43d709cb328cedaf18c446af448f705c33d553e8c2e9f7,5170ec511fb50cdf10d648416d508574d70e9781ddf156a1b2a86d2b385e94dc,100,1729,maximum_first_20_then_half_top_6,2000.0,3000.0
kata1-b6c96-s8080640-d1961030-temp-0.5,20,1210.3506235812195,1042.0585355191022,1378.6427116433367,1246.7245142338181,-36.373890652598675,2,a5803f8a5d9d87202b43d709cb328cedaf18c446af448f705c33d553e8c2e9f7,5170ec511fb50cdf10d648416d508574d70e9781ddf156a1b2a86d2b385e94dc,100,1729,maximum_first_20_then_half_top_6,2000.0,3000.0
kata1-b6c96-s8080640-d1961030-temp-0.5,22,1251.0191080036418,1091.630017658437,1410.4081983488466,1246.7245142338181,4.294593769823678,2,a5803f8a5d9d87202b43d709cb328cedaf18c446af448f705c33d553e8c2e9f7,5170ec511fb50cdf10d648416d508574d70e9781ddf156a1b2a86d2b385e94dc,100,1729,maximum_first_20_then_half_top_6,2000.0,3000.0
kata1-b6c96-s8080640-d1961030-temp-0.5,24,1205.9705012071674,1053.5600905204856,1358.3809118938493,1246.7245142338181,-40.75401302665068,2,a5803f8a5d9d87202b43d709cb328cedaf18c446af448f705c33d553e8c2e9f7,5170ec511fb50cdf10d648416d508574d70e9781ddf156a1b2a86d2b385e94dc,100,1729,maximum_first_20_then_half_top_6,2000.0,3000.0
kata1-b6c96-s8080640-d1961030-temp-0.5,26,1240.176306396193,1094.385689581203,1385.966923211183,1246.7245142338181,-6.548207837625114,2,a5803f8a5d9d87202b43d709cb328cedaf18c446af448f705c33d553e8c2e9f7,5170ec511fb50cdf10d648416d508574d70e9781ddf156a1b2a86d2b385e94dc,100,1729,maximum_first_20_then_half_top_6,2000.0,3000.0
kata1-b6c96-s8080640-d1961030-temp-0.5,28,1211.8042693079867,1071.6657348543874,1351.942803761586,1246.7245142338181,-34.92024492583141,2,a5803f8a5d9d87202b43d709cb328cedaf18c446af448f705c33d553e8c2e9f7,5170ec511fb50cdf10d648416d508574d70e9781ddf156a1b2a86d2b385e94dc,100,1729,maximum_first_20_then_half_top_6,2000.0,3000.0
kata1-b6c96-s8080640-d1961030-temp-0.5,30,1214.0914610989812,1079.0314154174068,1349.1515067805556,1246.7245142338181,-32.63305313483693,2,a5803f8a5d9d87202b43d709cb328cedaf18c446af448f705c33d553e8c2e9f7,5170ec511fb50cdf10d648416d508574d70e9781ddf156a1b2a86d2b385e94dc,100,1729,maximum_first_20_then_half_top_6,2000.0,3000.0
kata1-b6c96-s8080640-d1961030-temp-0.5,32,1216.066630256118,1085.5458263936603,1346.5874341185759,1246.7245142338181,-30.657883977700067,2,a5803f8a5d9d87202b43d709cb328cedaf18c446af448f705c33d553e8c2e9f7,5170ec511fb50cdf10d648416d508574d70e9781ddf156a1b2a86d2b385e94dc,100,1729,maximum_first_20_then_half_top_6,2000.0,3000.0
kata1-b6c96-s8080640-d1961030-temp-0.5,34,1240.8384224559807,1114.459340428132,1367.2175044838293,1246.7245142338181,-5.886091777837464,2,a5803f8a5d9d87202b43d709cb328cedaf18c446af448f705c33d553e8c2e9f7,5170ec511fb50cdf10d648416d508574d70e9781ddf156a1b2a86d2b385e94dc,100,1729,maximum_first_20_then_half_top_6,2000.0,3000.0
kata1-b6c96-s8080640-d1961030-temp-0.5,36,1262.6596124597575,1139.6496804275569,1385.669544491958,1246.7245142338181,15.935098225939328,2,a5803f8a5d9d87202b43d709cb328cedaf18c446af448f705c33d553e8c2e9f7,5170ec511fb50cdf10d648416d508574d70e9781ddf156a1b2a86d2b385e94dc,100,1729,maximum_first_20_then_half_top_6,2000.0,3000.0
kata1-b6c96-s8080640-d1961030-temp-0.5,38,1241.0445366714132,1121.7448398554682,1360.3442334873582,1246.7245142338181,-5.679977562404929,2,a5803f8a5d9d87202b43d709cb328cedaf18c446af448f705c33d553e8c2e9f7,5170ec511fb50cdf10d648416d508574d70e9781ddf156a1b2a86d2b385e94dc,100,1729,maximum_first_20_then_half_top_6,2000.0,3000.0
kata1-b6c96-s8080640-d1961030-temp-0.5,40,1241.1156229866804,1124.912864440008,1357.3183815333527,1246.7245142338181,-5.6088912471377625,2,a5803f8a5d9d87202b43d709cb328cedaf18c446af448f705c33d553e8c2e9f7,5170ec511fb50cdf10d648416d508574d70e9781ddf156a1b2a86d2b385e94dc,100,1729,maximum_first_20_then_half_top_6,2000.0,3000.0
kata1-b6c96-s8080640-d1961030-temp-0.5,42,1234.0469562464023,1120.458821970734,1347.6350905220704,1246.7245142338181,-12.677557987415867,2,a5803f8a5d9d87202b43d709cb328cedaf18c446af448f705c33d553e8c2e9f7,5170ec511fb50cdf10d648416d508574d70e9781ddf156a1b2a86d2b385e94dc,100,1729,maximum_first_20_then_half_top_6,2000.0,3000.0
kata1-b6c96-s8080640-d1961030-temp-0.5,44,1248.3535162533594,1137.2035058135634,1359.5035266931554,1246.7245142338181,1.6290020195413035,2,a5803f8a5d9d87202b43d709cb328cedaf18c446af448f705c33d553e8c2e9f7,5170ec511fb50cdf10d648416d508574d70e9781ddf156a1b2a86d2b385e94dc,100,1729,maximum_first_20_then_half_top_6,2000.0,3000.0
kata1-b6c96-s8080640-d1961030-temp-0.5,46,1264.945216170548,1155.9176239571975,1373.9728083838986,1246.7245142338181,18.220701936729938,2,a5803f8a5d9d87202b43d709cb328cedaf18c446af448f705c33d553e8c2e9f7,5170ec511fb50cdf10d648416d508574d70e9781ddf156a1b2a86d2b385e94dc,100,1729,maximum_first_20_then_half_top_6,2000.0,3000.0
kata1-b6c96-s8080640-d1961030-temp-0.5,48,1274.4134772264251,1167.068586453213,1381.7583679996374,1246.7245142338181,27.688962992607003,2,a5803f8a5d9d87202b43d709cb328cedaf18c446af448f705c33d553e8c2e9f7,5170ec511fb50cdf10d648416d508574d70e9781ddf156a1b2a86d2b385e94dc,100,1729,maximum_first_20_then_half_top_6,2000.0,3000.0
kata1-b6c96-s8080640-d1961030-temp-0.5,50,1283.2513741442824,1177.3978254499452,1389.1049228386196,1246.7245142338181,36.52685991046428,2,a5803f8a5d9d87202b43d709cb328cedaf18c446af448f705c33d553e8c2e9f7,5170ec511fb50cdf10d648416d508574d70e9781ddf156a1b2a86d2b385e94dc,100,1729,maximum_first_20_then_half_top_6,2000.0,3000.0
kata1-b6c96-s8080640-d1961030-temp-0.5,52,1270.8253319422242,1167.5565421869012,1374.0941216975473,1246.7245142338181,24.10081770840611,2,a5803f8a5d9d87202b43d709cb328cedaf18c446af448f705c33d553e8c2e9f7,5170ec511fb50cdf10d648416d508574d70e9781ddf156a1b2a86d2b385e94dc,100,1729,maximum_first_20_then_half_top_6,2000.0,3000.0
kata1-b6c96-s8080640-d1961030-temp-0.5,54,1255.2597651909205,1154.374745072607,1356.1447853092338,1246.7245142338181,8.535250957102335,2,a5803f8a5d9d87202b43d709cb328cedaf18c446af448f705c33d553e8c2e9f7,5170ec511fb50cdf10d648416d508574d70e9781ddf156a1b2a86d2b385e94dc,100,1729,maximum_first_20_then_half_top_6,2000.0,3000.0
kata1-b6c96-s8080640-d1961030-temp-0.5,56,1237.7654879932327,1138.954316031274,1336.5766599551914,1246.7245142338181,-8.959026240585445,2,a5803f8a5d9d87202b43d709cb328cedaf18c446af448f705c33d553e8c2e9f7,5170ec511fb50cdf10d648416d508574d70e9781ddf156a1b2a86d2b385e94dc,100,1729,maximum_first_20_then_half_top_6,2000.0,3000.0
kata1-b6c96-s8080640-d1961030-temp-0.5,58,1246.367366821904,1148.972368262308,1343.7623653814999,1246.7245142338181,-0.357147411914184,2,a5803f8a5d9d87202b43d709cb328cedaf18c446af448f705c33d553e8c2e9f7,5170ec511fb50cdf10d648416d508574d70e9781ddf156a1b2a86d2b385e94dc,100,1729,maximum_first_20_then_half_top_6,2000.0,3000.0
kata1-b6c96-s8080640-d1961030-temp-0.5,60,1246.2528896330714,1150.507436449931,1341.9983428162118,1246.7245142338181,-0.4716246007467362,2,a5803f8a5d9d87202b43d709cb328cedaf18c446af448f705c33d553e8c2e9f7,5170ec511fb50cdf10d648416d508574d70e9781ddf156a1b2a86d2b385e94dc,100,1729,maximum_first_20_then_half_top_6,2000.0,3000.0
kata1-b6c96-s8080640-d1961030-temp-0.5,62,1249.9465603184153,1155.6314973948472,1344.2616232419834,1246.7245142338181,3.2220460845971957,2,a5803f8a5d9d87202b43d709cb328cedaf18c446af448f705c33d553e8c2e9f7,5170ec511fb50cdf10d648416d508574d70e9781ddf156a1b2a86d2b385e94dc,100,1729,maximum_first_20_then_half_top_6,2000.0,3000.0
kata1-b6c96-s8080640-d1961030-temp-0.5,64,1237.6688520900866,1144.9974657390708,1330.3402384411024,1246.7245142338181,-9.055662143731524,2,a5803f8a5d9d87202b43d709cb328cedaf18c446af448f705c33d553e8c2e9f7,5170ec511fb50cdf10d648416d508574d70e9781ddf156a1b2a86d2b385e94dc,100,1729,maximum_first_20_then_half_top_6,2000.0,3000.0
kata1-b6c96-s8080640-d1961030-temp-0.5,66,1235.2770294407999,1144.0119688747689,1326.542090006831,1246.7245142338181,-11.447484793018248,2,a5803f8a5d9d87202b43d709cb328cedaf18c446af448f705c33d553e8c2e9f7,5170ec511fb50cdf10d648416d508574d70e9781ddf156a1b2a86d2b385e94dc,100,1729,maximum_first_20_then_half_top_6,2000.0,3000.0
kata1-b6c96-s8080640-d1961030-temp-0.5,68,1235.5027816393501,1145.5734932474375,1325.4320700312628,1246.7245142338181,-11.221732594467994,2,a5803f8a5d9d87202b43d709cb328cedaf18c446af448f705c33d553e8c2e9f7,5170ec511fb50cdf10d648416d508574d70e9781ddf156a1b2a86d2b385e94dc,100,1729,maximum_first_20_then_half_top_6,2000.0,3000.0
kata1-b6c96-s8080640-d1961030-temp-0.5,70,1235.743294466484,1147.0841907698214,1324.4023981631467,1246.7245142338181,-10.981219767334096,2,a5803f8a5d9d87202b43d709cb328cedaf18c446af448f705c33d553e8c2e9f7,5170ec511fb50cdf10d648416d508574d70e9781ddf156a1b2a86d2b385e94dc,100,1729,maximum_first_20_then_half_top_6,2000.0,3000.0
kata1-b6c96-s8080640-d1961030-temp-0.5,72,1235.9404387395334,1148.4946034126517,1323.3862740664151,1246.7245142338181,-10.784075494284707,2,a5803f8a5d9d87202b43d709cb328cedaf18c446af448f705c33d553e8c2e9f7,5170ec511fb50cdf10d648416d508574d70e9781ddf156a1b2a86d2b385e94dc,100,1729,maximum_first_20_then_half_top_6,2000.0,3000.0
kata1-b6c96-s8080640-d1961030-temp-0.5,74,1225.851223628834,1139.6090756646045,1312.0933715930637,1246.7245142338181,-20.87329060498405,2,a5803f8a5d9d87202b43d709cb328cedaf18c446af448f705c33d553e8c2e9f7,5170ec511fb50cdf10d648416d508574d70e9781ddf156a1b2a86d2b385e94dc,100,1729,maximum_first_20_then_half_top_6,2000.0,3000.0
kata1-b6c96-s8080640-d1961030-temp-0.5,76,1224.110813261714,1138.9840075734623,1309.2376189499655,1246.7245142338181,-22.613700972104198,2,a5803f8a5d9d87202b43d709cb328cedaf18c446af448f705c33d553e8c2e9f7,5170ec511fb50cdf10d648416d508574d70e9781ddf156a1b2a86d2b385e94dc,100,1729,maximum_first_20_then_half_top_6,2000.0,3000.0
kata1-b6c96-s8080640-d1961030-temp-0.5,78,1222.4668700571538,1138.4091274554003,1306.5246126589072,1246.7245142338181,-24.25764417666437,2,a5803f8a5d9d87202b43d709cb328cedaf18c446af448f705c33d553e8c2e9f7,5170ec511fb50cdf10d648416d508574d70e9781ddf156a1b2a86d2b385e94dc,100,1729,maximum_first_20_then_half_top_6,2000.0,3000.0
kata1-b6c96-s8080640-d1961030-temp-0.5,80,1220.9117579906474,1137.8797272869185,1303.9437886943763,1246.7245142338181,-25.812756243170725,2,a5803f8a5d9d87202b43d709cb328cedaf18c446af448f705c33d553e8c2e9f7,5170ec511fb50cdf10d648416d508574d70e9781ddf156a1b2a86d2b385e94dc,100,1729,maximum_first_20_then_half_top_6,2000.0,3000.0
kata1-b6c96-s8080640-d1961030-temp-0.5,82,1218.6409330384247,1136.594659433471,1300.6872066433784,1246.7245142338181,-28.083581195393435,2,a5803f8a5d9d87202b43d709cb328cedaf18c446af448f705c33d553e8c2e9f7,5170ec511fb50cdf10d648416d508574d70e9781ddf156a1b2a86d2b385e94dc,100,1729,maximum_first_20_then_half_top_6,2000.0,3000.0
kata1-b6c96-s8080640-d1961030-temp-0.5,84,1226.3932904274131,1145.2573051668412,1307.529275687985,1246.7245142338181,-20.331223806404978,2,a5803f8a5d9d87202b43d709cb328cedaf18c446af448f705c33d553e8c2e9f7,5170ec511fb50cdf10d648416d508574d70e9781ddf156a1b2a86d2b385e94dc,100,1729,maximum_first_20_then_half_top_6,2000.0,3000.0
kata1-b6c96-s8080640-d1961030-temp-0.5,86,1232.3868056455117,1152.0512132838865,1312.722398007137,1246.7245142338181,-14.337708588306441,2,a5803f8a5d9d87202b43d709cb328cedaf18c446af448f705c33d553e8c2e9f7,5170ec511fb50cdf10d648416d508574d70e9781ddf156a1b2a86d2b385e94dc,100,1729,maximum_first_20_then_half_top_6,2000.0,3000.0
kata1-b6c96-s8080640-d1961030-temp-0.5,88,1235.248405995544,1155.721277781252,1314.7755342098362,1246.7245142338181,-11.476108238274037,2,a5803f8a5d9d87202b43d709cb328cedaf18c446af448f705c33d553e8c2e9f7,5170ec511fb50cdf10d648416d508574d70e9781ddf156a1b2a86d2b385e94dc,100,1729,maximum_first_20_then_half_top_6,2000.0,3000.0
kata1-b6c96-s8080640-d1961030-temp-0.5,90,1242.1285321462342,1163.357437334863,1320.8996269576053,1246.7245142338181,-4.595982087583934,2,a5803f8a5d9d87202b43d709cb328cedaf18c446af448f705c33d553e8c2e9f7,5170ec511fb50cdf10d648416d508574d70e9781ddf156a1b2a86d2b385e94dc,100,1729,maximum_first_20_then_half_top_6,2000.0,3000.0
kata1-b6c96-s8080640-d1961030-temp-0.5,92,1233.8919503822226,1156.0403841537711,1311.743516610674,1246.7245142338181,-12.832563851595523,2,a5803f8a5d9d87202b43d709cb328cedaf18c446af448f705c33d553e8c2e9f7,5170ec511fb50cdf10d648416d508574d70e9781ddf156a1b2a86d2b385e94dc,100,1729,maximum_first_20_then_half_top_6,2000.0,3000.0
kata1-b6c96-s8080640-d1961030-temp-0.5,94,1226.0472926891916,1149.0436838586381,1303.0509015197451,1246.7245142338181,-20.67722154462649,2,a5803f8a5d9d87202b43d709cb328cedaf18c446af448f705c33d553e8c2e9f7,5170ec511fb50cdf10d648416d508574d70e9781ddf156a1b2a86d2b385e94dc,100,1729,maximum_first_20_then_half_top_6,2000.0,3000.0
kata1-b6c96-s8080640-d1961030-temp-0.5,96,1232.134012742502,1155.8494110007096,1308.4186144842943,1246.7245142338181,-14.590501491316218,2,a5803f8a5d9d87202b43d709cb328cedaf18c446af448f705c33d553e8c2e9f7,5170ec511fb50cdf10d648416d508574d70e9781ddf156a1b2a86d2b385e94dc,100,1729,maximum_first_20_then_half_top_6,2000.0,3000.0
kata1-b6c96-s8080640-d1961030-temp-0.5,98,1221.3193317899163,1145.8106668561732,1296.8279967236595,1246.7245142338181,-25.405182443901822,2,a5803f8a5d9d87202b43d709cb328cedaf18c446af448f705c33d553e8c2e9f7,5170ec511fb50cdf10d648416d508574d70e9781ddf156a1b2a86d2b385e94dc,100,1729,maximum_first_20_then_half_top_6,2000.0,3000.0
kata1-b6c96-s8080640-d1961030-temp-0.5,100,1210.1250367667901,1135.2994848945925,1284.9505886389877,1246.7245142338181,-36.59947746702801,2,a5803f8a5d9d87202b43d709cb328cedaf18c446af448f705c33d553e8c2e9f7,5170ec511fb50cdf10d648416d508574d70e9781ddf156a1b2a86d2b385e94dc,100,1729,maximum_first_20_then_half_top_6,2000.0,3000.0
kata1-b6c96-s8982784-d2082583-temp-0.5,2,1165.632923629068,-1284.290667931155,3615.556515189291,1364.6826124924817,-199.04968886341362,2,a5803f8a5d9d87202b43d709cb328cedaf18c446af448f705c33d553e8c2e9f7,5170ec511fb50cdf10d648416d508574d70e9781ddf156a1b2a86d2b385e94dc,100,1729,maximum_first_20_then_half_top_6,2000.0,3000.0
kata1-b6c96-s8982784-d2082583-temp-0.5,4,1170.3022065524428,687.1331674089674,1653.4712456959182,1364.6826124924817,-194.38040594003883,2,a5803f8a5d9d87202b43d709cb328cedaf18c446af448f705c33d553e8c2e9f7,5170ec511fb50cdf10d648416d508574d70e9781ddf156a1b2a86d2b385e94dc,100,1729,maximum_first_20_then_half_top_6,2000.0,3000.0
kata1-b6c96-s8982784-d2082583-temp-0.5,6,1359.8877823324576,977.2224816614671,1742.5530830034481,1364.6826124924817,-4.794830160024048,2,a5803f8a5d9d87202b43d709cb328cedaf18c446af448f705c33d553e8c2e9f7,5170ec511fb50cdf10d648416d508574d70e9781ddf156a1b2a86d2b385e94dc,100,1729,maximum_first_20_then_half_top_6,2000.0,3000.0
kata1-b6c96-s8982784-d2082583-temp-0.5,8,1536.4338870068414,1186.604594533711,1886.2631794799718,1364.6826124924817,171.7512745143597,2,a5803f8a5d9d87202b43d709cb328cedaf18c446af448f705c33d553e8c2e9f7,5170ec511fb50cdf10d648416d508574d70e9781ddf156a1b2a86d2b385e94dc,100,1729,maximum_first_20_then_half_top_6,2000.0,3000.0
kata1-b6c96-s8982784-d2082583-temp-0.5,10,1419.097928105042,1151.122664406708,1687.073191803376,1364.6826124924817,54.415315612560335,2,a5803f8a5d9d87202b43d709cb328cedaf18c446af448f705c33d553e8c2e9f7,5170ec511fb50cdf10d648416d508574d70e9781ddf156a1b2a86d2b385e94dc,100,1729,maximum_first_20_then_half_top_6,2000.0,3000.0
kata1-b6c96-s8982784-d2082583-temp-0.5,12,1417.0804665813948,1181.713999912398,1652.4469332503916,1364.6826124924817,52.397854088913164,2,a5803f8a5d9d87202b43d709cb328cedaf18c446af448f705c33d553e8c2e9f7,5170ec511fb50cdf10d648416d508574d70e9781ddf156a1b2a86d2b385e94dc,100,1729,maximum_first_20_then_half_top_6,2000.0,3000.0
kata1-b6c96-s8982784-d2082583-temp-0.5,14,1415.835314842818,1203.3572550473168,1628.3133746383191,1364.6826124924817,51.15270235033631,2,a5803f8a5d9d87202b43d709cb328cedaf18c446af448f705c33d553e8c2e9f7,5170ec511fb50cdf10d648416d508574d70e9781ddf156a1b2a86d2b385e94dc,100,1729,maximum_first_20_then_half_top_6,2000.0,3000.0
kata1-b6c96-s8982784-d2082583-temp-0.5,16,1358.883664881779,1163.9305254750323,1553.8368042885256,1364.6826124924817,-5.798947610702726,2,a5803f8a5d9d87202b43d709cb328cedaf18c446af448f705c33d553e8c2e9f7,5170ec511fb50cdf10d648416d508574d70e9781ddf156a1b2a86d2b385e94dc,100,1729,maximum_first_20_then_half_top_6,2000.0,3000.0
kata1-b6c96-s8982784-d2082583-temp-0.5,18,1316.6818827925983,1132.8853300375683,1500.4784355476284,1364.6826124924817,-48.00072969988332,2,a5803f8a5d9d87202b43d709cb328cedaf18c446af448f705c33d553e8c2e9f7,5170ec511fb50cdf10d648416d508574d70e9781ddf156a1b2a86d2b385e94dc,100,1729,maximum_first_20_then_half_top_6,2000.0,3000.0
kata1-b6c96-s8982784-d2082583-temp-0.5,20,1352.4648231041876,1180.8444327015673,1524.085213506808,1364.6826124924817,-12.217789388294023,2,a5803f8a5d9d87202b43d709cb328cedaf18c446af448f705c33d553e8c2e9f7,5170ec511fb50cdf10d648416d508574d70e9781ddf156a1b2a86d2b385e94dc,100,1729,maximum_first_20_then_half_top_6,2000.0,3000.0
kata1-b6c96-s8982784-d2082583-temp-0.5,22,1358.6750288464032,1196.272413383543,1521.0776443092634,1364.6826124924817,-6.007583646078501,2,a5803f8a5d9d87202b43d709cb328cedaf18c446af448f705c33d553e8c2e9f7,5170ec511fb50cdf10d648416d508574d70e9781ddf156a1b2a86d2b385e94dc,100,1729,maximum_first_20_then_half_top_6,2000.0,3000.0
kata1-b6c96-s8982784-d2082583-temp-0.5,24,1383.7083000918421,1228.4286567035888,1538.9879434800955,1364.6826124924817,19.02568759936048,2,a5803f8a5d9d87202b43d709cb328cedaf18c446af448f705c33d553e8c2e9f7,5170ec511fb50cdf10d648416d508574d70e9781ddf156a1b2a86d2b385e94dc,100,1729,maximum_first_20_then_half_top_6,2000.0,3000.0
kata1-b6c96-s8982784-d2082583-temp-0.5,26,1366.754786171416,1216.9219369340408,1516.5876354087914,1364.6826124924817,2.072173678934405,2,a5803f8a5d9d87202b43d709cb328cedaf18c446af448f705c33d553e8c2e9f7,5170ec511fb50cdf10d648416d508574d70e9781ddf156a1b2a86d2b385e94dc,100,1729,maximum_first_20_then_half_top_6,2000.0,3000.0
kata1-b6c96-s8982784-d2082583-temp-0.5,28,1370.4330500365934,1226.81783598872,1514.0482640844668,1364.6826124924817,5.750437544111719,2,a5803f8a5d9d87202b43d709cb328cedaf18c446af448f705c33d553e8c2e9f7,5170ec511fb50cdf10d648416d508574d70e9781ddf156a1b2a86d2b385e94dc,100,1729,maximum_first_20_then_half_top_6,2000.0,3000.0
kata1-b6c96-s8982784-d2082583-temp-0.5,30,1389.4486448064742,1250.7181150850784,1528.1791745278701,1364.6826124924817,24.766032313992582,2,a5803f8a5d9d87202b43d709cb328cedaf18c446af448f705c33d553e8c2e9f7,5170ec511fb50cdf10d648416d508574d70e9781ddf156a1b2a86d2b385e94dc,100,1729,maximum_first_20_then_half_top_6,2000.0,3000.0
kata1-b6c96-s8982784-d2082583-temp-0.5,32,1391.0050393384013,1257.2197308904636,1524.790347786339,1364.6826124924817,26.32242684591961,2,a5803f8a5d9d87202b43d709cb328cedaf18c446af448f705c33d553e8c2e9f7,5170ec511fb50cdf10d648416d508574d70e9781ddf156a1b2a86d2b385e94dc,100,1729,maximum_first_20_then_half_top_6,2000.0,3000.0
kata1-b6c96-s8982784-d2082583-temp-0.5,34,1375.046338521157,1245.2207720813171,1504.8719049609967,1364.6826124924817,10.363726028675273,2,a5803f8a5d9d87202b43d709cb328cedaf18c446af448f705c33d553e8c2e9f7,5170ec511fb50cdf10d648416d508574d70e9781ddf156a1b2a86d2b385e94dc,100,1729,maximum_first_20_then_half_top_6,2000.0,3000.0
kata1-b6c96-s8982784-d2082583-temp-0.5,36,1354.3284661423897,1228.2086145252272,1480.4483177595523,1364.6826124924817,-10.354146350091924,2,a5803f8a5d9d87202b43d709cb328cedaf18c446af448f705c33d553e8c2e9f7,5170ec511fb50cdf10d648416d508574d70e9781ddf156a1b2a86d2b385e94dc,100,1729,maximum_first_20_then_half_top_6,2000.0,3000.0
kata1-b6c96-s8982784-d2082583-temp-0.5,38,1348.1037855261495,1225.3496275060986,1470.8579435462004,1364.6826124924817,-16.578826966332144,2,a5803f8a5d9d87202b43d709cb328cedaf18c446af448f705c33d553e8c2e9f7,5170ec511fb50cdf10d648416d508574d70e9781ddf156a1b2a86d2b385e94dc,100,1729,maximum_first_20_then_half_top_6,2000.0,3000.0
kata1-b6c96-s8982784-d2082583-temp-0.5,40,1351.669489024022,1232.331673265162,1471.0073047828819,1364.6826124924817,-13.013123468459753,2,a5803f8a5d9d87202b43d709cb328cedaf18c446af448f705c33d553e8c2e9f7,5170ec511fb50cdf10d648416d508574d70e9781ddf156a1b2a86d2b385e94dc,100,1729,maximum_first_20_then_half_top_6,2000.0,3000.0
kata1-b6c96-s8982784-d2082583-temp-0.5,42,1362.272564123398,1245.5592165994062,1478.98591164739,1364.6826124924817,-2.410048369083597,2,a5803f8a5d9d87202b43d709cb328cedaf18c446af448f705c33d553e8c2e9f7,5170ec511fb50cdf10d648416d508574d70e9781ddf156a1b2a86d2b385e94dc,100,1729,maximum_first_20_then_half_top_6,2000.0,3000.0
kata1-b6c96-s8982784-d2082583-temp-0.5,44,1346.1088408187516,1232.0944656257366,1460.1232160117665,1364.6826124924817,-18.573771673730107,2,a5803f8a5d9d87202b43d709cb328cedaf18c446af448f705c33d553e8c2e9f7,5170ec511fb50cdf10d648416d508574d70e9781ddf156a1b2a86d2b385e94dc,100,1729,maximum_first_20_then_half_top_6,2000.0,3000.0
kata1-b6c96-s8982784-d2082583-temp-0.5,46,1358.1651928749445,1246.9889108438863,1469.3414749060028,1364.6826124924817,-6.5174196175371435,2,a5803f8a5d9d87202b43d709cb328cedaf18c446af448f705c33d553e8c2e9f7,5170ec511fb50cdf10d648416d508574d70e9781ddf156a1b2a86d2b385e94dc,100,1729,maximum_first_20_then_half_top_6,2000.0,3000.0
kata1-b6c96-s8982784-d2082583-temp-0.5,48,1349.8991566174125,1240.674502325301,1459.1238109095239,1364.6826124924817,-14.783455875069194,2,a5803f8a5d9d87202b43d709cb328cedaf18c446af448f705c33d553e8c2e9f7,5170ec511fb50cdf10d648416d508574d70e9781ddf156a1b2a86d2b385e94dc,100,1729,maximum_first_20_then_half_top_6,2000.0,3000.0
kata1-b6c96-s8982784-d2082583-temp-0.5,50,1336.2631738905757,1229.1605772008886,1443.3657705802627,1364.6826124924817,-28.419438601905995,2,a5803f8a5d9d87202b43d709cb328cedaf18c446af448f705c33d553e8c2e9f7,5170ec511fb50cdf10d648416d508574d70e9781ddf156a1b2a86d2b385e94dc,100,1729,maximum_first_20_then_half_top_6,2000.0,3000.0
kata1-b6c96-s8982784-d2082583-temp-0.5,52,1343.8300653573308,1238.6802850226875,1448.979845691974,1364.6826124924817,-20.85254713515087,2,a5803f8a5d9d87202b43d709cb328cedaf18c446af448f705c33d553e8c2e9f7,5170ec511fb50cdf10d648416d508574d70e9781ddf156a1b2a86d2b385e94dc,100,1729,maximum_first_20_then_half_top_6,2000.0,3000.0
kata1-b6c96-s8982784-d2082583-temp-0.5,54,1346.6129230706617,1243.5801933439811,1449.6456527973423,1364.6826124924817,-18.06968942181993,2,a5803f8a5d9d87202b43d709cb328cedaf18c446af448f705c33d553e8c2e9f7,5170ec511fb50cdf10d648416d508574d70e9781ddf156a1b2a86d2b385e94dc,100,1729,maximum_first_20_then_half_top_6,2000.0,3000.0
kata1-b6c96-s8982784-d2082583-temp-0.5,56,1342.7606711450169,1241.5704070003758,1443.950935289658,1364.6826124924817,-21.92194134746478,2,a5803f8a5d9d87202b43d709cb328cedaf18c446af448f705c33d553e8c2e9f7,5170ec511fb50cdf10d648416d508574d70e9781ddf156a1b2a86d2b385e94dc,100,1729,maximum_first_20_then_half_top_6,2000.0,3000.0
kata1-b6c96-s8982784-d2082583-temp-0.5,58,1346.2221193084754,1246.8705297914998,1445.573708825451,1364.6826124924817,-18.460493184006282,2,a5803f8a5d9d87202b43d709cb328cedaf18c446af448f705c33d553e8c2e9f7,5170ec511fb50cdf10d648416d508574d70e9781ddf156a1b2a86d2b385e94dc,100,1729,maximum_first_20_then_half_top_6,2000.0,3000.0
kata1-b6c96-s8982784-d2082583-temp-0.5,60,1338.7553657694914,1240.731116072739,1436.7796154662437,1364.6826124924817,-25.927246722990276,2,a5803f8a5d9d87202b43d709cb328cedaf18c446af448f705c33d553e8c2e9f7,5170ec511fb50cdf10d648416d508574d70e9781ddf156a1b2a86d2b385e94dc,100,1729,maximum_first_20_then_half_top_6,2000.0,3000.0
kata1-b6c96-s8982784-d2082583-temp-0.5,62,1344.9973744240986,1248.4595296732482,1441.535219174949,1364.6826124924817,-19.685238068383114,2,a5803f8a5d9d87202b43d709cb328cedaf18c446af448f705c33d553e8c2e9f7,5170ec511fb50cdf10d648416d508574d70e9781ddf156a1b2a86d2b385e94dc,100,1729,maximum_first_20_then_half_top_6,2000.0,3000.0
kata1-b6c96-s8982784-d2082583-temp-0.5,64,1328.72982117367,1233.440179549117,1424.019462798223,1364.6826124924817,-35.952791318811705,2,a5803f8a5d9d87202b43d709cb328cedaf18c446af448f705c33d553e8c2e9f7,5170ec511fb50cdf10d648416d508574d70e9781ddf156a1b2a86d2b385e94dc,100,1729,maximum_first_20_then_half_top_6,2000.0,3000.0
kata1-b6c96-s8982784-d2082583-temp-0.5,66,1319.7142649089976,1225.7514222872942,1413.677107530701,1364.6826124924817,-44.96834758348405,2,a5803f8a5d9d87202b43d709cb328cedaf18c446af448f705c33d553e8c2e9f7,5170ec511fb50cdf10d648416d508574d70e9781ddf156a1b2a86d2b385e94dc,100,1729,maximum_first_20_then_half_top_6,2000.0,3000.0
kata1-b6c96-s8982784-d2082583-temp-0.5,68,1334.741458554426,1242.517235721985,1426.965681386867,1364.6826124924817,-29.941153938055777,2,a5803f8a5d9d87202b43d709cb328cedaf18c446af448f705c33d553e8c2e9f7,5170ec511fb50cdf10d648416d508574d70e9781ddf156a1b2a86d2b385e94dc,100,1729,maximum_first_20_then_half_top_6,2000.0,3000.0
kata1-b6c96-s8982784-d2082583-temp-0.5,70,1332.027951478087,1241.113381495563,1422.942521460611,1364.6826124924817,-32.654661014394605,2,a5803f8a5d9d87202b43d709cb328cedaf18c446af448f705c33d553e8c2e9f7,5170ec511fb50cdf10d648416d508574d70e9781ddf156a1b2a86d2b385e94dc,100,1729,maximum_first_20_then_half_top_6,2000.0,3000.0
kata1-b6c96-s8982784-d2082583-temp-0.5,72,1345.7056360901609,1256.2768964698062,1435.1343757105155,1364.6826124924817,-18.976976402320815,2,a5803f8a5d9d87202b43d709cb328cedaf18c446af448f705c33d553e8c2e9f7,5170ec511fb50cdf10d648416d508574d70e9781ddf156a1b2a86d2b385e94dc,100,1729,maximum_first_20_then_half_top_6,2000.0,3000.0
kata1-b6c96-s8982784-d2082583-temp-0.5,74,1347.650172913784,1259.4824623832699,1435.817883444298,1364.6826124924817,-17.032439578697677,2,a5803f8a5d9d87202b43d709cb328cedaf18c446af448f705c33d553e8c2e9f7,5170ec511fb50cdf10d648416d508574d70e9781ddf156a1b2a86d2b385e94dc,100,1729,maximum_first_20_then_half_top_6,2000.0,3000.0
kata1-b6c96-s8982784-d2082583-temp-0.5,76,1349.4818380926474,1262.519058338718,1436.4446178465769,1364.6826124924817,-15.200774399834245,2,a5803f8a5d9d87202b43d709cb328cedaf18c446af448f705c33d553e8c2e9f7,5170ec511fb50cdf10d648416d508574d70e9781ddf156a1b2a86d2b385e94dc,100,1729,maximum_first_20_then_half_top_6,2000.0,3000.0
kata1-b6c96-s8982784-d2082583-temp-0.5,78,1351.1872764108334,1265.3791152531733,1436.9954375684936,1364.6826124924817,-13.495336081648247,2,a5803f8a5d9d87202b43d709cb328cedaf18c446af448f705c33d553e8c2e9f7,5170ec511fb50cdf10d648416d508574d70e9781ddf156a1b2a86d2b385e94dc,100,1729,maximum_first_20_then_half_top_6,2000.0,3000.0
kata1-b6c96-s8982784-d2082583-temp-0.5,80,1342.8064493437305,1257.979961527009,1427.632937160452,1364.6826124924817,-21.876163148751175,2,a5803f8a5d9d87202b43d709cb328cedaf18c446af448f705c33d553e8c2e9f7,5170ec511fb50cdf10d648416d508574d70e9781ddf156a1b2a86d2b385e94dc,100,1729,maximum_first_20_then_half_top_6,2000.0,3000.0
kata1-b6c96-s8982784-d2082583-temp-0.5,82,1348.3150519338744,1264.4339617587625,1432.1961421089864,1364.6826124924817,-16.367560558607238,2,a5803f8a5d9d87202b43d709cb328cedaf18c446af448f705c33d553e8c2e9f7,5170ec511fb50cdf10d648416d508574d70e9781ddf156a1b2a86d2b385e94dc,100,1729,maximum_first_20_then_half_top_6,2000.0,3000.0
kata1-b6c96-s8982784-d2082583-temp-0.5,84,1340.9237100155715,1257.95994721296,1423.887472818183,1364.6826124924817,-23.75890247691018,2,a5803f8a5d9d87202b43d709cb328cedaf18c446af448f705c33d553e8c2e9f7,5170ec511fb50cdf10d648416d508574d70e9781ddf156a1b2a86d2b385e94dc,100,1729,maximum_first_20_then_half_top_6,2000.0,3000.0
kata1-b6c96-s8982784-d2082583-temp-0.5,86,1348.0341703454778,1266.0885290154313,1429.9798116755244,1364.6826124924817,-16.648442147003834,2,a5803f8a5d9d87202b43d709cb328cedaf18c446af448f705c33d553e8c2e9f7,5170ec511fb50cdf10d648416d508574d70e9781ddf156a1b2a86d2b385e94dc,100,1729,maximum_first_20_then_half_top_6,2000.0,3000.0
kata1-b6c96-s8982784-d2082583-temp-0.5,88,1358.6575894559182,1277.697596100832,1439.6175828110045,1364.6826124924817,-6.025023036563425,2,a5803f8a5d9d87202b43d709cb328cedaf18c446af448f705c33d553e8c2e9f7,5170ec511fb50cdf10d648416d508574d70e9781ddf156a1b2a86d2b385e94dc,100,1729,maximum_first_20_then_half_top_6,2000.0,3000.0
kata1-b6c96-s8982784-d2082583-temp-0.5,90,1364.3391531798861,1284.2944452675308,1444.3838610922414,1364.6826124924817,-0.34345931259554163,2,a5803f8a5d9d87202b43d709cb328cedaf18c446af448f705c33d553e8c2e9f7,5170ec511fb50cdf10d648416d508574d70e9781ddf156a1b2a86d2b385e94dc,100,1729,maximum_first_20_then_half_top_6,2000.0,3000.0
kata1-b6c96-s8982784-d2082583-temp-0.5,92,1356.802321897158,1277.6119961295935,1435.9926476647224,1364.6826124924817,-7.880290595323686,2,a5803f8a5d9d87202b43d709cb328cedaf18c446af448f705c33d553e8c2e9f7,5170ec511fb50cdf10d648416d508574d70e9781ddf156a1b2a86d2b385e94dc,100,1729,maximum_first_20_then_half_top_6,2000.0,3000.0
kata1-b6c96-s8982784-d2082583-temp-0.5,94,1361.3097973548017,1282.8114094058162,1439.8081853037872,1364.6826124924817,-3.372815137679936,2,a5803f8a5d9d87202b43d709cb328cedaf18c446af448f705c33d553e8c2e9f7,5170ec511fb50cdf10d648416d508574d70e9781ddf156a1b2a86d2b385e94dc,100,1729,maximum_first_20_then_half_top_6,2000.0,3000.0
kata1-b6c96-s8982784-d2082583-temp-0.5,96,1362.4408649541729,1284.7612753494063,1440.1204545589394,1364.6826124924817,-2.2417475383088004,2,a5803f8a5d9d87202b43d709cb328cedaf18c446af448f705c33d553e8c2e9f7,5170ec511fb50cdf10d648416d508574d70e9781ddf156a1b2a86d2b385e94dc,100,1729,maximum_first_20_then_half_top_6,2000.0,3000.0
kata1-b6c96-s8982784-d2082583-temp-0.5,98,1366.6642939116057,1289.6097756030065,1443.7188122202049,1364.6826124924817,1.9816814191240155,2,a5803f8a5d9d87202b43d709cb328cedaf18c446af448f705c33d553e8c2e9f7,5170ec511fb50cdf10d648416d508574d70e9781ddf156a1b2a86d2b385e94dc,100,1729,maximum_first_20_then_half_top_6,2000.0,3000.0
kata1-b6c96-s8982784-d2082583-temp-0.5,100,1367.613835762112,1291.330241376733,1443.8974301474911,1364.6826124924817,2.9312232696304363,2,a5803f8a5d9d87202b43d709cb328cedaf18c446af448f705c33d553e8c2e9f7,5170ec511fb50cdf10d648416d508574d70e9781ddf156a1b2a86d2b385e94dc,100,1729,maximum_first_20_then_half_top_6,2000.0,3000.0
kata1-b6c96-s8080640-d1961030-temp-0.3,2,1158.5092776030658,-1282.8992259777863,3599.917781183918,1413.0572710896483,-254.54799348658253,2,a5803f8a5d9d87202b43d709cb328cedaf18c446af448f705c33d553e8c2e9f7,5170ec511fb50cdf10d648416d508574d70e9781ddf156a1b2a86d2b385e94dc,100,1729,maximum_first_20_then_half_top_6,2000.0,3000.0
kata1-b6c96-s8080640-d1961030-temp-0.3,4,1168.0723441882378,685.1986799033473,1650.9460084731284,1413.0572710896483,-244.98492690141052,2,a5803f8a5d9d87202b43d709cb328cedaf18c446af448f705c33d553e8c2e9f7,5170ec511fb50cdf10d648416d508574d70e9781ddf156a1b2a86d2b385e94dc,100,1729,maximum_first_20_then_half_top_6,2000.0,3000.0
kata1-b6c96-s8080640-d1961030-temp-0.3,6,1168.2791978264238,822.8215726089778,1513.7368230438697,1413.0572710896483,-244.77807326322454,2,a5803f8a5d9d87202b43d709cb328cedaf18c446af448f705c33d553e8c2e9f7,5170ec511fb50cdf10d648416d508574d70e9781ddf156a1b2a86d2b385e94dc,100,1729,maximum_first_20_then_half_top_6,2000.0,3000.0
kata1-b6c96-s8080640-d1961030-temp-0.3,8,1290.9825002128434,994.5131386983376,1587.4518617273493,1413.0572710896483,-122.0747708768049,2,a5803f8a5d9d87202b43d709cb328cedaf18c446af448f705c33d553e8c2e9f7,5170ec511fb50cdf10d648416d508574d70e9781ddf156a1b2a86d2b385e94dc,100,1729,maximum_first_20_then_half_top_6,2000.0,3000.0
kata1-b6c96-s8080640-d1961030-temp-0.3,10,1188.539119817435,941.625841242719,1435.4523983921508,1413.0572710896483,-224.51815127221334,2,a5803f8a5d9d87202b43d709cb328cedaf18c446af448f705c33d553e8c2e9f7,5170ec511fb50cdf10d648416d508574d70e9781ddf156a1b2a86d2b385e94dc,100,1729,maximum_first_20_then_half_top_6,2000.0,3000.0
kata1-b6c96-s8080640-d1961030-temp-0.3,12,1257.5719130354769,1032.7886313970353,1482.3551946739185,1413.0572710896483,-155.48535805417146,2,a5803f8a5d9d87202b43d709cb328cedaf18c446af448f705c33d553e8c2e9f7,5170ec511fb50cdf10d648416d508574d70e9781ddf156a1b2a86d2b385e94dc,100,1729,maximum_first_20_then_half_top_6,2000.0,3000.0
kata1-b6c96-s8080640-d1961030-temp-0.3,14,1255.6285548458313,1051.0528839957087,1460.204225695954,1413.0572710896483,-157.428716243817,2,a5803f8a5d9d87202b43d709cb328cedaf18c446af448f705c33d553e8c2e9f7,5170ec511fb50cdf10d648416d508574d70e9781ddf156a1b2a86d2b385e94dc,100,1729,maximum_first_20_then_half_top_6,2000.0,3000.0
kata1-b6c96-s8080640-d1961030-temp-0.3,16,1254.2607431175948,1065.1729760199219,1443.3485102152677,1413.0572710896483,-158.79652797205358,2,a5803f8a5d9d87202b43d709cb328cedaf18c446af448f705c33d553e8c2e9f7,5170ec511fb50cdf10d648416d508574d70e9781ddf156a1b2a86d2b385e94dc,100,1729,maximum_first_20_then_half_top_6,2000.0,3000.0
kata1-b6c96-s8080640-d1961030-temp-0.3,18,1300.1375092777741,1119.7718715765764,1480.503146978972,1413.0572710896483,-112.9197618118742,2,a5803f8a5d9d87202b43d709cb328cedaf18c446af448f705c33d553e8c2e9f7,5170ec511fb50cdf10d648416d508574d70e9781ddf156a1b2a86d2b385e94dc,100,1729,maximum_first_20_then_half_top_6,2000.0,3000.0
kata1-b6c96-s8080640-d1961030-temp-0.3,20,1337.7807370889436,1163.5936272595718,1511.9678469183154,1413.0572710896483,-75.27653400070471,2,a5803f8a5d9d87202b43d709cb328cedaf18c446af448f705c33d553e8c2e9f7,5170ec511fb50cdf10d648416d508574d70e9781ddf156a1b2a86d2b385e94dc,100,1729,maximum_first_20_then_half_top_6,2000.0,3000.0
kata1-b6c96-s8080640-d1961030-temp-0.3,22,1340.6143783849022,1175.8550754181517,1505.3736813516527,1413.0572710896483,-72.4428927047461,2,a5803f8a5d9d87202b43d709cb328cedaf18c446af448f705c33d553e8c2e9f7,5170ec511fb50cdf10d648416d508574d70e9781ddf156a1b2a86d2b385e94dc,100,1729,maximum_first_20_then_half_top_6,2000.0,3000.0
kata1-b6c96-s8080640-d1961030-temp-0.3,24,1342.8912616027992,1186.2076685102236,1499.5748546953748,1413.0572710896483,-70.16600948684913,2,a5803f8a5d9d87202b43d709cb328cedaf18c446af448f705c33d553e8c2e9f7,5170ec511fb50cdf10d648416d508574d70e9781ddf156a1b2a86d2b385e94dc,100,1729,maximum_first_20_then_half_top_6,2000.0,3000.0
kata1-b6c96-s8080640-d1961030-temp-0.3,26,1378.3008148654883,1225.2137540638782,1531.3878756670983,1413.0572710896483,-34.75645622416005,2,a5803f8a5d9d87202b43d709cb328cedaf18c446af448f705c33d553e8c2e9f7,5170ec511fb50cdf10d648416d508574d70e9781ddf156a1b2a86d2b385e94dc,100,1729,maximum_first_20_then_half_top_6,2000.0,3000.0
kata1-b6c96-s8080640-d1961030-temp-0.3,28,1399.6072362812579,1249.8442743994476,1549.3701981630682,1413.0572710896483,-13.450034808390456,2,a5803f8a5d9d87202b43d709cb328cedaf18c446af448f705c33d553e8c2e9f7,5170ec511fb50cdf10d648416d508574d70e9781ddf156a1b2a86d2b385e94dc,100,1729,maximum_first_20_then_half_top_6,2000.0,3000.0
kata1-b6c96-s8080640-d1961030-temp-0.3,30,1387.4499316038566,1244.5742021387032,1530.32566106901,1413.0572710896483,-25.607339485791726,2,a5803f8a5d9d87202b43d709cb328cedaf18c446af448f705c33d553e8c2e9f7,5170ec511fb50cdf10d648416d508574d70e9781ddf156a1b2a86d2b385e94dc,100,1729,maximum_first_20_then_half_top_6,2000.0,3000.0
kata1-b6c96-s8080640-d1961030-temp-0.3,32,1413.716579339667,1273.130781525047,1554.3023771542871,1413.0572710896483,0.6593082500187393,2,a5803f8a5d9d87202b43d709cb328cedaf18c446af448f705c33d553e8c2e9f7,5170ec511fb50cdf10d648416d508574d70e9781ddf156a1b2a86d2b385e94dc,100,1729,maximum_first_20_then_half_top_6,2000.0,3000.0
kata1-b6c96-s8080640-d1961030-temp-0.3,34,1398.3280425606354,1263.7155644916822,1532.9405206295885,1413.0572710896483,-14.729228529012971,2,a5803f8a5d9d87202b43d709cb328cedaf18c446af448f705c33d553e8c2e9f7,5170ec511fb50cdf10d648416d508574d70e9781ddf156a1b2a86d2b385e94dc,100,1729,maximum_first_20_then_half_top_6,2000.0,3000.0
kata1-b6c96-s8080640-d1961030-temp-0.3,36,1395.9239699955149,1266.0630561525509,1525.784883838479,1413.0572710896483,-17.133301094133458,2,a5803f8a5d9d87202b43d709cb328cedaf18c446af448f705c33d553e8c2e9f7,5170ec511fb50cdf10d648416d508574d70e9781ddf156a1b2a86d2b385e94dc,100,1729,maximum_first_20_then_half_top_6,2000.0,3000.0
kata1-b6c96-s8080640-d1961030-temp-0.3,38,1403.612457886719,1276.872978535564,1530.3519372378742,1413.0572710896483,-9.444813202929254,2,a5803f8a5d9d87202b43d709cb328cedaf18c446af448f705c33d553e8c2e9f7,5170ec511fb50cdf10d648416d508574d70e9781ddf156a1b2a86d2b385e94dc,100,1729,maximum_first_20_then_half_top_6,2000.0,3000.0
kata1-b6c96-s8080640-d1961030-temp-0.3,40,1379.5548797552465,1258.1876043405825,1500.9221551699104,1413.0572710896483,-33.502391334401864,2,a5803f8a5d9d87202b43d709cb328cedaf18c446af448f705c33d553e8c2e9f7,5170ec511fb50cdf10d648416d508574d70e9781ddf156a1b2a86d2b385e94dc,100,1729,maximum_first_20_then_half_top_6,2000.0,3000.0
kata1-b6c96-s8080640-d1961030-temp-0.3,42,1366.5301081249272,1248.7102355766488,1484.3499806732057,1413.0572710896483,-46.52716296472113,2,a5803f8a5d9d87202b43d709cb328cedaf18c446af448f705c33d553e8c2e9f7,5170ec511fb50cdf10d648416d508574d70e9781ddf156a1b2a86d2b385e94dc,100,1729,maximum_first_20_then_half_top_6,2000.0,3000.0
kata1-b6c96-s8080640-d1961030-temp-0.3,44,1366.332040726685,1251.572925540716,1481.091155912654,1413.0572710896483,-46.72523036296343,2,a5803f8a5d9d87202b43d709cb328cedaf18c446af448f705c33d553e8c2e9f7,5170ec511fb50cdf10d648416d508574d70e9781ddf156a1b2a86d2b385e94dc,100,1729,maximum_first_20_then_half_top_6,2000.0,3000.0
kata1-b6c96-s8080640-d1961030-temp-0.3,46,1384.3269335393443,1271.6645540182067,1496.989313060482,1413.0572710896483,-28.730337550304057,2,a5803f8a5d9d87202b43d709cb328cedaf18c446af448f705c33d553e8c2e9f7,5170ec511fb50cdf10d648416d508574d70e9781ddf156a1b2a86d2b385e94dc,100,1729,maximum_first_20_then_half_top_6,2000.0,3000.0
kata1-b6c96-s8080640-d1961030-temp-0.3,48,1372.8760007324152,1262.9946856946988,1482.7573157701315,1413.0572710896483,-40.18127035723319,2,a5803f8a5d9d87202b43d709cb328cedaf18c446af448f705c33d553e8c2e9f7,5170ec511fb50cdf10d648416d508574d70e9781ddf156a1b2a86d2b385e94dc,100,1729,maximum_first_20_then_half_top_6,2000.0,3000.0
kata1-b6c96-s8080640-d1961030-temp-0.3,50,1389.055380507155,1281.0767200585851,1497.0340409557248,1413.0572710896483,-24.001890582493388,2,a5803f8a5d9d87202b43d709cb328cedaf18c446af448f705c33d553e8c2e9f7,5170ec511fb50cdf10d648416d508574d70e9781ddf156a1b2a86d2b385e94dc,100,1729,maximum_first_20_then_half_top_6,2000.0,3000.0
kata1-b6c96-s8080640-d1961030-temp-0.3,52,1394.6776035554203,1288.5889413382497,1500.766265772591,1413.0572710896483,-18.37966753422802,2,a5803f8a5d9d87202b43d709cb328cedaf18c446af448f705c33d553e8c2e9f7,5170ec511fb50cdf10d648416d508574d70e9781ddf156a1b2a86d2b385e94dc,100,1729,maximum_first_20_then_half_top_6,2000.0,3000.0
kata1-b6c96-s8080640-d1961030-temp-0.3,54,1404.2283692730184,1299.6543567164615,1508.8023818295753,1413.0572710896483,-8.828901816629923,2,a5803f8a5d9d87202b43d709cb328cedaf18c446af448f705c33d553e8c2e9f7,5170ec511fb50cdf10d648416d508574d70e9781ddf156a1b2a86d2b385e94dc,100,1729,maximum_first_20_then_half_top_6,2000.0,3000.0
kata1-b6c96-s8080640-d1961030-temp-0.3,56,1425.986774168358,1322.2569031376336,1529.7166451990822,1413.0572710896483,12.929503078709558,2,a5803f8a5d9d87202b43d709cb328cedaf18c446af448f705c33d553e8c2e9f7,5170ec511fb50cdf10d648416d508574d70e9781ddf156a1b2a86d2b385e94dc,100,1729,maximum_first_20_then_half_top_6,2000.0,3000.0
kata1-b6c96-s8080640-d1961030-temp-0.3,58,1438.2629899832084,1335.9073358835074,1540.6186440829094,1413.0572710896483,25.20571889356006,2,a5803f8a5d9d87202b43d709cb328cedaf18c446af448f705c33d553e8c2e9f7,5170ec511fb50cdf10d648416d508574d70e9781ddf156a1b2a86d2b385e94dc,100,1729,maximum_first_20_then_half_top_6,2000.0,3000.0
kata1-b6c96-s8080640-d1961030-temp-0.3,60,1443.6053087464325,1342.729460159914,1544.481157332951,1413.0572710896483,30.548037656784118,2,a5803f8a5d9d87202b43d709cb328cedaf18c446af448f705c33d553e8c2e9f7,5170ec511fb50cdf10d648416d508574d70e9781ddf156a1b2a86d2b385e94dc,100,1729,maximum_first_20_then_half_top_6,2000.0,3000.0
kata1-b6c96-s8080640-d1961030-temp-0.3,62,1449.707876414864,1350.1252950877022,1549.2904577420256,1413.0572710896483,36.650605325215565,2,a5803f8a5d9d87202b43d709cb328cedaf18c446af448f705c33d553e8c2e9f7,5170ec511fb50cdf10d648416d508574d70e9781ddf156a1b2a86d2b385e94dc,100,1729,maximum_first_20_then_half_top_6,2000.0,3000.0
kata1-b6c96-s8080640-d1961030-temp-0.3,64,1438.5194234170956,1341.1647562462817,1535.8740905879094,1413.0572710896483,25.462152327447257,2,a5803f8a5d9d87202b43d709cb328cedaf18c446af448f705c33d553e8c2e9f7,5170ec511fb50cdf10d648416d508574d70e9781ddf156a1b2a86d2b385e94dc,100,1729,maximum_first_20_then_half_top_6,2000.0,3000.0
kata1-b6c96-s8080640-d1961030-temp-0.3,66,1437.775527022909,1341.8331036886734,1533.7179503571447,1413.0572710896483,24.718255933260707,2,a5803f8a5d9d87202b43d709cb328cedaf18c446af448f705c33d553e8c2e9f7,5170ec511fb50cdf10d648416d508574d70e9781ddf156a1b2a86d2b385e94dc,100,1729,maximum_first_20_then_half_top_6,2000.0,3000.0
kata1-b6c96-s8080640-d1961030-temp-0.3,68,1447.8367795495215,1353.089203538354,1542.584355560689,1413.0572710896483,34.779508459873114,2,a5803f8a5d9d87202b43d709cb328cedaf18c446af448f705c33d553e8c2e9f7,5170ec511fb50cdf10d648416d508574d70e9781ddf156a1b2a86d2b385e94dc,100,1729,maximum_first_20_then_half_top_6,2000.0,3000.0
kata1-b6c96-s8080640-d1961030-temp-0.3,70,1437.7819716100428,1344.863563203155,1530.7003800169305,1413.0572710896483,24.724700520394435,2,a5803f8a5d9d87202b43d709cb328cedaf18c446af448f705c33d553e8c2e9f7,5170ec511fb50cdf10d648416d508574d70e9781ddf156a1b2a86d2b385e94dc,100,1729,maximum_first_20_then_half_top_6,2000.0,3000.0
kata1-b6c96-s8080640-d1961030-temp-0.3,72,1440.2706866476574,1348.6918895090175,1531.8494837862972,1413.0572710896483,27.213415558009046,2,a5803f8a5d9d87202b43d709cb328cedaf18c446af448f705c33d553e8c2e9f7,5170ec511fb50cdf10d648416d508574d70e9781ddf156a1b2a86d2b385e94dc,100,1729,maximum_first_20_then_half_top_6,2000.0,3000.0
kata1-b6c96-s8080640-d1961030-temp-0.3,74,1442.6067730258958,1352.313939761417,1532.8996062903745,1413.0572710896483,29.549501936247452,2,a5803f8a5d9d87202b43d709cb328cedaf18c446af448f705c33d553e8c2e9f7,5170ec511fb50cdf10d648416d508574d70e9781ddf156a1b2a86d2b385e94dc,100,1729,maximum_first_20_then_half_top_6,2000.0,3000.0
kata1-b6c96-s8080640-d1961030-temp-0.3,76,1433.657200285874,1344.8398660440891,1522.474534527659,1413.0572710896483,20.59992919622573,2,a5803f8a5d9d87202b43d709cb328cedaf18c446af448f705c33d553e8c2e9f7,5170ec511fb50cdf10d648416d508574d70e9781ddf156a1b2a86d2b385e94dc,100,1729,maximum_first_20_then_half_top_6,2000.0,3000.0
kata1-b6c96-s8080640-d1961030-temp-0.3,78,1442.3494691529336,1354.557430802679,1530.1415075031882,1413.0572710896483,29.29219806328524,2,a5803f8a5d9d87202b43d709cb328cedaf18c446af448f705c33d553e8c2e9f7,5170ec511fb50cdf10d648416d508574d70e9781ddf156a1b2a86d2b385e94dc,100,1729,maximum_first_20_then_half_top_6,2000.0,3000.0
kata1-b6c96-s8080640-d1961030-temp-0.3,80,1450.5871638121348,1363.7411813106296,1537.43314631364,1413.0572710896483,37.529892722486466,2,a5803f8a5d9d87202b43d709cb328cedaf18c446af448f705c33d553e8c2e9f7,5170ec511fb50cdf10d648416d508574d70e9781ddf156a1b2a86d2b385e94dc,100,1729,maximum_first_20_then_half_top_6,2000.0,3000.0
kata1-b6c96-s8080640-d1961030-temp-0.3,82,1442.1238209304909,1356.616721096442,1527.6309207645397,1413.0572710896483,29.066549840842526,2,a5803f8a5d9d87202b43d709cb328cedaf18c446af448f705c33d553e8c2e9f7,5170ec511fb50cdf10d648416d508574d70e9781ddf156a1b2a86d2b385e94dc,100,1729,maximum_first_20_then_half_top_6,2000.0,3000.0
kata1-b6c96-s8080640-d1961030-temp-0.3,84,1434.26424526479,1349.9733305005286,1518.5551600290512,1413.0572710896483,21.206974175141568,2,a5803f8a5d9d87202b43d709cb328cedaf18c446af448f705c33d553e8c2e9f7,5170ec511fb50cdf10d648416d508574d70e9781ddf156a1b2a86d2b385e94dc,100,1729,maximum_first_20_then_half_top_6,2000.0,3000.0
kata1-b6c96-s8080640-d1961030-temp-0.3,86,1422.7025442091865,1339.606360184482,1505.798728233891,1413.0572710896483,9.64527311953816,2,a5803f8a5d9d87202b43d709cb328cedaf18c446af448f705c33d553e8c2e9f7,5170ec511fb50cdf10d648416d508574d70e9781ddf156a1b2a86d2b385e94dc,100,1729,maximum_first_20_then_half_top_6,2000.0,3000.0
kata1-b6c96-s8080640-d1961030-temp-0.3,88,1415.6590125872676,1333.582544167164,1497.7354810073712,1413.0572710896483,2.6017414976192867,2,a5803f8a5d9d87202b43d709cb328cedaf18c446af448f705c33d553e8c2e9f7,5170ec511fb50cdf10d648416d508574d70e9781ddf156a1b2a86d2b385e94dc,100,1729,maximum_first_20_then_half_top_6,2000.0,3000.0
kata1-b6c96-s8080640-d1961030-temp-0.3,90,1411.7140752433663,1330.4875357836013,1492.9406147031314,1413.0572710896483,-1.3431958462820148,2,a5803f8a5d9d87202b43d709cb328cedaf18c446af448f705c33d553e8c2e9f7,5170ec511fb50cdf10d648416d508574d70e9781ddf156a1b2a86d2b385e94dc,100,1729,maximum_first_20_then_half_top_6,2000.0,3000.0
kata1-b6c96-s8080640-d1961030-temp-0.3,92,1406.0248517094583,1325.7645717050887,1486.285131713828,1413.0572710896483,-7.032419380190049,2,a5803f8a5d9d87202b43d709cb328cedaf18c446af448f705c33d553e8c2e9f7,5170ec511fb50cdf10d648416d508574d70e9781ddf156a1b2a86d2b385e94dc,100,1729,maximum_first_20_then_half_top_6,2000.0,3000.0
kata1-b6c96-s8080640-d1961030-temp-0.3,94,1399.8470443183737,1320.4386208638075,1479.25546777294,1413.0572710896483,-13.21022677127462,2,a5803f8a5d9d87202b43d709cb328cedaf18c446af448f705c33d553e8c2e9f7,5170ec511fb50cdf10d648416d508574d70e9781ddf156a1b2a86d2b385e94dc,100,1729,maximum_first_20_then_half_top_6,2000.0,3000.0
kata1-b6c96-s8080640-d1961030-temp-0.3,96,1407.4879636002509,1328.9166245944348,1486.059302606067,1413.0572710896483,-5.569307489397488,2,a5803f8a5d9d87202b43d709cb328cedaf18c446af448f705c33d553e8c2e9f7,5170ec511fb50cdf10d648416d508574d70e9781ddf156a1b2a86d2b385e94dc,100,1729,maximum_first_20_then_half_top_6,2000.0,3000.0
kata1-b6c96-s8080640-d1961030-temp-0.3,98,1414.780457982535,1336.9894171647495,1492.5714988003203,1413.0572710896483,1.7231868928865879,2,a5803f8a5d9d87202b43d709cb328cedaf18c446af448f705c33d553e8c2e9f7,5170ec511fb50cdf10d648416d508574d70e9781ddf156a1b2a86d2b385e94dc,100,1729,maximum_first_20_then_half_top_6,2000.0,3000.0
kata1-b6c96-s8080640-d1961030-temp-0.3,100,1413.6023412687782,1336.6212885165066,1490.5833940210498,1413.0572710896483,0.5450701791298798,2,a5803f8a5d9d87202b43d709cb328cedaf18c446af448f705c33d553e8c2e9f7,5170ec511fb50cdf10d648416d508574d70e9781ddf156a1b2a86d2b385e94dc,100,1729,maximum_first_20_then_half_top_6,2000.0,3000.0
kata1-b6c96-s8982784-d2082583,2,1165.5048542597435,-1284.3022468376091,3615.311955357096,1573.370050307006,-407.86519604726254,2,a5803f8a5d9d87202b43d709cb328cedaf18c446af448f705c33d553e8c2e9f7,5170ec511fb50cdf10d648416d508574d70e9781ddf156a1b2a86d2b385e94dc,100,1729,maximum_first_20_then_half_top_6,2000.0,3000.0
kata1-b6c96-s8982784-d2082583,4,1597.4859417583373,988.5825716707502,2206.3893118459246,1573.370050307006,24.11589145133121,2,a5803f8a5d9d87202b43d709cb328cedaf18c446af448f705c33d553e8c2e9f7,5170ec511fb50cdf10d648416d508574d70e9781ddf156a1b2a86d2b385e94dc,100,1729,maximum_first_20_then_half_top_6,2000.0,3000.0
kata1-b6c96-s8982784-d2082583,6,1588.5115090345419,1207.023547543079,1969.9994705260046,1573.370050307006,15.141458727535792,2,a5803f8a5d9d87202b43d709cb328cedaf18c446af448f705c33d553e8c2e9f7,5170ec511fb50cdf10d648416d508574d70e9781ddf156a1b2a86d2b385e94dc,100,1729,maximum_first_20_then_half_top_6,2000.0,3000.0
kata1-b6c96-s8982784-d2082583,8,1724.8701947203988,1412.3425721797867,2037.397817261011,1573.370050307006,151.50014441339272,2,a5803f8a5d9d87202b43d709cb328cedaf18c446af448f705c33d553e8c2e9f7,5170ec511fb50cdf10d648416d508574d70e9781ddf156a1b2a86d2b385e94dc,100,1729,maximum_first_20_then_half_top_6,2000.0,3000.0
kata1-b6c96-s8982784-d2082583,10,1628.1802625085877,1367.3105724894667,1889.0499525277087,1573.370050307006,54.810212201581635,2,a5803f8a5d9d87202b43d709cb328cedaf18c446af448f705c33d553e8c2e9f7,5170ec511fb50cdf10d648416d508574d70e9781ddf156a1b2a86d2b385e94dc,100,1729,maximum_first_20_then_half_top_6,2000.0,3000.0
kata1-b6c96-s8982784-d2082583,12,1626.3062057671546,1395.8055675054277,1856.8068440288814,1573.370050307006,52.936155460148484,2,a5803f8a5d9d87202b43d709cb328cedaf18c446af448f705c33d553e8c2e9f7,5170ec511fb50cdf10d648416d508574d70e9781ddf156a1b2a86d2b385e94dc,100,1729,maximum_first_20_then_half_top_6,2000.0,3000.0
kata1-b6c96-s8982784-d2082583,14,1625.0946258712352,1416.260742366341,1833.9285093761293,1573.370050307006,51.7245755642291,2,a5803f8a5d9d87202b43d709cb328cedaf18c446af448f705c33d553e8c2e9f7,5170ec511fb50cdf10d648416d508574d70e9781ddf156a1b2a86d2b385e94dc,100,1729,maximum_first_20_then_half_top_6,2000.0,3000.0
kata1-b6c96-s8982784-d2082583,16,1624.271995467348,1431.8774613085811,1816.6665296261149,1573.370050307006,50.90194516034194,2,a5803f8a5d9d87202b43d709cb328cedaf18c446af448f705c33d553e8c2e9f7,5170ec511fb50cdf10d648416d508574d70e9781ddf156a1b2a86d2b385e94dc,100,1729,maximum_first_20_then_half_top_6,2000.0,3000.0
kata1-b6c96-s8982784-d2082583,18,1623.650286758145,1444.2811431821965,1803.0194303340936,1573.370050307006,50.28023645113899,2,a5803f8a5d9d87202b43d709cb328cedaf18c446af448f705c33d553e8c2e9f7,5170ec511fb50cdf10d648416d508574d70e9781ddf156a1b2a86d2b385e94dc,100,1729,maximum_first_20_then_half_top_6,2000.0,3000.0
kata1-b6c96-s8982784-d2082583,20,1665.0667127732886,1495.6677455850302,1834.465679961547,1573.370050307006,91.69666246628253,2,a5803f8a5d9d87202b43d709cb328cedaf18c446af448f705c33d553e8c2e9f7,5170ec511fb50cdf10d648416d508574d70e9781ddf156a1b2a86d2b385e94dc,100,1729,maximum_first_20_then_half_top_6,2000.0,3000.0
kata1-b6c96-s8982784-d2082583,22,1685.142219397238,1524.0198337291129,1846.2646050653632,1573.370050307006,111.77216909023196,2,a5803f8a5d9d87202b43d709cb328cedaf18c446af448f705c33d553e8c2e9f7,5170ec511fb50cdf10d648416d508574d70e9781ddf156a1b2a86d2b385e94dc,100,1729,maximum_first_20_then_half_top_6,2000.0,3000.0
kata1-b6c96-s8982784-d2082583,24,1690.9602619966302,1537.2615626820073,1844.658961311253,1573.370050307006,117.59021168962408,2,a5803f8a5d9d87202b43d709cb328cedaf18c446af448f705c33d553e8c2e9f7,5170ec511fb50cdf10d648416d508574d70e9781ddf156a1b2a86d2b385e94dc,100,1729,maximum_first_20_then_half_top_6,2000.0,3000.0
kata1-b6c96-s8982784-d2082583,26,1689.5612657817471,1542.7287009517668,1836.3938306117275,1573.370050307006,116.19121547474106,2,a5803f8a5d9d87202b43d709cb328cedaf18c446af448f705c33d553e8c2e9f7,5170ec511fb50cdf10d648416d508574d70e9781ddf156a1b2a86d2b385e94dc,100,1729,maximum_first_20_then_half_top_6,2000.0,3000.0
kata1-b6c96-s8982784-d2082583,28,1717.5759369011396,1575.4150885263914,1859.7367852758878,1573.370050307006,144.20588659413352,2,a5803f8a5d9d87202b43d709cb328cedaf18c446af448f705c33d553e8c2e9f7,5170ec511fb50cdf10d648416d508574d70e9781ddf156a1b2a86d2b385e94dc,100,1729,maximum_first_20_then_half_top_6,2000.0,3000.0
kata1-b6c96-s8982784-d2082583,30,1719.4472849405427,1582.590225918968,1856.3043439621174,1573.370050307006,146.0772346335366,2,a5803f8a5d9d87202b43d709cb328cedaf18c446af448f705c33d553e8c2e9f7,5170ec511fb50cdf10d648416d508574d70e9781ddf156a1b2a86d2b385e94dc,100,1729,maximum_first_20_then_half_top_6,2000.0,3000.0
kata1-b6c96-s8982784-d2082583,32,1691.2168883891145,1560.1555137600515,1822.2782630181775,1573.370050307006,117.84683808210843,2,a5803f8a5d9d87202b43d709cb328cedaf18c446af448f705c33d553e8c2e9f7,5170ec511fb50cdf10d648416d508574d70e9781ddf156a1b2a86d2b385e94dc,100,1729,maximum_first_20_then_half_top_6,2000.0,3000.0
kata1-b6c96-s8982784-d2082583,34,1690.1866578157576,1563.3668733528164,1817.0064422786988,1573.370050307006,116.81660750875153,2,a5803f8a5d9d87202b43d709cb328cedaf18c446af448f705c33d553e8c2e9f7,5170ec511fb50cdf10d648416d508574d70e9781ddf156a1b2a86d2b385e94dc,100,1729,maximum_first_20_then_half_top_6,2000.0,3000.0
kata1-b6c96-s8982784-d2082583,36,1667.4915589810225,1544.769677892078,1790.213440069967,1573.370050307006,94.12150867401647,2,a5803f8a5d9d87202b43d709cb328cedaf18c446af448f705c33d553e8c2e9f7,5170ec511fb50cdf10d648416d508574d70e9781ddf156a1b2a86d2b385e94dc,100,1729,maximum_first_20_then_half_top_6,2000.0,3000.0
kata1-b6c96-s8982784-d2082583,38,1687.2964508947227,1567.8219587975886,1806.7709429918568,1573.370050307006,113.92640058771667,2,a5803f8a5d9d87202b43d709cb328cedaf18c446af448f705c33d553e8c2e9f7,5170ec511fb50cdf10d648416d508574d70e9781ddf156a1b2a86d2b385e94dc,100,1729,maximum_first_20_then_half_top_6,2000.0,3000.0
kata1-b6c96-s8982784-d2082583,40,1686.6677326967667,1570.3822344415053,1802.9532309520282,1573.370050307006,113.29768238976067,2,a5803f8a5d9d87202b43d709cb328cedaf18c446af448f705c33d553e8c2e9f7,5170ec511fb50cdf10d648416d508574d70e9781ddf156a1b2a86d2b385e94dc,100,1729,maximum_first_20_then_half_top_6,2000.0,3000.0
kata1-b6c96-s8982784-d2082583,42,1671.0518217453864,1557.772381870192,1784.3312616205808,1573.370050307006,97.68177143838034,2,a5803f8a5d9d87202b43d709cb328cedaf18c446af448f705c33d553e8c2e9f7,5170ec511fb50cdf10d648416d508574d70e9781ddf156a1b2a86d2b385e94dc,100,1729,maximum_first_20_then_half_top_6,2000.0,3000.0
kata1-b6c96-s8982784-d2082583,44,1668.5418577765322,1557.9249948893869,1779.1587206636775,1573.370050307006,95.17180746952613,2,a5803f8a5d9d87202b43d709cb328cedaf18c446af448f705c33d553e8c2e9f7,5170ec511fb50cdf10d648416d508574d70e9781ddf156a1b2a86d2b385e94dc,100,1729,maximum_first_20_then_half_top_6,2000.0,3000.0
kata1-b6c96-s8982784-d2082583,46,1667.8445042032145,1559.7484843604186,1775.9405240460103,1573.370050307006,94.47445389620839,2,a5803f8a5d9d87202b43d709cb328cedaf18c446af448f705c33d553e8c2e9f7,5170ec511fb50cdf10d648416d508574d70e9781ddf156a1b2a86d2b385e94dc,100,1729,maximum_first_20_then_half_top_6,2000.0,3000.0
kata1-b6c96-s8982784-d2082583,48,1667.2120263893773,1561.457522687226,1772.9665300915287,1573.370050307006,93.84197608237127,2,a5803f8a5d9d87202b43d709cb328cedaf18c446af448f705c33d553e8c2e9f7,5170ec511fb50cdf10d648416d508574d70e9781ddf156a1b2a86d2b385e94dc,100,1729,maximum_first_20_then_half_top_6,2000.0,3000.0
kata1-b6c96-s8982784-d2082583,50,1670.5462566846538,1566.886435799899,1774.2060775694088,1573.370050307006,97.17620637764776,2,a5803f8a5d9d87202b43d709cb328cedaf18c446af448f705c33d553e8c2e9f7,5170ec511fb50cdf10d648416d508574d70e9781ddf156a1b2a86d2b385e94dc,100,1729,maximum_first_20_then_half_top_6,2000.0,3000.0
kata1-b6c96-s8982784-d2082583,52,1656.0843011355091,1554.424355129349,1757.7442471416693,1573.370050307006,82.71425082850305,2,a5803f8a5d9d87202b43d709cb328cedaf18c446af448f705c33d553e8c2e9f7,5170ec511fb50cdf10d648416d508574d70e9781ddf156a1b2a86d2b385e94dc,100,1729,maximum_first_20_then_half_top_6,2000.0,3000.0
kata1-b6c96-s8982784-d2082583,54,1640.482107433871,1540.5544772317821,1740.40973763596,1573.370050307006,67.11205712686501,2,a5803f8a5d9d87202b43d709cb328cedaf18c446af448f705c33d553e8c2e9f7,5170ec511fb50cdf10d648416d508574d70e9781ddf156a1b2a86d2b385e94dc,100,1729,maximum_first_20_then_half_top_6,2000.0,3000.0
kata1-b6c96-s8982784-d2082583,56,1639.6992420467323,1541.579769619151,1737.8187144743135,1573.370050307006,66.32919173972618,2,a5803f8a5d9d87202b43d709cb328cedaf18c446af448f705c33d553e8c2e9f7,5170ec511fb50cdf10d648416d508574d70e9781ddf156a1b2a86d2b385e94dc,100,1729,maximum_first_20_then_half_top_6,2000.0,3000.0
kata1-b6c96-s8982784-d2082583,58,1640.214485925056,1543.8263621781382,1736.6026096719736,1573.370050307006,66.84443561804983,2,a5803f8a5d9d87202b43d709cb328cedaf18c446af448f705c33d553e8c2e9f7,5170ec511fb50cdf10d648416d508574d70e9781ddf156a1b2a86d2b385e94dc,100,1729,maximum_first_20_then_half_top_6,2000.0,3000.0
kata1-b6c96-s8982784-d2082583,60,1640.6721831686755,1545.9188578637863,1735.4255084735646,1573.370050307006,67.3021328616694,2,a5803f8a5d9d87202b43d709cb328cedaf18c446af448f705c33d553e8c2e9f7,5170ec511fb50cdf10d648416d508574d70e9781ddf156a1b2a86d2b385e94dc,100,1729,maximum_first_20_then_half_top_6,2000.0,3000.0
kata1-b6c96-s8982784-d2082583,62,1639.9650930197927,1546.7393122833141,1733.1908737562712,1573.370050307006,66.59504271278661,2,a5803f8a5d9d87202b43d709cb328cedaf18c446af448f705c33d553e8c2e9f7,5170ec511fb50cdf10d648416d508574d70e9781ddf156a1b2a86d2b385e94dc,100,1729,maximum_first_20_then_half_top_6,2000.0,3000.0
kata1-b6c96-s8982784-d2082583,64,1646.314969218918,1554.619853525615,1738.0100849122207,1573.370050307006,72.94491891191183,2,a5803f8a5d9d87202b43d709cb328cedaf18c446af448f705c33d553e8c2e9f7,5170ec511fb50cdf10d648416d508574d70e9781ddf156a1b2a86d2b385e94dc,100,1729,maximum_first_20_then_half_top_6,2000.0,3000.0
kata1-b6c96-s8982784-d2082583,66,1657.9258956201659,1567.678247815062,1748.1735434252698,1573.370050307006,84.55584531315981,2,a5803f8a5d9d87202b43d709cb328cedaf18c446af448f705c33d553e8c2e9f7,5170ec511fb50cdf10d648416d508574d70e9781ddf156a1b2a86d2b385e94dc,100,1729,maximum_first_20_then_half_top_6,2000.0,3000.0
kata1-b6c96-s8982784-d2082583,68,1658.4672514845001,1569.5392708598229,1747.3952321091774,1573.370050307006,85.09720117749407,2,a5803f8a5d9d87202b43d709cb328cedaf18c446af448f705c33d553e8c2e9f7,5170ec511fb50cdf10d648416d508574d70e9781ddf156a1b2a86d2b385e94dc,100,1729,maximum_first_20_then_half_top_6,2000.0,3000.0
kata1-b6c96-s8982784-d2082583,70,1650.2824685579264,1562.5007309712628,1738.0642061445901,1573.370050307006,76.91241825092038,2,a5803f8a5d9d87202b43d709cb328cedaf18c446af448f705c33d553e8c2e9f7,5170ec511fb50cdf10d648416d508574d70e9781ddf156a1b2a86d2b385e94dc,100,1729,maximum_first_20_then_half_top_6,2000.0,3000.0
kata1-b6c96-s8982784-d2082583,72,1661.4508307318592,1574.9275189148204,1747.974142548898,1573.370050307006,88.08078042485317,2,a5803f8a5d9d87202b43d709cb328cedaf18c446af448f705c33d553e8c2e9f7,5170ec511fb50cdf10d648416d508574d70e9781ddf156a1b2a86d2b385e94dc,100,1729,maximum_first_20_then_half_top_6,2000.0,3000.0
kata1-b6c96-s8982784-d2082583,74,1666.2618636922336,1580.884224195496,1751.6395031889713,1573.370050307006,92.89181338522758,2,a5803f8a5d9d87202b43d709cb328cedaf18c446af448f705c33d553e8c2e9f7,5170ec511fb50cdf10d648416d508574d70e9781ddf156a1b2a86d2b385e94dc,100,1729,maximum_first_20_then_half_top_6,2000.0,3000.0
kata1-b6c96-s8982784-d2082583,76,1676.3594489343513,1592.0468158794909,1760.6720819892118,1573.370050307006,102.98939862734528,2,a5803f8a5d9d87202b43d709cb328cedaf18c446af448f705c33d553e8c2e9f7,5170ec511fb50cdf10d648416d508574d70e9781ddf156a1b2a86d2b385e94dc,100,1729,maximum_first_20_then_half_top_6,2000.0,3000.0
kata1-b6c96-s8982784-d2082583,78,1666.756607041268,1583.5325680388967,1749.9806460436391,1573.370050307006,93.38655673426183,2,a5803f8a5d9d87202b43d709cb328cedaf18c446af448f705c33d553e8c2e9f7,5170ec511fb50cdf10d648416d508574d70e9781ddf156a1b2a86d2b385e94dc,100,1729,maximum_first_20_then_half_top_6,2000.0,3000.0
kata1-b6c96-s8982784-d2082583,80,1674.8903044290666,1592.635013669312,1757.1455951888213,1573.370050307006,101.52025412206058,2,a5803f8a5d9d87202b43d709cb328cedaf18c446af448f705c33d553e8c2e9f7,5170ec511fb50cdf10d648416d508574d70e9781ddf156a1b2a86d2b385e94dc,100,1729,maximum_first_20_then_half_top_6,2000.0,3000.0
kata1-b6c96-s8982784-d2082583,82,1665.82149456014,1584.567426570244,1747.0755625500362,1573.370050307006,92.45144425313401,2,a5803f8a5d9d87202b43d709cb328cedaf18c446af448f705c33d553e8c2e9f7,5170ec511fb50cdf10d648416d508574d70e9781ddf156a1b2a86d2b385e94dc,100,1729,maximum_first_20_then_half_top_6,2000.0,3000.0
kata1-b6c96-s8982784-d2082583,84,1676.6826799782154,1596.300877975164,1757.064481981267,1573.370050307006,103.31262967120938,2,a5803f8a5d9d87202b43d709cb328cedaf18c446af448f705c33d553e8c2e9f7,5170ec511fb50cdf10d648416d508574d70e9781ddf156a1b2a86d2b385e94dc,100,1729,maximum_first_20_then_half_top_6,2000.0,3000.0
kata1-b6c96-s8982784-d2082583,86,1678.2835214539023,1598.7778484953083,1757.7891944124963,1573.370050307006,104.9134711468962,2,a5803f8a5d9d87202b43d709cb328cedaf18c446af448f705c33d553e8c2e9f7,5170ec511fb50cdf10d648416d508574d70e9781ddf156a1b2a86d2b385e94dc,100,1729,maximum_first_20_then_half_top_6,2000.0,3000.0
kata1-b6c96-s8982784-d2082583,88,1669.2353411944532,1590.620057708993,1747.8506246799134,1573.370050307006,95.86529088744714,2,a5803f8a5d9d87202b43d709cb328cedaf18c446af448f705c33d553e8c2e9f7,5170ec511fb50cdf10d648416d508574d70e9781ddf156a1b2a86d2b385e94dc,100,1729,maximum_first_20_then_half_top_6,2000.0,3000.0
kata1-b6c96-s8982784-d2082583,90,1661.128173069569,1583.3365892013128,1738.919756937825,1573.370050307006,87.75812276256283,2,a5803f8a5d9d87202b43d709cb328cedaf18c446af448f705c33d553e8c2e9f7,5170ec511fb50cdf10d648416d508574d70e9781ddf156a1b2a86d2b385e94dc,100,1729,maximum_first_20_then_half_top_6,2000.0,3000.0
kata1-b6c96-s8982784-d2082583,92,1661.473552478076,1584.488014569919,1738.4590903862331,1573.370050307006,88.10350217106998,2,a5803f8a5d9d87202b43d709cb328cedaf18c446af448f705c33d553e8c2e9f7,5170ec511fb50cdf10d648416d508574d70e9781ddf156a1b2a86d2b385e94dc,100,1729,maximum_first_20_then_half_top_6,2000.0,3000.0
kata1-b6c96-s8982784-d2082583,94,1663.3153698934125,1587.0818084308248,1739.5489313560001,1573.370050307006,89.94531958640641,2,a5803f8a5d9d87202b43d709cb328cedaf18c446af448f705c33d553e8c2e9f7,5170ec511fb50cdf10d648416d508574d70e9781ddf156a1b2a86d2b385e94dc,100,1729,maximum_first_20_then_half_top_6,2000.0,3000.0
kata1-b6c96-s8982784-d2082583,96,1654.5962395031038,1579.071798491951,1730.1206805142565,1573.370050307006,81.22618919609772,2,a5803f8a5d9d87202b43d709cb328cedaf18c446af448f705c33d553e8c2e9f7,5170ec511fb50cdf10d648416d508574d70e9781ddf156a1b2a86d2b385e94dc,100,1729,maximum_first_20_then_half_top_6,2000.0,3000.0
kata1-b6c96-s8982784-d2082583,98,1657.6661054816707,1582.888018593713,1732.4441923696284,1573.370050307006,84.29605517466462,2,a5803f8a5d9d87202b43d709cb328cedaf18c446af448f705c33d553e8c2e9f7,5170ec511fb50cdf10d648416d508574d70e9781ddf156a1b2a86d2b385e94dc,100,1729,maximum_first_20_then_half_top_6,2000.0,3000.0
kata1-b6c96-s8982784-d2082583,100,1650.1571496494169,1576.035249658226,1724.2790496406078,1573.370050307006,76.78709934241078,2,a5803f8a5d9d87202b43d709cb328cedaf18c446af448f705c33d553e8c2e9f7,5170ec511fb50cdf10d648416d508574d70e9781ddf156a1b2a86d2b385e94dc,100,1729,maximum_first_20_then_half_top_6,2000.0,3000.0
kata1-b6c96-s10014464-d2201128,2,1168.6766672139572,-1284.9024775648352,3622.25581199275,1655.0650946473024,-486.3884274333452,2,a5803f8a5d9d87202b43d709cb328cedaf18c446af448f705c33d553e8c2e9f7,5170ec511fb50cdf10d648416d508574d70e9781ddf156a1b2a86d2b385e94dc,100,1729,maximum_first_20_then_half_top_6,2000.0,3000.0
kata1-b6c96-s10014464-d2201128,4,1598.2699416077355,985.3952189611571,2211.144664254314,1655.0650946473024,-56.79515303956691,2,a5803f8a5d9d87202b43d709cb328cedaf18c446af448f705c33d553e8c2e9f7,5170ec511fb50cdf10d648416d508574d70e9781ddf156a1b2a86d2b385e94dc,100,1729,maximum_first_20_then_half_top_6,2000.0,3000.0
kata1-b6c96-s10014464-d2201128,6,1700.094623331697,1313.647832752626,2086.541413910768,1655.0650946473024,45.02952868439456,2,a5803f8a5d9d87202b43d709cb328cedaf18c446af448f705c33d553e8c2e9f7,5170ec511fb50cdf10d648416d508574d70e9781ddf156a1b2a86d2b385e94dc,100,1729,maximum_first_20_then_half_top_6,2000.0,3000.0
kata1-b6c96-s10014464-d2201128,8,1691.6015744250674,1388.514503290997,1994.6886455591377,1655.0650946473024,36.53647977776495,2,a5803f8a5d9d87202b43d709cb328cedaf18c446af448f705c33d553e8c2e9f7,5170ec511fb50cdf10d648416d508574d70e9781ddf156a1b2a86d2b385e94dc,100,1729,maximum_first_20_then_half_top_6,2000.0,3000.0
kata1-b6c96-s10014464-d2201128,10,1588.599213813672,1327.5506444086602,1849.6477832186836,1655.0650946473024,-66.46588083363054,2,a5803f8a5d9d87202b43d709cb328cedaf18c446af448f705c33d553e8c2e9f7,5170ec511fb50cdf10d648416d508574d70e9781ddf156a1b2a86d2b385e94dc,100,1729,maximum_first_20_then_half_top_6,2000.0,3000.0
kata1-b6c96-s10014464-d2201128,12,1665.8325285992807,1436.4899729697586,1895.175084228803,1655.0650946473024,10.767433951978319,2,a5803f8a5d9d87202b43d709cb328cedaf18c446af448f705c33d553e8c2e9f7,5170ec511fb50cdf10d648416d508574d70e9781ddf156a1b2a86d2b385e94dc,100,1729,maximum_first_20_then_half_top_6,2000.0,3000.0
kata1-b6c96-s10014464-d2201128,14,1668.080375598305,1460.0764246211643,1876.0843265754456,1655.0650946473024,13.015280951002524,2,a5803f8a5d9d87202b43d709cb328cedaf18c446af448f705c33d553e8c2e9f7,5170ec511fb50cdf10d648416d508574d70e9781ddf156a1b2a86d2b385e94dc,100,1729,maximum_first_20_then_half_top_6,2000.0,3000.0
kata1-b6c96-s10014464-d2201128,16,1669.6454388993811,1477.889959183496,1861.4009186152662,1655.0650946473024,14.580344252078703,2,a5803f8a5d9d87202b43d709cb328cedaf18c446af448f705c33d553e8c2e9f7,5170ec511fb50cdf10d648416d508574d70e9781ddf156a1b2a86d2b385e94dc,100,1729,maximum_first_20_then_half_top_6,2000.0,3000.0
kata1-b6c96-s10014464-d2201128,18,1718.1665956434836,1537.5502138787758,1898.7829774081913,1655.0650946473024,63.10150099618113,2,a5803f8a5d9d87202b43d709cb328cedaf18c446af448f705c33d553e8c2e9f7,5170ec511fb50cdf10d648416d508574d70e9781ddf156a1b2a86d2b385e94dc,100,1729,maximum_first_20_then_half_top_6,2000.0,3000.0
kata1-b6c96-s10014464-d2201128,20,1679.2082760249507,1510.5701446304472,1847.8464074194542,1655.0650946473024,24.14318137764826,2,a5803f8a5d9d87202b43d709cb328cedaf18c446af448f705c33d553e8c2e9f7,5170ec511fb50cdf10d648416d508574d70e9781ddf156a1b2a86d2b385e94dc,100,1729,maximum_first_20_then_half_top_6,2000.0,3000.0
kata1-b6c96-s10014464-d2201128,22,1679.0961856923345,1519.3685039334744,1838.8238674511947,1655.0650946473024,24.0310910450321,2,a5803f8a5d9d87202b43d709cb328cedaf18c446af448f705c33d553e8c2e9f7,5170ec511fb50cdf10d648416d508574d70e9781ddf156a1b2a86d2b385e94dc,100,1729,maximum_first_20_then_half_top_6,2000.0,3000.0
kata1-b6c96-s10014464-d2201128,24,1687.323782241841,1534.6089366693254,1840.0386278143565,1655.0650946473024,32.258687594538515,2,a5803f8a5d9d87202b43d709cb328cedaf18c446af448f705c33d553e8c2e9f7,5170ec511fb50cdf10d648416d508574d70e9781ddf156a1b2a86d2b385e94dc,100,1729,maximum_first_20_then_half_top_6,2000.0,3000.0
kata1-b6c96-s10014464-d2201128,26,1717.7800119742046,1570.656704922182,1864.9033190262273,1655.0650946473024,62.714917326902196,2,a5803f8a5d9d87202b43d709cb328cedaf18c446af448f705c33d553e8c2e9f7,5170ec511fb50cdf10d648416d508574d70e9781ddf156a1b2a86d2b385e94dc,100,1729,maximum_first_20_then_half_top_6,2000.0,3000.0
kata1-b6c96-s10014464-d2201128,28,1736.7822437840166,1593.7617246808663,1879.8027628871669,1655.0650946473024,81.71714913671417,2,a5803f8a5d9d87202b43d709cb328cedaf18c446af448f705c33d553e8c2e9f7,5170ec511fb50cdf10d648416d508574d70e9781ddf156a1b2a86d2b385e94dc,100,1729,maximum_first_20_then_half_top_6,2000.0,3000.0
kata1-b6c96-s10014464-d2201128,30,1710.263982326356,1574.0937044095813,1846.4342602431307,1655.0650946473024,55.19888767905354,2,a5803f8a5d9d87202b43d709cb328cedaf18c446af448f705c33d553e8c2e9f7,5170ec511fb50cdf10d648416d508574d70e9781ddf156a1b2a86d2b385e94dc,100,1729,maximum_first_20_then_half_top_6,2000.0,3000.0
kata1-b6c96-s10014464-d2201128,32,1712.6960502477823,1581.174172147412,1844.2179283481526,1655.0650946473024,57.630955600479865,2,a5803f8a5d9d87202b43d709cb328cedaf18c446af448f705c33d553e8c2e9f7,5170ec511fb50cdf10d648416d508574d70e9781ddf156a1b2a86d2b385e94dc,100,1729,maximum_first_20_then_half_top_6,2000.0,3000.0
kata1-b6c96-s10014464-d2201128,34,1691.4030519820315,1564.5693530727856,1818.2367508912773,1655.0650946473024,36.337957334729026,2,a5803f8a5d9d87202b43d709cb328cedaf18c446af448f705c33d553e8c2e9f7,5170ec511fb50cdf10d648416d508574d70e9781ddf156a1b2a86d2b385e94dc,100,1729,maximum_first_20_then_half_top_6,2000.0,3000.0
kata1-b6c96-s10014464-d2201128,36,1690.5619499165828,1567.5495623553556,1813.5743374778099,1655.0650946473024,35.49685526928033,2,a5803f8a5d9d87202b43d709cb328cedaf18c446af448f705c33d553e8c2e9f7,5170ec511fb50cdf10d648416d508574d70e9781ddf156a1b2a86d2b385e94dc,100,1729,maximum_first_20_then_half_top_6,2000.0,3000.0
kata1-b6c96-s10014464-d2201128,38,1693.6989571905772,1574.0840385184106,1813.3138758627438,1655.0650946473024,38.633862543274745,2,a5803f8a5d9d87202b43d709cb328cedaf18c446af448f705c33d553e8c2e9f7,5170ec511fb50cdf10d648416d508574d70e9781ddf156a1b2a86d2b385e94dc,100,1729,maximum_first_20_then_half_top_6,2000.0,3000.0
kata1-b6c96-s10014464-d2201128,40,1673.3905707188549,1556.9941087249047,1789.787032712805,1655.0650946473024,18.32547607155243,2,a5803f8a5d9d87202b43d709cb328cedaf18c446af448f705c33d553e8c2e9f7,5170ec511fb50cdf10d648416d508574d70e9781ddf156a1b2a86d2b385e94dc,100,1729,maximum_first_20_then_half_top_6,2000.0,3000.0
kata1-b6c96-s10014464-d2201128,42,1655.1640714688995,1541.4696302884863,1768.8585126493126,1655.0650946473024,0.09897682159703436,2,a5803f8a5d9d87202b43d709cb328cedaf18c446af448f705c33d553e8c2e9f7,5170ec511fb50cdf10d648416d508574d70e9781ddf156a1b2a86d2b385e94dc,100,1729,maximum_first_20_then_half_top_6,2000.0,3000.0
kata1-b6c96-s10014464-d2201128,44,1653.3793212890862,1542.3889617238533,1764.369680854319,1655.0650946473024,-1.6857733582162382,2,a5803f8a5d9d87202b43d709cb328cedaf18c446af448f705c33d553e8c2e9f7,5170ec511fb50cdf10d648416d508574d70e9781ddf156a1b2a86d2b385e94dc,100,1729,maximum_first_20_then_half_top_6,2000.0,3000.0
kata1-b6c96-s10014464-d2201128,46,1660.2047379037153,1551.83742684144,1768.5720489659907,1655.0650946473024,5.13964325641291,2,a5803f8a5d9d87202b43d709cb328cedaf18c446af448f705c33d553e8c2e9f7,5170ec511fb50cdf10d648416d508574d70e9781ddf156a1b2a86d2b385e94dc,100,1729,maximum_first_20_then_half_top_6,2000.0,3000.0
kata1-b6c96-s10014464-d2201128,48,1642.1985814570833,1535.9221108456536,1748.475052068513,1655.0650946473024,-12.866513190219166,2,a5803f8a5d9d87202b43d709cb328cedaf18c446af448f705c33d553e8c2e9f7,5170ec511fb50cdf10d648416d508574d70e9781ddf156a1b2a86d2b385e94dc,100,1729,maximum_first_20_then_half_top_6,2000.0,3000.0
kata1-b6c96-s10014464-d2201128,50,1646.5531943452668,1542.4287021269747,1750.6776865635588,1655.0650946473024,-8.511900302035656,2,a5803f8a5d9d87202b43d709cb328cedaf18c446af448f705c33d553e8c2e9f7,5170ec511fb50cdf10d648416d508574d70e9781ddf156a1b2a86d2b385e94dc,100,1729,maximum_first_20_then_half_top_6,2000.0,3000.0
kata1-b6c96-s10014464-d2201128,52,1630.4984241675008,1528.0963153769926,1732.900532958009,1655.0650946473024,-24.566670479801587,2,a5803f8a5d9d87202b43d709cb328cedaf18c446af448f705c33d553e8c2e9f7,5170ec511fb50cdf10d648416d508574d70e9781ddf156a1b2a86d2b385e94dc,100,1729,maximum_first_20_then_half_top_6,2000.0,3000.0
kata1-b6c96-s10014464-d2201128,54,1628.6357444475486,1528.1428482343367,1729.1286406607605,1655.0650946473024,-26.4293501997538,2,a5803f8a5d9d87202b43d709cb328cedaf18c446af448f705c33d553e8c2e9f7,5170ec511fb50cdf10d648416d508574d70e9781ddf156a1b2a86d2b385e94dc,100,1729,maximum_first_20_then_half_top_6,2000.0,3000.0
kata1-b6c96-s10014464-d2201128,56,1642.0646656778945,1543.710737434627,1740.418593921162,1655.0650946473024,-13.000428969407949,2,a5803f8a5d9d87202b43d709cb328cedaf18c446af448f705c33d553e8c2e9f7,5170ec511fb50cdf10d648416d508574d70e9781ddf156a1b2a86d2b385e94dc,100,1729,maximum_first_20_then_half_top_6,2000.0,3000.0
kata1-b6c96-s10014464-d2201128,58,1645.8686701408267,1549.1916117065225,1742.5457285751309,1655.0650946473024,-9.19642450647575,2,a5803f8a5d9d87202b43d709cb328cedaf18c446af448f705c33d553e8c2e9f7,5170ec511fb50cdf10d648416d508574d70e9781ddf156a1b2a86d2b385e94dc,100,1729,maximum_first_20_then_half_top_6,2000.0,3000.0
kata1-b6c96-s10014464-d2201128,60,1649.3875712337324,1554.302803589689,1744.4723388777759,1655.0650946473024,-5.677523413570043,2,a5803f8a5d9d87202b43d709cb328cedaf18c446af448f705c33d553e8c2e9f7,5170ec511fb50cdf10d648416d508574d70e9781ddf156a1b2a86d2b385e94dc,100,1729,maximum_first_20_then_half_top_6,2000.0,3000.0
kata1-b6c96-s10014464-d2201128,62,1660.6799782861813,1567.2630088567273,1754.0969477156352,1655.0650946473024,5.614883638878837,2,a5803f8a5d9d87202b43d709cb328cedaf18c446af448f705c33d553e8c2e9f7,5170ec511fb50cdf10d648416d508574d70e9781ddf156a1b2a86d2b385e94dc,100,1729,maximum_first_20_then_half_top_6,2000.0,3000.0
kata1-b6c96-s10014464-d2201128,64,1647.3713068084173,1555.2999220875886,1739.442691529246,1655.0650946473024,-7.6937878388851,2,a5803f8a5d9d87202b43d709cb328cedaf18c446af448f705c33d553e8c2e9f7,5170ec511fb50cdf10d648416d508574d70e9781ddf156a1b2a86d2b385e94dc,100,1729,maximum_first_20_then_half_top_6,2000.0,3000.0
kata1-b6c96-s10014464-d2201128,66,1634.8867878722158,1544.0303015379052,1725.7432742065264,1655.0650946473024,-20.17830677508664,2,a5803f8a5d9d87202b43d709cb328cedaf18c446af448f705c33d553e8c2e9f7,5170ec511fb50cdf10d648416d508574d70e9781ddf156a1b2a86d2b385e94dc,100,1729,maximum_first_20_then_half_top_6,2000.0,3000.0
kata1-b6c96-s10014464-d2201128,68,1634.411483765462,1544.8957945481548,1723.9271729827692,1655.0650946473024,-20.65361088184045,2,a5803f8a5d9d87202b43d709cb328cedaf18c446af448f705c33d553e8c2e9f7,5170ec511fb50cdf10d648416d508574d70e9781ddf156a1b2a86d2b385e94dc,100,1729,maximum_first_20_then_half_top_6,2000.0,3000.0
kata1-b6c96-s10014464-d2201128,70,1619.9663886504375,1531.3617636377223,1708.5710136631526,1655.0650946473024,-35.098705996864965,2,a5803f8a5d9d87202b43d709cb328cedaf18c446af448f705c33d553e8c2e9f7,5170ec511fb50cdf10d648416d508574d70e9781ddf156a1b2a86d2b385e94dc,100,1729,maximum_first_20_then_half_top_6,2000.0,3000.0
kata1-b6c96-s10014464-d2201128,72,1629.5751214930672,1542.3952869774707,1716.7549560086636,1655.0650946473024,-25.48997315423526,2,a5803f8a5d9d87202b43d709cb328cedaf18c446af448f705c33d553e8c2e9f7,5170ec511fb50cdf10d648416d508574d70e9781ddf156a1b2a86d2b385e94dc,100,1729,maximum_first_20_then_half_top_6,2000.0,3000.0
kata1-b6c96-s10014464-d2201128,74,1629.2920747060527,1543.2893848245546,1715.2947645875508,1655.0650946473024,-25.773019941249686,2,a5803f8a5d9d87202b43d709cb328cedaf18c446af448f705c33d553e8c2e9f7,5170ec511fb50cdf10d648416d508574d70e9781ddf156a1b2a86d2b385e94dc,100,1729,maximum_first_20_then_half_top_6,2000.0,3000.0
kata1-b6c96-s10014464-d2201128,76,1618.9798528428485,1533.9260474317225,1704.0336582539744,1655.0650946473024,-36.08524180445397,2,a5803f8a5d9d87202b43d709cb328cedaf18c446af448f705c33d553e8c2e9f7,5170ec511fb50cdf10d648416d508574d70e9781ddf156a1b2a86d2b385e94dc,100,1729,maximum_first_20_then_half_top_6,2000.0,3000.0
kata1-b6c96-s10014464-d2201128,78,1620.572962413246,1536.6152004528992,1704.5307243735926,1655.0650946473024,-34.4921322340565,2,a5803f8a5d9d87202b43d709cb328cedaf18c446af448f705c33d553e8c2e9f7,5170ec511fb50cdf10d648416d508574d70e9781ddf156a1b2a86d2b385e94dc,100,1729,maximum_first_20_then_half_top_6,2000.0,3000.0
kata1-b6c96-s10014464-d2201128,80,1620.55804512539,1537.6437464385815,1703.4723438121985,1655.0650946473024,-34.50704952191245,2,a5803f8a5d9d87202b43d709cb328cedaf18c446af448f705c33d553e8c2e9f7,5170ec511fb50cdf10d648416d508574d70e9781ddf156a1b2a86d2b385e94dc,100,1729,maximum_first_20_then_half_top_6,2000.0,3000.0
kata1-b6c96-s10014464-d2201128,82,1628.7014014496074,1546.9149294408865,1710.4878734583283,1655.0650946473024,-26.363693197695056,2,a5803f8a5d9d87202b43d709cb328cedaf18c446af448f705c33d553e8c2e9f7,5170ec511fb50cdf10d648416d508574d70e9781ddf156a1b2a86d2b385e94dc,100,1729,maximum_first_20_then_half_top_6,2000.0,3000.0
kata1-b6c96-s10014464-d2201128,84,1619.4549633054498,1538.487685786983,1700.4222408239166,1655.0650946473024,-35.61013134185259,2,a5803f8a5d9d87202b43d709cb328cedaf18c446af448f705c33d553e8c2e9f7,5170ec511fb50cdf10d648416d508574d70e9781ddf156a1b2a86d2b385e94dc,100,1729,maximum_first_20_then_half_top_6,2000.0,3000.0
kata1-b6c96-s10014464-d2201128,86,1609.689415772415,1529.4683726735675,1689.9104588712626,1655.0650946473024,-45.3756788748874,2,a5803f8a5d9d87202b43d709cb328cedaf18c446af448f705c33d553e8c2e9f7,5170ec511fb50cdf10d648416d508574d70e9781ddf156a1b2a86d2b385e94dc,100,1729,maximum_first_20_then_half_top_6,2000.0,3000.0
kata1-b6c96-s10014464-d2201128,88,1617.740490982367,1538.5667430498927,1696.9142389148412,1655.0650946473024,-37.324603664935466,2,a5803f8a5d9d87202b43d709cb328cedaf18c446af448f705c33d553e8c2e9f7,5170ec511fb50cdf10d648416d508574d70e9781ddf156a1b2a86d2b385e94dc,100,1729,maximum_first_20_then_half_top_6,2000.0,3000.0
kata1-b6c96-s10014464-d2201128,90,1616.9348650279549,1538.6106630371687,1695.259067018741,1655.0650946473024,-38.130229619347574,2,a5803f8a5d9d87202b43d709cb328cedaf18c446af448f705c33d553e8c2e9f7,5170ec511fb50cdf10d648416d508574d70e9781ddf156a1b2a86d2b385e94dc,100,1729,maximum_first_20_then_half_top_6,2000.0,3000.0
kata1-b6c96-s10014464-d2201128,92,1614.7181172611413,1537.1531263497252,1692.2831081725574,1655.0650946473024,-40.34697738616114,2,a5803f8a5d9d87202b43d709cb328cedaf18c446af448f705c33d553e8c2e9f7,5170ec511fb50cdf10d648416d508574d70e9781ddf156a1b2a86d2b385e94dc,100,1729,maximum_first_20_then_half_top_6,2000.0,3000.0
kata1-b6c96-s10014464-d2201128,94,1613.8168716400373,1537.0455580488533,1690.5881852312214,1655.0650946473024,-41.248223007265096,2,a5803f8a5d9d87202b43d709cb328cedaf18c446af448f705c33d553e8c2e9f7,5170ec511fb50cdf10d648416d508574d70e9781ddf156a1b2a86d2b385e94dc,100,1729,maximum_first_20_then_half_top_6,2000.0,3000.0
kata1-b6c96-s10014464-d2201128,96,1612.9379932292752,1536.9349433153927,1688.9410431431577,1655.0650946473024,-42.12710141802722,2,a5803f8a5d9d87202b43d709cb328cedaf18c446af448f705c33d553e8c2e9f7,5170ec511fb50cdf10d648416d508574d70e9781ddf156a1b2a86d2b385e94dc,100,1729,maximum_first_20_then_half_top_6,2000.0,3000.0
kata1-b6c96-s10014464-d2201128,98,1612.3020502100944,1537.044571443398,1687.559528976791,1655.0650946473024,-42.76304443720801,2,a5803f8a5d9d87202b43d709cb328cedaf18c446af448f705c33d553e8c2e9f7,5170ec511fb50cdf10d648416d508574d70e9781ddf156a1b2a86d2b385e94dc,100,1729,maximum_first_20_then_half_top_6,2000.0,3000.0
kata1-b6c96-s10014464-d2201128,100,1617.9938054367385,1543.4942680211498,1692.4933428523273,1655.0650946473024,-37.07128921056392,2,a5803f8a5d9d87202b43d709cb328cedaf18c446af448f705c33d553e8c2e9f7,5170ec511fb50cdf10d648416d508574d70e9781ddf156a1b2a86d2b385e94dc,100,1729,maximum_first_20_then_half_top_6,2000.0,3000.0
kata1-b6c96-s10825472-d2300510,2,1167.119422671085,-1284.6062048658277,3618.8450502079977,1744.6194606988875,-577.5000380278025,2,a5803f8a5d9d87202b43d709cb328cedaf18c446af448f705c33d553e8c2e9f7,5170ec511fb50cdf10d648416d508574d70e9781ddf156a1b2a86d2b385e94dc,100,1729,maximum_first_20_then_half_top_6,2000.0,3000.0
kata1-b6c96-s10825472-d2300510,4,1596.6806339084849,983.9910932469504,2209.370174570019,1744.6194606988875,-147.93882679040257,2,a5803f8a5d9d87202b43d709cb328cedaf18c446af448f705c33d553e8c2e9f7,5170ec511fb50cdf10d648416d508574d70e9781ddf156a1b2a86d2b385e94dc,100,1729,maximum_first_20_then_half_top_6,2000.0,3000.0
kata1-b6c96-s10825472-d2300510,6,1589.390361727998,1207.0884552435343,1971.6922682124616,1744.6194606988875,-155.22909897088948,2,a5803f8a5d9d87202b43d709cb328cedaf18c446af448f705c33d553e8c2e9f7,5170ec511fb50cdf10d648416d508574d70e9781ddf156a1b2a86d2b385e94dc,100,1729,maximum_first_20_then_half_top_6,2000.0,3000.0
kata1-b6c96-s10825472-d2300510,8,1726.3890250210009,1413.728054554972,2039.0499954870297,1744.6194606988875,-18.23043567788659,2,a5803f8a5d9d87202b43d709cb328cedaf18c446af448f705c33d553e8c2e9f7,5170ec511fb50cdf10d648416d508574d70e9781ddf156a1b2a86d2b385e94dc,100,1729,maximum_first_20_then_half_top_6,2000.0,3000.0
kata1-b6c96-s10825472-d2300510,10,1629.0977220587256,1368.17863387752,1890.0168102399311,1744.6194606988875,-115.52173864016186,2,a5803f8a5d9d87202b43d709cb328cedaf18c446af448f705c33d553e8c2e9f7,5170ec511fb50cdf10d648416d508574d70e9781ddf156a1b2a86d2b385e94dc,100,1729,maximum_first_20_then_half_top_6,2000.0,3000.0
kata1-b6c96-s10825472-d2300510,12,1626.9709937877424,1396.4572750321113,1857.4847125433735,1744.6194606988875,-117.64846691114508,2,a5803f8a5d9d87202b43d709cb328cedaf18c446af448f705c33d553e8c2e9f7,5170ec511fb50cdf10d648416d508574d70e9781ddf156a1b2a86d2b385e94dc,100,1729,maximum_first_20_then_half_top_6,2000.0,3000.0
kata1-b6c96-s10825472-d2300510,14,1690.4248053152805,1479.9649970277783,1900.8846136027828,1744.6194606988875,-54.194655383606914,2,a5803f8a5d9d87202b43d709cb328cedaf18c446af448f705c33d553e8c2e9f7,5170ec511fb50cdf10d648416d508574d70e9781ddf156a1b2a86d2b385e94dc,100,1729,maximum_first_20_then_half_top_6,2000.0,3000.0
kata1-b6c96-s10825472-d2300510,16,1716.2512350124307,1521.0235478413456,1911.4789221835158,1744.6194606988875,-28.368225686456753,2,a5803f8a5d9d87202b43d709cb328cedaf18c446af448f705c33d553e8c2e9f7,5170ec511fb50cdf10d648416d508574d70e9781ddf156a1b2a86d2b385e94dc,100,1729,maximum_first_20_then_half_top_6,2000.0,3000.0
kata1-b6c96-s10825472-d2300510,18,1719.7167122361673,1537.8866505542853,1901.5467739180492,1744.6194606988875,-24.902748462720183,2,a5803f8a5d9d87202b43d709cb328cedaf18c446af448f705c33d553e8c2e9f7,5170ec511fb50cdf10d648416d508574d70e9781ddf156a1b2a86d2b385e94dc,100,1729,maximum_first_20_then_half_top_6,2000.0,3000.0
kata1-b6c96-s10825472-d2300510,20,1679.8310992856025,1510.1702445714307,1849.4919539997743,1744.6194606988875,-64.78836141328497,2,a5803f8a5d9d87202b43d709cb328cedaf18c446af448f705c33d553e8c2e9f7,5170ec511fb50cdf10d648416d508574d70e9781ddf156a1b2a86d2b385e94dc,100,1729,maximum_first_20_then_half_top_6,2000.0,3000.0
kata1-b6c96-s10825472-d2300510,22,1717.5427678056483,1556.0722642874669,1879.0132713238297,1744.6194606988875,-27.07669289323917,2,a5803f8a5d9d87202b43d709cb328cedaf18c446af448f705c33d553e8c2e9f7,5170ec511fb50cdf10d648416d508574d70e9781ddf156a1b2a86d2b385e94dc,100,1729,maximum_first_20_then_half_top_6,2000.0,3000.0
kata1-b6c96-s10825472-d2300510,24,1719.9181904371142,1566.2094810073636,1873.6268998668647,1744.6194606988875,-24.70127026177329,2,a5803f8a5d9d87202b43d709cb328cedaf18c446af448f705c33d553e8c2e9f7,5170ec511fb50cdf10d648416d508574d70e9781ddf156a1b2a86d2b385e94dc,100,1729,maximum_first_20_then_half_top_6,2000.0,3000.0
kata1-b6c96-s10825472-d2300510,26,1743.0960176007131,1594.5541234592024,1891.6379117422239,1744.6194606988875,-1.5234430981743117,2,a5803f8a5d9d87202b43d709cb328cedaf18c446af448f705c33d553e8c2e9f7,5170ec511fb50cdf10d648416d508574d70e9781ddf156a1b2a86d2b385e94dc,100,1729,maximum_first_20_then_half_top_6,2000.0,3000.0
kata1-b6c96-s10825472-d2300510,28,1713.758889624467,1572.5729534292948,1854.9448258196392,1744.6194606988875,-30.860571074420477,2,a5803f8a5d9d87202b43d709cb328cedaf18c446af448f705c33d553e8c2e9f7,5170ec511fb50cdf10d648416d508574d70e9781ddf156a1b2a86d2b385e94dc,100,1729,maximum_first_20_then_half_top_6,2000.0,3000.0
kata1-b6c96-s10825472-d2300510,30,1742.9212913391148,1605.9636695015665,1879.878913176663,1744.6194606988875,-1.6981693597726917,2,a5803f8a5d9d87202b43d709cb328cedaf18c446af448f705c33d553e8c2e9f7,5170ec511fb50cdf10d648416d508574d70e9781ddf156a1b2a86d2b385e94dc,100,1729,maximum_first_20_then_half_top_6,2000.0,3000.0
kata1-b6c96-s10825472-d2300510,32,1762.2943560980061,1628.8204142981522,1895.76829789786,1744.6194606988875,17.674895399118668,2,a5803f8a5d9d87202b43d709cb328cedaf18c446af448f705c33d553e8c2e9f7,5170ec511fb50cdf10d648416d508574d70e9781ddf156a1b2a86d2b385e94dc,100,1729,maximum_first_20_then_half_top_6,2000.0,3000.0
kata1-b6c96-s10825472-d2300510,34,1755.0821938779613,1626.1749766933885,1883.9894110625341,1744.6194606988875,10.462733179073894,2,a5803f8a5d9d87202b43d709cb328cedaf18c446af448f705c33d553e8c2e9f7,5170ec511fb50cdf10d648416d508574d70e9781ddf156a1b2a86d2b385e94dc,100,1729,maximum_first_20_then_half_top_6,2000.0,3000.0
kata1-b6c96-s10825472-d2300510,36,1754.2410009028235,1629.3916382990199,1879.0903635066272,1744.6194606988875,9.621540203936092,2,a5803f8a5d9d87202b43d709cb328cedaf18c446af448f705c33d553e8c2e9f7,5170ec511fb50cdf10d648416d508574d70e9781ddf156a1b2a86d2b385e94dc,100,1729,maximum_first_20_then_half_top_6,2000.0,3000.0
kata1-b6c96-s10825472-d2300510,38,1753.522909537882,1632.3447384027409,1874.7010806730232,1744.6194606988875,8.903448838994564,2,a5803f8a5d9d87202b43d709cb328cedaf18c446af448f705c33d553e8c2e9f7,5170ec511fb50cdf10d648416d508574d70e9781ddf156a1b2a86d2b385e94dc,100,1729,maximum_first_20_then_half_top_6,2000.0,3000.0
kata1-b6c96-s10825472-d2300510,40,1749.275981589314,1631.503922853913,1867.0480403247147,1744.6194606988875,4.656520890426464,2,a5803f8a5d9d87202b43d709cb328cedaf18c446af448f705c33d553e8c2e9f7,5170ec511fb50cdf10d648416d508574d70e9781ddf156a1b2a86d2b385e94dc,100,1729,maximum_first_20_then_half_top_6,2000.0,3000.0
kata1-b6c96-s10825472-d2300510,42,1725.4886922004796,1611.4675914065344,1839.5097929944247,1744.6194606988875,-19.13076849840786,2,a5803f8a5d9d87202b43d709cb328cedaf18c446af448f705c33d553e8c2e9f7,5170ec511fb50cdf10d648416d508574d70e9781ddf156a1b2a86d2b385e94dc,100,1729,maximum_first_20_then_half_top_6,2000.0,3000.0
kata1-b6c96-s10825472-d2300510,44,1735.180709144429,1623.6264884706388,1846.7349298182194,1744.6194606988875,-9.43875155445835,2,a5803f8a5d9d87202b43d709cb328cedaf18c446af448f705c33d553e8c2e9f7,5170ec511fb50cdf10d648416d508574d70e9781ddf156a1b2a86d2b385e94dc,100,1729,maximum_first_20_then_half_top_6,2000.0,3000.0
kata1-b6c96-s10825472-d2300510,46,1747.8725975225552,1638.3798023438894,1857.365392701221,1744.6194606988875,3.2531368236677736,2,a5803f8a5d9d87202b43d709cb328cedaf18c446af448f705c33d553e8c2e9f7,5170ec511fb50cdf10d648416d508574d70e9781ddf156a1b2a86d2b385e94dc,100,1729,maximum_first_20_then_half_top_6,2000.0,3000.0
kata1-b6c96-s10825472-d2300510,48,1758.688601461713,1650.9160065603498,1866.4611963630762,1744.6194606988875,14.069140762825555,2,a5803f8a5d9d87202b43d709cb328cedaf18c446af448f705c33d553e8c2e9f7,5170ec511fb50cdf10d648416d508574d70e9781ddf156a1b2a86d2b385e94dc,100,1729,maximum_first_20_then_half_top_6,2000.0,3000.0
kata1-b6c96-s10825472-d2300510,50,1742.2384412927713,1637.3834917986403,1847.0933907869023,1744.6194606988875,-2.3810194061161383,2,a5803f8a5d9d87202b43d709cb328cedaf18c446af448f705c33d553e8c2e9f7,5170ec511fb50cdf10d648416d508574d70e9781ddf156a1b2a86d2b385e94dc,100,1729,maximum_first_20_then_half_top_6,2000.0,3000.0
kata1-b6c96-s10825472-d2300510,52,1752.3470763897028,1649.0345095432715,1855.6596432361341,1744.6194606988875,7.727615690815355,2,a5803f8a5d9d87202b43d709cb328cedaf18c446af448f705c33d553e8c2e9f7,5170ec511fb50cdf10d648416d508574d70e9781ddf156a1b2a86d2b385e94dc,100,1729,maximum_first_20_then_half_top_6,2000.0,3000.0
kata1-b6c96-s10825472-d2300510,54,1749.2807263410916,1648.0471739471818,1850.5142787350014,1744.6194606988875,4.661265642204171,2,a5803f8a5d9d87202b43d709cb328cedaf18c446af448f705c33d553e8c2e9f7,5170ec511fb50cdf10d648416d508574d70e9781ddf156a1b2a86d2b385e94dc,100,1729,maximum_first_20_then_half_top_6,2000.0,3000.0
kata1-b6c96-s10825472-d2300510,56,1735.1349255063224,1636.237927584323,1834.0319234283218,1744.6194606988875,-9.48453519256509,2,a5803f8a5d9d87202b43d709cb328cedaf18c446af448f705c33d553e8c2e9f7,5170ec511fb50cdf10d648416d508574d70e9781ddf156a1b2a86d2b385e94dc,100,1729,maximum_first_20_then_half_top_6,2000.0,3000.0
kata1-b6c96-s10825472-d2300510,58,1735.390310069023,1638.247683285297,1832.532936852749,1744.6194606988875,-9.229150629864534,2,a5803f8a5d9d87202b43d709cb328cedaf18c446af448f705c33d553e8c2e9f7,5170ec511fb50cdf10d648416d508574d70e9781ddf156a1b2a86d2b385e94dc,100,1729,maximum_first_20_then_half_top_6,2000.0,3000.0
kata1-b6c96-s10825472-d2300510,60,1731.3083850514251,1635.7899721263936,1826.8267979764566,1744.6194606988875,-13.311075647462303,2,a5803f8a5d9d87202b43d709cb328cedaf18c446af448f705c33d553e8c2e9f7,5170ec511fb50cdf10d648416d508574d70e9781ddf156a1b2a86d2b385e94dc,100,1729,maximum_first_20_then_half_top_6,2000.0,3000.0
kata1-b6c96-s10825472-d2300510,62,1741.9068134329307,1647.6600100594314,1836.15361680643,1744.6194606988875,-2.7126472659567753,2,a5803f8a5d9d87202b43d709cb328cedaf18c446af448f705c33d553e8c2e9f7,5170ec511fb50cdf10d648416d508574d70e9781ddf156a1b2a86d2b385e94dc,100,1729,maximum_first_20_then_half_top_6,2000.0,3000.0
kata1-b6c96-s10825472-d2300510,64,1754.0039209508352,1660.8756086864776,1847.1322332151929,1744.6194606988875,9.384460251947758,2,a5803f8a5d9d87202b43d709cb328cedaf18c446af448f705c33d553e8c2e9f7,5170ec511fb50cdf10d648416d508574d70e9781ddf156a1b2a86d2b385e94dc,100,1729,maximum_first_20_then_half_top_6,2000.0,3000.0
kata1-b6c96-s10825472-d2300510,66,1741.9328813922486,1650.6270544835836,1833.2387083009137,1744.6194606988875,-2.686579306638805,2,a5803f8a5d9d87202b43d709cb328cedaf18c446af448f705c33d553e8c2e9f7,5170ec511fb50cdf10d648416d508574d70e9781ddf156a1b2a86d2b385e94dc,100,1729,maximum_first_20_then_half_top_6,2000.0,3000.0
kata1-b6c96-s10825472-d2300510,68,1744.446404690914,1654.3987537636726,1834.4940556181555,1744.6194606988875,-0.17305600797340048,2,a5803f8a5d9d87202b43d709cb328cedaf18c446af448f705c33d553e8c2e9f7,5170ec511fb50cdf10d648416d508574d70e9781ddf156a1b2a86d2b385e94dc,100,1729,maximum_first_20_then_half_top_6,2000.0,3000.0
kata1-b6c96-s10825472-d2300510,70,1744.3918956936682,1655.6462302726056,1833.1375611147307,1744.6194606988875,-0.22756500521927592,2,a5803f8a5d9d87202b43d709cb328cedaf18c446af448f705c33d553e8c2e9f7,5170ec511fb50cdf10d648416d508574d70e9781ddf156a1b2a86d2b385e94dc,100,1729,maximum_first_20_then_half_top_6,2000.0,3000.0
kata1-b6c96-s10825472-d2300510,72,1736.3874091781938,1649.0115753098437,1823.763243046544,1744.6194606988875,-8.23205152069363,2,a5803f8a5d9d87202b43d709cb328cedaf18c446af448f705c33d553e8c2e9f7,5170ec511fb50cdf10d648416d508574d70e9781ddf156a1b2a86d2b385e94dc,100,1729,maximum_first_20_then_half_top_6,2000.0,3000.0
kata1-b6c96-s10825472-d2300510,74,1736.545023297306,1650.34582222375,1822.744224370862,1744.6194606988875,-8.074437401581463,2,a5803f8a5d9d87202b43d709cb328cedaf18c446af448f705c33d553e8c2e9f7,5170ec511fb50cdf10d648416d508574d70e9781ddf156a1b2a86d2b385e94dc,100,1729,maximum_first_20_then_half_top_6,2000.0,3000.0
kata1-b6c96-s10825472-d2300510,76,1724.8139076944772,1639.9293832942994,1809.698432094655,1744.6194606988875,-19.805553004410285,2,a5803f8a5d9d87202b43d709cb328cedaf18c446af448f705c33d553e8c2e9f7,5170ec511fb50cdf10d648416d508574d70e9781ddf156a1b2a86d2b385e94dc,100,1729,maximum_first_20_then_half_top_6,2000.0,3000.0
kata1-b6c96-s10825472-d2300510,78,1713.7726149109467,1630.0803882050457,1797.4648416168477,1744.6194606988875,-30.846845787940765,2,a5803f8a5d9d87202b43d709cb328cedaf18c446af448f705c33d553e8c2e9f7,5170ec511fb50cdf10d648416d508574d70e9781ddf156a1b2a86d2b385e94dc,100,1729,maximum_first_20_then_half_top_6,2000.0,3000.0
kata1-b6c96-s10825472-d2300510,80,1703.34863233568,1620.742780203765,1785.9544844675947,1744.6194606988875,-41.270828363207556,2,a5803f8a5d9d87202b43d709cb328cedaf18c446af448f705c33d553e8c2e9f7,5170ec511fb50cdf10d648416d508574d70e9781ddf156a1b2a86d2b385e94dc,100,1729,maximum_first_20_then_half_top_6,2000.0,3000.0
kata1-b6c96-s10825472-d2300510,82,1693.4799968334084,1611.8681880112786,1775.0918056555383,1744.6194606988875,-51.139463865479,2,a5803f8a5d9d87202b43d709cb328cedaf18c446af448f705c33d553e8c2e9f7,5170ec511fb50cdf10d648416d508574d70e9781ddf156a1b2a86d2b385e94dc,100,1729,maximum_first_20_then_half_top_6,2000.0,3000.0
kata1-b6c96-s10825472-d2300510,84,1690.8034675313093,1610.0726410050759,1771.5342940575426,1744.6194606988875,-53.8159931675782,2,a5803f8a5d9d87202b43d709cb328cedaf18c446af448f705c33d553e8c2e9f7,5170ec511fb50cdf10d648416d508574d70e9781ddf156a1b2a86d2b385e94dc,100,1729,maximum_first_20_then_half_top_6,2000.0,3000.0
kata1-b6c96-s10825472-d2300510,86,1681.7136441734165,1601.8658894526823,1761.5613988941507,1744.6194606988875,-62.90581652547098,2,a5803f8a5d9d87202b43d709cb328cedaf18c446af448f705c33d553e8c2e9f7,5170ec511fb50cdf10d648416d508574d70e9781ddf156a1b2a86d2b385e94dc,100,1729,maximum_first_20_then_half_top_6,2000.0,3000.0
kata1-b6c96-s10825472-d2300510,88,1681.0556539773659,1602.08869283768,1760.0226151170518,1744.6194606988875,-63.56380672152159,2,a5803f8a5d9d87202b43d709cb328cedaf18c446af448f705c33d553e8c2e9f7,5170ec511fb50cdf10d648416d508574d70e9781ddf156a1b2a86d2b385e94dc,100,1729,maximum_first_20_then_half_top_6,2000.0,3000.0
kata1-b6c96-s10825472-d2300510,90,1678.3026632710469,1600.1378603785968,1756.467466163497,1744.6194606988875,-66.31679742784058,2,a5803f8a5d9d87202b43d709cb328cedaf18c446af448f705c33d553e8c2e9f7,5170ec511fb50cdf10d648416d508574d70e9781ddf156a1b2a86d2b385e94dc,100,1729,maximum_first_20_then_half_top_6,2000.0,3000.0
kata1-b6c96-s10825472-d2300510,92,1686.463515403466,1609.1710895696715,1763.7559412372607,1744.6194606988875,-58.15594529542136,2,a5803f8a5d9d87202b43d709cb328cedaf18c446af448f705c33d553e8c2e9f7,5170ec511fb50cdf10d648416d508574d70e9781ddf156a1b2a86d2b385e94dc,100,1729,maximum_first_20_then_half_top_6,2000.0,3000.0
kata1-b6c96-s10825472-d2300510,94,1684.9617187532385,1608.439781000205,1761.4836565062722,1744.6194606988875,-59.65774194564892,2,a5803f8a5d9d87202b43d709cb328cedaf18c446af448f705c33d553e8c2e9f7,5170ec511fb50cdf10d648416d508574d70e9781ddf156a1b2a86d2b385e94dc,100,1729,maximum_first_20_then_half_top_6,2000.0,3000.0
kata1-b6c96-s10825472-d2300510,96,1684.8109029310087,1609.0563392363497,1760.5654666256678,1744.6194606988875,-59.80855776787871,2,a5803f8a5d9d87202b43d709cb328cedaf18c446af448f705c33d553e8c2e9f7,5170ec511fb50cdf10d648416d508574d70e9781ddf156a1b2a86d2b385e94dc,100,1729,maximum_first_20_then_half_top_6,2000.0,3000.0
kata1-b6c96-s10825472-d2300510,98,1682.433547477869,1607.3598598500914,1757.5072351056467,1744.6194606988875,-62.18591322101838,2,a5803f8a5d9d87202b43d709cb328cedaf18c446af448f705c33d553e8c2e9f7,5170ec511fb50cdf10d648416d508574d70e9781ddf156a1b2a86d2b385e94dc,100,1729,maximum_first_20_then_half_top_6,2000.0,3000.0
kata1-b6c96-s10825472-d2300510,100,1686.0724154531638,1611.7278193576394,1760.4170115486882,1744.6194606988875,-58.547045245723666,2,a5803f8a5d9d87202b43d709cb328cedaf18c446af448f705c33d553e8c2e9f7,5170ec511fb50cdf10d648416d508574d70e9781ddf156a1b2a86d2b385e94dc,100,1729,maximum_first_20_then_half_top_6,2000.0,3000.0
kata1-b6c96-s12849664-d2510774-temp-0.5,2,2013.5637084514226,1529.4336272963976,2497.6937896064474,1856.5744740796683,156.98923437175426,2,a5803f8a5d9d87202b43d709cb328cedaf18c446af448f705c33d553e8c2e9f7,5170ec511fb50cdf10d648416d508574d70e9781ddf156a1b2a86d2b385e94dc,100,1729,maximum_first_20_then_half_top_6,2000.0,3000.0
kata1-b6c96-s12849664-d2510774-temp-0.5,4,1820.6492098095564,1425.3986684139923,2215.8997512051205,1856.5744740796683,-35.92526427011194,2,a5803f8a5d9d87202b43d709cb328cedaf18c446af448f705c33d553e8c2e9f7,5170ec511fb50cdf10d648416d508574d70e9781ddf156a1b2a86d2b385e94dc,100,1729,maximum_first_20_then_half_top_6,2000.0,3000.0
kata1-b6c96-s12849664-d2510774-temp-0.5,6,1651.6534341401325,1269.2310393617418,2034.0758289185233,1856.5744740796683,-204.92103993953583,2,a5803f8a5d9d87202b43d709cb328cedaf18c446af448f705c33d553e8c2e9f7,5170ec511fb50cdf10d648416d508574d70e9781ddf156a1b2a86d2b385e94dc,100,1729,maximum_first_20_then_half_top_6,2000.0,3000.0
kata1-b6c96-s12849664-d2510774-temp-0.5,8,1578.9472991437071,1249.501516504111,1908.3930817833034,1856.5744740796683,-277.6271749359612,2,a5803f8a5d9d87202b43d709cb328cedaf18c446af448f705c33d553e8c2e9f7,5170ec511fb50cdf10d648416d508574d70e9781ddf156a1b2a86d2b385e94dc,100,1729,maximum_first_20_then_half_top_6,2000.0,3000.0
kata1-b6c96-s12849664-d2510774-temp-0.5,10,1580.8704306072461,1307.7815486789882,1853.959312535504,1856.5744740796683,-275.7040434724222,2,a5803f8a5d9d87202b43d709cb328cedaf18c446af448f705c33d553e8c2e9f7,5170ec511fb50cdf10d648416d508574d70e9781ddf156a1b2a86d2b385e94dc,100,1729,maximum_first_20_then_half_top_6,2000.0,3000.0
kata1-b6c96-s12849664-d2510774-temp-0.5,12,1660.3757496025835,1431.445629498779,1889.305869706388,1856.5744740796683,-196.19872447708485,2,a5803f8a5d9d87202b43d709cb328cedaf18c446af448f705c33d553e8c2e9f7,5170ec511fb50cdf10d648416d508574d70e9781ddf156a1b2a86d2b385e94dc,100,1729,maximum_first_20_then_half_top_6,2000.0,3000.0
kata1-b6c96-s12849664-d2510774-temp-0.5,14,1663.5048365431437,1456.04719746925,1870.9624756170374,1856.5744740796683,-193.06963753652462,2,a5803f8a5d9d87202b43d709cb328cedaf18c446af448f705c33d553e8c2e9f7,5170ec511fb50cdf10d648416d508574d70e9781ddf156a1b2a86d2b385e94dc,100,1729,maximum_first_20_then_half_top_6,2000.0,3000.0
kata1-b6c96-s12849664-d2510774-temp-0.5,16,1665.6595434766693,1474.4712951825989,1856.8477917707398,1856.5744740796683,-190.914930602999,2,a5803f8a5d9d87202b43d709cb328cedaf18c446af448f705c33d553e8c2e9f7,5170ec511fb50cdf10d648416d508574d70e9781ddf156a1b2a86d2b385e94dc,100,1729,maximum_first_20_then_half_top_6,2000.0,3000.0
kata1-b6c96-s12849664-d2510774-temp-0.5,18,1667.240689708516,1488.9295532526123,1845.5518261644195,1856.5744740796683,-189.33378437115243,2,a5803f8a5d9d87202b43d709cb328cedaf18c446af448f705c33d553e8c2e9f7,5170ec511fb50cdf10d648416d508574d70e9781ddf156a1b2a86d2b385e94dc,100,1729,maximum_first_20_then_half_top_6,2000.0,3000.0
kata1-b6c96-s12849664-d2510774-temp-0.5,20,1706.9505075971983,1539.6659315757192,1874.2350836186774,1856.5744740796683,-149.62396648247,2,a5803f8a5d9d87202b43d709cb328cedaf18c446af448f705c33d553e8c2e9f7,5170ec511fb50cdf10d648416d508574d70e9781ddf156a1b2a86d2b385e94dc,100,1729,maximum_first_20_then_half_top_6,2000.0,3000.0
kata1-b6c96-s12849664-d2510774-temp-0.5,22,1747.2260391490108,1587.936406650124,1906.5156716478978,1856.5744740796683,-109.3484349306575,2,a5803f8a5d9d87202b43d709cb328cedaf18c446af448f705c33d553e8c2e9f7,5170ec511fb50cdf10d648416d508574d70e9781ddf156a1b2a86d2b385e94dc,100,1729,maximum_first_20_then_half_top_6,2000.0,3000.0
kata1-b6c96-s12849664-d2510774-temp-0.5,24,1780.6235163709878,1627.456639588084,1933.7903931538915,1856.5744740796683,-75.95095770868056,2,a5803f8a5d9d87202b43d709cb328cedaf18c446af448f705c33d553e8c2e9f7,5170ec511fb50cdf10d648416d508574d70e9781ddf156a1b2a86d2b385e94dc,100,1729,maximum_first_20_then_half_top_6,2000.0,3000.0
kata1-b6c96-s12849664-d2510774-temp-0.5,26,1825.301869589352,1675.4866519187858,1975.1170872599182,1856.5744740796683,-31.272604490316326,2,a5803f8a5d9d87202b43d709cb328cedaf18c446af448f705c33d553e8c2e9f7,5170ec511fb50cdf10d648416d508574d70e9781ddf156a1b2a86d2b385e94dc,100,1729,maximum_first_20_then_half_top_6,2000.0,3000.0
kata1-b6c96-s12849664-d2510774-temp-0.5,28,1855.5677007108966,1709.8407576537215,2001.2946437680716,1856.5744740796683,-1.0067733687717464,2,a5803f8a5d9d87202b43d709cb328cedaf18c446af448f705c33d553e8c2e9f7,5170ec511fb50cdf10d648416d508574d70e9781ddf156a1b2a86d2b385e94dc,100,1729,maximum_first_20_then_half_top_6,2000.0,3000.0
kata1-b6c96-s12849664-d2510774-temp-0.5,30,1818.4568471111027,1680.6672555854682,1956.2464386367371,1856.5744740796683,-38.11762696856567,2,a5803f8a5d9d87202b43d709cb328cedaf18c446af448f705c33d553e8c2e9f7,5170ec511fb50cdf10d648416d508574d70e9781ddf156a1b2a86d2b385e94dc,100,1729,maximum_first_20_then_half_top_6,2000.0,3000.0
kata1-b6c96-s12849664-d2510774-temp-0.5,32,1812.9024480544706,1680.1464922715138,1945.6584038374274,1856.5744740796683,-43.67202602519774,2,a5803f8a5d9d87202b43d709cb328cedaf18c446af448f705c33d553e8c2e9f7,5170ec511fb50cdf10d648416d508574d70e9781ddf156a1b2a86d2b385e94dc,100,1729,maximum_first_20_then_half_top_6,2000.0,3000.0
kata1-b6c96-s12849664-d2510774-temp-0.5,34,1789.8737069455713,1662.4256912331193,1917.3217226580232,1856.5744740796683,-66.70076713409708,2,a5803f8a5d9d87202b43d709cb328cedaf18c446af448f705c33d553e8c2e9f7,5170ec511fb50cdf10d648416d508574d70e9781ddf156a1b2a86d2b385e94dc,100,1729,maximum_first_20_then_half_top_6,2000.0,3000.0
kata1-b6c96-s12849664-d2510774-temp-0.5,36,1791.9294437270903,1668.2863065669724,1915.5725808872082,1856.5744740796683,-64.64503035257803,2,a5803f8a5d9d87202b43d709cb328cedaf18c446af448f705c33d553e8c2e9f7,5170ec511fb50cdf10d648416d508574d70e9781ddf156a1b2a86d2b385e94dc,100,1729,maximum_first_20_then_half_top_6,2000.0,3000.0
kata1-b6c96-s12849664-d2510774-temp-0.5,38,1793.7465345715614,1673.5779842964787,1913.915084846644,1856.5744740796683,-62.827939508106965,2,a5803f8a5d9d87202b43d709cb328cedaf18c446af448f705c33d553e8c2e9f7,5170ec511fb50cdf10d648416d508574d70e9781ddf156a1b2a86d2b385e94dc,100,1729,maximum_first_20_then_half_top_6,2000.0,3000.0
kata1-b6c96-s12849664-d2510774-temp-0.5,40,1775.760030856033,1659.090493466602,1892.4295682454638,1856.5744740796683,-80.81444322363541,2,a5803f8a5d9d87202b43d709cb328cedaf18c446af448f705c33d553e8c2e9f7,5170ec511fb50cdf10d648416d508574d70e9781ddf156a1b2a86d2b385e94dc,100,1729,maximum_first_20_then_half_top_6,2000.0,3000.0
kata1-b6c96-s12849664-d2510774-temp-0.5,42,1755.3563022733795,1641.708777640596,1869.0038269061629,1856.5744740796683,-101.21817180628886,2,a5803f8a5d9d87202b43d709cb328cedaf18c446af448f705c33d553e8c2e9f7,5170ec511fb50cdf10d648416d508574d70e9781ddf156a1b2a86d2b385e94dc,100,1729,maximum_first_20_then_half_top_6,2000.0,3000.0
kata1-b6c96-s12849664-d2510774-temp-0.5,44,1772.2800469450494,1661.3153745470606,1883.2447193430382,1856.5744740796683,-84.2944271346189,2,a5803f8a5d9d87202b43d709cb328cedaf18c446af448f705c33d553e8c2e9f7,5170ec511fb50cdf10d648416d508574d70e9781ddf156a1b2a86d2b385e94dc,100,1729,maximum_first_20_then_half_top_6,2000.0,3000.0
kata1-b6c96-s12849664-d2510774-temp-0.5,46,1770.8007802635432,1662.3718809011689,1879.2296796259175,1856.5744740796683,-85.77369381612516,2,a5803f8a5d9d87202b43d709cb328cedaf18c446af448f705c33d553e8c2e9f7,5170ec511fb50cdf10d648416d508574d70e9781ddf156a1b2a86d2b385e94dc,100,1729,maximum_first_20_then_half_top_6,2000.0,3000.0
kata1-b6c96-s12849664-d2510774-temp-0.5,48,1773.153147145967,1667.020023923317,1879.2862703686171,1856.5744740796683,-83.42132693370127,2,a5803f8a5d9d87202b43d709cb328cedaf18c446af448f705c33d553e8c2e9f7,5170ec511fb50cdf10d648416d508574d70e9781ddf156a1b2a86d2b385e94dc,100,1729,maximum_first_20_then_half_top_6,2000.0,3000.0
kata1-b6c96-s12849664-d2510774-temp-0.5,50,1771.6713939556917,1667.7427299740148,1875.6000579373685,1856.5744740796683,-84.90308012397668,2,a5803f8a5d9d87202b43d709cb328cedaf18c446af448f705c33d553e8c2e9f7,5170ec511fb50cdf10d648416d508574d70e9781ddf156a1b2a86d2b385e94dc,100,1729,maximum_first_20_then_half_top_6,2000.0,3000.0
kata1-b6c96-s12849664-d2510774-temp-0.5,52,1770.4029479191724,1668.538456128194,1872.267439710151,1856.5744740796683,-86.17152616049589,2,a5803f8a5d9d87202b43d709cb328cedaf18c446af448f705c33d553e8c2e9f7,5170ec511fb50cdf10d648416d508574d70e9781ddf156a1b2a86d2b385e94dc,100,1729,maximum_first_20_then_half_top_6,2000.0,3000.0
kata1-b6c96-s12849664-d2510774-temp-0.5,54,1783.3878618735196,1683.3067871411174,1883.4689366059217,1856.5744740796683,-73.18661220614877,2,a5803f8a5d9d87202b43d709cb328cedaf18c446af448f705c33d553e8c2e9f7,5170ec511fb50cdf10d648416d508574d70e9781ddf156a1b2a86d2b385e94dc,100,1729,maximum_first_20_then_half_top_6,2000.0,3000.0
kata1-b6c96-s12849664-d2510774-temp-0.5,56,1802.3975008778034,1703.599231988557,1901.1957697670498,1856.5744740796683,-54.17697320186494,2,a5803f8a5d9d87202b43d709cb328cedaf18c446af448f705c33d553e8c2e9f7,5170ec511fb50cdf10d648416d508574d70e9781ddf156a1b2a86d2b385e94dc,100,1729,maximum_first_20_then_half_top_6,2000.0,3000.0
kata1-b6c96-s12849664-d2510774-temp-0.5,58,1797.9064472894522,1700.7918870370643,1895.0210075418402,1856.5744740796683,-58.66802679021612,2,a5803f8a5d9d87202b43d709cb328cedaf18c446af448f705c33d553e8c2e9f7,5170ec511fb50cdf10d648416d508574d70e9781ddf156a1b2a86d2b385e94dc,100,1729,maximum_first_20_then_half_top_6,2000.0,3000.0
kata1-b6c96-s12849664-d2510774-temp-0.5,60,1805.2368691760362,1709.624004492958,1900.8497338591144,1856.5744740796683,-51.337604903632155,2,a5803f8a5d9d87202b43d709cb328cedaf18c446af448f705c33d553e8c2e9f7,5170ec511fb50cdf10d648416d508574d70e9781ddf156a1b2a86d2b385e94dc,100,1729,maximum_first_20_then_half_top_6,2000.0,3000.0
kata1-b6c96-s12849664-d2510774-temp-0.5,62,1793.484325154047,1699.6694763237692,1887.2991739843246,1856.5744740796683,-63.090148925621406,2,a5803f8a5d9d87202b43d709cb328cedaf18c446af448f705c33d553e8c2e9f7,5170ec511fb50cdf10d648416d508574d70e9781ddf156a1b2a86d2b385e94dc,100,1729,maximum_first_20_then_half_top_6,2000.0,3000.0
kata1-b6c96-s12849664-d2510774-temp-0.5,64,1794.4900062502272,1702.1393590966068,1886.8406534038477,1856.5744740796683,-62.08446782944111,2,a5803f8a5d9d87202b43d709cb328cedaf18c446af448f705c33d553e8c2e9f7,5170ec511fb50cdf10d648416d508574d70e9781ddf156a1b2a86d2b385e94dc,100,1729,maximum_first_20_then_half_top_6,2000.0,3000.0
kata1-b6c96-s12849664-d2510774-temp-0.5,66,1806.9800980001492,1715.829031258941,1898.1311647413572,1856.5744740796683,-49.59437607951918,2,a5803f8a5d9d87202b43d709cb328cedaf18c446af448f705c33d553e8c2e9f7,5170ec511fb50cdf10d648416d508574d70e9781ddf156a1b2a86d2b385e94dc,100,1729,maximum_first_20_then_half_top_6,2000.0,3000.0
kata1-b6c96-s12849664-d2510774-temp-0.5,68,1799.2986557778017,1709.4970458394068,1889.1002657161966,1856.5744740796683,-57.27581830186659,2,a5803f8a5d9d87202b43d709cb328cedaf18c446af448f705c33d553e8c2e9f7,5170ec511fb50cdf10d648416d508574d70e9781ddf156a1b2a86d2b385e94dc,100,1729,maximum_first_20_then_half_top_6,2000.0,3000.0
kata1-b6c96-s12849664-d2510774-temp-0.5,70,1786.530890302413,1698.1269704221636,1874.9348101826622,1856.5744740796683,-70.04358377725544,2,a5803f8a5d9d87202b43d709cb328cedaf18c446af448f705c33d553e8c2e9f7,5170ec511fb50cdf10d648416d508574d70e9781ddf156a1b2a86d2b385e94dc,100,1729,maximum_first_20_then_half_top_6,2000.0,3000.0
kata1-b6c96-s12849664-d2510774-temp-0.5,72,1795.7590058625717,1708.4801866137216,1883.0378251114219,1856.5744740796683,-60.81546821709662,2,a5803f8a5d9d87202b43d709cb328cedaf18c446af448f705c33d553e8c2e9f7,5170ec511fb50cdf10d648416d508574d70e9781ddf156a1b2a86d2b385e94dc,100,1729,maximum_first_20_then_half_top_6,2000.0,3000.0
kata1-b6c96-s12849664-d2510774-temp-0.5,74,1796.5518903395057,1710.433835622711,1882.6699450563003,1856.5744740796683,-60.022583740162645,2,a5803f8a5d9d87202b43d709cb328cedaf18c446af448f705c33d553e8c2e9f7,5170ec511fb50cdf10d648416d508574d70e9781ddf156a1b2a86d2b385e94dc,100,1729,maximum_first_20_then_half_top_6,2000.0,3000.0
kata1-b6c96-s12849664-d2510774-temp-0.5,76,1792.726275829356,1707.639039389749,1877.8135122689628,1856.5744740796683,-63.84819825031241,2,a5803f8a5d9d87202b43d709cb328cedaf18c446af448f705c33d553e8c2e9f7,5170ec511fb50cdf10d648416d508574d70e9781ddf156a1b2a86d2b385e94dc,100,1729,maximum_first_20_then_half_top_6,2000.0,3000.0
kata1-b6c96-s12849664-d2510774-temp-0.5,78,1793.5597716040045,1709.5378868155428,1877.5816563924661,1856.5744740796683,-63.01470247566385,2,a5803f8a5d9d87202b43d709cb328cedaf18c446af448f705c33d553e8c2e9f7,5170ec511fb50cdf10d648416d508574d70e9781ddf156a1b2a86d2b385e94dc,100,1729,maximum_first_20_then_half_top_6,2000.0,3000.0
kata1-b6c96-s12849664-d2510774-temp-0.5,80,1794.3489911906947,1711.3488218084533,1877.3491605729362,1856.5744740796683,-62.2254828889736,2,a5803f8a5d9d87202b43d709cb328cedaf18c446af448f705c33d553e8c2e9f7,5170ec511fb50cdf10d648416d508574d70e9781ddf156a1b2a86d2b385e94dc,100,1729,maximum_first_20_then_half_top_6,2000.0,3000.0
kata1-b6c96-s12849664-d2510774-temp-0.5,82,1804.309856904085,1722.182829301458,1886.4368845067122,1856.5744740796683,-52.264617175583226,2,a5803f8a5d9d87202b43d709cb328cedaf18c446af448f705c33d553e8c2e9f7,5170ec511fb50cdf10d648416d508574d70e9781ddf156a1b2a86d2b385e94dc,100,1729,maximum_first_20_then_half_top_6,2000.0,3000.0
kata1-b6c96-s12849664-d2510774-temp-0.5,84,1804.7848979234745,1723.6076597683414,1885.9621360786077,1856.5744740796683,-51.78957615619379,2,a5803f8a5d9d87202b43d709cb328cedaf18c446af448f705c33d553e8c2e9f7,5170ec511fb50cdf10d648416d508574d70e9781ddf156a1b2a86d2b385e94dc,100,1729,maximum_first_20_then_half_top_6,2000.0,3000.0
kata1-b6c96-s12849664-d2510774-temp-0.5,86,1803.1827031838168,1722.9323995851785,1883.433006782455,1856.5744740796683,-53.39177089585155,2,a5803f8a5d9d87202b43d709cb328cedaf18c446af448f705c33d553e8c2e9f7,5170ec511fb50cdf10d648416d508574d70e9781ddf156a1b2a86d2b385e94dc,100,1729,maximum_first_20_then_half_top_6,2000.0,3000.0
kata1-b6c96-s12849664-d2510774-temp-0.5,88,1812.2288902652315,1732.7321643845767,1891.7256161458863,1856.5744740796683,-44.34558381443685,2,a5803f8a5d9d87202b43d709cb328cedaf18c446af448f705c33d553e8c2e9f7,5170ec511fb50cdf10d648416d508574d70e9781ddf156a1b2a86d2b385e94dc,100,1729,maximum_first_20_then_half_top_6,2000.0,3000.0
kata1-b6c96-s12849664-d2510774-temp-0.5,90,1812.4809665496293,1733.837900888583,1891.1240322106758,1856.5744740796683,-44.093507530039005,2,a5803f8a5d9d87202b43d709cb328cedaf18c446af448f705c33d553e8c2e9f7,5170ec511fb50cdf10d648416d508574d70e9781ddf156a1b2a86d2b385e94dc,100,1729,maximum_first_20_then_half_top_6,2000.0,3000.0
kata1-b6c96-s12849664-d2510774-temp-0.5,92,1812.7216937519638,1734.9011859160348,1890.5422015878928,1856.5744740796683,-43.85278032770452,2,a5803f8a5d9d87202b43d709cb328cedaf18c446af448f705c33d553e8c2e9f7,5170ec511fb50cdf10d648416d508574d70e9781ddf156a1b2a86d2b385e94dc,100,1729,maximum_first_20_then_half_top_6,2000.0,3000.0
kata1-b6c96-s12849664-d2510774-temp-0.5,94,1809.7623775182572,1732.7064022316683,1886.818352804846,1856.5744740796683,-46.81209656141118,2,a5803f8a5d9d87202b43d709cb328cedaf18c446af448f705c33d553e8c2e9f7,5170ec511fb50cdf10d648416d508574d70e9781ddf156a1b2a86d2b385e94dc,100,1729,maximum_first_20_then_half_top_6,2000.0,3000.0
kata1-b6c96-s12849664-d2510774-temp-0.5,96,1817.8902531854421,1741.4727595063434,1894.3077468645408,1856.5744740796683,-38.6842208942262,2,a5803f8a5d9d87202b43d709cb328cedaf18c446af448f705c33d553e8c2e9f7,5170ec511fb50cdf10d648416d508574d70e9781ddf156a1b2a86d2b385e94dc,100,1729,maximum_first_20_then_half_top_6,2000.0,3000.0
kata1-b6c96-s12849664-d2510774-temp-0.5,98,1825.6896270081654,1749.870551630964,1901.5087023853669,1856.5744740796683,-30.884847071502918,2,a5803f8a5d9d87202b43d709cb328cedaf18c446af448f705c33d553e8c2e9f7,5170ec511fb50cdf10d648416d508574d70e9781ddf156a1b2a86d2b385e94dc,100,1729,maximum_first_20_then_half_top_6,2000.0,3000.0
kata1-b6c96-s12849664-d2510774-temp-0.5,100,1823.9009030396967,1748.8254085231026,1898.9763975562907,1856.5744740796683,-32.67357103997165,2,a5803f8a5d9d87202b43d709cb328cedaf18c446af448f705c33d553e8c2e9f7,5170ec511fb50cdf10d648416d508574d70e9781ddf156a1b2a86d2b385e94dc,100,1729,maximum_first_20_then_half_top_6,2000.0,3000.0
kata1-b6c96-s13733120-d2631546-temp-0.3,2,2843.334262864967,404.7504286237727,5281.918097106161,1986.3808289415451,856.9534339234219,2,a5803f8a5d9d87202b43d709cb328cedaf18c446af448f705c33d553e8c2e9f7,5170ec511fb50cdf10d648416d508574d70e9781ddf156a1b2a86d2b385e94dc,100,1729,maximum_first_20_then_half_top_6,2000.0,3000.0
kata1-b6c96-s13733120-d2631546-temp-0.3,4,2416.8412222338757,1810.3802970600627,3023.3021474076886,1986.3808289415451,430.46039329233054,2,a5803f8a5d9d87202b43d709cb328cedaf18c446af448f705c33d553e8c2e9f7,5170ec511fb50cdf10d648416d508574d70e9781ddf156a1b2a86d2b385e94dc,100,1729,maximum_first_20_then_half_top_6,2000.0,3000.0
kata1-b6c96-s13733120-d2631546-temp-0.3,6,2183.46656108195,1802.7993443267205,2564.13377783718,1986.3808289415451,197.08573214040507,2,a5803f8a5d9d87202b43d709cb328cedaf18c446af448f705c33d553e8c2e9f7,5170ec511fb50cdf10d648416d508574d70e9781ddf156a1b2a86d2b385e94dc,100,1729,maximum_first_20_then_half_top_6,2000.0,3000.0
kata1-b6c96-s13733120-d2631546-temp-0.3,8,2036.5357028530636,1719.6306060022612,2353.440799703866,1986.3808289415451,50.15487391151851,2,a5803f8a5d9d87202b43d709cb328cedaf18c446af448f705c33d553e8c2e9f7,5170ec511fb50cdf10d648416d508574d70e9781ddf156a1b2a86d2b385e94dc,100,1729,maximum_first_20_then_half_top_6,2000.0,3000.0
kata1-b6c96-s13733120-d2631546-temp-0.3,10,2027.698520812506,1760.4970558930452,2294.899985731967,1986.3808289415451,41.31769187096097,2,a5803f8a5d9d87202b43d709cb328cedaf18c446af448f705c33d553e8c2e9f7,5170ec511fb50cdf10d648416d508574d70e9781ddf156a1b2a86d2b385e94dc,100,1729,maximum_first_20_then_half_top_6,2000.0,3000.0
kata1-b6c96-s13733120-d2631546-temp-0.3,12,2103.330133976841,1870.7482327636465,2335.912035190035,1986.3808289415451,116.94930503529577,2,a5803f8a5d9d87202b43d709cb328cedaf18c446af448f705c33d553e8c2e9f7,5170ec511fb50cdf10d648416d508574d70e9781ddf156a1b2a86d2b385e94dc,100,1729,maximum_first_20_then_half_top_6,2000.0,3000.0
kata1-b6c96-s13733120-d2631546-temp-0.3,14,2038.666636943757,1826.8008586577873,2250.532415229727,1986.3808289415451,52.28580800221198,2,a5803f8a5d9d87202b43d709cb328cedaf18c446af448f705c33d553e8c2e9f7,5170ec511fb50cdf10d648416d508574d70e9781ddf156a1b2a86d2b385e94dc,100,1729,maximum_first_20_then_half_top_6,2000.0,3000.0
kata1-b6c96-s13733120-d2631546-temp-0.3,16,2033.609972334693,1838.6176834381204,2228.602261231266,1986.3808289415451,47.22914339314798,2,a5803f8a5d9d87202b43d709cb328cedaf18c446af448f705c33d553e8c2e9f7,5170ec511fb50cdf10d648416d508574d70e9781ddf156a1b2a86d2b385e94dc,100,1729,maximum_first_20_then_half_top_6,2000.0,3000.0
kata1-b6c96-s13733120-d2631546-temp-0.3,18,2029.94609585595,1848.3540686137897,2211.53812309811,1986.3808289415451,43.5652669144049,2,a5803f8a5d9d87202b43d709cb328cedaf18c446af448f705c33d553e8c2e9f7,5170ec511fb50cdf10d648416d508574d70e9781ddf156a1b2a86d2b385e94dc,100,1729,maximum_first_20_then_half_top_6,2000.0,3000.0
kata1-b6c96-s13733120-d2631546-temp-0.3,20,1984.0055031285763,1810.8966032063686,2157.114403050784,1986.3808289415451,-2.3753258129688675,2,a5803f8a5d9d87202b43d709cb328cedaf18c446af448f705c33d553e8c2e9f7,5170ec511fb50cdf10d648416d508574d70e9781ddf156a1b2a86d2b385e94dc,100,1729,maximum_first_20_then_half_top_6,2000.0,3000.0
kata1-b6c96-s13733120-d2631546-temp-0.3,22,1943.947742470883,1776.8829528869617,2111.012532054804,1986.3808289415451,-42.43308647066215,2,a5803f8a5d9d87202b43d709cb328cedaf18c446af448f705c33d553e8c2e9f7,5170ec511fb50cdf10d648416d508574d70e9781ddf156a1b2a86d2b385e94dc,100,1729,maximum_first_20_then_half_top_6,2000.0,3000.0
kata1-b6c96-s13733120-d2631546-temp-0.3,24,1896.229273928696,1732.0506313637604,2060.407916493632,1986.3808289415451,-90.15155501284903,2,a5803f8a5d9d87202b43d709cb328cedaf18c446af448f705c33d553e8c2e9f7,5170ec511fb50cdf10d648416d508574d70e9781ddf156a1b2a86d2b385e94dc,100,1729,maximum_first_20_then_half_top_6,2000.0,3000.0
kata1-b6c96-s13733120-d2631546-temp-0.3,26,1854.982717348053,1693.4489117339363,2016.5165229621698,1986.3808289415451,-131.3981115934921,2,a5803f8a5d9d87202b43d709cb328cedaf18c446af448f705c33d553e8c2e9f7,5170ec511fb50cdf10d648416d508574d70e9781ddf156a1b2a86d2b385e94dc,100,1729,maximum_first_20_then_half_top_6,2000.0,3000.0
kata1-b6c96-s13733120-d2631546-temp-0.3,28,1843.7609204842959,1687.9785792647274,1999.5432617038643,1986.3808289415451,-142.61990845724927,2,a5803f8a5d9d87202b43d709cb328cedaf18c446af448f705c33d553e8c2e9f7,5170ec511fb50cdf10d648416d508574d70e9781ddf156a1b2a86d2b385e94dc,100,1729,maximum_first_20_then_half_top_6,2000.0,3000.0
kata1-b6c96-s13733120-d2631546-temp-0.3,30,1866.5780963250547,1719.6198524788083,2013.5363401713012,1986.3808289415451,-119.8027326164904,2,a5803f8a5d9d87202b43d709cb328cedaf18c446af448f705c33d553e8c2e9f7,5170ec511fb50cdf10d648416d508574d70e9781ddf156a1b2a86d2b385e94dc,100,1729,maximum_first_20_then_half_top_6,2000.0,3000.0
kata1-b6c96-s13733120-d2631546-temp-0.3,32,1865.579499415585,1724.5232312610292,2006.6357675701406,1986.3808289415451,-120.80132952596023,2,a5803f8a5d9d87202b43d709cb328cedaf18c446af448f705c33d553e8c2e9f7,5170ec511fb50cdf10d648416d508574d70e9781ddf156a1b2a86d2b385e94dc,100,1729,maximum_first_20_then_half_top_6,2000.0,3000.0
kata1-b6c96-s13733120-d2631546-temp-0.3,34,1883.3833441626389,1748.0683166948763,2018.6983716304014,1986.3808289415451,-102.99748477890626,2,a5803f8a5d9d87202b43d709cb328cedaf18c446af448f705c33d553e8c2e9f7,5170ec511fb50cdf10d648416d508574d70e9781ddf156a1b2a86d2b385e94dc,100,1729,maximum_first_20_then_half_top_6,2000.0,3000.0
kata1-b6c96-s13733120-d2631546-temp-0.3,36,1891.7050437936805,1760.9668247624359,2022.4432628249251,1986.3808289415451,-94.67578514786464,2,a5803f8a5d9d87202b43d709cb328cedaf18c446af448f705c33d553e8c2e9f7,5170ec511fb50cdf10d648416d508574d70e9781ddf156a1b2a86d2b385e94dc,100,1729,maximum_first_20_then_half_top_6,2000.0,3000.0
kata1-b6c96-s13733120-d2631546-temp-0.3,38,1916.7866246115648,1791.1419421511184,2042.4313070720111,1986.3808289415451,-69.59420432998036,2,a5803f8a5d9d87202b43d709cb328cedaf18c446af448f705c33d553e8c2e9f7,5170ec511fb50cdf10d648416d508574d70e9781ddf156a1b2a86d2b385e94dc,100,1729,maximum_first_20_then_half_top_6,2000.0,3000.0
kata1-b6c96-s13733120-d2631546-temp-0.3,40,1938.5425366670163,1817.0309201586128,2060.0541531754197,1986.3808289415451,-47.83829227452884,2,a5803f8a5d9d87202b43d709cb328cedaf18c446af448f705c33d553e8c2e9f7,5170ec511fb50cdf10d648416d508574d70e9781ddf156a1b2a86d2b385e94dc,100,1729,maximum_first_20_then_half_top_6,2000.0,3000.0
kata1-b6c96-s13733120-d2631546-temp-0.3,42,1938.8250736007083,1820.6953877477777,2056.954759453639,1986.3808289415451,-47.55575534083687,2,a5803f8a5d9d87202b43d709cb328cedaf18c446af448f705c33d553e8c2e9f7,5170ec511fb50cdf10d648416d508574d70e9781ddf156a1b2a86d2b385e94dc,100,1729,maximum_first_20_then_half_top_6,2000.0,3000.0
kata1-b6c96-s13733120-d2631546-temp-0.3,44,1958.0227842415402,1843.045844027229,2072.9997244558517,1986.3808289415451,-28.35804470000494,2,a5803f8a5d9d87202b43d709cb328cedaf18c446af448f705c33d553e8c2e9f7,5170ec511fb50cdf10d648416d508574d70e9781ddf156a1b2a86d2b385e94dc,100,1729,maximum_first_20_then_half_top_6,2000.0,3000.0
kata1-b6c96-s13733120-d2631546-temp-0.3,46,1964.1707739662475,1851.7336697072021,2076.6078782252926,1986.3808289415451,-22.21005497529768,2,a5803f8a5d9d87202b43d709cb328cedaf18c446af448f705c33d553e8c2e9f7,5170ec511fb50cdf10d648416d508574d70e9781ddf156a1b2a86d2b385e94dc,100,1729,maximum_first_20_then_half_top_6,2000.0,3000.0
kata1-b6c96-s13733120-d2631546-temp-0.3,48,1958.9830266642132,1848.9965416324503,2068.969511695976,1986.3808289415451,-27.397802277331948,2,a5803f8a5d9d87202b43d709cb328cedaf18c446af448f705c33d553e8c2e9f7,5170ec511fb50cdf10d648416d508574d70e9781ddf156a1b2a86d2b385e94dc,100,1729,maximum_first_20_then_half_top_6,2000.0,3000.0
kata1-b6c96-s13733120-d2631546-temp-0.3,50,1958.2226425142503,1850.707535113737,2065.7377499147633,1986.3808289415451,-28.158186427294822,2,a5803f8a5d9d87202b43d709cb328cedaf18c446af448f705c33d553e8c2e9f7,5170ec511fb50cdf10d648416d508574d70e9781ddf156a1b2a86d2b385e94dc,100,1729,maximum_first_20_then_half_top_6,2000.0,3000.0
kata1-b6c96-s13733120-d2631546-temp-0.3,52,1960.3775307180792,1855.1104636643195,2065.644597771839,1986.3808289415451,-26.00329822346589,2,a5803f8a5d9d87202b43d709cb328cedaf18c446af448f705c33d553e8c2e9f7,5170ec511fb50cdf10d648416d508574d70e9781ddf156a1b2a86d2b385e94dc,100,1729,maximum_first_20_then_half_top_6,2000.0,3000.0
kata1-b6c96-s13733120-d2631546-temp-0.3,54,1946.2922499519134,1843.1323554325038,2049.4521444713228,1986.3808289415451,-40.08857898963174,2,a5803f8a5d9d87202b43d709cb328cedaf18c446af448f705c33d553e8c2e9f7,5170ec511fb50cdf10d648416d508574d70e9781ddf156a1b2a86d2b385e94dc,100,1729,maximum_first_20_then_half_top_6,2000.0,3000.0
kata1-b6c96-s13733120-d2631546-temp-0.3,56,1946.164901447724,1845.021695031496,2047.3081078639523,1986.3808289415451,-40.21592749382103,2,a5803f8a5d9d87202b43d709cb328cedaf18c446af448f705c33d553e8c2e9f7,5170ec511fb50cdf10d648416d508574d70e9781ddf156a1b2a86d2b385e94dc,100,1729,maximum_first_20_then_half_top_6,2000.0,3000.0
kata1-b6c96-s13733120-d2631546-temp-0.3,58,1959.1744354773296,1859.9552782771068,2058.393592677552,1986.3808289415451,-27.20639346421558,2,a5803f8a5d9d87202b43d709cb328cedaf18c446af448f705c33d553e8c2e9f7,5170ec511fb50cdf10d648416d508574d70e9781ddf156a1b2a86d2b385e94dc,100,1729,maximum_first_20_then_half_top_6,2000.0,3000.0
kata1-b6c96-s13733120-d2631546-temp-0.3,60,1966.7900505000855,1869.3257693835687,2064.2543316166025,1986.3808289415451,-19.590778441459634,2,a5803f8a5d9d87202b43d709cb328cedaf18c446af448f705c33d553e8c2e9f7,5170ec511fb50cdf10d648416d508574d70e9781ddf156a1b2a86d2b385e94dc,100,1729,maximum_first_20_then_half_top_6,2000.0,3000.0
kata1-b6c96-s13733120-d2631546-temp-0.3,62,1967.4228261560402,1871.6358558661661,2063.2097964459144,1986.3808289415451,-18.95800278550496,2,a5803f8a5d9d87202b43d709cb328cedaf18c446af448f705c33d553e8c2e9f7,5170ec511fb50cdf10d648416d508574d70e9781ddf156a1b2a86d2b385e94dc,100,1729,maximum_first_20_then_half_top_6,2000.0,3000.0
kata1-b6c96-s13733120-d2631546-temp-0.3,64,1968.7885225006587,1874.5657158532315,2063.0113291480857,1986.3808289415451,-17.592306440886432,2,a5803f8a5d9d87202b43d709cb328cedaf18c446af448f705c33d553e8c2e9f7,5170ec511fb50cdf10d648416d508574d70e9781ddf156a1b2a86d2b385e94dc,100,1729,maximum_first_20_then_half_top_6,2000.0,3000.0
kata1-b6c96-s13733120-d2631546-temp-0.3,66,1969.3104775485706,1876.59053783762,2062.030417259521,1986.3808289415451,-17.070351392974544,2,a5803f8a5d9d87202b43d709cb328cedaf18c446af448f705c33d553e8c2e9f7,5170ec511fb50cdf10d648416d508574d70e9781ddf156a1b2a86d2b385e94dc,100,1729,maximum_first_20_then_half_top_6,2000.0,3000.0
kata1-b6c96-s13733120-d2631546-temp-0.3,68,1981.3737517928694,1889.9941789376494,2072.7533246480893,1986.3808289415451,-5.007077148675762,2,a5803f8a5d9d87202b43d709cb328cedaf18c446af448f705c33d553e8c2e9f7,5170ec511fb50cdf10d648416d508574d70e9781ddf156a1b2a86d2b385e94dc,100,1729,maximum_first_20_then_half_top_6,2000.0,3000.0
kata1-b6c96-s13733120-d2631546-temp-0.3,70,1992.6749820704622,1902.507101753516,2082.8428623874083,1986.3808289415451,6.29415312891706,2,a5803f8a5d9d87202b43d709cb328cedaf18c446af448f705c33d553e8c2e9f7,5170ec511fb50cdf10d648416d508574d70e9781ddf156a1b2a86d2b385e94dc,100,1729,maximum_first_20_then_half_top_6,2000.0,3000.0
kata1-b6c96-s13733120-d2631546-temp-0.3,72,1993.124744245384,1904.2527699557138,2081.9967185350542,1986.3808289415451,6.743915303838776,2,a5803f8a5d9d87202b43d709cb328cedaf18c446af448f705c33d553e8c2e9f7,5170ec511fb50cdf10d648416d508574d70e9781ddf156a1b2a86d2b385e94dc,100,1729,maximum_first_20_then_half_top_6,2000.0,3000.0
kata1-b6c96-s13733120-d2631546-temp-0.3,74,1985.1056585832578,1897.505786899832,2072.7055302666836,1986.3808289415451,-1.2751703582873688,2,a5803f8a5d9d87202b43d709cb328cedaf18c446af448f705c33d553e8c2e9f7,5170ec511fb50cdf10d648416d508574d70e9781ddf156a1b2a86d2b385e94dc,100,1729,maximum_first_20_then_half_top_6,2000.0,3000.0
kata1-b6c96-s13733120-d2631546-temp-0.3,76,1978.2343685321814,1891.7328915924818,2064.735845471881,1986.3808289415451,-8.146460409363726,2,a5803f8a5d9d87202b43d709cb328cedaf18c446af448f705c33d553e8c2e9f7,5170ec511fb50cdf10d648416d508574d70e9781ddf156a1b2a86d2b385e94dc,100,1729,maximum_first_20_then_half_top_6,2000.0,3000.0
kata1-b6c96-s13733120-d2631546-temp-0.3,78,1978.358044119454,1892.9909317535253,2063.7251564853827,1986.3808289415451,-8.022784822091126,2,a5803f8a5d9d87202b43d709cb328cedaf18c446af448f705c33d553e8c2e9f7,5170ec511fb50cdf10d648416d508574d70e9781ddf156a1b2a86d2b385e94dc,100,1729,maximum_first_20_then_half_top_6,2000.0,3000.0
kata1-b6c96-s13733120-d2631546-temp-0.3,80,1972.5065499351947,1888.2353259679744,2056.777773902415,1986.3808289415451,-13.874279006350434,2,a5803f8a5d9d87202b43d709cb328cedaf18c446af448f705c33d553e8c2e9f7,5170ec511fb50cdf10d648416d508574d70e9781ddf156a1b2a86d2b385e94dc,100,1729,maximum_first_20_then_half_top_6,2000.0,3000.0
kata1-b6c96-s13733120-d2631546-temp-0.3,82,1971.7316262833874,1888.5008598917755,2054.9623926749996,1986.3808289415451,-14.64920265815772,2,a5803f8a5d9d87202b43d709cb328cedaf18c446af448f705c33d553e8c2e9f7,5170ec511fb50cdf10d648416d508574d70e9781ddf156a1b2a86d2b385e94dc,100,1729,maximum_first_20_then_half_top_6,2000.0,3000.0
kata1-b6c96-s13733120-d2631546-temp-0.3,84,1976.6310737921667,1894.3892615635903,2058.8728860207434,1986.3808289415451,-9.749755149378416,2,a5803f8a5d9d87202b43d709cb328cedaf18c446af448f705c33d553e8c2e9f7,5170ec511fb50cdf10d648416d508574d70e9781ddf156a1b2a86d2b385e94dc,100,1729,maximum_first_20_then_half_top_6,2000.0,3000.0
kata1-b6c96-s13733120-d2631546-temp-0.3,86,1977.409113275691,1896.1223386485062,2058.6958879028757,1986.3808289415451,-8.971715665854163,2,a5803f8a5d9d87202b43d709cb328cedaf18c446af448f705c33d553e8c2e9f7,5170ec511fb50cdf10d648416d508574d70e9781ddf156a1b2a86d2b385e94dc,100,1729,maximum_first_20_then_half_top_6,2000.0,3000.0
kata1-b6c96-s13733120-d2631546-temp-0.3,88,1978.1482740923805,1897.77920845297,2058.517339731791,1986.3808289415451,-8.232554849164671,2,a5803f8a5d9d87202b43d709cb328cedaf18c446af448f705c33d553e8c2e9f7,5170ec511fb50cdf10d648416d508574d70e9781ddf156a1b2a86d2b385e94dc,100,1729,maximum_first_20_then_half_top_6,2000.0,3000.0
kata1-b6c96-s13733120-d2631546-temp-0.3,90,1978.271432461113,1898.7868196028571,2057.7560453193687,1986.3808289415451,-8.109396480432224,2,a5803f8a5d9d87202b43d709cb328cedaf18c446af448f705c33d553e8c2e9f7,5170ec511fb50cdf10d648416d508574d70e9781ddf156a1b2a86d2b385e94dc,100,1729,maximum_first_20_then_half_top_6,2000.0,3000.0
kata1-b6c96-s13733120-d2631546-temp-0.3,92,1982.5455950953426,1903.898433396999,2061.192756793686,1986.3808289415451,-3.8352338462025273,2,a5803f8a5d9d87202b43d709cb328cedaf18c446af448f705c33d553e8c2e9f7,5170ec511fb50cdf10d648416d508574d70e9781ddf156a1b2a86d2b385e94dc,100,1729,maximum_first_20_then_half_top_6,2000.0,3000.0
kata1-b6c96-s13733120-d2631546-temp-0.3,94,1983.117134376663,1905.2915339435417,2060.9427348097843,1986.3808289415451,-3.263694564882144,2,a5803f8a5d9d87202b43d709cb328cedaf18c446af448f705c33d553e8c2e9f7,5170ec511fb50cdf10d648416d508574d70e9781ddf156a1b2a86d2b385e94dc,100,1729,maximum_first_20_then_half_top_6,2000.0,3000.0
kata1-b6c96-s13733120-d2631546-temp-0.3,96,1975.6736076596749,1898.654451242346,2052.6927640770036,1986.3808289415451,-10.707221281870261,2,a5803f8a5d9d87202b43d709cb328cedaf18c446af448f705c33d553e8c2e9f7,5170ec511fb50cdf10d648416d508574d70e9781ddf156a1b2a86d2b385e94dc,100,1729,maximum_first_20_then_half_top_6,2000.0,3000.0
kata1-b6c96-s13733120-d2631546-temp-0.3,98,1975.8357120612523,1899.5795517762695,2052.091872346235,1986.3808289415451,-10.54511688029288,2,a5803f8a5d9d87202b43d709cb328cedaf18c446af448f705c33d553e8c2e9f7,5170ec511fb50cdf10d648416d508574d70e9781ddf156a1b2a86d2b385e94dc,100,1729,maximum_first_20_then_half_top_6,2000.0,3000.0
kata1-b6c96-s13733120-d2631546-temp-0.3,100,1985.8061178972912,1910.232523345942,2061.3797124486405,1986.3808289415451,-0.5747110442539451,2,a5803f8a5d9d87202b43d709cb328cedaf18c446af448f705c33d553e8c2e9f7,5170ec511fb50cdf10d648416d508574d70e9781ddf156a1b2a86d2b385e94dc,100,1729,maximum_first_20_then_half_top_6,2000.0,3000.0
kata1-b6c96-s14649344-d2727367,2,2202.3337029825266,1647.269480173264,2757.397925791789,2110.739855958135,91.59384702439138,2,a5803f8a5d9d87202b43d709cb328cedaf18c446af448f705c33d553e8c2e9f7,5170ec511fb50cdf10d648416d508574d70e9781ddf156a1b2a86d2b385e94dc,100,1729,maximum_first_20_then_half_top_6,2000.0,3000.0
kata1-b6c96-s14649344-d2727367,4,2086.1160830670497,1735.5814497855815,2436.650716348518,2110.739855958135,-24.623772891085537,2,a5803f8a5d9d87202b43d709cb328cedaf18c446af448f705c33d553e8c2e9f7,5170ec511fb50cdf10d648416d508574d70e9781ddf156a1b2a86d2b385e94dc,100,1729,maximum_first_20_then_half_top_6,2000.0,3000.0
kata1-b6c96-s14649344-d2727367,6,2085.1941013565715,1800.626251409713,2369.76195130343,2110.739855958135,-25.545754601563658,2,a5803f8a5d9d87202b43d709cb328cedaf18c446af448f705c33d553e8c2e9f7,5170ec511fb50cdf10d648416d508574d70e9781ddf156a1b2a86d2b385e94dc,100,1729,maximum_first_20_then_half_top_6,2000.0,3000.0
kata1-b6c96-s14649344-d2727367,8,2084.7371630194584,1838.8001328792998,2330.674193159617,2110.739855958135,-26.002692938676773,2,a5803f8a5d9d87202b43d709cb328cedaf18c446af448f705c33d553e8c2e9f7,5170ec511fb50cdf10d648416d508574d70e9781ddf156a1b2a86d2b385e94dc,100,1729,maximum_first_20_then_half_top_6,2000.0,3000.0
kata1-b6c96-s14649344-d2727367,10,2156.7730670830197,1932.687532352769,2380.8586018132705,2110.739855958135,46.033211124884474,2,a5803f8a5d9d87202b43d709cb328cedaf18c446af448f705c33d553e8c2e9f7,5170ec511fb50cdf10d648416d508574d70e9781ddf156a1b2a86d2b385e94dc,100,1729,maximum_first_20_then_half_top_6,2000.0,3000.0
kata1-b6c96-s14649344-d2727367,12,2097.1009331999126,1895.8444328587132,2298.3574335411117,2110.739855958135,-13.638922758222634,2,a5803f8a5d9d87202b43d709cb328cedaf18c446af448f705c33d553e8c2e9f7,5170ec511fb50cdf10d648416d508574d70e9781ddf156a1b2a86d2b385e94dc,100,1729,maximum_first_20_then_half_top_6,2000.0,3000.0
kata1-b6c96-s14649344-d2727367,14,2043.678028017049,1855.4277491142298,2231.928306919868,2110.739855958135,-67.06182794108622,2,a5803f8a5d9d87202b43d709cb328cedaf18c446af448f705c33d553e8c2e9f7,5170ec511fb50cdf10d648416d508574d70e9781ddf156a1b2a86d2b385e94dc,100,1729,maximum_first_20_then_half_top_6,2000.0,3000.0
kata1-b6c96-s14649344-d2727367,16,2039.4765335477955,1863.2608010426204,2215.6922660529704,2110.739855958135,-71.2633224103397,2,a5803f8a5d9d87202b43d709cb328cedaf18c446af448f705c33d553e8c2e9f7,5170ec511fb50cdf10d648416d508574d70e9781ddf156a1b2a86d2b385e94dc,100,1729,maximum_first_20_then_half_top_6,2000.0,3000.0
kata1-b6c96-s14649344-d2727367,18,2076.397764157813,1911.165530521359,2241.629997794267,2110.739855958135,-34.34209180032212,2,a5803f8a5d9d87202b43d709cb328cedaf18c446af448f705c33d553e8c2e9f7,5170ec511fb50cdf10d648416d508574d70e9781ddf156a1b2a86d2b385e94dc,100,1729,maximum_first_20_then_half_top_6,2000.0,3000.0
kata1-b6c96-s14649344-d2727367,20,2077.102007915497,1920.3107396828846,2233.893276148109,2110.739855958135,-33.637848042638325,2,a5803f8a5d9d87202b43d709cb328cedaf18c446af448f705c33d553e8c2e9f7,5170ec511fb50cdf10d648416d508574d70e9781ddf156a1b2a86d2b385e94dc,100,1729,maximum_first_20_then_half_top_6,2000.0,3000.0
kata1-b6c96-s14649344-d2727367,22,2101.4021720691917,1950.8918832998313,2251.9124608385523,2110.739855958135,-9.337683888943502,2,a5803f8a5d9d87202b43d709cb328cedaf18c446af448f705c33d553e8c2e9f7,5170ec511fb50cdf10d648416d508574d70e9781ddf156a1b2a86d2b385e94dc,100,1729,maximum_first_20_then_half_top_6,2000.0,3000.0
kata1-b6c96-s14649344-d2727367,24,2130.246196940802,1984.755475815305,2275.7369180662986,2110.739855958135,19.506340982666643,2,a5803f8a5d9d87202b43d709cb328cedaf18c446af448f705c33d553e8c2e9f7,5170ec511fb50cdf10d648416d508574d70e9781ddf156a1b2a86d2b385e94dc,100,1729,maximum_first_20_then_half_top_6,2000.0,3000.0
kata1-b6c96-s14649344-d2727367,26,2139.5657907660125,1998.8565772613822,2280.275004270643,2110.739855958135,28.825934807877275,2,a5803f8a5d9d87202b43d709cb328cedaf18c446af448f705c33d553e8c2e9f7,5170ec511fb50cdf10d648416d508574d70e9781ddf156a1b2a86d2b385e94dc,100,1729,maximum_first_20_then_half_top_6,2000.0,3000.0
kata1-b6c96-s14649344-d2727367,28,2130.2323664729797,1994.687648810397,2265.7770841355627,2110.739855958135,19.492510514844525,2,a5803f8a5d9d87202b43d709cb328cedaf18c446af448f705c33d553e8c2e9f7,5170ec511fb50cdf10d648416d508574d70e9781ddf156a1b2a86d2b385e94dc,100,1729,maximum_first_20_then_half_top_6,2000.0,3000.0
kata1-b6c96-s14649344-d2727367,30,2157.472790577806,2025.106987539324,2289.8385936162877,2110.739855958135,46.73293461967069,2,a5803f8a5d9d87202b43d709cb328cedaf18c446af448f705c33d553e8c2e9f7,5170ec511fb50cdf10d648416d508574d70e9781ddf156a1b2a86d2b385e94dc,100,1729,maximum_first_20_then_half_top_6,2000.0,3000.0
kata1-b6c96-s14649344-d2727367,32,2152.5876542922474,2024.7095117537474,2280.4657968307474,2110.739855958135,41.84779833411221,2,a5803f8a5d9d87202b43d709cb328cedaf18c446af448f705c33d553e8c2e9f7,5170ec511fb50cdf10d648416d508574d70e9781ddf156a1b2a86d2b385e94dc,100,1729,maximum_first_20_then_half_top_6,2000.0,3000.0
kata1-b6c96-s14649344-d2727367,34,2131.220791864578,2008.2546504404468,2254.1869332887095,2110.739855958135,20.480935906442937,2,a5803f8a5d9d87202b43d709cb328cedaf18c446af448f705c33d553e8c2e9f7,5170ec511fb50cdf10d648416d508574d70e9781ddf156a1b2a86d2b385e94dc,100,1729,maximum_first_20_then_half_top_6,2000.0,3000.0
kata1-b6c96-s14649344-d2727367,36,2143.256419198873,2023.3147752576763,2263.19806314007,2110.739855958135,32.51656324073792,2,a5803f8a5d9d87202b43d709cb328cedaf18c446af448f705c33d553e8c2e9f7,5170ec511fb50cdf10d648416d508574d70e9781ddf156a1b2a86d2b385e94dc,100,1729,maximum_first_20_then_half_top_6,2000.0,3000.0
kata1-b6c96-s14649344-d2727367,38,2120.662491822012,2004.5784330387123,2236.7465506053113,2110.739855958135,9.922635863876621,2,a5803f8a5d9d87202b43d709cb328cedaf18c446af448f705c33d553e8c2e9f7,5170ec511fb50cdf10d648416d508574d70e9781ddf156a1b2a86d2b385e94dc,100,1729,maximum_first_20_then_half_top_6,2000.0,3000.0
kata1-b6c96-s14649344-d2727367,40,2122.7175425333808,2009.4824558698285,2235.952629196933,2110.739855958135,11.97768657524557,2,a5803f8a5d9d87202b43d709cb328cedaf18c446af448f705c33d553e8c2e9f7,5170ec511fb50cdf10d648416d508574d70e9781ddf156a1b2a86d2b385e94dc,100,1729,maximum_first_20_then_half_top_6,2000.0,3000.0
kata1-b6c96-s14649344-d2727367,42,2107.226035685119,1996.8463836342878,2217.60568773595,2110.739855958135,-3.5138202730163357,2,a5803f8a5d9d87202b43d709cb328cedaf18c446af448f705c33d553e8c2e9f7,5170ec511fb50cdf10d648416d508574d70e9781ddf156a1b2a86d2b385e94dc,100,1729,maximum_first_20_then_half_top_6,2000.0,3000.0
kata1-b6c96-s14649344-d2727367,44,2101.6822794548257,1993.5933009347368,2209.7712579749145,2110.739855958135,-9.05757650330952,2,a5803f8a5d9d87202b43d709cb328cedaf18c446af448f705c33d553e8c2e9f7,5170ec511fb50cdf10d648416d508574d70e9781ddf156a1b2a86d2b385e94dc,100,1729,maximum_first_20_then_half_top_6,2000.0,3000.0
kata1-b6c96-s14649344-d2727367,46,2100.856079259446,1995.0899433383756,2206.622215180516,2110.739855958135,-9.883776698689417,2,a5803f8a5d9d87202b43d709cb328cedaf18c446af448f705c33d553e8c2e9f7,5170ec511fb50cdf10d648416d508574d70e9781ddf156a1b2a86d2b385e94dc,100,1729,maximum_first_20_then_half_top_6,2000.0,3000.0
kata1-b6c96-s14649344-d2727367,48,2084.995804618442,1981.392729213005,2188.5988800238792,2110.739855958135,-25.744051339693215,2,a5803f8a5d9d87202b43d709cb328cedaf18c446af448f705c33d553e8c2e9f7,5170ec511fb50cdf10d648416d508574d70e9781ddf156a1b2a86d2b385e94dc,100,1729,maximum_first_20_then_half_top_6,2000.0,3000.0
kata1-b6c96-s14649344-d2727367,50,2073.5194514913765,1971.7324675902166,2175.306435392536,2110.739855958135,-37.22040446675874,2,a5803f8a5d9d87202b43d709cb328cedaf18c446af448f705c33d553e8c2e9f7,5170ec511fb50cdf10d648416d508574d70e9781ddf156a1b2a86d2b385e94dc,100,1729,maximum_first_20_then_half_top_6,2000.0,3000.0
kata1-b6c96-s14649344-d2727367,52,2069.951390984192,1969.9403266327665,2169.9624553356175,2110.739855958135,-40.788464973943064,2,a5803f8a5d9d87202b43d709cb328cedaf18c446af448f705c33d553e8c2e9f7,5170ec511fb50cdf10d648416d508574d70e9781ddf156a1b2a86d2b385e94dc,100,1729,maximum_first_20_then_half_top_6,2000.0,3000.0
kata1-b6c96-s14649344-d2727367,54,2070.4636532068153,1972.2703746182724,2168.656931795358,2110.739855958135,-40.27620275131994,2,a5803f8a5d9d87202b43d709cb328cedaf18c446af448f705c33d553e8c2e9f7,5170ec511fb50cdf10d648416d508574d70e9781ddf156a1b2a86d2b385e94dc,100,1729,maximum_first_20_then_half_top_6,2000.0,3000.0
kata1-b6c96-s14649344-d2727367,56,2067.3634782360264,1970.7766048707722,2163.9503516012805,2110.739855958135,-43.37637772210883,2,a5803f8a5d9d87202b43d709cb328cedaf18c446af448f705c33d553e8c2e9f7,5170ec511fb50cdf10d648416d508574d70e9781ddf156a1b2a86d2b385e94dc,100,1729,maximum_first_20_then_half_top_6,2000.0,3000.0
kata1-b6c96-s14649344-d2727367,58,2058.001325149295,1962.7787515556408,2153.2238987429496,2110.739855958135,-52.738530808840096,2,a5803f8a5d9d87202b43d709cb328cedaf18c446af448f705c33d553e8c2e9f7,5170ec511fb50cdf10d648416d508574d70e9781ddf156a1b2a86d2b385e94dc,100,1729,maximum_first_20_then_half_top_6,2000.0,3000.0
kata1-b6c96-s14649344-d2727367,60,2073.722743152208,1980.2032390116424,2167.2422472927733,2110.739855958135,-37.017112805927354,2,a5803f8a5d9d87202b43d709cb328cedaf18c446af448f705c33d553e8c2e9f7,5170ec511fb50cdf10d648416d508574d70e9781ddf156a1b2a86d2b385e94dc,100,1729,maximum_first_20_then_half_top_6,2000.0,3000.0
kata1-b6c96-s14649344-d2727367,62,2076.6014694293585,1984.5030640907908,2168.6998747679263,2110.739855958135,-34.138386528776664,2,a5803f8a5d9d87202b43d709cb328cedaf18c446af448f705c33d553e8c2e9f7,5170ec511fb50cdf10d648416d508574d70e9781ddf156a1b2a86d2b385e94dc,100,1729,maximum_first_20_then_half_top_6,2000.0,3000.0
kata1-b6c96-s14649344-d2727367,64,2079.3020605174365,1988.5563831302452,2170.047737904628,2110.739855958135,-31.437795440698665,2,a5803f8a5d9d87202b43d709cb328cedaf18c446af448f705c33d553e8c2e9f7,5170ec511fb50cdf10d648416d508574d70e9781ddf156a1b2a86d2b385e94dc,100,1729,maximum_first_20_then_half_top_6,2000.0,3000.0
kata1-b6c96-s14649344-d2727367,66,2079.438184234047,1990.018258399002,2168.8581100690926,2110.739855958135,-31.30167172408801,2,a5803f8a5d9d87202b43d709cb328cedaf18c446af448f705c33d553e8c2e9f7,5170ec511fb50cdf10d648416d508574d70e9781ddf156a1b2a86d2b385e94dc,100,1729,maximum_first_20_then_half_top_6,2000.0,3000.0
kata1-b6c96-s14649344-d2727367,68,2068.855931122619,1980.5585362235645,2157.153326021674,2110.739855958135,-41.883924835516154,2,a5803f8a5d9d87202b43d709cb328cedaf18c446af448f705c33d553e8c2e9f7,5170ec511fb50cdf10d648416d508574d70e9781ddf156a1b2a86d2b385e94dc,100,1729,maximum_first_20_then_half_top_6,2000.0,3000.0
kata1-b6c96-s14649344-d2727367,70,2061.070348062371,1973.7566882291135,2148.3840078956287,2110.739855958135,-49.66950789576413,2,a5803f8a5d9d87202b43d709cb328cedaf18c446af448f705c33d553e8c2e9f7,5170ec511fb50cdf10d648416d508574d70e9781ddf156a1b2a86d2b385e94dc,100,1729,maximum_first_20_then_half_top_6,2000.0,3000.0
kata1-b6c96-s14649344-d2727367,72,2071.8645855764203,1985.904670109547,2157.8245010432934,2110.739855958135,-38.87527038171493,2,a5803f8a5d9d87202b43d709cb328cedaf18c446af448f705c33d553e8c2e9f7,5170ec511fb50cdf10d648416d508574d70e9781ddf156a1b2a86d2b385e94dc,100,1729,maximum_first_20_then_half_top_6,2000.0,3000.0
kata1-b6c96-s14649344-d2727367,74,2072.1807450967526,1987.3293988420257,2157.0320913514793,2110.739855958135,-38.55911086138258,2,a5803f8a5d9d87202b43d709cb328cedaf18c446af448f705c33d553e8c2e9f7,5170ec511fb50cdf10d648416d508574d70e9781ddf156a1b2a86d2b385e94dc,100,1729,maximum_first_20_then_half_top_6,2000.0,3000.0
kata1-b6c96-s14649344-d2727367,76,2069.7769749688528,1985.9078017622758,2153.64614817543,2110.739855958135,-40.96288098928244,2,a5803f8a5d9d87202b43d709cb328cedaf18c446af448f705c33d553e8c2e9f7,5170ec511fb50cdf10d648416d508574d70e9781ddf156a1b2a86d2b385e94dc,100,1729,maximum_first_20_then_half_top_6,2000.0,3000.0
kata1-b6c96-s14649344-d2727367,78,2070.1514591574605,1987.3023774435296,2153.0005408713914,2110.739855958135,-40.58839680067467,2,a5803f8a5d9d87202b43d709cb328cedaf18c446af448f705c33d553e8c2e9f7,5170ec511fb50cdf10d648416d508574d70e9781ddf156a1b2a86d2b385e94dc,100,1729,maximum_first_20_then_half_top_6,2000.0,3000.0
kata1-b6c96-s14649344-d2727367,80,2079.5631057323144,1997.7844921875558,2161.341719277073,2110.739855958135,-31.176750225820797,2,a5803f8a5d9d87202b43d709cb328cedaf18c446af448f705c33d553e8c2e9f7,5170ec511fb50cdf10d648416d508574d70e9781ddf156a1b2a86d2b385e94dc,100,1729,maximum_first_20_then_half_top_6,2000.0,3000.0
kata1-b6c96-s14649344-d2727367,82,2088.4763042561053,2007.6753612583827,2169.2772472538277,2110.739855958135,-22.263551702029872,2,a5803f8a5d9d87202b43d709cb328cedaf18c446af448f705c33d553e8c2e9f7,5170ec511fb50cdf10d648416d508574d70e9781ddf156a1b2a86d2b385e94dc,100,1729,maximum_first_20_then_half_top_6,2000.0,3000.0
kata1-b6c96-s14649344-d2727367,84,2079.7484569002436,1999.799921660348,2159.696992140139,2110.739855958135,-30.991399057891613,2,a5803f8a5d9d87202b43d709cb328cedaf18c446af448f705c33d553e8c2e9f7,5170ec511fb50cdf10d648416d508574d70e9781ddf156a1b2a86d2b385e94dc,100,1729,maximum_first_20_then_half_top_6,2000.0,3000.0
kata1-b6c96-s14649344-d2727367,86,2077.466481932658,1998.3249881966012,2156.607975668715,2110.739855958135,-33.273374025477096,2,a5803f8a5d9d87202b43d709cb328cedaf18c446af448f705c33d553e8c2e9f7,5170ec511fb50cdf10d648416d508574d70e9781ddf156a1b2a86d2b385e94dc,100,1729,maximum_first_20_then_half_top_6,2000.0,3000.0
kata1-b6c96-s14649344-d2727367,88,2069.379439986397,1990.9997172568753,2147.759162715918,2110.739855958135,-41.36041597173835,2,a5803f8a5d9d87202b43d709cb328cedaf18c446af448f705c33d553e8c2e9f7,5170ec511fb50cdf10d648416d508574d70e9781ddf156a1b2a86d2b385e94dc,100,1729,maximum_first_20_then_half_top_6,2000.0,3000.0
kata1-b6c96-s14649344-d2727367,90,2071.550775271971,1993.977262240498,2149.124288303444,2110.739855958135,-39.18908068616429,2,a5803f8a5d9d87202b43d709cb328cedaf18c446af448f705c33d553e8c2e9f7,5170ec511fb50cdf10d648416d508574d70e9781ddf156a1b2a86d2b385e94dc,100,1729,maximum_first_20_then_half_top_6,2000.0,3000.0
kata1-b6c96-s14649344-d2727367,92,2079.675047281343,2002.9295853928056,2156.42050916988,2110.739855958135,-31.06480867679238,2,a5803f8a5d9d87202b43d709cb328cedaf18c446af448f705c33d553e8c2e9f7,5170ec511fb50cdf10d648416d508574d70e9781ddf156a1b2a86d2b385e94dc,100,1729,maximum_first_20_then_half_top_6,2000.0,3000.0
kata1-b6c96-s14649344-d2727367,94,2081.4494493610237,2005.4331026847306,2157.4657960373165,2110.739855958135,-29.29040659711154,2,a5803f8a5d9d87202b43d709cb328cedaf18c446af448f705c33d553e8c2e9f7,5170ec511fb50cdf10d648416d508574d70e9781ddf156a1b2a86d2b385e94dc,100,1729,maximum_first_20_then_half_top_6,2000.0,3000.0
kata1-b6c96-s14649344-d2727367,96,2073.965808950122,1998.6309732499865,2149.300644650258,2110.739855958135,-36.774047008012985,2,a5803f8a5d9d87202b43d709cb328cedaf18c446af448f705c33d553e8c2e9f7,5170ec511fb50cdf10d648416d508574d70e9781ddf156a1b2a86d2b385e94dc,100,1729,maximum_first_20_then_half_top_6,2000.0,3000.0
kata1-b6c96-s14649344-d2727367,98,2065.1453746563043,1990.4363197109597,2139.854429601649,2110.739855958135,-45.59448130183091,2,a5803f8a5d9d87202b43d709cb328cedaf18c446af448f705c33d553e8c2e9f7,5170ec511fb50cdf10d648416d508574d70e9781ddf156a1b2a86d2b385e94dc,100,1729,maximum_first_20_then_half_top_6,2000.0,3000.0
kata1-b6c96-s14649344-d2727367,100,2064.0419332744336,1990.0080044063857,2138.0758621424816,2110.739855958135,-46.69792268370156,2,a5803f8a5d9d87202b43d709cb328cedaf18c446af448f705c33d553e8c2e9f7,5170ec511fb50cdf10d648416d508574d70e9781ddf156a1b2a86d2b385e94dc,100,1729,maximum_first_20_then_half_top_6,2000.0,3000.0
kata1-b6c96-s16525312-d2925067,2,2846.916119383727,412.5543821373617,5281.277856630093,2246.7033645254683,600.2127548582589,2,a5803f8a5d9d87202b43d709cb328cedaf18c446af448f705c33d553e8c2e9f7,5170ec511fb50cdf10d648416d508574d70e9781ddf156a1b2a86d2b385e94dc,100,1729,maximum_first_20_then_half_top_6,2000.0,3000.0
kata1-b6c96-s16525312-d2925067,4,2419.6051109440464,1815.4334892715606,3023.776732616532,2246.7033645254683,172.9017464185781,2,a5803f8a5d9d87202b43d709cb328cedaf18c446af448f705c33d553e8c2e9f7,5170ec511fb50cdf10d648416d508574d70e9781ddf156a1b2a86d2b385e94dc,100,1729,maximum_first_20_then_half_top_6,2000.0,3000.0
kata1-b6c96-s16525312-d2925067,6,2331.803158814397,1945.7813283430057,2717.8249892857884,2246.7033645254683,85.09979428892893,2,a5803f8a5d9d87202b43d709cb328cedaf18c446af448f705c33d553e8c2e9f7,5170ec511fb50cdf10d648416d508574d70e9781ddf156a1b2a86d2b385e94dc,100,1729,maximum_first_20_then_half_top_6,2000.0,3000.0
kata1-b6c96-s16525312-d2925067,8,2254.3012032775277,1947.024723856012,2561.577682699043,2246.7033645254683,7.597838752059488,2,a5803f8a5d9d87202b43d709cb328cedaf18c446af448f705c33d553e8c2e9f7,5170ec511fb50cdf10d648416d508574d70e9781ddf156a1b2a86d2b385e94dc,100,1729,maximum_first_20_then_half_top_6,2000.0,3000.0
kata1-b6c96-s16525312-d2925067,10,2270.169744921295,2010.5404442807235,2529.799045561867,2246.7033645254683,23.466380395826945,2,a5803f8a5d9d87202b43d709cb328cedaf18c446af448f705c33d553e8c2e9f7,5170ec511fb50cdf10d648416d508574d70e9781ddf156a1b2a86d2b385e94dc,100,1729,maximum_first_20_then_half_top_6,2000.0,3000.0
kata1-b6c96-s16525312-d2925067,12,2198.9890107175456,1961.5604740348278,2436.4175474002636,2246.7033645254683,-47.714353807922635,2,a5803f8a5d9d87202b43d709cb328cedaf18c446af448f705c33d553e8c2e9f7,5170ec511fb50cdf10d648416d508574d70e9781ddf156a1b2a86d2b385e94dc,100,1729,maximum_first_20_then_half_top_6,2000.0,3000.0
kata1-b6c96-s16525312-d2925067,14,2120.968308671017,1896.1873450575895,2345.7492722844445,2246.7033645254683,-125.73505585445128,2,a5803f8a5d9d87202b43d709cb328cedaf18c446af448f705c33d553e8c2e9f7,5170ec511fb50cdf10d648416d508574d70e9781ddf156a1b2a86d2b385e94dc,100,1729,maximum_first_20_then_half_top_6,2000.0,3000.0
kata1-b6c96-s16525312-d2925067,16,2178.173955119175,1979.6874168046256,2376.6604934337242,2246.7033645254683,-68.52940940629333,2,a5803f8a5d9d87202b43d709cb328cedaf18c446af448f705c33d553e8c2e9f7,5170ec511fb50cdf10d648416d508574d70e9781ddf156a1b2a86d2b385e94dc,100,1729,maximum_first_20_then_half_top_6,2000.0,3000.0
kata1-b6c96-s16525312-d2925067,18,2175.5464085068925,1991.2685939424193,2359.824223071366,2246.7033645254683,-71.15695601857578,2,a5803f8a5d9d87202b43d709cb328cedaf18c446af448f705c33d553e8c2e9f7,5170ec511fb50cdf10d648416d508574d70e9781ddf156a1b2a86d2b385e94dc,100,1729,maximum_first_20_then_half_top_6,2000.0,3000.0
kata1-b6c96-s16525312-d2925067,20,2151.9807287196886,1977.972613593339,2325.9888438460384,2246.7033645254683,-94.72263580577965,2,a5803f8a5d9d87202b43d709cb328cedaf18c446af448f705c33d553e8c2e9f7,5170ec511fb50cdf10d648416d508574d70e9781ddf156a1b2a86d2b385e94dc,100,1729,maximum_first_20_then_half_top_6,2000.0,3000.0
kata1-b6c96-s16525312-d2925067,22,2136.6471298636925,1970.4485906552638,2302.8456690721214,2246.7033645254683,-110.05623466177576,2,a5803f8a5d9d87202b43d709cb328cedaf18c446af448f705c33d553e8c2e9f7,5170ec511fb50cdf10d648416d508574d70e9781ddf156a1b2a86d2b385e94dc,100,1729,maximum_first_20_then_half_top_6,2000.0,3000.0
kata1-b6c96-s16525312-d2925067,24,2139.0170634027204,1981.503655778589,2296.5304710268515,2246.7033645254683,-107.68630112274786,2,a5803f8a5d9d87202b43d709cb328cedaf18c446af448f705c33d553e8c2e9f7,5170ec511fb50cdf10d648416d508574d70e9781ddf156a1b2a86d2b385e94dc,100,1729,maximum_first_20_then_half_top_6,2000.0,3000.0
kata1-b6c96-s16525312-d2925067,26,2141.2983904449266,1991.1972443371126,2291.3995365527408,2246.7033645254683,-105.4049740805417,2,a5803f8a5d9d87202b43d709cb328cedaf18c446af448f705c33d553e8c2e9f7,5170ec511fb50cdf10d648416d508574d70e9781ddf156a1b2a86d2b385e94dc,100,1729,maximum_first_20_then_half_top_6,2000.0,3000.0
kata1-b6c96-s16525312-d2925067,28,2143.188494033534,1999.4952872595563,2286.8817008075116,2246.7033645254683,-103.51487049193429,2,a5803f8a5d9d87202b43d709cb328cedaf18c446af448f705c33d553e8c2e9f7,5170ec511fb50cdf10d648416d508574d70e9781ddf156a1b2a86d2b385e94dc,100,1729,maximum_first_20_then_half_top_6,2000.0,3000.0
kata1-b6c96-s16525312-d2925067,30,2171.9210343075947,2034.4413571078576,2309.400711507332,2246.7033645254683,-74.78233021787355,2,a5803f8a5d9d87202b43d709cb328cedaf18c446af448f705c33d553e8c2e9f7,5170ec511fb50cdf10d648416d508574d70e9781ddf156a1b2a86d2b385e94dc,100,1729,maximum_first_20_then_half_top_6,2000.0,3000.0
kata1-b6c96-s16525312-d2925067,32,2171.3184793685095,2038.7125044808824,2303.9244542561364,2246.7033645254683,-75.38488515695872,2,a5803f8a5d9d87202b43d709cb328cedaf18c446af448f705c33d553e8c2e9f7,5170ec511fb50cdf10d648416d508574d70e9781ddf156a1b2a86d2b385e94dc,100,1729,maximum_first_20_then_half_top_6,2000.0,3000.0
kata1-b6c96-s16525312-d2925067,34,2158.942555582617,2030.5459096700229,2287.339201495211,2246.7033645254683,-87.76080894285133,2,a5803f8a5d9d87202b43d709cb328cedaf18c446af448f705c33d553e8c2e9f7,5170ec511fb50cdf10d648416d508574d70e9781ddf156a1b2a86d2b385e94dc,100,1729,maximum_first_20_then_half_top_6,2000.0,3000.0
kata1-b6c96-s16525312-d2925067,36,2158.966136991116,2034.530547189294,2283.4017267929376,2246.7033645254683,-87.73722753435231,2,a5803f8a5d9d87202b43d709cb328cedaf18c446af448f705c33d553e8c2e9f7,5170ec511fb50cdf10d648416d508574d70e9781ddf156a1b2a86d2b385e94dc,100,1729,maximum_first_20_then_half_top_6,2000.0,3000.0
kata1-b6c96-s16525312-d2925067,38,2179.8148725460137,2059.111418410324,2300.5183266817035,2246.7033645254683,-66.88849197945456,2,a5803f8a5d9d87202b43d709cb328cedaf18c446af448f705c33d553e8c2e9f7,5170ec511fb50cdf10d648416d508574d70e9781ddf156a1b2a86d2b385e94dc,100,1729,maximum_first_20_then_half_top_6,2000.0,3000.0
kata1-b6c96-s16525312-d2925067,40,2178.8984327619983,2061.4644332487646,2296.332432275232,2246.7033645254683,-67.80493176347,2,a5803f8a5d9d87202b43d709cb328cedaf18c446af448f705c33d553e8c2e9f7,5170ec511fb50cdf10d648416d508574d70e9781ddf156a1b2a86d2b385e94dc,100,1729,maximum_first_20_then_half_top_6,2000.0,3000.0
kata1-b6c96-s16525312-d2925067,42,2189.440450804377,2074.3547075605024,2304.526194048252,2246.7033645254683,-57.26291372109108,2,a5803f8a5d9d87202b43d709cb328cedaf18c446af448f705c33d553e8c2e9f7,5170ec511fb50cdf10d648416d508574d70e9781ddf156a1b2a86d2b385e94dc,100,1729,maximum_first_20_then_half_top_6,2000.0,3000.0
kata1-b6c96-s16525312-d2925067,44,2199.1407189421725,2086.084189199851,2312.197248684494,2246.7033645254683,-47.56264558329576,2,a5803f8a5d9d87202b43d709cb328cedaf18c446af448f705c33d553e8c2e9f7,5170ec511fb50cdf10d648416d508574d70e9781ddf156a1b2a86d2b385e94dc,100,1729,maximum_first_20_then_half_top_6,2000.0,3000.0
kata1-b6c96-s16525312-d2925067,46,2214.7481632974072,2103.8576889039896,2325.638637690825,2246.7033645254683,-31.955201228061014,2,a5803f8a5d9d87202b43d709cb328cedaf18c446af448f705c33d553e8c2e9f7,5170ec511fb50cdf10d648416d508574d70e9781ddf156a1b2a86d2b385e94dc,100,1729,maximum_first_20_then_half_top_6,2000.0,3000.0
kata1-b6c96-s16525312-d2925067,48,2212.3573213036116,2104.0105914016044,2320.7040512056187,2246.7033645254683,-34.34604322185669,2,a5803f8a5d9d87202b43d709cb328cedaf18c446af448f705c33d553e8c2e9f7,5170ec511fb50cdf10d648416d508574d70e9781ddf156a1b2a86d2b385e94dc,100,1729,maximum_first_20_then_half_top_6,2000.0,3000.0
kata1-b6c96-s16525312-d2925067,50,2206.750888775312,2100.6808785917715,2312.8208989588525,2246.7033645254683,-39.95247575015628,2,a5803f8a5d9d87202b43d709cb328cedaf18c446af448f705c33d553e8c2e9f7,5170ec511fb50cdf10d648416d508574d70e9781ddf156a1b2a86d2b385e94dc,100,1729,maximum_first_20_then_half_top_6,2000.0,3000.0
kata1-b6c96-s16525312-d2925067,52,2220.136962951782,2115.737174254205,2324.5367516493593,2246.7033645254683,-26.566401573686107,2,a5803f8a5d9d87202b43d709cb328cedaf18c446af448f705c33d553e8c2e9f7,5170ec511fb50cdf10d648416d508574d70e9781ddf156a1b2a86d2b385e94dc,100,1729,maximum_first_20_then_half_top_6,2000.0,3000.0
kata1-b6c96-s16525312-d2925067,54,2232.546671958952,2129.628466176495,2335.4648777414095,2246.7033645254683,-14.156692566516085,2,a5803f8a5d9d87202b43d709cb328cedaf18c446af448f705c33d553e8c2e9f7,5170ec511fb50cdf10d648416d508574d70e9781ddf156a1b2a86d2b385e94dc,100,1729,maximum_first_20_then_half_top_6,2000.0,3000.0
kata1-b6c96-s16525312-d2925067,56,2235.6717408686773,2134.5257594445447,2336.81772229281,2246.7033645254683,-11.031623656790998,2,a5803f8a5d9d87202b43d709cb328cedaf18c446af448f705c33d553e8c2e9f7,5170ec511fb50cdf10d648416d508574d70e9781ddf156a1b2a86d2b385e94dc,100,1729,maximum_first_20_then_half_top_6,2000.0,3000.0
kata1-b6c96-s16525312-d2925067,58,2224.7956736871715,2125.846593656429,2323.744753717914,2246.7033645254683,-21.90769083829673,2,a5803f8a5d9d87202b43d709cb328cedaf18c446af448f705c33d553e8c2e9f7,5170ec511fb50cdf10d648416d508574d70e9781ddf156a1b2a86d2b385e94dc,100,1729,maximum_first_20_then_half_top_6,2000.0,3000.0
kata1-b6c96-s16525312-d2925067,60,2235.592943673792,2137.945829352143,2333.240057995441,2246.7033645254683,-11.110420851676281,2,a5803f8a5d9d87202b43d709cb328cedaf18c446af448f705c33d553e8c2e9f7,5170ec511fb50cdf10d648416d508574d70e9781ddf156a1b2a86d2b385e94dc,100,1729,maximum_first_20_then_half_top_6,2000.0,3000.0
kata1-b6c96-s16525312-d2925067,62,2225.4892466363094,2129.7764048312442,2321.2020884413746,2246.7033645254683,-21.214117889158842,2,a5803f8a5d9d87202b43d709cb328cedaf18c446af448f705c33d553e8c2e9f7,5170ec511fb50cdf10d648416d508574d70e9781ddf156a1b2a86d2b385e94dc,100,1729,maximum_first_20_then_half_top_6,2000.0,3000.0
kata1-b6c96-s16525312-d2925067,64,2223.344700358017,2129.215431860225,2317.4739688558084,2246.7033645254683,-23.35866416745148,2,a5803f8a5d9d87202b43d709cb328cedaf18c446af448f705c33d553e8c2e9f7,5170ec511fb50cdf10d648416d508574d70e9781ddf156a1b2a86d2b385e94dc,100,1729,maximum_first_20_then_half_top_6,2000.0,3000.0
kata1-b6c96-s16525312-d2925067,66,2233.237862486259,2140.2422633184583,2326.2334616540597,2246.7033645254683,-13.465502039209241,2,a5803f8a5d9d87202b43d709cb328cedaf18c446af448f705c33d553e8c2e9f7,5170ec511fb50cdf10d648416d508574d70e9781ddf156a1b2a86d2b385e94dc,100,1729,maximum_first_20_then_half_top_6,2000.0,3000.0
kata1-b6c96-s16525312-d2925067,68,2219.2914552311045,2128.0852196655133,2310.4976907966957,2246.7033645254683,-27.411909294363795,2,a5803f8a5d9d87202b43d709cb328cedaf18c446af448f705c33d553e8c2e9f7,5170ec511fb50cdf10d648416d508574d70e9781ddf156a1b2a86d2b385e94dc,100,1729,maximum_first_20_then_half_top_6,2000.0,3000.0
kata1-b6c96-s16525312-d2925067,70,2228.662484514452,2138.4925846082006,2318.8323844207034,2246.7033645254683,-18.04088001101627,2,a5803f8a5d9d87202b43d709cb328cedaf18c446af448f705c33d553e8c2e9f7,5170ec511fb50cdf10d648416d508574d70e9781ddf156a1b2a86d2b385e94dc,100,1729,maximum_first_20_then_half_top_6,2000.0,3000.0
kata1-b6c96-s16525312-d2925067,72,2226.557495011195,2137.6960598003975,2315.4189302219925,2246.7033645254683,-20.145869514273272,2,a5803f8a5d9d87202b43d709cb328cedaf18c446af448f705c33d553e8c2e9f7,5170ec511fb50cdf10d648416d508574d70e9781ddf156a1b2a86d2b385e94dc,100,1729,maximum_first_20_then_half_top_6,2000.0,3000.0
kata1-b6c96-s16525312-d2925067,74,2233.6968148905753,2145.7224917786534,2321.671138002497,2246.7033645254683,-13.006549634892963,2,a5803f8a5d9d87202b43d709cb328cedaf18c446af448f705c33d553e8c2e9f7,5170ec511fb50cdf10d648416d508574d70e9781ddf156a1b2a86d2b385e94dc,100,1729,maximum_first_20_then_half_top_6,2000.0,3000.0
kata1-b6c96-s16525312-d2925067,76,2225.6272534244786,2139.0291203159,2312.225386533057,2246.7033645254683,-21.076111100989692,2,a5803f8a5d9d87202b43d709cb328cedaf18c446af448f705c33d553e8c2e9f7,5170ec511fb50cdf10d648416d508574d70e9781ddf156a1b2a86d2b385e94dc,100,1729,maximum_first_20_then_half_top_6,2000.0,3000.0
kata1-b6c96-s16525312-d2925067,78,2213.9546274806453,2128.733489747983,2299.1757652133074,2246.7033645254683,-32.748737044822974,2,a5803f8a5d9d87202b43d709cb328cedaf18c446af448f705c33d553e8c2e9f7,5170ec511fb50cdf10d648416d508574d70e9781ddf156a1b2a86d2b385e94dc,100,1729,maximum_first_20_then_half_top_6,2000.0,3000.0
kata1-b6c96-s16525312-d2925067,80,2211.0563149375084,2126.89023917897,2295.2223906960467,2246.7033645254683,-35.64704958795983,2,a5803f8a5d9d87202b43d709cb328cedaf18c446af448f705c33d553e8c2e9f7,5170ec511fb50cdf10d648416d508574d70e9781ddf156a1b2a86d2b385e94dc,100,1729,maximum_first_20_then_half_top_6,2000.0,3000.0
kata1-b6c96-s16525312-d2925067,82,2218.390374390198,2135.0366953026905,2301.744053477705,2246.7033645254683,-28.31299013527041,2,a5803f8a5d9d87202b43d709cb328cedaf18c446af448f705c33d553e8c2e9f7,5170ec511fb50cdf10d648416d508574d70e9781ddf156a1b2a86d2b385e94dc,100,1729,maximum_first_20_then_half_top_6,2000.0,3000.0
kata1-b6c96-s16525312-d2925067,84,2215.5036825833317,2133.1284172934693,2297.878947873194,2246.7033645254683,-31.19968194213652,2,a5803f8a5d9d87202b43d709cb328cedaf18c446af448f705c33d553e8c2e9f7,5170ec511fb50cdf10d648416d508574d70e9781ddf156a1b2a86d2b385e94dc,100,1729,maximum_first_20_then_half_top_6,2000.0,3000.0
kata1-b6c96-s16525312-d2925067,86,2217.875649990317,2136.3490417991416,2299.4022581814925,2246.7033645254683,-28.827714535151244,2,a5803f8a5d9d87202b43d709cb328cedaf18c446af448f705c33d553e8c2e9f7,5170ec511fb50cdf10d648416d508574d70e9781ddf156a1b2a86d2b385e94dc,100,1729,maximum_first_20_then_half_top_6,2000.0,3000.0
kata1-b6c96-s16525312-d2925067,88,2223.534065148567,2142.701835950662,2304.3662943464724,2246.7033645254683,-23.169299376901108,2,a5803f8a5d9d87202b43d709cb328cedaf18c446af448f705c33d553e8c2e9f7,5170ec511fb50cdf10d648416d508574d70e9781ddf156a1b2a86d2b385e94dc,100,1729,maximum_first_20_then_half_top_6,2000.0,3000.0
kata1-b6c96-s16525312-d2925067,90,2222.0611782800684,2142.133699185744,2301.988657374393,2246.7033645254683,-24.6421862453999,2,a5803f8a5d9d87202b43d709cb328cedaf18c446af448f705c33d553e8c2e9f7,5170ec511fb50cdf10d648416d508574d70e9781ddf156a1b2a86d2b385e94dc,100,1729,maximum_first_20_then_half_top_6,2000.0,3000.0
kata1-b6c96-s16525312-d2925067,92,2220.6588516804495,2141.6009787409384,2299.7167246199606,2246.7033645254683,-26.044512845018744,2,a5803f8a5d9d87202b43d709cb328cedaf18c446af448f705c33d553e8c2e9f7,5170ec511fb50cdf10d648416d508574d70e9781ddf156a1b2a86d2b385e94dc,100,1729,maximum_first_20_then_half_top_6,2000.0,3000.0
kata1-b6c96-s16525312-d2925067,94,2227.526775783214,2149.108732473615,2305.944819092813,2246.7033645254683,-19.176588742254353,2,a5803f8a5d9d87202b43d709cb328cedaf18c446af448f705c33d553e8c2e9f7,5170ec511fb50cdf10d648416d508574d70e9781ddf156a1b2a86d2b385e94dc,100,1729,maximum_first_20_then_half_top_6,2000.0,3000.0
kata1-b6c96-s16525312-d2925067,96,2224.8294800801305,2147.2130356970592,2302.4459244632017,2246.7033645254683,-21.873884445337808,2,a5803f8a5d9d87202b43d709cb328cedaf18c446af448f705c33d553e8c2e9f7,5170ec511fb50cdf10d648416d508574d70e9781ddf156a1b2a86d2b385e94dc,100,1729,maximum_first_20_then_half_top_6,2000.0,3000.0
kata1-b6c96-s16525312-d2925067,98,2231.2740115450156,2154.2429581143724,2308.3050649756588,2246.7033645254683,-15.429352980452677,2,a5803f8a5d9d87202b43d709cb328cedaf18c446af448f705c33d553e8c2e9f7,5170ec511fb50cdf10d648416d508574d70e9781ddf156a1b2a86d2b385e94dc,100,1729,maximum_first_20_then_half_top_6,2000.0,3000.0
kata1-b6c96-s16525312-d2925067,100,2229.6933981402753,2153.4365323209745,2305.950263959576,2246.7033645254683,-17.00996638519291,2,a5803f8a5d9d87202b43d709cb328cedaf18c446af448f705c33d553e8c2e9f7,5170ec511fb50cdf10d648416d508574d70e9781ddf156a1b2a86d2b385e94dc,100,1729,maximum_first_20_then_half_top_6,2000.0,3000.0
kata1-b6c96-s17434112-d3038653,2,2847.589278018737,414.02881099093156,5281.149745046542,2312.3963974188023,535.1928805999346,2,a5803f8a5d9d87202b43d709cb328cedaf18c446af448f705c33d553e8c2e9f7,5170ec511fb50cdf10d648416d508574d70e9781ddf156a1b2a86d2b385e94dc,100,1729,maximum_first_20_then_half_top_6,2000.0,3000.0
kata1-b6c96-s17434112-d3038653,4,2837.749278678562,2364.649958940314,3310.84859841681,2312.3963974188023,525.3528812597597,2,a5803f8a5d9d87202b43d709cb328cedaf18c446af448f705c33d553e8c2e9f7,5170ec511fb50cdf10d648416d508574d70e9781ddf156a1b2a86d2b385e94dc,100,1729,maximum_first_20_then_half_top_6,2000.0,3000.0
kata1-b6c96-s17434112-d3038653,6,2654.585335714126,2276.952948403996,3032.217723024256,2312.3963974188023,342.1889382953236,2,a5803f8a5d9d87202b43d709cb328cedaf18c446af448f705c33d553e8c2e9f7,5170ec511fb50cdf10d648416d508574d70e9781ddf156a1b2a86d2b385e94dc,100,1729,maximum_first_20_then_half_top_6,2000.0,3000.0
kata1-b6c96-s17434112-d3038653,8,2495.71845637199,2149.0523396884387,2842.3845730555418,2312.3963974188023,183.32205895318793,2,a5803f8a5d9d87202b43d709cb328cedaf18c446af448f705c33d553e8c2e9f7,5170ec511fb50cdf10d648416d508574d70e9781ddf156a1b2a86d2b385e94dc,100,1729,maximum_first_20_then_half_top_6,2000.0,3000.0
kata1-b6c96-s17434112-d3038653,10,2362.2200423175304,2044.9944476196981,2679.445637015363,2312.3963974188023,49.82364489872816,2,a5803f8a5d9d87202b43d709cb328cedaf18c446af448f705c33d553e8c2e9f7,5170ec511fb50cdf10d648416d508574d70e9781ddf156a1b2a86d2b385e94dc,100,1729,maximum_first_20_then_half_top_6,2000.0,3000.0
kata1-b6c96-s17434112-d3038653,12,2255.257159101293,1965.6335777179745,2544.880740484611,2312.3963974188023,-57.13923831750935,2,a5803f8a5d9d87202b43d709cb328cedaf18c446af448f705c33d553e8c2e9f7,5170ec511fb50cdf10d648416d508574d70e9781ddf156a1b2a86d2b385e94dc,100,1729,maximum_first_20_then_half_top_6,2000.0,3000.0
kata1-b6c96-s17434112-d3038653,14,2252.3535312367203,2002.8170712914693,2501.8899911819713,2312.3963974188023,-60.04286618208198,2,a5803f8a5d9d87202b43d709cb328cedaf18c446af448f705c33d553e8c2e9f7,5170ec511fb50cdf10d648416d508574d70e9781ddf156a1b2a86d2b385e94dc,100,1729,maximum_first_20_then_half_top_6,2000.0,3000.0
kata1-b6c96-s17434112-d3038653,16,2174.2034969432243,1941.0857903531614,2407.321203533287,2312.3963974188023,-138.19290047557797,2,a5803f8a5d9d87202b43d709cb328cedaf18c446af448f705c33d553e8c2e9f7,5170ec511fb50cdf10d648416d508574d70e9781ddf156a1b2a86d2b385e94dc,100,1729,maximum_first_20_then_half_top_6,2000.0,3000.0
kata1-b6c96-s17434112-d3038653,18,2235.737694402267,2031.0925350010525,2440.382853803482,2312.3963974188023,-76.65870301653513,2,a5803f8a5d9d87202b43d709cb328cedaf18c446af448f705c33d553e8c2e9f7,5170ec511fb50cdf10d648416d508574d70e9781ddf156a1b2a86d2b385e94dc,100,1729,maximum_first_20_then_half_top_6,2000.0,3000.0
kata1-b6c96-s17434112-d3038653,20,2288.878929783675,2101.8108691899397,2475.9469903774107,2312.3963974188023,-23.517467635127105,2,a5803f8a5d9d87202b43d709cb328cedaf18c446af448f705c33d553e8c2e9f7,5170ec511fb50cdf10d648416d508574d70e9781ddf156a1b2a86d2b385e94dc,100,1729,maximum_first_20_then_half_top_6,2000.0,3000.0
kata1-b6c96-s17434112-d3038653,22,2283.1937822890477,2108.030083185202,2458.3574813928935,2312.3963974188023,-29.202615129754577,2,a5803f8a5d9d87202b43d709cb328cedaf18c446af448f705c33d553e8c2e9f7,5170ec511fb50cdf10d648416d508574d70e9781ddf156a1b2a86d2b385e94dc,100,1729,maximum_first_20_then_half_top_6,2000.0,3000.0
kata1-b6c96-s17434112-d3038653,24,2269.6136086448173,2103.5171060945527,2435.710111195082,2312.3963974188023,-42.782788773984976,2,a5803f8a5d9d87202b43d709cb328cedaf18c446af448f705c33d553e8c2e9f7,5170ec511fb50cdf10d648416d508574d70e9781ddf156a1b2a86d2b385e94dc,100,1729,maximum_first_20_then_half_top_6,2000.0,3000.0
kata1-b6c96-s17434112-d3038653,26,2266.9979493814053,2109.430074307909,2424.5658244549018,2312.3963974188023,-45.398448037396975,2,a5803f8a5d9d87202b43d709cb328cedaf18c446af448f705c33d553e8c2e9f7,5170ec511fb50cdf10d648416d508574d70e9781ddf156a1b2a86d2b385e94dc,100,1729,maximum_first_20_then_half_top_6,2000.0,3000.0
kata1-b6c96-s17434112-d3038653,28,2264.8692858909417,2114.601553689919,2415.1370180919644,2312.3963974188023,-47.5271115278606,2,a5803f8a5d9d87202b43d709cb328cedaf18c446af448f705c33d553e8c2e9f7,5170ec511fb50cdf10d648416d508574d70e9781ddf156a1b2a86d2b385e94dc,100,1729,maximum_first_20_then_half_top_6,2000.0,3000.0
kata1-b6c96-s17434112-d3038653,30,2281.054947367196,2135.5499794747543,2426.5599152596374,2312.3963974188023,-31.341450051606444,2,a5803f8a5d9d87202b43d709cb328cedaf18c446af448f705c33d553e8c2e9f7,5170ec511fb50cdf10d648416d508574d70e9781ddf156a1b2a86d2b385e94dc,100,1729,maximum_first_20_then_half_top_6,2000.0,3000.0
kata1-b6c96-s17434112-d3038653,32,2306.46934902004,2165.8231511612844,2447.115546878796,2312.3963974188023,-5.927048398762054,2,a5803f8a5d9d87202b43d709cb328cedaf18c446af448f705c33d553e8c2e9f7,5170ec511fb50cdf10d648416d508574d70e9781ddf156a1b2a86d2b385e94dc,100,1729,maximum_first_20_then_half_top_6,2000.0,3000.0
kata1-b6c96-s17434112-d3038653,34,2275.6145976352623,2141.0093829383122,2410.2198123322123,2312.3963974188023,-36.78179978354001,2,a5803f8a5d9d87202b43d709cb328cedaf18c446af448f705c33d553e8c2e9f7,5170ec511fb50cdf10d648416d508574d70e9781ddf156a1b2a86d2b385e94dc,100,1729,maximum_first_20_then_half_top_6,2000.0,3000.0
kata1-b6c96-s17434112-d3038653,36,2273.4506992026436,2143.4083636185687,2403.4930347867185,2312.3963974188023,-38.94569821615869,2,a5803f8a5d9d87202b43d709cb328cedaf18c446af448f705c33d553e8c2e9f7,5170ec511fb50cdf10d648416d508574d70e9781ddf156a1b2a86d2b385e94dc,100,1729,maximum_first_20_then_half_top_6,2000.0,3000.0
kata1-b6c96-s17434112-d3038653,38,2271.585312860843,2145.6446961546326,2397.525929567053,2312.3963974188023,-40.811084557959475,2,a5803f8a5d9d87202b43d709cb328cedaf18c446af448f705c33d553e8c2e9f7,5170ec511fb50cdf10d648416d508574d70e9781ddf156a1b2a86d2b385e94dc,100,1729,maximum_first_20_then_half_top_6,2000.0,3000.0
kata1-b6c96-s17434112-d3038653,40,2264.986304615602,2142.60387284002,2387.368736391184,2312.3963974188023,-47.410092803200314,2,a5803f8a5d9d87202b43d709cb328cedaf18c446af448f705c33d553e8c2e9f7,5170ec511fb50cdf10d648416d508574d70e9781ddf156a1b2a86d2b385e94dc,100,1729,maximum_first_20_then_half_top_6,2000.0,3000.0
kata1-b6c96-s17434112-d3038653,42,2275.821340320577,2155.8543639704276,2395.788316670726,2312.3963974188023,-36.57505709822544,2,a5803f8a5d9d87202b43d709cb328cedaf18c446af448f705c33d553e8c2e9f7,5170ec511fb50cdf10d648416d508574d70e9781ddf156a1b2a86d2b385e94dc,100,1729,maximum_first_20_then_half_top_6,2000.0,3000.0
kata1-b6c96-s17434112-d3038653,44,2281.6971451603217,2164.540924262419,2398.8533660582243,2312.3963974188023,-30.699252258480556,2,a5803f8a5d9d87202b43d709cb328cedaf18c446af448f705c33d553e8c2e9f7,5170ec511fb50cdf10d648416d508574d70e9781ddf156a1b2a86d2b385e94dc,100,1729,maximum_first_20_then_half_top_6,2000.0,3000.0
kata1-b6c96-s17434112-d3038653,46,2298.295944363957,2183.544211485777,2413.047677242137,2312.3963974188023,-14.100453054845275,2,a5803f8a5d9d87202b43d709cb328cedaf18c446af448f705c33d553e8c2e9f7,5170ec511fb50cdf10d648416d508574d70e9781ddf156a1b2a86d2b385e94dc,100,1729,maximum_first_20_then_half_top_6,2000.0,3000.0
kata1-b6c96-s17434112-d3038653,48,2309.6127749703296,2196.8193067940065,2422.4062431466527,2312.3963974188023,-2.78362244847267,2,a5803f8a5d9d87202b43d709cb328cedaf18c446af448f705c33d553e8c2e9f7,5170ec511fb50cdf10d648416d508574d70e9781ddf156a1b2a86d2b385e94dc,100,1729,maximum_first_20_then_half_top_6,2000.0,3000.0
kata1-b6c96-s17434112-d3038653,50,2296.055885268121,2186.3014643361093,2405.810306200133,2312.3963974188023,-16.340512150681207,2,a5803f8a5d9d87202b43d709cb328cedaf18c446af448f705c33d553e8c2e9f7,5170ec511fb50cdf10d648416d508574d70e9781ddf156a1b2a86d2b385e94dc,100,1729,maximum_first_20_then_half_top_6,2000.0,3000.0
kata1-b6c96-s17434112-d3038653,52,2303.0614275463863,2195.140259209532,2410.9825958832407,2312.3963974188023,-9.334969872415968,2,a5803f8a5d9d87202b43d709cb328cedaf18c446af448f705c33d553e8c2e9f7,5170ec511fb50cdf10d648416d508574d70e9781ddf156a1b2a86d2b385e94dc,100,1729,maximum_first_20_then_half_top_6,2000.0,3000.0
kata1-b6c96-s17434112-d3038653,54,2295.0405527890603,2189.0532408879562,2401.0278646901643,2312.3963974188023,-17.355844629742023,2,a5803f8a5d9d87202b43d709cb328cedaf18c446af448f705c33d553e8c2e9f7,5170ec511fb50cdf10d648416d508574d70e9781ddf156a1b2a86d2b385e94dc,100,1729,maximum_first_20_then_half_top_6,2000.0,3000.0
kata1-b6c96-s17434112-d3038653,56,2292.8634080088873,2189.0388800137403,2396.6879360040343,2312.3963974188023,-19.53298940991499,2,a5803f8a5d9d87202b43d709cb328cedaf18c446af448f705c33d553e8c2e9f7,5170ec511fb50cdf10d648416d508574d70e9781ddf156a1b2a86d2b385e94dc,100,1729,maximum_first_20_then_half_top_6,2000.0,3000.0
kata1-b6c96-s17434112-d3038653,58,2305.38722951063,2203.2736994091856,2407.500759612074,2312.3963974188023,-7.009167908172458,2,a5803f8a5d9d87202b43d709cb328cedaf18c446af448f705c33d553e8c2e9f7,5170ec511fb50cdf10d648416d508574d70e9781ddf156a1b2a86d2b385e94dc,100,1729,maximum_first_20_then_half_top_6,2000.0,3000.0
kata1-b6c96-s17434112-d3038653,60,2302.96370239287,2202.7737511768087,2403.153653608931,2312.3963974188023,-9.43269502593239,2,a5803f8a5d9d87202b43d709cb328cedaf18c446af448f705c33d553e8c2e9f7,5170ec511fb50cdf10d648416d508574d70e9781ddf156a1b2a86d2b385e94dc,100,1729,maximum_first_20_then_half_top_6,2000.0,3000.0
kata1-b6c96-s17434112-d3038653,62,2294.024260992345,2195.787578898864,2392.2609430858256,2312.3963974188023,-18.372136426457473,2,a5803f8a5d9d87202b43d709cb328cedaf18c446af448f705c33d553e8c2e9f7,5170ec511fb50cdf10d648416d508574d70e9781ddf156a1b2a86d2b385e94dc,100,1729,maximum_first_20_then_half_top_6,2000.0,3000.0
kata1-b6c96-s17434112-d3038653,64,2286.571023501597,2189.8434074694514,2383.298639533743,2312.3963974188023,-25.82537391720507,2,a5803f8a5d9d87202b43d709cb328cedaf18c446af448f705c33d553e8c2e9f7,5170ec511fb50cdf10d648416d508574d70e9781ddf156a1b2a86d2b385e94dc,100,1729,maximum_first_20_then_half_top_6,2000.0,3000.0
kata1-b6c96-s17434112-d3038653,66,2279.57292773345,2184.200573058619,2374.945282408281,2312.3963974188023,-32.82346968535239,2,a5803f8a5d9d87202b43d709cb328cedaf18c446af448f705c33d553e8c2e9f7,5170ec511fb50cdf10d648416d508574d70e9781ddf156a1b2a86d2b385e94dc,100,1729,maximum_first_20_then_half_top_6,2000.0,3000.0
kata1-b6c96-s17434112-d3038653,68,2286.304312354684,2192.129102665153,2380.479522044215,2312.3963974188023,-26.092085064118237,2,a5803f8a5d9d87202b43d709cb328cedaf18c446af448f705c33d553e8c2e9f7,5170ec511fb50cdf10d648416d508574d70e9781ddf156a1b2a86d2b385e94dc,100,1729,maximum_first_20_then_half_top_6,2000.0,3000.0
kata1-b6c96-s17434112-d3038653,70,2284.886262234809,2192.180011924785,2377.5925125448325,2312.3963974188023,-27.510135183993498,2,a5803f8a5d9d87202b43d709cb328cedaf18c446af448f705c33d553e8c2e9f7,5170ec511fb50cdf10d648416d508574d70e9781ddf156a1b2a86d2b385e94dc,100,1729,maximum_first_20_then_half_top_6,2000.0,3000.0
kata1-b6c96-s17434112-d3038653,72,2281.021561847293,2189.6379920494437,2372.4051316451423,2312.3963974188023,-31.374835571509266,2,a5803f8a5d9d87202b43d709cb328cedaf18c446af448f705c33d553e8c2e9f7,5170ec511fb50cdf10d648416d508574d70e9781ddf156a1b2a86d2b385e94dc,100,1729,maximum_first_20_then_half_top_6,2000.0,3000.0
kata1-b6c96-s17434112-d3038653,74,2288.6426547131678,2198.3787368246726,2378.906572601663,2312.3963974188023,-23.753742705634522,2,a5803f8a5d9d87202b43d709cb328cedaf18c446af448f705c33d553e8c2e9f7,5170ec511fb50cdf10d648416d508574d70e9781ddf156a1b2a86d2b385e94dc,100,1729,maximum_first_20_then_half_top_6,2000.0,3000.0
kata1-b6c96-s17434112-d3038653,76,2292.690123659812,2203.619974612744,2381.7602727068797,2312.3963974188023,-19.706273758990392,2,a5803f8a5d9d87202b43d709cb328cedaf18c446af448f705c33d553e8c2e9f7,5170ec511fb50cdf10d648416d508574d70e9781ddf156a1b2a86d2b385e94dc,100,1729,maximum_first_20_then_half_top_6,2000.0,3000.0
kata1-b6c96-s17434112-d3038653,78,2295.3981406809653,2207.4547803379073,2383.3415010240233,2312.3963974188023,-16.998256737836982,2,a5803f8a5d9d87202b43d709cb328cedaf18c446af448f705c33d553e8c2e9f7,5170ec511fb50cdf10d648416d508574d70e9781ddf156a1b2a86d2b385e94dc,100,1729,maximum_first_20_then_half_top_6,2000.0,3000.0
kata1-b6c96-s17434112-d3038653,80,2304.1674175910525,2217.2088831332153,2391.1259520488898,2312.3963974188023,-8.228979827749754,2,a5803f8a5d9d87202b43d709cb328cedaf18c446af448f705c33d553e8c2e9f7,5170ec511fb50cdf10d648416d508574d70e9781ddf156a1b2a86d2b385e94dc,100,1729,maximum_first_20_then_half_top_6,2000.0,3000.0
kata1-b6c96-s17434112-d3038653,82,2302.4675180517693,2216.643646277801,2388.2913898257375,2312.3963974188023,-9.928879367033005,2,a5803f8a5d9d87202b43d709cb328cedaf18c446af448f705c33d553e8c2e9f7,5170ec511fb50cdf10d648416d508574d70e9781ddf156a1b2a86d2b385e94dc,100,1729,maximum_first_20_then_half_top_6,2000.0,3000.0
kata1-b6c96-s17434112-d3038653,84,2296.033308365955,2211.384358655207,2380.6822580767025,2312.3963974188023,-16.3630890528475,2,a5803f8a5d9d87202b43d709cb328cedaf18c446af448f705c33d553e8c2e9f7,5170ec511fb50cdf10d648416d508574d70e9781ddf156a1b2a86d2b385e94dc,100,1729,maximum_first_20_then_half_top_6,2000.0,3000.0
kata1-b6c96-s17434112-d3038653,86,2294.6455367049425,2211.0301437965404,2378.2609296133446,2312.3963974188023,-17.750860713859765,2,a5803f8a5d9d87202b43d709cb328cedaf18c446af448f705c33d553e8c2e9f7,5170ec511fb50cdf10d648416d508574d70e9781ddf156a1b2a86d2b385e94dc,100,1729,maximum_first_20_then_half_top_6,2000.0,3000.0
kata1-b6c96-s17434112-d3038653,88,2293.3490668419304,2210.7239439427667,2375.974189741094,2312.3963974188023,-19.0473305768719,2,a5803f8a5d9d87202b43d709cb328cedaf18c446af448f705c33d553e8c2e9f7,5170ec511fb50cdf10d648416d508574d70e9781ddf156a1b2a86d2b385e94dc,100,1729,maximum_first_20_then_half_top_6,2000.0,3000.0
kata1-b6c96-s17434112-d3038653,90,2292.1004761668855,2210.4259828475924,2373.7749694861786,2312.3963974188023,-20.295921251916752,2,a5803f8a5d9d87202b43d709cb328cedaf18c446af448f705c33d553e8c2e9f7,5170ec511fb50cdf10d648416d508574d70e9781ddf156a1b2a86d2b385e94dc,100,1729,maximum_first_20_then_half_top_6,2000.0,3000.0
kata1-b6c96-s17434112-d3038653,92,2286.5829909347494,2205.8846409806833,2367.2813408888155,2312.3963974188023,-25.813406484052848,2,a5803f8a5d9d87202b43d709cb328cedaf18c446af448f705c33d553e8c2e9f7,5170ec511fb50cdf10d648416d508574d70e9781ddf156a1b2a86d2b385e94dc,100,1729,maximum_first_20_then_half_top_6,2000.0,3000.0
kata1-b6c96-s17434112-d3038653,94,2292.3037785349634,2212.3175951105845,2372.2899619593422,2312.3963974188023,-20.092618883838895,2,a5803f8a5d9d87202b43d709cb328cedaf18c446af448f705c33d553e8c2e9f7,5170ec511fb50cdf10d648416d508574d70e9781ddf156a1b2a86d2b385e94dc,100,1729,maximum_first_20_then_half_top_6,2000.0,3000.0
kata1-b6c96-s17434112-d3038653,96,2299.5053252445396,2220.216427080953,2378.794223408126,2312.3963974188023,-12.891072174262717,2,a5803f8a5d9d87202b43d709cb328cedaf18c446af448f705c33d553e8c2e9f7,5170ec511fb50cdf10d648416d508574d70e9781ddf156a1b2a86d2b385e94dc,100,1729,maximum_first_20_then_half_top_6,2000.0,3000.0
kata1-b6c96-s17434112-d3038653,98,2304.738693851411,2226.0692484398464,2383.4081392629755,2312.3963974188023,-7.657703567391309,2,a5803f8a5d9d87202b43d709cb328cedaf18c446af448f705c33d553e8c2e9f7,5170ec511fb50cdf10d648416d508574d70e9781ddf156a1b2a86d2b385e94dc,100,1729,maximum_first_20_then_half_top_6,2000.0,3000.0
kata1-b6c96-s17434112-d3038653,100,2302.4979281438254,2224.6565920066287,2380.339264281022,2312.3963974188023,-9.898469274976833,2,a5803f8a5d9d87202b43d709cb328cedaf18c446af448f705c33d553e8c2e9f7,5170ec511fb50cdf10d648416d508574d70e9781ddf156a1b2a86d2b385e94dc,100,1729,maximum_first_20_then_half_top_6,2000.0,3000.0
kata1-b6c96-s19408128-d3280178,2,2847.312576127993,413.4219148984598,5281.203237357526,2459.07069597184,388.241880156153,2,a5803f8a5d9d87202b43d709cb328cedaf18c446af448f705c33d553e8c2e9f7,5170ec511fb50cdf10d648416d508574d70e9781ddf156a1b2a86d2b385e94dc,100,1729,maximum_first_20_then_half_top_6,2000.0,3000.0
kata1-b6c96-s19408128-d3280178,4,2677.697627374789,2160.212672988844,3195.182581760734,2459.07069597184,218.62693140294914,2,a5803f8a5d9d87202b43d709cb328cedaf18c446af448f705c33d553e8c2e9f7,5170ec511fb50cdf10d648416d508574d70e9781ddf156a1b2a86d2b385e94dc,100,1729,maximum_first_20_then_half_top_6,2000.0,3000.0
kata1-b6c96-s19408128-d3280178,6,2466.074756063284,2041.7227614376866,2890.4267506888814,2459.07069597184,7.004060091443989,2,a5803f8a5d9d87202b43d709cb328cedaf18c446af448f705c33d553e8c2e9f7,5170ec511fb50cdf10d648416d508574d70e9781ddf156a1b2a86d2b385e94dc,100,1729,maximum_first_20_then_half_top_6,2000.0,3000.0
kata1-b6c96-s19408128-d3280178,8,2616.6046527785134,2316.710382783321,2916.4989227737055,2459.07069597184,157.53395680667336,2,a5803f8a5d9d87202b43d709cb328cedaf18c446af448f705c33d553e8c2e9f7,5170ec511fb50cdf10d648416d508574d70e9781ddf156a1b2a86d2b385e94dc,100,1729,maximum_first_20_then_half_top_6,2000.0,3000.0
kata1-b6c96-s19408128-d3280178,10,2520.9947526560427,2255.966997744093,2786.0225075679923,2459.07069597184,61.9240566842027,2,a5803f8a5d9d87202b43d709cb328cedaf18c446af448f705c33d553e8c2e9f7,5170ec511fb50cdf10d648416d508574d70e9781ddf156a1b2a86d2b385e94dc,100,1729,maximum_first_20_then_half_top_6,2000.0,3000.0
kata1-b6c96-s19408128-d3280178,12,2429.0830407872636,2182.5428564827716,2675.6232250917556,2459.07069597184,-29.987655184576397,2,a5803f8a5d9d87202b43d709cb328cedaf18c446af448f705c33d553e8c2e9f7,5170ec511fb50cdf10d648416d508574d70e9781ddf156a1b2a86d2b385e94dc,100,1729,maximum_first_20_then_half_top_6,2000.0,3000.0
kata1-b6c96-s19408128-d3280178,14,2382.495618137018,2155.24364030041,2609.747595973626,2459.07069597184,-76.57507783482197,2,a5803f8a5d9d87202b43d709cb328cedaf18c446af448f705c33d553e8c2e9f7,5170ec511fb50cdf10d648416d508574d70e9781ddf156a1b2a86d2b385e94dc,100,1729,maximum_first_20_then_half_top_6,2000.0,3000.0
kata1-b6c96-s19408128-d3280178,16,2413.478208214836,2210.675194970525,2616.2812214591468,2459.07069597184,-45.592487757004164,2,a5803f8a5d9d87202b43d709cb328cedaf18c446af448f705c33d553e8c2e9f7,5170ec511fb50cdf10d648416d508574d70e9781ddf156a1b2a86d2b385e94dc,100,1729,maximum_first_20_then_half_top_6,2000.0,3000.0
kata1-b6c96-s19408128-d3280178,18,2409.0502017288104,2221.1187874938164,2596.9816159638044,2459.07069597184,-50.02049424302959,2,a5803f8a5d9d87202b43d709cb328cedaf18c446af448f705c33d553e8c2e9f7,5170ec511fb50cdf10d648416d508574d70e9781ddf156a1b2a86d2b385e94dc,100,1729,maximum_first_20_then_half_top_6,2000.0,3000.0
kata1-b6c96-s19408128-d3280178,20,2450.492769104199,2276.2652629590402,2624.7202752493577,2459.07069597184,-8.577926867641054,2,a5803f8a5d9d87202b43d709cb328cedaf18c446af448f705c33d553e8c2e9f7,5170ec511fb50cdf10d648416d508574d70e9781ddf156a1b2a86d2b385e94dc,100,1729,maximum_first_20_then_half_top_6,2000.0,3000.0
kata1-b6c96-s19408128-d3280178,22,2454.9370267283725,2290.533423081108,2619.340630375637,2459.07069597184,-4.133669243467466,2,a5803f8a5d9d87202b43d709cb328cedaf18c446af448f705c33d553e8c2e9f7,5170ec511fb50cdf10d648416d508574d70e9781ddf156a1b2a86d2b385e94dc,100,1729,maximum_first_20_then_half_top_6,2000.0,3000.0
kata1-b6c96-s19408128-d3280178,24,2458.4928111242616,2302.3671627448944,2614.618459503629,2459.07069597184,-0.5778848475783889,2,a5803f8a5d9d87202b43d709cb328cedaf18c446af448f705c33d553e8c2e9f7,5170ec511fb50cdf10d648416d508574d70e9781ddf156a1b2a86d2b385e94dc,100,1729,maximum_first_20_then_half_top_6,2000.0,3000.0
kata1-b6c96-s19408128-d3280178,26,2440.606610895898,2289.5970160932065,2591.6162056985895,2459.07069597184,-18.464085075941966,2,a5803f8a5d9d87202b43d709cb328cedaf18c446af448f705c33d553e8c2e9f7,5170ec511fb50cdf10d648416d508574d70e9781ddf156a1b2a86d2b385e94dc,100,1729,maximum_first_20_then_half_top_6,2000.0,3000.0
kata1-b6c96-s19408128-d3280178,28,2444.850764758341,2300.3239477290435,2589.3775817876385,2459.07069597184,-14.219931213498967,2,a5803f8a5d9d87202b43d709cb328cedaf18c446af448f705c33d553e8c2e9f7,5170ec511fb50cdf10d648416d508574d70e9781ddf156a1b2a86d2b385e94dc,100,1729,maximum_first_20_then_half_top_6,2000.0,3000.0
kata1-b6c96-s19408128-d3280178,30,2475.937510113614,2337.7426266873817,2614.132393539846,2459.07069597184,16.86681414177383,2,a5803f8a5d9d87202b43d709cb328cedaf18c446af448f705c33d553e8c2e9f7,5170ec511fb50cdf10d648416d508574d70e9781ddf156a1b2a86d2b385e94dc,100,1729,maximum_first_20_then_half_top_6,2000.0,3000.0
kata1-b6c96-s19408128-d3280178,32,2476.9454678022807,2343.655476784085,2610.2354588204767,2459.07069597184,17.87477183044075,2,a5803f8a5d9d87202b43d709cb328cedaf18c446af448f705c33d553e8c2e9f7,5170ec511fb50cdf10d648416d508574d70e9781ddf156a1b2a86d2b385e94dc,100,1729,maximum_first_20_then_half_top_6,2000.0,3000.0
kata1-b6c96-s19408128-d3280178,34,2501.440562347324,2372.5790969918216,2630.3020277028263,2459.07069597184,42.36986637548398,2,a5803f8a5d9d87202b43d709cb328cedaf18c446af448f705c33d553e8c2e9f7,5170ec511fb50cdf10d648416d508574d70e9781ddf156a1b2a86d2b385e94dc,100,1729,maximum_first_20_then_half_top_6,2000.0,3000.0
kata1-b6c96-s19408128-d3280178,36,2478.562987450478,2353.6038002256514,2603.5221746753045,2459.07069597184,19.49229147863798,2,a5803f8a5d9d87202b43d709cb328cedaf18c446af448f705c33d553e8c2e9f7,5170ec511fb50cdf10d648416d508574d70e9781ddf156a1b2a86d2b385e94dc,100,1729,maximum_first_20_then_half_top_6,2000.0,3000.0
kata1-b6c96-s19408128-d3280178,38,2479.232834348353,2357.851497159403,2600.6141715373033,2459.07069597184,20.162138376513212,2,a5803f8a5d9d87202b43d709cb328cedaf18c446af448f705c33d553e8c2e9f7,5170ec511fb50cdf10d648416d508574d70e9781ddf156a1b2a86d2b385e94dc,100,1729,maximum_first_20_then_half_top_6,2000.0,3000.0
kata1-b6c96-s19408128-d3280178,40,2479.813401020315,2361.6945715916213,2597.9322304490083,2459.07069597184,20.742705048474818,2,a5803f8a5d9d87202b43d709cb328cedaf18c446af448f705c33d553e8c2e9f7,5170ec511fb50cdf10d648416d508574d70e9781ddf156a1b2a86d2b385e94dc,100,1729,maximum_first_20_then_half_top_6,2000.0,3000.0
kata1-b6c96-s19408128-d3280178,42,2468.5846344302486,2352.830909918949,2584.338358941548,2459.07069597184,9.513938458408575,2,a5803f8a5d9d87202b43d709cb328cedaf18c446af448f705c33d553e8c2e9f7,5170ec511fb50cdf10d648416d508574d70e9781ddf156a1b2a86d2b385e94dc,100,1729,maximum_first_20_then_half_top_6,2000.0,3000.0
kata1-b6c96-s19408128-d3280178,44,2455.184072228927,2341.8674841303637,2568.5006603274906,2459.07069597184,-3.8866237429128887,2,a5803f8a5d9d87202b43d709cb328cedaf18c446af448f705c33d553e8c2e9f7,5170ec511fb50cdf10d648416d508574d70e9781ddf156a1b2a86d2b385e94dc,100,1729,maximum_first_20_then_half_top_6,2000.0,3000.0
kata1-b6c96-s19408128-d3280178,46,2454.576582632073,2343.360560710108,2565.792604554038,2459.07069597184,-4.494113339766955,2,a5803f8a5d9d87202b43d709cb328cedaf18c446af448f705c33d553e8c2e9f7,5170ec511fb50cdf10d648416d508574d70e9781ddf156a1b2a86d2b385e94dc,100,1729,maximum_first_20_then_half_top_6,2000.0,3000.0
kata1-b6c96-s19408128-d3280178,48,2472.6041059326503,2364.2594596060753,2580.9487522592253,2459.07069597184,13.533409960810332,2,a5803f8a5d9d87202b43d709cb328cedaf18c446af448f705c33d553e8c2e9f7,5170ec511fb50cdf10d648416d508574d70e9781ddf156a1b2a86d2b385e94dc,100,1729,maximum_first_20_then_half_top_6,2000.0,3000.0
kata1-b6c96-s19408128-d3280178,50,2462.1753666521295,2355.647236263898,2568.703497040361,2459.07069597184,3.1046706802894732,2,a5803f8a5d9d87202b43d709cb328cedaf18c446af448f705c33d553e8c2e9f7,5170ec511fb50cdf10d648416d508574d70e9781ddf156a1b2a86d2b385e94dc,100,1729,maximum_first_20_then_half_top_6,2000.0,3000.0
kata1-b6c96-s19408128-d3280178,52,2463.3236803126833,2358.9652686487284,2567.6820919766383,2459.07069597184,4.252984340843341,2,a5803f8a5d9d87202b43d709cb328cedaf18c446af448f705c33d553e8c2e9f7,5170ec511fb50cdf10d648416d508574d70e9781ddf156a1b2a86d2b385e94dc,100,1729,maximum_first_20_then_half_top_6,2000.0,3000.0
kata1-b6c96-s19408128-d3280178,54,2457.1557029516107,2354.6333223914853,2559.678083511736,2459.07069597184,-1.9149930202293035,2,a5803f8a5d9d87202b43d709cb328cedaf18c446af448f705c33d553e8c2e9f7,5170ec511fb50cdf10d648416d508574d70e9781ddf156a1b2a86d2b385e94dc,100,1729,maximum_first_20_then_half_top_6,2000.0,3000.0
kata1-b6c96-s19408128-d3280178,56,2465.748572161926,2365.0714368901813,2566.4257074336706,2459.07069597184,6.677876190085954,2,a5803f8a5d9d87202b43d709cb328cedaf18c446af448f705c33d553e8c2e9f7,5170ec511fb50cdf10d648416d508574d70e9781ddf156a1b2a86d2b385e94dc,100,1729,maximum_first_20_then_half_top_6,2000.0,3000.0
kata1-b6c96-s19408128-d3280178,58,2453.2148278259006,2354.0461159195056,2552.3835397322955,2459.07069597184,-5.855868145939439,2,a5803f8a5d9d87202b43d709cb328cedaf18c446af448f705c33d553e8c2e9f7,5170ec511fb50cdf10d648416d508574d70e9781ddf156a1b2a86d2b385e94dc,100,1729,maximum_first_20_then_half_top_6,2000.0,3000.0
kata1-b6c96-s19408128-d3280178,60,2464.9776008109507,2367.576339972611,2562.3788616492902,2459.07069597184,5.906904839110666,2,a5803f8a5d9d87202b43d709cb328cedaf18c446af448f705c33d553e8c2e9f7,5170ec511fb50cdf10d648416d508574d70e9781ddf156a1b2a86d2b385e94dc,100,1729,maximum_first_20_then_half_top_6,2000.0,3000.0
kata1-b6c96-s19408128-d3280178,62,2465.863174980864,2370.073301376068,2561.6530485856606,2459.07069597184,6.792479009024191,2,a5803f8a5d9d87202b43d709cb328cedaf18c446af448f705c33d553e8c2e9f7,5170ec511fb50cdf10d648416d508574d70e9781ddf156a1b2a86d2b385e94dc,100,1729,maximum_first_20_then_half_top_6,2000.0,3000.0
kata1-b6c96-s19408128-d3280178,64,2466.6730014792497,2372.40545021195,2560.940552746549,2459.07069597184,7.60230550740971,2,a5803f8a5d9d87202b43d709cb328cedaf18c446af448f705c33d553e8c2e9f7,5170ec511fb50cdf10d648416d508574d70e9781ddf156a1b2a86d2b385e94dc,100,1729,maximum_first_20_then_half_top_6,2000.0,3000.0
kata1-b6c96-s19408128-d3280178,66,2455.7607935074348,2362.6870059005028,2548.8345811143668,2459.07069597184,-3.3099024644052406,2,a5803f8a5d9d87202b43d709cb328cedaf18c446af448f705c33d553e8c2e9f7,5170ec511fb50cdf10d648416d508574d70e9781ddf156a1b2a86d2b385e94dc,100,1729,maximum_first_20_then_half_top_6,2000.0,3000.0
kata1-b6c96-s19408128-d3280178,68,2453.3977701439617,2361.64342863693,2545.1521116509934,2459.07069597184,-5.672925827878316,2,a5803f8a5d9d87202b43d709cb328cedaf18c446af448f705c33d553e8c2e9f7,5170ec511fb50cdf10d648416d508574d70e9781ddf156a1b2a86d2b385e94dc,100,1729,maximum_first_20_then_half_top_6,2000.0,3000.0
kata1-b6c96-s19408128-d3280178,70,2451.1802209628386,2360.69008928456,2541.670352641117,2459.07069597184,-7.89047500900142,2,a5803f8a5d9d87202b43d709cb328cedaf18c446af448f705c33d553e8c2e9f7,5170ec511fb50cdf10d648416d508574d70e9781ddf156a1b2a86d2b385e94dc,100,1729,maximum_first_20_then_half_top_6,2000.0,3000.0
kata1-b6c96-s19408128-d3280178,72,2449.1112798823992,2359.8328497867833,2538.389709978015,2459.07069597184,-9.959416089440765,2,a5803f8a5d9d87202b43d709cb328cedaf18c446af448f705c33d553e8c2e9f7,5170ec511fb50cdf10d648416d508574d70e9781ddf156a1b2a86d2b385e94dc,100,1729,maximum_first_20_then_half_top_6,2000.0,3000.0
kata1-b6c96-s19408128-d3280178,74,2447.16414772238,2359.048140164414,2535.2801552803467,2459.07069597184,-11.906548249459775,2,a5803f8a5d9d87202b43d709cb328cedaf18c446af448f705c33d553e8c2e9f7,5170ec511fb50cdf10d648416d508574d70e9781ddf156a1b2a86d2b385e94dc,100,1729,maximum_first_20_then_half_top_6,2000.0,3000.0
kata1-b6c96-s19408128-d3280178,76,2455.5839876195846,2368.7378557563193,2542.43011948285,2459.07069597184,-3.486708352255391,2,a5803f8a5d9d87202b43d709cb328cedaf18c446af448f705c33d553e8c2e9f7,5170ec511fb50cdf10d648416d508574d70e9781ddf156a1b2a86d2b385e94dc,100,1729,maximum_first_20_then_half_top_6,2000.0,3000.0
kata1-b6c96-s19408128-d3280178,78,2468.8977628595117,2383.211075101093,2554.5844506179305,2459.07069597184,9.827066887671663,2,a5803f8a5d9d87202b43d709cb328cedaf18c446af448f705c33d553e8c2e9f7,5170ec511fb50cdf10d648416d508574d70e9781ddf156a1b2a86d2b385e94dc,100,1729,maximum_first_20_then_half_top_6,2000.0,3000.0
kata1-b6c96-s19408128-d3280178,80,2464.7300219977365,2379.9224933915216,2549.5375506039513,2459.07069597184,5.659326025896462,2,a5803f8a5d9d87202b43d709cb328cedaf18c446af448f705c33d553e8c2e9f7,5170ec511fb50cdf10d648416d508574d70e9781ddf156a1b2a86d2b385e94dc,100,1729,maximum_first_20_then_half_top_6,2000.0,3000.0
kata1-b6c96-s19408128-d3280178,82,2474.686502157667,2390.9324408795264,2558.4405634358072,2459.07069597184,15.615806185826841,2,a5803f8a5d9d87202b43d709cb328cedaf18c446af448f705c33d553e8c2e9f7,5170ec511fb50cdf10d648416d508574d70e9781ddf156a1b2a86d2b385e94dc,100,1729,maximum_first_20_then_half_top_6,2000.0,3000.0
kata1-b6c96-s19408128-d3280178,84,2486.5340024164184,2403.7189028535727,2569.349101979264,2459.07069597184,27.463306444578393,2,a5803f8a5d9d87202b43d709cb328cedaf18c446af448f705c33d553e8c2e9f7,5170ec511fb50cdf10d648416d508574d70e9781ddf156a1b2a86d2b385e94dc,100,1729,maximum_first_20_then_half_top_6,2000.0,3000.0
kata1-b6c96-s19408128-d3280178,86,2491.0240549853834,2409.12352842422,2572.924581546547,2459.07069597184,31.953359013543377,2,a5803f8a5d9d87202b43d709cb328cedaf18c446af448f705c33d553e8c2e9f7,5170ec511fb50cdf10d648416d508574d70e9781ddf156a1b2a86d2b385e94dc,100,1729,maximum_first_20_then_half_top_6,2000.0,3000.0
kata1-b6c96-s19408128-d3280178,88,2489.2418195863766,2408.1879692293305,2570.2956699434226,2459.07069597184,30.171123614536555,2,a5803f8a5d9d87202b43d709cb328cedaf18c446af448f705c33d553e8c2e9f7,5170ec511fb50cdf10d648416d508574d70e9781ddf156a1b2a86d2b385e94dc,100,1729,maximum_first_20_then_half_top_6,2000.0,3000.0
kata1-b6c96-s19408128-d3280178,90,2497.6607803222964,2417.437347749521,2577.884212895072,2459.07069597184,38.590084350456436,2,a5803f8a5d9d87202b43d709cb328cedaf18c446af448f705c33d553e8c2e9f7,5170ec511fb50cdf10d648416d508574d70e9781ddf156a1b2a86d2b385e94dc,100,1729,maximum_first_20_then_half_top_6,2000.0,3000.0
kata1-b6c96-s19408128-d3280178,92,2493.4782778261197,2413.9532891258677,2573.0032665263716,2459.07069597184,34.40758185427967,2,a5803f8a5d9d87202b43d709cb328cedaf18c446af448f705c33d553e8c2e9f7,5170ec511fb50cdf10d648416d508574d70e9781ddf156a1b2a86d2b385e94dc,100,1729,maximum_first_20_then_half_top_6,2000.0,3000.0
kata1-b6c96-s19408128-d3280178,94,2493.3761716998238,2414.6545368288703,2572.0978065707773,2459.07069597184,34.305475727983776,2,a5803f8a5d9d87202b43d709cb328cedaf18c446af448f705c33d553e8c2e9f7,5170ec511fb50cdf10d648416d508574d70e9781ddf156a1b2a86d2b385e94dc,100,1729,maximum_first_20_then_half_top_6,2000.0,3000.0
kata1-b6c96-s19408128-d3280178,96,2498.997219985057,2420.968153858069,2577.0262861120455,2459.07069597184,39.926524013217204,2,a5803f8a5d9d87202b43d709cb328cedaf18c446af448f705c33d553e8c2e9f7,5170ec511fb50cdf10d648416d508574d70e9781ddf156a1b2a86d2b385e94dc,100,1729,maximum_first_20_then_half_top_6,2000.0,3000.0
kata1-b6c96-s19408128-d3280178,98,2492.8079689186793,2415.565579207955,2570.0503586294035,2459.07069597184,33.73727294683931,2,a5803f8a5d9d87202b43d709cb328cedaf18c446af448f705c33d553e8c2e9f7,5170ec511fb50cdf10d648416d508574d70e9781ddf156a1b2a86d2b385e94dc,100,1729,maximum_first_20_then_half_top_6,2000.0,3000.0
kata1-b6c96-s19408128-d3280178,100,2482.7422940730944,2406.229998555986,2559.2545895902026,2459.07069597184,23.671598101254403,2,a5803f8a5d9d87202b43d709cb328cedaf18c446af448f705c33d553e8c2e9f7,5170ec511fb50cdf10d648416d508574d70e9781ddf156a1b2a86d2b385e94dc,100,1729,maximum_first_20_then_half_top_6,2000.0,3000.0
kata1-b6c96-s21371392-d3529696,2,2012.454449830115,1528.4941640190732,2496.4147356411568,2583.1844176865825,-570.7299678564675,2,a5803f8a5d9d87202b43d709cb328cedaf18c446af448f705c33d553e8c2e9f7,5170ec511fb50cdf10d648416d508574d70e9781ddf156a1b2a86d2b385e94dc,100,1729,maximum_first_20_then_half_top_6,2000.0,3000.0
kata1-b6c96-s21371392-d3529696,4,2204.4777903206723,1810.1066840360033,2598.848896605341,2583.1844176865825,-378.7066273659102,2,a5803f8a5d9d87202b43d709cb328cedaf18c446af448f705c33d553e8c2e9f7,5170ec511fb50cdf10d648416d508574d70e9781ddf156a1b2a86d2b385e94dc,100,1729,maximum_first_20_then_half_top_6,2000.0,3000.0
kata1-b6c96-s21371392-d3529696,6,2393.205886461305,2008.242958468924,2778.168814453686,2583.1844176865825,-189.9785312252775,2,a5803f8a5d9d87202b43d709cb328cedaf18c446af448f705c33d553e8c2e9f7,5170ec511fb50cdf10d648416d508574d70e9781ddf156a1b2a86d2b385e94dc,100,1729,maximum_first_20_then_half_top_6,2000.0,3000.0
kata1-b6c96-s21371392-d3529696,8,2553.754159766757,2175.0605902020543,2932.4477293314594,2583.1844176865825,-29.430257919825635,2,a5803f8a5d9d87202b43d709cb328cedaf18c446af448f705c33d553e8c2e9f7,5170ec511fb50cdf10d648416d508574d70e9781ddf156a1b2a86d2b385e94dc,100,1729,maximum_first_20_then_half_top_6,2000.0,3000.0
kata1-b6c96-s21371392-d3529696,10,2741.7175594819946,2358.314927411451,3125.120191552538,2583.1844176865825,158.53314179541212,2,a5803f8a5d9d87202b43d709cb328cedaf18c446af448f705c33d553e8c2e9f7,5170ec511fb50cdf10d648416d508574d70e9781ddf156a1b2a86d2b385e94dc,100,1729,maximum_first_20_then_half_top_6,2000.0,3000.0
kata1-b6c96-s21371392-d3529696,12,2619.238559081652,2346.747048138483,2891.730070024821,2583.1844176865825,36.054141395069564,2,a5803f8a5d9d87202b43d709cb328cedaf18c446af448f705c33d553e8c2e9f7,5170ec511fb50cdf10d648416d508574d70e9781ddf156a1b2a86d2b385e94dc,100,1729,maximum_first_20_then_half_top_6,2000.0,3000.0
kata1-b6c96-s21371392-d3529696,14,2541.46049945403,2308.6511040413684,2774.2698948666916,2583.1844176865825,-41.72391823255248,2,a5803f8a5d9d87202b43d709cb328cedaf18c446af448f705c33d553e8c2e9f7,5170ec511fb50cdf10d648416d508574d70e9781ddf156a1b2a86d2b385e94dc,100,1729,maximum_first_20_then_half_top_6,2000.0,3000.0
kata1-b6c96-s21371392-d3529696,16,2468.119827118735,2258.653365126303,2677.586289111167,2583.1844176865825,-115.06459056784752,2,a5803f8a5d9d87202b43d709cb328cedaf18c446af448f705c33d553e8c2e9f7,5170ec511fb50cdf10d648416d508574d70e9781ddf156a1b2a86d2b385e94dc,100,1729,maximum_first_20_then_half_top_6,2000.0,3000.0
kata1-b6c96-s21371392-d3529696,18,2493.434765694627,2300.620058393144,2686.24947299611,2583.1844176865825,-89.74965199195549,2,a5803f8a5d9d87202b43d709cb328cedaf18c446af448f705c33d553e8c2e9f7,5170ec511fb50cdf10d648416d508574d70e9781ddf156a1b2a86d2b385e94dc,100,1729,maximum_first_20_then_half_top_6,2000.0,3000.0
kata1-b6c96-s21371392-d3529696,20,2541.2424404538633,2360.211169458969,2722.2737114487577,2583.1844176865825,-41.94197723271918,2,a5803f8a5d9d87202b43d709cb328cedaf18c446af448f705c33d553e8c2e9f7,5170ec511fb50cdf10d648416d508574d70e9781ddf156a1b2a86d2b385e94dc,100,1729,maximum_first_20_then_half_top_6,2000.0,3000.0
kata1-b6c96-s21371392-d3529696,22,2537.094762495869,2365.5605436846126,2708.6289813071253,2583.1844176865825,-46.08965519071353,2,a5803f8a5d9d87202b43d709cb328cedaf18c446af448f705c33d553e8c2e9f7,5170ec511fb50cdf10d648416d508574d70e9781ddf156a1b2a86d2b385e94dc,100,1729,maximum_first_20_then_half_top_6,2000.0,3000.0
kata1-b6c96-s21371392-d3529696,24,2514.2212050939056,2350.4250043127777,2678.0174058750335,2583.1844176865825,-68.96321259267688,2,a5803f8a5d9d87202b43d709cb328cedaf18c446af448f705c33d553e8c2e9f7,5170ec511fb50cdf10d648416d508574d70e9781ddf156a1b2a86d2b385e94dc,100,1729,maximum_first_20_then_half_top_6,2000.0,3000.0
kata1-b6c96-s21371392-d3529696,26,2494.7179502014314,2338.76260489836,2650.6732955045027,2583.1844176865825,-88.46646748515104,2,a5803f8a5d9d87202b43d709cb328cedaf18c446af448f705c33d553e8c2e9f7,5170ec511fb50cdf10d648416d508574d70e9781ddf156a1b2a86d2b385e94dc,100,1729,maximum_first_20_then_half_top_6,2000.0,3000.0
kata1-b6c96-s21371392-d3529696,28,2494.7990150739056,2345.940759558301,2643.65727058951,2583.1844176865825,-88.3854026126769,2,a5803f8a5d9d87202b43d709cb328cedaf18c446af448f705c33d553e8c2e9f7,5170ec511fb50cdf10d648416d508574d70e9781ddf156a1b2a86d2b385e94dc,100,1729,maximum_first_20_then_half_top_6,2000.0,3000.0
kata1-b6c96-s21371392-d3529696,30,2476.3538242542154,2332.161728211431,2620.5459202969996,2583.1844176865825,-106.8305934323671,2,a5803f8a5d9d87202b43d709cb328cedaf18c446af448f705c33d553e8c2e9f7,5170ec511fb50cdf10d648416d508574d70e9781ddf156a1b2a86d2b385e94dc,100,1729,maximum_first_20_then_half_top_6,2000.0,3000.0
kata1-b6c96-s21371392-d3529696,32,2474.6757611645294,2336.0521864419024,2613.2993358871563,2583.1844176865825,-108.50865652205312,2,a5803f8a5d9d87202b43d709cb328cedaf18c446af448f705c33d553e8c2e9f7,5170ec511fb50cdf10d648416d508574d70e9781ddf156a1b2a86d2b385e94dc,100,1729,maximum_first_20_then_half_top_6,2000.0,3000.0
kata1-b6c96-s21371392-d3529696,34,2489.5110678069705,2355.320920245866,2623.701215368075,2583.1844176865825,-93.67334987961203,2,a5803f8a5d9d87202b43d709cb328cedaf18c446af448f705c33d553e8c2e9f7,5170ec511fb50cdf10d648416d508574d70e9781ddf156a1b2a86d2b385e94dc,100,1729,maximum_first_20_then_half_top_6,2000.0,3000.0
kata1-b6c96-s21371392-d3529696,36,2489.933300665097,2360.2516091489842,2619.6149921812093,2583.1844176865825,-93.2511170214857,2,a5803f8a5d9d87202b43d709cb328cedaf18c446af448f705c33d553e8c2e9f7,5170ec511fb50cdf10d648416d508574d70e9781ddf156a1b2a86d2b385e94dc,100,1729,maximum_first_20_then_half_top_6,2000.0,3000.0
kata1-b6c96-s21371392-d3529696,38,2510.2844793692107,2384.7253290772414,2635.84362966118,2583.1844176865825,-72.89993831737183,2,a5803f8a5d9d87202b43d709cb328cedaf18c446af448f705c33d553e8c2e9f7,5170ec511fb50cdf10d648416d508574d70e9781ddf156a1b2a86d2b385e94dc,100,1729,maximum_first_20_then_half_top_6,2000.0,3000.0
kata1-b6c96-s21371392-d3529696,40,2530.5275658030455,2408.4249785661323,2652.6301530399587,2583.1844176865825,-52.656851883537,2,a5803f8a5d9d87202b43d709cb328cedaf18c446af448f705c33d553e8c2e9f7,5170ec511fb50cdf10d648416d508574d70e9781ddf156a1b2a86d2b385e94dc,100,1729,maximum_first_20_then_half_top_6,2000.0,3000.0
kata1-b6c96-s21371392-d3529696,42,2548.5412974656383,2429.348125396867,2667.7344695344095,2583.1844176865825,-34.64312022094418,2,a5803f8a5d9d87202b43d709cb328cedaf18c446af448f705c33d553e8c2e9f7,5170ec511fb50cdf10d648416d508574d70e9781ddf156a1b2a86d2b385e94dc,100,1729,maximum_first_20_then_half_top_6,2000.0,3000.0
kata1-b6c96-s21371392-d3529696,44,2553.2546868998375,2436.912627109759,2669.596746689916,2583.1844176865825,-29.92973078674504,2,a5803f8a5d9d87202b43d709cb328cedaf18c446af448f705c33d553e8c2e9f7,5170ec511fb50cdf10d648416d508574d70e9781ddf156a1b2a86d2b385e94dc,100,1729,maximum_first_20_then_half_top_6,2000.0,3000.0
kata1-b6c96-s21371392-d3529696,46,2555.780502145559,2442.2415449563587,2669.319459334759,2583.1844176865825,-27.403915541023707,2,a5803f8a5d9d87202b43d709cb328cedaf18c446af448f705c33d553e8c2e9f7,5170ec511fb50cdf10d648416d508574d70e9781ddf156a1b2a86d2b385e94dc,100,1729,maximum_first_20_then_half_top_6,2000.0,3000.0
kata1-b6c96-s21371392-d3529696,48,2562.2103702833288,2450.8925127178936,2673.528227848764,2583.1844176865825,-20.974047403253735,2,a5803f8a5d9d87202b43d709cb328cedaf18c446af448f705c33d553e8c2e9f7,5170ec511fb50cdf10d648416d508574d70e9781ddf156a1b2a86d2b385e94dc,100,1729,maximum_first_20_then_half_top_6,2000.0,3000.0
kata1-b6c96-s21371392-d3529696,50,2564.0831878438817,2455.2280161268395,2672.938359560924,2583.1844176865825,-19.101229842700832,2,a5803f8a5d9d87202b43d709cb328cedaf18c446af448f705c33d553e8c2e9f7,5170ec511fb50cdf10d648416d508574d70e9781ddf156a1b2a86d2b385e94dc,100,1729,maximum_first_20_then_half_top_6,2000.0,3000.0
kata1-b6c96-s21371392-d3529696,52,2565.7957894538913,2459.234979077164,2672.3565998306185,2583.1844176865825,-17.38862823269119,2,a5803f8a5d9d87202b43d709cb328cedaf18c446af448f705c33d553e8c2e9f7,5170ec511fb50cdf10d648416d508574d70e9781ddf156a1b2a86d2b385e94dc,100,1729,maximum_first_20_then_half_top_6,2000.0,3000.0
kata1-b6c96-s21371392-d3529696,54,2564.501395794468,2459.795439002511,2669.207352586425,2583.1844176865825,-18.68302189211454,2,a5803f8a5d9d87202b43d709cb328cedaf18c446af448f705c33d553e8c2e9f7,5170ec511fb50cdf10d648416d508574d70e9781ddf156a1b2a86d2b385e94dc,100,1729,maximum_first_20_then_half_top_6,2000.0,3000.0
kata1-b6c96-s21371392-d3529696,56,2554.8860706466153,2452.0491141541124,2657.723027139118,2583.1844176865825,-28.29834703996721,2,a5803f8a5d9d87202b43d709cb328cedaf18c446af448f705c33d553e8c2e9f7,5170ec511fb50cdf10d648416d508574d70e9781ddf156a1b2a86d2b385e94dc,100,1729,maximum_first_20_then_half_top_6,2000.0,3000.0
kata1-b6c96-s21371392-d3529696,58,2556.763189169095,2455.8445958842367,2657.681782453953,2583.1844176865825,-26.421228517487634,2,a5803f8a5d9d87202b43d709cb328cedaf18c446af448f705c33d553e8c2e9f7,5170ec511fb50cdf10d648416d508574d70e9781ddf156a1b2a86d2b385e94dc,100,1729,maximum_first_20_then_half_top_6,2000.0,3000.0
kata1-b6c96-s21371392-d3529696,60,2572.0716836541346,2472.898421535239,2671.2449457730304,2583.1844176865825,-11.112734032447861,2,a5803f8a5d9d87202b43d709cb328cedaf18c446af448f705c33d553e8c2e9f7,5170ec511fb50cdf10d648416d508574d70e9781ddf156a1b2a86d2b385e94dc,100,1729,maximum_first_20_then_half_top_6,2000.0,3000.0
kata1-b6c96-s21371392-d3529696,62,2573.1676217890804,2475.7028782120224,2670.6323653661384,2583.1844176865825,-10.016795897502107,2,a5803f8a5d9d87202b43d709cb328cedaf18c446af448f705c33d553e8c2e9f7,5170ec511fb50cdf10d648416d508574d70e9781ddf156a1b2a86d2b385e94dc,100,1729,maximum_first_20_then_half_top_6,2000.0,3000.0
kata1-b6c96-s21371392-d3529696,64,2586.782422892974,2490.7999924651212,2682.7648533208267,2583.1844176865825,3.5980052063914627,2,a5803f8a5d9d87202b43d709cb328cedaf18c446af448f705c33d553e8c2e9f7,5170ec511fb50cdf10d648416d508574d70e9781ddf156a1b2a86d2b385e94dc,100,1729,maximum_first_20_then_half_top_6,2000.0,3000.0
kata1-b6c96-s21371392-d3529696,66,2587.280076581605,2492.8344882012425,2681.7256649619676,2583.1844176865825,4.095658895022552,2,a5803f8a5d9d87202b43d709cb328cedaf18c446af448f705c33d553e8c2e9f7,5170ec511fb50cdf10d648416d508574d70e9781ddf156a1b2a86d2b385e94dc,100,1729,maximum_first_20_then_half_top_6,2000.0,3000.0
kata1-b6c96-s21371392-d3529696,68,2591.617084924181,2498.4235227474906,2684.810647100872,2583.1844176865825,8.432667237598707,2,a5803f8a5d9d87202b43d709cb328cedaf18c446af448f705c33d553e8c2e9f7,5170ec511fb50cdf10d648416d508574d70e9781ddf156a1b2a86d2b385e94dc,100,1729,maximum_first_20_then_half_top_6,2000.0,3000.0
kata1-b6c96-s21371392-d3529696,70,2604.637990377589,2512.6661210563807,2696.6098596987977,2583.1844176865825,21.453572691006684,2,a5803f8a5d9d87202b43d709cb328cedaf18c446af448f705c33d553e8c2e9f7,5170ec511fb50cdf10d648416d508574d70e9781ddf156a1b2a86d2b385e94dc,100,1729,maximum_first_20_then_half_top_6,2000.0,3000.0
kata1-b6c96-s21371392-d3529696,72,2590.0823583665215,2499.5670087855715,2680.5977079474715,2583.1844176865825,6.8979406799389835,2,a5803f8a5d9d87202b43d709cb328cedaf18c446af448f705c33d553e8c2e9f7,5170ec511fb50cdf10d648416d508574d70e9781ddf156a1b2a86d2b385e94dc,100,1729,maximum_first_20_then_half_top_6,2000.0,3000.0
kata1-b6c96-s21371392-d3529696,74,2591.4982334191386,2502.238966395628,2680.7575004426494,2583.1844176865825,8.313815732556122,2,a5803f8a5d9d87202b43d709cb328cedaf18c446af448f705c33d553e8c2e9f7,5170ec511fb50cdf10d648416d508574d70e9781ddf156a1b2a86d2b385e94dc,100,1729,maximum_first_20_then_half_top_6,2000.0,3000.0
kata1-b6c96-s21371392-d3529696,76,2586.569526384598,2498.5633250426004,2674.5757277265952,2583.1844176865825,3.3851086980153013,2,a5803f8a5d9d87202b43d709cb328cedaf18c446af448f705c33d553e8c2e9f7,5170ec511fb50cdf10d648416d508574d70e9781ddf156a1b2a86d2b385e94dc,100,1729,maximum_first_20_then_half_top_6,2000.0,3000.0
kata1-b6c96-s21371392-d3529696,78,2594.170522607097,2507.1731456850925,2681.1678995291018,2583.1844176865825,10.986104920514663,2,a5803f8a5d9d87202b43d709cb328cedaf18c446af448f705c33d553e8c2e9f7,5170ec511fb50cdf10d648416d508574d70e9781ddf156a1b2a86d2b385e94dc,100,1729,maximum_first_20_then_half_top_6,2000.0,3000.0
kata1-b6c96-s21371392-d3529696,80,2595.356232696254,2509.459403692616,2681.2530616998924,2583.1844176865825,12.171815009671718,2,a5803f8a5d9d87202b43d709cb328cedaf18c446af448f705c33d553e8c2e9f7,5170ec511fb50cdf10d648416d508574d70e9781ddf156a1b2a86d2b385e94dc,100,1729,maximum_first_20_then_half_top_6,2000.0,3000.0
kata1-b6c96-s21371392-d3529696,82,2595.521255684376,2510.685473691461,2680.3570376772905,2583.1844176865825,12.336837997793282,2,a5803f8a5d9d87202b43d709cb328cedaf18c446af448f705c33d553e8c2e9f7,5170ec511fb50cdf10d648416d508574d70e9781ddf156a1b2a86d2b385e94dc,100,1729,maximum_first_20_then_half_top_6,2000.0,3000.0
kata1-b6c96-s21371392-d3529696,84,2582.3939546094657,2498.5854065487474,2666.202502670184,2583.1844176865825,-0.7904630771167831,2,a5803f8a5d9d87202b43d709cb328cedaf18c446af448f705c33d553e8c2e9f7,5170ec511fb50cdf10d648416d508574d70e9781ddf156a1b2a86d2b385e94dc,100,1729,maximum_first_20_then_half_top_6,2000.0,3000.0
kata1-b6c96-s21371392-d3529696,86,2575.9881400915874,2493.099261662415,2658.87701852076,2583.1844176865825,-7.196277594995081,2,a5803f8a5d9d87202b43d709cb328cedaf18c446af448f705c33d553e8c2e9f7,5170ec511fb50cdf10d648416d508574d70e9781ddf156a1b2a86d2b385e94dc,100,1729,maximum_first_20_then_half_top_6,2000.0,3000.0
kata1-b6c96-s21371392-d3529696,88,2567.742970456736,2485.7816156074223,2649.70432530605,2583.1844176865825,-15.44144722984629,2,a5803f8a5d9d87202b43d709cb328cedaf18c446af448f705c33d553e8c2e9f7,5170ec511fb50cdf10d648416d508574d70e9781ddf156a1b2a86d2b385e94dc,100,1729,maximum_first_20_then_half_top_6,2000.0,3000.0
kata1-b6c96-s21371392-d3529696,90,2568.575394074953,2487.510826625442,2649.6399615244636,2583.1844176865825,-14.60902361162971,2,a5803f8a5d9d87202b43d709cb328cedaf18c446af448f705c33d553e8c2e9f7,5170ec511fb50cdf10d648416d508574d70e9781ddf156a1b2a86d2b385e94dc,100,1729,maximum_first_20_then_half_top_6,2000.0,3000.0
kata1-b6c96-s21371392-d3529696,92,2565.1377968296897,2484.9190793310468,2645.3565143283327,2583.1844176865825,-18.046620856892787,2,a5803f8a5d9d87202b43d709cb328cedaf18c446af448f705c33d553e8c2e9f7,5170ec511fb50cdf10d648416d508574d70e9781ddf156a1b2a86d2b385e94dc,100,1729,maximum_first_20_then_half_top_6,2000.0,3000.0
kata1-b6c96-s21371392-d3529696,94,2557.743243731879,2478.2996372941734,2637.1868501695844,2583.1844176865825,-25.441173954703572,2,a5803f8a5d9d87202b43d709cb328cedaf18c446af448f705c33d553e8c2e9f7,5170ec511fb50cdf10d648416d508574d70e9781ddf156a1b2a86d2b385e94dc,100,1729,maximum_first_20_then_half_top_6,2000.0,3000.0
kata1-b6c96-s21371392-d3529696,96,2564.438813832263,2485.8247670757564,2643.0528605887694,2583.1844176865825,-18.745603854319597,2,a5803f8a5d9d87202b43d709cb328cedaf18c446af448f705c33d553e8c2e9f7,5170ec511fb50cdf10d648416d508574d70e9781ddf156a1b2a86d2b385e94dc,100,1729,maximum_first_20_then_half_top_6,2000.0,3000.0
kata1-b6c96-s21371392-d3529696,98,2570.8253248877973,2492.97894515112,2648.6717046244744,2583.1844176865825,-12.359092798785241,2,a5803f8a5d9d87202b43d709cb328cedaf18c446af448f705c33d553e8c2e9f7,5170ec511fb50cdf10d648416d508574d70e9781ddf156a1b2a86d2b385e94dc,100,1729,maximum_first_20_then_half_top_6,2000.0,3000.0
kata1-b6c96-s21371392-d3529696,100,2572.2663832856956,2495.166602912296,2649.366163659095,2583.1844176865825,-10.918034400886881,2,a5803f8a5d9d87202b43d709cb328cedaf18c446af448f705c33d553e8c2e9f7,5170ec511fb50cdf10d648416d508574d70e9781ddf156a1b2a86d2b385e94dc,100,1729,maximum_first_20_then_half_top_6,2000.0,3000.0
kata1-b6c96-s23401472-d3742377,2,2012.2987609418992,1528.398940374731,2496.1985815090675,2641.1801735242348,-628.8814125823355,2,a5803f8a5d9d87202b43d709cb328cedaf18c446af448f705c33d553e8c2e9f7,5170ec511fb50cdf10d648416d508574d70e9781ddf156a1b2a86d2b385e94dc,100,1729,maximum_first_20_then_half_top_6,2000.0,3000.0
kata1-b6c96-s23401472-d3742377,4,2204.278599152718,1809.9423618553633,2598.6148364500727,2641.1801735242348,-436.90157437151674,2,a5803f8a5d9d87202b43d709cb328cedaf18c446af448f705c33d553e8c2e9f7,5170ec511fb50cdf10d648416d508574d70e9781ddf156a1b2a86d2b385e94dc,100,1729,maximum_first_20_then_half_top_6,2000.0,3000.0
kata1-b6c96-s23401472-d3742377,6,2352.7399644501343,1974.7678402647348,2730.7120886355337,2641.1801735242348,-288.4402090741005,2,a5803f8a5d9d87202b43d709cb328cedaf18c446af448f705c33d553e8c2e9f7,5170ec511fb50cdf10d648416d508574d70e9781ddf156a1b2a86d2b385e94dc,100,1729,maximum_first_20_then_half_top_6,2000.0,3000.0
kata1-b6c96-s23401472-d3742377,8,2531.8881207517534,2149.968149036814,2913.808092466693,2641.1801735242348,-109.29205277248138,2,a5803f8a5d9d87202b43d709cb328cedaf18c446af448f705c33d553e8c2e9f7,5170ec511fb50cdf10d648416d508574d70e9781ddf156a1b2a86d2b385e94dc,100,1729,maximum_first_20_then_half_top_6,2000.0,3000.0
kata1-b6c96-s23401472-d3742377,10,2516.4784848472636,2220.8499008533295,2812.107068841198,2641.1801735242348,-124.70168867697112,2,a5803f8a5d9d87202b43d709cb328cedaf18c446af448f705c33d553e8c2e9f7,5170ec511fb50cdf10d648416d508574d70e9781ddf156a1b2a86d2b385e94dc,100,1729,maximum_first_20_then_half_top_6,2000.0,3000.0
kata1-b6c96-s23401472-d3742377,12,2509.6372357194273,2258.1395302580377,2761.134941180817,2641.1801735242348,-131.54293780480748,2,a5803f8a5d9d87202b43d709cb328cedaf18c446af448f705c33d553e8c2e9f7,5170ec511fb50cdf10d648416d508574d70e9781ddf156a1b2a86d2b385e94dc,100,1729,maximum_first_20_then_half_top_6,2000.0,3000.0
kata1-b6c96-s23401472-d3742377,14,2583.896196185769,2344.6278184375133,2823.1645739340247,2641.1801735242348,-57.283977338465775,2,a5803f8a5d9d87202b43d709cb328cedaf18c446af448f705c33d553e8c2e9f7,5170ec511fb50cdf10d648416d508574d70e9781ddf156a1b2a86d2b385e94dc,100,1729,maximum_first_20_then_half_top_6,2000.0,3000.0
kata1-b6c96-s23401472-d3742377,16,2583.0885907966044,2368.33691622759,2797.840265365619,2641.1801735242348,-58.09158272763034,2,a5803f8a5d9d87202b43d709cb328cedaf18c446af448f705c33d553e8c2e9f7,5170ec511fb50cdf10d648416d508574d70e9781ddf156a1b2a86d2b385e94dc,100,1729,maximum_first_20_then_half_top_6,2000.0,3000.0
kata1-b6c96-s23401472-d3742377,18,2527.720489476885,2337.2771262408705,2718.1638527129,2641.1801735242348,-113.45968404734958,2,a5803f8a5d9d87202b43d709cb328cedaf18c446af448f705c33d553e8c2e9f7,5170ec511fb50cdf10d648416d508574d70e9781ddf156a1b2a86d2b385e94dc,100,1729,maximum_first_20_then_half_top_6,2000.0,3000.0
kata1-b6c96-s23401472-d3742377,20,2522.8587509281147,2345.3685036638853,2700.348998192344,2641.1801735242348,-118.3214225961201,2,a5803f8a5d9d87202b43d709cb328cedaf18c446af448f705c33d553e8c2e9f7,5170ec511fb50cdf10d648416d508574d70e9781ddf156a1b2a86d2b385e94dc,100,1729,maximum_first_20_then_half_top_6,2000.0,3000.0
kata1-b6c96-s23401472-d3742377,22,2519.1398440155103,2352.160081517066,2686.1196065139547,2641.1801735242348,-122.04032950872443,2,a5803f8a5d9d87202b43d709cb328cedaf18c446af448f705c33d553e8c2e9f7,5170ec511fb50cdf10d648416d508574d70e9781ddf156a1b2a86d2b385e94dc,100,1729,maximum_first_20_then_half_top_6,2000.0,3000.0
kata1-b6c96-s23401472-d3742377,24,2542.7572201166727,2381.6264210768,2703.8880191565454,2641.1801735242348,-98.42295340756209,2,a5803f8a5d9d87202b43d709cb328cedaf18c446af448f705c33d553e8c2e9f7,5170ec511fb50cdf10d648416d508574d70e9781ddf156a1b2a86d2b385e94dc,100,1729,maximum_first_20_then_half_top_6,2000.0,3000.0
kata1-b6c96-s23401472-d3742377,26,2528.076357945189,2374.734094318755,2681.418621571623,2641.1801735242348,-113.10381557904566,2,a5803f8a5d9d87202b43d709cb328cedaf18c446af448f705c33d553e8c2e9f7,5170ec511fb50cdf10d648416d508574d70e9781ddf156a1b2a86d2b385e94dc,100,1729,maximum_first_20_then_half_top_6,2000.0,3000.0
kata1-b6c96-s23401472-d3742377,28,2532.6886472419837,2385.6977915681014,2679.679502915866,2641.1801735242348,-108.49152628225102,2,a5803f8a5d9d87202b43d709cb328cedaf18c446af448f705c33d553e8c2e9f7,5170ec511fb50cdf10d648416d508574d70e9781ddf156a1b2a86d2b385e94dc,100,1729,maximum_first_20_then_half_top_6,2000.0,3000.0
kata1-b6c96-s23401472-d3742377,30,2536.563828207543,2395.2255694443984,2677.9020869706874,2641.1801735242348,-104.61634531669188,2,a5803f8a5d9d87202b43d709cb328cedaf18c446af448f705c33d553e8c2e9f7,5170ec511fb50cdf10d648416d508574d70e9781ddf156a1b2a86d2b385e94dc,100,1729,maximum_first_20_then_half_top_6,2000.0,3000.0
kata1-b6c96-s23401472-d3742377,32,2566.893574485248,2428.9266961362273,2704.8604528342685,2641.1801735242348,-74.28659903898688,2,a5803f8a5d9d87202b43d709cb328cedaf18c446af448f705c33d553e8c2e9f7,5170ec511fb50cdf10d648416d508574d70e9781ddf156a1b2a86d2b385e94dc,100,1729,maximum_first_20_then_half_top_6,2000.0,3000.0
kata1-b6c96-s23401472-d3742377,34,2593.616002880306,2458.498120600983,2728.733885159629,2641.1801735242348,-47.56417064392872,2,a5803f8a5d9d87202b43d709cb328cedaf18c446af448f705c33d553e8c2e9f7,5170ec511fb50cdf10d648416d508574d70e9781ddf156a1b2a86d2b385e94dc,100,1729,maximum_first_20_then_half_top_6,2000.0,3000.0
kata1-b6c96-s23401472-d3742377,36,2584.5208873213705,2454.2243595623668,2714.8174150803743,2641.1801735242348,-56.65928620286422,2,a5803f8a5d9d87202b43d709cb328cedaf18c446af448f705c33d553e8c2e9f7,5170ec511fb50cdf10d648416d508574d70e9781ddf156a1b2a86d2b385e94dc,100,1729,maximum_first_20_then_half_top_6,2000.0,3000.0
kata1-b6c96-s23401472-d3742377,38,2585.632883523289,2459.399022358132,2711.866744688446,2641.1801735242348,-55.54729000094585,2,a5803f8a5d9d87202b43d709cb328cedaf18c446af448f705c33d553e8c2e9f7,5170ec511fb50cdf10d648416d508574d70e9781ddf156a1b2a86d2b385e94dc,100,1729,maximum_first_20_then_half_top_6,2000.0,3000.0
kata1-b6c96-s23401472-d3742377,40,2601.5472902275546,2477.54283761678,2725.551742838329,2641.1801735242348,-39.63288329668012,2,a5803f8a5d9d87202b43d709cb328cedaf18c446af448f705c33d553e8c2e9f7,5170ec511fb50cdf10d648416d508574d70e9781ddf156a1b2a86d2b385e94dc,100,1729,maximum_first_20_then_half_top_6,2000.0,3000.0
kata1-b6c96-s23401472-d3742377,42,2601.556280824689,2481.1085829442745,2722.0039787051037,2641.1801735242348,-39.62389269954565,2,a5803f8a5d9d87202b43d709cb328cedaf18c446af448f705c33d553e8c2e9f7,5170ec511fb50cdf10d648416d508574d70e9781ddf156a1b2a86d2b385e94dc,100,1729,maximum_first_20_then_half_top_6,2000.0,3000.0
kata1-b6c96-s23401472-d3742377,44,2601.564844609254,2484.359075614327,2718.770613604181,2641.1801735242348,-39.61532891498064,2,a5803f8a5d9d87202b43d709cb328cedaf18c446af448f705c33d553e8c2e9f7,5170ec511fb50cdf10d648416d508574d70e9781ddf156a1b2a86d2b385e94dc,100,1729,maximum_first_20_then_half_top_6,2000.0,3000.0
kata1-b6c96-s23401472-d3742377,46,2620.209249712833,2504.621204749768,2735.797294675898,2641.1801735242348,-20.970923811401917,2,a5803f8a5d9d87202b43d709cb328cedaf18c446af448f705c33d553e8c2e9f7,5170ec511fb50cdf10d648416d508574d70e9781ddf156a1b2a86d2b385e94dc,100,1729,maximum_first_20_then_half_top_6,2000.0,3000.0
kata1-b6c96-s23401472-d3742377,48,2619.232616281762,2506.5462852846204,2731.918947278904,2641.1801735242348,-21.947557242472612,2,a5803f8a5d9d87202b43d709cb328cedaf18c446af448f705c33d553e8c2e9f7,5170ec511fb50cdf10d648416d508574d70e9781ddf156a1b2a86d2b385e94dc,100,1729,maximum_first_20_then_half_top_6,2000.0,3000.0
kata1-b6c96-s23401472-d3742377,50,2621.7627439954217,2511.1907201842937,2732.3347678065497,2641.1801735242348,-19.417429528813045,2,a5803f8a5d9d87202b43d709cb328cedaf18c446af448f705c33d553e8c2e9f7,5170ec511fb50cdf10d648416d508574d70e9781ddf156a1b2a86d2b385e94dc,100,1729,maximum_first_20_then_half_top_6,2000.0,3000.0
kata1-b6c96-s23401472-d3742377,52,2620.798353849441,2512.7472993604233,2728.8494083384585,2641.1801735242348,-20.38181967479386,2,a5803f8a5d9d87202b43d709cb328cedaf18c446af448f705c33d553e8c2e9f7,5170ec511fb50cdf10d648416d508574d70e9781ddf156a1b2a86d2b385e94dc,100,1729,maximum_first_20_then_half_top_6,2000.0,3000.0
kata1-b6c96-s23401472-d3742377,54,2608.2935275613468,2503.1992479631244,2713.387807159569,2641.1801735242348,-32.886645962888,2,a5803f8a5d9d87202b43d709cb328cedaf18c446af448f705c33d553e8c2e9f7,5170ec511fb50cdf10d648416d508574d70e9781ddf156a1b2a86d2b385e94dc,100,1729,maximum_first_20_then_half_top_6,2000.0,3000.0
kata1-b6c96-s23401472-d3742377,56,2607.0863072779894,2504.143830691299,2710.0287838646796,2641.1801735242348,-34.0938662462454,2,a5803f8a5d9d87202b43d709cb328cedaf18c446af448f705c33d553e8c2e9f7,5170ec511fb50cdf10d648416d508574d70e9781ddf156a1b2a86d2b385e94dc,100,1729,maximum_first_20_then_half_top_6,2000.0,3000.0
kata1-b6c96-s23401472-d3742377,58,2604.8771126778893,2503.781350549827,2705.9728748059515,2641.1801735242348,-36.30306084634549,2,a5803f8a5d9d87202b43d709cb328cedaf18c446af448f705c33d553e8c2e9f7,5170ec511fb50cdf10d648416d508574d70e9781ddf156a1b2a86d2b385e94dc,100,1729,maximum_first_20_then_half_top_6,2000.0,3000.0
kata1-b6c96-s23401472-d3742377,60,2603.8969818303167,2504.686166266774,2703.1077973938595,2641.1801735242348,-37.28319169391807,2,a5803f8a5d9d87202b43d709cb328cedaf18c446af448f705c33d553e8c2e9f7,5170ec511fb50cdf10d648416d508574d70e9781ddf156a1b2a86d2b385e94dc,100,1729,maximum_first_20_then_half_top_6,2000.0,3000.0
kata1-b6c96-s23401472-d3742377,62,2603.792007684348,2506.3187579452256,2701.2652574234703,2641.1801735242348,-37.388165839886824,2,a5803f8a5d9d87202b43d709cb328cedaf18c446af448f705c33d553e8c2e9f7,5170ec511fb50cdf10d648416d508574d70e9781ddf156a1b2a86d2b385e94dc,100,1729,maximum_first_20_then_half_top_6,2000.0,3000.0
kata1-b6c96-s23401472-d3742377,64,2602.9238176891654,2507.1194650988155,2698.7281702795153,2641.1801735242348,-38.25635583506937,2,a5803f8a5d9d87202b43d709cb328cedaf18c446af448f705c33d553e8c2e9f7,5170ec511fb50cdf10d648416d508574d70e9781ddf156a1b2a86d2b385e94dc,100,1729,maximum_first_20_then_half_top_6,2000.0,3000.0
kata1-b6c96-s23401472-d3742377,66,2602.1065121238685,2507.876046990391,2696.336977257346,2641.1801735242348,-39.07366140036629,2,a5803f8a5d9d87202b43d709cb328cedaf18c446af448f705c33d553e8c2e9f7,5170ec511fb50cdf10d648416d508574d70e9781ddf156a1b2a86d2b385e94dc,100,1729,maximum_first_20_then_half_top_6,2000.0,3000.0
kata1-b6c96-s23401472-d3742377,68,2605.882253998578,2512.870060568451,2698.894447428705,2641.1801735242348,-35.29791952565665,2,a5803f8a5d9d87202b43d709cb328cedaf18c446af448f705c33d553e8c2e9f7,5170ec511fb50cdf10d648416d508574d70e9781ddf156a1b2a86d2b385e94dc,100,1729,maximum_first_20_then_half_top_6,2000.0,3000.0
kata1-b6c96-s23401472-d3742377,70,2609.9020429894704,2518.0183677582263,2701.7857182207144,2641.1801735242348,-31.278130534764387,2,a5803f8a5d9d87202b43d709cb328cedaf18c446af448f705c33d553e8c2e9f7,5170ec511fb50cdf10d648416d508574d70e9781ddf156a1b2a86d2b385e94dc,100,1729,maximum_first_20_then_half_top_6,2000.0,3000.0
kata1-b6c96-s23401472-d3742377,72,2598.543393394342,2508.3086482312315,2688.778138557452,2641.1801735242348,-42.63678012989294,2,a5803f8a5d9d87202b43d709cb328cedaf18c446af448f705c33d553e8c2e9f7,5170ec511fb50cdf10d648416d508574d70e9781ddf156a1b2a86d2b385e94dc,100,1729,maximum_first_20_then_half_top_6,2000.0,3000.0
kata1-b6c96-s23401472-d3742377,74,2597.9675475399827,2509.0139509344294,2686.921144145536,2641.1801735242348,-43.2126259842521,2,a5803f8a5d9d87202b43d709cb328cedaf18c446af448f705c33d553e8c2e9f7,5170ec511fb50cdf10d648416d508574d70e9781ddf156a1b2a86d2b385e94dc,100,1729,maximum_first_20_then_half_top_6,2000.0,3000.0
kata1-b6c96-s23401472-d3742377,76,2590.9350572115277,2503.2012613682973,2678.668853054758,2641.1801735242348,-50.24511631270707,2,a5803f8a5d9d87202b43d709cb328cedaf18c446af448f705c33d553e8c2e9f7,5170ec511fb50cdf10d648416d508574d70e9781ddf156a1b2a86d2b385e94dc,100,1729,maximum_first_20_then_half_top_6,2000.0,3000.0
kata1-b6c96-s23401472-d3742377,78,2590.612964984241,2504.0388585235,2677.187071444982,2641.1801735242348,-50.56720853999377,2,a5803f8a5d9d87202b43d709cb328cedaf18c446af448f705c33d553e8c2e9f7,5170ec511fb50cdf10d648416d508574d70e9781ddf156a1b2a86d2b385e94dc,100,1729,maximum_first_20_then_half_top_6,2000.0,3000.0
kata1-b6c96-s23401472-d3742377,80,2600.136499586578,2514.4994352780773,2685.7735638950785,2641.1801735242348,-41.04367393765688,2,a5803f8a5d9d87202b43d709cb328cedaf18c446af448f705c33d553e8c2e9f7,5170ec511fb50cdf10d648416d508574d70e9781ddf156a1b2a86d2b385e94dc,100,1729,maximum_first_20_then_half_top_6,2000.0,3000.0
kata1-b6c96-s23401472-d3742377,82,2603.2696211152224,2518.541831121804,2687.997411108641,2641.1801735242348,-37.910552409012325,2,a5803f8a5d9d87202b43d709cb328cedaf18c446af448f705c33d553e8c2e9f7,5170ec511fb50cdf10d648416d508574d70e9781ddf156a1b2a86d2b385e94dc,100,1729,maximum_first_20_then_half_top_6,2000.0,3000.0
kata1-b6c96-s23401472-d3742377,84,2603.2206497654156,2519.516024431001,2686.9252750998303,2641.1801735242348,-37.95952375881916,2,a5803f8a5d9d87202b43d709cb328cedaf18c446af448f705c33d553e8c2e9f7,5170ec511fb50cdf10d648416d508574d70e9781ddf156a1b2a86d2b385e94dc,100,1729,maximum_first_20_then_half_top_6,2000.0,3000.0
kata1-b6c96-s23401472-d3742377,86,2603.1740110000073,2520.4488931889514,2685.8991288110633,2641.1801735242348,-38.00616252422742,2,a5803f8a5d9d87202b43d709cb328cedaf18c446af448f705c33d553e8c2e9f7,5170ec511fb50cdf10d648416d508574d70e9781ddf156a1b2a86d2b385e94dc,100,1729,maximum_first_20_then_half_top_6,2000.0,3000.0
kata1-b6c96-s23401472-d3742377,88,2607.0162557858735,2525.161799716508,2688.870711855239,2641.1801735242348,-34.163917738361306,2,a5803f8a5d9d87202b43d709cb328cedaf18c446af448f705c33d553e8c2e9f7,5170ec511fb50cdf10d648416d508574d70e9781ddf156a1b2a86d2b385e94dc,100,1729,maximum_first_20_then_half_top_6,2000.0,3000.0
kata1-b6c96-s23401472-d3742377,90,2612.9567862972926,2531.7974114700064,2694.116161124579,2641.1801735242348,-28.223387226942123,2,a5803f8a5d9d87202b43d709cb328cedaf18c446af448f705c33d553e8c2e9f7,5170ec511fb50cdf10d648416d508574d70e9781ddf156a1b2a86d2b385e94dc,100,1729,maximum_first_20_then_half_top_6,2000.0,3000.0
kata1-b6c96-s23401472-d3742377,92,2604.2113087156704,2524.1039080895816,2684.318709341759,2641.1801735242348,-36.968864808564376,2,a5803f8a5d9d87202b43d709cb328cedaf18c446af448f705c33d553e8c2e9f7,5170ec511fb50cdf10d648416d508574d70e9781ddf156a1b2a86d2b385e94dc,100,1729,maximum_first_20_then_half_top_6,2000.0,3000.0
kata1-b6c96-s23401472-d3742377,94,2603.628312536172,2524.3718474207094,2682.8847776516345,2641.1801735242348,-37.5518609880628,2,a5803f8a5d9d87202b43d709cb328cedaf18c446af448f705c33d553e8c2e9f7,5170ec511fb50cdf10d648416d508574d70e9781ddf156a1b2a86d2b385e94dc,100,1729,maximum_first_20_then_half_top_6,2000.0,3000.0
kata1-b6c96-s23401472-d3742377,96,2594.9988840452215,2516.680303941623,2673.31746414882,2641.1801735242348,-46.18128947901323,2,a5803f8a5d9d87202b43d709cb328cedaf18c446af448f705c33d553e8c2e9f7,5170ec511fb50cdf10d648416d508574d70e9781ddf156a1b2a86d2b385e94dc,100,1729,maximum_first_20_then_half_top_6,2000.0,3000.0
kata1-b6c96-s23401472-d3742377,98,2594.6569339386815,2517.120260237914,2672.193607639449,2641.1801735242348,-46.523239585553256,2,a5803f8a5d9d87202b43d709cb328cedaf18c446af448f705c33d553e8c2e9f7,5170ec511fb50cdf10d648416d508574d70e9781ddf156a1b2a86d2b385e94dc,100,1729,maximum_first_20_then_half_top_6,2000.0,3000.0
kata1-b6c96-s23401472-d3742377,100,2602.027721517067,2525.1384623200174,2678.916980714117,2641.1801735242348,-39.15245200716754,2,a5803f8a5d9d87202b43d709cb328cedaf18c446af448f705c33d553e8c2e9f7,5170ec511fb50cdf10d648416d508574d70e9781ddf156a1b2a86d2b385e94dc,100,1729,maximum_first_20_then_half_top_6,2000.0,3000.0
kata1-b6c96-s27415296-d4256697,2,2847.848182528185,414.60892769056863,5281.087437365802,2790.4567509140643,57.39143161412085,2,a5803f8a5d9d87202b43d709cb328cedaf18c446af448f705c33d553e8c2e9f7,5170ec511fb50cdf10d648416d508574d70e9781ddf156a1b2a86d2b385e94dc,100,1729,maximum_first_20_then_half_top_6,2000.0,3000.0
kata1-b6c96-s27415296-d4256697,4,2431.0060757974466,1811.5078613063802,3050.504290288513,2790.4567509140643,-359.45067511661773,2,a5803f8a5d9d87202b43d709cb328cedaf18c446af448f705c33d553e8c2e9f7,5170ec511fb50cdf10d648416d508574d70e9781ddf156a1b2a86d2b385e94dc,100,1729,maximum_first_20_then_half_top_6,2000.0,3000.0
kata1-b6c96-s27415296-d4256697,6,2666.455587972619,2280.090223655091,3052.820952290147,2790.4567509140643,-124.00116294144527,2,a5803f8a5d9d87202b43d709cb328cedaf18c446af448f705c33d553e8c2e9f7,5170ec511fb50cdf10d648416d508574d70e9781ddf156a1b2a86d2b385e94dc,100,1729,maximum_first_20_then_half_top_6,2000.0,3000.0
kata1-b6c96-s27415296-d4256697,8,2724.740787120728,2416.880536286161,3032.601037955295,2790.4567509140643,-65.71596379333641,2,a5803f8a5d9d87202b43d709cb328cedaf18c446af448f705c33d553e8c2e9f7,5170ec511fb50cdf10d648416d508574d70e9781ddf156a1b2a86d2b385e94dc,100,1729,maximum_first_20_then_half_top_6,2000.0,3000.0
kata1-b6c96-s27415296-d4256697,10,2723.0097780374736,2462.9900548093237,2983.0295012656234,2790.4567509140643,-67.44697287659073,2,a5803f8a5d9d87202b43d709cb328cedaf18c446af448f705c33d553e8c2e9f7,5170ec511fb50cdf10d648416d508574d70e9781ddf156a1b2a86d2b385e94dc,100,1729,maximum_first_20_then_half_top_6,2000.0,3000.0
kata1-b6c96-s27415296-d4256697,12,2761.365769103137,2528.8047113793236,2993.9268268269507,2790.4567509140643,-29.090981810927133,2,a5803f8a5d9d87202b43d709cb328cedaf18c446af448f705c33d553e8c2e9f7,5170ec511fb50cdf10d648416d508574d70e9781ddf156a1b2a86d2b385e94dc,100,1729,maximum_first_20_then_half_top_6,2000.0,3000.0
kata1-b6c96-s27415296-d4256697,14,2757.3371819081663,2547.540770334937,2967.1335934813956,2790.4567509140643,-33.11956900589803,2,a5803f8a5d9d87202b43d709cb328cedaf18c446af448f705c33d553e8c2e9f7,5170ec511fb50cdf10d648416d508574d70e9781ddf156a1b2a86d2b385e94dc,100,1729,maximum_first_20_then_half_top_6,2000.0,3000.0
kata1-b6c96-s27415296-d4256697,16,2810.4501800081543,2612.1729104224687,3008.72744959384,2790.4567509140643,19.99342909409006,2,a5803f8a5d9d87202b43d709cb328cedaf18c446af448f705c33d553e8c2e9f7,5170ec511fb50cdf10d648416d508574d70e9781ddf156a1b2a86d2b385e94dc,100,1729,maximum_first_20_then_half_top_6,2000.0,3000.0
kata1-b6c96-s27415296-d4256697,18,2810.4507300161213,2626.546127146808,2994.3553328854346,2790.4567509140643,19.993979102056983,2,a5803f8a5d9d87202b43d709cb328cedaf18c446af448f705c33d553e8c2e9f7,5170ec511fb50cdf10d648416d508574d70e9781ddf156a1b2a86d2b385e94dc,100,1729,maximum_first_20_then_half_top_6,2000.0,3000.0
kata1-b6c96-s27415296-d4256697,20,2767.921988167955,2598.230807310279,2937.613169025631,2790.4567509140643,-22.53476274610921,2,a5803f8a5d9d87202b43d709cb328cedaf18c446af448f705c33d553e8c2e9f7,5170ec511fb50cdf10d648416d508574d70e9781ddf156a1b2a86d2b385e94dc,100,1729,maximum_first_20_then_half_top_6,2000.0,3000.0
kata1-b6c96-s27415296-d4256697,22,2727.6552048782,2567.6236529747184,2887.6867567816817,2790.4567509140643,-62.80154603586425,2,a5803f8a5d9d87202b43d709cb328cedaf18c446af448f705c33d553e8c2e9f7,5170ec511fb50cdf10d648416d508574d70e9781ddf156a1b2a86d2b385e94dc,100,1729,maximum_first_20_then_half_top_6,2000.0,3000.0
kata1-b6c96-s27415296-d4256697,24,2726.7849174423704,2574.4284632438244,2879.1413716409165,2790.4567509140643,-63.671833471693844,2,a5803f8a5d9d87202b43d709cb328cedaf18c446af448f705c33d553e8c2e9f7,5170ec511fb50cdf10d648416d508574d70e9781ddf156a1b2a86d2b385e94dc,100,1729,maximum_first_20_then_half_top_6,2000.0,3000.0
kata1-b6c96-s27415296-d4256697,26,2703.2092959661545,2556.5571000758155,2849.8614918564936,2790.4567509140643,-87.24745494790977,2,a5803f8a5d9d87202b43d709cb328cedaf18c446af448f705c33d553e8c2e9f7,5170ec511fb50cdf10d648416d508574d70e9781ddf156a1b2a86d2b385e94dc,100,1729,maximum_first_20_then_half_top_6,2000.0,3000.0
kata1-b6c96-s27415296-d4256697,28,2702.4371563926234,2561.6869700852926,2843.187342699954,2790.4567509140643,-88.01959452144092,2,a5803f8a5d9d87202b43d709cb328cedaf18c446af448f705c33d553e8c2e9f7,5170ec511fb50cdf10d648416d508574d70e9781ddf156a1b2a86d2b385e94dc,100,1729,maximum_first_20_then_half_top_6,2000.0,3000.0
kata1-b6c96-s27415296-d4256697,30,2724.095354627654,2588.701308791167,2859.4894004641415,2790.4567509140643,-66.36139628641013,2,a5803f8a5d9d87202b43d709cb328cedaf18c446af448f705c33d553e8c2e9f7,5170ec511fb50cdf10d648416d508574d70e9781ddf156a1b2a86d2b385e94dc,100,1729,maximum_first_20_then_half_top_6,2000.0,3000.0
kata1-b6c96-s27415296-d4256697,32,2746.473918117452,2615.4875024502685,2877.460333784635,2790.4567509140643,-43.982832796612456,2,a5803f8a5d9d87202b43d709cb328cedaf18c446af448f705c33d553e8c2e9f7,5170ec511fb50cdf10d648416d508574d70e9781ddf156a1b2a86d2b385e94dc,100,1729,maximum_first_20_then_half_top_6,2000.0,3000.0
kata1-b6c96-s27415296-d4256697,34,2743.0122835003044,2616.1900092492683,2869.8345577513405,2790.4567509140643,-47.44446741375987,2,a5803f8a5d9d87202b43d709cb328cedaf18c446af448f705c33d553e8c2e9f7,5170ec511fb50cdf10d648416d508574d70e9781ddf156a1b2a86d2b385e94dc,100,1729,maximum_first_20_then_half_top_6,2000.0,3000.0
kata1-b6c96-s27415296-d4256697,36,2753.58064758188,2630.3242046377627,2876.837090525997,2790.4567509140643,-36.87610333218436,2,a5803f8a5d9d87202b43d709cb328cedaf18c446af448f705c33d553e8c2e9f7,5170ec511fb50cdf10d648416d508574d70e9781ddf156a1b2a86d2b385e94dc,100,1729,maximum_first_20_then_half_top_6,2000.0,3000.0
kata1-b6c96-s27415296-d4256697,38,2752.7676040533565,2632.979902912186,2872.555305194527,2790.4567509140643,-37.68914686070775,2,a5803f8a5d9d87202b43d709cb328cedaf18c446af448f705c33d553e8c2e9f7,5170ec511fb50cdf10d648416d508574d70e9781ddf156a1b2a86d2b385e94dc,100,1729,maximum_first_20_then_half_top_6,2000.0,3000.0
kata1-b6c96-s27415296-d4256697,40,2752.052714799663,2635.4301524606276,2868.6752771386987,2790.4567509140643,-38.40403611440115,2,a5803f8a5d9d87202b43d709cb328cedaf18c446af448f705c33d553e8c2e9f7,5170ec511fb50cdf10d648416d508574d70e9781ddf156a1b2a86d2b385e94dc,100,1729,maximum_first_20_then_half_top_6,2000.0,3000.0
kata1-b6c96-s27415296-d4256697,42,2750.3065118968834,2636.6155999083794,2863.9974238853874,2790.4567509140643,-40.150239017180866,2,a5803f8a5d9d87202b43d709cb328cedaf18c446af448f705c33d553e8c2e9f7,5170ec511fb50cdf10d648416d508574d70e9781ddf156a1b2a86d2b385e94dc,100,1729,maximum_first_20_then_half_top_6,2000.0,3000.0
kata1-b6c96-s27415296-d4256697,44,2748.735175700775,2637.745409944558,2859.724941456992,2790.4567509140643,-41.72157521328927,2,a5803f8a5d9d87202b43d709cb328cedaf18c446af448f705c33d553e8c2e9f7,5170ec511fb50cdf10d648416d508574d70e9781ddf156a1b2a86d2b385e94dc,100,1729,maximum_first_20_then_half_top_6,2000.0,3000.0
kata1-b6c96-s27415296-d4256697,46,2747.3136341330646,2638.822800301563,2855.8044679645664,2790.4567509140643,-43.14311678099966,2,a5803f8a5d9d87202b43d709cb328cedaf18c446af448f705c33d553e8c2e9f7,5170ec511fb50cdf10d648416d508574d70e9781ddf156a1b2a86d2b385e94dc,100,1729,maximum_first_20_then_half_top_6,2000.0,3000.0
kata1-b6c96-s27415296-d4256697,48,2762.6940059673047,2656.1679017245933,2869.220110210016,2790.4567509140643,-27.76274494675954,2,a5803f8a5d9d87202b43d709cb328cedaf18c446af448f705c33d553e8c2e9f7,5170ec511fb50cdf10d648416d508574d70e9781ddf156a1b2a86d2b385e94dc,100,1729,maximum_first_20_then_half_top_6,2000.0,3000.0
kata1-b6c96-s27415296-d4256697,50,2772.38394050731,2667.733284884162,2877.034596130458,2790.4567509140643,-18.072810406754343,2,a5803f8a5d9d87202b43d709cb328cedaf18c446af448f705c33d553e8c2e9f7,5170ec511fb50cdf10d648416d508574d70e9781ddf156a1b2a86d2b385e94dc,100,1729,maximum_first_20_then_half_top_6,2000.0,3000.0
kata1-b6c96-s27415296-d4256697,52,2773.994805769389,2671.330574332844,2876.659037205934,2790.4567509140643,-16.461945144675155,2,a5803f8a5d9d87202b43d709cb328cedaf18c446af448f705c33d553e8c2e9f7,5170ec511fb50cdf10d648416d508574d70e9781ddf156a1b2a86d2b385e94dc,100,1729,maximum_first_20_then_half_top_6,2000.0,3000.0
kata1-b6c96-s27415296-d4256697,54,2784.9139196845854,2683.724609351476,2886.103230017695,2790.4567509140643,-5.542831229478907,2,a5803f8a5d9d87202b43d709cb328cedaf18c446af448f705c33d553e8c2e9f7,5170ec511fb50cdf10d648416d508574d70e9781ddf156a1b2a86d2b385e94dc,100,1729,maximum_first_20_then_half_top_6,2000.0,3000.0
kata1-b6c96-s27415296-d4256697,56,2782.35422518533,2683.044641532569,2881.663808838091,2790.4567509140643,-8.102525728734236,2,a5803f8a5d9d87202b43d709cb328cedaf18c446af448f705c33d553e8c2e9f7,5170ec511fb50cdf10d648416d508574d70e9781ddf156a1b2a86d2b385e94dc,100,1729,maximum_first_20_then_half_top_6,2000.0,3000.0
kata1-b6c96-s27415296-d4256697,58,2783.4202163213595,2685.7957252159936,2881.0447074267254,2790.4567509140643,-7.036534592704811,2,a5803f8a5d9d87202b43d709cb328cedaf18c446af448f705c33d553e8c2e9f7,5170ec511fb50cdf10d648416d508574d70e9781ddf156a1b2a86d2b385e94dc,100,1729,maximum_first_20_then_half_top_6,2000.0,3000.0
kata1-b6c96-s27415296-d4256697,60,2781.8436758698003,2685.877600509846,2877.8097512297545,2790.4567509140643,-8.613075044263951,2,a5803f8a5d9d87202b43d709cb328cedaf18c446af448f705c33d553e8c2e9f7,5170ec511fb50cdf10d648416d508574d70e9781ddf156a1b2a86d2b385e94dc,100,1729,maximum_first_20_then_half_top_6,2000.0,3000.0
kata1-b6c96-s27415296-d4256697,62,2782.85789906231,2688.395649071472,2877.3201490531483,2790.4567509140643,-7.598851851754262,2,a5803f8a5d9d87202b43d709cb328cedaf18c446af448f705c33d553e8c2e9f7,5170ec511fb50cdf10d648416d508574d70e9781ddf156a1b2a86d2b385e94dc,100,1729,maximum_first_20_then_half_top_6,2000.0,3000.0
kata1-b6c96-s27415296-d4256697,64,2772.751190953251,2679.985738468403,2865.516643438099,2790.4567509140643,-17.70555996081339,2,a5803f8a5d9d87202b43d709cb328cedaf18c446af448f705c33d553e8c2e9f7,5170ec511fb50cdf10d648416d508574d70e9781ddf156a1b2a86d2b385e94dc,100,1729,maximum_first_20_then_half_top_6,2000.0,3000.0
kata1-b6c96-s27415296-d4256697,66,2783.0065691001046,2691.360679847134,2874.652458353075,2790.4567509140643,-7.450181813959716,2,a5803f8a5d9d87202b43d709cb328cedaf18c446af448f705c33d553e8c2e9f7,5170ec511fb50cdf10d648416d508574d70e9781ddf156a1b2a86d2b385e94dc,100,1729,maximum_first_20_then_half_top_6,2000.0,3000.0
kata1-b6c96-s27415296-d4256697,68,2773.533121743236,2683.4055791614874,2863.6606643249843,2790.4567509140643,-16.923629170828463,2,a5803f8a5d9d87202b43d709cb328cedaf18c446af448f705c33d553e8c2e9f7,5170ec511fb50cdf10d648416d508574d70e9781ddf156a1b2a86d2b385e94dc,100,1729,maximum_first_20_then_half_top_6,2000.0,3000.0
kata1-b6c96-s27415296-d4256697,70,2781.8221061982654,2692.7094701562905,2870.93474224024,2790.4567509140643,-8.634644715798913,2,a5803f8a5d9d87202b43d709cb328cedaf18c446af448f705c33d553e8c2e9f7,5170ec511fb50cdf10d648416d508574d70e9781ddf156a1b2a86d2b385e94dc,100,1729,maximum_first_20_then_half_top_6,2000.0,3000.0
kata1-b6c96-s27415296-d4256697,72,2793.8604549006577,2705.6309428349014,2882.089966966414,2790.4567509140643,3.4037039865934275,2,a5803f8a5d9d87202b43d709cb328cedaf18c446af448f705c33d553e8c2e9f7,5170ec511fb50cdf10d648416d508574d70e9781ddf156a1b2a86d2b385e94dc,100,1729,maximum_first_20_then_half_top_6,2000.0,3000.0
kata1-b6c96-s27415296-d4256697,74,2794.3603666035515,2707.2779744667596,2881.4427587403434,2790.4567509140643,3.9036156894871965,2,a5803f8a5d9d87202b43d709cb328cedaf18c446af448f705c33d553e8c2e9f7,5170ec511fb50cdf10d648416d508574d70e9781ddf156a1b2a86d2b385e94dc,100,1729,maximum_first_20_then_half_top_6,2000.0,3000.0
kata1-b6c96-s27415296-d4256697,76,2786.395256345694,2700.5844453635345,2872.206067327854,2790.4567509140643,-4.061494568370108,2,a5803f8a5d9d87202b43d709cb328cedaf18c446af448f705c33d553e8c2e9f7,5170ec511fb50cdf10d648416d508574d70e9781ddf156a1b2a86d2b385e94dc,100,1729,maximum_first_20_then_half_top_6,2000.0,3000.0
kata1-b6c96-s27415296-d4256697,78,2778.083127951126,2693.4665469620095,2862.699708940242,2790.4567509140643,-12.373622962938498,2,a5803f8a5d9d87202b43d709cb328cedaf18c446af448f705c33d553e8c2e9f7,5170ec511fb50cdf10d648416d508574d70e9781ddf156a1b2a86d2b385e94dc,100,1729,maximum_first_20_then_half_top_6,2000.0,3000.0
kata1-b6c96-s27415296-d4256697,80,2781.6926339492584,2698.0132263707565,2865.3720415277603,2790.4567509140643,-8.764116964805908,2,a5803f8a5d9d87202b43d709cb328cedaf18c446af448f705c33d553e8c2e9f7,5170ec511fb50cdf10d648416d508574d70e9781ddf156a1b2a86d2b385e94dc,100,1729,maximum_first_20_then_half_top_6,2000.0,3000.0
kata1-b6c96-s27415296-d4256697,82,2786.9752380261357,2704.1687382291257,2869.7817378231457,2790.4567509140643,-3.481512887928602,2,a5803f8a5d9d87202b43d709cb328cedaf18c446af448f705c33d553e8c2e9f7,5170ec511fb50cdf10d648416d508574d70e9781ddf156a1b2a86d2b385e94dc,100,1729,maximum_first_20_then_half_top_6,2000.0,3000.0
kata1-b6c96-s27415296-d4256697,84,2797.854252255278,2715.7372202438164,2879.9712842667395,2790.4567509140643,7.397501341213683,2,a5803f8a5d9d87202b43d709cb328cedaf18c446af448f705c33d553e8c2e9f7,5170ec511fb50cdf10d648416d508574d70e9781ddf156a1b2a86d2b385e94dc,100,1729,maximum_first_20_then_half_top_6,2000.0,3000.0
kata1-b6c96-s27415296-d4256697,86,2806.8689210977395,2725.440909101388,2888.296933094091,2790.4567509140643,16.412170183675244,2,a5803f8a5d9d87202b43d709cb328cedaf18c446af448f705c33d553e8c2e9f7,5170ec511fb50cdf10d648416d508574d70e9781ddf156a1b2a86d2b385e94dc,100,1729,maximum_first_20_then_half_top_6,2000.0,3000.0
kata1-b6c96-s27415296-d4256697,88,2800.4662294292707,2720.039378205359,2880.8930806531826,2790.4567509140643,10.00947851520641,2,a5803f8a5d9d87202b43d709cb328cedaf18c446af448f705c33d553e8c2e9f7,5170ec511fb50cdf10d648416d508574d70e9781ddf156a1b2a86d2b385e94dc,100,1729,maximum_first_20_then_half_top_6,2000.0,3000.0
kata1-b6c96-s27415296-d4256697,90,2809.630079853961,2729.8287933553183,2889.4313663526036,2790.4567509140643,19.17332893989669,2,a5803f8a5d9d87202b43d709cb328cedaf18c446af448f705c33d553e8c2e9f7,5170ec511fb50cdf10d648416d508574d70e9781ddf156a1b2a86d2b385e94dc,100,1729,maximum_first_20_then_half_top_6,2000.0,3000.0
kata1-b6c96-s27415296-d4256697,92,2809.6451673087768,2730.662499651297,2888.6278349662566,2790.4567509140643,19.188416394712476,2,a5803f8a5d9d87202b43d709cb328cedaf18c446af448f705c33d553e8c2e9f7,5170ec511fb50cdf10d648416d508574d70e9781ddf156a1b2a86d2b385e94dc,100,1729,maximum_first_20_then_half_top_6,2000.0,3000.0
kata1-b6c96-s27415296-d4256697,94,2802.202912943639,2724.1868112853217,2880.2190146019566,2790.4567509140643,11.746162029574862,2,a5803f8a5d9d87202b43d709cb328cedaf18c446af448f705c33d553e8c2e9f7,5170ec511fb50cdf10d648416d508574d70e9781ddf156a1b2a86d2b385e94dc,100,1729,maximum_first_20_then_half_top_6,2000.0,3000.0
kata1-b6c96-s27415296-d4256697,96,2808.5795730769955,2731.1529826059436,2886.0061635480474,2790.4567509140643,18.122822162931243,2,a5803f8a5d9d87202b43d709cb328cedaf18c446af448f705c33d553e8c2e9f7,5170ec511fb50cdf10d648416d508574d70e9781ddf156a1b2a86d2b385e94dc,100,1729,maximum_first_20_then_half_top_6,2000.0,3000.0
kata1-b6c96-s27415296-d4256697,98,2809.1335397678936,2732.4370953292996,2885.8299842064876,2790.4567509140643,18.676788853829294,2,a5803f8a5d9d87202b43d709cb328cedaf18c446af448f705c33d553e8c2e9f7,5170ec511fb50cdf10d648416d508574d70e9781ddf156a1b2a86d2b385e94dc,100,1729,maximum_first_20_then_half_top_6,2000.0,3000.0
kata1-b6c96-s27415296-d4256697,100,2802.1870493116053,2726.3494722941896,2878.024626329021,2790.4567509140643,11.730298397540992,2,a5803f8a5d9d87202b43d709cb328cedaf18c446af448f705c33d553e8c2e9f7,5170ec511fb50cdf10d648416d508574d70e9781ddf156a1b2a86d2b385e94dc,100,1729,maximum_first_20_then_half_top_6,2000.0,3000.0
kata1-b6c96-s30394624-d4635675,2,2203.4902865635536,1648.3949497802712,2758.5856233468357,2868.748124563376,-665.2578379998226,2,a5803f8a5d9d87202b43d709cb328cedaf18c446af448f705c33d553e8c2e9f7,5170ec511fb50cdf10d648416d508574d70e9781ddf156a1b2a86d2b385e94dc,100,1729,maximum_first_20_then_half_top_6,2000.0,3000.0
kata1-b6c96-s30394624-d4635675,4,2437.527943316203,1921.7925371241915,2953.2633495082146,2868.748124563376,-431.22018124717306,2,a5803f8a5d9d87202b43d709cb328cedaf18c446af448f705c33d553e8c2e9f7,5170ec511fb50cdf10d648416d508574d70e9781ddf156a1b2a86d2b385e94dc,100,1729,maximum_first_20_then_half_top_6,2000.0,3000.0
kata1-b6c96-s30394624-d4635675,6,2705.410486694676,2188.783294419284,3222.0376789700676,2868.748124563376,-163.3376378687003,2,a5803f8a5d9d87202b43d709cb328cedaf18c446af448f705c33d553e8c2e9f7,5170ec511fb50cdf10d648416d508574d70e9781ddf156a1b2a86d2b385e94dc,100,1729,maximum_first_20_then_half_top_6,2000.0,3000.0
kata1-b6c96-s30394624-d4635675,8,2949.611708262281,2438.1468936334386,3461.076522891123,2868.748124563376,80.86358369890468,2,a5803f8a5d9d87202b43d709cb328cedaf18c446af448f705c33d553e8c2e9f7,5170ec511fb50cdf10d648416d508574d70e9781ddf156a1b2a86d2b385e94dc,100,1729,maximum_first_20_then_half_top_6,2000.0,3000.0
kata1-b6c96-s30394624-d4635675,10,2947.960970441179,2597.020999350725,3298.900941531633,2868.748124563376,79.21284587780292,2,a5803f8a5d9d87202b43d709cb328cedaf18c446af448f705c33d553e8c2e9f7,5170ec511fb50cdf10d648416d508574d70e9781ddf156a1b2a86d2b385e94dc,100,1729,maximum_first_20_then_half_top_6,2000.0,3000.0
kata1-b6c96-s30394624-d4635675,12,3081.8336129124095,2757.0976670432347,3406.5695587815844,2868.748124563376,213.0854883490333,2,a5803f8a5d9d87202b43d709cb328cedaf18c446af448f705c33d553e8c2e9f7,5170ec511fb50cdf10d648416d508574d70e9781ddf156a1b2a86d2b385e94dc,100,1729,maximum_first_20_then_half_top_6,2000.0,3000.0
kata1-b6c96-s30394624-d4635675,14,3081.6460733670547,2811.6753711682127,3351.6167755658967,2868.748124563376,212.89794880367845,2,a5803f8a5d9d87202b43d709cb328cedaf18c446af448f705c33d553e8c2e9f7,5170ec511fb50cdf10d648416d508574d70e9781ddf156a1b2a86d2b385e94dc,100,1729,maximum_first_20_then_half_top_6,2000.0,3000.0
kata1-b6c96-s30394624-d4635675,16,2999.9073527128653,2773.1577115873797,3226.656993838351,2868.748124563376,131.15922814948908,2,a5803f8a5d9d87202b43d709cb328cedaf18c446af448f705c33d553e8c2e9f7,5170ec511fb50cdf10d648416d508574d70e9781ddf156a1b2a86d2b385e94dc,100,1729,maximum_first_20_then_half_top_6,2000.0,3000.0
kata1-b6c96-s30394624-d4635675,18,2935.993076798801,2731.0665022577964,3140.919651339806,2868.748124563376,67.24495223542499,2,a5803f8a5d9d87202b43d709cb328cedaf18c446af448f705c33d553e8c2e9f7,5170ec511fb50cdf10d648416d508574d70e9781ddf156a1b2a86d2b385e94dc,100,1729,maximum_first_20_then_half_top_6,2000.0,3000.0
kata1-b6c96-s30394624-d4635675,20,2959.769529770388,2770.595984851759,3148.943074689017,2868.748124563376,91.02140520701187,2,a5803f8a5d9d87202b43d709cb328cedaf18c446af448f705c33d553e8c2e9f7,5170ec511fb50cdf10d648416d508574d70e9781ddf156a1b2a86d2b385e94dc,100,1729,maximum_first_20_then_half_top_6,2000.0,3000.0
kata1-b6c96-s30394624-d4635675,22,2954.55068595085,2777.8332617399633,3131.268110161737,2868.748124563376,85.80256138747382,2,a5803f8a5d9d87202b43d709cb328cedaf18c446af448f705c33d553e8c2e9f7,5170ec511fb50cdf10d648416d508574d70e9781ddf156a1b2a86d2b385e94dc,100,1729,maximum_first_20_then_half_top_6,2000.0,3000.0
kata1-b6c96-s30394624-d4635675,24,2953.592137086235,2787.1553450430533,3120.028929129417,2868.748124563376,84.84401252285897,2,a5803f8a5d9d87202b43d709cb328cedaf18c446af448f705c33d553e8c2e9f7,5170ec511fb50cdf10d648416d508574d70e9781ddf156a1b2a86d2b385e94dc,100,1729,maximum_first_20_then_half_top_6,2000.0,3000.0
kata1-b6c96-s30394624-d4635675,26,2962.0477367116973,2803.79027374415,3120.3051996792447,2868.748124563376,93.2996121483211,2,a5803f8a5d9d87202b43d709cb328cedaf18c446af448f705c33d553e8c2e9f7,5170ec511fb50cdf10d648416d508574d70e9781ddf156a1b2a86d2b385e94dc,100,1729,maximum_first_20_then_half_top_6,2000.0,3000.0
kata1-b6c96-s30394624-d4635675,28,2958.073948393766,2807.1609602159538,3108.986936571578,2868.748124563376,89.32582383038971,2,a5803f8a5d9d87202b43d709cb328cedaf18c446af448f705c33d553e8c2e9f7,5170ec511fb50cdf10d648416d508574d70e9781ddf156a1b2a86d2b385e94dc,100,1729,maximum_first_20_then_half_top_6,2000.0,3000.0
kata1-b6c96-s30394624-d4635675,30,2926.9862623688273,2782.2699612406586,3071.702563496996,2868.748124563376,58.23813780545106,2,a5803f8a5d9d87202b43d709cb328cedaf18c446af448f705c33d553e8c2e9f7,5170ec511fb50cdf10d648416d508574d70e9781ddf156a1b2a86d2b385e94dc,100,1729,maximum_first_20_then_half_top_6,2000.0,3000.0
kata1-b6c96-s30394624-d4635675,32,2925.129610256279,2786.04612371566,3064.2130967968983,2868.748124563376,56.38148569290297,2,a5803f8a5d9d87202b43d709cb328cedaf18c446af448f705c33d553e8c2e9f7,5170ec511fb50cdf10d648416d508574d70e9781ddf156a1b2a86d2b385e94dc,100,1729,maximum_first_20_then_half_top_6,2000.0,3000.0
kata1-b6c96-s30394624-d4635675,34,2923.5521338552157,2789.462731547502,3057.6415361629297,2868.748124563376,54.80400929183952,2,a5803f8a5d9d87202b43d709cb328cedaf18c446af448f705c33d553e8c2e9f7,5170ec511fb50cdf10d648416d508574d70e9781ddf156a1b2a86d2b385e94dc,100,1729,maximum_first_20_then_half_top_6,2000.0,3000.0
kata1-b6c96-s30394624-d4635675,36,2943.4356699256714,2813.7674198902696,3073.103919961073,2868.748124563376,74.68754536229517,2,a5803f8a5d9d87202b43d709cb328cedaf18c446af448f705c33d553e8c2e9f7,5170ec511fb50cdf10d648416d508574d70e9781ddf156a1b2a86d2b385e94dc,100,1729,maximum_first_20_then_half_top_6,2000.0,3000.0
kata1-b6c96-s30394624-d4635675,38,2932.4265050376366,2806.8116600518815,3058.0413500233917,2868.748124563376,63.67838047426039,2,a5803f8a5d9d87202b43d709cb328cedaf18c446af448f705c33d553e8c2e9f7,5170ec511fb50cdf10d648416d508574d70e9781ddf156a1b2a86d2b385e94dc,100,1729,maximum_first_20_then_half_top_6,2000.0,3000.0
kata1-b6c96-s30394624-d4635675,40,2910.5714328100385,2788.3691023582955,3032.7737632617814,2868.748124563376,41.823308246662236,2,a5803f8a5d9d87202b43d709cb328cedaf18c446af448f705c33d553e8c2e9f7,5170ec511fb50cdf10d648416d508574d70e9781ddf156a1b2a86d2b385e94dc,100,1729,maximum_first_20_then_half_top_6,2000.0,3000.0
kata1-b6c96-s30394624-d4635675,42,2892.609400292527,2773.2444672099878,3011.974333375066,2868.748124563376,23.861275729150748,2,a5803f8a5d9d87202b43d709cb328cedaf18c446af448f705c33d553e8c2e9f7,5170ec511fb50cdf10d648416d508574d70e9781ddf156a1b2a86d2b385e94dc,100,1729,maximum_first_20_then_half_top_6,2000.0,3000.0
kata1-b6c96-s30394624-d4635675,44,2888.4363862404175,2771.9520748136847,3004.9206976671503,2868.748124563376,19.688261677041282,2,a5803f8a5d9d87202b43d709cb328cedaf18c446af448f705c33d553e8c2e9f7,5170ec511fb50cdf10d648416d508574d70e9781ddf156a1b2a86d2b385e94dc,100,1729,maximum_first_20_then_half_top_6,2000.0,3000.0
kata1-b6c96-s30394624-d4635675,46,2884.686041499917,2770.8905892493235,2998.4814937505103,2868.748124563376,15.93791693654066,2,a5803f8a5d9d87202b43d709cb328cedaf18c446af448f705c33d553e8c2e9f7,5170ec511fb50cdf10d648416d508574d70e9781ddf156a1b2a86d2b385e94dc,100,1729,maximum_first_20_then_half_top_6,2000.0,3000.0
kata1-b6c96-s30394624-d4635675,48,2887.7359180253557,2776.6255183958015,2998.84631765491,2868.748124563376,18.987793461979436,2,a5803f8a5d9d87202b43d709cb328cedaf18c446af448f705c33d553e8c2e9f7,5170ec511fb50cdf10d648416d508574d70e9781ddf156a1b2a86d2b385e94dc,100,1729,maximum_first_20_then_half_top_6,2000.0,3000.0
kata1-b6c96-s30394624-d4635675,50,2871.9233079918276,2762.82542310643,2981.021192877225,2868.748124563376,3.175183428451419,2,a5803f8a5d9d87202b43d709cb328cedaf18c446af448f705c33d553e8c2e9f7,5170ec511fb50cdf10d648416d508574d70e9781ddf156a1b2a86d2b385e94dc,100,1729,maximum_first_20_then_half_top_6,2000.0,3000.0
kata1-b6c96-s30394624-d4635675,52,2876.1578823092686,2769.425915984451,2982.8898486340863,2868.748124563376,7.409757745892421,2,a5803f8a5d9d87202b43d709cb328cedaf18c446af448f705c33d553e8c2e9f7,5170ec511fb50cdf10d648416d508574d70e9781ddf156a1b2a86d2b385e94dc,100,1729,maximum_first_20_then_half_top_6,2000.0,3000.0
kata1-b6c96-s30394624-d4635675,54,2875.5655564665976,2771.0142395809066,2980.1168733522886,2868.748124563376,6.817431903221404,2,a5803f8a5d9d87202b43d709cb328cedaf18c446af448f705c33d553e8c2e9f7,5170ec511fb50cdf10d648416d508574d70e9781ddf156a1b2a86d2b385e94dc,100,1729,maximum_first_20_then_half_top_6,2000.0,3000.0
kata1-b6c96-s30394624-d4635675,56,2876.750909437188,2774.2693123782537,2979.2325064961224,2868.748124563376,8.002784873811834,2,a5803f8a5d9d87202b43d709cb328cedaf18c446af448f705c33d553e8c2e9f7,5170ec511fb50cdf10d648416d508574d70e9781ddf156a1b2a86d2b385e94dc,100,1729,maximum_first_20_then_half_top_6,2000.0,3000.0
kata1-b6c96-s30394624-d4635675,58,2876.183053972098,2775.610271860357,2976.7558360838393,2868.748124563376,7.434929408721928,2,a5803f8a5d9d87202b43d709cb328cedaf18c446af448f705c33d553e8c2e9f7,5170ec511fb50cdf10d648416d508574d70e9781ddf156a1b2a86d2b385e94dc,100,1729,maximum_first_20_then_half_top_6,2000.0,3000.0
kata1-b6c96-s30394624-d4635675,60,2874.7198907982224,2775.9161910381117,2973.523590558333,2868.748124563376,5.9717662348462,2,a5803f8a5d9d87202b43d709cb328cedaf18c446af448f705c33d553e8c2e9f7,5170ec511fb50cdf10d648416d508574d70e9781ddf156a1b2a86d2b385e94dc,100,1729,maximum_first_20_then_half_top_6,2000.0,3000.0
kata1-b6c96-s30394624-d4635675,62,2890.238030529078,2793.3351895846504,2987.1408714735057,2868.748124563376,21.489905965701837,2,a5803f8a5d9d87202b43d709cb328cedaf18c446af448f705c33d553e8c2e9f7,5170ec511fb50cdf10d648416d508574d70e9781ddf156a1b2a86d2b385e94dc,100,1729,maximum_first_20_then_half_top_6,2000.0,3000.0
kata1-b6c96-s30394624-d4635675,64,2878.278181615155,2782.785006181473,2973.771357048837,2868.748124563376,9.53005705177884,2,a5803f8a5d9d87202b43d709cb328cedaf18c446af448f705c33d553e8c2e9f7,5170ec511fb50cdf10d648416d508574d70e9781ddf156a1b2a86d2b385e94dc,100,1729,maximum_first_20_then_half_top_6,2000.0,3000.0
kata1-b6c96-s30394624-d4635675,66,2865.6539420083473,2771.408224157756,2959.8996598589383,2868.748124563376,-3.094182555028965,2,a5803f8a5d9d87202b43d709cb328cedaf18c446af448f705c33d553e8c2e9f7,5170ec511fb50cdf10d648416d508574d70e9781ddf156a1b2a86d2b385e94dc,100,1729,maximum_first_20_then_half_top_6,2000.0,3000.0
kata1-b6c96-s30394624-d4635675,68,2876.4596414748326,2783.892789081208,2969.0264938684572,2868.748124563376,7.711516911456329,2,a5803f8a5d9d87202b43d709cb328cedaf18c446af448f705c33d553e8c2e9f7,5170ec511fb50cdf10d648416d508574d70e9781ddf156a1b2a86d2b385e94dc,100,1729,maximum_first_20_then_half_top_6,2000.0,3000.0
kata1-b6c96-s30394624-d4635675,70,2864.7267083915563,2773.3015394115464,2956.151877371566,2868.748124563376,-4.021416171819965,2,a5803f8a5d9d87202b43d709cb328cedaf18c446af448f705c33d553e8c2e9f7,5170ec511fb50cdf10d648416d508574d70e9781ddf156a1b2a86d2b385e94dc,100,1729,maximum_first_20_then_half_top_6,2000.0,3000.0
kata1-b6c96-s30394624-d4635675,72,2876.915186410654,2787.0253646849274,2966.8050081363804,2868.748124563376,8.167061847277637,2,a5803f8a5d9d87202b43d709cb328cedaf18c446af448f705c33d553e8c2e9f7,5170ec511fb50cdf10d648416d508574d70e9781ddf156a1b2a86d2b385e94dc,100,1729,maximum_first_20_then_half_top_6,2000.0,3000.0
kata1-b6c96-s30394624-d4635675,74,2865.9051655342446,2777.0594732330724,2954.750857835417,2868.748124563376,-2.8429590291316345,2,a5803f8a5d9d87202b43d709cb328cedaf18c446af448f705c33d553e8c2e9f7,5170ec511fb50cdf10d648416d508574d70e9781ddf156a1b2a86d2b385e94dc,100,1729,maximum_first_20_then_half_top_6,2000.0,3000.0
kata1-b6c96-s30394624-d4635675,76,2854.6845863750277,2766.7830669973387,2942.586105752717,2868.748124563376,-14.063538188348502,2,a5803f8a5d9d87202b43d709cb328cedaf18c446af448f705c33d553e8c2e9f7,5170ec511fb50cdf10d648416d508574d70e9781ddf156a1b2a86d2b385e94dc,100,1729,maximum_first_20_then_half_top_6,2000.0,3000.0
kata1-b6c96-s30394624-d4635675,78,2844.05448157646,2757.0220662470324,2931.086896905888,2868.748124563376,-24.693642986916075,2,a5803f8a5d9d87202b43d709cb328cedaf18c446af448f705c33d553e8c2e9f7,5170ec511fb50cdf10d648416d508574d70e9781ddf156a1b2a86d2b385e94dc,100,1729,maximum_first_20_then_half_top_6,2000.0,3000.0
kata1-b6c96-s30394624-d4635675,80,2833.9620026247053,2747.7323047139967,2920.191700535414,2868.748124563376,-34.78612193867093,2,a5803f8a5d9d87202b43d709cb328cedaf18c446af448f705c33d553e8c2e9f7,5170ec511fb50cdf10d648416d508574d70e9781ddf156a1b2a86d2b385e94dc,100,1729,maximum_first_20_then_half_top_6,2000.0,3000.0
kata1-b6c96-s30394624-d4635675,82,2824.360646839532,2738.874621035736,2909.846672643328,2868.748124563376,-44.38747772384431,2,a5803f8a5d9d87202b43d709cb328cedaf18c446af448f705c33d553e8c2e9f7,5170ec511fb50cdf10d648416d508574d70e9781ddf156a1b2a86d2b385e94dc,100,1729,maximum_first_20_then_half_top_6,2000.0,3000.0
kata1-b6c96-s30394624-d4635675,84,2828.874903492045,2744.60021645933,2913.1495905247602,2868.748124563376,-39.873221071331045,2,a5803f8a5d9d87202b43d709cb328cedaf18c446af448f705c33d553e8c2e9f7,5170ec511fb50cdf10d648416d508574d70e9781ddf156a1b2a86d2b385e94dc,100,1729,maximum_first_20_then_half_top_6,2000.0,3000.0
kata1-b6c96-s30394624-d4635675,86,2837.713932160961,2754.7031958900534,2920.724668431869,2868.748124563376,-31.0341924024151,2,a5803f8a5d9d87202b43d709cb328cedaf18c446af448f705c33d553e8c2e9f7,5170ec511fb50cdf10d648416d508574d70e9781ddf156a1b2a86d2b385e94dc,100,1729,maximum_first_20_then_half_top_6,2000.0,3000.0
kata1-b6c96-s30394624-d4635675,88,2839.7809815108803,2757.724465628547,2921.8374973932137,2868.748124563376,-28.967143052495885,2,a5803f8a5d9d87202b43d709cb328cedaf18c446af448f705c33d553e8c2e9f7,5170ec511fb50cdf10d648416d508574d70e9781ddf156a1b2a86d2b385e94dc,100,1729,maximum_first_20_then_half_top_6,2000.0,3000.0
kata1-b6c96-s30394624-d4635675,90,2848.434370065217,2767.49230443635,2929.376435694084,2868.748124563376,-20.313754498159142,2,a5803f8a5d9d87202b43d709cb328cedaf18c446af448f705c33d553e8c2e9f7,5170ec511fb50cdf10d648416d508574d70e9781ddf156a1b2a86d2b385e94dc,100,1729,maximum_first_20_then_half_top_6,2000.0,3000.0
kata1-b6c96-s30394624-d4635675,92,2850.1398133875264,2770.0653398111767,2930.214286963876,2868.748124563376,-18.60831117584985,2,a5803f8a5d9d87202b43d709cb328cedaf18c446af448f705c33d553e8c2e9f7,5170ec511fb50cdf10d648416d508574d70e9781ddf156a1b2a86d2b385e94dc,100,1729,maximum_first_20_then_half_top_6,2000.0,3000.0
kata1-b6c96-s30394624-d4635675,94,2859.611125977107,2780.5265287040916,2938.6957232501222,2868.748124563376,-9.136998586269328,2,a5803f8a5d9d87202b43d709cb328cedaf18c446af448f705c33d553e8c2e9f7,5170ec511fb50cdf10d648416d508574d70e9781ddf156a1b2a86d2b385e94dc,100,1729,maximum_first_20_then_half_top_6,2000.0,3000.0
kata1-b6c96-s30394624-d4635675,96,2867.134352615752,2788.945660332402,2945.323044899102,2868.748124563376,-1.6137719476241728,2,a5803f8a5d9d87202b43d709cb328cedaf18c446af448f705c33d553e8c2e9f7,5170ec511fb50cdf10d648416d508574d70e9781ddf156a1b2a86d2b385e94dc,100,1729,maximum_first_20_then_half_top_6,2000.0,3000.0
kata1-b6c96-s30394624-d4635675,98,2859.256278637172,2781.7339596784727,2936.778597595871,2868.748124563376,-9.491845926204405,2,a5803f8a5d9d87202b43d709cb328cedaf18c446af448f705c33d553e8c2e9f7,5170ec511fb50cdf10d648416d508574d70e9781ddf156a1b2a86d2b385e94dc,100,1729,maximum_first_20_then_half_top_6,2000.0,3000.0
kata1-b6c96-s30394624-d4635675,100,2866.4511450401596,2789.7587693116993,2943.14352076862,2868.748124563376,-2.296979523216578,2,a5803f8a5d9d87202b43d709cb328cedaf18c446af448f705c33d553e8c2e9f7,5170ec511fb50cdf10d648416d508574d70e9781ddf156a1b2a86d2b385e94dc,100,1729,maximum_first_20_then_half_top_6,2000.0,3000.0
kata1-b6c96-s37368064-d5536083,2,2847.6012300458433,414.06044141594566,5281.1420186757405,2990.0846228175806,-142.48339277173727,2,a5803f8a5d9d87202b43d709cb328cedaf18c446af448f705c33d553e8c2e9f7,5170ec511fb50cdf10d648416d508574d70e9781ddf156a1b2a86d2b385e94dc,100,1729,maximum_first_20_then_half_top_6,2000.0,3000.0
kata1-b6c96-s37368064-d5536083,4,3566.1935014873306,1695.513237139318,5436.873765835343,2990.0846228175806,576.1088786697501,2,a5803f8a5d9d87202b43d709cb328cedaf18c446af448f705c33d553e8c2e9f7,5170ec511fb50cdf10d648416d508574d70e9781ddf156a1b2a86d2b385e94dc,100,1729,maximum_first_20_then_half_top_6,2000.0,3000.0
kata1-b6c96-s37368064-d5536083,6,3191.9364093055588,2652.3201277279213,3731.552690883196,2990.0846228175806,201.8517864879782,2,a5803f8a5d9d87202b43d709cb328cedaf18c446af448f705c33d553e8c2e9f7,5170ec511fb50cdf10d648416d508574d70e9781ddf156a1b2a86d2b385e94dc,100,1729,maximum_first_20_then_half_top_6,2000.0,3000.0
kata1-b6c96-s37368064-d5536083,8,2998.1081164607435,2629.2183780306414,3366.9978548908457,2990.0846228175806,8.023493643162965,2,a5803f8a5d9d87202b43d709cb328cedaf18c446af448f705c33d553e8c2e9f7,5170ec511fb50cdf10d648416d508574d70e9781ddf156a1b2a86d2b385e94dc,100,1729,maximum_first_20_then_half_top_6,2000.0,3000.0
kata1-b6c96-s37368064-d5536083,10,3131.487791885838,2836.2691945678157,3426.70638920386,2990.0846228175806,141.40316906825728,2,a5803f8a5d9d87202b43d709cb328cedaf18c446af448f705c33d553e8c2e9f7,5170ec511fb50cdf10d648416d508574d70e9781ddf156a1b2a86d2b385e94dc,100,1729,maximum_first_20_then_half_top_6,2000.0,3000.0
kata1-b6c96-s37368064-d5536083,12,3041.0375075295347,2787.6136006188217,3294.4614144402476,2990.0846228175806,50.952884711954084,2,a5803f8a5d9d87202b43d709cb328cedaf18c446af448f705c33d553e8c2e9f7,5170ec511fb50cdf10d648416d508574d70e9781ddf156a1b2a86d2b385e94dc,100,1729,maximum_first_20_then_half_top_6,2000.0,3000.0
kata1-b6c96-s37368064-d5536083,14,3040.246429012408,2815.2584100998715,3265.2344479249446,2990.0846228175806,50.16180619482748,2,a5803f8a5d9d87202b43d709cb328cedaf18c446af448f705c33d553e8c2e9f7,5170ec511fb50cdf10d648416d508574d70e9781ddf156a1b2a86d2b385e94dc,100,1729,maximum_first_20_then_half_top_6,2000.0,3000.0
kata1-b6c96-s37368064-d5536083,16,2977.29021335685,2768.5622457214304,3186.0181809922697,2990.0846228175806,-12.794409460730549,2,a5803f8a5d9d87202b43d709cb328cedaf18c446af448f705c33d553e8c2e9f7,5170ec511fb50cdf10d648416d508574d70e9781ddf156a1b2a86d2b385e94dc,100,1729,maximum_first_20_then_half_top_6,2000.0,3000.0
kata1-b6c96-s37368064-d5536083,18,2999.743658750769,2808.917950949235,3190.569366552303,2990.0846228175806,9.659035933188534,2,a5803f8a5d9d87202b43d709cb328cedaf18c446af448f705c33d553e8c2e9f7,5170ec511fb50cdf10d648416d508574d70e9781ddf156a1b2a86d2b385e94dc,100,1729,maximum_first_20_then_half_top_6,2000.0,3000.0
kata1-b6c96-s37368064-d5536083,20,3001.678180842984,2823.7608761969827,3179.5954854889856,2990.0846228175806,11.593558025403581,2,a5803f8a5d9d87202b43d709cb328cedaf18c446af448f705c33d553e8c2e9f7,5170ec511fb50cdf10d648416d508574d70e9781ddf156a1b2a86d2b385e94dc,100,1729,maximum_first_20_then_half_top_6,2000.0,3000.0
kata1-b6c96-s37368064-d5536083,22,2967.6358233655733,2797.832881443366,3137.4387652877804,2990.0846228175806,-22.44879945200728,2,a5803f8a5d9d87202b43d709cb328cedaf18c446af448f705c33d553e8c2e9f7,5170ec511fb50cdf10d648416d508574d70e9781ddf156a1b2a86d2b385e94dc,100,1729,maximum_first_20_then_half_top_6,2000.0,3000.0
kata1-b6c96-s37368064-d5536083,24,2965.5773816444075,2804.763992951893,3126.390770336922,2990.0846228175806,-24.507241173173043,2,a5803f8a5d9d87202b43d709cb328cedaf18c446af448f705c33d553e8c2e9f7,5170ec511fb50cdf10d648416d508574d70e9781ddf156a1b2a86d2b385e94dc,100,1729,maximum_first_20_then_half_top_6,2000.0,3000.0
kata1-b6c96-s37368064-d5536083,26,2956.1217550062074,2802.0762963475886,3110.1672136648262,2990.0846228175806,-33.962867811373144,2,a5803f8a5d9d87202b43d709cb328cedaf18c446af448f705c33d553e8c2e9f7,5170ec511fb50cdf10d648416d508574d70e9781ddf156a1b2a86d2b385e94dc,100,1729,maximum_first_20_then_half_top_6,2000.0,3000.0
kata1-b6c96-s37368064-d5536083,28,2986.444605314229,2840.2514136836026,3132.637796944856,2990.0846228175806,-3.6400175033513733,2,a5803f8a5d9d87202b43d709cb328cedaf18c446af448f705c33d553e8c2e9f7,5170ec511fb50cdf10d648416d508574d70e9781ddf156a1b2a86d2b385e94dc,100,1729,maximum_first_20_then_half_top_6,2000.0,3000.0
kata1-b6c96-s37368064-d5536083,30,2979.85283763408,2839.142434316267,3120.563240951893,2990.0846228175806,-10.231785183500506,2,a5803f8a5d9d87202b43d709cb328cedaf18c446af448f705c33d553e8c2e9f7,5170ec511fb50cdf10d648416d508574d70e9781ddf156a1b2a86d2b385e94dc,100,1729,maximum_first_20_then_half_top_6,2000.0,3000.0
kata1-b6c96-s37368064-d5536083,32,2947.6597054546487,2811.228978942799,3084.0904319664983,2990.0846228175806,-42.424917362931865,2,a5803f8a5d9d87202b43d709cb328cedaf18c446af448f705c33d553e8c2e9f7,5170ec511fb50cdf10d648416d508574d70e9781ddf156a1b2a86d2b385e94dc,100,1729,maximum_first_20_then_half_top_6,2000.0,3000.0
kata1-b6c96-s37368064-d5536083,34,2920.8358190729837,2788.0145547523844,3053.657083393583,2990.0846228175806,-69.2488037445969,2,a5803f8a5d9d87202b43d709cb328cedaf18c446af448f705c33d553e8c2e9f7,5170ec511fb50cdf10d648416d508574d70e9781ddf156a1b2a86d2b385e94dc,100,1729,maximum_first_20_then_half_top_6,2000.0,3000.0
kata1-b6c96-s37368064-d5536083,36,2945.985394329299,2818.48349885515,3073.487289803448,2990.0846228175806,-44.09922848828137,2,a5803f8a5d9d87202b43d709cb328cedaf18c446af448f705c33d553e8c2e9f7,5170ec511fb50cdf10d648416d508574d70e9781ddf156a1b2a86d2b385e94dc,100,1729,maximum_first_20_then_half_top_6,2000.0,3000.0
kata1-b6c96-s37368064-d5536083,38,2967.71973257014,2844.433653772307,3091.005811367973,2990.0846228175806,-22.3648902474406,2,a5803f8a5d9d87202b43d709cb328cedaf18c446af448f705c33d553e8c2e9f7,5170ec511fb50cdf10d648416d508574d70e9781ddf156a1b2a86d2b385e94dc,100,1729,maximum_first_20_then_half_top_6,2000.0,3000.0
kata1-b6c96-s37368064-d5536083,40,2964.0753692915237,2844.128635767194,3084.0221028158535,2990.0846228175806,-26.00925352605691,2,a5803f8a5d9d87202b43d709cb328cedaf18c446af448f705c33d553e8c2e9f7,5170ec511fb50cdf10d648416d508574d70e9781ddf156a1b2a86d2b385e94dc,100,1729,maximum_first_20_then_half_top_6,2000.0,3000.0
kata1-b6c96-s37368064-d5536083,42,2980.0882887785333,2863.199567075819,3096.977010481248,2990.0846228175806,-9.99633403904727,2,a5803f8a5d9d87202b43d709cb328cedaf18c446af448f705c33d553e8c2e9f7,5170ec511fb50cdf10d648416d508574d70e9781ddf156a1b2a86d2b385e94dc,100,1729,maximum_first_20_then_half_top_6,2000.0,3000.0
kata1-b6c96-s37368064-d5536083,44,2963.612036506929,2849.6200004824673,3077.604072531391,2990.0846228175806,-26.472586310651423,2,a5803f8a5d9d87202b43d709cb328cedaf18c446af448f705c33d553e8c2e9f7,5170ec511fb50cdf10d648416d508574d70e9781ddf156a1b2a86d2b385e94dc,100,1729,maximum_first_20_then_half_top_6,2000.0,3000.0
kata1-b6c96-s37368064-d5536083,46,2962.8288471669002,2851.5246271381475,3074.133067195653,2990.0846228175806,-27.255775650680334,2,a5803f8a5d9d87202b43d709cb328cedaf18c446af448f705c33d553e8c2e9f7,5170ec511fb50cdf10d648416d508574d70e9781ddf156a1b2a86d2b385e94dc,100,1729,maximum_first_20_then_half_top_6,2000.0,3000.0
kata1-b6c96-s37368064-d5536083,48,2962.117755185534,2853.30262646506,3070.932883906008,2990.0846228175806,-27.966867632046615,2,a5803f8a5d9d87202b43d709cb328cedaf18c446af448f705c33d553e8c2e9f7,5170ec511fb50cdf10d648416d508574d70e9781ddf156a1b2a86d2b385e94dc,100,1729,maximum_first_20_then_half_top_6,2000.0,3000.0
kata1-b6c96-s37368064-d5536083,50,2973.402091715252,2866.858160615106,3079.946022815398,2990.0846228175806,-16.68253110232854,2,a5803f8a5d9d87202b43d709cb328cedaf18c446af448f705c33d553e8c2e9f7,5170ec511fb50cdf10d648416d508574d70e9781ddf156a1b2a86d2b385e94dc,100,1729,maximum_first_20_then_half_top_6,2000.0,3000.0
kata1-b6c96-s37368064-d5536083,52,2972.299688165933,2867.9131484028203,3076.6862279290453,2990.0846228175806,-17.784934651647745,2,a5803f8a5d9d87202b43d709cb328cedaf18c446af448f705c33d553e8c2e9f7,5170ec511fb50cdf10d648416d508574d70e9781ddf156a1b2a86d2b385e94dc,100,1729,maximum_first_20_then_half_top_6,2000.0,3000.0
kata1-b6c96-s37368064-d5536083,54,2974.9840639157756,2872.5676248882246,3077.4005029433265,2990.0846228175806,-15.100558901805016,2,a5803f8a5d9d87202b43d709cb328cedaf18c446af448f705c33d553e8c2e9f7,5170ec511fb50cdf10d648416d508574d70e9781ddf156a1b2a86d2b385e94dc,100,1729,maximum_first_20_then_half_top_6,2000.0,3000.0
kata1-b6c96-s37368064-d5536083,56,2976.5618841824294,2876.038587263193,3077.0851811016655,2990.0846228175806,-13.5227386351512,2,a5803f8a5d9d87202b43d709cb328cedaf18c446af448f705c33d553e8c2e9f7,5170ec511fb50cdf10d648416d508574d70e9781ddf156a1b2a86d2b385e94dc,100,1729,maximum_first_20_then_half_top_6,2000.0,3000.0
kata1-b6c96-s37368064-d5536083,58,2988.842945291018,2890.0404135592394,3087.645477022797,2990.0846228175806,-1.2416775265623983,2,a5803f8a5d9d87202b43d709cb328cedaf18c446af448f705c33d553e8c2e9f7,5170ec511fb50cdf10d648416d508574d70e9781ddf156a1b2a86d2b385e94dc,100,1729,maximum_first_20_then_half_top_6,2000.0,3000.0
kata1-b6c96-s37368064-d5536083,60,2986.4160483197434,2889.2870931665193,3083.5450034729674,2990.0846228175806,-3.6685744978371986,2,a5803f8a5d9d87202b43d709cb328cedaf18c446af448f705c33d553e8c2e9f7,5170ec511fb50cdf10d648416d508574d70e9781ddf156a1b2a86d2b385e94dc,100,1729,maximum_first_20_then_half_top_6,2000.0,3000.0
kata1-b6c96-s37368064-d5536083,62,2999.910672915169,2904.2261429855835,3095.5952028447546,2990.0846228175806,9.82605009758845,2,a5803f8a5d9d87202b43d709cb328cedaf18c446af448f705c33d553e8c2e9f7,5170ec511fb50cdf10d648416d508574d70e9781ddf156a1b2a86d2b385e94dc,100,1729,maximum_first_20_then_half_top_6,2000.0,3000.0
kata1-b6c96-s37368064-d5536083,64,3000.4074870631625,2906.24167460182,3094.5732995245053,2990.0846228175806,10.322864245581968,2,a5803f8a5d9d87202b43d709cb328cedaf18c446af448f705c33d553e8c2e9f7,5170ec511fb50cdf10d648416d508574d70e9781ddf156a1b2a86d2b385e94dc,100,1729,maximum_first_20_then_half_top_6,2000.0,3000.0
kata1-b6c96-s37368064-d5536083,66,3012.5626815320547,2919.6309369675264,3105.494426096583,2990.0846228175806,22.478058714474173,2,a5803f8a5d9d87202b43d709cb328cedaf18c446af448f705c33d553e8c2e9f7,5170ec511fb50cdf10d648416d508574d70e9781ddf156a1b2a86d2b385e94dc,100,1729,maximum_first_20_then_half_top_6,2000.0,3000.0
kata1-b6c96-s37368064-d5536083,68,3012.610061525145,2921.0605892900835,3104.159533760206,2990.0846228175806,22.525438707564263,2,a5803f8a5d9d87202b43d709cb328cedaf18c446af448f705c33d553e8c2e9f7,5170ec511fb50cdf10d648416d508574d70e9781ddf156a1b2a86d2b385e94dc,100,1729,maximum_first_20_then_half_top_6,2000.0,3000.0
kata1-b6c96-s37368064-d5536083,70,3012.6543544575334,2922.4177854790028,3102.890923436064,2990.0846228175806,22.569731639952806,2,a5803f8a5d9d87202b43d709cb328cedaf18c446af448f705c33d553e8c2e9f7,5170ec511fb50cdf10d648416d508574d70e9781ddf156a1b2a86d2b385e94dc,100,1729,maximum_first_20_then_half_top_6,2000.0,3000.0
kata1-b6c96-s37368064-d5536083,72,3012.6974476150185,2923.709796956179,3101.685098273858,2990.0846228175806,22.612824797437952,2,a5803f8a5d9d87202b43d709cb328cedaf18c446af448f705c33d553e8c2e9f7,5170ec511fb50cdf10d648416d508574d70e9781ddf156a1b2a86d2b385e94dc,100,1729,maximum_first_20_then_half_top_6,2000.0,3000.0
kata1-b6c96-s37368064-d5536083,74,3014.352509477248,2926.512789261429,3102.192229693067,2990.0846228175806,24.26788665966751,2,a5803f8a5d9d87202b43d709cb328cedaf18c446af448f705c33d553e8c2e9f7,5170ec511fb50cdf10d648416d508574d70e9781ddf156a1b2a86d2b385e94dc,100,1729,maximum_first_20_then_half_top_6,2000.0,3000.0
kata1-b6c96-s37368064-d5536083,76,3004.983257066808,2918.4093900527173,3091.557124080899,2990.0846228175806,14.898634249227598,2,a5803f8a5d9d87202b43d709cb328cedaf18c446af448f705c33d553e8c2e9f7,5170ec511fb50cdf10d648416d508574d70e9781ddf156a1b2a86d2b385e94dc,100,1729,maximum_first_20_then_half_top_6,2000.0,3000.0
kata1-b6c96-s37368064-d5536083,78,2998.5368987585625,2913.0850059676827,3083.9887915494423,2990.0846228175806,8.452275940981963,2,a5803f8a5d9d87202b43d709cb328cedaf18c446af448f705c33d553e8c2e9f7,5170ec511fb50cdf10d648416d508574d70e9781ddf156a1b2a86d2b385e94dc,100,1729,maximum_first_20_then_half_top_6,2000.0,3000.0
kata1-b6c96-s37368064-d5536083,80,3000.4268696040513,2915.9701976797287,3084.883541528374,2990.0846228175806,10.342246786470696,2,a5803f8a5d9d87202b43d709cb328cedaf18c446af448f705c33d553e8c2e9f7,5170ec511fb50cdf10d648416d508574d70e9781ddf156a1b2a86d2b385e94dc,100,1729,maximum_first_20_then_half_top_6,2000.0,3000.0
kata1-b6c96-s37368064-d5536083,82,2999.049145487963,2915.578739886704,3082.5195510892217,2990.0846228175806,8.964522670382394,2,a5803f8a5d9d87202b43d709cb328cedaf18c446af448f705c33d553e8c2e9f7,5170ec511fb50cdf10d648416d508574d70e9781ddf156a1b2a86d2b385e94dc,100,1729,maximum_first_20_then_half_top_6,2000.0,3000.0
kata1-b6c96-s37368064-d5536083,84,2990.467243745134,2907.987545930932,3072.946941559336,2990.0846228175806,0.3826209275534893,2,a5803f8a5d9d87202b43d709cb328cedaf18c446af448f705c33d553e8c2e9f7,5170ec511fb50cdf10d648416d508574d70e9781ddf156a1b2a86d2b385e94dc,100,1729,maximum_first_20_then_half_top_6,2000.0,3000.0
kata1-b6c96-s37368064-d5536083,86,2991.0615993839942,2909.493202942619,3072.6299958253694,2990.0846228175806,0.9769765664136685,2,a5803f8a5d9d87202b43d709cb328cedaf18c446af448f705c33d553e8c2e9f7,5170ec511fb50cdf10d648416d508574d70e9781ddf156a1b2a86d2b385e94dc,100,1729,maximum_first_20_then_half_top_6,2000.0,3000.0
kata1-b6c96-s37368064-d5536083,88,3000.1457653944735,2919.41977479027,3080.871755998677,2990.0846228175806,10.061142576892962,2,a5803f8a5d9d87202b43d709cb328cedaf18c446af448f705c33d553e8c2e9f7,5170ec511fb50cdf10d648416d508574d70e9781ddf156a1b2a86d2b385e94dc,100,1729,maximum_first_20_then_half_top_6,2000.0,3000.0
kata1-b6c96-s37368064-d5536083,90,2992.6968652564105,2912.841652950691,3072.5520775621303,2990.0846228175806,2.6122424388299805,2,a5803f8a5d9d87202b43d709cb328cedaf18c446af448f705c33d553e8c2e9f7,5170ec511fb50cdf10d648416d508574d70e9781ddf156a1b2a86d2b385e94dc,100,1729,maximum_first_20_then_half_top_6,2000.0,3000.0
kata1-b6c96-s37368064-d5536083,92,2999.2693245851915,2920.1836098559575,3078.3550393144255,2990.0846228175806,9.184701767610932,2,a5803f8a5d9d87202b43d709cb328cedaf18c446af448f705c33d553e8c2e9f7,5170ec511fb50cdf10d648416d508574d70e9781ddf156a1b2a86d2b385e94dc,100,1729,maximum_first_20_then_half_top_6,2000.0,3000.0
kata1-b6c96-s37368064-d5536083,94,3000.8434202365816,2922.5191745000084,3079.1676659731547,2990.0846228175806,10.758797419000985,2,a5803f8a5d9d87202b43d709cb328cedaf18c446af448f705c33d553e8c2e9f7,5170ec511fb50cdf10d648416d508574d70e9781ddf156a1b2a86d2b385e94dc,100,1729,maximum_first_20_then_half_top_6,2000.0,3000.0
kata1-b6c96-s37368064-d5536083,96,3001.6739349753366,2924.10397945818,3079.243890492493,2990.0846228175806,11.589312157756012,2,a5803f8a5d9d87202b43d709cb328cedaf18c446af448f705c33d553e8c2e9f7,5170ec511fb50cdf10d648416d508574d70e9781ddf156a1b2a86d2b385e94dc,100,1729,maximum_first_20_then_half_top_6,2000.0,3000.0
kata1-b6c96-s37368064-d5536083,98,3001.943506690731,2925.1078692046954,3078.7791441767663,2990.0846228175806,11.858883873150262,2,a5803f8a5d9d87202b43d709cb328cedaf18c446af448f705c33d553e8c2e9f7,5170ec511fb50cdf10d648416d508574d70e9781ddf156a1b2a86d2b385e94dc,100,1729,maximum_first_20_then_half_top_6,2000.0,3000.0
kata1-b6c96-s37368064-d5536083,100,3003.3622599075397,2927.215788575576,3079.5087312395035,2990.0846228175806,13.277637089959171,2,a5803f8a5d9d87202b43d709cb328cedaf18c446af448f705c33d553e8c2e9f7,5170ec511fb50cdf10d648416d508574d70e9781ddf156a1b2a86d2b385e94dc,100,1729,maximum_first_20_then_half_top_6,2000.0,3000.0
kata1-b6c96-s48921344-d7092247,2,2847.8392318950223,414.5752028136476,5281.103260976397,3111.9717247863114,-264.1324928912891,2,a5803f8a5d9d87202b43d709cb328cedaf18c446af448f705c33d553e8c2e9f7,5170ec511fb50cdf10d648416d508574d70e9781ddf156a1b2a86d2b385e94dc,100,1729,maximum_first_20_then_half_top_6,2000.0,3000.0
kata1-b6c96-s48921344-d7092247,4,3024.1824151615942,2478.838058903543,3569.5267714196457,3111.9717247863114,-87.78930962471713,2,a5803f8a5d9d87202b43d709cb328cedaf18c446af448f705c33d553e8c2e9f7,5170ec511fb50cdf10d648416d508574d70e9781ddf156a1b2a86d2b385e94dc,100,1729,maximum_first_20_then_half_top_6,2000.0,3000.0
kata1-b6c96-s48921344-d7092247,6,3021.3628201041197,2660.097839820279,3382.62780038796,3111.9717247863114,-90.60890468219168,2,a5803f8a5d9d87202b43d709cb328cedaf18c446af448f705c33d553e8c2e9f7,5170ec511fb50cdf10d648416d508574d70e9781ddf156a1b2a86d2b385e94dc,100,1729,maximum_first_20_then_half_top_6,2000.0,3000.0
kata1-b6c96-s48921344-d7092247,8,3157.482565246154,2831.6797375504843,3483.285392941824,3111.9717247863114,45.51084045984271,2,a5803f8a5d9d87202b43d709cb328cedaf18c446af448f705c33d553e8c2e9f7,5170ec511fb50cdf10d648416d508574d70e9781ddf156a1b2a86d2b385e94dc,100,1729,maximum_first_20_then_half_top_6,2000.0,3000.0
kata1-b6c96-s48921344-d7092247,10,3281.0843471301546,2965.395255893655,3596.7734383666543,3111.9717247863114,169.1126223438432,2,a5803f8a5d9d87202b43d709cb328cedaf18c446af448f705c33d553e8c2e9f7,5170ec511fb50cdf10d648416d508574d70e9781ddf156a1b2a86d2b385e94dc,100,1729,maximum_first_20_then_half_top_6,2000.0,3000.0
kata1-b6c96-s48921344-d7092247,12,3185.302255877925,2941.758149477758,3428.846362278092,3111.9717247863114,73.33053109161347,2,a5803f8a5d9d87202b43d709cb328cedaf18c446af448f705c33d553e8c2e9f7,5170ec511fb50cdf10d648416d508574d70e9781ddf156a1b2a86d2b385e94dc,100,1729,maximum_first_20_then_half_top_6,2000.0,3000.0
kata1-b6c96-s48921344-d7092247,14,3184.6575048763543,2966.7152854630526,3402.599724289656,3111.9717247863114,72.68578009004295,2,a5803f8a5d9d87202b43d709cb328cedaf18c446af448f705c33d553e8c2e9f7,5170ec511fb50cdf10d648416d508574d70e9781ddf156a1b2a86d2b385e94dc,100,1729,maximum_first_20_then_half_top_6,2000.0,3000.0
kata1-b6c96-s48921344-d7092247,16,3128.394614496519,2931.9809730347574,3324.8082559582804,3111.9717247863114,16.422889710207528,2,a5803f8a5d9d87202b43d709cb328cedaf18c446af448f705c33d553e8c2e9f7,5170ec511fb50cdf10d648416d508574d70e9781ddf156a1b2a86d2b385e94dc,100,1729,maximum_first_20_then_half_top_6,2000.0,3000.0
kata1-b6c96-s48921344-d7092247,18,3078.7833058607566,2895.7565171106057,3261.8100946109075,3111.9717247863114,-33.18841892555474,2,a5803f8a5d9d87202b43d709cb328cedaf18c446af448f705c33d553e8c2e9f7,5170ec511fb50cdf10d648416d508574d70e9781ddf156a1b2a86d2b385e94dc,100,1729,maximum_first_20_then_half_top_6,2000.0,3000.0
kata1-b6c96-s48921344-d7092247,20,3100.6346955766753,2929.4489831571964,3271.8204079961542,3111.9717247863114,-11.337029209636057,2,a5803f8a5d9d87202b43d709cb328cedaf18c446af448f705c33d553e8c2e9f7,5170ec511fb50cdf10d648416d508574d70e9781ddf156a1b2a86d2b385e94dc,100,1729,maximum_first_20_then_half_top_6,2000.0,3000.0
kata1-b6c96-s48921344-d7092247,22,3064.419407823017,2901.542084220641,3227.2967314253933,3111.9717247863114,-47.55231696329429,2,a5803f8a5d9d87202b43d709cb328cedaf18c446af448f705c33d553e8c2e9f7,5170ec511fb50cdf10d648416d508574d70e9781ddf156a1b2a86d2b385e94dc,100,1729,maximum_first_20_then_half_top_6,2000.0,3000.0
kata1-b6c96-s48921344-d7092247,24,3064.6715970946984,2909.895435941289,3219.4477582481077,3111.9717247863114,-47.30012769161294,2,a5803f8a5d9d87202b43d709cb328cedaf18c446af448f705c33d553e8c2e9f7,5170ec511fb50cdf10d648416d508574d70e9781ddf156a1b2a86d2b385e94dc,100,1729,maximum_first_20_then_half_top_6,2000.0,3000.0
kata1-b6c96-s48921344-d7092247,26,3066.273769741403,2918.4755753957998,3214.0719640870066,3111.9717247863114,-45.69795504490821,2,a5803f8a5d9d87202b43d709cb328cedaf18c446af448f705c33d553e8c2e9f7,5170ec511fb50cdf10d648416d508574d70e9781ddf156a1b2a86d2b385e94dc,100,1729,maximum_first_20_then_half_top_6,2000.0,3000.0
kata1-b6c96-s48921344-d7092247,28,3066.604763574664,2924.868390971731,3208.341136177597,3111.9717247863114,-45.36696121164732,2,a5803f8a5d9d87202b43d709cb328cedaf18c446af448f705c33d553e8c2e9f7,5170ec511fb50cdf10d648416d508574d70e9781ddf156a1b2a86d2b385e94dc,100,1729,maximum_first_20_then_half_top_6,2000.0,3000.0
kata1-b6c96-s48921344-d7092247,30,3066.631081437857,2930.2153772368415,3203.0467856388727,3111.9717247863114,-45.34064334845425,2,a5803f8a5d9d87202b43d709cb328cedaf18c446af448f705c33d553e8c2e9f7,5170ec511fb50cdf10d648416d508574d70e9781ddf156a1b2a86d2b385e94dc,100,1729,maximum_first_20_then_half_top_6,2000.0,3000.0
kata1-b6c96-s48921344-d7092247,32,3041.963142260074,2909.408279868278,3174.5180046518703,3111.9717247863114,-70.0085825262372,2,a5803f8a5d9d87202b43d709cb328cedaf18c446af448f705c33d553e8c2e9f7,5170ec511fb50cdf10d648416d508574d70e9781ddf156a1b2a86d2b385e94dc,100,1729,maximum_first_20_then_half_top_6,2000.0,3000.0
kata1-b6c96-s48921344-d7092247,34,3064.940066887842,2937.450451824862,3192.429681950822,3111.9717247863114,-47.03165789846935,2,a5803f8a5d9d87202b43d709cb328cedaf18c446af448f705c33d553e8c2e9f7,5170ec511fb50cdf10d648416d508574d70e9781ddf156a1b2a86d2b385e94dc,100,1729,maximum_first_20_then_half_top_6,2000.0,3000.0
kata1-b6c96-s48921344-d7092247,36,3065.2862340150314,2941.6426820430625,3188.9297859870003,3111.9717247863114,-46.68549077128,2,a5803f8a5d9d87202b43d709cb328cedaf18c446af448f705c33d553e8c2e9f7,5170ec511fb50cdf10d648416d508574d70e9781ddf156a1b2a86d2b385e94dc,100,1729,maximum_first_20_then_half_top_6,2000.0,3000.0
kata1-b6c96-s48921344-d7092247,38,3075.5698237788656,2955.555228166449,3195.584419391282,3111.9717247863114,-36.40190100744576,2,a5803f8a5d9d87202b43d709cb328cedaf18c446af448f705c33d553e8c2e9f7,5170ec511fb50cdf10d648416d508574d70e9781ddf156a1b2a86d2b385e94dc,100,1729,maximum_first_20_then_half_top_6,2000.0,3000.0
kata1-b6c96-s48921344-d7092247,40,3065.665393986048,2948.7014388539164,3182.6293491181796,3111.9717247863114,-46.30633080026337,2,a5803f8a5d9d87202b43d709cb328cedaf18c446af448f705c33d553e8c2e9f7,5170ec511fb50cdf10d648416d508574d70e9781ddf156a1b2a86d2b385e94dc,100,1729,maximum_first_20_then_half_top_6,2000.0,3000.0
kata1-b6c96-s48921344-d7092247,42,3084.140364165207,2970.251849212984,3198.02887911743,3111.9717247863114,-27.831360621104523,2,a5803f8a5d9d87202b43d709cb328cedaf18c446af448f705c33d553e8c2e9f7,5170ec511fb50cdf10d648416d508574d70e9781ddf156a1b2a86d2b385e94dc,100,1729,maximum_first_20_then_half_top_6,2000.0,3000.0
kata1-b6c96-s48921344-d7092247,44,3101.3624266670795,2990.064583526395,3212.660269807764,3111.9717247863114,-10.60929811923188,2,a5803f8a5d9d87202b43d709cb328cedaf18c446af448f705c33d553e8c2e9f7,5170ec511fb50cdf10d648416d508574d70e9781ddf156a1b2a86d2b385e94dc,100,1729,maximum_first_20_then_half_top_6,2000.0,3000.0
kata1-b6c96-s48921344-d7092247,46,3085.70228690609,2976.9775622178568,3194.4270115943236,3111.9717247863114,-26.269437880221176,2,a5803f8a5d9d87202b43d709cb328cedaf18c446af448f705c33d553e8c2e9f7,5170ec511fb50cdf10d648416d508574d70e9781ddf156a1b2a86d2b385e94dc,100,1729,maximum_first_20_then_half_top_6,2000.0,3000.0
kata1-b6c96-s48921344-d7092247,48,3101.2737768103866,2994.7863430998896,3207.7612105208837,3111.9717247863114,-10.697947975924762,2,a5803f8a5d9d87202b43d709cb328cedaf18c446af448f705c33d553e8c2e9f7,5170ec511fb50cdf10d648416d508574d70e9781ddf156a1b2a86d2b385e94dc,100,1729,maximum_first_20_then_half_top_6,2000.0,3000.0
kata1-b6c96-s48921344-d7092247,50,3114.8955694902456,3010.3334758352685,3219.457663145223,3111.9717247863114,2.9238447039342645,2,a5803f8a5d9d87202b43d709cb328cedaf18c446af448f705c33d553e8c2e9f7,5170ec511fb50cdf10d648416d508574d70e9781ddf156a1b2a86d2b385e94dc,100,1729,maximum_first_20_then_half_top_6,2000.0,3000.0
kata1-b6c96-s48921344-d7092247,52,3130.9835163209755,3028.06158864875,3233.905443993201,3111.9717247863114,19.0117915346641,2,a5803f8a5d9d87202b43d709cb328cedaf18c446af448f705c33d553e8c2e9f7,5170ec511fb50cdf10d648416d508574d70e9781ddf156a1b2a86d2b385e94dc,100,1729,maximum_first_20_then_half_top_6,2000.0,3000.0
kata1-b6c96-s48921344-d7092247,54,3116.518595237883,3015.874817018722,3217.162373457044,3111.9717247863114,4.546870451571522,2,a5803f8a5d9d87202b43d709cb328cedaf18c446af448f705c33d553e8c2e9f7,5170ec511fb50cdf10d648416d508574d70e9781ddf156a1b2a86d2b385e94dc,100,1729,maximum_first_20_then_half_top_6,2000.0,3000.0
kata1-b6c96-s48921344-d7092247,56,3103.3266381557755,3004.658604796152,3201.994671515399,3111.9717247863114,-8.645086630535843,2,a5803f8a5d9d87202b43d709cb328cedaf18c446af448f705c33d553e8c2e9f7,5170ec511fb50cdf10d648416d508574d70e9781ddf156a1b2a86d2b385e94dc,100,1729,maximum_first_20_then_half_top_6,2000.0,3000.0
kata1-b6c96-s48921344-d7092247,58,3102.532063373608,3005.5496569513175,3199.514469795898,3111.9717247863114,-9.439661412703572,2,a5803f8a5d9d87202b43d709cb328cedaf18c446af448f705c33d553e8c2e9f7,5170ec511fb50cdf10d648416d508574d70e9781ddf156a1b2a86d2b385e94dc,100,1729,maximum_first_20_then_half_top_6,2000.0,3000.0
kata1-b6c96-s48921344-d7092247,60,3116.667339243143,3021.1038644792566,3212.2308140070295,3111.9717247863114,4.695614456831663,2,a5803f8a5d9d87202b43d709cb328cedaf18c446af448f705c33d553e8c2e9f7,5170ec511fb50cdf10d648416d508574d70e9781ddf156a1b2a86d2b385e94dc,100,1729,maximum_first_20_then_half_top_6,2000.0,3000.0
kata1-b6c96-s48921344-d7092247,62,3117.9822807243495,3023.9055553518683,3212.0590060968307,3111.9717247863114,6.010555938038124,2,a5803f8a5d9d87202b43d709cb328cedaf18c446af448f705c33d553e8c2e9f7,5170ec511fb50cdf10d648416d508574d70e9781ddf156a1b2a86d2b385e94dc,100,1729,maximum_first_20_then_half_top_6,2000.0,3000.0
kata1-b6c96-s48921344-d7092247,64,3118.129437007868,3025.496050093988,3210.7628239217483,3111.9717247863114,6.1577122215567215,2,a5803f8a5d9d87202b43d709cb328cedaf18c446af448f705c33d553e8c2e9f7,5170ec511fb50cdf10d648416d508574d70e9781ddf156a1b2a86d2b385e94dc,100,1729,maximum_first_20_then_half_top_6,2000.0,3000.0
kata1-b6c96-s48921344-d7092247,66,3118.26687624394,3027.0023462040854,3209.5314062837942,3111.9717247863114,6.295151457628435,2,a5803f8a5d9d87202b43d709cb328cedaf18c446af448f705c33d553e8c2e9f7,5170ec511fb50cdf10d648416d508574d70e9781ddf156a1b2a86d2b385e94dc,100,1729,maximum_first_20_then_half_top_6,2000.0,3000.0
kata1-b6c96-s48921344-d7092247,68,3107.5039830955266,3017.639141517719,3197.368824673334,3111.9717247863114,-4.4677416907848055,2,a5803f8a5d9d87202b43d709cb328cedaf18c446af448f705c33d553e8c2e9f7,5170ec511fb50cdf10d648416d508574d70e9781ddf156a1b2a86d2b385e94dc,100,1729,maximum_first_20_then_half_top_6,2000.0,3000.0
kata1-b6c96-s48921344-d7092247,70,3097.331791648553,3008.7229164689197,3185.9406668281863,3111.9717247863114,-14.639933137758362,2,a5803f8a5d9d87202b43d709cb328cedaf18c446af448f705c33d553e8c2e9f7,5170ec511fb50cdf10d648416d508574d70e9781ddf156a1b2a86d2b385e94dc,100,1729,maximum_first_20_then_half_top_6,2000.0,3000.0
kata1-b6c96-s48921344-d7092247,72,3096.875593137805,3009.4383980662265,3184.3127882093836,3111.9717247863114,-15.096131648506343,2,a5803f8a5d9d87202b43d709cb328cedaf18c446af448f705c33d553e8c2e9f7,5170ec511fb50cdf10d648416d508574d70e9781ddf156a1b2a86d2b385e94dc,100,1729,maximum_first_20_then_half_top_6,2000.0,3000.0
kata1-b6c96-s48921344-d7092247,74,3106.069751659097,3019.7297254585146,3192.4097778596797,3111.9717247863114,-5.901973127214205,2,a5803f8a5d9d87202b43d709cb328cedaf18c446af448f705c33d553e8c2e9f7,5170ec511fb50cdf10d648416d508574d70e9781ddf156a1b2a86d2b385e94dc,100,1729,maximum_first_20_then_half_top_6,2000.0,3000.0
kata1-b6c96-s48921344-d7092247,76,3116.2074810204535,3030.866136894593,3201.548825146314,3111.9717247863114,4.235756234142173,2,a5803f8a5d9d87202b43d709cb328cedaf18c446af448f705c33d553e8c2e9f7,5170ec511fb50cdf10d648416d508574d70e9781ddf156a1b2a86d2b385e94dc,100,1729,maximum_first_20_then_half_top_6,2000.0,3000.0
kata1-b6c96-s48921344-d7092247,78,3116.312535051594,3032.0041817367314,3200.6208883664563,3111.9717247863114,4.340810265282471,2,a5803f8a5d9d87202b43d709cb328cedaf18c446af448f705c33d553e8c2e9f7,5170ec511fb50cdf10d648416d508574d70e9781ddf156a1b2a86d2b385e94dc,100,1729,maximum_first_20_then_half_top_6,2000.0,3000.0
kata1-b6c96-s48921344-d7092247,80,3108.139805293448,3024.8684676603793,3191.4111429265163,3111.9717247863114,-3.8319194928635625,2,a5803f8a5d9d87202b43d709cb328cedaf18c446af448f705c33d553e8c2e9f7,5170ec511fb50cdf10d648416d508574d70e9781ddf156a1b2a86d2b385e94dc,100,1729,maximum_first_20_then_half_top_6,2000.0,3000.0
kata1-b6c96-s48921344-d7092247,82,3108.5040177397123,3026.179092021439,3190.8289434579856,3111.9717247863114,-3.4677070465991164,2,a5803f8a5d9d87202b43d709cb328cedaf18c446af448f705c33d553e8c2e9f7,5170ec511fb50cdf10d648416d508574d70e9781ddf156a1b2a86d2b385e94dc,100,1729,maximum_first_20_then_half_top_6,2000.0,3000.0
kata1-b6c96-s48921344-d7092247,84,3103.1028647706185,3021.696869215122,3184.5088603261147,3111.9717247863114,-8.868860015692917,2,a5803f8a5d9d87202b43d709cb328cedaf18c446af448f705c33d553e8c2e9f7,5170ec511fb50cdf10d648416d508574d70e9781ddf156a1b2a86d2b385e94dc,100,1729,maximum_first_20_then_half_top_6,2000.0,3000.0
kata1-b6c96-s48921344-d7092247,86,3103.5159883212596,3022.983666570858,3184.048310071661,3111.9717247863114,-8.455736465051814,2,a5803f8a5d9d87202b43d709cb328cedaf18c446af448f705c33d553e8c2e9f7,5170ec511fb50cdf10d648416d508574d70e9781ddf156a1b2a86d2b385e94dc,100,1729,maximum_first_20_then_half_top_6,2000.0,3000.0
kata1-b6c96-s48921344-d7092247,88,3102.643176498436,3022.9481357759264,3182.3382172209454,3111.9717247863114,-9.328548287875492,2,a5803f8a5d9d87202b43d709cb328cedaf18c446af448f705c33d553e8c2e9f7,5170ec511fb50cdf10d648416d508574d70e9781ddf156a1b2a86d2b385e94dc,100,1729,maximum_first_20_then_half_top_6,2000.0,3000.0
kata1-b6c96-s48921344-d7092247,90,3110.0015540637387,3031.0857216340837,3188.9173864933937,3111.9717247863114,-1.970170722572675,2,a5803f8a5d9d87202b43d709cb328cedaf18c446af448f705c33d553e8c2e9f7,5170ec511fb50cdf10d648416d508574d70e9781ddf156a1b2a86d2b385e94dc,100,1729,maximum_first_20_then_half_top_6,2000.0,3000.0
kata1-b6c96-s48921344-d7092247,92,3111.0230055538705,3032.876696298936,3189.1693148088048,3111.9717247863114,-0.948719232440908,2,a5803f8a5d9d87202b43d709cb328cedaf18c446af448f705c33d553e8c2e9f7,5170ec511fb50cdf10d648416d508574d70e9781ddf156a1b2a86d2b385e94dc,100,1729,maximum_first_20_then_half_top_6,2000.0,3000.0
kata1-b6c96-s48921344-d7092247,94,3110.375839040085,3032.9856166583936,3187.766061421776,3111.9717247863114,-1.595885746226486,2,a5803f8a5d9d87202b43d709cb328cedaf18c446af448f705c33d553e8c2e9f7,5170ec511fb50cdf10d648416d508574d70e9781ddf156a1b2a86d2b385e94dc,100,1729,maximum_first_20_then_half_top_6,2000.0,3000.0
kata1-b6c96-s48921344-d7092247,96,3110.6362243023996,3033.9765502799464,3187.2958983248527,3111.9717247863114,-1.335500483911801,2,a5803f8a5d9d87202b43d709cb328cedaf18c446af448f705c33d553e8c2e9f7,5170ec511fb50cdf10d648416d508574d70e9781ddf156a1b2a86d2b385e94dc,100,1729,maximum_first_20_then_half_top_6,2000.0,3000.0
kata1-b6c96-s48921344-d7092247,98,3110.8372058226882,3034.8830986414832,3186.7913130038933,3111.9717247863114,-1.1345189636231225,2,a5803f8a5d9d87202b43d709cb328cedaf18c446af448f705c33d553e8c2e9f7,5170ec511fb50cdf10d648416d508574d70e9781ddf156a1b2a86d2b385e94dc,100,1729,maximum_first_20_then_half_top_6,2000.0,3000.0
kata1-b6c96-s48921344-d7092247,100,3118.3426267056293,3043.0220713384847,3193.663182072774,3111.9717247863114,6.37090191931793,2,a5803f8a5d9d87202b43d709cb328cedaf18c446af448f705c33d553e8c2e9f7,5170ec511fb50cdf10d648416d508574d70e9781ddf156a1b2a86d2b385e94dc,100,1729,maximum_first_20_then_half_top_6,2000.0,3000.0
kata1-b6c96-s69427456-d10051148,2,2847.8755116776097,414.6591358525893,5281.09188750263,3199.869225099218,-351.9937134216084,2,a5803f8a5d9d87202b43d709cb328cedaf18c446af448f705c33d553e8c2e9f7,5170ec511fb50cdf10d648416d508574d70e9781ddf156a1b2a86d2b385e94dc,100,1729,maximum_first_20_then_half_top_6,2000.0,3000.0
kata1-b6c96-s69427456-d10051148,4,3567.0982332506665,1696.8957679339085,5437.300698567425,3199.869225099218,367.2290081514484,2,a5803f8a5d9d87202b43d709cb328cedaf18c446af448f705c33d553e8c2e9f7,5170ec511fb50cdf10d648416d508574d70e9781ddf156a1b2a86d2b385e94dc,100,1729,maximum_first_20_then_half_top_6,2000.0,3000.0
kata1-b6c96-s69427456-d10051148,6,3192.98457971864,2653.30472681114,3732.66443262614,3199.869225099218,-6.884645380578149,2,a5803f8a5d9d87202b43d709cb328cedaf18c446af448f705c33d553e8c2e9f7,5170ec511fb50cdf10d648416d508574d70e9781ddf156a1b2a86d2b385e94dc,100,1729,maximum_first_20_then_half_top_6,2000.0,3000.0
kata1-b6c96-s69427456-d10051148,8,2995.6234710626754,2628.2772922654294,3362.9696498599214,3199.869225099218,-204.24575403654262,2,a5803f8a5d9d87202b43d709cb328cedaf18c446af448f705c33d553e8c2e9f7,5170ec511fb50cdf10d648416d508574d70e9781ddf156a1b2a86d2b385e94dc,100,1729,maximum_first_20_then_half_top_6,2000.0,3000.0
kata1-b6c96-s69427456-d10051148,10,3057.2883314034984,2764.7612507503786,3349.8154120566182,3199.869225099218,-142.58089369571962,2,a5803f8a5d9d87202b43d709cb328cedaf18c446af448f705c33d553e8c2e9f7,5170ec511fb50cdf10d648416d508574d70e9781ddf156a1b2a86d2b385e94dc,100,1729,maximum_first_20_then_half_top_6,2000.0,3000.0
kata1-b6c96-s69427456-d10051148,12,2966.0048985039675,2711.183401283208,3220.8263957247273,3199.869225099218,-233.86432659525053,2,a5803f8a5d9d87202b43d709cb328cedaf18c446af448f705c33d553e8c2e9f7,5170ec511fb50cdf10d648416d508574d70e9781ddf156a1b2a86d2b385e94dc,100,1729,maximum_first_20_then_half_top_6,2000.0,3000.0
kata1-b6c96-s69427456-d10051148,14,2962.5724615356703,2736.38571575389,3188.7592073174505,3199.869225099218,-237.29676356354776,2,a5803f8a5d9d87202b43d709cb328cedaf18c446af448f705c33d553e8c2e9f7,5170ec511fb50cdf10d648416d508574d70e9781ddf156a1b2a86d2b385e94dc,100,1729,maximum_first_20_then_half_top_6,2000.0,3000.0
kata1-b6c96-s69427456-d10051148,16,3021.9348654251285,2817.212627563366,3226.657103286891,3199.869225099218,-177.9343596740896,2,a5803f8a5d9d87202b43d709cb328cedaf18c446af448f705c33d553e8c2e9f7,5170ec511fb50cdf10d648416d508574d70e9781ddf156a1b2a86d2b385e94dc,100,1729,maximum_first_20_then_half_top_6,2000.0,3000.0
kata1-b6c96-s69427456-d10051148,18,3047.7964758283297,2857.9463579083463,3237.646593748313,3199.869225099218,-152.07274927088838,2,a5803f8a5d9d87202b43d709cb328cedaf18c446af448f705c33d553e8c2e9f7,5170ec511fb50cdf10d648416d508574d70e9781ddf156a1b2a86d2b385e94dc,100,1729,maximum_first_20_then_half_top_6,2000.0,3000.0
kata1-b6c96-s69427456-d10051148,20,3046.656569183479,2869.518582574349,3223.794555792609,3199.869225099218,-153.2126559157391,2,a5803f8a5d9d87202b43d709cb328cedaf18c446af448f705c33d553e8c2e9f7,5170ec511fb50cdf10d648416d508574d70e9781ddf156a1b2a86d2b385e94dc,100,1729,maximum_first_20_then_half_top_6,2000.0,3000.0
kata1-b6c96-s69427456-d10051148,22,3040.1980774048316,2873.4126354634554,3206.9835193462077,3199.869225099218,-159.6711476943865,2,a5803f8a5d9d87202b43d709cb328cedaf18c446af448f705c33d553e8c2e9f7,5170ec511fb50cdf10d648416d508574d70e9781ddf156a1b2a86d2b385e94dc,100,1729,maximum_first_20_then_half_top_6,2000.0,3000.0
kata1-b6c96-s69427456-d10051148,24,3081.408499115713,2921.370827149715,3241.446171081711,3199.869225099218,-118.4607259835052,2,a5803f8a5d9d87202b43d709cb328cedaf18c446af448f705c33d553e8c2e9f7,5170ec511fb50cdf10d648416d508574d70e9781ddf156a1b2a86d2b385e94dc,100,1729,maximum_first_20_then_half_top_6,2000.0,3000.0
kata1-b6c96-s69427456-d10051148,26,3114.6455390633478,2959.8753647433955,3269.4157133833,3199.869225099218,-85.22368603587029,2,a5803f8a5d9d87202b43d709cb328cedaf18c446af448f705c33d553e8c2e9f7,5170ec511fb50cdf10d648416d508574d70e9781ddf156a1b2a86d2b385e94dc,100,1729,maximum_first_20_then_half_top_6,2000.0,3000.0
kata1-b6c96-s69427456-d10051148,28,3146.3137292715487,2995.573298740301,3297.054159802796,3199.869225099218,-53.55549582766935,2,a5803f8a5d9d87202b43d709cb328cedaf18c446af448f705c33d553e8c2e9f7,5170ec511fb50cdf10d648416d508574d70e9781ddf156a1b2a86d2b385e94dc,100,1729,maximum_first_20_then_half_top_6,2000.0,3000.0
kata1-b6c96-s69427456-d10051148,30,3174.5774347765146,3027.141169173582,3322.013700379447,3199.869225099218,-25.29179032270349,2,a5803f8a5d9d87202b43d709cb328cedaf18c446af448f705c33d553e8c2e9f7,5170ec511fb50cdf10d648416d508574d70e9781ddf156a1b2a86d2b385e94dc,100,1729,maximum_first_20_then_half_top_6,2000.0,3000.0
kata1-b6c96-s69427456-d10051148,32,3199.5958384080573,3054.9578223096983,3344.2338545064163,3199.869225099218,-0.2733866911607947,2,a5803f8a5d9d87202b43d709cb328cedaf18c446af448f705c33d553e8c2e9f7,5170ec511fb50cdf10d648416d508574d70e9781ddf156a1b2a86d2b385e94dc,100,1729,maximum_first_20_then_half_top_6,2000.0,3000.0
kata1-b6c96-s69427456-d10051148,34,3201.7997779800544,3062.5343851428215,3341.0651708172873,3199.869225099218,1.9305528808363306,2,a5803f8a5d9d87202b43d709cb328cedaf18c446af448f705c33d553e8c2e9f7,5170ec511fb50cdf10d648416d508574d70e9781ddf156a1b2a86d2b385e94dc,100,1729,maximum_first_20_then_half_top_6,2000.0,3000.0
kata1-b6c96-s69427456-d10051148,36,3199.256841889547,3065.2641623592895,3333.2495214198048,3199.869225099218,-0.6123832096709521,2,a5803f8a5d9d87202b43d709cb328cedaf18c446af448f705c33d553e8c2e9f7,5170ec511fb50cdf10d648416d508574d70e9781ddf156a1b2a86d2b385e94dc,100,1729,maximum_first_20_then_half_top_6,2000.0,3000.0
kata1-b6c96-s69427456-d10051148,38,3198.558896288716,3069.106107091367,3328.011685486065,3199.869225099218,-1.310328810502142,2,a5803f8a5d9d87202b43d709cb328cedaf18c446af448f705c33d553e8c2e9f7,5170ec511fb50cdf10d648416d508574d70e9781ddf156a1b2a86d2b385e94dc,100,1729,maximum_first_20_then_half_top_6,2000.0,3000.0
kata1-b6c96-s69427456-d10051148,40,3200.3985577685685,3074.7884763337574,3326.0086392033795,3199.869225099218,0.5293326693504241,2,a5803f8a5d9d87202b43d709cb328cedaf18c446af448f705c33d553e8c2e9f7,5170ec511fb50cdf10d648416d508574d70e9781ddf156a1b2a86d2b385e94dc,100,1729,maximum_first_20_then_half_top_6,2000.0,3000.0
kata1-b6c96-s69427456-d10051148,42,3188.799193462654,3067.7142464934213,3309.8841404318864,3199.869225099218,-11.070031636564181,2,a5803f8a5d9d87202b43d709cb328cedaf18c446af448f705c33d553e8c2e9f7,5170ec511fb50cdf10d648416d508574d70e9781ddf156a1b2a86d2b385e94dc,100,1729,maximum_first_20_then_half_top_6,2000.0,3000.0
kata1-b6c96-s69427456-d10051148,44,3206.53526630381,3087.399790019818,3325.6707425878026,3199.869225099218,6.6660412045921476,2,a5803f8a5d9d87202b43d709cb328cedaf18c446af448f705c33d553e8c2e9f7,5170ec511fb50cdf10d648416d508574d70e9781ddf156a1b2a86d2b385e94dc,100,1729,maximum_first_20_then_half_top_6,2000.0,3000.0
kata1-b6c96-s69427456-d10051148,46,3224.7619686204544,3107.259312962371,3342.2646242785377,3199.869225099218,24.892743521236298,2,a5803f8a5d9d87202b43d709cb328cedaf18c446af448f705c33d553e8c2e9f7,5170ec511fb50cdf10d648416d508574d70e9781ddf156a1b2a86d2b385e94dc,100,1729,maximum_first_20_then_half_top_6,2000.0,3000.0
kata1-b6c96-s69427456-d10051148,48,3243.581880016049,3127.422374403069,3359.741385629029,3199.869225099218,43.71265491683107,2,a5803f8a5d9d87202b43d709cb328cedaf18c446af448f705c33d553e8c2e9f7,5170ec511fb50cdf10d648416d508574d70e9781ddf156a1b2a86d2b385e94dc,100,1729,maximum_first_20_then_half_top_6,2000.0,3000.0
kata1-b6c96-s69427456-d10051148,50,3226.035047089013,3114.137638705183,3337.9324554728432,3199.869225099218,26.16582198979495,2,a5803f8a5d9d87202b43d709cb328cedaf18c446af448f705c33d553e8c2e9f7,5170ec511fb50cdf10d648416d508574d70e9781ddf156a1b2a86d2b385e94dc,100,1729,maximum_first_20_then_half_top_6,2000.0,3000.0
kata1-b6c96-s69427456-d10051148,52,3227.128510456269,3117.6939563250407,3336.563064587497,3199.869225099218,27.259285357050885,2,a5803f8a5d9d87202b43d709cb328cedaf18c446af448f705c33d553e8c2e9f7,5170ec511fb50cdf10d648416d508574d70e9781ddf156a1b2a86d2b385e94dc,100,1729,maximum_first_20_then_half_top_6,2000.0,3000.0
kata1-b6c96-s69427456-d10051148,54,3243.3031838158395,3135.1332585330124,3351.4731090986666,3199.869225099218,43.43395871662142,2,a5803f8a5d9d87202b43d709cb328cedaf18c446af448f705c33d553e8c2e9f7,5170ec511fb50cdf10d648416d508574d70e9781ddf156a1b2a86d2b385e94dc,100,1729,maximum_first_20_then_half_top_6,2000.0,3000.0
kata1-b6c96-s69427456-d10051148,56,3244.035384246307,3138.0961221977923,3349.9746462948215,3199.869225099218,44.16615914708882,2,a5803f8a5d9d87202b43d709cb328cedaf18c446af448f705c33d553e8c2e9f7,5170ec511fb50cdf10d648416d508574d70e9781ddf156a1b2a86d2b385e94dc,100,1729,maximum_first_20_then_half_top_6,2000.0,3000.0
kata1-b6c96-s69427456-d10051148,58,3228.552196664846,3125.6614255988316,3331.442967730861,3199.869225099218,28.682971565628122,2,a5803f8a5d9d87202b43d709cb328cedaf18c446af448f705c33d553e8c2e9f7,5170ec511fb50cdf10d648416d508574d70e9781ddf156a1b2a86d2b385e94dc,100,1729,maximum_first_20_then_half_top_6,2000.0,3000.0
kata1-b6c96-s69427456-d10051148,60,3228.5138490571762,3127.564333515257,3329.4633645990953,3199.869225099218,28.644623957958174,2,a5803f8a5d9d87202b43d709cb328cedaf18c446af448f705c33d553e8c2e9f7,5170ec511fb50cdf10d648416d508574d70e9781ddf156a1b2a86d2b385e94dc,100,1729,maximum_first_20_then_half_top_6,2000.0,3000.0
kata1-b6c96-s69427456-d10051148,62,3215.077132063961,3116.5468079502843,3313.6074561776377,3199.869225099218,15.20790696474296,2,a5803f8a5d9d87202b43d709cb328cedaf18c446af448f705c33d553e8c2e9f7,5170ec511fb50cdf10d648416d508574d70e9781ddf156a1b2a86d2b385e94dc,100,1729,maximum_first_20_then_half_top_6,2000.0,3000.0
kata1-b6c96-s69427456-d10051148,64,3215.548730019339,3118.675248819768,3312.42221121891,3199.869225099218,15.679504920120962,2,a5803f8a5d9d87202b43d709cb328cedaf18c446af448f705c33d553e8c2e9f7,5170ec511fb50cdf10d648416d508574d70e9781ddf156a1b2a86d2b385e94dc,100,1729,maximum_first_20_then_half_top_6,2000.0,3000.0
kata1-b6c96-s69427456-d10051148,66,3226.7915495612733,3131.0407469305273,3322.5423521920193,3199.869225099218,26.922324462055258,2,a5803f8a5d9d87202b43d709cb328cedaf18c446af448f705c33d553e8c2e9f7,5170ec511fb50cdf10d648416d508574d70e9781ddf156a1b2a86d2b385e94dc,100,1729,maximum_first_20_then_half_top_6,2000.0,3000.0
kata1-b6c96-s69427456-d10051148,68,3238.9363159101345,3144.1639605413798,3333.708671278889,3199.869225099218,39.0670908109164,2,a5803f8a5d9d87202b43d709cb328cedaf18c446af448f705c33d553e8c2e9f7,5170ec511fb50cdf10d648416d508574d70e9781ddf156a1b2a86d2b385e94dc,100,1729,maximum_first_20_then_half_top_6,2000.0,3000.0
kata1-b6c96-s69427456-d10051148,70,3226.842718987333,3134.05628004401,3319.6291579306558,3199.869225099218,26.973493888114717,2,a5803f8a5d9d87202b43d709cb328cedaf18c446af448f705c33d553e8c2e9f7,5170ec511fb50cdf10d648416d508574d70e9781ddf156a1b2a86d2b385e94dc,100,1729,maximum_first_20_then_half_top_6,2000.0,3000.0
kata1-b6c96-s69427456-d10051148,72,3227.5442650308487,3136.1039830918494,3318.984546969848,3199.869225099218,27.675039931630636,2,a5803f8a5d9d87202b43d709cb328cedaf18c446af448f705c33d553e8c2e9f7,5170ec511fb50cdf10d648416d508574d70e9781ddf156a1b2a86d2b385e94dc,100,1729,maximum_first_20_then_half_top_6,2000.0,3000.0
kata1-b6c96-s69427456-d10051148,74,3228.212916568619,3138.055456611677,3318.3703765255614,3199.869225099218,28.343691469401165,2,a5803f8a5d9d87202b43d709cb328cedaf18c446af448f705c33d553e8c2e9f7,5170ec511fb50cdf10d648416d508574d70e9781ddf156a1b2a86d2b385e94dc,100,1729,maximum_first_20_then_half_top_6,2000.0,3000.0
kata1-b6c96-s69427456-d10051148,76,3217.66301728091,3129.0726004856815,3306.2534340761385,3199.869225099218,17.79379218169197,2,a5803f8a5d9d87202b43d709cb328cedaf18c446af448f705c33d553e8c2e9f7,5170ec511fb50cdf10d648416d508574d70e9781ddf156a1b2a86d2b385e94dc,100,1729,maximum_first_20_then_half_top_6,2000.0,3000.0
kata1-b6c96-s69427456-d10051148,78,3217.933511357571,3130.5054035575313,3305.361619157611,3199.869225099218,18.06428625835315,2,a5803f8a5d9d87202b43d709cb328cedaf18c446af448f705c33d553e8c2e9f7,5170ec511fb50cdf10d648416d508574d70e9781ddf156a1b2a86d2b385e94dc,100,1729,maximum_first_20_then_half_top_6,2000.0,3000.0
kata1-b6c96-s69427456-d10051148,80,3217.1053422390737,3130.8138989662084,3303.396785511939,3199.869225099218,17.23611713985565,2,a5803f8a5d9d87202b43d709cb328cedaf18c446af448f705c33d553e8c2e9f7,5170ec511fb50cdf10d648416d508574d70e9781ddf156a1b2a86d2b385e94dc,100,1729,maximum_first_20_then_half_top_6,2000.0,3000.0
kata1-b6c96-s69427456-d10051148,82,3222.8223318453975,3137.4513023094923,3308.1933613813026,3199.869225099218,22.9531067461794,2,a5803f8a5d9d87202b43d709cb328cedaf18c446af448f705c33d553e8c2e9f7,5170ec511fb50cdf10d648416d508574d70e9781ddf156a1b2a86d2b385e94dc,100,1729,maximum_first_20_then_half_top_6,2000.0,3000.0
kata1-b6c96-s69427456-d10051148,84,3214.393285390905,3130.243693638844,3298.542877142966,3199.869225099218,14.524060291686965,2,a5803f8a5d9d87202b43d709cb328cedaf18c446af448f705c33d553e8c2e9f7,5170ec511fb50cdf10d648416d508574d70e9781ddf156a1b2a86d2b385e94dc,100,1729,maximum_first_20_then_half_top_6,2000.0,3000.0
kata1-b6c96-s69427456-d10051148,86,3223.857721832481,3140.475085151573,3307.240358513389,3199.869225099218,23.988496733262764,2,a5803f8a5d9d87202b43d709cb328cedaf18c446af448f705c33d553e8c2e9f7,5170ec511fb50cdf10d648416d508574d70e9781ddf156a1b2a86d2b385e94dc,100,1729,maximum_first_20_then_half_top_6,2000.0,3000.0
kata1-b6c96-s69427456-d10051148,88,3215.0294054504984,3132.782985024784,3297.275825876213,3199.869225099218,15.16018035128036,2,a5803f8a5d9d87202b43d709cb328cedaf18c446af448f705c33d553e8c2e9f7,5170ec511fb50cdf10d648416d508574d70e9781ddf156a1b2a86d2b385e94dc,100,1729,maximum_first_20_then_half_top_6,2000.0,3000.0
kata1-b6c96-s69427456-d10051148,90,3206.7165542866514,3125.5078779419296,3287.9252306313733,3199.869225099218,6.847329187433388,2,a5803f8a5d9d87202b43d709cb328cedaf18c446af448f705c33d553e8c2e9f7,5170ec511fb50cdf10d648416d508574d70e9781ddf156a1b2a86d2b385e94dc,100,1729,maximum_first_20_then_half_top_6,2000.0,3000.0
kata1-b6c96-s69427456-d10051148,92,3198.8025965648512,3118.5438425966477,3279.061350533055,3199.869225099218,-1.0666285343668278,2,a5803f8a5d9d87202b43d709cb328cedaf18c446af448f705c33d553e8c2e9f7,5170ec511fb50cdf10d648416d508574d70e9781ddf156a1b2a86d2b385e94dc,100,1729,maximum_first_20_then_half_top_6,2000.0,3000.0
kata1-b6c96-s69427456-d10051148,94,3189.4583653192044,3110.095078153085,3268.8216524853237,3199.869225099218,-10.410859780013652,2,a5803f8a5d9d87202b43d709cb328cedaf18c446af448f705c33d553e8c2e9f7,5170ec511fb50cdf10d648416d508574d70e9781ddf156a1b2a86d2b385e94dc,100,1729,maximum_first_20_then_half_top_6,2000.0,3000.0
kata1-b6c96-s69427456-d10051148,96,3181.243836187408,3102.712653962766,3259.7750184120496,3199.869225099218,-18.625388911810205,2,a5803f8a5d9d87202b43d709cb328cedaf18c446af448f705c33d553e8c2e9f7,5170ec511fb50cdf10d648416d508574d70e9781ddf156a1b2a86d2b385e94dc,100,1729,maximum_first_20_then_half_top_6,2000.0,3000.0
kata1-b6c96-s69427456-d10051148,98,3180.931007002622,3103.1742554495318,3258.6877585557127,3199.869225099218,-18.938218096595847,2,a5803f8a5d9d87202b43d709cb328cedaf18c446af448f705c33d553e8c2e9f7,5170ec511fb50cdf10d648416d508574d70e9781ddf156a1b2a86d2b385e94dc,100,1729,maximum_first_20_then_half_top_6,2000.0,3000.0
kata1-b6c96-s69427456-d10051148,100,3180.6324479221385,3103.622088122639,3257.642807721638,3199.869225099218,-19.236777177079603,2,a5803f8a5d9d87202b43d709cb328cedaf18c446af448f705c33d553e8c2e9f7,5170ec511fb50cdf10d648416d508574d70e9781ddf156a1b2a86d2b385e94dc,100,1729,maximum_first_20_then_half_top_6,2000.0,3000.0
kata1-b6c96-s152505856-d23152636,2,2847.818875061247,414.5335661908139,5281.10418393168,3315.4166544956793,-467.59777943443214,2,a5803f8a5d9d87202b43d709cb328cedaf18c446af448f705c33d553e8c2e9f7,5170ec511fb50cdf10d648416d508574d70e9781ddf156a1b2a86d2b385e94dc,100,1729,maximum_first_20_then_half_top_6,2000.0,3000.0
kata1-b6c96-s152505856-d23152636,4,3566.134856250239,1695.4242980354213,5436.845414465057,3315.4166544956793,250.7182017545597,2,a5803f8a5d9d87202b43d709cb328cedaf18c446af448f705c33d553e8c2e9f7,5170ec511fb50cdf10d648416d508574d70e9781ddf156a1b2a86d2b385e94dc,100,1729,maximum_first_20_then_half_top_6,2000.0,3000.0
kata1-b6c96-s152505856-d23152636,6,3193.2736181758996,2651.882168474413,3734.6650678773863,3315.4166544956793,-122.14303631977964,2,a5803f8a5d9d87202b43d709cb328cedaf18c446af448f705c33d553e8c2e9f7,5170ec511fb50cdf10d648416d508574d70e9781ddf156a1b2a86d2b385e94dc,100,1729,maximum_first_20_then_half_top_6,2000.0,3000.0
kata1-b6c96-s152505856-d23152636,8,3288.8399967358464,2923.7622660640413,3653.9177274076515,3315.4166544956793,-26.57665775983287,2,a5803f8a5d9d87202b43d709cb328cedaf18c446af448f705c33d553e8c2e9f7,5170ec511fb50cdf10d648416d508574d70e9781ddf156a1b2a86d2b385e94dc,100,1729,maximum_first_20_then_half_top_6,2000.0,3000.0
kata1-b6c96-s152505856-d23152636,10,3289.955727924556,2998.110128496714,3581.801327352398,3315.4166544956793,-25.46092657112331,2,a5803f8a5d9d87202b43d709cb328cedaf18c446af448f705c33d553e8c2e9f7,5170ec511fb50cdf10d648416d508574d70e9781ddf156a1b2a86d2b385e94dc,100,1729,maximum_first_20_then_half_top_6,2000.0,3000.0
kata1-b6c96-s152505856-d23152636,12,3292.1798255940607,3041.749592341848,3542.6100588462737,3315.4166544956793,-23.236828901618537,2,a5803f8a5d9d87202b43d709cb328cedaf18c446af448f705c33d553e8c2e9f7,5170ec511fb50cdf10d648416d508574d70e9781ddf156a1b2a86d2b385e94dc,100,1729,maximum_first_20_then_half_top_6,2000.0,3000.0
kata1-b6c96-s152505856-d23152636,14,3369.183314066882,3141.99125879431,3596.3753693394538,3315.4166544956793,53.76665957120258,2,a5803f8a5d9d87202b43d709cb328cedaf18c446af448f705c33d553e8c2e9f7,5170ec511fb50cdf10d648416d508574d70e9781ddf156a1b2a86d2b385e94dc,100,1729,maximum_first_20_then_half_top_6,2000.0,3000.0
kata1-b6c96-s152505856-d23152636,16,3437.737180200242,3223.965163810695,3651.5091965897896,3315.4166544956793,122.3205257045629,2,a5803f8a5d9d87202b43d709cb328cedaf18c446af448f705c33d553e8c2e9f7,5170ec511fb50cdf10d648416d508574d70e9781ddf156a1b2a86d2b385e94dc,100,1729,maximum_first_20_then_half_top_6,2000.0,3000.0
kata1-b6c96-s152505856-d23152636,18,3382.9655165722857,3191.569591293189,3574.361441851382,3315.4166544956793,67.54886207660638,2,a5803f8a5d9d87202b43d709cb328cedaf18c446af448f705c33d553e8c2e9f7,5170ec511fb50cdf10d648416d508574d70e9781ddf156a1b2a86d2b385e94dc,100,1729,maximum_first_20_then_half_top_6,2000.0,3000.0
kata1-b6c96-s152505856-d23152636,20,3384.0062913462066,3205.47695043814,3562.535632254273,3315.4166544956793,68.58963685052731,2,a5803f8a5d9d87202b43d709cb328cedaf18c446af448f705c33d553e8c2e9f7,5170ec511fb50cdf10d648416d508574d70e9781ddf156a1b2a86d2b385e94dc,100,1729,maximum_first_20_then_half_top_6,2000.0,3000.0
kata1-b6c96-s152505856-d23152636,22,3384.801113441475,3216.7770431536737,3552.8251837292764,3315.4166544956793,69.38445894579581,2,a5803f8a5d9d87202b43d709cb328cedaf18c446af448f705c33d553e8c2e9f7,5170ec511fb50cdf10d648416d508574d70e9781ddf156a1b2a86d2b385e94dc,100,1729,maximum_first_20_then_half_top_6,2000.0,3000.0
kata1-b6c96-s152505856-d23152636,24,3372.03149457017,3212.865380725555,3531.1976084147846,3315.4166544956793,56.61484007449053,2,a5803f8a5d9d87202b43d709cb328cedaf18c446af448f705c33d553e8c2e9f7,5170ec511fb50cdf10d648416d508574d70e9781ddf156a1b2a86d2b385e94dc,100,1729,maximum_first_20_then_half_top_6,2000.0,3000.0
kata1-b6c96-s152505856-d23152636,26,3340.6517064879013,3188.7133745452966,3492.590038430506,3315.4166544956793,25.235051992221997,2,a5803f8a5d9d87202b43d709cb328cedaf18c446af448f705c33d553e8c2e9f7,5170ec511fb50cdf10d648416d508574d70e9781ddf156a1b2a86d2b385e94dc,100,1729,maximum_first_20_then_half_top_6,2000.0,3000.0
kata1-b6c96-s152505856-d23152636,28,3339.9834119723464,3194.5846990892824,3485.3821248554104,3315.4166544956793,24.566757476667135,2,a5803f8a5d9d87202b43d709cb328cedaf18c446af448f705c33d553e8c2e9f7,5170ec511fb50cdf10d648416d508574d70e9781ddf156a1b2a86d2b385e94dc,100,1729,maximum_first_20_then_half_top_6,2000.0,3000.0
kata1-b6c96-s152505856-d23152636,30,3311.3072228055594,3170.7923164105555,3451.8221292005633,3315.4166544956793,-4.109431690119891,2,a5803f8a5d9d87202b43d709cb328cedaf18c446af448f705c33d553e8c2e9f7,5170ec511fb50cdf10d648416d508574d70e9781ddf156a1b2a86d2b385e94dc,100,1729,maximum_first_20_then_half_top_6,2000.0,3000.0
kata1-b6c96-s152505856-d23152636,32,3298.339314711862,3162.43807823117,3434.2405511925535,3315.4166544956793,-17.07733978381748,2,a5803f8a5d9d87202b43d709cb328cedaf18c446af448f705c33d553e8c2e9f7,5170ec511fb50cdf10d648416d508574d70e9781ddf156a1b2a86d2b385e94dc,100,1729,maximum_first_20_then_half_top_6,2000.0,3000.0
kata1-b6c96-s152505856-d23152636,34,3323.167603138878,3192.7663555709332,3453.5688507068226,3315.4166544956793,7.750948643198626,2,a5803f8a5d9d87202b43d709cb328cedaf18c446af448f705c33d553e8c2e9f7,5170ec511fb50cdf10d648416d508574d70e9781ddf156a1b2a86d2b385e94dc,100,1729,maximum_first_20_then_half_top_6,2000.0,3000.0
kata1-b6c96-s152505856-d23152636,36,3345.167403343295,3219.117699089316,3471.217107597274,3315.4166544956793,29.750748847615796,2,a5803f8a5d9d87202b43d709cb328cedaf18c446af448f705c33d553e8c2e9f7,5170ec511fb50cdf10d648416d508574d70e9781ddf156a1b2a86d2b385e94dc,100,1729,maximum_first_20_then_half_top_6,2000.0,3000.0
kata1-b6c96-s152505856-d23152636,38,3365.6281960779065,3243.114812074964,3488.141580080849,3315.4166544956793,50.211541582227255,2,a5803f8a5d9d87202b43d709cb328cedaf18c446af448f705c33d553e8c2e9f7,5170ec511fb50cdf10d648416d508574d70e9781ddf156a1b2a86d2b385e94dc,100,1729,maximum_first_20_then_half_top_6,2000.0,3000.0
kata1-b6c96-s152505856-d23152636,40,3367.082794889804,3247.8928505325634,3486.2727392470447,3315.4166544956793,51.666140394124795,2,a5803f8a5d9d87202b43d709cb328cedaf18c446af448f705c33d553e8c2e9f7,5170ec511fb50cdf10d648416d508574d70e9781ddf156a1b2a86d2b385e94dc,100,1729,maximum_first_20_then_half_top_6,2000.0,3000.0
kata1-b6c96-s152505856-d23152636,42,3387.3277210999513,3270.8031379996783,3503.8523042002244,3315.4166544956793,71.91106660427204,2,a5803f8a5d9d87202b43d709cb328cedaf18c446af448f705c33d553e8c2e9f7,5170ec511fb50cdf10d648416d508574d70e9781ddf156a1b2a86d2b385e94dc,100,1729,maximum_first_20_then_half_top_6,2000.0,3000.0
kata1-b6c96-s152505856-d23152636,44,3387.505523917028,3273.8343609953886,3501.176686838667,3315.4166544956793,72.08886942134859,2,a5803f8a5d9d87202b43d709cb328cedaf18c446af448f705c33d553e8c2e9f7,5170ec511fb50cdf10d648416d508574d70e9781ddf156a1b2a86d2b385e94dc,100,1729,maximum_first_20_then_half_top_6,2000.0,3000.0
kata1-b6c96-s152505856-d23152636,46,3384.838307281585,3273.829572320817,3495.847042242353,3315.4166544956793,69.42165278590574,2,a5803f8a5d9d87202b43d709cb328cedaf18c446af448f705c33d553e8c2e9f7,5170ec511fb50cdf10d648416d508574d70e9781ddf156a1b2a86d2b385e94dc,100,1729,maximum_first_20_then_half_top_6,2000.0,3000.0
kata1-b6c96-s152505856-d23152636,48,3385.1152947988485,3276.5440962966472,3493.6864933010497,3315.4166544956793,69.69864030316921,2,a5803f8a5d9d87202b43d709cb328cedaf18c446af448f705c33d553e8c2e9f7,5170ec511fb50cdf10d648416d508574d70e9781ddf156a1b2a86d2b385e94dc,100,1729,maximum_first_20_then_half_top_6,2000.0,3000.0
kata1-b6c96-s152505856-d23152636,50,3369.8213642263895,3263.7484542536263,3475.8942741991527,3315.4166544956793,54.40470973071024,2,a5803f8a5d9d87202b43d709cb328cedaf18c446af448f705c33d553e8c2e9f7,5170ec511fb50cdf10d648416d508574d70e9781ddf156a1b2a86d2b385e94dc,100,1729,maximum_first_20_then_half_top_6,2000.0,3000.0
kata1-b6c96-s152505856-d23152636,52,3366.787333035092,3262.7954953493268,3470.7791707208576,3315.4166544956793,51.37067853941289,2,a5803f8a5d9d87202b43d709cb328cedaf18c446af448f705c33d553e8c2e9f7,5170ec511fb50cdf10d648416d508574d70e9781ddf156a1b2a86d2b385e94dc,100,1729,maximum_first_20_then_half_top_6,2000.0,3000.0
kata1-b6c96-s152505856-d23152636,54,3351.1063287406178,3249.1540941308126,3453.058563350423,3315.4166544956793,35.68967424493849,2,a5803f8a5d9d87202b43d709cb328cedaf18c446af448f705c33d553e8c2e9f7,5170ec511fb50cdf10d648416d508574d70e9781ddf156a1b2a86d2b385e94dc,100,1729,maximum_first_20_then_half_top_6,2000.0,3000.0
kata1-b6c96-s152505856-d23152636,56,3364.135222848957,3263.9915155651365,3464.278930132777,3315.4166544956793,48.71856835327753,2,a5803f8a5d9d87202b43d709cb328cedaf18c446af448f705c33d553e8c2e9f7,5170ec511fb50cdf10d648416d508574d70e9781ddf156a1b2a86d2b385e94dc,100,1729,maximum_first_20_then_half_top_6,2000.0,3000.0
kata1-b6c96-s152505856-d23152636,58,3375.1727107794686,3276.6017017037916,3473.7437198551456,3315.4166544956793,59.75605628378935,2,a5803f8a5d9d87202b43d709cb328cedaf18c446af448f705c33d553e8c2e9f7,5170ec511fb50cdf10d648416d508574d70e9781ddf156a1b2a86d2b385e94dc,100,1729,maximum_first_20_then_half_top_6,2000.0,3000.0
kata1-b6c96-s152505856-d23152636,60,3373.6386529372753,3276.7345119278725,3470.542793946678,3315.4166544956793,58.22199844159604,2,a5803f8a5d9d87202b43d709cb328cedaf18c446af448f705c33d553e8c2e9f7,5170ec511fb50cdf10d648416d508574d70e9781ddf156a1b2a86d2b385e94dc,100,1729,maximum_first_20_then_half_top_6,2000.0,3000.0
kata1-b6c96-s152505856-d23152636,62,3361.9779749325457,3266.7574029718503,3457.198546893241,3315.4166544956793,46.56132043686648,2,a5803f8a5d9d87202b43d709cb328cedaf18c446af448f705c33d553e8c2e9f7,5170ec511fb50cdf10d648416d508574d70e9781ddf156a1b2a86d2b385e94dc,100,1729,maximum_first_20_then_half_top_6,2000.0,3000.0
kata1-b6c96-s152505856-d23152636,64,3355.0660422677547,3261.3538644239575,3448.778220111552,3315.4166544956793,39.64938777207544,2,a5803f8a5d9d87202b43d709cb328cedaf18c446af448f705c33d553e8c2e9f7,5170ec511fb50cdf10d648416d508574d70e9781ddf156a1b2a86d2b385e94dc,100,1729,maximum_first_20_then_half_top_6,2000.0,3000.0
kata1-b6c96-s152505856-d23152636,66,3350.5265551532243,3258.197638769978,3442.8554715364708,3315.4166544956793,35.10990065754504,2,a5803f8a5d9d87202b43d709cb328cedaf18c446af448f705c33d553e8c2e9f7,5170ec511fb50cdf10d648416d508574d70e9781ddf156a1b2a86d2b385e94dc,100,1729,maximum_first_20_then_half_top_6,2000.0,3000.0
kata1-b6c96-s152505856-d23152636,68,3349.9763507124208,3258.978033149541,3440.9746682753007,3315.4166544956793,34.559696216741486,2,a5803f8a5d9d87202b43d709cb328cedaf18c446af448f705c33d553e8c2e9f7,5170ec511fb50cdf10d648416d508574d70e9781ddf156a1b2a86d2b385e94dc,100,1729,maximum_first_20_then_half_top_6,2000.0,3000.0
kata1-b6c96-s152505856-d23152636,70,3349.4609484825496,3259.7275955613113,3439.194301403788,3315.4166544956793,34.04429398687034,2,a5803f8a5d9d87202b43d709cb328cedaf18c446af448f705c33d553e8c2e9f7,5170ec511fb50cdf10d648416d508574d70e9781ddf156a1b2a86d2b385e94dc,100,1729,maximum_first_20_then_half_top_6,2000.0,3000.0
kata1-b6c96-s152505856-d23152636,72,3348.3866232200453,3259.8662180208576,3436.907028419233,3315.4166544956793,32.969968724366026,2,a5803f8a5d9d87202b43d709cb328cedaf18c446af448f705c33d553e8c2e9f7,5170ec511fb50cdf10d648416d508574d70e9781ddf156a1b2a86d2b385e94dc,100,1729,maximum_first_20_then_half_top_6,2000.0,3000.0
kata1-b6c96-s152505856-d23152636,74,3347.9476200353056,3260.577521288352,3435.3177187822594,3315.4166544956793,32.53096553962632,2,a5803f8a5d9d87202b43d709cb328cedaf18c446af448f705c33d553e8c2e9f7,5170ec511fb50cdf10d648416d508574d70e9781ddf156a1b2a86d2b385e94dc,100,1729,maximum_first_20_then_half_top_6,2000.0,3000.0
kata1-b6c96-s152505856-d23152636,76,3346.5440440291027,3260.2696786734036,3432.8184093848017,3315.4166544956793,31.12738953342341,2,a5803f8a5d9d87202b43d709cb328cedaf18c446af448f705c33d553e8c2e9f7,5170ec511fb50cdf10d648416d508574d70e9781ddf156a1b2a86d2b385e94dc,100,1729,maximum_first_20_then_half_top_6,2000.0,3000.0
kata1-b6c96-s152505856-d23152636,78,3335.7582174524887,3250.513666386381,3421.0027685185964,3315.4166544956793,20.341562956809412,2,a5803f8a5d9d87202b43d709cb328cedaf18c446af448f705c33d553e8c2e9f7,5170ec511fb50cdf10d648416d508574d70e9781ddf156a1b2a86d2b385e94dc,100,1729,maximum_first_20_then_half_top_6,2000.0,3000.0
kata1-b6c96-s152505856-d23152636,80,3335.165450245288,3250.940349656442,3419.390550834134,3315.4166544956793,19.74879574960869,2,a5803f8a5d9d87202b43d709cb328cedaf18c446af448f705c33d553e8c2e9f7,5170ec511fb50cdf10d648416d508574d70e9781ddf156a1b2a86d2b385e94dc,100,1729,maximum_first_20_then_half_top_6,2000.0,3000.0
kata1-b6c96-s152505856-d23152636,82,3334.401023272695,3251.151460456265,3417.650586089125,3315.4166544956793,18.98436877701579,2,a5803f8a5d9d87202b43d709cb328cedaf18c446af448f705c33d553e8c2e9f7,5170ec511fb50cdf10d648416d508574d70e9781ddf156a1b2a86d2b385e94dc,100,1729,maximum_first_20_then_half_top_6,2000.0,3000.0
kata1-b6c96-s152505856-d23152636,84,3333.8734915817017,3251.5625068501754,3416.184476313228,3315.4166544956793,18.45683708602246,2,a5803f8a5d9d87202b43d709cb328cedaf18c446af448f705c33d553e8c2e9f7,5170ec511fb50cdf10d648416d508574d70e9781ddf156a1b2a86d2b385e94dc,100,1729,maximum_first_20_then_half_top_6,2000.0,3000.0
kata1-b6c96-s152505856-d23152636,86,3325.224306858118,3243.746327729372,3406.702285986864,3315.4166544956793,9.807652362438603,2,a5803f8a5d9d87202b43d709cb328cedaf18c446af448f705c33d553e8c2e9f7,5170ec511fb50cdf10d648416d508574d70e9781ddf156a1b2a86d2b385e94dc,100,1729,maximum_first_20_then_half_top_6,2000.0,3000.0
kata1-b6c96-s152505856-d23152636,88,3333.2450591112597,3252.6948354370284,3413.795282785491,3315.4166544956793,17.82840461558044,2,a5803f8a5d9d87202b43d709cb328cedaf18c446af448f705c33d553e8c2e9f7,5170ec511fb50cdf10d648416d508574d70e9781ddf156a1b2a86d2b385e94dc,100,1729,maximum_first_20_then_half_top_6,2000.0,3000.0
kata1-b6c96-s152505856-d23152636,90,3325.031078501558,3245.2544195364217,3404.8077374666946,3315.4166544956793,9.614424005878845,2,a5803f8a5d9d87202b43d709cb328cedaf18c446af448f705c33d553e8c2e9f7,5170ec511fb50cdf10d648416d508574d70e9781ddf156a1b2a86d2b385e94dc,100,1729,maximum_first_20_then_half_top_6,2000.0,3000.0
kata1-b6c96-s152505856-d23152636,92,3332.8580316081498,3253.941113213501,3411.7749500027985,3315.4166544956793,17.44137711247049,2,a5803f8a5d9d87202b43d709cb328cedaf18c446af448f705c33d553e8c2e9f7,5170ec511fb50cdf10d648416d508574d70e9781ddf156a1b2a86d2b385e94dc,100,1729,maximum_first_20_then_half_top_6,2000.0,3000.0
kata1-b6c96-s152505856-d23152636,94,3332.878372540033,3254.7301725905995,3411.0265724894666,3315.4166544956793,17.461718044353802,2,a5803f8a5d9d87202b43d709cb328cedaf18c446af448f705c33d553e8c2e9f7,5170ec511fb50cdf10d648416d508574d70e9781ddf156a1b2a86d2b385e94dc,100,1729,maximum_first_20_then_half_top_6,2000.0,3000.0
kata1-b6c96-s152505856-d23152636,96,3332.113847686241,3254.7108168590917,3409.5168785133906,3315.4166544956793,16.697193190561848,2,a5803f8a5d9d87202b43d709cb328cedaf18c446af448f705c33d553e8c2e9f7,5170ec511fb50cdf10d648416d508574d70e9781ddf156a1b2a86d2b385e94dc,100,1729,maximum_first_20_then_half_top_6,2000.0,3000.0
kata1-b6c96-s152505856-d23152636,98,3331.710629852972,3255.0321024161194,3408.3891572898247,3315.4166544956793,16.293975357292766,2,a5803f8a5d9d87202b43d709cb328cedaf18c446af448f705c33d553e8c2e9f7,5170ec511fb50cdf10d648416d508574d70e9781ddf156a1b2a86d2b385e94dc,100,1729,maximum_first_20_then_half_top_6,2000.0,3000.0
kata1-b6c96-s152505856-d23152636,100,3337.9902508905593,3262.0137045224706,3413.966797258648,3315.4166544956793,22.57359639488004,2,a5803f8a5d9d87202b43d709cb328cedaf18c446af448f705c33d553e8c2e9f7,5170ec511fb50cdf10d648416d508574d70e9781ddf156a1b2a86d2b385e94dc,100,1729,maximum_first_20_then_half_top_6,2000.0,3000.0
kata1-b10c128-s56992512-d31122236,2,2847.802529185296,414.49470260224916,5281.110355768343,3439.420101936604,-591.6175727513082,2,a5803f8a5d9d87202b43d709cb328cedaf18c446af448f705c33d553e8c2e9f7,5170ec511fb50cdf10d648416d508574d70e9781ddf156a1b2a86d2b385e94dc,100,1729,maximum_first_20_then_half_top_6,2000.0,3000.0
kata1-b10c128-s56992512-d31122236,4,3566.5170669394233,1696.005667857647,5437.0284660212,3439.420101936604,127.09696500281916,2,a5803f8a5d9d87202b43d709cb328cedaf18c446af448f705c33d553e8c2e9f7,5170ec511fb50cdf10d648416d508574d70e9781ddf156a1b2a86d2b385e94dc,100,1729,maximum_first_20_then_half_top_6,2000.0,3000.0
kata1-b10c128-s56992512-d31122236,6,3565.4801663927906,3097.644449995634,4033.315882789947,3439.420101936604,126.06006445618641,2,a5803f8a5d9d87202b43d709cb328cedaf18c446af448f705c33d553e8c2e9f7,5170ec511fb50cdf10d648416d508574d70e9781ddf156a1b2a86d2b385e94dc,100,1729,maximum_first_20_then_half_top_6,2000.0,3000.0
kata1-b10c128-s56992512-d31122236,8,3382.6850107769305,3014.6429798127238,3750.7270417411373,3439.420101936604,-56.73509115967363,2,a5803f8a5d9d87202b43d709cb328cedaf18c446af448f705c33d553e8c2e9f7,5170ec511fb50cdf10d648416d508574d70e9781ddf156a1b2a86d2b385e94dc,100,1729,maximum_first_20_then_half_top_6,2000.0,3000.0
kata1-b10c128-s56992512-d31122236,10,3506.424301313898,3223.647008832353,3789.201593795443,3439.420101936604,67.00419937729384,2,a5803f8a5d9d87202b43d709cb328cedaf18c446af448f705c33d553e8c2e9f7,5170ec511fb50cdf10d648416d508574d70e9781ddf156a1b2a86d2b385e94dc,100,1729,maximum_first_20_then_half_top_6,2000.0,3000.0
kata1-b10c128-s56992512-d31122236,12,3507.6050238676853,3262.9050137811505,3752.30503395422,3439.420101936604,68.18492193108113,2,a5803f8a5d9d87202b43d709cb328cedaf18c446af448f705c33d553e8c2e9f7,5170ec511fb50cdf10d648416d508574d70e9781ddf156a1b2a86d2b385e94dc,100,1729,maximum_first_20_then_half_top_6,2000.0,3000.0
kata1-b10c128-s56992512-d31122236,14,3433.855059015375,3211.79243443891,3655.91768359184,3439.420101936604,-5.565042921229178,2,a5803f8a5d9d87202b43d709cb328cedaf18c446af448f705c33d553e8c2e9f7,5170ec511fb50cdf10d648416d508574d70e9781ddf156a1b2a86d2b385e94dc,100,1729,maximum_first_20_then_half_top_6,2000.0,3000.0
kata1-b10c128-s56992512-d31122236,16,3438.6275647352,3236.5464872074726,3640.7086422629272,3439.420101936604,-0.7925372014042296,2,a5803f8a5d9d87202b43d709cb328cedaf18c446af448f705c33d553e8c2e9f7,5170ec511fb50cdf10d648416d508574d70e9781ddf156a1b2a86d2b385e94dc,100,1729,maximum_first_20_then_half_top_6,2000.0,3000.0
kata1-b10c128-s56992512-d31122236,18,3492.4470397312743,3306.9013125096694,3677.9927669528793,3439.420101936604,53.026937794670175,2,a5803f8a5d9d87202b43d709cb328cedaf18c446af448f705c33d553e8c2e9f7,5170ec511fb50cdf10d648416d508574d70e9781ddf156a1b2a86d2b385e94dc,100,1729,maximum_first_20_then_half_top_6,2000.0,3000.0
kata1-b10c128-s56992512-d31122236,20,3492.7529288149317,3318.9929059286105,3666.512951701253,3439.420101936604,53.33282687832752,2,a5803f8a5d9d87202b43d709cb328cedaf18c446af448f705c33d553e8c2e9f7,5170ec511fb50cdf10d648416d508574d70e9781ddf156a1b2a86d2b385e94dc,100,1729,maximum_first_20_then_half_top_6,2000.0,3000.0
kata1-b10c128-s56992512-d31122236,22,3453.9158205055883,3289.152962338959,3618.6786786722178,3439.420101936604,14.495718568984103,2,a5803f8a5d9d87202b43d709cb328cedaf18c446af448f705c33d553e8c2e9f7,5170ec511fb50cdf10d648416d508574d70e9781ddf156a1b2a86d2b385e94dc,100,1729,maximum_first_20_then_half_top_6,2000.0,3000.0
kata1-b10c128-s56992512-d31122236,24,3489.809647384624,3333.9167653207646,3645.7025294484833,3439.420101936604,50.38954544801982,2,a5803f8a5d9d87202b43d709cb328cedaf18c446af448f705c33d553e8c2e9f7,5170ec511fb50cdf10d648416d508574d70e9781ddf156a1b2a86d2b385e94dc,100,1729,maximum_first_20_then_half_top_6,2000.0,3000.0
kata1-b10c128-s56992512-d31122236,26,3458.398444135806,3309.0984622513465,3607.6984260202657,3439.420101936604,18.97834219920196,2,a5803f8a5d9d87202b43d709cb328cedaf18c446af448f705c33d553e8c2e9f7,5170ec511fb50cdf10d648416d508574d70e9781ddf156a1b2a86d2b385e94dc,100,1729,maximum_first_20_then_half_top_6,2000.0,3000.0
kata1-b10c128-s56992512-d31122236,28,3464.8790320773646,3321.6986653720223,3608.059398782707,3439.420101936604,25.458930140760458,2,a5803f8a5d9d87202b43d709cb328cedaf18c446af448f705c33d553e8c2e9f7,5170ec511fb50cdf10d648416d508574d70e9781ddf156a1b2a86d2b385e94dc,100,1729,maximum_first_20_then_half_top_6,2000.0,3000.0
kata1-b10c128-s56992512-d31122236,30,3437.2986624705773,3298.5135396508963,3576.083785290258,3439.420101936604,-2.1214394660269136,2,a5803f8a5d9d87202b43d709cb328cedaf18c446af448f705c33d553e8c2e9f7,5170ec511fb50cdf10d648416d508574d70e9781ddf156a1b2a86d2b385e94dc,100,1729,maximum_first_20_then_half_top_6,2000.0,3000.0
kata1-b10c128-s56992512-d31122236,32,3431.166452072168,3296.6815886066775,3565.6513155376583,3439.420101936604,-8.253649864436284,2,a5803f8a5d9d87202b43d709cb328cedaf18c446af448f705c33d553e8c2e9f7,5170ec511fb50cdf10d648416d508574d70e9781ddf156a1b2a86d2b385e94dc,100,1729,maximum_first_20_then_half_top_6,2000.0,3000.0
kata1-b10c128-s56992512-d31122236,34,3403.919474220297,3272.179429918291,3535.659518522303,3439.420101936604,-35.50062771630701,2,a5803f8a5d9d87202b43d709cb328cedaf18c446af448f705c33d553e8c2e9f7,5170ec511fb50cdf10d648416d508574d70e9781ddf156a1b2a86d2b385e94dc,100,1729,maximum_first_20_then_half_top_6,2000.0,3000.0
kata1-b10c128-s56992512-d31122236,36,3419.076971521467,3292.419325745823,3545.734617297111,3439.420101936604,-20.34313041513724,2,a5803f8a5d9d87202b43d709cb328cedaf18c446af448f705c33d553e8c2e9f7,5170ec511fb50cdf10d648416d508574d70e9781ddf156a1b2a86d2b385e94dc,100,1729,maximum_first_20_then_half_top_6,2000.0,3000.0
kata1-b10c128-s56992512-d31122236,38,3438.5172085379845,3316.394617975146,3560.639799100823,3439.420101936604,-0.9028933986196535,2,a5803f8a5d9d87202b43d709cb328cedaf18c446af448f705c33d553e8c2e9f7,5170ec511fb50cdf10d648416d508574d70e9781ddf156a1b2a86d2b385e94dc,100,1729,maximum_first_20_then_half_top_6,2000.0,3000.0
kata1-b10c128-s56992512-d31122236,40,3423.6627011350006,3304.033779286541,3543.29162298346,3439.420101936604,-15.75740080160358,2,a5803f8a5d9d87202b43d709cb328cedaf18c446af448f705c33d553e8c2e9f7,5170ec511fb50cdf10d648416d508574d70e9781ddf156a1b2a86d2b385e94dc,100,1729,maximum_first_20_then_half_top_6,2000.0,3000.0
kata1-b10c128-s56992512-d31122236,42,3431.323368091237,3315.0868608068627,3547.5598753756117,3439.420101936604,-8.096733845366998,2,a5803f8a5d9d87202b43d709cb328cedaf18c446af448f705c33d553e8c2e9f7,5170ec511fb50cdf10d648416d508574d70e9781ddf156a1b2a86d2b385e94dc,100,1729,maximum_first_20_then_half_top_6,2000.0,3000.0
kata1-b10c128-s56992512-d31122236,44,3435.383940091897,3321.9170830380226,3548.850797145771,3439.420101936604,-4.036161844707294,2,a5803f8a5d9d87202b43d709cb328cedaf18c446af448f705c33d553e8c2e9f7,5170ec511fb50cdf10d648416d508574d70e9781ddf156a1b2a86d2b385e94dc,100,1729,maximum_first_20_then_half_top_6,2000.0,3000.0
kata1-b10c128-s56992512-d31122236,46,3436.63945827589,3325.814484060261,3547.464432491519,3439.420101936604,-2.780643660714304,2,a5803f8a5d9d87202b43d709cb328cedaf18c446af448f705c33d553e8c2e9f7,5170ec511fb50cdf10d648416d508574d70e9781ddf156a1b2a86d2b385e94dc,100,1729,maximum_first_20_then_half_top_6,2000.0,3000.0
kata1-b10c128-s56992512-d31122236,48,3453.9815160039934,3345.876692553983,3562.086339454004,3439.420101936604,14.56141406738925,2,a5803f8a5d9d87202b43d709cb328cedaf18c446af448f705c33d553e8c2e9f7,5170ec511fb50cdf10d648416d508574d70e9781ddf156a1b2a86d2b385e94dc,100,1729,maximum_first_20_then_half_top_6,2000.0,3000.0
kata1-b10c128-s56992512-d31122236,50,3469.7063753175203,3363.9112706723754,3575.501479962665,3439.420101936604,30.2862733809161,2,a5803f8a5d9d87202b43d709cb328cedaf18c446af448f705c33d553e8c2e9f7,5170ec511fb50cdf10d648416d508574d70e9781ddf156a1b2a86d2b385e94dc,100,1729,maximum_first_20_then_half_top_6,2000.0,3000.0
kata1-b10c128-s56992512-d31122236,52,3457.4430589052904,3353.6225079060346,3561.2636099045462,3439.420101936604,18.02295696868623,2,a5803f8a5d9d87202b43d709cb328cedaf18c446af448f705c33d553e8c2e9f7,5170ec511fb50cdf10d648416d508574d70e9781ddf156a1b2a86d2b385e94dc,100,1729,maximum_first_20_then_half_top_6,2000.0,3000.0
kata1-b10c128-s56992512-d31122236,54,3471.7434719380244,3369.939651290266,3573.547292585783,3439.420101936604,32.323370001420244,2,a5803f8a5d9d87202b43d709cb328cedaf18c446af448f705c33d553e8c2e9f7,5170ec511fb50cdf10d648416d508574d70e9781ddf156a1b2a86d2b385e94dc,100,1729,maximum_first_20_then_half_top_6,2000.0,3000.0
kata1-b10c128-s56992512-d31122236,56,3473.2857940748786,3373.3168358430476,3573.2547523067096,3439.420101936604,33.865692138274426,2,a5803f8a5d9d87202b43d709cb328cedaf18c446af448f705c33d553e8c2e9f7,5170ec511fb50cdf10d648416d508574d70e9781ddf156a1b2a86d2b385e94dc,100,1729,maximum_first_20_then_half_top_6,2000.0,3000.0
kata1-b10c128-s56992512-d31122236,58,3475.643499064433,3377.3702625893497,3573.916735539516,3439.420101936604,36.223397127828775,2,a5803f8a5d9d87202b43d709cb328cedaf18c446af448f705c33d553e8c2e9f7,5170ec511fb50cdf10d648416d508574d70e9781ddf156a1b2a86d2b385e94dc,100,1729,maximum_first_20_then_half_top_6,2000.0,3000.0
kata1-b10c128-s56992512-d31122236,60,3475.086333121235,3378.442239206724,3571.730427035746,3439.420101936604,35.66623118463076,2,a5803f8a5d9d87202b43d709cb328cedaf18c446af448f705c33d553e8c2e9f7,5170ec511fb50cdf10d648416d508574d70e9781ddf156a1b2a86d2b385e94dc,100,1729,maximum_first_20_then_half_top_6,2000.0,3000.0
kata1-b10c128-s56992512-d31122236,62,3475.801622141555,3380.7085101455004,3570.8947341376097,3439.420101936604,36.3815202049509,2,a5803f8a5d9d87202b43d709cb328cedaf18c446af448f705c33d553e8c2e9f7,5170ec511fb50cdf10d648416d508574d70e9781ddf156a1b2a86d2b385e94dc,100,1729,maximum_first_20_then_half_top_6,2000.0,3000.0
kata1-b10c128-s56992512-d31122236,64,3464.6382470676886,3370.9726425913423,3558.303851544035,3439.420101936604,25.218145131084384,2,a5803f8a5d9d87202b43d709cb328cedaf18c446af448f705c33d553e8c2e9f7,5170ec511fb50cdf10d648416d508574d70e9781ddf156a1b2a86d2b385e94dc,100,1729,maximum_first_20_then_half_top_6,2000.0,3000.0
kata1-b10c128-s56992512-d31122236,66,3455.462562699403,3363.043510391774,3547.881615007032,3439.420101936604,16.042460762798783,2,a5803f8a5d9d87202b43d709cb328cedaf18c446af448f705c33d553e8c2e9f7,5170ec511fb50cdf10d648416d508574d70e9781ddf156a1b2a86d2b385e94dc,100,1729,maximum_first_20_then_half_top_6,2000.0,3000.0
kata1-b10c128-s56992512-d31122236,68,3450.066262280619,3358.891759952587,3541.240764608651,3439.420101936604,10.646160344014788,2,a5803f8a5d9d87202b43d709cb328cedaf18c446af448f705c33d553e8c2e9f7,5170ec511fb50cdf10d648416d508574d70e9781ddf156a1b2a86d2b385e94dc,100,1729,maximum_first_20_then_half_top_6,2000.0,3000.0
kata1-b10c128-s56992512-d31122236,70,3439.6030041719523,3349.4885797854085,3529.717428558496,3439.420101936604,0.18290223534813776,2,a5803f8a5d9d87202b43d709cb328cedaf18c446af448f705c33d553e8c2e9f7,5170ec511fb50cdf10d648416d508574d70e9781ddf156a1b2a86d2b385e94dc,100,1729,maximum_first_20_then_half_top_6,2000.0,3000.0
kata1-b10c128-s56992512-d31122236,72,3448.6480080285064,3359.9024678981514,3537.3935481588614,3439.420101936604,9.227906091902241,2,a5803f8a5d9d87202b43d709cb328cedaf18c446af448f705c33d553e8c2e9f7,5170ec511fb50cdf10d648416d508574d70e9781ddf156a1b2a86d2b385e94dc,100,1729,maximum_first_20_then_half_top_6,2000.0,3000.0
kata1-b10c128-s56992512-d31122236,74,3451.168717866342,3363.5614524399443,3538.7759832927395,3439.420101936604,11.748615929737753,2,a5803f8a5d9d87202b43d709cb328cedaf18c446af448f705c33d553e8c2e9f7,5170ec511fb50cdf10d648416d508574d70e9781ddf156a1b2a86d2b385e94dc,100,1729,maximum_first_20_then_half_top_6,2000.0,3000.0
kata1-b10c128-s56992512-d31122236,76,3456.357040219951,3369.9158556662683,3542.798224773634,3439.420101936604,16.93693828334699,2,a5803f8a5d9d87202b43d709cb328cedaf18c446af448f705c33d553e8c2e9f7,5170ec511fb50cdf10d648416d508574d70e9781ddf156a1b2a86d2b385e94dc,100,1729,maximum_first_20_then_half_top_6,2000.0,3000.0
kata1-b10c128-s56992512-d31122236,78,3466.0202305378666,3380.704849074704,3551.3356120010294,3439.420101936604,26.60012860126244,2,a5803f8a5d9d87202b43d709cb328cedaf18c446af448f705c33d553e8c2e9f7,5170ec511fb50cdf10d648416d508574d70e9781ddf156a1b2a86d2b385e94dc,100,1729,maximum_first_20_then_half_top_6,2000.0,3000.0
kata1-b10c128-s56992512-d31122236,80,3457.4616453264607,3373.086753223779,3541.8365374291425,3439.420101936604,18.041543389856542,2,a5803f8a5d9d87202b43d709cb328cedaf18c446af448f705c33d553e8c2e9f7,5170ec511fb50cdf10d648416d508574d70e9781ddf156a1b2a86d2b385e94dc,100,1729,maximum_first_20_then_half_top_6,2000.0,3000.0
kata1-b10c128-s56992512-d31122236,82,3467.5668045348866,3384.233156080865,3550.9004529889085,3439.420101936604,28.146702598282445,2,a5803f8a5d9d87202b43d709cb328cedaf18c446af448f705c33d553e8c2e9f7,5170ec511fb50cdf10d648416d508574d70e9781ddf156a1b2a86d2b385e94dc,100,1729,maximum_first_20_then_half_top_6,2000.0,3000.0
kata1-b10c128-s56992512-d31122236,84,3467.381987190166,3384.9699236109327,3549.7940507693993,3439.420101936604,27.96188525356183,2,a5803f8a5d9d87202b43d709cb328cedaf18c446af448f705c33d553e8c2e9f7,5170ec511fb50cdf10d648416d508574d70e9781ddf156a1b2a86d2b385e94dc,100,1729,maximum_first_20_then_half_top_6,2000.0,3000.0
kata1-b10c128-s56992512-d31122236,86,3467.206476602253,3385.6792455430777,3548.7337076614285,3439.420101936604,27.786374665648964,2,a5803f8a5d9d87202b43d709cb328cedaf18c446af448f705c33d553e8c2e9f7,5170ec511fb50cdf10d648416d508574d70e9781ddf156a1b2a86d2b385e94dc,100,1729,maximum_first_20_then_half_top_6,2000.0,3000.0
kata1-b10c128-s56992512-d31122236,88,3460.2684226601596,3379.5340667114724,3541.0027786088467,3439.420101936604,20.84832072355539,2,a5803f8a5d9d87202b43d709cb328cedaf18c446af448f705c33d553e8c2e9f7,5170ec511fb50cdf10d648416d508574d70e9781ddf156a1b2a86d2b385e94dc,100,1729,maximum_first_20_then_half_top_6,2000.0,3000.0
kata1-b10c128-s56992512-d31122236,90,3462.0497600107838,3382.1325154410492,3541.9670045805183,3439.420101936604,22.629658074179588,2,a5803f8a5d9d87202b43d709cb328cedaf18c446af448f705c33d553e8c2e9f7,5170ec511fb50cdf10d648416d508574d70e9781ddf156a1b2a86d2b385e94dc,100,1729,maximum_first_20_then_half_top_6,2000.0,3000.0
kata1-b10c128-s56992512-d31122236,92,3463.1835878259694,3384.072950454204,3542.2942251977347,3439.420101936604,23.763485889365256,2,a5803f8a5d9d87202b43d709cb328cedaf18c446af448f705c33d553e8c2e9f7,5170ec511fb50cdf10d648416d508574d70e9781ddf156a1b2a86d2b385e94dc,100,1729,maximum_first_20_then_half_top_6,2000.0,3000.0
kata1-b10c128-s56992512-d31122236,94,3456.0221281061986,3377.6067688130565,3534.4374873993406,3439.420101936604,16.60202616959441,2,a5803f8a5d9d87202b43d709cb328cedaf18c446af448f705c33d553e8c2e9f7,5170ec511fb50cdf10d648416d508574d70e9781ddf156a1b2a86d2b385e94dc,100,1729,maximum_first_20_then_half_top_6,2000.0,3000.0
kata1-b10c128-s56992512-d31122236,96,3456.1125624542415,3378.439462896778,3533.785662011705,3439.420101936604,16.6924605176373,2,a5803f8a5d9d87202b43d709cb328cedaf18c446af448f705c33d553e8c2e9f7,5170ec511fb50cdf10d648416d508574d70e9781ddf156a1b2a86d2b385e94dc,100,1729,maximum_first_20_then_half_top_6,2000.0,3000.0
kata1-b10c128-s56992512-d31122236,98,3449.4023248319195,3372.3543108831477,3526.4503387806913,3439.420101936604,9.982222895315317,2,a5803f8a5d9d87202b43d709cb328cedaf18c446af448f705c33d553e8c2e9f7,5170ec511fb50cdf10d648416d508574d70e9781ddf156a1b2a86d2b385e94dc,100,1729,maximum_first_20_then_half_top_6,2000.0,3000.0
kata1-b10c128-s56992512-d31122236,100,3442.2435301771457,3365.7711244258126,3518.7159359284788,3439.420101936604,2.8234282405414888,2,a5803f8a5d9d87202b43d709cb328cedaf18c446af448f705c33d553e8c2e9f7,5170ec511fb50cdf10d648416d508574d70e9781ddf156a1b2a86d2b385e94dc,100,1729,maximum_first_20_then_half_top_6,2000.0,3000.0
kata1-b10c128-s182492416-d63545831,2,2847.8257996074544,414.54919566509807,5281.10240354981,3536.7529566574012,-688.9271570499468,2,a5803f8a5d9d87202b43d709cb328cedaf18c446af448f705c33d553e8c2e9f7,5170ec511fb50cdf10d648416d508574d70e9781ddf156a1b2a86d2b385e94dc,100,1729,maximum_first_20_then_half_top_6,2000.0,3000.0
kata1-b10c128-s182492416-d63545831,4,3566.504086575605,1695.9884286019933,5437.019744549217,3536.7529566574012,29.751129918203787,2,a5803f8a5d9d87202b43d709cb328cedaf18c446af448f705c33d553e8c2e9f7,5170ec511fb50cdf10d648416d508574d70e9781ddf156a1b2a86d2b385e94dc,100,1729,maximum_first_20_then_half_top_6,2000.0,3000.0
kata1-b10c128-s182492416-d63545831,6,3193.0758231953414,2652.4499056717787,3733.701740718904,3536.7529566574012,-343.6771334620598,2,a5803f8a5d9d87202b43d709cb328cedaf18c446af448f705c33d553e8c2e9f7,5170ec511fb50cdf10d648416d508574d70e9781ddf156a1b2a86d2b385e94dc,100,1729,maximum_first_20_then_half_top_6,2000.0,3000.0
kata1-b10c128-s182492416-d63545831,8,3390.602878358476,3017.5285944403404,3763.677162276612,3536.7529566574012,-146.1500782989251,2,a5803f8a5d9d87202b43d709cb328cedaf18c446af448f705c33d553e8c2e9f7,5170ec511fb50cdf10d648416d508574d70e9781ddf156a1b2a86d2b385e94dc,100,1729,maximum_first_20_then_half_top_6,2000.0,3000.0
kata1-b10c128-s182492416-d63545831,10,3389.7548388190207,3093.946493684851,3685.5631839531907,3536.7529566574012,-146.9981178383805,2,a5803f8a5d9d87202b43d709cb328cedaf18c446af448f705c33d553e8c2e9f7,5170ec511fb50cdf10d648416d508574d70e9781ddf156a1b2a86d2b385e94dc,100,1729,maximum_first_20_then_half_top_6,2000.0,3000.0
kata1-b10c128-s182492416-d63545831,12,3486.562658812813,3224.318857881826,3748.8064597438,3536.7529566574012,-50.19029784458826,2,a5803f8a5d9d87202b43d709cb328cedaf18c446af448f705c33d553e8c2e9f7,5170ec511fb50cdf10d648416d508574d70e9781ddf156a1b2a86d2b385e94dc,100,1729,maximum_first_20_then_half_top_6,2000.0,3000.0
kata1-b10c128-s182492416-d63545831,14,3411.42392799954,3184.7301585615123,3638.1176974375676,3536.7529566574012,-125.32902865786127,2,a5803f8a5d9d87202b43d709cb328cedaf18c446af448f705c33d553e8c2e9f7,5170ec511fb50cdf10d648416d508574d70e9781ddf156a1b2a86d2b385e94dc,100,1729,maximum_first_20_then_half_top_6,2000.0,3000.0
kata1-b10c128-s182492416-d63545831,16,3447.4379719835606,3240.7244167667886,3654.1515272003326,3536.7529566574012,-89.31498467384063,2,a5803f8a5d9d87202b43d709cb328cedaf18c446af448f705c33d553e8c2e9f7,5170ec511fb50cdf10d648416d508574d70e9781ddf156a1b2a86d2b385e94dc,100,1729,maximum_first_20_then_half_top_6,2000.0,3000.0
kata1-b10c128-s182492416-d63545831,18,3503.085877277849,3308.788984418959,3697.3827701367386,3536.7529566574012,-33.66707937955243,2,a5803f8a5d9d87202b43d709cb328cedaf18c446af448f705c33d553e8c2e9f7,5170ec511fb50cdf10d648416d508574d70e9781ddf156a1b2a86d2b385e94dc,100,1729,maximum_first_20_then_half_top_6,2000.0,3000.0
kata1-b10c128-s182492416-d63545831,20,3456.7574492757676,3278.387148244816,3635.127750306719,3536.7529566574012,-79.99550738163362,2,a5803f8a5d9d87202b43d709cb328cedaf18c446af448f705c33d553e8c2e9f7,5170ec511fb50cdf10d648416d508574d70e9781ddf156a1b2a86d2b385e94dc,100,1729,maximum_first_20_then_half_top_6,2000.0,3000.0
kata1-b10c128-s182492416-d63545831,22,3421.7355473946304,3253.489816126602,3589.981278662659,3536.7529566574012,-115.0174092627708,2,a5803f8a5d9d87202b43d709cb328cedaf18c446af448f705c33d553e8c2e9f7,5170ec511fb50cdf10d648416d508574d70e9781ddf156a1b2a86d2b385e94dc,100,1729,maximum_first_20_then_half_top_6,2000.0,3000.0
kata1-b10c128-s182492416-d63545831,24,3454.944373420764,3295.420346943544,3614.468399897984,3536.7529566574012,-81.80858323663733,2,a5803f8a5d9d87202b43d709cb328cedaf18c446af448f705c33d553e8c2e9f7,5170ec511fb50cdf10d648416d508574d70e9781ddf156a1b2a86d2b385e94dc,100,1729,maximum_first_20_then_half_top_6,2000.0,3000.0
kata1-b10c128-s182492416-d63545831,26,3455.190584876681,3303.223153237491,3607.158016515871,3536.7529566574012,-81.56237178072024,2,a5803f8a5d9d87202b43d709cb328cedaf18c446af448f705c33d553e8c2e9f7,5170ec511fb50cdf10d648416d508574d70e9781ddf156a1b2a86d2b385e94dc,100,1729,maximum_first_20_then_half_top_6,2000.0,3000.0
kata1-b10c128-s182492416-d63545831,28,3489.209976316888,3342.797188541998,3635.622764091778,3536.7529566574012,-47.54298034051317,2,a5803f8a5d9d87202b43d709cb328cedaf18c446af448f705c33d553e8c2e9f7,5170ec511fb50cdf10d648416d508574d70e9781ddf156a1b2a86d2b385e94dc,100,1729,maximum_first_20_then_half_top_6,2000.0,3000.0
kata1-b10c128-s182492416-d63545831,30,3489.605696962126,3349.0054541726786,3630.205939751573,3536.7529566574012,-47.14725969527535,2,a5803f8a5d9d87202b43d709cb328cedaf18c446af448f705c33d553e8c2e9f7,5170ec511fb50cdf10d648416d508574d70e9781ddf156a1b2a86d2b385e94dc,100,1729,maximum_first_20_then_half_top_6,2000.0,3000.0
kata1-b10c128-s182492416-d63545831,32,3503.07603302693,3367.080816429084,3639.071249624776,3536.7529566574012,-33.676923630471265,2,a5803f8a5d9d87202b43d709cb328cedaf18c446af448f705c33d553e8c2e9f7,5170ec511fb50cdf10d648416d508574d70e9781ddf156a1b2a86d2b385e94dc,100,1729,maximum_first_20_then_half_top_6,2000.0,3000.0
kata1-b10c128-s182492416-d63545831,34,3502.4341763296993,3371.098613284494,3633.7697393749045,3536.7529566574012,-34.318780327701916,2,a5803f8a5d9d87202b43d709cb328cedaf18c446af448f705c33d553e8c2e9f7,5170ec511fb50cdf10d648416d508574d70e9781ddf156a1b2a86d2b385e94dc,100,1729,maximum_first_20_then_half_top_6,2000.0,3000.0
kata1-b10c128-s182492416-d63545831,36,3502.8168551251483,3375.6423021911487,3629.991408059148,3536.7529566574012,-33.936101532252906,2,a5803f8a5d9d87202b43d709cb328cedaf18c446af448f705c33d553e8c2e9f7,5170ec511fb50cdf10d648416d508574d70e9781ddf156a1b2a86d2b385e94dc,100,1729,maximum_first_20_then_half_top_6,2000.0,3000.0
kata1-b10c128-s182492416-d63545831,38,3484.6584304462176,3361.6063119693213,3607.710548923114,3536.7529566574012,-52.09452621118362,2,a5803f8a5d9d87202b43d709cb328cedaf18c446af448f705c33d553e8c2e9f7,5170ec511fb50cdf10d648416d508574d70e9781ddf156a1b2a86d2b385e94dc,100,1729,maximum_first_20_then_half_top_6,2000.0,3000.0
kata1-b10c128-s182492416-d63545831,40,3465.9006677233738,3346.333506611932,3585.4678288348155,3536.7529566574012,-70.85228893402746,2,a5803f8a5d9d87202b43d709cb328cedaf18c446af448f705c33d553e8c2e9f7,5170ec511fb50cdf10d648416d508574d70e9781ddf156a1b2a86d2b385e94dc,100,1729,maximum_first_20_then_half_top_6,2000.0,3000.0
kata1-b10c128-s182492416-d63545831,42,3446.3894449268146,3329.751980947137,3563.0269089064923,3536.7529566574012,-90.36351173058665,2,a5803f8a5d9d87202b43d709cb328cedaf18c446af448f705c33d553e8c2e9f7,5170ec511fb50cdf10d648416d508574d70e9781ddf156a1b2a86d2b385e94dc,100,1729,maximum_first_20_then_half_top_6,2000.0,3000.0
kata1-b10c128-s182492416-d63545831,44,3464.0478511207557,3350.4465844934807,3577.6491177480307,3536.7529566574012,-72.70510553664553,2,a5803f8a5d9d87202b43d709cb328cedaf18c446af448f705c33d553e8c2e9f7,5170ec511fb50cdf10d648416d508574d70e9781ddf156a1b2a86d2b385e94dc,100,1729,maximum_first_20_then_half_top_6,2000.0,3000.0
kata1-b10c128-s182492416-d63545831,46,3467.1539864853407,3356.1341624837614,3578.17381048692,3536.7529566574012,-69.59897017206049,2,a5803f8a5d9d87202b43d709cb328cedaf18c446af448f705c33d553e8c2e9f7,5170ec511fb50cdf10d648416d508574d70e9781ddf156a1b2a86d2b385e94dc,100,1729,maximum_first_20_then_half_top_6,2000.0,3000.0
kata1-b10c128-s182492416-d63545831,48,3466.716436695177,3358.1501023178325,3575.2827710725214,3536.7529566574012,-70.03651996222425,2,a5803f8a5d9d87202b43d709cb328cedaf18c446af448f705c33d553e8c2e9f7,5170ec511fb50cdf10d648416d508574d70e9781ddf156a1b2a86d2b385e94dc,100,1729,maximum_first_20_then_half_top_6,2000.0,3000.0
kata1-b10c128-s182492416-d63545831,50,3466.318726222583,3360.0317518513857,3572.60570059378,3536.7529566574012,-70.43423043481835,2,a5803f8a5d9d87202b43d709cb328cedaf18c446af448f705c33d553e8c2e9f7,5170ec511fb50cdf10d648416d508574d70e9781ddf156a1b2a86d2b385e94dc,100,1729,maximum_first_20_then_half_top_6,2000.0,3000.0
kata1-b10c128-s182492416-d63545831,52,3468.1197757627256,3363.935665496206,3572.303886029245,3536.7529566574012,-68.63318089467566,2,a5803f8a5d9d87202b43d709cb328cedaf18c446af448f705c33d553e8c2e9f7,5170ec511fb50cdf10d648416d508574d70e9781ddf156a1b2a86d2b385e94dc,100,1729,maximum_first_20_then_half_top_6,2000.0,3000.0
kata1-b10c128-s182492416-d63545831,54,3484.943306853808,3382.6649819220097,3587.221631785606,3536.7529566574012,-51.8096498035934,2,a5803f8a5d9d87202b43d709cb328cedaf18c446af448f705c33d553e8c2e9f7,5170ec511fb50cdf10d648416d508574d70e9781ddf156a1b2a86d2b385e94dc,100,1729,maximum_first_20_then_half_top_6,2000.0,3000.0
kata1-b10c128-s182492416-d63545831,56,3499.110623719336,3398.5263977404793,3599.694849698193,3536.7529566574012,-37.64233293806501,2,a5803f8a5d9d87202b43d709cb328cedaf18c446af448f705c33d553e8c2e9f7,5170ec511fb50cdf10d648416d508574d70e9781ddf156a1b2a86d2b385e94dc,100,1729,maximum_first_20_then_half_top_6,2000.0,3000.0
kata1-b10c128-s182492416-d63545831,58,3512.8258167732833,3413.7265474538954,3611.9250860926713,3536.7529566574012,-23.927139884117878,2,a5803f8a5d9d87202b43d709cb328cedaf18c446af448f705c33d553e8c2e9f7,5170ec511fb50cdf10d648416d508574d70e9781ddf156a1b2a86d2b385e94dc,100,1729,maximum_first_20_then_half_top_6,2000.0,3000.0
kata1-b10c128-s182492416-d63545831,60,3512.1189071172894,3414.717849055232,3609.519965179347,3536.7529566574012,-24.634049540111846,2,a5803f8a5d9d87202b43d709cb328cedaf18c446af448f705c33d553e8c2e9f7,5170ec511fb50cdf10d648416d508574d70e9781ddf156a1b2a86d2b385e94dc,100,1729,maximum_first_20_then_half_top_6,2000.0,3000.0
kata1-b10c128-s182492416-d63545831,62,3512.6586669784087,3416.844421558709,3608.4729123981083,3536.7529566574012,-24.09428967899248,2,a5803f8a5d9d87202b43d709cb328cedaf18c446af448f705c33d553e8c2e9f7,5170ec511fb50cdf10d648416d508574d70e9781ddf156a1b2a86d2b385e94dc,100,1729,maximum_first_20_then_half_top_6,2000.0,3000.0
kata1-b10c128-s182492416-d63545831,64,3513.1609837722885,3418.847123540815,3607.474844003762,3536.7529566574012,-23.591972885112682,2,a5803f8a5d9d87202b43d709cb328cedaf18c446af448f705c33d553e8c2e9f7,5170ec511fb50cdf10d648416d508574d70e9781ddf156a1b2a86d2b385e94dc,100,1729,maximum_first_20_then_half_top_6,2000.0,3000.0
kata1-b10c128-s182492416-d63545831,66,3526.6179857086004,3433.3941977963227,3619.841773620878,3536.7529566574012,-10.134970948800856,2,a5803f8a5d9d87202b43d709cb328cedaf18c446af448f705c33d553e8c2e9f7,5170ec511fb50cdf10d648416d508574d70e9781ddf156a1b2a86d2b385e94dc,100,1729,maximum_first_20_then_half_top_6,2000.0,3000.0
kata1-b10c128-s182492416-d63545831,68,3526.6370430761162,3434.7909261475147,3618.483160004718,3536.7529566574012,-10.115913581284985,2,a5803f8a5d9d87202b43d709cb328cedaf18c446af448f705c33d553e8c2e9f7,5170ec511fb50cdf10d648416d508574d70e9781ddf156a1b2a86d2b385e94dc,100,1729,maximum_first_20_then_half_top_6,2000.0,3000.0
kata1-b10c128-s182492416-d63545831,70,3521.1762444143847,3430.7672526936076,3611.5852361351617,3536.7529566574012,-15.576712243016573,2,a5803f8a5d9d87202b43d709cb328cedaf18c446af448f705c33d553e8c2e9f7,5170ec511fb50cdf10d648416d508574d70e9781ddf156a1b2a86d2b385e94dc,100,1729,maximum_first_20_then_half_top_6,2000.0,3000.0
kata1-b10c128-s182492416-d63545831,72,3529.9217001266898,3440.497151273487,3619.3462489798926,3536.7529566574012,-6.831256530711471,2,a5803f8a5d9d87202b43d709cb328cedaf18c446af448f705c33d553e8c2e9f7,5170ec511fb50cdf10d648416d508574d70e9781ddf156a1b2a86d2b385e94dc,100,1729,maximum_first_20_then_half_top_6,2000.0,3000.0
kata1-b10c128-s182492416-d63545831,74,3529.8467756510795,3441.6164428316074,3618.0771084705516,3536.7529566574012,-6.906181006321731,2,a5803f8a5d9d87202b43d709cb328cedaf18c446af448f705c33d553e8c2e9f7,5170ec511fb50cdf10d648416d508574d70e9781ddf156a1b2a86d2b385e94dc,100,1729,maximum_first_20_then_half_top_6,2000.0,3000.0
kata1-b10c128-s182492416-d63545831,76,3520.577016771209,3433.6901449847223,3607.4638885576956,3536.7529566574012,-16.175939886192282,2,a5803f8a5d9d87202b43d709cb328cedaf18c446af448f705c33d553e8c2e9f7,5170ec511fb50cdf10d648416d508574d70e9781ddf156a1b2a86d2b385e94dc,100,1729,maximum_first_20_then_half_top_6,2000.0,3000.0
kata1-b10c128-s182492416-d63545831,78,3529.9844644609807,3443.9766300481506,3615.992298873811,3536.7529566574012,-6.768492196420539,2,a5803f8a5d9d87202b43d709cb328cedaf18c446af448f705c33d553e8c2e9f7,5170ec511fb50cdf10d648416d508574d70e9781ddf156a1b2a86d2b385e94dc,100,1729,maximum_first_20_then_half_top_6,2000.0,3000.0
kata1-b10c128-s182492416-d63545831,80,3530.7476447793856,3445.765584690154,3615.7297048686173,3536.7529566574012,-6.005311878015618,2,a5803f8a5d9d87202b43d709cb328cedaf18c446af448f705c33d553e8c2e9f7,5170ec511fb50cdf10d648416d508574d70e9781ddf156a1b2a86d2b385e94dc,100,1729,maximum_first_20_then_half_top_6,2000.0,3000.0
kata1-b10c128-s182492416-d63545831,82,3528.833831008501,3444.8562456119407,3612.811416405061,3536.7529566574012,-7.919125648900263,2,a5803f8a5d9d87202b43d709cb328cedaf18c446af448f705c33d553e8c2e9f7,5170ec511fb50cdf10d648416d508574d70e9781ddf156a1b2a86d2b385e94dc,100,1729,maximum_first_20_then_half_top_6,2000.0,3000.0
kata1-b10c128-s182492416-d63545831,84,3519.80448672677,3436.953584867822,3602.655388585718,3536.7529566574012,-16.94846993063129,2,a5803f8a5d9d87202b43d709cb328cedaf18c446af448f705c33d553e8c2e9f7,5170ec511fb50cdf10d648416d508574d70e9781ddf156a1b2a86d2b385e94dc,100,1729,maximum_first_20_then_half_top_6,2000.0,3000.0
kata1-b10c128-s182492416-d63545831,86,3519.5085341817107,3437.575571142236,3601.4414972211853,3536.7529566574012,-17.2444224756905,2,a5803f8a5d9d87202b43d709cb328cedaf18c446af448f705c33d553e8c2e9f7,5170ec511fb50cdf10d648416d508574d70e9781ddf156a1b2a86d2b385e94dc,100,1729,maximum_first_20_then_half_top_6,2000.0,3000.0
kata1-b10c128-s182492416-d63545831,88,3519.227573090368,3438.175551735619,3600.279594445117,3536.7529566574012,-17.52538356703326,2,a5803f8a5d9d87202b43d709cb328cedaf18c446af448f705c33d553e8c2e9f7,5170ec511fb50cdf10d648416d508574d70e9781ddf156a1b2a86d2b385e94dc,100,1729,maximum_first_20_then_half_top_6,2000.0,3000.0
kata1-b10c128-s182492416-d63545831,90,3511.1178118552875,3431.0077005437893,3591.227923166786,3536.7529566574012,-25.6351448021137,2,a5803f8a5d9d87202b43d709cb328cedaf18c446af448f705c33d553e8c2e9f7,5170ec511fb50cdf10d648416d508574d70e9781ddf156a1b2a86d2b385e94dc,100,1729,maximum_first_20_then_half_top_6,2000.0,3000.0
kata1-b10c128-s182492416-d63545831,92,3502.602244307032,3423.3679771087277,3581.836511505336,3536.7529566574012,-34.150712350369304,2,a5803f8a5d9d87202b43d709cb328cedaf18c446af448f705c33d553e8c2e9f7,5170ec511fb50cdf10d648416d508574d70e9781ddf156a1b2a86d2b385e94dc,100,1729,maximum_first_20_then_half_top_6,2000.0,3000.0
kata1-b10c128-s182492416-d63545831,94,3503.1735651221306,3424.7099949786725,3581.6371352655888,3536.7529566574012,-33.57939153527059,2,a5803f8a5d9d87202b43d709cb328cedaf18c446af448f705c33d553e8c2e9f7,5170ec511fb50cdf10d648416d508574d70e9781ddf156a1b2a86d2b385e94dc,100,1729,maximum_first_20_then_half_top_6,2000.0,3000.0
kata1-b10c128-s182492416-d63545831,96,3510.715925216656,3432.950881001691,3588.4809694316214,3536.7529566574012,-26.037031440745068,2,a5803f8a5d9d87202b43d709cb328cedaf18c446af448f705c33d553e8c2e9f7,5170ec511fb50cdf10d648416d508574d70e9781ddf156a1b2a86d2b385e94dc,100,1729,maximum_first_20_then_half_top_6,2000.0,3000.0
kata1-b10c128-s182492416-d63545831,98,3503.085217127237,3426.099487475918,3580.0709467785555,3536.7529566574012,-33.667739530164454,2,a5803f8a5d9d87202b43d709cb328cedaf18c446af448f705c33d553e8c2e9f7,5170ec511fb50cdf10d648416d508574d70e9781ddf156a1b2a86d2b385e94dc,100,1729,maximum_first_20_then_half_top_6,2000.0,3000.0
kata1-b10c128-s182492416-d63545831,100,3503.6096814150833,3427.3178870416414,3579.901475788525,3536.7529566574012,-33.14327524231794,2,a5803f8a5d9d87202b43d709cb328cedaf18c446af448f705c33d553e8c2e9f7,5170ec511fb50cdf10d648416d508574d70e9781ddf156a1b2a86d2b385e94dc,100,1729,maximum_first_20_then_half_top_6,2000.0,3000.0
kata1-b15c192-s230670592-d99188084,2,2847.8321874063954,414.5639078757981,5281.100466936992,3639.814208464313,-791.9820210579178,2,a5803f8a5d9d87202b43d709cb328cedaf18c446af448f705c33d553e8c2e9f7,5170ec511fb50cdf10d648416d508574d70e9781ddf156a1b2a86d2b385e94dc,100,1729,maximum_first_20_then_half_top_6,2000.0,3000.0
kata1-b15c192-s230670592-d99188084,4,3566.474890656233,1695.9445333723768,5437.005247940089,3639.814208464313,-73.33931780808007,2,a5803f8a5d9d87202b43d709cb328cedaf18c446af448f705c33d553e8c2e9f7,5170ec511fb50cdf10d648416d508574d70e9781ddf156a1b2a86d2b385e94dc,100,1729,maximum_first_20_then_half_top_6,2000.0,3000.0
kata1-b15c192-s230670592-d99188084,6,3190.566181859364,2653.0704393328397,3728.0619243858882,3639.814208464313,-449.24802660494925,2,a5803f8a5d9d87202b43d709cb328cedaf18c446af448f705c33d553e8c2e9f7,5170ec511fb50cdf10d648416d508574d70e9781ddf156a1b2a86d2b385e94dc,100,1729,maximum_first_20_then_half_top_6,2000.0,3000.0
kata1-b15c192-s230670592-d99188084,8,3388.0260379683978,3016.3683951737894,3759.683680763006,3639.814208464313,-251.78817049591544,2,a5803f8a5d9d87202b43d709cb328cedaf18c446af448f705c33d553e8c2e9f7,5170ec511fb50cdf10d648416d508574d70e9781ddf156a1b2a86d2b385e94dc,100,1729,maximum_first_20_then_half_top_6,2000.0,3000.0
kata1-b15c192-s230670592-d99188084,10,3388.2301385367873,3093.0755241202023,3683.3847529533723,3639.814208464313,-251.5840699275259,2,a5803f8a5d9d87202b43d709cb328cedaf18c446af448f705c33d553e8c2e9f7,5170ec511fb50cdf10d648416d508574d70e9781ddf156a1b2a86d2b385e94dc,100,1729,maximum_first_20_then_half_top_6,2000.0,3000.0
kata1-b15c192-s230670592-d99188084,12,3485.1852320510775,3223.41724636052,3746.953217741635,3639.814208464313,-154.6289764132357,2,a5803f8a5d9d87202b43d709cb328cedaf18c446af448f705c33d553e8c2e9f7,5170ec511fb50cdf10d648416d508574d70e9781ddf156a1b2a86d2b385e94dc,100,1729,maximum_first_20_then_half_top_6,2000.0,3000.0
kata1-b15c192-s230670592-d99188084,14,3487.667702014402,3256.6102018826573,3718.725202146147,3639.814208464313,-152.14650644991116,2,a5803f8a5d9d87202b43d709cb328cedaf18c446af448f705c33d553e8c2e9f7,5170ec511fb50cdf10d648416d508574d70e9781ddf156a1b2a86d2b385e94dc,100,1729,maximum_first_20_then_half_top_6,2000.0,3000.0
kata1-b15c192-s230670592-d99188084,16,3489.235949695649,3280.037246123225,3698.4346532680734,3639.814208464313,-150.578258768664,2,a5803f8a5d9d87202b43d709cb328cedaf18c446af448f705c33d553e8c2e9f7,5170ec511fb50cdf10d648416d508574d70e9781ddf156a1b2a86d2b385e94dc,100,1729,maximum_first_20_then_half_top_6,2000.0,3000.0
kata1-b15c192-s230670592-d99188084,18,3547.974469045499,3349.843507831295,3746.105430259703,3639.814208464313,-91.83973941881413,2,a5803f8a5d9d87202b43d709cb328cedaf18c446af448f705c33d553e8c2e9f7,5170ec511fb50cdf10d648416d508574d70e9781ddf156a1b2a86d2b385e94dc,100,1729,maximum_first_20_then_half_top_6,2000.0,3000.0
kata1-b15c192-s230670592-d99188084,20,3546.2184290502105,3362.5247738506228,3729.912084249798,3639.814208464313,-93.59577941410271,2,a5803f8a5d9d87202b43d709cb328cedaf18c446af448f705c33d553e8c2e9f7,5170ec511fb50cdf10d648416d508574d70e9781ddf156a1b2a86d2b385e94dc,100,1729,maximum_first_20_then_half_top_6,2000.0,3000.0
kata1-b15c192-s230670592-d99188084,22,3592.357025816608,3414.9461178058455,3769.76793382737,3639.814208464313,-47.457182647705395,2,a5803f8a5d9d87202b43d709cb328cedaf18c446af448f705c33d553e8c2e9f7,5170ec511fb50cdf10d648416d508574d70e9781ddf156a1b2a86d2b385e94dc,100,1729,maximum_first_20_then_half_top_6,2000.0,3000.0
kata1-b15c192-s230670592-d99188084,24,3549.330430141726,3386.329277867656,3712.331582415796,3639.814208464313,-90.48377832258711,2,a5803f8a5d9d87202b43d709cb328cedaf18c446af448f705c33d553e8c2e9f7,5170ec511fb50cdf10d648416d508574d70e9781ddf156a1b2a86d2b385e94dc,100,1729,maximum_first_20_then_half_top_6,2000.0,3000.0
kata1-b15c192-s230670592-d99188084,26,3530.233209850144,3376.3054052961074,3684.16101440418,3639.814208464313,-109.5809986141694,2,a5803f8a5d9d87202b43d709cb328cedaf18c446af448f705c33d553e8c2e9f7,5170ec511fb50cdf10d648416d508574d70e9781ddf156a1b2a86d2b385e94dc,100,1729,maximum_first_20_then_half_top_6,2000.0,3000.0
kata1-b15c192-s230670592-d99188084,28,3561.7459486316357,3412.902128888157,3710.589768375114,3639.814208464313,-78.06825983267754,2,a5803f8a5d9d87202b43d709cb328cedaf18c446af448f705c33d553e8c2e9f7,5170ec511fb50cdf10d648416d508574d70e9781ddf156a1b2a86d2b385e94dc,100,1729,maximum_first_20_then_half_top_6,2000.0,3000.0
kata1-b15c192-s230670592-d99188084,30,3585.915831995145,3441.06236045081,3730.7693035394796,3639.814208464313,-53.8983764691684,2,a5803f8a5d9d87202b43d709cb328cedaf18c446af448f705c33d553e8c2e9f7,5170ec511fb50cdf10d648416d508574d70e9781ddf156a1b2a86d2b385e94dc,100,1729,maximum_first_20_then_half_top_6,2000.0,3000.0
kata1-b15c192-s230670592-d99188084,32,3590.2453724720963,3450.5719850009013,3729.918759943291,3639.814208464313,-49.56883599221692,2,a5803f8a5d9d87202b43d709cb328cedaf18c446af448f705c33d553e8c2e9f7,5170ec511fb50cdf10d648416d508574d70e9781ddf156a1b2a86d2b385e94dc,100,1729,maximum_first_20_then_half_top_6,2000.0,3000.0
kata1-b15c192-s230670592-d99188084,34,3587.9720266714844,3453.479670443385,3722.4643828995836,3639.814208464313,-51.8421817928288,2,a5803f8a5d9d87202b43d709cb328cedaf18c446af448f705c33d553e8c2e9f7,5170ec511fb50cdf10d648416d508574d70e9781ddf156a1b2a86d2b385e94dc,100,1729,maximum_first_20_then_half_top_6,2000.0,3000.0
kata1-b15c192-s230670592-d99188084,36,3586.104925293284,3456.198338735192,3716.011511851376,3639.814208464313,-53.709283171029256,2,a5803f8a5d9d87202b43d709cb328cedaf18c446af448f705c33d553e8c2e9f7,5170ec511fb50cdf10d648416d508574d70e9781ddf156a1b2a86d2b385e94dc,100,1729,maximum_first_20_then_half_top_6,2000.0,3000.0
kata1-b15c192-s230670592-d99188084,38,3607.0835795503804,3479.7148749075427,3734.452284193218,3639.814208464313,-32.73062891393283,2,a5803f8a5d9d87202b43d709cb328cedaf18c446af448f705c33d553e8c2e9f7,5170ec511fb50cdf10d648416d508574d70e9781ddf156a1b2a86d2b385e94dc,100,1729,maximum_first_20_then_half_top_6,2000.0,3000.0
kata1-b15c192-s230670592-d99188084,40,3590.301028904549,3467.581405119013,3713.020652690085,3639.814208464313,-49.51317955976401,2,a5803f8a5d9d87202b43d709cb328cedaf18c446af448f705c33d553e8c2e9f7,5170ec511fb50cdf10d648416d508574d70e9781ddf156a1b2a86d2b385e94dc,100,1729,maximum_first_20_then_half_top_6,2000.0,3000.0
kata1-b15c192-s230670592-d99188084,42,3567.3082603965136,3448.8815954879897,3685.7349253050375,3639.814208464313,-72.50594806779964,2,a5803f8a5d9d87202b43d709cb328cedaf18c446af448f705c33d553e8c2e9f7,5170ec511fb50cdf10d648416d508574d70e9781ddf156a1b2a86d2b385e94dc,100,1729,maximum_first_20_then_half_top_6,2000.0,3000.0
kata1-b15c192-s230670592-d99188084,44,3566.8749925166735,3451.470511888887,3682.27947314446,3639.814208464313,-72.9392159476397,2,a5803f8a5d9d87202b43d709cb328cedaf18c446af448f705c33d553e8c2e9f7,5170ec511fb50cdf10d648416d508574d70e9781ddf156a1b2a86d2b385e94dc,100,1729,maximum_first_20_then_half_top_6,2000.0,3000.0
kata1-b15c192-s230670592-d99188084,46,3548.9529278261207,3436.717984821769,3661.1878708304725,3639.814208464313,-90.86128063819251,2,a5803f8a5d9d87202b43d709cb328cedaf18c446af448f705c33d553e8c2e9f7,5170ec511fb50cdf10d648416d508574d70e9781ddf156a1b2a86d2b385e94dc,100,1729,maximum_first_20_then_half_top_6,2000.0,3000.0
kata1-b15c192-s230670592-d99188084,48,3565.1101222783304,3455.0765491210605,3675.1436954356004,3639.814208464313,-74.70408618598276,2,a5803f8a5d9d87202b43d709cb328cedaf18c446af448f705c33d553e8c2e9f7,5170ec511fb50cdf10d648416d508574d70e9781ddf156a1b2a86d2b385e94dc,100,1729,maximum_first_20_then_half_top_6,2000.0,3000.0
kata1-b15c192-s230670592-d99188084,50,3564.8386459813296,3457.1868932974394,3672.49039866522,3639.814208464313,-74.9755624829836,2,a5803f8a5d9d87202b43d709cb328cedaf18c446af448f705c33d553e8c2e9f7,5170ec511fb50cdf10d648416d508574d70e9781ddf156a1b2a86d2b385e94dc,100,1729,maximum_first_20_then_half_top_6,2000.0,3000.0
kata1-b15c192-s230670592-d99188084,52,3572.3563051208966,3466.7202804163276,3677.9923298254657,3639.814208464313,-67.45790334341655,2,a5803f8a5d9d87202b43d709cb328cedaf18c446af448f705c33d553e8c2e9f7,5170ec511fb50cdf10d648416d508574d70e9781ddf156a1b2a86d2b385e94dc,100,1729,maximum_first_20_then_half_top_6,2000.0,3000.0
kata1-b15c192-s230670592-d99188084,54,3571.8768774771884,3468.3288442780336,3675.424910676343,3639.814208464313,-67.93733098712482,2,a5803f8a5d9d87202b43d709cb328cedaf18c446af448f705c33d553e8c2e9f7,5170ec511fb50cdf10d648416d508574d70e9781ddf156a1b2a86d2b385e94dc,100,1729,maximum_first_20_then_half_top_6,2000.0,3000.0
kata1-b15c192-s230670592-d99188084,56,3585.559207601977,3483.536442653752,3687.581972550202,3639.814208464313,-54.255000862336146,2,a5803f8a5d9d87202b43d709cb328cedaf18c446af448f705c33d553e8c2e9f7,5170ec511fb50cdf10d648416d508574d70e9781ddf156a1b2a86d2b385e94dc,100,1729,maximum_first_20_then_half_top_6,2000.0,3000.0
kata1-b15c192-s230670592-d99188084,58,3597.210890981084,3496.5553494506566,3697.8664325115114,3639.814208464313,-42.60331748322915,2,a5803f8a5d9d87202b43d709cb328cedaf18c446af448f705c33d553e8c2e9f7,5170ec511fb50cdf10d648416d508574d70e9781ddf156a1b2a86d2b385e94dc,100,1729,maximum_first_20_then_half_top_6,2000.0,3000.0
kata1-b15c192-s230670592-d99188084,60,3592.185662939457,3493.475654853967,3690.8956710249468,3639.814208464313,-47.628545524856236,2,a5803f8a5d9d87202b43d709cb328cedaf18c446af448f705c33d553e8c2e9f7,5170ec511fb50cdf10d648416d508574d70e9781ddf156a1b2a86d2b385e94dc,100,1729,maximum_first_20_then_half_top_6,2000.0,3000.0
kata1-b15c192-s230670592-d99188084,62,3591.05024758725,3494.025473843372,3688.075021331128,3639.814208464313,-48.763960877063255,2,a5803f8a5d9d87202b43d709cb328cedaf18c446af448f705c33d553e8c2e9f7,5170ec511fb50cdf10d648416d508574d70e9781ddf156a1b2a86d2b385e94dc,100,1729,maximum_first_20_then_half_top_6,2000.0,3000.0
kata1-b15c192-s230670592-d99188084,64,3589.9213765431014,3494.4878279914983,3685.3549250947044,3639.814208464313,-49.89283192121184,2,a5803f8a5d9d87202b43d709cb328cedaf18c446af448f705c33d553e8c2e9f7,5170ec511fb50cdf10d648416d508574d70e9781ddf156a1b2a86d2b385e94dc,100,1729,maximum_first_20_then_half_top_6,2000.0,3000.0
kata1-b15c192-s230670592-d99188084,66,3600.0585084698814,3505.726501851062,3694.390515088701,3639.814208464313,-39.75569999443178,2,a5803f8a5d9d87202b43d709cb328cedaf18c446af448f705c33d553e8c2e9f7,5170ec511fb50cdf10d648416d508574d70e9781ddf156a1b2a86d2b385e94dc,100,1729,maximum_first_20_then_half_top_6,2000.0,3000.0
kata1-b15c192-s230670592-d99188084,68,3587.2415615427553,3494.741951921419,3679.7411711640916,3639.814208464313,-52.57264692155786,2,a5803f8a5d9d87202b43d709cb328cedaf18c446af448f705c33d553e8c2e9f7,5170ec511fb50cdf10d648416d508574d70e9781ddf156a1b2a86d2b385e94dc,100,1729,maximum_first_20_then_half_top_6,2000.0,3000.0
kata1-b15c192-s230670592-d99188084,70,3585.4264193722506,3494.2873300008573,3676.565508743644,3639.814208464313,-54.387789092062576,2,a5803f8a5d9d87202b43d709cb328cedaf18c446af448f705c33d553e8c2e9f7,5170ec511fb50cdf10d648416d508574d70e9781ddf156a1b2a86d2b385e94dc,100,1729,maximum_first_20_then_half_top_6,2000.0,3000.0
kata1-b15c192-s230670592-d99188084,72,3584.6115605526215,3494.7547170925054,3674.4684040127377,3639.814208464313,-55.202647911691656,2,a5803f8a5d9d87202b43d709cb328cedaf18c446af448f705c33d553e8c2e9f7,5170ec511fb50cdf10d648416d508574d70e9781ddf156a1b2a86d2b385e94dc,100,1729,maximum_first_20_then_half_top_6,2000.0,3000.0
kata1-b15c192-s230670592-d99188084,74,3591.5413294365685,3502.689309705147,3680.39334916799,3639.814208464313,-48.27287902774469,2,a5803f8a5d9d87202b43d709cb328cedaf18c446af448f705c33d553e8c2e9f7,5170ec511fb50cdf10d648416d508574d70e9781ddf156a1b2a86d2b385e94dc,100,1729,maximum_first_20_then_half_top_6,2000.0,3000.0
kata1-b15c192-s230670592-d99188084,76,3585.5861995421565,3498.0401411475123,3673.1322579368007,3639.814208464313,-54.22800892215673,2,a5803f8a5d9d87202b43d709cb328cedaf18c446af448f705c33d553e8c2e9f7,5170ec511fb50cdf10d648416d508574d70e9781ddf156a1b2a86d2b385e94dc,100,1729,maximum_first_20_then_half_top_6,2000.0,3000.0
kata1-b15c192-s230670592-d99188084,78,3594.7254024938957,3508.034680404944,3681.4161245828473,3639.814208464313,-45.088805970417525,2,a5803f8a5d9d87202b43d709cb328cedaf18c446af448f705c33d553e8c2e9f7,5170ec511fb50cdf10d648416d508574d70e9781ddf156a1b2a86d2b385e94dc,100,1729,maximum_first_20_then_half_top_6,2000.0,3000.0
kata1-b15c192-s230670592-d99188084,80,3595.9868811785377,3510.317212939061,3681.6565494180145,3639.814208464313,-43.82732728577548,2,a5803f8a5d9d87202b43d709cb328cedaf18c446af448f705c33d553e8c2e9f7,5170ec511fb50cdf10d648416d508574d70e9781ddf156a1b2a86d2b385e94dc,100,1729,maximum_first_20_then_half_top_6,2000.0,3000.0
kata1-b15c192-s230670592-d99188084,82,3592.468585644304,3507.8973778214377,3677.03979346717,3639.814208464313,-47.34562282000934,2,a5803f8a5d9d87202b43d709cb328cedaf18c446af448f705c33d553e8c2e9f7,5170ec511fb50cdf10d648416d508574d70e9781ddf156a1b2a86d2b385e94dc,100,1729,maximum_first_20_then_half_top_6,2000.0,3000.0
kata1-b15c192-s230670592-d99188084,84,3600.8187735569127,3517.000005370979,3684.637541742846,3639.814208464313,-38.99543490740052,2,a5803f8a5d9d87202b43d709cb328cedaf18c446af448f705c33d553e8c2e9f7,5170ec511fb50cdf10d648416d508574d70e9781ddf156a1b2a86d2b385e94dc,100,1729,maximum_first_20_then_half_top_6,2000.0,3000.0
kata1-b15c192-s230670592-d99188084,86,3610.850722088058,3527.6804513488305,3694.020992827285,3639.814208464313,-28.963486376255332,2,a5803f8a5d9d87202b43d709cb328cedaf18c446af448f705c33d553e8c2e9f7,5170ec511fb50cdf10d648416d508574d70e9781ddf156a1b2a86d2b385e94dc,100,1729,maximum_first_20_then_half_top_6,2000.0,3000.0
kata1-b15c192-s230670592-d99188084,88,3611.5894527931905,3529.3134033676192,3693.865502218762,3639.814208464313,-28.224755671122693,2,a5803f8a5d9d87202b43d709cb328cedaf18c446af448f705c33d553e8c2e9f7,5170ec511fb50cdf10d648416d508574d70e9781ddf156a1b2a86d2b385e94dc,100,1729,maximum_first_20_then_half_top_6,2000.0,3000.0
kata1-b15c192-s230670592-d99188084,90,3601.8185177536357,3520.679813437018,3682.9572220702535,3639.814208464313,-37.995690710677536,2,a5803f8a5d9d87202b43d709cb328cedaf18c446af448f705c33d553e8c2e9f7,5170ec511fb50cdf10d648416d508574d70e9781ddf156a1b2a86d2b385e94dc,100,1729,maximum_first_20_then_half_top_6,2000.0,3000.0
kata1-b15c192-s230670592-d99188084,92,3600.869680422894,3520.5834816812153,3681.1558791645725,3639.814208464313,-38.94452804141929,2,a5803f8a5d9d87202b43d709cb328cedaf18c446af448f705c33d553e8c2e9f7,5170ec511fb50cdf10d648416d508574d70e9781ddf156a1b2a86d2b385e94dc,100,1729,maximum_first_20_then_half_top_6,2000.0,3000.0
kata1-b15c192-s230670592-d99188084,94,3601.779869244762,3522.276202102411,3681.2835363871127,3639.814208464313,-38.034339219551384,2,a5803f8a5d9d87202b43d709cb328cedaf18c446af448f705c33d553e8c2e9f7,5170ec511fb50cdf10d648416d508574d70e9781ddf156a1b2a86d2b385e94dc,100,1729,maximum_first_20_then_half_top_6,2000.0,3000.0
kata1-b15c192-s230670592-d99188084,96,3610.6275854889645,3531.686608612613,3689.568562365316,3639.814208464313,-29.186622975348655,2,a5803f8a5d9d87202b43d709cb328cedaf18c446af448f705c33d553e8c2e9f7,5170ec511fb50cdf10d648416d508574d70e9781ddf156a1b2a86d2b385e94dc,100,1729,maximum_first_20_then_half_top_6,2000.0,3000.0
kata1-b15c192-s230670592-d99188084,98,3619.123219979811,3540.7088428637626,3697.5375970958594,3639.814208464313,-20.690988484502213,2,a5803f8a5d9d87202b43d709cb328cedaf18c446af448f705c33d553e8c2e9f7,5170ec511fb50cdf10d648416d508574d70e9781ddf156a1b2a86d2b385e94dc,100,1729,maximum_first_20_then_half_top_6,2000.0,3000.0
kata1-b15c192-s230670592-d99188084,100,3613.127953472432,3535.5875910921873,3690.668315852677,3639.814208464313,-26.686254991881015,2,a5803f8a5d9d87202b43d709cb328cedaf18c446af448f705c33d553e8c2e9f7,5170ec511fb50cdf10d648416d508574d70e9781ddf156a1b2a86d2b385e94dc,100,1729,maximum_first_20_then_half_top_6,2000.0,3000.0
kata1-b15c192-s1062526208-d272346422,2,2847.8246741544663,414.54656090262915,5281.102787406304,3753.2491292776785,-905.4244551232123,2,a5803f8a5d9d87202b43d709cb328cedaf18c446af448f705c33d553e8c2e9f7,5170ec511fb50cdf10d648416d508574d70e9781ddf156a1b2a86d2b385e94dc,100,1729,maximum_first_20_then_half_top_6,2000.0,3000.0
kata1-b15c192-s1062526208-d272346422,4,3566.4615478664787,1695.923178520645,5436.9999172123125,3753.2491292776785,-186.78758141119988,2,a5803f8a5d9d87202b43d709cb328cedaf18c446af448f705c33d553e8c2e9f7,5170ec511fb50cdf10d648416d508574d70e9781ddf156a1b2a86d2b385e94dc,100,1729,maximum_first_20_then_half_top_6,2000.0,3000.0
kata1-b15c192-s1062526208-d272346422,6,3565.780756123277,3097.929220199211,4033.632292047343,3753.2491292776785,-187.46837315440143,2,a5803f8a5d9d87202b43d709cb328cedaf18c446af448f705c33d553e8c2e9f7,5170ec511fb50cdf10d648416d508574d70e9781ddf156a1b2a86d2b385e94dc,100,1729,maximum_first_20_then_half_top_6,2000.0,3000.0
kata1-b15c192-s1062526208-d272346422,8,3747.5708101006385,3359.228988628785,4135.912631572492,3753.2491292776785,-5.678319177040066,2,a5803f8a5d9d87202b43d709cb328cedaf18c446af448f705c33d553e8c2e9f7,5170ec511fb50cdf10d648416d508574d70e9781ddf156a1b2a86d2b385e94dc,100,1729,maximum_first_20_then_half_top_6,2000.0,3000.0
kata1-b15c192-s1062526208-d272346422,10,3684.5579887752065,3393.160023230963,3975.95595431945,3753.2491292776785,-68.69114050247208,2,a5803f8a5d9d87202b43d709cb328cedaf18c446af448f705c33d553e8c2e9f7,5170ec511fb50cdf10d648416d508574d70e9781ddf156a1b2a86d2b385e94dc,100,1729,maximum_first_20_then_half_top_6,2000.0,3000.0
kata1-b15c192-s1062526208-d272346422,12,3783.8162976721933,3517.1291572861182,4050.5034380582683,3753.2491292776785,30.567168394514738,2,a5803f8a5d9d87202b43d709cb328cedaf18c446af448f705c33d553e8c2e9f7,5170ec511fb50cdf10d648416d508574d70e9781ddf156a1b2a86d2b385e94dc,100,1729,maximum_first_20_then_half_top_6,2000.0,3000.0
kata1-b15c192-s1062526208-d272346422,14,3747.397004529048,3518.1487963427744,3976.6452127153216,3753.2491292776785,-5.852124748630558,2,a5803f8a5d9d87202b43d709cb328cedaf18c446af448f705c33d553e8c2e9f7,5170ec511fb50cdf10d648416d508574d70e9781ddf156a1b2a86d2b385e94dc,100,1729,maximum_first_20_then_half_top_6,2000.0,3000.0
kata1-b15c192-s1062526208-d272346422,16,3713.8460782376255,3508.143157566651,3919.5489989086,3753.2491292776785,-39.403051040053015,2,a5803f8a5d9d87202b43d709cb328cedaf18c446af448f705c33d553e8c2e9f7,5170ec511fb50cdf10d648416d508574d70e9781ddf156a1b2a86d2b385e94dc,100,1729,maximum_first_20_then_half_top_6,2000.0,3000.0
kata1-b15c192-s1062526208-d272346422,18,3712.024124732118,3522.195326156291,3901.852923307945,3753.2491292776785,-41.22500454556075,2,a5803f8a5d9d87202b43d709cb328cedaf18c446af448f705c33d553e8c2e9f7,5170ec511fb50cdf10d648416d508574d70e9781ddf156a1b2a86d2b385e94dc,100,1729,maximum_first_20_then_half_top_6,2000.0,3000.0
kata1-b15c192-s1062526208-d272346422,20,3710.6828607361635,3533.4280365599993,3887.9376849123278,3753.2491292776785,-42.566268541515,2,a5803f8a5d9d87202b43d709cb328cedaf18c446af448f705c33d553e8c2e9f7,5170ec511fb50cdf10d648416d508574d70e9781ddf156a1b2a86d2b385e94dc,100,1729,maximum_first_20_then_half_top_6,2000.0,3000.0
kata1-b15c192-s1062526208-d272346422,22,3750.4130284449284,3581.5738543189145,3919.2522025709422,3753.2491292776785,-2.8361008327501622,2,a5803f8a5d9d87202b43d709cb328cedaf18c446af448f705c33d553e8c2e9f7,5170ec511fb50cdf10d648416d508574d70e9781ddf156a1b2a86d2b385e94dc,100,1729,maximum_first_20_then_half_top_6,2000.0,3000.0
kata1-b15c192-s1062526208-d272346422,24,3750.77921610622,3590.814135005959,3910.7442972064805,3753.2491292776785,-2.4699131714587566,2,a5803f8a5d9d87202b43d709cb328cedaf18c446af448f705c33d553e8c2e9f7,5170ec511fb50cdf10d648416d508574d70e9781ddf156a1b2a86d2b385e94dc,100,1729,maximum_first_20_then_half_top_6,2000.0,3000.0
kata1-b15c192-s1062526208-d272346422,26,3761.8474093005116,3608.5564951044653,3915.138323496558,3753.2491292776785,8.598280022833023,2,a5803f8a5d9d87202b43d709cb328cedaf18c446af448f705c33d553e8c2e9f7,5170ec511fb50cdf10d648416d508574d70e9781ddf156a1b2a86d2b385e94dc,100,1729,maximum_first_20_then_half_top_6,2000.0,3000.0
kata1-b15c192-s1062526208-d272346422,28,3761.142947802788,3614.5447226637248,3907.7411729418513,3753.2491292776785,7.893818525109509,2,a5803f8a5d9d87202b43d709cb328cedaf18c446af448f705c33d553e8c2e9f7,5170ec511fb50cdf10d648416d508574d70e9781ddf156a1b2a86d2b385e94dc,100,1729,maximum_first_20_then_half_top_6,2000.0,3000.0
kata1-b15c192-s1062526208-d272346422,30,3738.962965258657,3598.7380382257857,3879.187892291528,3753.2491292776785,-14.286164019021726,2,a5803f8a5d9d87202b43d709cb328cedaf18c446af448f705c33d553e8c2e9f7,5170ec511fb50cdf10d648416d508574d70e9781ddf156a1b2a86d2b385e94dc,100,1729,maximum_first_20_then_half_top_6,2000.0,3000.0
kata1-b15c192-s1062526208-d272346422,32,3766.217126737403,3630.112631864709,3902.321621610097,3753.2491292776785,12.967997459724302,2,a5803f8a5d9d87202b43d709cb328cedaf18c446af448f705c33d553e8c2e9f7,5170ec511fb50cdf10d648416d508574d70e9781ddf156a1b2a86d2b385e94dc,100,1729,maximum_first_20_then_half_top_6,2000.0,3000.0
kata1-b15c192-s1062526208-d272346422,34,3777.6244384621828,3645.571383303959,3909.6774936204065,3753.2491292776785,24.375309184504204,2,a5803f8a5d9d87202b43d709cb328cedaf18c446af448f705c33d553e8c2e9f7,5170ec511fb50cdf10d648416d508574d70e9781ddf156a1b2a86d2b385e94dc,100,1729,maximum_first_20_then_half_top_6,2000.0,3000.0
kata1-b15c192-s1062526208-d272346422,36,3764.561166338254,3637.2576934851654,3891.864639191343,3753.2491292776785,11.312037060575676,2,a5803f8a5d9d87202b43d709cb328cedaf18c446af448f705c33d553e8c2e9f7,5170ec511fb50cdf10d648416d508574d70e9781ddf156a1b2a86d2b385e94dc,100,1729,maximum_first_20_then_half_top_6,2000.0,3000.0
kata1-b15c192-s1062526208-d272346422,38,3762.750021920599,3639.255111550017,3886.244932291181,3753.2491292776785,9.500892642920462,2,a5803f8a5d9d87202b43d709cb328cedaf18c446af448f705c33d553e8c2e9f7,5170ec511fb50cdf10d648416d508574d70e9781ddf156a1b2a86d2b385e94dc,100,1729,maximum_first_20_then_half_top_6,2000.0,3000.0
kata1-b15c192-s1062526208-d272346422,40,3746.8067856255257,3626.9277671340687,3866.6858041169826,3753.2491292776785,-6.442343652152886,2,a5803f8a5d9d87202b43d709cb328cedaf18c446af448f705c33d553e8c2e9f7,5170ec511fb50cdf10d648416d508574d70e9781ddf156a1b2a86d2b385e94dc,100,1729,maximum_first_20_then_half_top_6,2000.0,3000.0
kata1-b15c192-s1062526208-d272346422,42,3755.719570841413,3638.789187060486,3872.64995462234,3753.2491292776785,2.470441563734312,2,a5803f8a5d9d87202b43d709cb328cedaf18c446af448f705c33d553e8c2e9f7,5170ec511fb50cdf10d648416d508574d70e9781ddf156a1b2a86d2b385e94dc,100,1729,maximum_first_20_then_half_top_6,2000.0,3000.0
kata1-b15c192-s1062526208-d272346422,44,3754.64484895307,3640.597665470742,3868.692032435398,3753.2491292776785,1.3957196753913195,2,a5803f8a5d9d87202b43d709cb328cedaf18c446af448f705c33d553e8c2e9f7,5170ec511fb50cdf10d648416d508574d70e9781ddf156a1b2a86d2b385e94dc,100,1729,maximum_first_20_then_half_top_6,2000.0,3000.0
kata1-b15c192-s1062526208-d272346422,46,3753.6776042891843,3642.2863246173074,3865.068883961061,3753.2491292776785,0.428475011505725,2,a5803f8a5d9d87202b43d709cb328cedaf18c446af448f705c33d553e8c2e9f7,5170ec511fb50cdf10d648416d508574d70e9781ddf156a1b2a86d2b385e94dc,100,1729,maximum_first_20_then_half_top_6,2000.0,3000.0
kata1-b15c192-s1062526208-d272346422,48,3753.672242035476,3644.722249778317,3862.622234292635,3753.2491292776785,0.4231127577972984,2,a5803f8a5d9d87202b43d709cb328cedaf18c446af448f705c33d553e8c2e9f7,5170ec511fb50cdf10d648416d508574d70e9781ddf156a1b2a86d2b385e94dc,100,1729,maximum_first_20_then_half_top_6,2000.0,3000.0
kata1-b15c192-s1062526208-d272346422,50,3745.0188768631065,3638.4595564563733,3851.5781972698396,3753.2491292776785,-8.230252414572078,2,a5803f8a5d9d87202b43d709cb328cedaf18c446af448f705c33d553e8c2e9f7,5170ec511fb50cdf10d648416d508574d70e9781ddf156a1b2a86d2b385e94dc,100,1729,maximum_first_20_then_half_top_6,2000.0,3000.0
kata1-b15c192-s1062526208-d272346422,52,3739.759700227129,3635.3193698094087,3844.2000306448494,3753.2491292776785,-13.489429050549461,2,a5803f8a5d9d87202b43d709cb328cedaf18c446af448f705c33d553e8c2e9f7,5170ec511fb50cdf10d648416d508574d70e9781ddf156a1b2a86d2b385e94dc,100,1729,maximum_first_20_then_half_top_6,2000.0,3000.0
kata1-b15c192-s1062526208-d272346422,54,3750.169917551585,3647.4741660635377,3852.8656690396324,3753.2491292776785,-3.07921172609349,2,a5803f8a5d9d87202b43d709cb328cedaf18c446af448f705c33d553e8c2e9f7,5170ec511fb50cdf10d648416d508574d70e9781ddf156a1b2a86d2b385e94dc,100,1729,maximum_first_20_then_half_top_6,2000.0,3000.0
kata1-b15c192-s1062526208-d272346422,56,3749.57737627319,3648.7608982653273,3850.393854281053,3753.2491292776785,-3.671753004488437,2,a5803f8a5d9d87202b43d709cb328cedaf18c446af448f705c33d553e8c2e9f7,5170ec511fb50cdf10d648416d508574d70e9781ddf156a1b2a86d2b385e94dc,100,1729,maximum_first_20_then_half_top_6,2000.0,3000.0
kata1-b15c192-s1062526208-d272346422,58,3734.419775328661,3635.4825185426184,3833.357032114704,3753.2491292776785,-18.82935394901733,2,a5803f8a5d9d87202b43d709cb328cedaf18c446af448f705c33d553e8c2e9f7,5170ec511fb50cdf10d648416d508574d70e9781ddf156a1b2a86d2b385e94dc,100,1729,maximum_first_20_then_half_top_6,2000.0,3000.0
kata1-b15c192-s1062526208-d272346422,60,3728.057881769658,3630.783371126891,3825.3323924124247,3753.2491292776785,-25.19124750802075,2,a5803f8a5d9d87202b43d709cb328cedaf18c446af448f705c33d553e8c2e9f7,5170ec511fb50cdf10d648416d508574d70e9781ddf156a1b2a86d2b385e94dc,100,1729,maximum_first_20_then_half_top_6,2000.0,3000.0
kata1-b15c192-s1062526208-d272346422,62,3728.312726747756,3632.5972623947487,3824.0281911007637,3753.2491292776785,-24.93640252992236,2,a5803f8a5d9d87202b43d709cb328cedaf18c446af448f705c33d553e8c2e9f7,5170ec511fb50cdf10d648416d508574d70e9781ddf156a1b2a86d2b385e94dc,100,1729,maximum_first_20_then_half_top_6,2000.0,3000.0
kata1-b15c192-s1062526208-d272346422,64,3737.3120346121586,3642.9675553635466,3831.6565138607707,3753.2491292776785,-15.937094665519908,2,a5803f8a5d9d87202b43d709cb328cedaf18c446af448f705c33d553e8c2e9f7,5170ec511fb50cdf10d648416d508574d70e9781ddf156a1b2a86d2b385e94dc,100,1729,maximum_first_20_then_half_top_6,2000.0,3000.0
kata1-b15c192-s1062526208-d272346422,66,3749.407990085947,3656.3474986225465,3842.4684815493474,3753.2491292776785,-3.8411391917315996,2,a5803f8a5d9d87202b43d709cb328cedaf18c446af448f705c33d553e8c2e9f7,5170ec511fb50cdf10d648416d508574d70e9781ddf156a1b2a86d2b385e94dc,100,1729,maximum_first_20_then_half_top_6,2000.0,3000.0
kata1-b15c192-s1062526208-d272346422,68,3738.3450727891623,3646.734406401797,3829.9557391765275,3753.2491292776785,-14.90405648851629,2,a5803f8a5d9d87202b43d709cb328cedaf18c446af448f705c33d553e8c2e9f7,5170ec511fb50cdf10d648416d508574d70e9781ddf156a1b2a86d2b385e94dc,100,1729,maximum_first_20_then_half_top_6,2000.0,3000.0
kata1-b15c192-s1062526208-d272346422,70,3740.1823978924813,3649.8122607355476,3830.552535049415,3753.2491292776785,-13.066731385197272,2,a5803f8a5d9d87202b43d709cb328cedaf18c446af448f705c33d553e8c2e9f7,5170ec511fb50cdf10d648416d508574d70e9781ddf156a1b2a86d2b385e94dc,100,1729,maximum_first_20_then_half_top_6,2000.0,3000.0
kata1-b15c192-s1062526208-d272346422,72,3745.2917944602236,3656.096710010098,3834.4868789103493,3753.2491292776785,-7.957334817454921,2,a5803f8a5d9d87202b43d709cb328cedaf18c446af448f705c33d553e8c2e9f7,5170ec511fb50cdf10d648416d508574d70e9781ddf156a1b2a86d2b385e94dc,100,1729,maximum_first_20_then_half_top_6,2000.0,3000.0
kata1-b15c192-s1062526208-d272346422,74,3750.638134612822,3662.5484585291733,3838.7278106964704,3753.2491292776785,-2.610994664856662,2,a5803f8a5d9d87202b43d709cb328cedaf18c446af448f705c33d553e8c2e9f7,5170ec511fb50cdf10d648416d508574d70e9781ddf156a1b2a86d2b385e94dc,100,1729,maximum_first_20_then_half_top_6,2000.0,3000.0
kata1-b15c192-s1062526208-d272346422,76,3759.2596588356096,3672.1468955252644,3846.3724221459547,3753.2491292776785,6.010529557931022,2,a5803f8a5d9d87202b43d709cb328cedaf18c446af448f705c33d553e8c2e9f7,5170ec511fb50cdf10d648416d508574d70e9781ddf156a1b2a86d2b385e94dc,100,1729,maximum_first_20_then_half_top_6,2000.0,3000.0
kata1-b15c192-s1062526208-d272346422,78,3749.4332588692005,3663.517761008724,3835.348756729677,3753.2491292776785,-3.8158704084780766,2,a5803f8a5d9d87202b43d709cb328cedaf18c446af448f705c33d553e8c2e9f7,5170ec511fb50cdf10d648416d508574d70e9781ddf156a1b2a86d2b385e94dc,100,1729,maximum_first_20_then_half_top_6,2000.0,3000.0
kata1-b15c192-s1062526208-d272346422,80,3749.0520058559723,3664.1555844580184,3833.948427253926,3753.2491292776785,-4.197123421706237,2,a5803f8a5d9d87202b43d709cb328cedaf18c446af448f705c33d553e8c2e9f7,5170ec511fb50cdf10d648416d508574d70e9781ddf156a1b2a86d2b385e94dc,100,1729,maximum_first_20_then_half_top_6,2000.0,3000.0
kata1-b15c192-s1062526208-d272346422,82,3749.17358587311,3665.248130317224,3833.099041428996,3753.2491292776785,-4.075543404568634,2,a5803f8a5d9d87202b43d709cb328cedaf18c446af448f705c33d553e8c2e9f7,5170ec511fb50cdf10d648416d508574d70e9781ddf156a1b2a86d2b385e94dc,100,1729,maximum_first_20_then_half_top_6,2000.0,3000.0
kata1-b15c192-s1062526208-d272346422,84,3758.201516230055,3675.1012954010803,3841.3017370590296,3753.2491292776785,4.952386952376401,2,a5803f8a5d9d87202b43d709cb328cedaf18c446af448f705c33d553e8c2e9f7,5170ec511fb50cdf10d648416d508574d70e9781ddf156a1b2a86d2b385e94dc,100,1729,maximum_first_20_then_half_top_6,2000.0,3000.0
kata1-b15c192-s1062526208-d272346422,86,3751.4016289496544,3669.243560874032,3833.559697025277,3753.2491292776785,-1.8475003280241253,2,a5803f8a5d9d87202b43d709cb328cedaf18c446af448f705c33d553e8c2e9f7,5170ec511fb50cdf10d648416d508574d70e9781ddf156a1b2a86d2b385e94dc,100,1729,maximum_first_20_then_half_top_6,2000.0,3000.0
kata1-b15c192-s1062526208-d272346422,88,3751.450442704826,3670.1543828941662,3832.7465025154856,3753.2491292776785,-1.7986865728526027,2,a5803f8a5d9d87202b43d709cb328cedaf18c446af448f705c33d553e8c2e9f7,5170ec511fb50cdf10d648416d508574d70e9781ddf156a1b2a86d2b385e94dc,100,1729,maximum_first_20_then_half_top_6,2000.0,3000.0
kata1-b15c192-s1062526208-d272346422,90,3755.2189981242477,3674.719543713467,3835.7184525350285,3753.2491292776785,1.9698688465691703,2,a5803f8a5d9d87202b43d709cb328cedaf18c446af448f705c33d553e8c2e9f7,5170ec511fb50cdf10d648416d508574d70e9781ddf156a1b2a86d2b385e94dc,100,1729,maximum_first_20_then_half_top_6,2000.0,3000.0
kata1-b15c192-s1062526208-d272346422,92,3758.0635651811813,3678.328575758831,3837.7985546035316,3753.2491292776785,4.814435903502726,2,a5803f8a5d9d87202b43d709cb328cedaf18c446af448f705c33d553e8c2e9f7,5170ec511fb50cdf10d648416d508574d70e9781ddf156a1b2a86d2b385e94dc,100,1729,maximum_first_20_then_half_top_6,2000.0,3000.0
kata1-b15c192-s1062526208-d272346422,94,3761.5171929628546,3682.510566600895,3840.523819324814,3753.2491292776785,8.268063685176003,2,a5803f8a5d9d87202b43d709cb328cedaf18c446af448f705c33d553e8c2e9f7,5170ec511fb50cdf10d648416d508574d70e9781ddf156a1b2a86d2b385e94dc,100,1729,maximum_first_20_then_half_top_6,2000.0,3000.0
kata1-b15c192-s1062526208-d272346422,96,3761.3388430439663,3683.0827339671678,3839.594952120765,3753.2491292776785,8.089713766287787,2,a5803f8a5d9d87202b43d709cb328cedaf18c446af448f705c33d553e8c2e9f7,5170ec511fb50cdf10d648416d508574d70e9781ddf156a1b2a86d2b385e94dc,100,1729,maximum_first_20_then_half_top_6,2000.0,3000.0
kata1-b15c192-s1062526208-d272346422,98,3758.3054345850524,3680.8146736469525,3835.796195523152,3753.2491292776785,5.056305307373805,2,a5803f8a5d9d87202b43d709cb328cedaf18c446af448f705c33d553e8c2e9f7,5170ec511fb50cdf10d648416d508574d70e9781ddf156a1b2a86d2b385e94dc,100,1729,maximum_first_20_then_half_top_6,2000.0,3000.0
kata1-b15c192-s1062526208-d272346422,100,3756.85662256641,3680.072515794978,3833.640729337842,3753.2491292776785,3.607493288731348,2,a5803f8a5d9d87202b43d709cb328cedaf18c446af448f705c33d553e8c2e9f7,5170ec511fb50cdf10d648416d508574d70e9781ddf156a1b2a86d2b385e94dc,100,1729,maximum_first_20_then_half_top_6,2000.0,3000.0
kata1-b20c256x2-s2430231552-d525879064,2,2833.880950491955,383.9809910062163,5283.780909977693,3862.9058944464023,-1029.0249439544473,2,a5803f8a5d9d87202b43d709cb328cedaf18c446af448f705c33d553e8c2e9f7,5170ec511fb50cdf10d648416d508574d70e9781ddf156a1b2a86d2b385e94dc,100,1729,maximum_first_20_then_half_top_6,2000.0,3000.0
kata1-b20c256x2-s2430231552-d525879064,4,3558.4518167045294,1683.6417766727525,5433.261856736306,3862.9058944464023,-304.4540777418729,2,a5803f8a5d9d87202b43d709cb328cedaf18c446af448f705c33d553e8c2e9f7,5170ec511fb50cdf10d648416d508574d70e9781ddf156a1b2a86d2b385e94dc,100,1729,maximum_first_20_then_half_top_6,2000.0,3000.0
kata1-b20c256x2-s2430231552-d525879064,6,4221.249864603177,2621.56227598242,5820.937453223934,3862.9058944464023,358.34397015677496,2,a5803f8a5d9d87202b43d709cb328cedaf18c446af448f705c33d553e8c2e9f7,5170ec511fb50cdf10d648416d508574d70e9781ddf156a1b2a86d2b385e94dc,100,1729,maximum_first_20_then_half_top_6,2000.0,3000.0
kata1-b20c256x2-s2430231552-d525879064,8,4213.963670603004,3750.0908195916236,4677.836521614385,3862.9058944464023,351.0577761566019,2,a5803f8a5d9d87202b43d709cb328cedaf18c446af448f705c33d553e8c2e9f7,5170ec511fb50cdf10d648416d508574d70e9781ddf156a1b2a86d2b385e94dc,100,1729,maximum_first_20_then_half_top_6,2000.0,3000.0
kata1-b20c256x2-s2430231552-d525879064,10,4125.146179420483,3784.8465942986877,4465.445764542279,3862.9058944464023,262.2402849740811,2,a5803f8a5d9d87202b43d709cb328cedaf18c446af448f705c33d553e8c2e9f7,5170ec511fb50cdf10d648416d508574d70e9781ddf156a1b2a86d2b385e94dc,100,1729,maximum_first_20_then_half_top_6,2000.0,3000.0
kata1-b20c256x2-s2430231552-d525879064,12,4122.692204617546,3843.171933479405,4402.212475755687,3862.9058944464023,259.78631017114367,2,a5803f8a5d9d87202b43d709cb328cedaf18c446af448f705c33d553e8c2e9f7,5170ec511fb50cdf10d648416d508574d70e9781ddf156a1b2a86d2b385e94dc,100,1729,maximum_first_20_then_half_top_6,2000.0,3000.0
kata1-b20c256x2-s2430231552-d525879064,14,4077.4361470503036,3830.7030898123357,4324.169204288271,3862.9058944464023,214.53025260390132,2,a5803f8a5d9d87202b43d709cb328cedaf18c446af448f705c33d553e8c2e9f7,5170ec511fb50cdf10d648416d508574d70e9781ddf156a1b2a86d2b385e94dc,100,1729,maximum_first_20_then_half_top_6,2000.0,3000.0
kata1-b20c256x2-s2430231552-d525879064,16,4077.6052885768822,3857.024227870672,4298.186349283093,3862.9058944464023,214.69939413047996,2,a5803f8a5d9d87202b43d709cb328cedaf18c446af448f705c33d553e8c2e9f7,5170ec511fb50cdf10d648416d508574d70e9781ddf156a1b2a86d2b385e94dc,100,1729,maximum_first_20_then_half_top_6,2000.0,3000.0
kata1-b20c256x2-s2430231552-d525879064,18,4017.772489383571,3810.0728336281336,4225.472145139009,3862.9058944464023,154.86659493716888,2,a5803f8a5d9d87202b43d709cb328cedaf18c446af448f705c33d553e8c2e9f7,5170ec511fb50cdf10d648416d508574d70e9781ddf156a1b2a86d2b385e94dc,100,1729,maximum_first_20_then_half_top_6,2000.0,3000.0
kata1-b20c256x2-s2430231552-d525879064,20,3960.6237559470187,3760.927731873153,4160.3197800208845,3862.9058944464023,97.71786150061644,2,a5803f8a5d9d87202b43d709cb328cedaf18c446af448f705c33d553e8c2e9f7,5170ec511fb50cdf10d648416d508574d70e9781ddf156a1b2a86d2b385e94dc,100,1729,maximum_first_20_then_half_top_6,2000.0,3000.0
kata1-b20c256x2-s2430231552-d525879064,22,3906.218808789248,3712.0659442656483,4100.371673312848,3862.9058944464023,43.31291434284594,2,a5803f8a5d9d87202b43d709cb328cedaf18c446af448f705c33d553e8c2e9f7,5170ec511fb50cdf10d648416d508574d70e9781ddf156a1b2a86d2b385e94dc,100,1729,maximum_first_20_then_half_top_6,2000.0,3000.0
kata1-b20c256x2-s2430231552-d525879064,24,3929.9918726968613,3752.5700118797586,4107.413733513964,3862.9058944464023,67.085978250459,2,a5803f8a5d9d87202b43d709cb328cedaf18c446af448f705c33d553e8c2e9f7,5170ec511fb50cdf10d648416d508574d70e9781ddf156a1b2a86d2b385e94dc,100,1729,maximum_first_20_then_half_top_6,2000.0,3000.0
kata1-b20c256x2-s2430231552-d525879064,26,3885.8485199562224,3713.099807462083,4058.597232450362,3862.9058944464023,22.942625509820118,2,a5803f8a5d9d87202b43d709cb328cedaf18c446af448f705c33d553e8c2e9f7,5170ec511fb50cdf10d648416d508574d70e9781ddf156a1b2a86d2b385e94dc,100,1729,maximum_first_20_then_half_top_6,2000.0,3000.0
kata1-b20c256x2-s2430231552-d525879064,28,3848.9000489123155,3680.3565360101934,4017.4435618144375,3862.9058944464023,-14.005845534086802,2,a5803f8a5d9d87202b43d709cb328cedaf18c446af448f705c33d553e8c2e9f7,5170ec511fb50cdf10d648416d508574d70e9781ddf156a1b2a86d2b385e94dc,100,1729,maximum_first_20_then_half_top_6,2000.0,3000.0
kata1-b20c256x2-s2430231552-d525879064,30,3817.5410190833422,3652.6834662891647,3982.3985718775198,3862.9058944464023,-45.36487536306004,2,a5803f8a5d9d87202b43d709cb328cedaf18c446af448f705c33d553e8c2e9f7,5170ec511fb50cdf10d648416d508574d70e9781ddf156a1b2a86d2b385e94dc,100,1729,maximum_first_20_then_half_top_6,2000.0,3000.0
kata1-b20c256x2-s2430231552-d525879064,32,3822.562042723059,3666.5612570484614,3978.562828397657,3862.9058944464023,-40.34385172334305,2,a5803f8a5d9d87202b43d709cb328cedaf18c446af448f705c33d553e8c2e9f7,5170ec511fb50cdf10d648416d508574d70e9781ddf156a1b2a86d2b385e94dc,100,1729,maximum_first_20_then_half_top_6,2000.0,3000.0
kata1-b20c256x2-s2430231552-d525879064,34,3805.9350084573803,3654.767795426695,3957.1022214880654,3862.9058944464023,-56.97088598902201,2,a5803f8a5d9d87202b43d709cb328cedaf18c446af448f705c33d553e8c2e9f7,5170ec511fb50cdf10d648416d508574d70e9781ddf156a1b2a86d2b385e94dc,100,1729,maximum_first_20_then_half_top_6,2000.0,3000.0
kata1-b20c256x2-s2430231552-d525879064,36,3836.1748742291225,3694.6940007411954,3977.6557477170495,3862.9058944464023,-26.73102021727982,2,a5803f8a5d9d87202b43d709cb328cedaf18c446af448f705c33d553e8c2e9f7,5170ec511fb50cdf10d648416d508574d70e9781ddf156a1b2a86d2b385e94dc,100,1729,maximum_first_20_then_half_top_6,2000.0,3000.0
kata1-b20c256x2-s2430231552-d525879064,38,3802.8112714763793,3663.186779817621,3942.4357631351377,3862.9058944464023,-60.09462297002301,2,a5803f8a5d9d87202b43d709cb328cedaf18c446af448f705c33d553e8c2e9f7,5170ec511fb50cdf10d648416d508574d70e9781ddf156a1b2a86d2b385e94dc,100,1729,maximum_first_20_then_half_top_6,2000.0,3000.0
kata1-b20c256x2-s2430231552-d525879064,40,3829.1236713701123,3696.7333683895827,3961.513974350642,3862.9058944464023,-33.78222307628994,2,a5803f8a5d9d87202b43d709cb328cedaf18c446af448f705c33d553e8c2e9f7,5170ec511fb50cdf10d648416d508574d70e9781ddf156a1b2a86d2b385e94dc,100,1729,maximum_first_20_then_half_top_6,2000.0,3000.0
kata1-b20c256x2-s2430231552-d525879064,42,3835.9031703149312,3708.0088729066574,3963.797467723205,3862.9058944464023,-27.00272413147104,2,a5803f8a5d9d87202b43d709cb328cedaf18c446af448f705c33d553e8c2e9f7,5170ec511fb50cdf10d648416d508574d70e9781ddf156a1b2a86d2b385e94dc,100,1729,maximum_first_20_then_half_top_6,2000.0,3000.0
kata1-b20c256x2-s2430231552-d525879064,44,3842.802732086753,3718.9444108831267,3966.6610532903796,3862.9058944464023,-20.103162359649104,2,a5803f8a5d9d87202b43d709cb328cedaf18c446af448f705c33d553e8c2e9f7,5170ec511fb50cdf10d648416d508574d70e9781ddf156a1b2a86d2b385e94dc,100,1729,maximum_first_20_then_half_top_6,2000.0,3000.0
kata1-b20c256x2-s2430231552-d525879064,46,3846.6790712473367,3726.2945597713833,3967.06358272329,3862.9058944464023,-16.22682319906562,2,a5803f8a5d9d87202b43d709cb328cedaf18c446af448f705c33d553e8c2e9f7,5170ec511fb50cdf10d648416d508574d70e9781ddf156a1b2a86d2b385e94dc,100,1729,maximum_first_20_then_half_top_6,2000.0,3000.0
kata1-b20c256x2-s2430231552-d525879064,48,3866.509610413993,3749.9588182848634,3983.0604025431226,3862.9058944464023,3.603715967590688,2,a5803f8a5d9d87202b43d709cb328cedaf18c446af448f705c33d553e8c2e9f7,5170ec511fb50cdf10d648416d508574d70e9781ddf156a1b2a86d2b385e94dc,100,1729,maximum_first_20_then_half_top_6,2000.0,3000.0
kata1-b20c256x2-s2430231552-d525879064,50,3877.6863820523304,3764.1867124205965,3991.1860516840643,3862.9058944464023,14.780487605928101,2,a5803f8a5d9d87202b43d709cb328cedaf18c446af448f705c33d553e8c2e9f7,5170ec511fb50cdf10d648416d508574d70e9781ddf156a1b2a86d2b385e94dc,100,1729,maximum_first_20_then_half_top_6,2000.0,3000.0
kata1-b20c256x2-s2430231552-d525879064,52,3860.09141683635,3748.751218976351,3971.4316146963492,3862.9058944464023,-2.8144776100521085,2,a5803f8a5d9d87202b43d709cb328cedaf18c446af448f705c33d553e8c2e9f7,5170ec511fb50cdf10d648416d508574d70e9781ddf156a1b2a86d2b385e94dc,100,1729,maximum_first_20_then_half_top_6,2000.0,3000.0
kata1-b20c256x2-s2430231552-d525879064,54,3868.2520052075256,3759.565894597964,3976.9381158170872,3862.9058944464023,5.346110761123327,2,a5803f8a5d9d87202b43d709cb328cedaf18c446af448f705c33d553e8c2e9f7,5170ec511fb50cdf10d648416d508574d70e9781ddf156a1b2a86d2b385e94dc,100,1729,maximum_first_20_then_half_top_6,2000.0,3000.0
kata1-b20c256x2-s2430231552-d525879064,56,3868.242512210133,3761.812128008947,3974.672896411319,3862.9058944464023,5.336617763730828,2,a5803f8a5d9d87202b43d709cb328cedaf18c446af448f705c33d553e8c2e9f7,5170ec511fb50cdf10d648416d508574d70e9781ddf156a1b2a86d2b385e94dc,100,1729,maximum_first_20_then_half_top_6,2000.0,3000.0
kata1-b20c256x2-s2430231552-d525879064,58,3875.3216599795414,3771.12353702993,3979.519782929153,3862.9058944464023,12.415765533139165,2,a5803f8a5d9d87202b43d709cb328cedaf18c446af448f705c33d553e8c2e9f7,5170ec511fb50cdf10d648416d508574d70e9781ddf156a1b2a86d2b385e94dc,100,1729,maximum_first_20_then_half_top_6,2000.0,3000.0
kata1-b20c256x2-s2430231552-d525879064,60,3869.6281472950723,3767.2578144626045,3971.99848012754,3862.9058944464023,6.722252848669996,2,a5803f8a5d9d87202b43d709cb328cedaf18c446af448f705c33d553e8c2e9f7,5170ec511fb50cdf10d648416d508574d70e9781ddf156a1b2a86d2b385e94dc,100,1729,maximum_first_20_then_half_top_6,2000.0,3000.0
kata1-b20c256x2-s2430231552-d525879064,62,3883.262997192398,3782.9347836317447,3983.591210753051,3862.9058944464023,20.35710274599569,2,a5803f8a5d9d87202b43d709cb328cedaf18c446af448f705c33d553e8c2e9f7,5170ec511fb50cdf10d648416d508574d70e9781ddf156a1b2a86d2b385e94dc,100,1729,maximum_first_20_then_half_top_6,2000.0,3000.0
kata1-b20c256x2-s2430231552-d525879064,64,3882.6778114227122,3784.0673650712874,3981.288257774137,3862.9058944464023,19.771916976309967,2,a5803f8a5d9d87202b43d709cb328cedaf18c446af448f705c33d553e8c2e9f7,5170ec511fb50cdf10d648416d508574d70e9781ddf156a1b2a86d2b385e94dc,100,1729,maximum_first_20_then_half_top_6,2000.0,3000.0
kata1-b20c256x2-s2430231552-d525879064,66,3888.181230541838,3791.2350989003853,3985.1273621832906,3862.9058944464023,25.275336095435705,2,a5803f8a5d9d87202b43d709cb328cedaf18c446af448f705c33d553e8c2e9f7,5170ec511fb50cdf10d648416d508574d70e9781ddf156a1b2a86d2b385e94dc,100,1729,maximum_first_20_then_half_top_6,2000.0,3000.0
kata1-b20c256x2-s2430231552-d525879064,68,3899.6779235443464,3804.280725803423,3995.0751212852697,3862.9058944464023,36.77202909794414,2,a5803f8a5d9d87202b43d709cb328cedaf18c446af448f705c33d553e8c2e9f7,5170ec511fb50cdf10d648416d508574d70e9781ddf156a1b2a86d2b385e94dc,100,1729,maximum_first_20_then_half_top_6,2000.0,3000.0
kata1-b20c256x2-s2430231552-d525879064,70,3894.159617530211,3800.205541942309,3988.113693118113,3862.9058944464023,31.253723083808836,2,a5803f8a5d9d87202b43d709cb328cedaf18c446af448f705c33d553e8c2e9f7,5170ec511fb50cdf10d648416d508574d70e9781ddf156a1b2a86d2b385e94dc,100,1729,maximum_first_20_then_half_top_6,2000.0,3000.0
kata1-b20c256x2-s2430231552-d525879064,72,3898.744135280866,3806.1595522527896,3991.3287183089424,3862.9058944464023,35.838240834463704,2,a5803f8a5d9d87202b43d709cb328cedaf18c446af448f705c33d553e8c2e9f7,5170ec511fb50cdf10d648416d508574d70e9781ddf156a1b2a86d2b385e94dc,100,1729,maximum_first_20_then_half_top_6,2000.0,3000.0
kata1-b20c256x2-s2430231552-d525879064,74,3900.252081330357,3808.9630404257123,3991.541122235002,3862.9058944464023,37.34618688395494,2,a5803f8a5d9d87202b43d709cb328cedaf18c446af448f705c33d553e8c2e9f7,5170ec511fb50cdf10d648416d508574d70e9781ddf156a1b2a86d2b385e94dc,100,1729,maximum_first_20_then_half_top_6,2000.0,3000.0
kata1-b20c256x2-s2430231552-d525879064,76,3889.8805911646427,3799.8137707610917,3979.9474115681937,3862.9058944464023,26.974696718240466,2,a5803f8a5d9d87202b43d709cb328cedaf18c446af448f705c33d553e8c2e9f7,5170ec511fb50cdf10d648416d508574d70e9781ddf156a1b2a86d2b385e94dc,100,1729,maximum_first_20_then_half_top_6,2000.0,3000.0
kata1-b20c256x2-s2430231552-d525879064,78,3878.7970246916657,3789.845823678016,3967.7482257053152,3862.9058944464023,15.891130245263412,2,a5803f8a5d9d87202b43d709cb328cedaf18c446af448f705c33d553e8c2e9f7,5170ec511fb50cdf10d648416d508574d70e9781ddf156a1b2a86d2b385e94dc,100,1729,maximum_first_20_then_half_top_6,2000.0,3000.0
kata1-b20c256x2-s2430231552-d525879064,80,3884.7649156212497,3796.9880836220163,3972.541747620483,3862.9058944464023,21.859021174847385,2,a5803f8a5d9d87202b43d709cb328cedaf18c446af448f705c33d553e8c2e9f7,5170ec511fb50cdf10d648416d508574d70e9781ddf156a1b2a86d2b385e94dc,100,1729,maximum_first_20_then_half_top_6,2000.0,3000.0
kata1-b20c256x2-s2430231552-d525879064,82,3888.9705242834943,3802.3005396166595,3975.640508950329,3862.9058944464023,26.06462983709207,2,a5803f8a5d9d87202b43d709cb328cedaf18c446af448f705c33d553e8c2e9f7,5170ec511fb50cdf10d648416d508574d70e9781ddf156a1b2a86d2b385e94dc,100,1729,maximum_first_20_then_half_top_6,2000.0,3000.0
kata1-b20c256x2-s2430231552-d525879064,84,3884.8016067671347,3799.1403583861998,3970.4628551480696,3862.9058944464023,21.8957123207324,2,a5803f8a5d9d87202b43d709cb328cedaf18c446af448f705c33d553e8c2e9f7,5170ec511fb50cdf10d648416d508574d70e9781ddf156a1b2a86d2b385e94dc,100,1729,maximum_first_20_then_half_top_6,2000.0,3000.0
kata1-b20c256x2-s2430231552-d525879064,86,3893.6547093827794,3809.0188666754534,3978.2905520901054,3862.9058944464023,30.74881493637713,2,a5803f8a5d9d87202b43d709cb328cedaf18c446af448f705c33d553e8c2e9f7,5170ec511fb50cdf10d648416d508574d70e9781ddf156a1b2a86d2b385e94dc,100,1729,maximum_first_20_then_half_top_6,2000.0,3000.0
kata1-b20c256x2-s2430231552-d525879064,88,3897.507682294342,3813.821208027969,3981.194156560715,3862.9058944464023,34.601787847939704,2,a5803f8a5d9d87202b43d709cb328cedaf18c446af448f705c33d553e8c2e9f7,5170ec511fb50cdf10d648416d508574d70e9781ddf156a1b2a86d2b385e94dc,100,1729,maximum_first_20_then_half_top_6,2000.0,3000.0
kata1-b20c256x2-s2430231552-d525879064,90,3896.7484727921537,3813.973677378136,3979.5232682061715,3862.9058944464023,33.84257834575146,2,a5803f8a5d9d87202b43d709cb328cedaf18c446af448f705c33d553e8c2e9f7,5170ec511fb50cdf10d648416d508574d70e9781ddf156a1b2a86d2b385e94dc,100,1729,maximum_first_20_then_half_top_6,2000.0,3000.0
kata1-b20c256x2-s2430231552-d525879064,92,3897.100471957225,3815.200573819792,3979.000370094658,3862.9058944464023,34.19457751082291,2,a5803f8a5d9d87202b43d709cb328cedaf18c446af448f705c33d553e8c2e9f7,5170ec511fb50cdf10d648416d508574d70e9781ddf156a1b2a86d2b385e94dc,100,1729,maximum_first_20_then_half_top_6,2000.0,3000.0
kata1-b20c256x2-s2430231552-d525879064,94,3896.188950667589,3815.134913517036,3977.242987818142,3862.9058944464023,33.2830562211866,2,a5803f8a5d9d87202b43d709cb328cedaf18c446af448f705c33d553e8c2e9f7,5170ec511fb50cdf10d648416d508574d70e9781ddf156a1b2a86d2b385e94dc,100,1729,maximum_first_20_then_half_top_6,2000.0,3000.0
kata1-b20c256x2-s2430231552-d525879064,96,3890.305242379487,3810.002507984548,3970.607976774426,3862.9058944464023,27.399347933084755,2,a5803f8a5d9d87202b43d709cb328cedaf18c446af448f705c33d553e8c2e9f7,5170ec511fb50cdf10d648416d508574d70e9781ddf156a1b2a86d2b385e94dc,100,1729,maximum_first_20_then_half_top_6,2000.0,3000.0
kata1-b20c256x2-s2430231552-d525879064,98,3893.79327199958,3814.281751902166,3973.3047920969943,3862.9058944464023,30.887377553177885,2,a5803f8a5d9d87202b43d709cb328cedaf18c446af448f705c33d553e8c2e9f7,5170ec511fb50cdf10d648416d508574d70e9781ddf156a1b2a86d2b385e94dc,100,1729,maximum_first_20_then_half_top_6,2000.0,3000.0
kata1-b20c256x2-s2430231552-d525879064,100,3894.977814876193,3816.2211222450746,3973.7345075073113,3862.9058944464023,32.07192042979068,2,a5803f8a5d9d87202b43d709cb328cedaf18c446af448f705c33d553e8c2e9f7,5170ec511fb50cdf10d648416d508574d70e9781ddf156a1b2a86d2b385e94dc,100,1729,maximum_first_20_then_half_top_6,2000.0,3000.0
kata1-b40c256x2-s4833666560-d1179059206,2,2830.1881807464742,375.82897613475143,5284.547385358197,3988.51790261065,-1158.3297218641756,2,a5803f8a5d9d87202b43d709cb328cedaf18c446af448f705c33d553e8c2e9f7,5170ec511fb50cdf10d648416d508574d70e9781ddf156a1b2a86d2b385e94dc,100,1729,maximum_first_20_then_half_top_6,2000.0,3000.0
kata1-b40c256x2-s4833666560-d1179059206,4,3551.796673061234,1673.4402530653197,5430.153093057148,3988.51790261065,-436.72122954941597,2,a5803f8a5d9d87202b43d709cb328cedaf18c446af448f705c33d553e8c2e9f7,5170ec511fb50cdf10d648416d508574d70e9781ddf156a1b2a86d2b385e94dc,100,1729,maximum_first_20_then_half_top_6,2000.0,3000.0
kata1-b40c256x2-s4833666560-d1179059206,6,4214.090326911972,2612.1023012290634,5816.07835259488,3988.51790261065,225.57242430132192,2,a5803f8a5d9d87202b43d709cb328cedaf18c446af448f705c33d553e8c2e9f7,5170ec511fb50cdf10d648416d508574d70e9781ddf156a1b2a86d2b385e94dc,100,1729,maximum_first_20_then_half_top_6,2000.0,3000.0
kata1-b40c256x2-s4833666560-d1179059206,8,3864.235548650207,3361.413049279599,4367.058048020815,3988.51790261065,-124.28235396044283,2,a5803f8a5d9d87202b43d709cb328cedaf18c446af448f705c33d553e8c2e9f7,5170ec511fb50cdf10d648416d508574d70e9781ddf156a1b2a86d2b385e94dc,100,1729,maximum_first_20_then_half_top_6,2000.0,3000.0
kata1-b40c256x2-s4833666560-d1179059206,10,3860.2165951444595,3511.009119291186,4209.424070997733,3988.51790261065,-128.30130746619034,2,a5803f8a5d9d87202b43d709cb328cedaf18c446af448f705c33d553e8c2e9f7,5170ec511fb50cdf10d648416d508574d70e9781ddf156a1b2a86d2b385e94dc,100,1729,maximum_first_20_then_half_top_6,2000.0,3000.0
kata1-b40c256x2-s4833666560-d1179059206,12,3856.112486932371,3572.2817742738184,4139.9431995909235,3988.51790261065,-132.4054156782786,2,a5803f8a5d9d87202b43d709cb328cedaf18c446af448f705c33d553e8c2e9f7,5170ec511fb50cdf10d648416d508574d70e9781ddf156a1b2a86d2b385e94dc,100,1729,maximum_first_20_then_half_top_6,2000.0,3000.0
kata1-b40c256x2-s4833666560-d1179059206,14,3946.6801291685924,3695.1160829690257,4198.244175368159,3988.51790261065,-41.83777344205737,2,a5803f8a5d9d87202b43d709cb328cedaf18c446af448f705c33d553e8c2e9f7,5170ec511fb50cdf10d648416d508574d70e9781ddf156a1b2a86d2b385e94dc,100,1729,maximum_first_20_then_half_top_6,2000.0,3000.0
kata1-b40c256x2-s4833666560-d1179059206,16,3945.3149894454236,3721.524210010786,4169.105768880061,3988.51790261065,-43.202913165226164,2,a5803f8a5d9d87202b43d709cb328cedaf18c446af448f705c33d553e8c2e9f7,5170ec511fb50cdf10d648416d508574d70e9781ddf156a1b2a86d2b385e94dc,100,1729,maximum_first_20_then_half_top_6,2000.0,3000.0
kata1-b40c256x2-s4833666560-d1179059206,18,3944.428254322404,3740.6668367750185,4148.18967186979,3988.51790261065,-44.089648288245826,2,a5803f8a5d9d87202b43d709cb328cedaf18c446af448f705c33d553e8c2e9f7,5170ec511fb50cdf10d648416d508574d70e9781ddf156a1b2a86d2b385e94dc,100,1729,maximum_first_20_then_half_top_6,2000.0,3000.0
kata1-b40c256x2-s4833666560-d1179059206,20,3943.8038641628245,3755.3614507568905,4132.246277568759,3988.51790261065,-44.71403844782526,2,a5803f8a5d9d87202b43d709cb328cedaf18c446af448f705c33d553e8c2e9f7,5170ec511fb50cdf10d648416d508574d70e9781ddf156a1b2a86d2b385e94dc,100,1729,maximum_first_20_then_half_top_6,2000.0,3000.0
kata1-b40c256x2-s4833666560-d1179059206,22,3932.69612012709,3756.3712221678247,4109.021018086356,3988.51790261065,-55.82178248355967,2,a5803f8a5d9d87202b43d709cb328cedaf18c446af448f705c33d553e8c2e9f7,5170ec511fb50cdf10d648416d508574d70e9781ddf156a1b2a86d2b385e94dc,100,1729,maximum_first_20_then_half_top_6,2000.0,3000.0
kata1-b40c256x2-s4833666560-d1179059206,24,3913.6577568081107,3747.851513557761,4079.4640000584604,3988.51790261065,-74.86014580253914,2,a5803f8a5d9d87202b43d709cb328cedaf18c446af448f705c33d553e8c2e9f7,5170ec511fb50cdf10d648416d508574d70e9781ddf156a1b2a86d2b385e94dc,100,1729,maximum_first_20_then_half_top_6,2000.0,3000.0
kata1-b40c256x2-s4833666560-d1179059206,26,3958.8902744748184,3799.8537548120526,4117.926794137584,3988.51790261065,-29.6276281358314,2,a5803f8a5d9d87202b43d709cb328cedaf18c446af448f705c33d553e8c2e9f7,5170ec511fb50cdf10d648416d508574d70e9781ddf156a1b2a86d2b385e94dc,100,1729,maximum_first_20_then_half_top_6,2000.0,3000.0
kata1-b40c256x2-s4833666560-d1179059206,28,3984.3730632771226,3830.776704581989,4137.969421972256,3988.51790261065,-4.144839333527216,2,a5803f8a5d9d87202b43d709cb328cedaf18c446af448f705c33d553e8c2e9f7,5170ec511fb50cdf10d648416d508574d70e9781ddf156a1b2a86d2b385e94dc,100,1729,maximum_first_20_then_half_top_6,2000.0,3000.0
kata1-b40c256x2-s4833666560-d1179059206,30,3970.6378473424106,3824.4629898925095,4116.812704792312,3988.51790261065,-17.880055268239175,2,a5803f8a5d9d87202b43d709cb328cedaf18c446af448f705c33d553e8c2e9f7,5170ec511fb50cdf10d648416d508574d70e9781ddf156a1b2a86d2b385e94dc,100,1729,maximum_first_20_then_half_top_6,2000.0,3000.0
kata1-b40c256x2-s4833666560-d1179059206,32,3945.286087666558,3805.555967066234,4085.016208266882,3988.51790261065,-43.23181494409164,2,a5803f8a5d9d87202b43d709cb328cedaf18c446af448f705c33d553e8c2e9f7,5170ec511fb50cdf10d648416d508574d70e9781ddf156a1b2a86d2b385e94dc,100,1729,maximum_first_20_then_half_top_6,2000.0,3000.0
kata1-b40c256x2-s4833666560-d1179059206,34,3944.926103911417,3810.1705886416535,4079.681619181181,3988.51790261065,-43.59179869923264,2,a5803f8a5d9d87202b43d709cb328cedaf18c446af448f705c33d553e8c2e9f7,5170ec511fb50cdf10d648416d508574d70e9781ddf156a1b2a86d2b385e94dc,100,1729,maximum_first_20_then_half_top_6,2000.0,3000.0
kata1-b40c256x2-s4833666560-d1179059206,36,3932.6633431637033,3802.4727809306496,4062.853905396757,3988.51790261065,-55.854559446946496,2,a5803f8a5d9d87202b43d709cb328cedaf18c446af448f705c33d553e8c2e9f7,5170ec511fb50cdf10d648416d508574d70e9781ddf156a1b2a86d2b385e94dc,100,1729,maximum_first_20_then_half_top_6,2000.0,3000.0
kata1-b40c256x2-s4833666560-d1179059206,38,3949.8998418280926,3823.221028412096,4076.578655244089,3988.51790261065,-38.61806078255722,2,a5803f8a5d9d87202b43d709cb328cedaf18c446af448f705c33d553e8c2e9f7,5170ec511fb50cdf10d648416d508574d70e9781ddf156a1b2a86d2b385e94dc,100,1729,maximum_first_20_then_half_top_6,2000.0,3000.0
kata1-b40c256x2-s4833666560-d1179059206,40,3953.1311476170226,3829.9744258542396,4076.2878693798057,3988.51790261065,-35.386754993627164,2,a5803f8a5d9d87202b43d709cb328cedaf18c446af448f705c33d553e8c2e9f7,5170ec511fb50cdf10d648416d508574d70e9781ddf156a1b2a86d2b385e94dc,100,1729,maximum_first_20_then_half_top_6,2000.0,3000.0
kata1-b40c256x2-s4833666560-d1179059206,42,3972.5077762457345,3852.1443610414135,4092.8711914500554,3988.51790261065,-16.010126364915322,2,a5803f8a5d9d87202b43d709cb328cedaf18c446af448f705c33d553e8c2e9f7,5170ec511fb50cdf10d648416d508574d70e9781ddf156a1b2a86d2b385e94dc,100,1729,maximum_first_20_then_half_top_6,2000.0,3000.0
kata1-b40c256x2-s4833666560-d1179059206,44,3974.2022673457063,3856.8739522104124,4091.5305824810002,3988.51790261065,-14.315635264943467,2,a5803f8a5d9d87202b43d709cb328cedaf18c446af448f705c33d553e8c2e9f7,5170ec511fb50cdf10d648416d508574d70e9781ddf156a1b2a86d2b385e94dc,100,1729,maximum_first_20_then_half_top_6,2000.0,3000.0
kata1-b40c256x2-s4833666560-d1179059206,46,3966.654452372361,3852.361718204205,4080.947186540517,3988.51790261065,-21.863450238288806,2,a5803f8a5d9d87202b43d709cb328cedaf18c446af448f705c33d553e8c2e9f7,5170ec511fb50cdf10d648416d508574d70e9781ddf156a1b2a86d2b385e94dc,100,1729,maximum_first_20_then_half_top_6,2000.0,3000.0
kata1-b40c256x2-s4833666560-d1179059206,48,3956.7935657402736,3845.296082966962,4068.2910485135853,3988.51790261065,-31.72433687037619,2,a5803f8a5d9d87202b43d709cb328cedaf18c446af448f705c33d553e8c2e9f7,5170ec511fb50cdf10d648416d508574d70e9781ddf156a1b2a86d2b385e94dc,100,1729,maximum_first_20_then_half_top_6,2000.0,3000.0
kata1-b40c256x2-s4833666560-d1179059206,50,3937.7567099011662,3828.84122193177,4046.6721978705623,3988.51790261065,-50.761192709483566,2,a5803f8a5d9d87202b43d709cb328cedaf18c446af448f705c33d553e8c2e9f7,5170ec511fb50cdf10d648416d508574d70e9781ddf156a1b2a86d2b385e94dc,100,1729,maximum_first_20_then_half_top_6,2000.0,3000.0
kata1-b40c256x2-s4833666560-d1179059206,52,3936.11613436061,3829.456624779362,4042.775643941858,3988.51790261065,-52.40176825003982,2,a5803f8a5d9d87202b43d709cb328cedaf18c446af448f705c33d553e8c2e9f7,5170ec511fb50cdf10d648416d508574d70e9781ddf156a1b2a86d2b385e94dc,100,1729,maximum_first_20_then_half_top_6,2000.0,3000.0
kata1-b40c256x2-s4833666560-d1179059206,54,3934.6202275620026,3830.064729279121,4039.1757258448843,3988.51790261065,-53.897675048647216,2,a5803f8a5d9d87202b43d709cb328cedaf18c446af448f705c33d553e8c2e9f7,5170ec511fb50cdf10d648416d508574d70e9781ddf156a1b2a86d2b385e94dc,100,1729,maximum_first_20_then_half_top_6,2000.0,3000.0
kata1-b40c256x2-s4833666560-d1179059206,56,3940.4264649560428,3837.800825631885,4043.0521042802006,3988.51790261065,-48.091437654607034,2,a5803f8a5d9d87202b43d709cb328cedaf18c446af448f705c33d553e8c2e9f7,5170ec511fb50cdf10d648416d508574d70e9781ddf156a1b2a86d2b385e94dc,100,1729,maximum_first_20_then_half_top_6,2000.0,3000.0
kata1-b40c256x2-s4833666560-d1179059206,58,3926.7090556734556,3825.9619250705605,4027.4561862763508,3988.51790261065,-61.808846937194176,2,a5803f8a5d9d87202b43d709cb328cedaf18c446af448f705c33d553e8c2e9f7,5170ec511fb50cdf10d648416d508574d70e9781ddf156a1b2a86d2b385e94dc,100,1729,maximum_first_20_then_half_top_6,2000.0,3000.0
kata1-b40c256x2-s4833666560-d1179059206,60,3930.7155220849418,3831.6507206524775,4029.780323517406,3988.51790261065,-57.80238052570803,2,a5803f8a5d9d87202b43d709cb328cedaf18c446af448f705c33d553e8c2e9f7,5170ec511fb50cdf10d648416d508574d70e9781ddf156a1b2a86d2b385e94dc,100,1729,maximum_first_20_then_half_top_6,2000.0,3000.0
kata1-b40c256x2-s4833666560-d1179059206,62,3940.85759995599,3843.2996040670837,4038.415595844896,3988.51790261065,-47.66030265465997,2,a5803f8a5d9d87202b43d709cb328cedaf18c446af448f705c33d553e8c2e9f7,5170ec511fb50cdf10d648416d508574d70e9781ddf156a1b2a86d2b385e94dc,100,1729,maximum_first_20_then_half_top_6,2000.0,3000.0
kata1-b40c256x2-s4833666560-d1179059206,64,3940.855875888523,3844.8500083964686,4036.861743380577,3988.51790261065,-47.66202672212694,2,a5803f8a5d9d87202b43d709cb328cedaf18c446af448f705c33d553e8c2e9f7,5170ec511fb50cdf10d648416d508574d70e9781ddf156a1b2a86d2b385e94dc,100,1729,maximum_first_20_then_half_top_6,2000.0,3000.0
kata1-b40c256x2-s4833666560-d1179059206,66,3948.9521457357805,3854.2947160649055,4043.6095754066555,3988.51790261065,-39.565756874869294,2,a5803f8a5d9d87202b43d709cb328cedaf18c446af448f705c33d553e8c2e9f7,5170ec511fb50cdf10d648416d508574d70e9781ddf156a1b2a86d2b385e94dc,100,1729,maximum_first_20_then_half_top_6,2000.0,3000.0
kata1-b40c256x2-s4833666560-d1179059206,68,3960.2423894904537,3866.8001409631875,4053.68463801772,3988.51790261065,-28.275513120196138,2,a5803f8a5d9d87202b43d709cb328cedaf18c446af448f705c33d553e8c2e9f7,5170ec511fb50cdf10d648416d508574d70e9781ddf156a1b2a86d2b385e94dc,100,1729,maximum_first_20_then_half_top_6,2000.0,3000.0
kata1-b40c256x2-s4833666560-d1179059206,70,3965.2232747517787,3873.0103295977165,4057.436219905841,3988.51790261065,-23.29462785887108,2,a5803f8a5d9d87202b43d709cb328cedaf18c446af448f705c33d553e8c2e9f7,5170ec511fb50cdf10d648416d508574d70e9781ddf156a1b2a86d2b385e94dc,100,1729,maximum_first_20_then_half_top_6,2000.0,3000.0
kata1-b40c256x2-s4833666560-d1179059206,72,3960.9504270174734,3870.087565051273,4051.813288983674,3988.51790261065,-27.56747559317637,2,a5803f8a5d9d87202b43d709cb328cedaf18c446af448f705c33d553e8c2e9f7,5170ec511fb50cdf10d648416d508574d70e9781ddf156a1b2a86d2b385e94dc,100,1729,maximum_first_20_then_half_top_6,2000.0,3000.0
kata1-b40c256x2-s4833666560-d1179059206,74,3960.333795720065,3870.688460907559,4049.979130532571,3988.51790261065,-28.184106890584644,2,a5803f8a5d9d87202b43d709cb328cedaf18c446af448f705c33d553e8c2e9f7,5170ec511fb50cdf10d648416d508574d70e9781ddf156a1b2a86d2b385e94dc,100,1729,maximum_first_20_then_half_top_6,2000.0,3000.0
kata1-b40c256x2-s4833666560-d1179059206,76,3969.9968871246747,3881.3138459821494,4058.6799282672,3988.51790261065,-18.521015485975113,2,a5803f8a5d9d87202b43d709cb328cedaf18c446af448f705c33d553e8c2e9f7,5170ec511fb50cdf10d648416d508574d70e9781ddf156a1b2a86d2b385e94dc,100,1729,maximum_first_20_then_half_top_6,2000.0,3000.0
kata1-b40c256x2-s4833666560-d1179059206,78,3965.947466197176,3878.452283091056,4053.4426493032956,3988.51790261065,-22.570436413474,2,a5803f8a5d9d87202b43d709cb328cedaf18c446af448f705c33d553e8c2e9f7,5170ec511fb50cdf10d648416d508574d70e9781ddf156a1b2a86d2b385e94dc,100,1729,maximum_first_20_then_half_top_6,2000.0,3000.0
kata1-b40c256x2-s4833666560-d1179059206,80,3973.2291289113778,3886.5978426812203,4059.860415141535,3988.51790261065,-15.288773699272042,2,a5803f8a5d9d87202b43d709cb328cedaf18c446af448f705c33d553e8c2e9f7,5170ec511fb50cdf10d648416d508574d70e9781ddf156a1b2a86d2b385e94dc,100,1729,maximum_first_20_then_half_top_6,2000.0,3000.0
kata1-b40c256x2-s4833666560-d1179059206,82,3960.9584852777934,3875.546257416386,4046.3707131392007,3988.51790261065,-27.559417332856356,2,a5803f8a5d9d87202b43d709cb328cedaf18c446af448f705c33d553e8c2e9f7,5170ec511fb50cdf10d648416d508574d70e9781ddf156a1b2a86d2b385e94dc,100,1729,maximum_first_20_then_half_top_6,2000.0,3000.0
kata1-b40c256x2-s4833666560-d1179059206,84,3964.024641762832,3879.5227825322704,4048.5265009933933,3988.51790261065,-24.493260847817965,2,a5803f8a5d9d87202b43d709cb328cedaf18c446af448f705c33d553e8c2e9f7,5170ec511fb50cdf10d648416d508574d70e9781ddf156a1b2a86d2b385e94dc,100,1729,maximum_first_20_then_half_top_6,2000.0,3000.0
kata1-b40c256x2-s4833666560-d1179059206,86,3954.476957464097,3871.0598811299983,4037.8940337981953,3988.51790261065,-34.040945146552986,2,a5803f8a5d9d87202b43d709cb328cedaf18c446af448f705c33d553e8c2e9f7,5170ec511fb50cdf10d648416d508574d70e9781ddf156a1b2a86d2b385e94dc,100,1729,maximum_first_20_then_half_top_6,2000.0,3000.0
kata1-b40c256x2-s4833666560-d1179059206,88,3953.1387250978155,3870.6315279464316,4035.6459222491994,3988.51790261065,-35.3791775128343,2,a5803f8a5d9d87202b43d709cb328cedaf18c446af448f705c33d553e8c2e9f7,5170ec511fb50cdf10d648416d508574d70e9781ddf156a1b2a86d2b385e94dc,100,1729,maximum_first_20_then_half_top_6,2000.0,3000.0
kata1-b40c256x2-s4833666560-d1179059206,90,3958.631967362845,3876.9035022157086,4040.3604325099814,3988.51790261065,-29.88593524780481,2,a5803f8a5d9d87202b43d709cb328cedaf18c446af448f705c33d553e8c2e9f7,5170ec511fb50cdf10d648416d508574d70e9781ddf156a1b2a86d2b385e94dc,100,1729,maximum_first_20_then_half_top_6,2000.0,3000.0
kata1-b40c256x2-s4833666560-d1179059206,92,3966.5183474709347,3885.487016109795,4047.5496788320743,3988.51790261065,-21.999555139715085,2,a5803f8a5d9d87202b43d709cb328cedaf18c446af448f705c33d553e8c2e9f7,5170ec511fb50cdf10d648416d508574d70e9781ddf156a1b2a86d2b385e94dc,100,1729,maximum_first_20_then_half_top_6,2000.0,3000.0
kata1-b40c256x2-s4833666560-d1179059206,94,3963.291895736727,3883.1147053622517,4043.469086111202,3988.51790261065,-25.22600687392287,2,a5803f8a5d9d87202b43d709cb328cedaf18c446af448f705c33d553e8c2e9f7,5170ec511fb50cdf10d648416d508574d70e9781ddf156a1b2a86d2b385e94dc,100,1729,maximum_first_20_then_half_top_6,2000.0,3000.0
kata1-b40c256x2-s4833666560-d1179059206,96,3969.32563577156,3889.7871392221787,4048.8641323209413,3988.51790261065,-19.192266839089825,2,a5803f8a5d9d87202b43d709cb328cedaf18c446af448f705c33d553e8c2e9f7,5170ec511fb50cdf10d648416d508574d70e9781ddf156a1b2a86d2b385e94dc,100,1729,maximum_first_20_then_half_top_6,2000.0,3000.0
kata1-b40c256x2-s4833666560-d1179059206,98,3962.2706076055197,3883.594918630361,4040.9462965806783,3988.51790261065,-26.247295005130127,2,a5803f8a5d9d87202b43d709cb328cedaf18c446af448f705c33d553e8c2e9f7,5170ec511fb50cdf10d648416d508574d70e9781ddf156a1b2a86d2b385e94dc,100,1729,maximum_first_20_then_half_top_6,2000.0,3000.0
kata1-b40c256x2-s4833666560-d1179059206,100,3964.1908927395702,3886.180918369786,4042.2008671093545,3988.51790261065,-24.327009871079554,2,a5803f8a5d9d87202b43d709cb328cedaf18c446af448f705c33d553e8c2e9f7,5170ec511fb50cdf10d648416d508574d70e9781ddf156a1b2a86d2b385e94dc,100,1729,maximum_first_20_then_half_top_6,2000.0,3000.0
kata1-b60c320-s6678602752-d3043834427,2,2826.233674315162,367.0744171968272,5285.392931433496,4103.3530172068795,-1277.1193428917177,2,a5803f8a5d9d87202b43d709cb328cedaf18c446af448f705c33d553e8c2e9f7,5170ec511fb50cdf10d648416d508574d70e9781ddf156a1b2a86d2b385e94dc,100,1729,maximum_first_20_then_half_top_6,2000.0,3000.0
kata1-b60c320-s6678602752-d3043834427,4,3545.382104010107,1663.5873768071149,5427.176831213099,4103.3530172068795,-557.9709131967725,2,a5803f8a5d9d87202b43d709cb328cedaf18c446af448f705c33d553e8c2e9f7,5170ec511fb50cdf10d648416d508574d70e9781ddf156a1b2a86d2b385e94dc,100,1729,maximum_first_20_then_half_top_6,2000.0,3000.0
kata1-b60c320-s6678602752-d3043834427,6,4206.723154555199,2602.2861347105422,5811.160174399854,4103.3530172068795,103.37013734831908,2,a5803f8a5d9d87202b43d709cb328cedaf18c446af448f705c33d553e8c2e9f7,5170ec511fb50cdf10d648416d508574d70e9781ddf156a1b2a86d2b385e94dc,100,1729,maximum_first_20_then_half_top_6,2000.0,3000.0
kata1-b60c320-s6678602752-d3043834427,8,4204.235725427317,3739.7469411337606,4668.724509720874,4103.3530172068795,100.88270822043796,2,a5803f8a5d9d87202b43d709cb328cedaf18c446af448f705c33d553e8c2e9f7,5170ec511fb50cdf10d648416d508574d70e9781ddf156a1b2a86d2b385e94dc,100,1729,maximum_first_20_then_half_top_6,2000.0,3000.0
kata1-b60c320-s6678602752-d3043834427,10,4116.318016301265,3775.4981324339587,4457.137900168571,4103.3530172068795,12.964999094385348,2,a5803f8a5d9d87202b43d709cb328cedaf18c446af448f705c33d553e8c2e9f7,5170ec511fb50cdf10d648416d508574d70e9781ddf156a1b2a86d2b385e94dc,100,1729,maximum_first_20_then_half_top_6,2000.0,3000.0
kata1-b60c320-s6678602752-d3043834427,12,3999.852073296261,3697.6845868367886,4302.019559755734,4103.3530172068795,-103.50094391061839,2,a5803f8a5d9d87202b43d709cb328cedaf18c446af448f705c33d553e8c2e9f7,5170ec511fb50cdf10d648416d508574d70e9781ddf156a1b2a86d2b385e94dc,100,1729,maximum_first_20_then_half_top_6,2000.0,3000.0
kata1-b60c320-s6678602752-d3043834427,14,3998.816470843069,3741.517683101531,4256.115258584607,4103.3530172068795,-104.53654636381043,2,a5803f8a5d9d87202b43d709cb328cedaf18c446af448f705c33d553e8c2e9f7,5170ec511fb50cdf10d648416d508574d70e9781ddf156a1b2a86d2b385e94dc,100,1729,maximum_first_20_then_half_top_6,2000.0,3000.0
kata1-b60c320-s6678602752-d3043834427,16,4034.715447703627,3810.102078429599,4259.328816977655,4103.3530172068795,-68.63756950325251,2,a5803f8a5d9d87202b43d709cb328cedaf18c446af448f705c33d553e8c2e9f7,5170ec511fb50cdf10d648416d508574d70e9781ddf156a1b2a86d2b385e94dc,100,1729,maximum_first_20_then_half_top_6,2000.0,3000.0
kata1-b60c320-s6678602752-d3043834427,18,4002.5092439457367,3795.796803009435,4209.221684882039,4103.3530172068795,-100.84377326114281,2,a5803f8a5d9d87202b43d709cb328cedaf18c446af448f705c33d553e8c2e9f7,5170ec511fb50cdf10d648416d508574d70e9781ddf156a1b2a86d2b385e94dc,100,1729,maximum_first_20_then_half_top_6,2000.0,3000.0
kata1-b60c320-s6678602752-d3043834427,20,4027.862291068136,3838.4243318253143,4217.300250310958,4103.3530172068795,-75.49072613874341,2,a5803f8a5d9d87202b43d709cb328cedaf18c446af448f705c33d553e8c2e9f7,5170ec511fb50cdf10d648416d508574d70e9781ddf156a1b2a86d2b385e94dc,100,1729,maximum_first_20_then_half_top_6,2000.0,3000.0
kata1-b60c320-s6678602752-d3043834427,22,4023.065343988603,3845.7594342057037,4200.371253771503,4103.3530172068795,-80.28767321827627,2,a5803f8a5d9d87202b43d709cb328cedaf18c446af448f705c33d553e8c2e9f7,5170ec511fb50cdf10d648416d508574d70e9781ddf156a1b2a86d2b385e94dc,100,1729,maximum_first_20_then_half_top_6,2000.0,3000.0
kata1-b60c320-s6678602752-d3043834427,24,4043.7085006612983,3876.918003511236,4210.498997811361,4103.3530172068795,-59.644516545581155,2,a5803f8a5d9d87202b43d709cb328cedaf18c446af448f705c33d553e8c2e9f7,5170ec511fb50cdf10d648416d508574d70e9781ddf156a1b2a86d2b385e94dc,100,1729,maximum_first_20_then_half_top_6,2000.0,3000.0
kata1-b60c320-s6678602752-d3043834427,26,4045.658625592482,3887.3781582345628,4203.939092950402,4103.3530172068795,-57.69439161439732,2,a5803f8a5d9d87202b43d709cb328cedaf18c446af448f705c33d553e8c2e9f7,5170ec511fb50cdf10d648416d508574d70e9781ddf156a1b2a86d2b385e94dc,100,1729,maximum_first_20_then_half_top_6,2000.0,3000.0
kata1-b60c320-s6678602752-d3043834427,28,4070.42476142862,3919.0030317258706,4221.8464911313695,4103.3530172068795,-32.92825577825943,2,a5803f8a5d9d87202b43d709cb328cedaf18c446af448f705c33d553e8c2e9f7,5170ec511fb50cdf10d648416d508574d70e9781ddf156a1b2a86d2b385e94dc,100,1729,maximum_first_20_then_half_top_6,2000.0,3000.0
kata1-b60c320-s6678602752-d3043834427,30,4051.716678017338,3906.6572574151555,4196.77609861952,4103.3530172068795,-51.63633918954156,2,a5803f8a5d9d87202b43d709cb328cedaf18c446af448f705c33d553e8c2e9f7,5170ec511fb50cdf10d648416d508574d70e9781ddf156a1b2a86d2b385e94dc,100,1729,maximum_first_20_then_half_top_6,2000.0,3000.0
kata1-b60c320-s6678602752-d3043834427,32,4044.3895236773437,3904.5068482635766,4184.272199091111,4103.3530172068795,-58.963493529535754,2,a5803f8a5d9d87202b43d709cb328cedaf18c446af448f705c33d553e8c2e9f7,5170ec511fb50cdf10d648416d508574d70e9781ddf156a1b2a86d2b385e94dc,100,1729,maximum_first_20_then_half_top_6,2000.0,3000.0
kata1-b60c320-s6678602752-d3043834427,34,4058.6197807981616,3923.8542663019766,4193.385295294346,4103.3530172068795,-44.73323640871786,2,a5803f8a5d9d87202b43d709cb328cedaf18c446af448f705c33d553e8c2e9f7,5170ec511fb50cdf10d648416d508574d70e9781ddf156a1b2a86d2b385e94dc,100,1729,maximum_first_20_then_half_top_6,2000.0,3000.0
kata1-b60c320-s6678602752-d3043834427,36,4054.371127298893,3923.9169775848304,4184.825277012956,4103.3530172068795,-48.98188990798644,2,a5803f8a5d9d87202b43d709cb328cedaf18c446af448f705c33d553e8c2e9f7,5170ec511fb50cdf10d648416d508574d70e9781ddf156a1b2a86d2b385e94dc,100,1729,maximum_first_20_then_half_top_6,2000.0,3000.0
kata1-b60c320-s6678602752-d3043834427,38,4055.5649528323897,3929.12767105524,4182.002234609539,4103.3530172068795,-47.78806437448975,2,a5803f8a5d9d87202b43d709cb328cedaf18c446af448f705c33d553e8c2e9f7,5170ec511fb50cdf10d648416d508574d70e9781ddf156a1b2a86d2b385e94dc,100,1729,maximum_first_20_then_half_top_6,2000.0,3000.0
kata1-b60c320-s6678602752-d3043834427,40,4055.9801116920744,3933.1775958457624,4178.782627538386,4103.3530172068795,-47.3729055148051,2,a5803f8a5d9d87202b43d709cb328cedaf18c446af448f705c33d553e8c2e9f7,5170ec511fb50cdf10d648416d508574d70e9781ddf156a1b2a86d2b385e94dc,100,1729,maximum_first_20_then_half_top_6,2000.0,3000.0
kata1-b60c320-s6678602752-d3043834427,42,4066.9187589378594,3947.413831320812,4186.423686554907,4103.3530172068795,-36.43425826902012,2,a5803f8a5d9d87202b43d709cb328cedaf18c446af448f705c33d553e8c2e9f7,5170ec511fb50cdf10d648416d508574d70e9781ddf156a1b2a86d2b385e94dc,100,1729,maximum_first_20_then_half_top_6,2000.0,3000.0
kata1-b60c320-s6678602752-d3043834427,44,4067.233895358966,3950.7645749700364,4183.703215747896,4103.3530172068795,-36.11912184791345,2,a5803f8a5d9d87202b43d709cb328cedaf18c446af448f705c33d553e8c2e9f7,5170ec511fb50cdf10d648416d508574d70e9781ddf156a1b2a86d2b385e94dc,100,1729,maximum_first_20_then_half_top_6,2000.0,3000.0
kata1-b60c320-s6678602752-d3043834427,46,4070.720919673152,3956.929820248298,4184.512019098006,4103.3530172068795,-32.632097533727574,2,a5803f8a5d9d87202b43d709cb328cedaf18c446af448f705c33d553e8c2e9f7,5170ec511fb50cdf10d648416d508574d70e9781ddf156a1b2a86d2b385e94dc,100,1729,maximum_first_20_then_half_top_6,2000.0,3000.0
kata1-b60c320-s6678602752-d3043834427,48,4070.8208780607924,3959.6195406451243,4182.022215476461,4103.3530172068795,-32.53213914608705,2,a5803f8a5d9d87202b43d709cb328cedaf18c446af448f705c33d553e8c2e9f7,5170ec511fb50cdf10d648416d508574d70e9781ddf156a1b2a86d2b385e94dc,100,1729,maximum_first_20_then_half_top_6,2000.0,3000.0
kata1-b60c320-s6678602752-d3043834427,50,4065.685458545076,3956.802067255185,4174.568849834967,4103.3530172068795,-37.66755866180347,2,a5803f8a5d9d87202b43d709cb328cedaf18c446af448f705c33d553e8c2e9f7,5170ec511fb50cdf10d648416d508574d70e9781ddf156a1b2a86d2b385e94dc,100,1729,maximum_first_20_then_half_top_6,2000.0,3000.0
kata1-b60c320-s6678602752-d3043834427,52,4073.3282895642938,3966.6818748156675,4179.97470431292,4103.3530172068795,-30.02472764258573,2,a5803f8a5d9d87202b43d709cb328cedaf18c446af448f705c33d553e8c2e9f7,5170ec511fb50cdf10d648416d508574d70e9781ddf156a1b2a86d2b385e94dc,100,1729,maximum_first_20_then_half_top_6,2000.0,3000.0
kata1-b60c320-s6678602752-d3043834427,54,4073.3050668009764,3968.751092309779,4177.859041292174,4103.3530172068795,-30.047950405903066,2,a5803f8a5d9d87202b43d709cb328cedaf18c446af448f705c33d553e8c2e9f7,5170ec511fb50cdf10d648416d508574d70e9781ddf156a1b2a86d2b385e94dc,100,1729,maximum_first_20_then_half_top_6,2000.0,3000.0
kata1-b60c320-s6678602752-d3043834427,56,4065.7084755389965,3963.121967719926,4168.294983358067,4103.3530172068795,-37.644541667883004,2,a5803f8a5d9d87202b43d709cb328cedaf18c446af448f705c33d553e8c2e9f7,5170ec511fb50cdf10d648416d508574d70e9781ddf156a1b2a86d2b385e94dc,100,1729,maximum_first_20_then_half_top_6,2000.0,3000.0
kata1-b60c320-s6678602752-d3043834427,58,4068.440225530728,3967.6265097055907,4169.253941355865,4103.3530172068795,-34.9127916761513,2,a5803f8a5d9d87202b43d709cb328cedaf18c446af448f705c33d553e8c2e9f7,5170ec511fb50cdf10d648416d508574d70e9781ddf156a1b2a86d2b385e94dc,100,1729,maximum_first_20_then_half_top_6,2000.0,3000.0
kata1-b60c320-s6678602752-d3043834427,60,4068.2151657702198,3969.134349108474,4167.295982431966,4103.3530172068795,-35.13785143665973,2,a5803f8a5d9d87202b43d709cb328cedaf18c446af448f705c33d553e8c2e9f7,5170ec511fb50cdf10d648416d508574d70e9781ddf156a1b2a86d2b385e94dc,100,1729,maximum_first_20_then_half_top_6,2000.0,3000.0
kata1-b60c320-s6678602752-d3043834427,62,4066.737689748186,3969.2794613510805,4164.195918145291,4103.3530172068795,-36.61532745869363,2,a5803f8a5d9d87202b43d709cb328cedaf18c446af448f705c33d553e8c2e9f7,5170ec511fb50cdf10d648416d508574d70e9781ddf156a1b2a86d2b385e94dc,100,1729,maximum_first_20_then_half_top_6,2000.0,3000.0
kata1-b60c320-s6678602752-d3043834427,64,4079.2560291283858,3983.310367850496,4175.201690406276,4103.3530172068795,-24.096988078493723,2,a5803f8a5d9d87202b43d709cb328cedaf18c446af448f705c33d553e8c2e9f7,5170ec511fb50cdf10d648416d508574d70e9781ddf156a1b2a86d2b385e94dc,100,1729,maximum_first_20_then_half_top_6,2000.0,3000.0
kata1-b60c320-s6678602752-d3043834427,66,4079.0259829477563,3984.5450722549826,4173.50689364053,4103.3530172068795,-24.32703425912314,2,a5803f8a5d9d87202b43d709cb328cedaf18c446af448f705c33d553e8c2e9f7,5170ec511fb50cdf10d648416d508574d70e9781ddf156a1b2a86d2b385e94dc,100,1729,maximum_first_20_then_half_top_6,2000.0,3000.0
kata1-b60c320-s6678602752-d3043834427,68,4072.737551465713,3979.671374600375,4165.8037283310505,4103.3530172068795,-30.615465741166645,2,a5803f8a5d9d87202b43d709cb328cedaf18c446af448f705c33d553e8c2e9f7,5170ec511fb50cdf10d648416d508574d70e9781ddf156a1b2a86d2b385e94dc,100,1729,maximum_first_20_then_half_top_6,2000.0,3000.0
kata1-b60c320-s6678602752-d3043834427,70,4072.728027942945,3980.9785846506225,4164.477471235267,4103.3530172068795,-30.624989263934367,2,a5803f8a5d9d87202b43d709cb328cedaf18c446af448f705c33d553e8c2e9f7,5170ec511fb50cdf10d648416d508574d70e9781ddf156a1b2a86d2b385e94dc,100,1729,maximum_first_20_then_half_top_6,2000.0,3000.0
kata1-b60c320-s6678602752-d3043834427,72,4070.393194377163,3979.8616739916956,4160.924714762631,4103.3530172068795,-32.95982282971636,2,a5803f8a5d9d87202b43d709cb328cedaf18c446af448f705c33d553e8c2e9f7,5170ec511fb50cdf10d648416d508574d70e9781ddf156a1b2a86d2b385e94dc,100,1729,maximum_first_20_then_half_top_6,2000.0,3000.0
kata1-b60c320-s6678602752-d3043834427,74,4070.1622094876875,3980.8283362185975,4159.4960827567775,4103.3530172068795,-33.19080771919198,2,a5803f8a5d9d87202b43d709cb328cedaf18c446af448f705c33d553e8c2e9f7,5170ec511fb50cdf10d648416d508574d70e9781ddf156a1b2a86d2b385e94dc,100,1729,maximum_first_20_then_half_top_6,2000.0,3000.0
kata1-b60c320-s6678602752-d3043834427,76,4069.944932858002,3981.752395746709,4158.137469969295,4103.3530172068795,-33.40808434887731,2,a5803f8a5d9d87202b43d709cb328cedaf18c446af448f705c33d553e8c2e9f7,5170ec511fb50cdf10d648416d508574d70e9781ddf156a1b2a86d2b385e94dc,100,1729,maximum_first_20_then_half_top_6,2000.0,3000.0
kata1-b60c320-s6678602752-d3043834427,78,4070.0144637213994,3982.9124561002654,4157.116471342533,4103.3530172068795,-33.33855348548013,2,a5803f8a5d9d87202b43d709cb328cedaf18c446af448f705c33d553e8c2e9f7,5170ec511fb50cdf10d648416d508574d70e9781ddf156a1b2a86d2b385e94dc,100,1729,maximum_first_20_then_half_top_6,2000.0,3000.0
kata1-b60c320-s6678602752-d3043834427,80,4060.2153412565667,3974.1498791323297,4146.280803380804,4103.3530172068795,-43.13767595031277,2,a5803f8a5d9d87202b43d709cb328cedaf18c446af448f705c33d553e8c2e9f7,5170ec511fb50cdf10d648416d508574d70e9781ddf156a1b2a86d2b385e94dc,100,1729,maximum_first_20_then_half_top_6,2000.0,3000.0
kata1-b60c320-s6678602752-d3043834427,82,4064.042263247349,3978.9852051292587,4149.09932136544,4103.3530172068795,-39.3107539595303,2,a5803f8a5d9d87202b43d709cb328cedaf18c446af448f705c33d553e8c2e9f7,5170ec511fb50cdf10d648416d508574d70e9781ddf156a1b2a86d2b385e94dc,100,1729,maximum_first_20_then_half_top_6,2000.0,3000.0
kata1-b60c320-s6678602752-d3043834427,84,4072.2402756806623,3988.1219808748087,4156.358570486515,4103.3530172068795,-31.112741526217178,2,a5803f8a5d9d87202b43d709cb328cedaf18c446af448f705c33d553e8c2e9f7,5170ec511fb50cdf10d648416d508574d70e9781ddf156a1b2a86d2b385e94dc,100,1729,maximum_first_20_then_half_top_6,2000.0,3000.0
kata1-b60c320-s6678602752-d3043834427,86,4071.0999009007564,3987.9013512738557,4154.298450527657,4103.3530172068795,-32.25311630612305,2,a5803f8a5d9d87202b43d709cb328cedaf18c446af448f705c33d553e8c2e9f7,5170ec511fb50cdf10d648416d508574d70e9781ddf156a1b2a86d2b385e94dc,100,1729,maximum_first_20_then_half_top_6,2000.0,3000.0
kata1-b60c320-s6678602752-d3043834427,88,4075.466260469688,3993.1301486713564,4157.80237226802,4103.3530172068795,-27.886756737191263,2,a5803f8a5d9d87202b43d709cb328cedaf18c446af448f705c33d553e8c2e9f7,5170ec511fb50cdf10d648416d508574d70e9781ddf156a1b2a86d2b385e94dc,100,1729,maximum_first_20_then_half_top_6,2000.0,3000.0
kata1-b60c320-s6678602752-d3043834427,90,4075.389984647709,3993.9057393671783,4156.874229928239,4103.3530172068795,-27.963032559170642,2,a5803f8a5d9d87202b43d709cb328cedaf18c446af448f705c33d553e8c2e9f7,5170ec511fb50cdf10d648416d508574d70e9781ddf156a1b2a86d2b385e94dc,100,1729,maximum_first_20_then_half_top_6,2000.0,3000.0
kata1-b60c320-s6678602752-d3043834427,92,4075.0999464085667,3994.4369400185083,4155.762952798625,4103.3530172068795,-28.25307079831282,2,a5803f8a5d9d87202b43d709cb328cedaf18c446af448f705c33d553e8c2e9f7,5170ec511fb50cdf10d648416d508574d70e9781ddf156a1b2a86d2b385e94dc,100,1729,maximum_first_20_then_half_top_6,2000.0,3000.0
kata1-b60c320-s6678602752-d3043834427,94,4078.051533426898,3998.1504363708077,4157.952630482989,4103.3530172068795,-25.30148377998148,2,a5803f8a5d9d87202b43d709cb328cedaf18c446af448f705c33d553e8c2e9f7,5170ec511fb50cdf10d648416d508574d70e9781ddf156a1b2a86d2b385e94dc,100,1729,maximum_first_20_then_half_top_6,2000.0,3000.0
kata1-b60c320-s6678602752-d3043834427,96,4077.922884796173,3998.7847939863336,4157.060975606012,4103.3530172068795,-25.430132410706392,2,a5803f8a5d9d87202b43d709cb328cedaf18c446af448f705c33d553e8c2e9f7,5170ec511fb50cdf10d648416d508574d70e9781ddf156a1b2a86d2b385e94dc,100,1729,maximum_first_20_then_half_top_6,2000.0,3000.0
kata1-b60c320-s6678602752-d3043834427,98,4079.9288229350022,4001.4816827243467,4158.375963145658,4103.3530172068795,-23.42419427187724,2,a5803f8a5d9d87202b43d709cb328cedaf18c446af448f705c33d553e8c2e9f7,5170ec511fb50cdf10d648416d508574d70e9781ddf156a1b2a86d2b385e94dc,100,1729,maximum_first_20_then_half_top_6,2000.0,3000.0
kata1-b60c320-s6678602752-d3043834427,100,4075.7892370602467,3998.0873236423786,4153.491150478115,4103.3530172068795,-27.56378014663278,2,a5803f8a5d9d87202b43d709cb328cedaf18c446af448f705c33d553e8c2e9f7,5170ec511fb50cdf10d648416d508574d70e9781ddf156a1b2a86d2b385e94dc,100,1729,maximum_first_20_then_half_top_6,2000.0,3000.0
kata1-b28c512nbt-s12313658112-d5687582971,2,2847.8339231648297,414.56818196572704,5281.099664363932,4200.90243921563,-1353.0685160508,2,a5803f8a5d9d87202b43d709cb328cedaf18c446af448f705c33d553e8c2e9f7,5170ec511fb50cdf10d648416d508574d70e9781ddf156a1b2a86d2b385e94dc,100,1729,maximum_first_20_then_half_top_6,2000.0,3000.0
kata1-b28c512nbt-s12313658112-d5687582971,4,3566.446856795096,1695.9016866080517,5436.9920269821405,4200.90243921563,-634.4555824205336,2,a5803f8a5d9d87202b43d709cb328cedaf18c446af448f705c33d553e8c2e9f7,5170ec511fb50cdf10d648416d508574d70e9781ddf156a1b2a86d2b385e94dc,100,1729,maximum_first_20_then_half_top_6,2000.0,3000.0
kata1-b28c512nbt-s12313658112-d5687582971,6,4234.28595373147,2638.7914200756213,5829.780487387318,4200.90243921563,33.383514515840034,2,a5803f8a5d9d87202b43d709cb328cedaf18c446af448f705c33d553e8c2e9f7,5170ec511fb50cdf10d648416d508574d70e9781ddf156a1b2a86d2b385e94dc,100,1729,maximum_first_20_then_half_top_6,2000.0,3000.0
kata1-b28c512nbt-s12313658112-d5687582971,8,4219.659152967277,3756.420978936808,4682.897326997746,4200.90243921563,18.756713751647112,2,a5803f8a5d9d87202b43d709cb328cedaf18c446af448f705c33d553e8c2e9f7,5170ec511fb50cdf10d648416d508574d70e9781ddf156a1b2a86d2b385e94dc,100,1729,maximum_first_20_then_half_top_6,2000.0,3000.0
kata1-b28c512nbt-s12313658112-d5687582971,10,4218.994181517719,3882.873795295029,4555.114567740409,4200.90243921563,18.091742302089187,2,a5803f8a5d9d87202b43d709cb328cedaf18c446af448f705c33d553e8c2e9f7,5170ec511fb50cdf10d648416d508574d70e9781ddf156a1b2a86d2b385e94dc,100,1729,maximum_first_20_then_half_top_6,2000.0,3000.0
kata1-b28c512nbt-s12313658112-d5687582971,12,4210.776662303623,3933.7288130407687,4487.824511566478,4200.90243921563,9.874223087993414,2,a5803f8a5d9d87202b43d709cb328cedaf18c446af448f705c33d553e8c2e9f7,5170ec511fb50cdf10d648416d508574d70e9781ddf156a1b2a86d2b385e94dc,100,1729,maximum_first_20_then_half_top_6,2000.0,3000.0
kata1-b28c512nbt-s12313658112-d5687582971,14,4206.575204929257,3965.1872167160086,4447.963193142506,4200.90243921563,5.672765713627086,2,a5803f8a5d9d87202b43d709cb328cedaf18c446af448f705c33d553e8c2e9f7,5170ec511fb50cdf10d648416d508574d70e9781ddf156a1b2a86d2b385e94dc,100,1729,maximum_first_20_then_half_top_6,2000.0,3000.0
kata1-b28c512nbt-s12313658112-d5687582971,16,4169.567089986814,3952.181468033657,4386.95271193997,4200.90243921563,-31.335349228816085,2,a5803f8a5d9d87202b43d709cb328cedaf18c446af448f705c33d553e8c2e9f7,5170ec511fb50cdf10d648416d508574d70e9781ddf156a1b2a86d2b385e94dc,100,1729,maximum_first_20_then_half_top_6,2000.0,3000.0
kata1-b28c512nbt-s12313658112-d5687582971,18,4197.327580331756,3998.519760294869,4396.135400368642,4200.90243921563,-3.5748588838741853,2,a5803f8a5d9d87202b43d709cb328cedaf18c446af448f705c33d553e8c2e9f7,5170ec511fb50cdf10d648416d508574d70e9781ddf156a1b2a86d2b385e94dc,100,1729,maximum_first_20_then_half_top_6,2000.0,3000.0
kata1-b28c512nbt-s12313658112-d5687582971,20,4196.817922396229,4012.1354598241546,4381.500384968303,4200.90243921563,-4.08451681940096,2,a5803f8a5d9d87202b43d709cb328cedaf18c446af448f705c33d553e8c2e9f7,5170ec511fb50cdf10d648416d508574d70e9781ddf156a1b2a86d2b385e94dc,100,1729,maximum_first_20_then_half_top_6,2000.0,3000.0
kata1-b28c512nbt-s12313658112-d5687582971,22,4196.434346435043,4023.1360305635208,4369.7326623065655,4200.90243921563,-4.46809278058663,2,a5803f8a5d9d87202b43d709cb328cedaf18c446af448f705c33d553e8c2e9f7,5170ec511fb50cdf10d648416d508574d70e9781ddf156a1b2a86d2b385e94dc,100,1729,maximum_first_20_then_half_top_6,2000.0,3000.0
kata1-b28c512nbt-s12313658112-d5687582971,24,4196.135181799246,4032.2600055527632,4360.010358045729,4200.90243921563,-4.7672574163834724,2,a5803f8a5d9d87202b43d709cb328cedaf18c446af448f705c33d553e8c2e9f7,5170ec511fb50cdf10d648416d508574d70e9781ddf156a1b2a86d2b385e94dc,100,1729,maximum_first_20_then_half_top_6,2000.0,3000.0
kata1-b28c512nbt-s12313658112-d5687582971,26,4195.895298189075,4039.9834982194184,4351.807098158732,4200.90243921563,-5.007141026554564,2,a5803f8a5d9d87202b43d709cb328cedaf18c446af448f705c33d553e8c2e9f7,5170ec511fb50cdf10d648416d508574d70e9781ddf156a1b2a86d2b385e94dc,100,1729,maximum_first_20_then_half_top_6,2000.0,3000.0
kata1-b28c512nbt-s12313658112-d5687582971,28,4192.894999708178,4043.866674848372,4341.923324567984,4200.90243921563,-8.007439507451636,2,a5803f8a5d9d87202b43d709cb328cedaf18c446af448f705c33d553e8c2e9f7,5170ec511fb50cdf10d648416d508574d70e9781ddf156a1b2a86d2b385e94dc,100,1729,maximum_first_20_then_half_top_6,2000.0,3000.0
kata1-b28c512nbt-s12313658112-d5687582971,30,4190.393657474452,4047.3621198675705,4333.425195081334,4200.90243921563,-10.5087817411777,2,a5803f8a5d9d87202b43d709cb328cedaf18c446af448f705c33d553e8c2e9f7,5170ec511fb50cdf10d648416d508574d70e9781ddf156a1b2a86d2b385e94dc,100,1729,maximum_first_20_then_half_top_6,2000.0,3000.0
kata1-b28c512nbt-s12313658112-d5687582971,32,4188.276683051838,4050.527531545845,4326.02583455783,4200.90243921563,-12.625756163792175,2,a5803f8a5d9d87202b43d709cb328cedaf18c446af448f705c33d553e8c2e9f7,5170ec511fb50cdf10d648416d508574d70e9781ddf156a1b2a86d2b385e94dc,100,1729,maximum_first_20_then_half_top_6,2000.0,3000.0
kata1-b28c512nbt-s12313658112-d5687582971,34,4198.955905058051,4065.780994889569,4332.130815226534,4200.90243921563,-1.9465341575787534,2,a5803f8a5d9d87202b43d709cb328cedaf18c446af448f705c33d553e8c2e9f7,5170ec511fb50cdf10d648416d508574d70e9781ddf156a1b2a86d2b385e94dc,100,1729,maximum_first_20_then_half_top_6,2000.0,3000.0
kata1-b28c512nbt-s12313658112-d5687582971,36,4200.233911877252,4071.272160054551,4329.195663699952,4200.90243921563,-0.668527338378226,2,a5803f8a5d9d87202b43d709cb328cedaf18c446af448f705c33d553e8c2e9f7,5170ec511fb50cdf10d648416d508574d70e9781ddf156a1b2a86d2b385e94dc,100,1729,maximum_first_20_then_half_top_6,2000.0,3000.0
kata1-b28c512nbt-s12313658112-d5687582971,38,4188.908423648881,4063.8492647243197,4313.967582573442,4200.90243921563,-11.994015566749113,2,a5803f8a5d9d87202b43d709cb328cedaf18c446af448f705c33d553e8c2e9f7,5170ec511fb50cdf10d648416d508574d70e9781ddf156a1b2a86d2b385e94dc,100,1729,maximum_first_20_then_half_top_6,2000.0,3000.0
kata1-b28c512nbt-s12313658112-d5687582971,40,4187.365993080989,4065.768537683996,4308.963448477982,4200.90243921563,-13.536446134640755,2,a5803f8a5d9d87202b43d709cb328cedaf18c446af448f705c33d553e8c2e9f7,5170ec511fb50cdf10d648416d508574d70e9781ddf156a1b2a86d2b385e94dc,100,1729,maximum_first_20_then_half_top_6,2000.0,3000.0
kata1-b28c512nbt-s12313658112-d5687582971,42,4185.995464599748,4067.559904183586,4304.43102501591,4200.90243921563,-14.906974615882064,2,a5803f8a5d9d87202b43d709cb328cedaf18c446af448f705c33d553e8c2e9f7,5170ec511fb50cdf10d648416d508574d70e9781ddf156a1b2a86d2b385e94dc,100,1729,maximum_first_20_then_half_top_6,2000.0,3000.0
kata1-b28c512nbt-s12313658112-d5687582971,44,4186.403999801429,4070.868397960487,4301.939601642371,4200.90243921563,-14.49843941420113,2,a5803f8a5d9d87202b43d709cb328cedaf18c446af448f705c33d553e8c2e9f7,5170ec511fb50cdf10d648416d508574d70e9781ddf156a1b2a86d2b385e94dc,100,1729,maximum_first_20_then_half_top_6,2000.0,3000.0
kata1-b28c512nbt-s12313658112-d5687582971,46,4183.763499817199,4070.9045949247284,4296.622404709669,4200.90243921563,-17.13893939843092,2,a5803f8a5d9d87202b43d709cb328cedaf18c446af448f705c33d553e8c2e9f7,5170ec511fb50cdf10d648416d508574d70e9781ddf156a1b2a86d2b385e94dc,100,1729,maximum_first_20_then_half_top_6,2000.0,3000.0
kata1-b28c512nbt-s12313658112-d5687582971,48,4191.108140780095,4080.6868058262767,4301.529475733913,4200.90243921563,-9.794298435534984,2,a5803f8a5d9d87202b43d709cb328cedaf18c446af448f705c33d553e8c2e9f7,5170ec511fb50cdf10d648416d508574d70e9781ddf156a1b2a86d2b385e94dc,100,1729,maximum_first_20_then_half_top_6,2000.0,3000.0
kata1-b28c512nbt-s12313658112-d5687582971,50,4192.333904257814,4084.2162582388173,4300.45155027681,4200.90243921563,-8.568534957816155,2,a5803f8a5d9d87202b43d709cb328cedaf18c446af448f705c33d553e8c2e9f7,5170ec511fb50cdf10d648416d508574d70e9781ddf156a1b2a86d2b385e94dc,100,1729,maximum_first_20_then_half_top_6,2000.0,3000.0
kata1-b28c512nbt-s12313658112-d5687582971,52,4184.782844895117,4078.85575230888,4290.709937481354,4200.90243921563,-16.119594320512988,2,a5803f8a5d9d87202b43d709cb328cedaf18c446af448f705c33d553e8c2e9f7,5170ec511fb50cdf10d648416d508574d70e9781ddf156a1b2a86d2b385e94dc,100,1729,maximum_first_20_then_half_top_6,2000.0,3000.0
kata1-b28c512nbt-s12313658112-d5687582971,54,4186.163551057413,4082.2409338141147,4290.086168300712,4200.90243921563,-14.738888158216469,2,a5803f8a5d9d87202b43d709cb328cedaf18c446af448f705c33d553e8c2e9f7,5170ec511fb50cdf10d648416d508574d70e9781ddf156a1b2a86d2b385e94dc,100,1729,maximum_first_20_then_half_top_6,2000.0,3000.0
kata1-b28c512nbt-s12313658112-d5687582971,56,4185.216532208586,4083.183777067592,4287.249287349579,4200.90243921563,-15.68590700704408,2,a5803f8a5d9d87202b43d709cb328cedaf18c446af448f705c33d553e8c2e9f7,5170ec511fb50cdf10d648416d508574d70e9781ddf156a1b2a86d2b385e94dc,100,1729,maximum_first_20_then_half_top_6,2000.0,3000.0
kata1-b28c512nbt-s12313658112-d5687582971,58,4185.550892662485,4085.291260178174,4285.810525146797,4200.90243921563,-15.351546553144544,2,a5803f8a5d9d87202b43d709cb328cedaf18c446af448f705c33d553e8c2e9f7,5170ec511fb50cdf10d648416d508574d70e9781ddf156a1b2a86d2b385e94dc,100,1729,maximum_first_20_then_half_top_6,2000.0,3000.0
kata1-b28c512nbt-s12313658112-d5687582971,60,4189.132645897783,4090.4802087680328,4287.785083027533,4200.90243921563,-11.769793317846961,2,a5803f8a5d9d87202b43d709cb328cedaf18c446af448f705c33d553e8c2e9f7,5170ec511fb50cdf10d648416d508574d70e9781ddf156a1b2a86d2b385e94dc,100,1729,maximum_first_20_then_half_top_6,2000.0,3000.0
kata1-b28c512nbt-s12313658112-d5687582971,62,4189.3094421406895,4092.23662328377,4286.38226099761,4200.90243921563,-11.592997074940286,2,a5803f8a5d9d87202b43d709cb328cedaf18c446af448f705c33d553e8c2e9f7,5170ec511fb50cdf10d648416d508574d70e9781ddf156a1b2a86d2b385e94dc,100,1729,maximum_first_20_then_half_top_6,2000.0,3000.0
kata1-b28c512nbt-s12313658112-d5687582971,64,4192.522192411588,4096.860732092071,4288.183652731104,4200.90243921563,-8.380246804042145,2,a5803f8a5d9d87202b43d709cb328cedaf18c446af448f705c33d553e8c2e9f7,5170ec511fb50cdf10d648416d508574d70e9781ddf156a1b2a86d2b385e94dc,100,1729,maximum_first_20_then_half_top_6,2000.0,3000.0
kata1-b28c512nbt-s12313658112-d5687582971,66,4187.49402099614,4093.2729069005095,4281.71513509177,4200.90243921563,-13.408418219490159,2,a5803f8a5d9d87202b43d709cb328cedaf18c446af448f705c33d553e8c2e9f7,5170ec511fb50cdf10d648416d508574d70e9781ddf156a1b2a86d2b385e94dc,100,1729,maximum_first_20_then_half_top_6,2000.0,3000.0
kata1-b28c512nbt-s12313658112-d5687582971,68,4186.684913323794,4093.817998938712,4279.551827708876,4200.90243921563,-14.217525891835976,2,a5803f8a5d9d87202b43d709cb328cedaf18c446af448f705c33d553e8c2e9f7,5170ec511fb50cdf10d648416d508574d70e9781ddf156a1b2a86d2b385e94dc,100,1729,maximum_first_20_then_half_top_6,2000.0,3000.0
kata1-b28c512nbt-s12313658112-d5687582971,70,4181.4164956987315,4089.831057218963,4273.0019341785,4200.90243921563,-19.48594351689826,2,a5803f8a5d9d87202b43d709cb328cedaf18c446af448f705c33d553e8c2e9f7,5170ec511fb50cdf10d648416d508574d70e9781ddf156a1b2a86d2b385e94dc,100,1729,maximum_first_20_then_half_top_6,2000.0,3000.0
kata1-b28c512nbt-s12313658112-d5687582971,72,4179.956198717318,4089.5995938491196,4270.312803585517,4200.90243921563,-20.946240498311454,2,a5803f8a5d9d87202b43d709cb328cedaf18c446af448f705c33d553e8c2e9f7,5170ec511fb50cdf10d648416d508574d70e9781ddf156a1b2a86d2b385e94dc,100,1729,maximum_first_20_then_half_top_6,2000.0,3000.0
kata1-b28c512nbt-s12313658112-d5687582971,74,4181.079703288756,4091.8861138664524,4270.273292711059,4200.90243921563,-19.822735926873975,2,a5803f8a5d9d87202b43d709cb328cedaf18c446af448f705c33d553e8c2e9f7,5170ec511fb50cdf10d648416d508574d70e9781ddf156a1b2a86d2b385e94dc,100,1729,maximum_first_20_then_half_top_6,2000.0,3000.0
kata1-b28c512nbt-s12313658112-d5687582971,76,4174.629512284304,4086.5399271584306,4262.719097410177,4200.90243921563,-26.272926931325856,2,a5803f8a5d9d87202b43d709cb328cedaf18c446af448f705c33d553e8c2e9f7,5170ec511fb50cdf10d648416d508574d70e9781ddf156a1b2a86d2b385e94dc,100,1729,maximum_first_20_then_half_top_6,2000.0,3000.0
kata1-b28c512nbt-s12313658112-d5687582971,78,4178.425672097895,4091.421539832407,4265.429804363383,4200.90243921563,-22.476767117735108,2,a5803f8a5d9d87202b43d709cb328cedaf18c446af448f705c33d553e8c2e9f7,5170ec511fb50cdf10d648416d508574d70e9781ddf156a1b2a86d2b385e94dc,100,1729,maximum_first_20_then_half_top_6,2000.0,3000.0
kata1-b28c512nbt-s12313658112-d5687582971,80,4178.846523308881,4092.8622266306834,4264.830819987079,4200.90243921563,-22.05591590674885,2,a5803f8a5d9d87202b43d709cb328cedaf18c446af448f705c33d553e8c2e9f7,5170ec511fb50cdf10d648416d508574d70e9781ddf156a1b2a86d2b385e94dc,100,1729,maximum_first_20_then_half_top_6,2000.0,3000.0
kata1-b28c512nbt-s12313658112-d5687582971,82,4177.650175626782,4092.6481133360385,4262.652237917525,4200.90243921563,-23.25226358884811,2,a5803f8a5d9d87202b43d709cb328cedaf18c446af448f705c33d553e8c2e9f7,5170ec511fb50cdf10d648416d508574d70e9781ddf156a1b2a86d2b385e94dc,100,1729,maximum_first_20_then_half_top_6,2000.0,3000.0
kata1-b28c512nbt-s12313658112-d5687582971,84,4178.686033018126,4094.617508852959,4262.754557183293,4200.90243921563,-22.216406197503602,2,a5803f8a5d9d87202b43d709cb328cedaf18c446af448f705c33d553e8c2e9f7,5170ec511fb50cdf10d648416d508574d70e9781ddf156a1b2a86d2b385e94dc,100,1729,maximum_first_20_then_half_top_6,2000.0,3000.0
kata1-b28c512nbt-s12313658112-d5687582971,86,4176.017862857843,4092.7987083926773,4259.237017323009,4200.90243921563,-24.8845763577865,2,a5803f8a5d9d87202b43d709cb328cedaf18c446af448f705c33d553e8c2e9f7,5170ec511fb50cdf10d648416d508574d70e9781ddf156a1b2a86d2b385e94dc,100,1729,maximum_first_20_then_half_top_6,2000.0,3000.0
kata1-b28c512nbt-s12313658112-d5687582971,88,4174.9767230034995,4092.6319267157755,4257.321519291223,4200.90243921563,-25.925716212130283,2,a5803f8a5d9d87202b43d709cb328cedaf18c446af448f705c33d553e8c2e9f7,5170ec511fb50cdf10d648416d508574d70e9781ddf156a1b2a86d2b385e94dc,100,1729,maximum_first_20_then_half_top_6,2000.0,3000.0
kata1-b28c512nbt-s12313658112-d5687582971,90,4171.230653335165,4089.7113533453485,4252.749953324981,4200.90243921563,-29.671785880464995,2,a5803f8a5d9d87202b43d709cb328cedaf18c446af448f705c33d553e8c2e9f7,5170ec511fb50cdf10d648416d508574d70e9781ddf156a1b2a86d2b385e94dc,100,1729,maximum_first_20_then_half_top_6,2000.0,3000.0
kata1-b28c512nbt-s12313658112-d5687582971,92,4164.7426055909045,4083.9689767654404,4245.516234416369,4200.90243921563,-36.15983362472525,2,a5803f8a5d9d87202b43d709cb328cedaf18c446af448f705c33d553e8c2e9f7,5170ec511fb50cdf10d648416d508574d70e9781ddf156a1b2a86d2b385e94dc,100,1729,maximum_first_20_then_half_top_6,2000.0,3000.0
kata1-b28c512nbt-s12313658112-d5687582971,94,4159.972836348751,4079.960635014361,4239.985037683142,4200.90243921563,-40.92960286687867,2,a5803f8a5d9d87202b43d709cb328cedaf18c446af448f705c33d553e8c2e9f7,5170ec511fb50cdf10d648416d508574d70e9781ddf156a1b2a86d2b385e94dc,100,1729,maximum_first_20_then_half_top_6,2000.0,3000.0
kata1-b28c512nbt-s12313658112-d5687582971,96,4161.2568518705575,4081.991434447859,4240.522269293257,4200.90243921563,-39.64558734507227,2,a5803f8a5d9d87202b43d709cb328cedaf18c446af448f705c33d553e8c2e9f7,5170ec511fb50cdf10d648416d508574d70e9781ddf156a1b2a86d2b385e94dc,100,1729,maximum_first_20_then_half_top_6,2000.0,3000.0
kata1-b28c512nbt-s12313658112-d5687582971,98,4160.652653538348,4082.120005588404,4239.185301488292,4200.90243921563,-40.24978567728158,2,a5803f8a5d9d87202b43d709cb328cedaf18c446af448f705c33d553e8c2e9f7,5170ec511fb50cdf10d648416d508574d70e9781ddf156a1b2a86d2b385e94dc,100,1729,maximum_first_20_then_half_top_6,2000.0,3000.0
kata1-b28c512nbt-s12313658112-d5687582971,100,4163.86628722213,4086.061133572574,4241.671440871686,4200.90243921563,-37.036151993499516,2,a5803f8a5d9d87202b43d709cb328cedaf18c446af448f705c33d553e8c2e9f7,5170ec511fb50cdf10d648416d508574d70e9781ddf156a1b2a86d2b385e94dc,100,1729,maximum_first_20_then_half_top_6,2000.0,3000.0
kata1-b28c512nbt-s7229617920-d4333415784-playouts60,2,3987.774352581349,2305.524759272603,5670.023945890094,4309.451041532548,-321.6766889511987,2,a5803f8a5d9d87202b43d709cb328cedaf18c446af448f705c33d553e8c2e9f7,5170ec511fb50cdf10d648416d508574d70e9781ddf156a1b2a86d2b385e94dc,100,1729,maximum_first_20_then_half_top_6,2000.0,3000.0
kata1-b28c512nbt-s7229617920-d4333415784-playouts60,4,4165.188536966472,3627.92105497552,4702.456018957425,4309.451041532548,-144.26250456607522,2,a5803f8a5d9d87202b43d709cb328cedaf18c446af448f705c33d553e8c2e9f7,5170ec511fb50cdf10d648416d508574d70e9781ddf156a1b2a86d2b385e94dc,100,1729,maximum_first_20_then_half_top_6,2000.0,3000.0
kata1-b28c512nbt-s7229617920-d4333415784-playouts60,6,4265.994222464367,3868.728548345003,4663.2598965837315,4309.451041532548,-43.456819068180266,2,a5803f8a5d9d87202b43d709cb328cedaf18c446af448f705c33d553e8c2e9f7,5170ec511fb50cdf10d648416d508574d70e9781ddf156a1b2a86d2b385e94dc,100,1729,maximum_first_20_then_half_top_6,2000.0,3000.0
kata1-b28c512nbt-s7229617920-d4333415784-playouts60,8,4344.232811726217,4012.2286477844245,4676.236975668009,4309.451041532548,34.78177019366922,2,a5803f8a5d9d87202b43d709cb328cedaf18c446af448f705c33d553e8c2e9f7,5170ec511fb50cdf10d648416d508574d70e9781ddf156a1b2a86d2b385e94dc,100,1729,maximum_first_20_then_half_top_6,2000.0,3000.0
kata1-b28c512nbt-s7229617920-d4333415784-playouts60,10,4289.426077018466,4024.084165619547,4554.767988417384,4309.451041532548,-20.024964514082058,2,a5803f8a5d9d87202b43d709cb328cedaf18c446af448f705c33d553e8c2e9f7,5170ec511fb50cdf10d648416d508574d70e9781ddf156a1b2a86d2b385e94dc,100,1729,maximum_first_20_then_half_top_6,2000.0,3000.0
kata1-b28c512nbt-s7229617920-d4333415784-playouts60,12,4285.5262845196985,4052.1774606985114,4518.875108340886,4309.451041532548,-23.924757012849113,2,a5803f8a5d9d87202b43d709cb328cedaf18c446af448f705c33d553e8c2e9f7,5170ec511fb50cdf10d648416d508574d70e9781ddf156a1b2a86d2b385e94dc,100,1729,maximum_first_20_then_half_top_6,2000.0,3000.0
kata1-b28c512nbt-s7229617920-d4333415784-playouts60,14,4316.050221368252,4102.107473501321,4529.992969235183,4309.451041532548,6.59917983570449,2,a5803f8a5d9d87202b43d709cb328cedaf18c446af448f705c33d553e8c2e9f7,5170ec511fb50cdf10d648416d508574d70e9781ddf156a1b2a86d2b385e94dc,100,1729,maximum_first_20_then_half_top_6,2000.0,3000.0
kata1-b28c512nbt-s7229617920-d4333415784-playouts60,16,4289.52137855387,4094.8238985383905,4484.218858569349,4309.451041532548,-19.929662978677698,2,a5803f8a5d9d87202b43d709cb328cedaf18c446af448f705c33d553e8c2e9f7,5170ec511fb50cdf10d648416d508574d70e9781ddf156a1b2a86d2b385e94dc,100,1729,maximum_first_20_then_half_top_6,2000.0,3000.0
kata1-b28c512nbt-s7229617920-d4333415784-playouts60,18,4263.4510565588735,4082.7511751811517,4444.150937936595,4309.451041532548,-45.999984973674145,2,a5803f8a5d9d87202b43d709cb328cedaf18c446af448f705c33d553e8c2e9f7,5170ec511fb50cdf10d648416d508574d70e9781ddf156a1b2a86d2b385e94dc,100,1729,maximum_first_20_then_half_top_6,2000.0,3000.0
kata1-b28c512nbt-s7229617920-d4333415784-playouts60,20,4243.6654030339705,4073.598983372335,4413.731822695606,4309.451041532548,-65.7856384985771,2,a5803f8a5d9d87202b43d709cb328cedaf18c446af448f705c33d553e8c2e9f7,5170ec511fb50cdf10d648416d508574d70e9781ddf156a1b2a86d2b385e94dc,100,1729,maximum_first_20_then_half_top_6,2000.0,3000.0
kata1-b28c512nbt-s7229617920-d4333415784-playouts60,22,4257.449548269545,4096.179466294938,4418.719630244152,4309.451041532548,-52.001493263002885,2,a5803f8a5d9d87202b43d709cb328cedaf18c446af448f705c33d553e8c2e9f7,5170ec511fb50cdf10d648416d508574d70e9781ddf156a1b2a86d2b385e94dc,100,1729,maximum_first_20_then_half_top_6,2000.0,3000.0
kata1-b28c512nbt-s7229617920-d4333415784-playouts60,24,4246.891062651833,4092.966076932688,4400.816048370978,4309.451041532548,-62.55997888071488,2,a5803f8a5d9d87202b43d709cb328cedaf18c446af448f705c33d553e8c2e9f7,5170ec511fb50cdf10d648416d508574d70e9781ddf156a1b2a86d2b385e94dc,100,1729,maximum_first_20_then_half_top_6,2000.0,3000.0
kata1-b28c512nbt-s7229617920-d4333415784-playouts60,26,4257.294538656527,4109.82807603478,4404.761001278274,4309.451041532548,-52.15650287602057,2,a5803f8a5d9d87202b43d709cb328cedaf18c446af448f705c33d553e8c2e9f7,5170ec511fb50cdf10d648416d508574d70e9781ddf156a1b2a86d2b385e94dc,100,1729,maximum_first_20_then_half_top_6,2000.0,3000.0
kata1-b28c512nbt-s7229617920-d4333415784-playouts60,28,4248.420789829385,4106.5449726385095,4390.296607020261,4309.451041532548,-61.03025170316232,2,a5803f8a5d9d87202b43d709cb328cedaf18c446af448f705c33d553e8c2e9f7,5170ec511fb50cdf10d648416d508574d70e9781ddf156a1b2a86d2b385e94dc,100,1729,maximum_first_20_then_half_top_6,2000.0,3000.0
kata1-b28c512nbt-s7229617920-d4333415784-playouts60,30,4250.215131877163,4113.466737631921,4386.963526122405,4309.451041532548,-59.2359096553846,2,a5803f8a5d9d87202b43d709cb328cedaf18c446af448f705c33d553e8c2e9f7,5170ec511fb50cdf10d648416d508574d70e9781ddf156a1b2a86d2b385e94dc,100,1729,maximum_first_20_then_half_top_6,2000.0,3000.0
kata1-b28c512nbt-s7229617920-d4333415784-playouts60,32,4251.757823938235,4119.577686839937,4383.937961036532,4309.451041532548,-57.693217594312955,2,a5803f8a5d9d87202b43d709cb328cedaf18c446af448f705c33d553e8c2e9f7,5170ec511fb50cdf10d648416d508574d70e9781ddf156a1b2a86d2b385e94dc,100,1729,maximum_first_20_then_half_top_6,2000.0,3000.0
kata1-b28c512nbt-s7229617920-d4333415784-playouts60,34,4253.098261500242,4125.0204240227085,4381.176098977776,4309.451041532548,-56.35278003230542,2,a5803f8a5d9d87202b43d709cb328cedaf18c446af448f705c33d553e8c2e9f7,5170ec511fb50cdf10d648416d508574d70e9781ddf156a1b2a86d2b385e94dc,100,1729,maximum_first_20_then_half_top_6,2000.0,3000.0
kata1-b28c512nbt-s7229617920-d4333415784-playouts60,36,4249.124215275726,4124.686704626,4373.561725925451,4309.451041532548,-60.32682625682173,2,a5803f8a5d9d87202b43d709cb328cedaf18c446af448f705c33d553e8c2e9f7,5170ec511fb50cdf10d648416d508574d70e9781ddf156a1b2a86d2b385e94dc,100,1729,maximum_first_20_then_half_top_6,2000.0,3000.0
kata1-b28c512nbt-s7229617920-d4333415784-playouts60,38,4260.625247800561,4139.567796757759,4381.682698843362,4309.451041532548,-48.82579373198678,2,a5803f8a5d9d87202b43d709cb328cedaf18c446af448f705c33d553e8c2e9f7,5170ec511fb50cdf10d648416d508574d70e9781ddf156a1b2a86d2b385e94dc,100,1729,maximum_first_20_then_half_top_6,2000.0,3000.0
kata1-b28c512nbt-s7229617920-d4333415784-playouts60,40,4266.378451282742,4148.286725292541,4384.470177272944,4309.451041532548,-43.072590249805216,2,a5803f8a5d9d87202b43d709cb328cedaf18c446af448f705c33d553e8c2e9f7,5170ec511fb50cdf10d648416d508574d70e9781ddf156a1b2a86d2b385e94dc,100,1729,maximum_first_20_then_half_top_6,2000.0,3000.0
kata1-b28c512nbt-s7229617920-d4333415784-playouts60,42,4266.683331197646,4151.449656597315,4381.917005797977,4309.451041532548,-42.767710334901494,2,a5803f8a5d9d87202b43d709cb328cedaf18c446af448f705c33d553e8c2e9f7,5170ec511fb50cdf10d648416d508574d70e9781ddf156a1b2a86d2b385e94dc,100,1729,maximum_first_20_then_half_top_6,2000.0,3000.0
kata1-b28c512nbt-s7229617920-d4333415784-playouts60,44,4275.649517009256,4162.935711376514,4388.363322641998,4309.451041532548,-33.801524523291846,2,a5803f8a5d9d87202b43d709cb328cedaf18c446af448f705c33d553e8c2e9f7,5170ec511fb50cdf10d648416d508574d70e9781ddf156a1b2a86d2b385e94dc,100,1729,maximum_first_20_then_half_top_6,2000.0,3000.0
kata1-b28c512nbt-s7229617920-d4333415784-playouts60,46,4275.485682437466,4165.226474622791,4385.74489025214,4309.451041532548,-33.96535909508202,2,a5803f8a5d9d87202b43d709cb328cedaf18c446af448f705c33d553e8c2e9f7,5170ec511fb50cdf10d648416d508574d70e9781ddf156a1b2a86d2b385e94dc,100,1729,maximum_first_20_then_half_top_6,2000.0,3000.0
kata1-b28c512nbt-s7229617920-d4333415784-playouts60,48,4275.336657076628,4167.35748933357,4383.315824819687,4309.451041532548,-34.11438445591921,2,a5803f8a5d9d87202b43d709cb328cedaf18c446af448f705c33d553e8c2e9f7,5170ec511fb50cdf10d648416d508574d70e9781ddf156a1b2a86d2b385e94dc,100,1729,maximum_first_20_then_half_top_6,2000.0,3000.0
kata1-b28c512nbt-s7229617920-d4333415784-playouts60,50,4275.200507600859,4169.34617041723,4381.0548447844885,4309.451041532548,-34.25053393168855,2,a5803f8a5d9d87202b43d709cb328cedaf18c446af448f705c33d553e8c2e9f7,5170ec511fb50cdf10d648416d508574d70e9781ddf156a1b2a86d2b385e94dc,100,1729,maximum_first_20_then_half_top_6,2000.0,3000.0
kata1-b28c512nbt-s7229617920-d4333415784-playouts60,52,4267.833356784495,4164.038753258619,4371.62796031037,4309.451041532548,-41.61768474805285,2,a5803f8a5d9d87202b43d709cb328cedaf18c446af448f705c33d553e8c2e9f7,5170ec511fb50cdf10d648416d508574d70e9781ddf156a1b2a86d2b385e94dc,100,1729,maximum_first_20_then_half_top_6,2000.0,3000.0
kata1-b28c512nbt-s7229617920-d4333415784-playouts60,54,4268.013191326376,4166.072040593501,4369.954342059251,4309.451041532548,-41.43785020617179,2,a5803f8a5d9d87202b43d709cb328cedaf18c446af448f705c33d553e8c2e9f7,5170ec511fb50cdf10d648416d508574d70e9781ddf156a1b2a86d2b385e94dc,100,1729,maximum_first_20_then_half_top_6,2000.0,3000.0
kata1-b28c512nbt-s7229617920-d4333415784-playouts60,56,4261.488373873108,4161.321720754839,4361.655026991377,4309.451041532548,-47.96266765943983,2,a5803f8a5d9d87202b43d709cb328cedaf18c446af448f705c33d553e8c2e9f7,5170ec511fb50cdf10d648416d508574d70e9781ddf156a1b2a86d2b385e94dc,100,1729,maximum_first_20_then_half_top_6,2000.0,3000.0
kata1-b28c512nbt-s7229617920-d4333415784-playouts60,58,4272.195953047317,4173.589348846791,4370.802557247843,4309.451041532548,-37.25508848523077,2,a5803f8a5d9d87202b43d709cb328cedaf18c446af448f705c33d553e8c2e9f7,5170ec511fb50cdf10d648416d508574d70e9781ddf156a1b2a86d2b385e94dc,100,1729,maximum_first_20_then_half_top_6,2000.0,3000.0
kata1-b28c512nbt-s7229617920-d4333415784-playouts60,60,4272.20549400736,4175.1554565936785,4369.255531421042,4309.451041532548,-37.24554752518725,2,a5803f8a5d9d87202b43d709cb328cedaf18c446af448f705c33d553e8c2e9f7,5170ec511fb50cdf10d648416d508574d70e9781ddf156a1b2a86d2b385e94dc,100,1729,maximum_first_20_then_half_top_6,2000.0,3000.0
kata1-b28c512nbt-s7229617920-d4333415784-playouts60,62,4275.446272215108,4179.791120054365,4371.101424375852,4309.451041532548,-34.00476931743924,2,a5803f8a5d9d87202b43d709cb328cedaf18c446af448f705c33d553e8c2e9f7,5170ec511fb50cdf10d648416d508574d70e9781ddf156a1b2a86d2b385e94dc,100,1729,maximum_first_20_then_half_top_6,2000.0,3000.0
kata1-b28c512nbt-s7229617920-d4333415784-playouts60,64,4283.002086919231,4188.647165220854,4377.357008617609,4309.451041532548,-26.448954613316346,2,a5803f8a5d9d87202b43d709cb328cedaf18c446af448f705c33d553e8c2e9f7,5170ec511fb50cdf10d648416d508574d70e9781ddf156a1b2a86d2b385e94dc,100,1729,maximum_first_20_then_half_top_6,2000.0,3000.0
kata1-b28c512nbt-s7229617920-d4333415784-playouts60,66,4282.668885179845,4189.654681992194,4375.683088367497,4309.451041532548,-26.78215635270226,2,a5803f8a5d9d87202b43d709cb328cedaf18c446af448f705c33d553e8c2e9f7,5170ec511fb50cdf10d648416d508574d70e9781ddf156a1b2a86d2b385e94dc,100,1729,maximum_first_20_then_half_top_6,2000.0,3000.0
kata1-b28c512nbt-s7229617920-d4333415784-playouts60,68,4278.452549210624,4186.773970384871,4370.131128036377,4309.451041532548,-30.99849232192355,2,a5803f8a5d9d87202b43d709cb328cedaf18c446af448f705c33d553e8c2e9f7,5170ec511fb50cdf10d648416d508574d70e9781ddf156a1b2a86d2b385e94dc,100,1729,maximum_first_20_then_half_top_6,2000.0,3000.0
kata1-b28c512nbt-s7229617920-d4333415784-playouts60,70,4274.506159226849,4184.075420852574,4364.936897601125,4309.451041532548,-34.94488230569823,2,a5803f8a5d9d87202b43d709cb328cedaf18c446af448f705c33d553e8c2e9f7,5170ec511fb50cdf10d648416d508574d70e9781ddf156a1b2a86d2b385e94dc,100,1729,maximum_first_20_then_half_top_6,2000.0,3000.0
kata1-b28c512nbt-s7229617920-d4333415784-playouts60,72,4274.4477386014,4185.168677522331,4363.7267996804685,4309.451041532548,-35.00330293114803,2,a5803f8a5d9d87202b43d709cb328cedaf18c446af448f705c33d553e8c2e9f7,5170ec511fb50cdf10d648416d508574d70e9781ddf156a1b2a86d2b385e94dc,100,1729,maximum_first_20_then_half_top_6,2000.0,3000.0
kata1-b28c512nbt-s7229617920-d4333415784-playouts60,74,4266.19591089442,4178.042880414476,4354.348941374365,4309.451041532548,-43.25513063812741,2,a5803f8a5d9d87202b43d709cb328cedaf18c446af448f705c33d553e8c2e9f7,5170ec511fb50cdf10d648416d508574d70e9781ddf156a1b2a86d2b385e94dc,100,1729,maximum_first_20_then_half_top_6,2000.0,3000.0
kata1-b28c512nbt-s7229617920-d4333415784-playouts60,76,4274.161351653908,4187.018119269545,4361.304584038271,4309.451041532548,-35.289689878639365,2,a5803f8a5d9d87202b43d709cb328cedaf18c446af448f705c33d553e8c2e9f7,5170ec511fb50cdf10d648416d508574d70e9781ddf156a1b2a86d2b385e94dc,100,1729,maximum_first_20_then_half_top_6,2000.0,3000.0
kata1-b28c512nbt-s7229617920-d4333415784-playouts60,78,4271.845948602247,4185.705232849477,4357.986664355016,4309.451041532548,-37.605092930301,2,a5803f8a5d9d87202b43d709cb328cedaf18c446af448f705c33d553e8c2e9f7,5170ec511fb50cdf10d648416d508574d70e9781ddf156a1b2a86d2b385e94dc,100,1729,maximum_first_20_then_half_top_6,2000.0,3000.0
kata1-b28c512nbt-s7229617920-d4333415784-playouts60,80,4274.559983729987,4189.355274140336,4359.764693319637,4309.451041532548,-34.89105780256068,2,a5803f8a5d9d87202b43d709cb328cedaf18c446af448f705c33d553e8c2e9f7,5170ec511fb50cdf10d648416d508574d70e9781ddf156a1b2a86d2b385e94dc,100,1729,maximum_first_20_then_half_top_6,2000.0,3000.0
kata1-b28c512nbt-s7229617920-d4333415784-playouts60,82,4276.270563977991,4191.977255368093,4360.563872587888,4309.451041532548,-33.180477554557,2,a5803f8a5d9d87202b43d709cb328cedaf18c446af448f705c33d553e8c2e9f7,5170ec511fb50cdf10d648416d508574d70e9781ddf156a1b2a86d2b385e94dc,100,1729,maximum_first_20_then_half_top_6,2000.0,3000.0
kata1-b28c512nbt-s7229617920-d4333415784-playouts60,84,4277.495718364102,4194.090594582833,4360.900842145371,4309.451041532548,-31.95532316844583,2,a5803f8a5d9d87202b43d709cb328cedaf18c446af448f705c33d553e8c2e9f7,5170ec511fb50cdf10d648416d508574d70e9781ddf156a1b2a86d2b385e94dc,100,1729,maximum_first_20_then_half_top_6,2000.0,3000.0
kata1-b28c512nbt-s7229617920-d4333415784-playouts60,86,4274.332931133242,4191.810999469088,4356.854862797396,4309.451041532548,-35.118110399305806,2,a5803f8a5d9d87202b43d709cb328cedaf18c446af448f705c33d553e8c2e9f7,5170ec511fb50cdf10d648416d508574d70e9781ddf156a1b2a86d2b385e94dc,100,1729,maximum_first_20_then_half_top_6,2000.0,3000.0
kata1-b28c512nbt-s7229617920-d4333415784-playouts60,88,4274.290199919182,4192.597926566614,4355.98247327175,4309.451041532548,-35.16084161336585,2,a5803f8a5d9d87202b43d709cb328cedaf18c446af448f705c33d553e8c2e9f7,5170ec511fb50cdf10d648416d508574d70e9781ddf156a1b2a86d2b385e94dc,100,1729,maximum_first_20_then_half_top_6,2000.0,3000.0
kata1-b28c512nbt-s7229617920-d4333415784-playouts60,90,4278.334226781386,4197.414184441989,4359.254269120783,4309.451041532548,-31.116814751161655,2,a5803f8a5d9d87202b43d709cb328cedaf18c446af448f705c33d553e8c2e9f7,5170ec511fb50cdf10d648416d508574d70e9781ddf156a1b2a86d2b385e94dc,100,1729,maximum_first_20_then_half_top_6,2000.0,3000.0
kata1-b28c512nbt-s7229617920-d4333415784-playouts60,92,4283.446385816335,4203.258418864242,4363.6343527684285,4309.451041532548,-26.004655716212255,2,a5803f8a5d9d87202b43d709cb328cedaf18c446af448f705c33d553e8c2e9f7,5170ec511fb50cdf10d648416d508574d70e9781ddf156a1b2a86d2b385e94dc,100,1729,maximum_first_20_then_half_top_6,2000.0,3000.0
kata1-b28c512nbt-s7229617920-d4333415784-playouts60,94,4284.375498525027,4204.927498443586,4363.823498606468,4309.451041532548,-25.075543007520537,2,a5803f8a5d9d87202b43d709cb328cedaf18c446af448f705c33d553e8c2e9f7,5170ec511fb50cdf10d648416d508574d70e9781ddf156a1b2a86d2b385e94dc,100,1729,maximum_first_20_then_half_top_6,2000.0,3000.0
kata1-b28c512nbt-s7229617920-d4333415784-playouts60,96,4285.619238736255,4206.883201733593,4364.355275738918,4309.451041532548,-23.831802796292322,2,a5803f8a5d9d87202b43d709cb328cedaf18c446af448f705c33d553e8c2e9f7,5170ec511fb50cdf10d648416d508574d70e9781ddf156a1b2a86d2b385e94dc,100,1729,maximum_first_20_then_half_top_6,2000.0,3000.0
kata1-b28c512nbt-s7229617920-d4333415784-playouts60,98,4287.28247327499,4209.219563281629,4365.34538326835,4309.451041532548,-22.168568257558036,2,a5803f8a5d9d87202b43d709cb328cedaf18c446af448f705c33d553e8c2e9f7,5170ec511fb50cdf10d648416d508574d70e9781ddf156a1b2a86d2b385e94dc,100,1729,maximum_first_20_then_half_top_6,2000.0,3000.0
kata1-b28c512nbt-s7229617920-d4333415784-playouts60,100,4281.404008711993,4204.039483880971,4358.768533543015,4309.451041532548,-28.047032820554705,2,a5803f8a5d9d87202b43d709cb328cedaf18c446af448f705c33d553e8c2e9f7,5170ec511fb50cdf10d648416d508574d70e9781ddf156a1b2a86d2b385e94dc,100,1729,maximum_first_20_then_half_top_6,2000.0,3000.0
kata1-b28c512nbt-s8566598912-d4691918754-playouts600,2,3987.8210849562,2305.579999605944,5670.062170306456,4428.2401356648315,-440.4190507086314,2,a5803f8a5d9d87202b43d709cb328cedaf18c446af448f705c33d553e8c2e9f7,5170ec511fb50cdf10d648416d508574d70e9781ddf156a1b2a86d2b385e94dc,100,1729,maximum_first_20_then_half_top_6,2000.0,3000.0
kata1-b28c512nbt-s8566598912-d4691918754-playouts600,4,4165.086605417854,3627.7040937893153,4702.469117046393,4428.2401356648315,-263.1535302469774,2,a5803f8a5d9d87202b43d709cb328cedaf18c446af448f705c33d553e8c2e9f7,5170ec511fb50cdf10d648416d508574d70e9781ddf156a1b2a86d2b385e94dc,100,1729,maximum_first_20_then_half_top_6,2000.0,3000.0
kata1-b28c512nbt-s8566598912-d4691918754-playouts600,6,4267.3181306854685,3869.7132860243455,4664.922975346592,4428.2401356648315,-160.922004979363,2,a5803f8a5d9d87202b43d709cb328cedaf18c446af448f705c33d553e8c2e9f7,5170ec511fb50cdf10d648416d508574d70e9781ddf156a1b2a86d2b385e94dc,100,1729,maximum_first_20_then_half_top_6,2000.0,3000.0
kata1-b28c512nbt-s8566598912-d4691918754-playouts600,8,4441.4100967853965,4062.6572076816356,4820.162985889157,4428.2401356648315,13.169961120564949,2,a5803f8a5d9d87202b43d709cb328cedaf18c446af448f705c33d553e8c2e9f7,5170ec511fb50cdf10d648416d508574d70e9781ddf156a1b2a86d2b385e94dc,100,1729,maximum_first_20_then_half_top_6,2000.0,3000.0
kata1-b28c512nbt-s8566598912-d4691918754-playouts600,10,4421.206227739073,4126.959855932066,4715.452599546081,4428.2401356648315,-7.033907925758285,2,a5803f8a5d9d87202b43d709cb328cedaf18c446af448f705c33d553e8c2e9f7,5170ec511fb50cdf10d648416d508574d70e9781ddf156a1b2a86d2b385e94dc,100,1729,maximum_first_20_then_half_top_6,2000.0,3000.0
kata1-b28c512nbt-s8566598912-d4691918754-playouts600,12,4514.959770582453,4234.148218117317,4795.771323047588,4428.2401356648315,86.71963491762108,2,a5803f8a5d9d87202b43d709cb328cedaf18c446af448f705c33d553e8c2e9f7,5170ec511fb50cdf10d648416d508574d70e9781ddf156a1b2a86d2b385e94dc,100,1729,maximum_first_20_then_half_top_6,2000.0,3000.0
kata1-b28c512nbt-s8566598912-d4691918754-playouts600,14,4444.357711758676,4214.644783515331,4674.07064000202,4428.2401356648315,16.117576093844036,2,a5803f8a5d9d87202b43d709cb328cedaf18c446af448f705c33d553e8c2e9f7,5170ec511fb50cdf10d648416d508574d70e9781ddf156a1b2a86d2b385e94dc,100,1729,maximum_first_20_then_half_top_6,2000.0,3000.0
kata1-b28c512nbt-s8566598912-d4691918754-playouts600,16,4434.0978438723005,4226.68998850599,4641.505699238611,4428.2401356648315,5.8577082074689315,2,a5803f8a5d9d87202b43d709cb328cedaf18c446af448f705c33d553e8c2e9f7,5170ec511fb50cdf10d648416d508574d70e9781ddf156a1b2a86d2b385e94dc,100,1729,maximum_first_20_then_half_top_6,2000.0,3000.0
kata1-b28c512nbt-s8566598912-d4691918754-playouts600,18,4399.690066440574,4211.624014786149,4587.756118094999,4428.2401356648315,-28.55006922425764,2,a5803f8a5d9d87202b43d709cb328cedaf18c446af448f705c33d553e8c2e9f7,5170ec511fb50cdf10d648416d508574d70e9781ddf156a1b2a86d2b385e94dc,100,1729,maximum_first_20_then_half_top_6,2000.0,3000.0
kata1-b28c512nbt-s8566598912-d4691918754-playouts600,20,4397.047007951576,4221.12455582681,4572.969460076342,4428.2401356648315,-31.193127713255308,2,a5803f8a5d9d87202b43d709cb328cedaf18c446af448f705c33d553e8c2e9f7,5170ec511fb50cdf10d648416d508574d70e9781ddf156a1b2a86d2b385e94dc,100,1729,maximum_first_20_then_half_top_6,2000.0,3000.0
kata1-b28c512nbt-s8566598912-d4691918754-playouts600,22,4395.005045938672,4229.019201854003,4560.990890023341,4428.2401356648315,-33.23508972615946,2,a5803f8a5d9d87202b43d709cb328cedaf18c446af448f705c33d553e8c2e9f7,5170ec511fb50cdf10d648416d508574d70e9781ddf156a1b2a86d2b385e94dc,100,1729,maximum_first_20_then_half_top_6,2000.0,3000.0
kata1-b28c512nbt-s8566598912-d4691918754-playouts600,24,4392.41957048711,4234.834485843336,4550.004655130884,4428.2401356648315,-35.82056517772162,2,a5803f8a5d9d87202b43d709cb328cedaf18c446af448f705c33d553e8c2e9f7,5170ec511fb50cdf10d648416d508574d70e9781ddf156a1b2a86d2b385e94dc,100,1729,maximum_first_20_then_half_top_6,2000.0,3000.0
kata1-b28c512nbt-s8566598912-d4691918754-playouts600,26,4388.377223051967,4237.98836846497,4538.766077638964,4428.2401356648315,-39.86291261286442,2,a5803f8a5d9d87202b43d709cb328cedaf18c446af448f705c33d553e8c2e9f7,5170ec511fb50cdf10d648416d508574d70e9781ddf156a1b2a86d2b385e94dc,100,1729,maximum_first_20_then_half_top_6,2000.0,3000.0
kata1-b28c512nbt-s8566598912-d4691918754-playouts600,28,4372.047562329349,4228.347303123441,4515.747821535257,4428.2401356648315,-56.19257333548285,2,a5803f8a5d9d87202b43d709cb328cedaf18c446af448f705c33d553e8c2e9f7,5170ec511fb50cdf10d648416d508574d70e9781ddf156a1b2a86d2b385e94dc,100,1729,maximum_first_20_then_half_top_6,2000.0,3000.0
kata1-b28c512nbt-s8566598912-d4691918754-playouts600,30,4371.859151603869,4233.503240600101,4510.215062607636,4428.2401356648315,-56.380984060962874,2,a5803f8a5d9d87202b43d709cb328cedaf18c446af448f705c33d553e8c2e9f7,5170ec511fb50cdf10d648416d508574d70e9781ddf156a1b2a86d2b385e94dc,100,1729,maximum_first_20_then_half_top_6,2000.0,3000.0
kata1-b28c512nbt-s8566598912-d4691918754-playouts600,32,4371.697719315113,4238.085375959066,4505.31006267116,4428.2401356648315,-56.54241634971822,2,a5803f8a5d9d87202b43d709cb328cedaf18c446af448f705c33d553e8c2e9f7,5170ec511fb50cdf10d648416d508574d70e9781ddf156a1b2a86d2b385e94dc,100,1729,maximum_first_20_then_half_top_6,2000.0,3000.0
kata1-b28c512nbt-s8566598912-d4691918754-playouts600,34,4358.3943737804375,4229.228063866509,4487.560683694366,4428.2401356648315,-69.84576188439405,2,a5803f8a5d9d87202b43d709cb328cedaf18c446af448f705c33d553e8c2e9f7,5170ec511fb50cdf10d648416d508574d70e9781ddf156a1b2a86d2b385e94dc,100,1729,maximum_first_20_then_half_top_6,2000.0,3000.0
kata1-b28c512nbt-s8566598912-d4691918754-playouts600,36,4357.254695115596,4231.9353636791,4482.574026552093,4428.2401356648315,-70.98544054923514,2,a5803f8a5d9d87202b43d709cb328cedaf18c446af448f705c33d553e8c2e9f7,5170ec511fb50cdf10d648416d508574d70e9781ddf156a1b2a86d2b385e94dc,100,1729,maximum_first_20_then_half_top_6,2000.0,3000.0
kata1-b28c512nbt-s8566598912-d4691918754-playouts600,38,4356.250462584153,4234.420785007405,4478.080140160901,4428.2401356648315,-71.98967308067859,2,a5803f8a5d9d87202b43d709cb328cedaf18c446af448f705c33d553e8c2e9f7,5170ec511fb50cdf10d648416d508574d70e9781ddf156a1b2a86d2b385e94dc,100,1729,maximum_first_20_then_half_top_6,2000.0,3000.0
kata1-b28c512nbt-s8566598912-d4691918754-playouts600,40,4357.90888222415,4239.215162960062,4476.602601488238,4428.2401356648315,-70.3312534406814,2,a5803f8a5d9d87202b43d709cb328cedaf18c446af448f705c33d553e8c2e9f7,5170ec511fb50cdf10d648416d508574d70e9781ddf156a1b2a86d2b385e94dc,100,1729,maximum_first_20_then_half_top_6,2000.0,3000.0
kata1-b28c512nbt-s8566598912-d4691918754-playouts600,42,4366.676743214157,4250.818316595347,4482.535169832967,4428.2401356648315,-61.563392450674655,2,a5803f8a5d9d87202b43d709cb328cedaf18c446af448f705c33d553e8c2e9f7,5170ec511fb50cdf10d648416d508574d70e9781ddf156a1b2a86d2b385e94dc,100,1729,maximum_first_20_then_half_top_6,2000.0,3000.0
kata1-b28c512nbt-s8566598912-d4691918754-playouts600,44,4372.807060435419,4259.501303250552,4486.112817620286,4428.2401356648315,-55.43307522941268,2,a5803f8a5d9d87202b43d709cb328cedaf18c446af448f705c33d553e8c2e9f7,5170ec511fb50cdf10d648416d508574d70e9781ddf156a1b2a86d2b385e94dc,100,1729,maximum_first_20_then_half_top_6,2000.0,3000.0
kata1-b28c512nbt-s8566598912-d4691918754-playouts600,46,4378.361558070417,4267.386681279402,4489.336434861432,4428.2401356648315,-49.87857759441431,2,a5803f8a5d9d87202b43d709cb328cedaf18c446af448f705c33d553e8c2e9f7,5170ec511fb50cdf10d648416d508574d70e9781ddf156a1b2a86d2b385e94dc,100,1729,maximum_first_20_then_half_top_6,2000.0,3000.0
kata1-b28c512nbt-s8566598912-d4691918754-playouts600,48,4378.383169281979,4269.752904557785,4487.013434006172,4428.2401356648315,-49.85696638285299,2,a5803f8a5d9d87202b43d709cb328cedaf18c446af448f705c33d553e8c2e9f7,5170ec511fb50cdf10d648416d508574d70e9781ddf156a1b2a86d2b385e94dc,100,1729,maximum_first_20_then_half_top_6,2000.0,3000.0
kata1-b28c512nbt-s8566598912-d4691918754-playouts600,50,4378.731893743572,4272.270699808269,4485.193087678876,4428.2401356648315,-49.50824192125947,2,a5803f8a5d9d87202b43d709cb328cedaf18c446af448f705c33d553e8c2e9f7,5170ec511fb50cdf10d648416d508574d70e9781ddf156a1b2a86d2b385e94dc,100,1729,maximum_first_20_then_half_top_6,2000.0,3000.0
kata1-b28c512nbt-s8566598912-d4691918754-playouts600,52,4378.7360345652305,4274.3156119123705,4483.1564572180905,4428.2401356648315,-49.50410109960103,2,a5803f8a5d9d87202b43d709cb328cedaf18c446af448f705c33d553e8c2e9f7,5170ec511fb50cdf10d648416d508574d70e9781ddf156a1b2a86d2b385e94dc,100,1729,maximum_first_20_then_half_top_6,2000.0,3000.0
kata1-b28c512nbt-s8566598912-d4691918754-playouts600,54,4378.369346572864,4275.868510465018,4480.87018268071,4428.2401356648315,-49.87078909196771,2,a5803f8a5d9d87202b43d709cb328cedaf18c446af448f705c33d553e8c2e9f7,5170ec511fb50cdf10d648416d508574d70e9781ddf156a1b2a86d2b385e94dc,100,1729,maximum_first_20_then_half_top_6,2000.0,3000.0
kata1-b28c512nbt-s8566598912-d4691918754-playouts600,56,4378.386909331941,4277.680470938749,4479.093347725133,4428.2401356648315,-49.8532263328907,2,a5803f8a5d9d87202b43d709cb328cedaf18c446af448f705c33d553e8c2e9f7,5170ec511fb50cdf10d648416d508574d70e9781ddf156a1b2a86d2b385e94dc,100,1729,maximum_first_20_then_half_top_6,2000.0,3000.0
kata1-b28c512nbt-s8566598912-d4691918754-playouts600,58,4383.556734685618,4284.432542129873,4482.680927241363,4428.2401356648315,-44.68340097921373,2,a5803f8a5d9d87202b43d709cb328cedaf18c446af448f705c33d553e8c2e9f7,5170ec511fb50cdf10d648416d508574d70e9781ddf156a1b2a86d2b385e94dc,100,1729,maximum_first_20_then_half_top_6,2000.0,3000.0
kata1-b28c512nbt-s8566598912-d4691918754-playouts600,60,4389.39894060138,4291.745479463886,4487.052401738873,4428.2401356648315,-38.84119506345178,2,a5803f8a5d9d87202b43d709cb328cedaf18c446af448f705c33d553e8c2e9f7,5170ec511fb50cdf10d648416d508574d70e9781ddf156a1b2a86d2b385e94dc,100,1729,maximum_first_20_then_half_top_6,2000.0,3000.0
kata1-b28c512nbt-s8566598912-d4691918754-playouts600,62,4389.295482903332,4293.164162532077,4485.426803274588,4428.2401356648315,-38.94465276149913,2,a5803f8a5d9d87202b43d709cb328cedaf18c446af448f705c33d553e8c2e9f7,5170ec511fb50cdf10d648416d508574d70e9781ddf156a1b2a86d2b385e94dc,100,1729,maximum_first_20_then_half_top_6,2000.0,3000.0
kata1-b28c512nbt-s8566598912-d4691918754-playouts600,64,4393.877700617199,4299.067054549865,4488.688346684532,4428.2401356648315,-34.36243504763297,2,a5803f8a5d9d87202b43d709cb328cedaf18c446af448f705c33d553e8c2e9f7,5170ec511fb50cdf10d648416d508574d70e9781ddf156a1b2a86d2b385e94dc,100,1729,maximum_first_20_then_half_top_6,2000.0,3000.0
kata1-b28c512nbt-s8566598912-d4691918754-playouts600,66,4398.840468342636,4305.266865236289,4492.414071448983,4428.2401356648315,-29.399667322195455,2,a5803f8a5d9d87202b43d709cb328cedaf18c446af448f705c33d553e8c2e9f7,5170ec511fb50cdf10d648416d508574d70e9781ddf156a1b2a86d2b385e94dc,100,1729,maximum_first_20_then_half_top_6,2000.0,3000.0
kata1-b28c512nbt-s8566598912-d4691918754-playouts600,68,4398.210474152205,4305.962064502644,4490.458883801766,4428.2401356648315,-30.029661512626262,2,a5803f8a5d9d87202b43d709cb328cedaf18c446af448f705c33d553e8c2e9f7,5170ec511fb50cdf10d648416d508574d70e9781ddf156a1b2a86d2b385e94dc,100,1729,maximum_first_20_then_half_top_6,2000.0,3000.0
kata1-b28c512nbt-s8566598912-d4691918754-playouts600,70,4401.038055199516,4309.90412734816,4492.171983050872,4428.2401356648315,-27.202080465315703,2,a5803f8a5d9d87202b43d709cb328cedaf18c446af448f705c33d553e8c2e9f7,5170ec511fb50cdf10d648416d508574d70e9781ddf156a1b2a86d2b385e94dc,100,1729,maximum_first_20_then_half_top_6,2000.0,3000.0
kata1-b28c512nbt-s8566598912-d4691918754-playouts600,72,4405.876117041434,4315.794751702945,4495.957482379922,4428.2401356648315,-22.364018623397897,2,a5803f8a5d9d87202b43d709cb328cedaf18c446af448f705c33d553e8c2e9f7,5170ec511fb50cdf10d648416d508574d70e9781ddf156a1b2a86d2b385e94dc,100,1729,maximum_first_20_then_half_top_6,2000.0,3000.0
kata1-b28c512nbt-s8566598912-d4691918754-playouts600,74,4405.094948509202,4316.177154146842,4494.012742871562,4428.2401356648315,-23.145187155629174,2,a5803f8a5d9d87202b43d709cb328cedaf18c446af448f705c33d553e8c2e9f7,5170ec511fb50cdf10d648416d508574d70e9781ddf156a1b2a86d2b385e94dc,100,1729,maximum_first_20_then_half_top_6,2000.0,3000.0
kata1-b28c512nbt-s8566598912-d4691918754-playouts600,76,4409.5633575547645,4321.603589273253,4497.5231258362755,4428.2401356648315,-18.676778110067062,2,a5803f8a5d9d87202b43d709cb328cedaf18c446af448f705c33d553e8c2e9f7,5170ec511fb50cdf10d648416d508574d70e9781ddf156a1b2a86d2b385e94dc,100,1729,maximum_first_20_then_half_top_6,2000.0,3000.0
kata1-b28c512nbt-s8566598912-d4691918754-playouts600,78,4413.7852548630935,4326.740263225528,4500.830246500659,4428.2401356648315,-14.454880801738,2,a5803f8a5d9d87202b43d709cb328cedaf18c446af448f705c33d553e8c2e9f7,5170ec511fb50cdf10d648416d508574d70e9781ddf156a1b2a86d2b385e94dc,100,1729,maximum_first_20_then_half_top_6,2000.0,3000.0
kata1-b28c512nbt-s8566598912-d4691918754-playouts600,80,4408.106792956907,4322.236839237329,4493.976746676485,4428.2401356648315,-20.133342707924385,2,a5803f8a5d9d87202b43d709cb328cedaf18c446af448f705c33d553e8c2e9f7,5170ec511fb50cdf10d648416d508574d70e9781ddf156a1b2a86d2b385e94dc,100,1729,maximum_first_20_then_half_top_6,2000.0,3000.0
kata1-b28c512nbt-s8566598912-d4691918754-playouts600,82,4412.135145784853,4327.108506545614,4497.161785024093,4428.2401356648315,-16.104989879978348,2,a5803f8a5d9d87202b43d709cb328cedaf18c446af448f705c33d553e8c2e9f7,5170ec511fb50cdf10d648416d508574d70e9781ddf156a1b2a86d2b385e94dc,100,1729,maximum_first_20_then_half_top_6,2000.0,3000.0
kata1-b28c512nbt-s8566598912-d4691918754-playouts600,84,4415.040037004424,4330.837217431154,4499.2428565776945,4428.2401356648315,-13.200098660407093,2,a5803f8a5d9d87202b43d709cb328cedaf18c446af448f705c33d553e8c2e9f7,5170ec511fb50cdf10d648416d508574d70e9781ddf156a1b2a86d2b385e94dc,100,1729,maximum_first_20_then_half_top_6,2000.0,3000.0
kata1-b28c512nbt-s8566598912-d4691918754-playouts600,86,4414.14966237803,4330.863076370417,4497.436248385644,4428.2401356648315,-14.09047328680117,2,a5803f8a5d9d87202b43d709cb328cedaf18c446af448f705c33d553e8c2e9f7,5170ec511fb50cdf10d648416d508574d70e9781ddf156a1b2a86d2b385e94dc,100,1729,maximum_first_20_then_half_top_6,2000.0,3000.0
kata1-b28c512nbt-s8566598912-d4691918754-playouts600,88,4416.868407666504,4334.342001822681,4499.394813510327,4428.2401356648315,-11.371727998327515,2,a5803f8a5d9d87202b43d709cb328cedaf18c446af448f705c33d553e8c2e9f7,5170ec511fb50cdf10d648416d508574d70e9781ddf156a1b2a86d2b385e94dc,100,1729,maximum_first_20_then_half_top_6,2000.0,3000.0
kata1-b28c512nbt-s8566598912-d4691918754-playouts600,90,4416.135268169066,4334.456518369453,4497.814017968679,4428.2401356648315,-12.104867495765575,2,a5803f8a5d9d87202b43d709cb328cedaf18c446af448f705c33d553e8c2e9f7,5170ec511fb50cdf10d648416d508574d70e9781ddf156a1b2a86d2b385e94dc,100,1729,maximum_first_20_then_half_top_6,2000.0,3000.0
kata1-b28c512nbt-s8566598912-d4691918754-playouts600,92,4419.545981262733,4338.557294489642,4500.534668035824,4428.2401356648315,-8.69415440209832,2,a5803f8a5d9d87202b43d709cb328cedaf18c446af448f705c33d553e8c2e9f7,5170ec511fb50cdf10d648416d508574d70e9781ddf156a1b2a86d2b385e94dc,100,1729,maximum_first_20_then_half_top_6,2000.0,3000.0
kata1-b28c512nbt-s8566598912-d4691918754-playouts600,94,4418.632213356146,4338.439236058569,4498.825190653723,4428.2401356648315,-9.607922308685374,2,a5803f8a5d9d87202b43d709cb328cedaf18c446af448f705c33d553e8c2e9f7,5170ec511fb50cdf10d648416d508574d70e9781ddf156a1b2a86d2b385e94dc,100,1729,maximum_first_20_then_half_top_6,2000.0,3000.0
kata1-b28c512nbt-s8566598912-d4691918754-playouts600,96,4412.9346643449535,4333.630218484101,4492.239110205806,4428.2401356648315,-15.305471319878052,2,a5803f8a5d9d87202b43d709cb328cedaf18c446af448f705c33d553e8c2e9f7,5170ec511fb50cdf10d648416d508574d70e9781ddf156a1b2a86d2b385e94dc,100,1729,maximum_first_20_then_half_top_6,2000.0,3000.0
kata1-b28c512nbt-s8566598912-d4691918754-playouts600,98,4415.235933259788,4336.567999440332,4493.903867079244,4428.2401356648315,-13.004202405043543,2,a5803f8a5d9d87202b43d709cb328cedaf18c446af448f705c33d553e8c2e9f7,5170ec511fb50cdf10d648416d508574d70e9781ddf156a1b2a86d2b385e94dc,100,1729,maximum_first_20_then_half_top_6,2000.0,3000.0
kata1-b28c512nbt-s8566598912-d4691918754-playouts600,100,4414.262334762328,4336.312139817893,4492.212529706762,4428.2401356648315,-13.977800902503986,2,a5803f8a5d9d87202b43d709cb328cedaf18c446af448f705c33d553e8c2e9f7,5170ec511fb50cdf10d648416d508574d70e9781ddf156a1b2a86d2b385e94dc,100,1729,maximum_first_20_then_half_top_6,2000.0,3000.0
