player,num_games,elo,ci_95_low,ci_95_high,old_elo,elo_diff,checkpoint_schema_version,history_sha256,selection_sha256,max_games,seed,matchmaking_algorithm,new_player_prior_mean,new_player_prior_sd
kata1-b6c96-s1248000-d550347-temp-0.3,2,1149.476343857962,-1281.4046163561266,3580.3573040720507,113.3151130072046,1036.1612308507574,2,a5803f8a5d9d87202b43d709cb328cedaf18c446af448f705c33d553e8c2e9f7,5170ec511fb50cdf10d648416d508574d70e9781ddf156a1b2a86d2b385e94dc,100,1729,maximum_information_gain,2000.0,3000.0
kata1-b6c96-s1248000-d550347-temp-0.3,4,402.71436202402134,-1454.36853997973,2259.7972640277726,113.3151130072046,289.3992490168167,2,a5803f8a5d9d87202b43d709cb328cedaf18c446af448f705c33d553e8c2e9f7,5170ec511fb50cdf10d648416d508574d70e9781ddf156a1b2a86d2b385e94dc,100,1729,maximum_information_gain,2000.0,3000.0
kata1-b6c96-s1248000-d550347-temp-0.3,6,371.2301825830807,-115.67432846847817,858.1346936346396,113.3151130072046,257.9150695758761,2,a5803f8a5d9d87202b43d709cb328cedaf18c446af448f705c33d553e8c2e9f7,5170ec511fb50cdf10d648416d508574d70e9781ddf156a1b2a86d2b385e94dc,100,1729,maximum_information_gain,2000.0,3000.0
kata1-b6c96-s1248000-d550347-temp-0.3,8,368.0785570998903,18.436059486987347,717.7210547127933,113.3151130072046,254.7634440926857,2,a5803f8a5d9d87202b43d709cb328cedaf18c446af448f705c33d553e8c2e9f7,5170ec511fb50cdf10d648416d508574d70e9781ddf156a1b2a86d2b385e94dc,100,1729,maximum_information_gain,2000.0,3000.0
kata1-b6c96-s1248000-d550347-temp-0.3,10,367.00105919686774,79.92671243263118,654.0754059611043,113.3151130072046,253.68594618966313,2,a5803f8a5d9d87202b43d709cb328cedaf18c446af448f705c33d553e8c2e9f7,5170ec511fb50cdf10d648416d508574d70e9781ddf156a1b2a86d2b385e94dc,100,1729,maximum_information_gain,2000.0,3000.0
kata1-b6c96-s1248000-d550347-temp-0.3,12,271.45161806245153,14.107391433414193,528.7958446914888,113.3151130072046,158.13650505524691,2,a5803f8a5d9d87202b43d709cb328cedaf18c446af448f705c33d553e8c2e9f7,5170ec511fb50cdf10d648416d508574d70e9781ddf156a1b2a86d2b385e94dc,100,1729,maximum_information_gain,2000.0,3000.0
kata1-b6c96-s1248000-d550347-temp-0.3,14,187.4069906617825,-56.279405484877856,431.0933868084428,113.3151130072046,74.09187765457789,2,a5803f8a5d9d87202b43d709cb328cedaf18c446af448f705c33d553e8c2e9f7,5170ec511fb50cdf10d648416d508574d70e9781ddf156a1b2a86d2b385e94dc,100,1729,maximum_information_gain,2000.0,3000.0
kata1-b6c96-s1248000-d550347-temp-0.3,16,188.7072706989744,-30.56513675017098,407.9796781481198,113.3151130072046,75.39215769176981,2,a5803f8a5d9d87202b43d709cb328cedaf18c446af448f705c33d553e8c2e9f7,5170ec511fb50cdf10d648416d508574d70e9781ddf156a1b2a86d2b385e94dc,100,1729,maximum_information_gain,2000.0,3000.0
kata1-b6c96-s1248000-d550347-temp-0.3,18,126.0379001546515,-85.97392353861291,338.0497238479159,113.3151130072046,12.722787147446894,2,a5803f8a5d9d87202b43d709cb328cedaf18c446af448f705c33d553e8c2e9f7,5170ec511fb50cdf10d648416d508574d70e9781ddf156a1b2a86d2b385e94dc,100,1729,maximum_information_gain,2000.0,3000.0
kata1-b6c96-s1248000-d550347-temp-0.3,20,129.02131761788456,-66.0860724597043,324.1287076954734,113.3151130072046,15.706204610679961,2,a5803f8a5d9d87202b43d709cb328cedaf18c446af448f705c33d553e8c2e9f7,5170ec511fb50cdf10d648416d508574d70e9781ddf156a1b2a86d2b385e94dc,100,1729,maximum_information_gain,2000.0,3000.0
kata1-b6c96-s1248000-d550347-temp-0.3,22,131.2181319798716,-50.620903934005554,313.0571678937488,113.3151130072046,17.903018972667,2,a5803f8a5d9d87202b43d709cb328cedaf18c446af448f705c33d553e8c2e9f7,5170ec511fb50cdf10d648416d508574d70e9781ddf156a1b2a86d2b385e94dc,100,1729,maximum_information_gain,2000.0,3000.0
kata1-b6c96-s1248000-d550347-temp-0.3,24,87.83780031251747,-89.32462261571455,265.0002232407495,113.3151130072046,-25.47731269468713,2,a5803f8a5d9d87202b43d709cb328cedaf18c446af448f705c33d553e8c2e9f7,5170ec511fb50cdf10d648416d508574d70e9781ddf156a1b2a86d2b385e94dc,100,1729,maximum_information_gain,2000.0,3000.0
kata1-b6c96-s1248000-d550347-temp-0.3,26,134.21828570914252,-27.803265787625122,296.23983720591013,113.3151130072046,20.90317270193792,2,a5803f8a5d9d87202b43d709cb328cedaf18c446af448f705c33d553e8c2e9f7,5170ec511fb50cdf10d648416d508574d70e9781ddf156a1b2a86d2b385e94dc,100,1729,maximum_information_gain,2000.0,3000.0
kata1-b6c96-s1248000-d550347-temp-0.3,28,135.307515521604,-19.04411875471743,289.6591497979254,113.3151130072046,21.992402514399387,2,a5803f8a5d9d87202b43d709cb328cedaf18c446af448f705c33d553e8c2e9f7,5170ec511fb50cdf10d648416d508574d70e9781ddf156a1b2a86d2b385e94dc,100,1729,maximum_information_gain,2000.0,3000.0
kata1-b6c96-s1248000-d550347-temp-0.3,30,167.9948458407242,22.239567870202563,313.7501238112458,113.3151130072046,54.679732833519594,2,a5803f8a5d9d87202b43d709cb328cedaf18c446af448f705c33d553e8c2e9f7,5170ec511fb50cdf10d648416d508574d70e9781ddf156a1b2a86d2b385e94dc,100,1729,maximum_information_gain,2000.0,3000.0
kata1-b6c96-s1248000-d550347-temp-0.3,32,170.0337292853658,29.99402788219348,310.0734306885381,113.3151130072046,56.71861627816121,2,a5803f8a5d9d87202b43d709cb328cedaf18c446af448f705c33d553e8c2e9f7,5170ec511fb50cdf10d648416d508574d70e9781ddf156a1b2a86d2b385e94dc,100,1729,maximum_information_gain,2000.0,3000.0
kata1-b6c96-s1248000-d550347-temp-0.3,34,198.63434861792138,64.47109390552072,332.79760333032203,113.3151130072046,85.31923561071677,2,a5803f8a5d9d87202b43d709cb328cedaf18c446af448f705c33d553e8c2e9f7,5170ec511fb50cdf10d648416d508574d70e9781ddf156a1b2a86d2b385e94dc,100,1729,maximum_information_gain,2000.0,3000.0
kata1-b6c96-s1248000-d550347-temp-0.3,36,198.36276438181704,68.61967825524388,328.1058505083902,113.3151130072046,85.04765137461244,2,a5803f8a5d9d87202b43d709cb328cedaf18c446af448f705c33d553e8c2e9f7,5170ec511fb50cdf10d648416d508574d70e9781ddf156a1b2a86d2b385e94dc,100,1729,maximum_information_gain,2000.0,3000.0
kata1-b6c96-s1248000-d550347-temp-0.3,38,198.12673416296585,72.38515966333155,323.86830866260016,113.3151130072046,84.81162115576124,2,a5803f8a5d9d87202b43d709cb328cedaf18c446af448f705c33d553e8c2e9f7,5170ec511fb50cdf10d648416d508574d70e9781ddf156a1b2a86d2b385e94dc,100,1729,maximum_information_gain,2000.0,3000.0
kata1-b6c96-s1248000-d550347-temp-0.3,40,175.7605459265106,53.172448208956,298.3486436440652,113.3151130072046,62.445432919305986,2,a5803f8a5d9d87202b43d709cb328cedaf18c446af448f705c33d553e8c2e9f7,5170ec511fb50cdf10d648416d508574d70e9781ddf156a1b2a86d2b385e94dc,100,1729,maximum_information_gain,2000.0,3000.0
kata1-b6c96-s1248000-d550347-temp-0.3,42,155.65653969827318,35.74396203434469,275.56911736220167,113.3151130072046,42.34142669106858,2,a5803f8a5d9d87202b43d709cb328cedaf18c446af448f705c33d553e8c2e9f7,5170ec511fb50cdf10d648416d508574d70e9781ddf156a1b2a86d2b385e94dc,100,1729,maximum_information_gain,2000.0,3000.0
kata1-b6c96-s1248000-d550347-temp-0.3,44,157.71960194147815,41.021081343180725,274.4181225397756,113.3151130072046,44.404488934273544,2,a5803f8a5d9d87202b43d709cb328cedaf18c446af448f705c33d553e8c2e9f7,5170ec511fb50cdf10d648416d508574d70e9781ddf156a1b2a86d2b385e94dc,100,1729,maximum_information_gain,2000.0,3000.0
kata1-b6c96-s1248000-d550347-temp-0.3,46,140.32871184605654,25.784594267911658,254.87282942420143,113.3151130072046,27.013598838851934,2,a5803f8a5d9d87202b43d709cb328cedaf18c446af448f705c33d553e8c2e9f7,5170ec511fb50cdf10d648416d508574d70e9781ddf156a1b2a86d2b385e94dc,100,1729,maximum_information_gain,2000.0,3000.0
kata1-b6c96-s1248000-d550347-temp-0.3,48,140.58139598316816,28.778742366709054,252.38404959962728,113.3151130072046,27.266282975963563,2,a5803f8a5d9d87202b43d709cb328cedaf18c446af448f705c33d553e8c2e9f7,5170ec511fb50cdf10d648416d508574d70e9781ddf156a1b2a86d2b385e94dc,100,1729,maximum_information_gain,2000.0,3000.0
kata1-b6c96-s1248000-d550347-temp-0.3,50,140.81147553609696,31.551272800232013,250.0716782719619,113.3151130072046,27.496362528892362,2,a5803f8a5d9d87202b43d709cb328cedaf18c446af448f705c33d553e8c2e9f7,5170ec511fb50cdf10d648416d508574d70e9781ddf156a1b2a86d2b385e94dc,100,1729,maximum_information_gain,2000.0,3000.0
kata1-b6c96-s1248000-d550347-temp-0.3,52,141.0219949811854,34.12805642651253,247.91593353585827,113.3151130072046,27.7068819739808,2,a5803f8a5d9d87202b43d709cb328cedaf18c446af448f705c33d553e8c2e9f7,5170ec511fb50cdf10d648416d508574d70e9781ddf156a1b2a86d2b385e94dc,100,1729,maximum_information_gain,2000.0,3000.0
kata1-b6c96-s1248000-d550347-temp-0.3,54,141.21547495830427,36.530929260349126,245.90002065625941,113.3151130072046,27.90036195109967,2,a5803f8a5d9d87202b43d709cb328cedaf18c446af448f705c33d553e8c2e9f7,5170ec511fb50cdf10d648416d508574d70e9781ddf156a1b2a86d2b385e94dc,100,1729,maximum_information_gain,2000.0,3000.0
kata1-b6c96-s1248000-d550347-temp-0.3,56,143.3888241258534,40.84989747191344,245.92775077979337,113.3151130072046,30.073711118648802,2,a5803f8a5d9d87202b43d709cb328cedaf18c446af448f705c33d553e8c2e9f7,5170ec511fb50cdf10d648416d508574d70e9781ddf156a1b2a86d2b385e94dc,100,1729,maximum_information_gain,2000.0,3000.0
kata1-b6c96-s1248000-d550347-temp-0.3,58,145.39214027774383,44.86472806478271,245.91955249070497,113.3151130072046,32.07702727053923,2,a5803f8a5d9d87202b43d709cb328cedaf18c446af448f705c33d553e8c2e9f7,5170ec511fb50cdf10d648416d508574d70e9781ddf156a1b2a86d2b385e94dc,100,1729,maximum_information_gain,2000.0,3000.0
kata1-b6c96-s1248000-d550347-temp-0.3,60,147.2448524925077,48.60836096378503,245.88134402123038,113.3151130072046,33.9297394853031,2,a5803f8a5d9d87202b43d709cb328cedaf18c446af448f705c33d553e8c2e9f7,5170ec511fb50cdf10d648416d508574d70e9781ddf156a1b2a86d2b385e94dc,100,1729,maximum_information_gain,2000.0,3000.0
kata1-b6c96-s1248000-d550347-temp-0.3,62,162.65007486622753,66.15764464771472,259.1425050847403,113.3151130072046,49.334961859022926,2,a5803f8a5d9d87202b43d709cb328cedaf18c446af448f705c33d553e8c2e9f7,5170ec511fb50cdf10d648416d508574d70e9781ddf156a1b2a86d2b385e94dc,100,1729,maximum_information_gain,2000.0,3000.0
kata1-b6c96-s1248000-d550347-temp-0.3,64,163.76475740932582,68.92613099746316,258.60338382118846,113.3151130072046,50.44964440212122,2,a5803f8a5d9d87202b43d709cb328cedaf18c446af448f705c33d553e8c2e9f7,5170ec511fb50cdf10d648416d508574d70e9781ddf156a1b2a86d2b385e94dc,100,1729,maximum_information_gain,2000.0,3000.0
kata1-b6c96-s1248000-d550347-temp-0.3,66,177.47738642296468,84.42555596623893,270.52921687969047,113.3151130072046,64.16227341576008,2,a5803f8a5d9d87202b43d709cb328cedaf18c446af448f705c33d553e8c2e9f7,5170ec511fb50cdf10d648416d508574d70e9781ddf156a1b2a86d2b385e94dc,100,1729,maximum_information_gain,2000.0,3000.0
kata1-b6c96-s1248000-d550347-temp-0.3,68,178.0372142380824,86.4567698871148,269.61765858905005,113.3151130072046,64.72210123087781,2,a5803f8a5d9d87202b43d709cb328cedaf18c446af448f705c33d553e8c2e9f7,5170ec511fb50cdf10d648416d508574d70e9781ddf156a1b2a86d2b385e94dc,100,1729,maximum_information_gain,2000.0,3000.0
kata1-b6c96-s1248000-d550347-temp-0.3,70,184.47957058633847,94.3663757611393,274.59276541153764,113.3151130072046,71.16445757913387,2,a5803f8a5d9d87202b43d709cb328cedaf18c446af448f705c33d553e8c2e9f7,5170ec511fb50cdf10d648416d508574d70e9781ddf156a1b2a86d2b385e94dc,100,1729,maximum_information_gain,2000.0,3000.0
kata1-b6c96-s1248000-d550347-temp-0.3,72,184.7937112214804,96.01044372328988,273.57697871967093,113.3151130072046,71.4785982142758,2,a5803f8a5d9d87202b43d709cb328cedaf18c446af448f705c33d553e8c2e9f7,5170ec511fb50cdf10d648416d508574d70e9781ddf156a1b2a86d2b385e94dc,100,1729,maximum_information_gain,2000.0,3000.0
kata1-b6c96-s1248000-d550347-temp-0.3,74,185.09018306805038,97.57656968589137,272.6037964502094,113.3151130072046,71.77507006084578,2,a5803f8a5d9d87202b43d709cb328cedaf18c446af448f705c33d553e8c2e9f7,5170ec511fb50cdf10d648416d508574d70e9781ddf156a1b2a86d2b385e94dc,100,1729,maximum_information_gain,2000.0,3000.0
kata1-b6c96-s1248000-d550347-temp-0.3,76,185.37057556695464,99.0707248158077,271.6704263181016,113.3151130072046,72.05546255975004,2,a5803f8a5d9d87202b43d709cb328cedaf18c446af448f705c33d553e8c2e9f7,5170ec511fb50cdf10d648416d508574d70e9781ddf156a1b2a86d2b385e94dc,100,1729,maximum_information_gain,2000.0,3000.0
kata1-b6c96-s1248000-d550347-temp-0.3,78,185.63616740103933,100.49813745383672,270.77419734824196,113.3151130072046,72.32105439383473,2,a5803f8a5d9d87202b43d709cb328cedaf18c446af448f705c33d553e8c2e9f7,5170ec511fb50cdf10d648416d508574d70e9781ddf156a1b2a86d2b385e94dc,100,1729,maximum_information_gain,2000.0,3000.0
kata1-b6c96-s1248000-d550347-temp-0.3,80,185.88818916422093,101.86360724824668,269.91277108019517,113.3151130072046,72.57307615701633,2,a5803f8a5d9d87202b43d709cb328cedaf18c446af448f705c33d553e8c2e9f7,5170ec511fb50cdf10d648416d508574d70e9781ddf156a1b2a86d2b385e94dc,100,1729,maximum_information_gain,2000.0,3000.0
kata1-b6c96-s1248000-d550347-temp-0.3,82,186.08647060744755,103.14095456556844,269.03198664932665,113.3151130072046,72.77135760024295,2,a5803f8a5d9d87202b43d709cb328cedaf18c446af448f705c33d553e8c2e9f7,5170ec511fb50cdf10d648416d508574d70e9781ddf156a1b2a86d2b385e94dc,100,1729,maximum_information_gain,2000.0,3000.0
kata1-b6c96-s1248000-d550347-temp-0.3,84,186.31438195347587,104.39485727616392,268.2339066307878,113.3151130072046,72.99926894627127,2,a5803f8a5d9d87202b43d709cb328cedaf18c446af448f705c33d553e8c2e9f7,5170ec511fb50cdf10d648416d508574d70e9781ddf156a1b2a86d2b385e94dc,100,1729,maximum_information_gain,2000.0,3000.0
kata1-b6c96-s1248000-d550347-temp-0.3,86,186.5316374192668,105.59859072462667,267.4646841139069,113.3151130072046,73.21652441206218,2,a5803f8a5d9d87202b43d709cb328cedaf18c446af448f705c33d553e8c2e9f7,5170ec511fb50cdf10d648416d508574d70e9781ddf156a1b2a86d2b385e94dc,100,1729,maximum_information_gain,2000.0,3000.0
kata1-b6c96-s1248000-d550347-temp-0.3,88,186.73901446179835,106.75537937800728,266.72264954558943,113.3151130072046,73.42390145459375,2,a5803f8a5d9d87202b43d709cb328cedaf18c446af448f705c33d553e8c2e9f7,5170ec511fb50cdf10d648416d508574d70e9781ddf156a1b2a86d2b385e94dc,100,1729,maximum_information_gain,2000.0,3000.0
kata1-b6c96-s1248000-d550347-temp-0.3,90,177.89002559576107,98.75023227799161,257.02981891353056,113.3151130072046,64.57491258855647,2,a5803f8a5d9d87202b43d709cb328cedaf18c446af448f705c33d553e8c2e9f7,5170ec511fb50cdf10d648416d508574d70e9781ddf156a1b2a86d2b385e94dc,100,1729,maximum_information_gain,2000.0,3000.0
kata1-b6c96-s1248000-d550347-temp-0.3,92,187.08536488454698,108.90829657615629,265.2624331929377,113.3151130072046,73.77025187734237,2,a5803f8a5d9d87202b43d709cb328cedaf18c446af448f705c33d553e8c2e9f7,5170ec511fb50cdf10d648416d508574d70e9781ddf156a1b2a86d2b385e94dc,100,1729,maximum_information_gain,2000.0,3000.0
kata1-b6c96-s1248000-d550347-temp-0.3,94,182.9519499459653,105.59845054086323,260.3054493510674,113.3151130072046,69.63683693876071,2,a5803f8a5d9d87202b43d709cb328cedaf18c446af448f705c33d553e8c2e9f7,5170ec511fb50cdf10d648416d508574d70e9781ddf156a1b2a86d2b385e94dc,100,1729,maximum_information_gain,2000.0,3000.0
kata1-b6c96-s1248000-d550347-temp-0.3,96,183.22189580754463,106.69163201680063,259.75215959828864,113.3151130072046,69.90678280034003,2,a5803f8a5d9d87202b43d709cb328cedaf18c446af448f705c33d553e8c2e9f7,5170ec511fb50cdf10d648416d508574d70e9781ddf156a1b2a86d2b385e94dc,100,1729,maximum_information_gain,2000.0,3000.0
kata1-b6c96-s1248000-d550347-temp-0.3,98,183.44011427492183,107.71532453365923,259.16490401618444,113.3151130072046,70.12500126771722,2,a5803f8a5d9d87202b43d709cb328cedaf18c446af448f705c33d553e8c2e9f7,5170ec511fb50cdf10d648416d508574d70e9781ddf156a1b2a86d2b385e94dc,100,1729,maximum_information_gain,2000.0,3000.0
kata1-b6c96-s1248000-d550347-temp-0.3,100,183.68847793441955,108.73303710782831,258.6439187610108,113.3151130072046,70.37336492721495,2,a5803f8a5d9d87202b43d709cb328cedaf18c446af448f705c33d553e8c2e9f7,5170ec511fb50cdf10d648416d508574d70e9781ddf156a1b2a86d2b385e94dc,100,1729,maximum_information_gain,2000.0,3000.0
kata1-b6c96-s938496-d1208807-temp-0.3,2,1150.5806657435978,-1281.5361734018907,3582.6975048890863,235.0968993003707,915.4837664432271,2,a5803f8a5d9d87202b43d709cb328cedaf18c446af448f705c33d553e8c2e9f7,5170ec511fb50cdf10d648416d508574d70e9781ddf156a1b2a86d2b385e94dc,100,1729,maximum_information_gain,2000.0,3000.0
kata1-b6c96-s938496-d1208807-temp-0.3,4,399.3191629761532,-1455.8632506982156,2254.501576650522,235.0968993003707,164.22226367578253,2,a5803f8a5d9d87202b43d709cb328cedaf18c446af448f705c33d553e8c2e9f7,5170ec511fb50cdf10d648416d508574d70e9781ddf156a1b2a86d2b385e94dc,100,1729,maximum_information_gain,2000.0,3000.0
kata1-b6c96-s938496-d1208807-temp-0.3,6,-259.36104136408585,-1850.6103106319704,1331.8882279037987,235.0968993003707,-494.45794066445654,2,a5803f8a5d9d87202b43d709cb328cedaf18c446af448f705c33d553e8c2e9f7,5170ec511fb50cdf10d648416d508574d70e9781ddf156a1b2a86d2b385e94dc,100,1729,maximum_information_gain,2000.0,3000.0
kata1-b6c96-s938496-d1208807-temp-0.3,8,223.13251576502276,-183.23607802035363,629.5011095503992,235.0968993003707,-11.964383535347935,2,a5803f8a5d9d87202b43d709cb328cedaf18c446af448f705c33d553e8c2e9f7,5170ec511fb50cdf10d648416d508574d70e9781ddf156a1b2a86d2b385e94dc,100,1729,maximum_information_gain,2000.0,3000.0
kata1-b6c96-s938496-d1208807-temp-0.3,10,197.71079784968984,-119.19590630552014,514.6175020048998,235.0968993003707,-37.386101450680854,2,a5803f8a5d9d87202b43d709cb328cedaf18c446af448f705c33d553e8c2e9f7,5170ec511fb50cdf10d648416d508574d70e9781ddf156a1b2a86d2b385e94dc,100,1729,maximum_information_gain,2000.0,3000.0
kata1-b6c96-s938496-d1208807-temp-0.3,12,186.6771271791497,-81.6183961140917,454.9726504723911,235.0968993003707,-48.419772121221,2,a5803f8a5d9d87202b43d709cb328cedaf18c446af448f705c33d553e8c2e9f7,5170ec511fb50cdf10d648416d508574d70e9781ddf156a1b2a86d2b385e94dc,100,1729,maximum_information_gain,2000.0,3000.0
kata1-b6c96-s938496-d1208807-temp-0.3,14,265.4302187769194,23.694409205396767,507.166028348442,235.0968993003707,30.333319476548695,2,a5803f8a5d9d87202b43d709cb328cedaf18c446af448f705c33d553e8c2e9f7,5170ec511fb50cdf10d648416d508574d70e9781ddf156a1b2a86d2b385e94dc,100,1729,maximum_information_gain,2000.0,3000.0
kata1-b6c96-s938496-d1208807-temp-0.3,16,206.3511436242055,-10.073003385403382,422.7752906338144,235.0968993003707,-28.745755676165203,2,a5803f8a5d9d87202b43d709cb328cedaf18c446af448f705c33d553e8c2e9f7,5170ec511fb50cdf10d648416d508574d70e9781ddf156a1b2a86d2b385e94dc,100,1729,maximum_information_gain,2000.0,3000.0
kata1-b6c96-s938496-d1208807-temp-0.3,18,198.94041237101047,-0.11863395288503398,397.99945869490597,235.0968993003707,-36.15648692936023,2,a5803f8a5d9d87202b43d709cb328cedaf18c446af448f705c33d553e8c2e9f7,5170ec511fb50cdf10d648416d508574d70e9781ddf156a1b2a86d2b385e94dc,100,1729,maximum_information_gain,2000.0,3000.0
kata1-b6c96-s938496-d1208807-temp-0.3,20,142.17699248253263,-44.19789485027519,328.55187981534044,235.0968993003707,-92.91990681783807,2,a5803f8a5d9d87202b43d709cb328cedaf18c446af448f705c33d553e8c2e9f7,5170ec511fb50cdf10d648416d508574d70e9781ddf156a1b2a86d2b385e94dc,100,1729,maximum_information_gain,2000.0,3000.0
kata1-b6c96-s938496-d1208807-temp-0.3,22,98.01265809035131,-79.57668870867305,275.6020048893757,235.0968993003707,-137.0842412100194,2,a5803f8a5d9d87202b43d709cb328cedaf18c446af448f705c33d553e8c2e9f7,5170ec511fb50cdf10d648416d508574d70e9781ddf156a1b2a86d2b385e94dc,100,1729,maximum_information_gain,2000.0,3000.0
kata1-b6c96-s938496-d1208807-temp-0.3,24,140.09301947709432,-25.286738014760573,305.47277696894923,235.0968993003707,-95.00387982327638,2,a5803f8a5d9d87202b43d709cb328cedaf18c446af448f705c33d553e8c2e9f7,5170ec511fb50cdf10d648416d508574d70e9781ddf156a1b2a86d2b385e94dc,100,1729,maximum_information_gain,2000.0,3000.0
kata1-b6c96-s938496-d1208807-temp-0.3,26,137.22590873291992,-20.062876095979476,294.5146935618193,235.0968993003707,-97.87099056745078,2,a5803f8a5d9d87202b43d709cb328cedaf18c446af448f705c33d553e8c2e9f7,5170ec511fb50cdf10d648416d508574d70e9781ddf156a1b2a86d2b385e94dc,100,1729,maximum_information_gain,2000.0,3000.0
kata1-b6c96-s938496-d1208807-temp-0.3,28,134.34645988403548,-15.945117009189403,284.63803677726037,235.0968993003707,-100.75043941633521,2,a5803f8a5d9d87202b43d709cb328cedaf18c446af448f705c33d553e8c2e9f7,5170ec511fb50cdf10d648416d508574d70e9781ddf156a1b2a86d2b385e94dc,100,1729,maximum_information_gain,2000.0,3000.0
kata1-b6c96-s938496-d1208807-temp-0.3,30,132.41704794377364,-11.72347267408972,276.557568561637,235.0968993003707,-102.67985135659706,2,a5803f8a5d9d87202b43d709cb328cedaf18c446af448f705c33d553e8c2e9f7,5170ec511fb50cdf10d648416d508574d70e9781ddf156a1b2a86d2b385e94dc,100,1729,maximum_information_gain,2000.0,3000.0
kata1-b6c96-s938496-d1208807-temp-0.3,32,130.33461716990988,-8.357904630959496,269.0271389707792,235.0968993003707,-104.76228213046082,2,a5803f8a5d9d87202b43d709cb328cedaf18c446af448f705c33d553e8c2e9f7,5170ec511fb50cdf10d648416d508574d70e9781ddf156a1b2a86d2b385e94dc,100,1729,maximum_information_gain,2000.0,3000.0
kata1-b6c96-s938496-d1208807-temp-0.3,34,155.1022471521907,21.459246748834346,288.74524755554705,235.0968993003707,-79.99465214818,2,a5803f8a5d9d87202b43d709cb328cedaf18c446af448f705c33d553e8c2e9f7,5170ec511fb50cdf10d648416d508574d70e9781ddf156a1b2a86d2b385e94dc,100,1729,maximum_information_gain,2000.0,3000.0
kata1-b6c96-s938496-d1208807-temp-0.3,36,167.73836766632422,38.41751985787491,297.0592154747735,235.0968993003707,-67.35853163404647,2,a5803f8a5d9d87202b43d709cb328cedaf18c446af448f705c33d553e8c2e9f7,5170ec511fb50cdf10d648416d508574d70e9781ddf156a1b2a86d2b385e94dc,100,1729,maximum_information_gain,2000.0,3000.0
kata1-b6c96-s938496-d1208807-temp-0.3,38,190.51550615571432,64.75699519732616,316.2740171141025,235.0968993003707,-44.581393144656374,2,a5803f8a5d9d87202b43d709cb328cedaf18c446af448f705c33d553e8c2e9f7,5170ec511fb50cdf10d648416d508574d70e9781ddf156a1b2a86d2b385e94dc,100,1729,maximum_information_gain,2000.0,3000.0
kata1-b6c96-s938496-d1208807-temp-0.3,40,166.72196527879558,45.05490953617691,288.38902102141424,235.0968993003707,-68.37493402157511,2,a5803f8a5d9d87202b43d709cb328cedaf18c446af448f705c33d553e8c2e9f7,5170ec511fb50cdf10d648416d508574d70e9781ddf156a1b2a86d2b385e94dc,100,1729,maximum_information_gain,2000.0,3000.0
kata1-b6c96-s938496-d1208807-temp-0.3,42,166.27892622001238,47.95840269449232,284.5994497455324,235.0968993003707,-68.81797308035831,2,a5803f8a5d9d87202b43d709cb328cedaf18c446af448f705c33d553e8c2e9f7,5170ec511fb50cdf10d648416d508574d70e9781ddf156a1b2a86d2b385e94dc,100,1729,maximum_information_gain,2000.0,3000.0
kata1-b6c96-s938496-d1208807-temp-0.3,44,165.91577166978655,50.66110148513509,281.170441854438,235.0968993003707,-69.18112763058414,2,a5803f8a5d9d87202b43d709cb328cedaf18c446af448f705c33d553e8c2e9f7,5170ec511fb50cdf10d648416d508574d70e9781ddf156a1b2a86d2b385e94dc,100,1729,maximum_information_gain,2000.0,3000.0
kata1-b6c96-s938496-d1208807-temp-0.3,46,165.5898620480261,53.16792975246102,278.0117943435912,235.0968993003707,-69.50703725234459,2,a5803f8a5d9d87202b43d709cb328cedaf18c446af448f705c33d553e8c2e9f7,5170ec511fb50cdf10d648416d508574d70e9781ddf156a1b2a86d2b385e94dc,100,1729,maximum_information_gain,2000.0,3000.0
kata1-b6c96-s938496-d1208807-temp-0.3,48,165.26016061440262,55.47856744030662,275.0417537884986,235.0968993003707,-69.83673868596807,2,a5803f8a5d9d87202b43d709cb328cedaf18c446af448f705c33d553e8c2e9f7,5170ec511fb50cdf10d648416d508574d70e9781ddf156a1b2a86d2b385e94dc,100,1729,maximum_information_gain,2000.0,3000.0
kata1-b6c96-s938496-d1208807-temp-0.3,50,164.99390423855198,57.65806790847097,272.329740568633,235.0968993003707,-70.10299506181872,2,a5803f8a5d9d87202b43d709cb328cedaf18c446af448f705c33d553e8c2e9f7,5170ec511fb50cdf10d648416d508574d70e9781ddf156a1b2a86d2b385e94dc,100,1729,maximum_information_gain,2000.0,3000.0
kata1-b6c96-s938496-d1208807-temp-0.3,52,164.7516962014799,59.69991549370583,269.80347690925396,235.0968993003707,-70.3452030988908,2,a5803f8a5d9d87202b43d709cb328cedaf18c446af448f705c33d553e8c2e9f7,5170ec511fb50cdf10d648416d508574d70e9781ddf156a1b2a86d2b385e94dc,100,1729,maximum_information_gain,2000.0,3000.0
kata1-b6c96-s938496-d1208807-temp-0.3,54,164.5305500303967,61.61809796867996,267.4430020921135,235.0968993003707,-70.56634926997398,2,a5803f8a5d9d87202b43d709cb328cedaf18c446af448f705c33d553e8c2e9f7,5170ec511fb50cdf10d648416d508574d70e9781ddf156a1b2a86d2b385e94dc,100,1729,maximum_information_gain,2000.0,3000.0
kata1-b6c96-s938496-d1208807-temp-0.3,56,179.25872837989925,78.21478043548612,280.3026763243124,235.0968993003707,-55.83817092047144,2,a5803f8a5d9d87202b43d709cb328cedaf18c446af448f705c33d553e8c2e9f7,5170ec511fb50cdf10d648416d508574d70e9781ddf156a1b2a86d2b385e94dc,100,1729,maximum_information_gain,2000.0,3000.0
kata1-b6c96-s938496-d1208807-temp-0.3,58,164.10632160975888,65.10628891543136,263.1063543040864,235.0968993003707,-70.99057769061181,2,a5803f8a5d9d87202b43d709cb328cedaf18c446af448f705c33d553e8c2e9f7,5170ec511fb50cdf10d648416d508574d70e9781ddf156a1b2a86d2b385e94dc,100,1729,maximum_information_gain,2000.0,3000.0
kata1-b6c96-s938496-d1208807-temp-0.3,60,163.89942926869892,66.69565817307627,261.1032003643216,235.0968993003707,-71.19747003167177,2,a5803f8a5d9d87202b43d709cb328cedaf18c446af448f705c33d553e8c2e9f7,5170ec511fb50cdf10d648416d508574d70e9781ddf156a1b2a86d2b385e94dc,100,1729,maximum_information_gain,2000.0,3000.0
kata1-b6c96-s938496-d1208807-temp-0.3,62,163.74097729991507,68.22491137841736,259.2570432214128,235.0968993003707,-71.35592200045562,2,a5803f8a5d9d87202b43d709cb328cedaf18c446af448f705c33d553e8c2e9f7,5170ec511fb50cdf10d648416d508574d70e9781ddf156a1b2a86d2b385e94dc,100,1729,maximum_information_gain,2000.0,3000.0
kata1-b6c96-s938496-d1208807-temp-0.3,64,163.59422977414454,69.67730422727703,257.51115532101204,235.0968993003707,-71.50266952622616,2,a5803f8a5d9d87202b43d709cb328cedaf18c446af448f705c33d553e8c2e9f7,5170ec511fb50cdf10d648416d508574d70e9781ddf156a1b2a86d2b385e94dc,100,1729,maximum_information_gain,2000.0,3000.0
kata1-b6c96-s938496-d1208807-temp-0.3,66,161.85826083006506,69.46837030750186,254.24815135262827,235.0968993003707,-73.23863847030563,2,a5803f8a5d9d87202b43d709cb328cedaf18c446af448f705c33d553e8c2e9f7,5170ec511fb50cdf10d648416d508574d70e9781ddf156a1b2a86d2b385e94dc,100,1729,maximum_information_gain,2000.0,3000.0
kata1-b6c96-s938496-d1208807-temp-0.3,68,160.03504000653072,69.10062539713752,250.96945461592392,235.0968993003707,-75.06185929383997,2,a5803f8a5d9d87202b43d709cb328cedaf18c446af448f705c33d553e8c2e9f7,5170ec511fb50cdf10d648416d508574d70e9781ddf156a1b2a86d2b385e94dc,100,1729,maximum_information_gain,2000.0,3000.0
kata1-b6c96-s938496-d1208807-temp-0.3,70,158.32662507373576,68.77911758978306,247.87413255768845,235.0968993003707,-76.77027422663494,2,a5803f8a5d9d87202b43d709cb328cedaf18c446af448f705c33d553e8c2e9f7,5170ec511fb50cdf10d648416d508574d70e9781ddf156a1b2a86d2b385e94dc,100,1729,maximum_information_gain,2000.0,3000.0
kata1-b6c96-s938496-d1208807-temp-0.3,72,162.44812449850824,74.19678677990476,250.69946221711172,235.0968993003707,-72.64877480186246,2,a5803f8a5d9d87202b43d709cb328cedaf18c446af448f705c33d553e8c2e9f7,5170ec511fb50cdf10d648416d508574d70e9781ddf156a1b2a86d2b385e94dc,100,1729,maximum_information_gain,2000.0,3000.0
kata1-b6c96-s938496-d1208807-temp-0.3,74,162.32797369785217,75.34571485072446,249.3102325449799,235.0968993003707,-72.76892560251852,2,a5803f8a5d9d87202b43d709cb328cedaf18c446af448f705c33d553e8c2e9f7,5170ec511fb50cdf10d648416d508574d70e9781ddf156a1b2a86d2b385e94dc,100,1729,maximum_information_gain,2000.0,3000.0
kata1-b6c96-s938496-d1208807-temp-0.3,76,162.24873384357215,76.47004393088025,248.02742375626406,235.0968993003707,-72.84816545679854,2,a5803f8a5d9d87202b43d709cb328cedaf18c446af448f705c33d553e8c2e9f7,5170ec511fb50cdf10d648416d508574d70e9781ddf156a1b2a86d2b385e94dc,100,1729,maximum_information_gain,2000.0,3000.0
kata1-b6c96-s938496-d1208807-temp-0.3,78,160.84003795750738,76.22340173166123,245.45667418335353,235.0968993003707,-74.25686134286332,2,a5803f8a5d9d87202b43d709cb328cedaf18c446af448f705c33d553e8c2e9f7,5170ec511fb50cdf10d648416d508574d70e9781ddf156a1b2a86d2b385e94dc,100,1729,maximum_information_gain,2000.0,3000.0
kata1-b6c96-s938496-d1208807-temp-0.3,80,169.57663962338603,85.99704160797003,253.15623763880203,235.0968993003707,-65.52025967698467,2,a5803f8a5d9d87202b43d709cb328cedaf18c446af448f705c33d553e8c2e9f7,5170ec511fb50cdf10d648416d508574d70e9781ddf156a1b2a86d2b385e94dc,100,1729,maximum_information_gain,2000.0,3000.0
kata1-b6c96-s938496-d1208807-temp-0.3,82,159.42227987460944,76.99020561690841,241.85435413231048,235.0968993003707,-75.67461942576125,2,a5803f8a5d9d87202b43d709cb328cedaf18c446af448f705c33d553e8c2e9f7,5170ec511fb50cdf10d648416d508574d70e9781ddf156a1b2a86d2b385e94dc,100,1729,maximum_information_gain,2000.0,3000.0
kata1-b6c96-s938496-d1208807-temp-0.3,84,158.02769345356296,76.62526020482139,239.43012670230453,235.0968993003707,-77.06920584680773,2,a5803f8a5d9d87202b43d709cb328cedaf18c446af448f705c33d553e8c2e9f7,5170ec511fb50cdf10d648416d508574d70e9781ddf156a1b2a86d2b385e94dc,100,1729,maximum_information_gain,2000.0,3000.0
kata1-b6c96-s938496-d1208807-temp-0.3,86,156.86608657874697,76.45353717562688,237.27863598186707,235.0968993003707,-78.23081272162372,2,a5803f8a5d9d87202b43d709cb328cedaf18c446af448f705c33d553e8c2e9f7,5170ec511fb50cdf10d648416d508574d70e9781ddf156a1b2a86d2b385e94dc,100,1729,maximum_information_gain,2000.0,3000.0
kata1-b6c96-s938496-d1208807-temp-0.3,88,155.6024549240584,76.14435467999108,235.06055516812575,235.0968993003707,-79.49444437631229,2,a5803f8a5d9d87202b43d709cb328cedaf18c446af448f705c33d553e8c2e9f7,5170ec511fb50cdf10d648416d508574d70e9781ddf156a1b2a86d2b385e94dc,100,1729,maximum_information_gain,2000.0,3000.0
kata1-b6c96-s938496-d1208807-temp-0.3,90,154.4001153430514,75.86159672906612,232.93863395703667,235.0968993003707,-80.6967839573193,2,a5803f8a5d9d87202b43d709cb328cedaf18c446af448f705c33d553e8c2e9f7,5170ec511fb50cdf10d648416d508574d70e9781ddf156a1b2a86d2b385e94dc,100,1729,maximum_information_gain,2000.0,3000.0
kata1-b6c96-s938496-d1208807-temp-0.3,92,153.40549978817887,75.75301587926413,231.05798369709362,235.0968993003707,-81.69139951219182,2,a5803f8a5d9d87202b43d709cb328cedaf18c446af448f705c33d553e8c2e9f7,5170ec511fb50cdf10d648416d508574d70e9781ddf156a1b2a86d2b385e94dc,100,1729,maximum_information_gain,2000.0,3000.0
kata1-b6c96-s938496-d1208807-temp-0.3,94,160.91660425945818,84.07055614396924,237.76265237494712,235.0968993003707,-74.18029504091251,2,a5803f8a5d9d87202b43d709cb328cedaf18c446af448f705c33d553e8c2e9f7,5170ec511fb50cdf10d648416d508574d70e9781ddf156a1b2a86d2b385e94dc,100,1729,maximum_information_gain,2000.0,3000.0
kata1-b6c96-s938496-d1208807-temp-0.3,96,160.89598861065411,84.87409366893274,236.91788355237549,235.0968993003707,-74.20091068971658,2,a5803f8a5d9d87202b43d709cb328cedaf18c446af448f705c33d553e8c2e9f7,5170ec511fb50cdf10d648416d508574d70e9781ddf156a1b2a86d2b385e94dc,100,1729,maximum_information_gain,2000.0,3000.0
kata1-b6c96-s938496-d1208807-temp-0.3,98,160.87681621265526,85.65132242527882,236.1023100000317,235.0968993003707,-74.22008308771544,2,a5803f8a5d9d87202b43d709cb328cedaf18c446af448f705c33d553e8c2e9f7,5170ec511fb50cdf10d648416d508574d70e9781ddf156a1b2a86d2b385e94dc,100,1729,maximum_information_gain,2000.0,3000.0
kata1-b6c96-s938496-d1208807-temp-0.3,100,152.8375541738583,78.43076890023612,227.2443394474805,235.0968993003707,-82.25934512651239,2,a5803f8a5d9d87202b43d709cb328cedaf18c446af448f705c33d553e8c2e9f7,5170ec511fb50cdf10d648416d508574d70e9781ddf156a1b2a86d2b385e94dc,100,1729,maximum_information_gain,2000.0,3000.0
kata1-b6c96-s1995008-d1329786-temp-0.3,2,1160.089901804973,-1283.2410928932466,3603.420896503192,327.86273469538617,832.2271671095867,2,a5803f8a5d9d87202b43d709cb328cedaf18c446af448f705c33d553e8c2e9f7,5170ec511fb50cdf10d648416d508574d70e9781ddf156a1b2a86d2b385e94dc,100,1729,maximum_information_gain,2000.0,3000.0
kata1-b6c96-s1995008-d1329786-temp-0.3,4,409.5728467938666,-1451.027330151313,2270.173023739046,327.86273469538617,81.71011209848041,2,a5803f8a5d9d87202b43d709cb328cedaf18c446af448f705c33d553e8c2e9f7,5170ec511fb50cdf10d648416d508574d70e9781ddf156a1b2a86d2b385e94dc,100,1729,maximum_information_gain,2000.0,3000.0
kata1-b6c96-s1995008-d1329786-temp-0.3,6,416.36114188203857,-67.06969680061957,899.7919805646967,327.86273469538617,88.4984071866524,2,a5803f8a5d9d87202b43d709cb328cedaf18c446af448f705c33d553e8c2e9f7,5170ec511fb50cdf10d648416d508574d70e9781ddf156a1b2a86d2b385e94dc,100,1729,maximum_information_gain,2000.0,3000.0
kata1-b6c96-s1995008-d1329786-temp-0.3,8,216.9569210544428,-181.8062453754022,615.7200874842878,327.86273469538617,-110.90581364094336,2,a5803f8a5d9d87202b43d709cb328cedaf18c446af448f705c33d553e8c2e9f7,5170ec511fb50cdf10d648416d508574d70e9781ddf156a1b2a86d2b385e94dc,100,1729,maximum_information_gain,2000.0,3000.0
kata1-b6c96-s1995008-d1329786-temp-0.3,10,215.5380455957164,-97.62260188062797,528.6986930720608,327.86273469538617,-112.32468909966977,2,a5803f8a5d9d87202b43d709cb328cedaf18c446af448f705c33d553e8c2e9f7,5170ec511fb50cdf10d648416d508574d70e9781ddf156a1b2a86d2b385e94dc,100,1729,maximum_information_gain,2000.0,3000.0
kata1-b6c96-s1995008-d1329786-temp-0.3,12,316.81553990917246,58.555432775987015,575.0756470423579,327.86273469538617,-11.047194786213709,2,a5803f8a5d9d87202b43d709cb328cedaf18c446af448f705c33d553e8c2e9f7,5170ec511fb50cdf10d648416d508574d70e9781ddf156a1b2a86d2b385e94dc,100,1729,maximum_information_gain,2000.0,3000.0
kata1-b6c96-s1995008-d1329786-temp-0.3,14,233.83476687449777,-0.5714266038411608,468.24096035283674,327.86273469538617,-94.02796782088839,2,a5803f8a5d9d87202b43d709cb328cedaf18c446af448f705c33d553e8c2e9f7,5170ec511fb50cdf10d648416d508574d70e9781ddf156a1b2a86d2b385e94dc,100,1729,maximum_information_gain,2000.0,3000.0
kata1-b6c96-s1995008-d1329786-temp-0.3,16,230.15660628379857,17.15382137626574,443.1593911913314,327.86273469538617,-97.7061284115876,2,a5803f8a5d9d87202b43d709cb328cedaf18c446af448f705c33d553e8c2e9f7,5170ec511fb50cdf10d648416d508574d70e9781ddf156a1b2a86d2b385e94dc,100,1729,maximum_information_gain,2000.0,3000.0
kata1-b6c96-s1995008-d1329786-temp-0.3,18,284.4487673503052,89.76950855261416,479.12802614799625,327.86273469538617,-43.41396734508095,2,a5803f8a5d9d87202b43d709cb328cedaf18c446af448f705c33d553e8c2e9f7,5170ec511fb50cdf10d648416d508574d70e9781ddf156a1b2a86d2b385e94dc,100,1729,maximum_information_gain,2000.0,3000.0
kata1-b6c96-s1995008-d1329786-temp-0.3,20,237.46294706213902,54.42839628294965,420.49749784132837,327.86273469538617,-90.39978763324714,2,a5803f8a5d9d87202b43d709cb328cedaf18c446af448f705c33d553e8c2e9f7,5170ec511fb50cdf10d648416d508574d70e9781ddf156a1b2a86d2b385e94dc,100,1729,maximum_information_gain,2000.0,3000.0
kata1-b6c96-s1995008-d1329786-temp-0.3,22,234.6268226686436,62.31258013154442,406.9410652057428,327.86273469538617,-93.23591202674257,2,a5803f8a5d9d87202b43d709cb328cedaf18c446af448f705c33d553e8c2e9f7,5170ec511fb50cdf10d648416d508574d70e9781ddf156a1b2a86d2b385e94dc,100,1729,maximum_information_gain,2000.0,3000.0
kata1-b6c96-s1995008-d1329786-temp-0.3,24,232.3397463551573,69.08318769457375,395.5963050157409,327.86273469538617,-95.52298834022886,2,a5803f8a5d9d87202b43d709cb328cedaf18c446af448f705c33d553e8c2e9f7,5170ec511fb50cdf10d648416d508574d70e9781ddf156a1b2a86d2b385e94dc,100,1729,maximum_information_gain,2000.0,3000.0
kata1-b6c96-s1995008-d1329786-temp-0.3,26,230.52001584464526,75.01701861341098,386.02301307587953,327.86273469538617,-97.34271885074091,2,a5803f8a5d9d87202b43d709cb328cedaf18c446af448f705c33d553e8c2e9f7,5170ec511fb50cdf10d648416d508574d70e9781ddf156a1b2a86d2b385e94dc,100,1729,maximum_information_gain,2000.0,3000.0
kata1-b6c96-s1995008-d1329786-temp-0.3,28,195.85614797478465,45.71795323381434,345.99434271575495,327.86273469538617,-132.00658672060152,2,a5803f8a5d9d87202b43d709cb328cedaf18c446af448f705c33d553e8c2e9f7,5170ec511fb50cdf10d648416d508574d70e9781ddf156a1b2a86d2b385e94dc,100,1729,maximum_information_gain,2000.0,3000.0
kata1-b6c96-s1995008-d1329786-temp-0.3,30,197.2543292167499,53.30169460896329,341.2069638245365,327.86273469538617,-130.60840547863626,2,a5803f8a5d9d87202b43d709cb328cedaf18c446af448f705c33d553e8c2e9f7,5170ec511fb50cdf10d648416d508574d70e9781ddf156a1b2a86d2b385e94dc,100,1729,maximum_information_gain,2000.0,3000.0
kata1-b6c96-s1995008-d1329786-temp-0.3,32,198.44446456049334,59.95213825911466,336.93679086187205,327.86273469538617,-129.41827013489282,2,a5803f8a5d9d87202b43d709cb328cedaf18c446af448f705c33d553e8c2e9f7,5170ec511fb50cdf10d648416d508574d70e9781ddf156a1b2a86d2b385e94dc,100,1729,maximum_information_gain,2000.0,3000.0
kata1-b6c96-s1995008-d1329786-temp-0.3,34,199.4703342081199,65.84523574237849,333.0954326738613,327.86273469538617,-128.39240048726626,2,a5803f8a5d9d87202b43d709cb328cedaf18c446af448f705c33d553e8c2e9f7,5170ec511fb50cdf10d648416d508574d70e9781ddf156a1b2a86d2b385e94dc,100,1729,maximum_information_gain,2000.0,3000.0
kata1-b6c96-s1995008-d1329786-temp-0.3,36,200.36420988159193,71.11379341469774,329.6146263484861,327.86273469538617,-127.49852481379423,2,a5803f8a5d9d87202b43d709cb328cedaf18c446af448f705c33d553e8c2e9f7,5170ec511fb50cdf10d648416d508574d70e9781ddf156a1b2a86d2b385e94dc,100,1729,maximum_information_gain,2000.0,3000.0
kata1-b6c96-s1995008-d1329786-temp-0.3,38,201.15041127528397,75.86019284523634,326.4406297053316,327.86273469538617,-126.7123234201022,2,a5803f8a5d9d87202b43d709cb328cedaf18c446af448f705c33d553e8c2e9f7,5170ec511fb50cdf10d648416d508574d70e9781ddf156a1b2a86d2b385e94dc,100,1729,maximum_information_gain,2000.0,3000.0
kata1-b6c96-s1995008-d1329786-temp-0.3,40,223.57841273281184,102.39639719732057,344.76042826830314,327.86273469538617,-104.28432196257432,2,a5803f8a5d9d87202b43d709cb328cedaf18c446af448f705c33d553e8c2e9f7,5170ec511fb50cdf10d648416d508574d70e9781ddf156a1b2a86d2b385e94dc,100,1729,maximum_information_gain,2000.0,3000.0
kata1-b6c96-s1995008-d1329786-temp-0.3,42,223.0237426767391,105.08308860251631,340.9643967509619,327.86273469538617,-104.83899201864708,2,a5803f8a5d9d87202b43d709cb328cedaf18c446af448f705c33d553e8c2e9f7,5170ec511fb50cdf10d648416d508574d70e9781ddf156a1b2a86d2b385e94dc,100,1729,maximum_information_gain,2000.0,3000.0
kata1-b6c96-s1995008-d1329786-temp-0.3,44,222.52733283583703,107.57570893229432,337.4789567393797,327.86273469538617,-105.33540185954914,2,a5803f8a5d9d87202b43d709cb328cedaf18c446af448f705c33d553e8c2e9f7,5170ec511fb50cdf10d648416d508574d70e9781ddf156a1b2a86d2b385e94dc,100,1729,maximum_information_gain,2000.0,3000.0
kata1-b6c96-s1995008-d1329786-temp-0.3,46,222.08068730193114,109.89664088043276,334.2647337234295,327.86273469538617,-105.78204739345503,2,a5803f8a5d9d87202b43d709cb328cedaf18c446af448f705c33d553e8c2e9f7,5170ec511fb50cdf10d648416d508574d70e9781ddf156a1b2a86d2b385e94dc,100,1729,maximum_information_gain,2000.0,3000.0
kata1-b6c96-s1995008-d1329786-temp-0.3,48,239.27939675212406,129.7748658317543,348.7839276724938,327.86273469538617,-88.58333794326211,2,a5803f8a5d9d87202b43d709cb328cedaf18c446af448f705c33d553e8c2e9f7,5170ec511fb50cdf10d648416d508574d70e9781ddf156a1b2a86d2b385e94dc,100,1729,maximum_information_gain,2000.0,3000.0
kata1-b6c96-s1995008-d1329786-temp-0.3,50,221.26826008407792,114.065445970162,328.47107419799386,327.86273469538617,-106.59447461130824,2,a5803f8a5d9d87202b43d709cb328cedaf18c446af448f705c33d553e8c2e9f7,5170ec511fb50cdf10d648416d508574d70e9781ddf156a1b2a86d2b385e94dc,100,1729,maximum_information_gain,2000.0,3000.0
kata1-b6c96-s1995008-d1329786-temp-0.3,52,220.93401030030026,115.97400908614634,325.8940115144542,327.86273469538617,-106.92872439508591,2,a5803f8a5d9d87202b43d709cb328cedaf18c446af448f705c33d553e8c2e9f7,5170ec511fb50cdf10d648416d508574d70e9781ddf156a1b2a86d2b385e94dc,100,1729,maximum_information_gain,2000.0,3000.0
kata1-b6c96-s1995008-d1329786-temp-0.3,54,236.08229790920646,133.30626990118566,338.85832591722726,327.86273469538617,-91.7804367861797,2,a5803f8a5d9d87202b43d709cb328cedaf18c446af448f705c33d553e8c2e9f7,5170ec511fb50cdf10d648416d508574d70e9781ddf156a1b2a86d2b385e94dc,100,1729,maximum_information_gain,2000.0,3000.0
kata1-b6c96-s1995008-d1329786-temp-0.3,56,235.19801777592437,134.39330750013445,336.00272805171426,327.86273469538617,-92.6647169194618,2,a5803f8a5d9d87202b43d709cb328cedaf18c446af448f705c33d553e8c2e9f7,5170ec511fb50cdf10d648416d508574d70e9781ddf156a1b2a86d2b385e94dc,100,1729,maximum_information_gain,2000.0,3000.0
kata1-b6c96-s1995008-d1329786-temp-0.3,58,234.38131573860053,135.43512299505835,333.3275084821427,327.86273469538617,-93.48141895678563,2,a5803f8a5d9d87202b43d709cb328cedaf18c446af448f705c33d553e8c2e9f7,5170ec511fb50cdf10d648416d508574d70e9781ddf156a1b2a86d2b385e94dc,100,1729,maximum_information_gain,2000.0,3000.0
kata1-b6c96-s1995008-d1329786-temp-0.3,60,233.62486124685566,136.43464532026587,330.81507717344545,327.86273469538617,-94.23787344853051,2,a5803f8a5d9d87202b43d709cb328cedaf18c446af448f705c33d553e8c2e9f7,5170ec511fb50cdf10d648416d508574d70e9781ddf156a1b2a86d2b385e94dc,100,1729,maximum_information_gain,2000.0,3000.0
kata1-b6c96-s1995008-d1329786-temp-0.3,62,246.20655702358764,150.638733860934,341.7743801862413,327.86273469538617,-81.65617767179853,2,a5803f8a5d9d87202b43d709cb328cedaf18c446af448f705c33d553e8c2e9f7,5170ec511fb50cdf10d648416d508574d70e9781ddf156a1b2a86d2b385e94dc,100,1729,maximum_information_gain,2000.0,3000.0
kata1-b6c96-s1995008-d1329786-temp-0.3,64,235.17660898427323,141.22505164611982,329.12816632242664,327.86273469538617,-92.68612571111294,2,a5803f8a5d9d87202b43d709cb328cedaf18c446af448f705c33d553e8c2e9f7,5170ec511fb50cdf10d648416d508574d70e9781ddf156a1b2a86d2b385e94dc,100,1729,maximum_information_gain,2000.0,3000.0
kata1-b6c96-s1995008-d1329786-temp-0.3,66,246.88667654343845,154.40168967637712,339.37166341049976,327.86273469538617,-80.97605815194771,2,a5803f8a5d9d87202b43d709cb328cedaf18c446af448f705c33d553e8c2e9f7,5170ec511fb50cdf10d648416d508574d70e9781ddf156a1b2a86d2b385e94dc,100,1729,maximum_information_gain,2000.0,3000.0
kata1-b6c96-s1995008-d1329786-temp-0.3,68,236.54838864007314,145.52179688510486,327.5749803950414,327.86273469538617,-91.31434605531302,2,a5803f8a5d9d87202b43d709cb328cedaf18c446af448f705c33d553e8c2e9f7,5170ec511fb50cdf10d648416d508574d70e9781ddf156a1b2a86d2b385e94dc,100,1729,maximum_information_gain,2000.0,3000.0
kata1-b6c96-s1995008-d1329786-temp-0.3,70,235.8325359745813,146.16672861793597,325.49834333122664,327.86273469538617,-92.03019872080486,2,a5803f8a5d9d87202b43d709cb328cedaf18c446af448f705c33d553e8c2e9f7,5170ec511fb50cdf10d648416d508574d70e9781ddf156a1b2a86d2b385e94dc,100,1729,maximum_information_gain,2000.0,3000.0
kata1-b6c96-s1995008-d1329786-temp-0.3,72,235.1601724505228,146.7933743571341,323.5269705439115,327.86273469538617,-92.70256224486337,2,a5803f8a5d9d87202b43d709cb328cedaf18c446af448f705c33d553e8c2e9f7,5170ec511fb50cdf10d648416d508574d70e9781ddf156a1b2a86d2b385e94dc,100,1729,maximum_information_gain,2000.0,3000.0
kata1-b6c96-s1995008-d1329786-temp-0.3,74,234.52764528418538,147.4025633341604,321.6527272342104,327.86273469538617,-93.33508941120078,2,a5803f8a5d9d87202b43d709cb328cedaf18c446af448f705c33d553e8c2e9f7,5170ec511fb50cdf10d648416d508574d70e9781ddf156a1b2a86d2b385e94dc,100,1729,maximum_information_gain,2000.0,3000.0
kata1-b6c96-s1995008-d1329786-temp-0.3,76,233.93155843618223,147.99494009102307,319.8681767813414,327.86273469538617,-93.93117625920394,2,a5803f8a5d9d87202b43d709cb328cedaf18c446af448f705c33d553e8c2e9f7,5170ec511fb50cdf10d648416d508574d70e9781ddf156a1b2a86d2b385e94dc,100,1729,maximum_information_gain,2000.0,3000.0
kata1-b6c96-s1995008-d1329786-temp-0.3,78,233.3689459384782,148.57119360984868,318.1666982671077,327.86273469538617,-94.49378875690797,2,a5803f8a5d9d87202b43d709cb328cedaf18c446af448f705c33d553e8c2e9f7,5170ec511fb50cdf10d648416d508574d70e9781ddf156a1b2a86d2b385e94dc,100,1729,maximum_information_gain,2000.0,3000.0
kata1-b6c96-s1995008-d1329786-temp-0.3,80,242.94968615664013,159.227790690478,326.67158162280225,327.86273469538617,-84.91304853874604,2,a5803f8a5d9d87202b43d709cb328cedaf18c446af448f705c33d553e8c2e9f7,5170ec511fb50cdf10d648416d508574d70e9781ddf156a1b2a86d2b385e94dc,100,1729,maximum_information_gain,2000.0,3000.0
kata1-b6c96-s1995008-d1329786-temp-0.3,82,244.57691145609556,161.90412536711221,327.2496975450789,327.86273469538617,-83.28582323929061,2,a5803f8a5d9d87202b43d709cb328cedaf18c446af448f705c33d553e8c2e9f7,5170ec511fb50cdf10d648416d508574d70e9781ddf156a1b2a86d2b385e94dc,100,1729,maximum_information_gain,2000.0,3000.0
kata1-b6c96-s1995008-d1329786-temp-0.3,84,246.1201458534385,164.45594082790723,327.78435087896975,327.86273469538617,-81.74258884194768,2,a5803f8a5d9d87202b43d709cb328cedaf18c446af448f705c33d553e8c2e9f7,5170ec511fb50cdf10d648416d508574d70e9781ddf156a1b2a86d2b385e94dc,100,1729,maximum_information_gain,2000.0,3000.0
kata1-b6c96-s1995008-d1329786-temp-0.3,86,257.0383541292221,176.2954059904991,337.78130226794514,327.86273469538617,-70.82438056616405,2,a5803f8a5d9d87202b43d709cb328cedaf18c446af448f705c33d553e8c2e9f7,5170ec511fb50cdf10d648416d508574d70e9781ddf156a1b2a86d2b385e94dc,100,1729,maximum_information_gain,2000.0,3000.0
kata1-b6c96-s1995008-d1329786-temp-0.3,88,258.1966059304154,178.39173556642027,338.0014762944105,327.86273469538617,-69.66612876497078,2,a5803f8a5d9d87202b43d709cb328cedaf18c446af448f705c33d553e8c2e9f7,5170ec511fb50cdf10d648416d508574d70e9781ddf156a1b2a86d2b385e94dc,100,1729,maximum_information_gain,2000.0,3000.0
kata1-b6c96-s1995008-d1329786-temp-0.3,90,250.26085877887806,171.40979725836542,329.1119202993907,327.86273469538617,-77.6018759165081,2,a5803f8a5d9d87202b43d709cb328cedaf18c446af448f705c33d553e8c2e9f7,5170ec511fb50cdf10d648416d508574d70e9781ddf156a1b2a86d2b385e94dc,100,1729,maximum_information_gain,2000.0,3000.0
kata1-b6c96-s1995008-d1329786-temp-0.3,92,251.52528766031307,173.54271354285595,329.5078617777702,327.86273469538617,-76.3374470350731,2,a5803f8a5d9d87202b43d709cb328cedaf18c446af448f705c33d553e8c2e9f7,5170ec511fb50cdf10d648416d508574d70e9781ddf156a1b2a86d2b385e94dc,100,1729,maximum_information_gain,2000.0,3000.0
kata1-b6c96-s1995008-d1329786-temp-0.3,94,244.11497077656009,166.98220061972472,321.24774093339545,327.86273469538617,-83.74776391882608,2,a5803f8a5d9d87202b43d709cb328cedaf18c446af448f705c33d553e8c2e9f7,5170ec511fb50cdf10d648416d508574d70e9781ddf156a1b2a86d2b385e94dc,100,1729,maximum_information_gain,2000.0,3000.0
kata1-b6c96-s1995008-d1329786-temp-0.3,96,251.80877055023572,175.4817736043492,328.13576749612224,327.86273469538617,-76.05396414515045,2,a5803f8a5d9d87202b43d709cb328cedaf18c446af448f705c33d553e8c2e9f7,5170ec511fb50cdf10d648416d508574d70e9781ddf156a1b2a86d2b385e94dc,100,1729,maximum_information_gain,2000.0,3000.0
kata1-b6c96-s1995008-d1329786-temp-0.3,98,250.9852120684044,175.4471886726211,326.5232354641877,327.86273469538617,-76.87752262698177,2,a5803f8a5d9d87202b43d709cb328cedaf18c446af448f705c33d553e8c2e9f7,5170ec511fb50cdf10d648416d508574d70e9781ddf156a1b2a86d2b385e94dc,100,1729,maximum_information_gain,2000.0,3000.0
kata1-b6c96-s1995008-d1329786-temp-0.3,100,250.19708023636733,175.4226008481479,324.97155962458675,327.86273469538617,-77.66565445901884,2,a5803f8a5d9d87202b43d709cb328cedaf18c446af448f705c33d553e8c2e9f7,5170ec511fb50cdf10d648416d508574d70e9781ddf156a1b2a86d2b385e94dc,100,1729,maximum_information_gain,2000.0,3000.0
kata1-b6c96-s4136960-d1510003-temp-0.9,2,1154.7920931582207,-1282.208635603714,3591.7928219201553,440.2639553606597,714.528137797561,2,a5803f8a5d9d87202b43d709cb328cedaf18c446af448f705c33d553e8c2e9f7,5170ec511fb50cdf10d648416d508574d70e9781ddf156a1b2a86d2b385e94dc,100,1729,maximum_information_gain,2000.0,3000.0
kata1-b6c96-s4136960-d1510003-temp-0.9,4,403.99924540389543,-1454.0658261389212,2262.064316946712,440.2639553606597,-36.26470995676425,2,a5803f8a5d9d87202b43d709cb328cedaf18c446af448f705c33d553e8c2e9f7,5170ec511fb50cdf10d648416d508574d70e9781ddf156a1b2a86d2b385e94dc,100,1729,maximum_information_gain,2000.0,3000.0
kata1-b6c96-s4136960-d1510003-temp-0.9,6,326.59001733019886,-167.9308939239085,821.1109285843063,440.2639553606597,-113.67393803046082,2,a5803f8a5d9d87202b43d709cb328cedaf18c446af448f705c33d553e8c2e9f7,5170ec511fb50cdf10d648416d508574d70e9781ddf156a1b2a86d2b385e94dc,100,1729,maximum_information_gain,2000.0,3000.0
kata1-b6c96-s4136960-d1510003-temp-0.9,8,324.2909994605748,-29.952386060940228,678.5343849820899,440.2639553606597,-115.97295590008486,2,a5803f8a5d9d87202b43d709cb328cedaf18c446af448f705c33d553e8c2e9f7,5170ec511fb50cdf10d648416d508574d70e9781ddf156a1b2a86d2b385e94dc,100,1729,maximum_information_gain,2000.0,3000.0
kata1-b6c96-s4136960-d1510003-temp-0.9,10,450.16056558873777,147.71481234823761,752.6063188292379,440.2639553606597,9.896610228078089,2,a5803f8a5d9d87202b43d709cb328cedaf18c446af448f705c33d553e8c2e9f7,5170ec511fb50cdf10d648416d508574d70e9781ddf156a1b2a86d2b385e94dc,100,1729,maximum_information_gain,2000.0,3000.0
kata1-b6c96-s4136960-d1510003-temp-0.9,12,463.46835380899796,201.91998172987832,725.0167258881177,440.2639553606597,23.20439844833828,2,a5803f8a5d9d87202b43d709cb328cedaf18c446af448f705c33d553e8c2e9f7,5170ec511fb50cdf10d648416d508574d70e9781ddf156a1b2a86d2b385e94dc,100,1729,maximum_information_gain,2000.0,3000.0
kata1-b6c96-s4136960-d1510003-temp-0.9,14,391.78544878469535,161.48188953021372,622.089008039177,440.2639553606597,-48.47850657596433,2,a5803f8a5d9d87202b43d709cb328cedaf18c446af448f705c33d553e8c2e9f7,5170ec511fb50cdf10d648416d508574d70e9781ddf156a1b2a86d2b385e94dc,100,1729,maximum_information_gain,2000.0,3000.0
kata1-b6c96-s4136960-d1510003-temp-0.9,16,313.2069701022662,99.97799688664864,526.4359433178838,440.2639553606597,-127.05698525839347,2,a5803f8a5d9d87202b43d709cb328cedaf18c446af448f705c33d553e8c2e9f7,5170ec511fb50cdf10d648416d508574d70e9781ddf156a1b2a86d2b385e94dc,100,1729,maximum_information_gain,2000.0,3000.0
kata1-b6c96-s4136960-d1510003-temp-0.9,18,371.42433476172516,176.79261790015144,566.0560516232989,440.2639553606597,-68.83962059893452,2,a5803f8a5d9d87202b43d709cb328cedaf18c446af448f705c33d553e8c2e9f7,5170ec511fb50cdf10d648416d508574d70e9781ddf156a1b2a86d2b385e94dc,100,1729,maximum_information_gain,2000.0,3000.0
kata1-b6c96-s4136960-d1510003-temp-0.9,20,414.5117072955406,231.53446258524804,597.4889520058332,440.2639553606597,-25.75224806511909,2,a5803f8a5d9d87202b43d709cb328cedaf18c446af448f705c33d553e8c2e9f7,5170ec511fb50cdf10d648416d508574d70e9781ddf156a1b2a86d2b385e94dc,100,1729,maximum_information_gain,2000.0,3000.0
kata1-b6c96-s4136960-d1510003-temp-0.9,22,469.20307247777225,293.7403313572668,644.6658135982777,440.2639553606597,28.939117117112573,2,a5803f8a5d9d87202b43d709cb328cedaf18c446af448f705c33d553e8c2e9f7,5170ec511fb50cdf10d648416d508574d70e9781ddf156a1b2a86d2b385e94dc,100,1729,maximum_information_gain,2000.0,3000.0
kata1-b6c96-s4136960-d1510003-temp-0.9,24,452.276346092831,287.2642608745952,617.2884313110667,440.2639553606597,12.012390732171298,2,a5803f8a5d9d87202b43d709cb328cedaf18c446af448f705c33d553e8c2e9f7,5170ec511fb50cdf10d648416d508574d70e9781ddf156a1b2a86d2b385e94dc,100,1729,maximum_information_gain,2000.0,3000.0
kata1-b6c96-s4136960-d1510003-temp-0.9,26,420.5889928814808,264.20431276859995,576.9736729943617,440.2639553606597,-19.674962479178873,2,a5803f8a5d9d87202b43d709cb328cedaf18c446af448f705c33d553e8c2e9f7,5170ec511fb50cdf10d648416d508574d70e9781ddf156a1b2a86d2b385e94dc,100,1729,maximum_information_gain,2000.0,3000.0
kata1-b6c96-s4136960-d1510003-temp-0.9,28,394.32464650245856,244.3158888953559,544.3334041095612,440.2639553606597,-45.939308858201116,2,a5803f8a5d9d87202b43d709cb328cedaf18c446af448f705c33d553e8c2e9f7,5170ec511fb50cdf10d648416d508574d70e9781ddf156a1b2a86d2b385e94dc,100,1729,maximum_information_gain,2000.0,3000.0
kata1-b6c96-s4136960-d1510003-temp-0.9,30,419.3459470192184,275.2756148784872,563.4162791599496,440.2639553606597,-20.918008341441293,2,a5803f8a5d9d87202b43d709cb328cedaf18c446af448f705c33d553e8c2e9f7,5170ec511fb50cdf10d648416d508574d70e9781ddf156a1b2a86d2b385e94dc,100,1729,maximum_information_gain,2000.0,3000.0
kata1-b6c96-s4136960-d1510003-temp-0.9,32,396.94415710822307,257.8883631589523,535.9999510574938,440.2639553606597,-43.31979825243661,2,a5803f8a5d9d87202b43d709cb328cedaf18c446af448f705c33d553e8c2e9f7,5170ec511fb50cdf10d648416d508574d70e9781ddf156a1b2a86d2b385e94dc,100,1729,maximum_information_gain,2000.0,3000.0
kata1-b6c96-s4136960-d1510003-temp-0.9,34,391.774827964531,257.37597050193506,526.173685427127,440.2639553606597,-48.48912739612865,2,a5803f8a5d9d87202b43d709cb328cedaf18c446af448f705c33d553e8c2e9f7,5170ec511fb50cdf10d648416d508574d70e9781ddf156a1b2a86d2b385e94dc,100,1729,maximum_information_gain,2000.0,3000.0
kata1-b6c96-s4136960-d1510003-temp-0.9,36,387.2627849140243,257.09807298325023,517.4274968447983,440.2639553606597,-53.0011704466354,2,a5803f8a5d9d87202b43d709cb328cedaf18c446af448f705c33d553e8c2e9f7,5170ec511fb50cdf10d648416d508574d70e9781ddf156a1b2a86d2b385e94dc,100,1729,maximum_information_gain,2000.0,3000.0
kata1-b6c96-s4136960-d1510003-temp-0.9,38,383.2929545584471,256.9960664295495,509.5898426873447,440.2639553606597,-56.971000802212586,2,a5803f8a5d9d87202b43d709cb328cedaf18c446af448f705c33d553e8c2e9f7,5170ec511fb50cdf10d648416d508574d70e9781ddf156a1b2a86d2b385e94dc,100,1729,maximum_information_gain,2000.0,3000.0
kata1-b6c96-s4136960-d1510003-temp-0.9,40,379.7751373321523,257.0269443197825,502.52333034452215,440.2639553606597,-60.48881802850735,2,a5803f8a5d9d87202b43d709cb328cedaf18c446af448f705c33d553e8c2e9f7,5170ec511fb50cdf10d648416d508574d70e9781ddf156a1b2a86d2b385e94dc,100,1729,maximum_information_gain,2000.0,3000.0
kata1-b6c96-s4136960-d1510003-temp-0.9,42,397.6555611532114,278.2136693765176,517.0974529299052,440.2639553606597,-42.60839420744827,2,a5803f8a5d9d87202b43d709cb328cedaf18c446af448f705c33d553e8c2e9f7,5170ec511fb50cdf10d648416d508574d70e9781ddf156a1b2a86d2b385e94dc,100,1729,maximum_information_gain,2000.0,3000.0
kata1-b6c96-s4136960-d1510003-temp-0.9,44,413.7378414546607,297.0965841647135,530.379098744608,440.2639553606597,-26.526113905998955,2,a5803f8a5d9d87202b43d709cb328cedaf18c446af448f705c33d553e8c2e9f7,5170ec511fb50cdf10d648416d508574d70e9781ddf156a1b2a86d2b385e94dc,100,1729,maximum_information_gain,2000.0,3000.0
kata1-b6c96-s4136960-d1510003-temp-0.9,46,428.34647723182337,314.11308034027064,542.5798741233762,440.2639553606597,-11.917478128836308,2,a5803f8a5d9d87202b43d709cb328cedaf18c446af448f705c33d553e8c2e9f7,5170ec511fb50cdf10d648416d508574d70e9781ddf156a1b2a86d2b385e94dc,100,1729,maximum_information_gain,2000.0,3000.0
kata1-b6c96-s4136960-d1510003-temp-0.9,48,431.8350184474984,320.1329878790973,543.5370490158995,440.2639553606597,-8.428936913161294,2,a5803f8a5d9d87202b43d709cb328cedaf18c446af448f705c33d553e8c2e9f7,5170ec511fb50cdf10d648416d508574d70e9781ddf156a1b2a86d2b385e94dc,100,1729,maximum_information_gain,2000.0,3000.0
kata1-b6c96-s4136960-d1510003-temp-0.9,50,435.01496743497484,325.68830083572703,544.3416340342226,440.2639553606597,-5.248987925684844,2,a5803f8a5d9d87202b43d709cb328cedaf18c446af448f705c33d553e8c2e9f7,5170ec511fb50cdf10d648416d508574d70e9781ddf156a1b2a86d2b385e94dc,100,1729,maximum_information_gain,2000.0,3000.0
kata1-b6c96-s4136960-d1510003-temp-0.9,52,437.86447027084506,330.77758732223987,544.9513532194503,440.2639553606597,-2.3994850898146183,2,a5803f8a5d9d87202b43d709cb328cedaf18c446af448f705c33d553e8c2e9f7,5170ec511fb50cdf10d648416d508574d70e9781ddf156a1b2a86d2b385e94dc,100,1729,maximum_information_gain,2000.0,3000.0
kata1-b6c96-s4136960-d1510003-temp-0.9,54,440.4759017186363,335.49830672345263,545.45349671382,440.2639553606597,0.21194635797661476,2,a5803f8a5d9d87202b43d709cb328cedaf18c446af448f705c33d553e8c2e9f7,5170ec511fb50cdf10d648416d508574d70e9781ddf156a1b2a86d2b385e94dc,100,1729,maximum_information_gain,2000.0,3000.0
kata1-b6c96-s4136960-d1510003-temp-0.9,56,442.9367696807194,339.94253552700377,545.931003834435,440.2639553606597,2.6728143200597287,2,a5803f8a5d9d87202b43d709cb328cedaf18c446af448f705c33d553e8c2e9f7,5170ec511fb50cdf10d648416d508574d70e9781ddf156a1b2a86d2b385e94dc,100,1729,maximum_information_gain,2000.0,3000.0
kata1-b6c96-s4136960-d1510003-temp-0.9,58,459.9972386563328,358.5588105260679,561.4356667865977,440.2639553606597,19.733283295673118,2,a5803f8a5d9d87202b43d709cb328cedaf18c446af448f705c33d553e8c2e9f7,5170ec511fb50cdf10d648416d508574d70e9781ddf156a1b2a86d2b385e94dc,100,1729,maximum_information_gain,2000.0,3000.0
kata1-b6c96-s4136960-d1510003-temp-0.9,60,448.7430018196767,349.3738455169246,548.1121581224288,440.2639553606597,8.479046459017013,2,a5803f8a5d9d87202b43d709cb328cedaf18c446af448f705c33d553e8c2e9f7,5170ec511fb50cdf10d648416d508574d70e9781ddf156a1b2a86d2b385e94dc,100,1729,maximum_information_gain,2000.0,3000.0
kata1-b6c96-s4136960-d1510003-temp-0.9,62,436.8771105832154,339.36501500896964,534.3892061574612,440.2639553606597,-3.386844777444253,2,a5803f8a5d9d87202b43d709cb328cedaf18c446af448f705c33d553e8c2e9f7,5170ec511fb50cdf10d648416d508574d70e9781ddf156a1b2a86d2b385e94dc,100,1729,maximum_information_gain,2000.0,3000.0
kata1-b6c96-s4136960-d1510003-temp-0.9,64,425.8477403263493,329.9864671273044,521.7090135253942,440.2639553606597,-14.416215034310369,2,a5803f8a5d9d87202b43d709cb328cedaf18c446af448f705c33d553e8c2e9f7,5170ec511fb50cdf10d648416d508574d70e9781ddf156a1b2a86d2b385e94dc,100,1729,maximum_information_gain,2000.0,3000.0
kata1-b6c96-s4136960-d1510003-temp-0.9,66,428.3756775436268,334.02057942556377,522.7307756616899,440.2639553606597,-11.888277817032872,2,a5803f8a5d9d87202b43d709cb328cedaf18c446af448f705c33d553e8c2e9f7,5170ec511fb50cdf10d648416d508574d70e9781ddf156a1b2a86d2b385e94dc,100,1729,maximum_information_gain,2000.0,3000.0
kata1-b6c96-s4136960-d1510003-temp-0.9,68,430.7425372956862,337.8223677314527,523.6627068599197,440.2639553606597,-9.521418064973489,2,a5803f8a5d9d87202b43d709cb328cedaf18c446af448f705c33d553e8c2e9f7,5170ec511fb50cdf10d648416d508574d70e9781ddf156a1b2a86d2b385e94dc,100,1729,maximum_information_gain,2000.0,3000.0
kata1-b6c96-s4136960-d1510003-temp-0.9,70,432.9630547201791,341.4116450215565,524.5144644188017,440.2639553606597,-7.300900640480563,2,a5803f8a5d9d87202b43d709cb328cedaf18c446af448f705c33d553e8c2e9f7,5170ec511fb50cdf10d648416d508574d70e9781ddf156a1b2a86d2b385e94dc,100,1729,maximum_information_gain,2000.0,3000.0
kata1-b6c96-s4136960-d1510003-temp-0.9,72,435.0502579922287,344.8060585213837,525.2944574630736,440.2639553606597,-5.213697368430985,2,a5803f8a5d9d87202b43d709cb328cedaf18c446af448f705c33d553e8c2e9f7,5170ec511fb50cdf10d648416d508574d70e9781ddf156a1b2a86d2b385e94dc,100,1729,maximum_information_gain,2000.0,3000.0
kata1-b6c96-s4136960-d1510003-temp-0.9,74,432.6061219049281,343.6121807756206,521.6000630342356,440.2639553606597,-7.657833455731577,2,a5803f8a5d9d87202b43d709cb328cedaf18c446af448f705c33d553e8c2e9f7,5170ec511fb50cdf10d648416d508574d70e9781ddf156a1b2a86d2b385e94dc,100,1729,maximum_information_gain,2000.0,3000.0
kata1-b6c96-s4136960-d1510003-temp-0.9,76,423.5662731207047,335.7225200013238,511.4100262400856,440.2639553606597,-16.697682239954986,2,a5803f8a5d9d87202b43d709cb328cedaf18c446af448f705c33d553e8c2e9f7,5170ec511fb50cdf10d648416d508574d70e9781ddf156a1b2a86d2b385e94dc,100,1729,maximum_information_gain,2000.0,3000.0
kata1-b6c96-s4136960-d1510003-temp-0.9,78,431.6686462912808,345.00469183580975,518.332600746752,440.2639553606597,-8.595309069378857,2,a5803f8a5d9d87202b43d709cb328cedaf18c446af448f705c33d553e8c2e9f7,5170ec511fb50cdf10d648416d508574d70e9781ddf156a1b2a86d2b385e94dc,100,1729,maximum_information_gain,2000.0,3000.0
kata1-b6c96-s4136960-d1510003-temp-0.9,80,424.1478654615591,338.5516098612933,509.7441210618249,440.2639553606597,-16.116089899100587,2,a5803f8a5d9d87202b43d709cb328cedaf18c446af448f705c33d553e8c2e9f7,5170ec511fb50cdf10d648416d508574d70e9781ddf156a1b2a86d2b385e94dc,100,1729,maximum_information_gain,2000.0,3000.0
kata1-b6c96-s4136960-d1510003-temp-0.9,82,431.82202424497814,347.31351049816755,516.3305379917887,440.2639553606597,-8.441931115681541,2,a5803f8a5d9d87202b43d709cb328cedaf18c446af448f705c33d553e8c2e9f7,5170ec511fb50cdf10d648416d508574d70e9781ddf156a1b2a86d2b385e94dc,100,1729,maximum_information_gain,2000.0,3000.0
kata1-b6c96-s4136960-d1510003-temp-0.9,84,423.7096044173403,340.182550279612,507.23665855506863,440.2639553606597,-16.554350943319378,2,a5803f8a5d9d87202b43d709cb328cedaf18c446af448f705c33d553e8c2e9f7,5170ec511fb50cdf10d648416d508574d70e9781ddf156a1b2a86d2b385e94dc,100,1729,maximum_information_gain,2000.0,3000.0
kata1-b6c96-s4136960-d1510003-temp-0.9,86,431.0226677944572,348.50302496392044,513.542310624994,440.2639553606597,-9.241287566202459,2,a5803f8a5d9d87202b43d709cb328cedaf18c446af448f705c33d553e8c2e9f7,5170ec511fb50cdf10d648416d508574d70e9781ddf156a1b2a86d2b385e94dc,100,1729,maximum_information_gain,2000.0,3000.0
kata1-b6c96-s4136960-d1510003-temp-0.9,88,418.6280732512254,337.0317242893708,500.22442221307995,440.2639553606597,-21.635882109434306,2,a5803f8a5d9d87202b43d709cb328cedaf18c446af448f705c33d553e8c2e9f7,5170ec511fb50cdf10d648416d508574d70e9781ddf156a1b2a86d2b385e94dc,100,1729,maximum_information_gain,2000.0,3000.0
kata1-b6c96-s4136960-d1510003-temp-0.9,90,416.12644550848825,335.44483311222547,496.808057904751,440.2639553606597,-24.137509852171434,2,a5803f8a5d9d87202b43d709cb328cedaf18c446af448f705c33d553e8c2e9f7,5170ec511fb50cdf10d648416d508574d70e9781ddf156a1b2a86d2b385e94dc,100,1729,maximum_information_gain,2000.0,3000.0
kata1-b6c96-s4136960-d1510003-temp-0.9,92,413.9043821074049,334.1107752103159,493.6979890044939,440.2639553606597,-26.35957325325478,2,a5803f8a5d9d87202b43d709cb328cedaf18c446af448f705c33d553e8c2e9f7,5170ec511fb50cdf10d648416d508574d70e9781ddf156a1b2a86d2b385e94dc,100,1729,maximum_information_gain,2000.0,3000.0
kata1-b6c96-s4136960-d1510003-temp-0.9,94,420.78883494476815,341.87586185337784,499.70180803615847,440.2639553606597,-19.475120415891524,2,a5803f8a5d9d87202b43d709cb328cedaf18c446af448f705c33d553e8c2e9f7,5170ec511fb50cdf10d648416d508574d70e9781ddf156a1b2a86d2b385e94dc,100,1729,maximum_information_gain,2000.0,3000.0
kata1-b6c96-s4136960-d1510003-temp-0.9,96,427.36821564099165,349.2751627624684,505.4612685195149,440.2639553606597,-12.895739719668029,2,a5803f8a5d9d87202b43d709cb328cedaf18c446af448f705c33d553e8c2e9f7,5170ec511fb50cdf10d648416d508574d70e9781ddf156a1b2a86d2b385e94dc,100,1729,maximum_information_gain,2000.0,3000.0
kata1-b6c96-s4136960-d1510003-temp-0.9,98,433.55613432775266,356.2311372529193,510.881131402586,440.2639553606597,-6.70782103290702,2,a5803f8a5d9d87202b43d709cb328cedaf18c446af448f705c33d553e8c2e9f7,5170ec511fb50cdf10d648416d508574d70e9781ddf156a1b2a86d2b385e94dc,100,1729,maximum_information_gain,2000.0,3000.0
kata1-b6c96-s4136960-d1510003-temp-0.9,100,436.062910786683,359.5002941264934,512.6255274468726,440.2639553606597,-4.201044573976674,2,a5803f8a5d9d87202b43d709cb328cedaf18c446af448f705c33d553e8c2e9f7,5170ec511fb50cdf10d648416d508574d70e9781ddf156a1b2a86d2b385e94dc,100,1729,maximum_information_gain,2000.0,3000.0
kata1-b6c96-s4136960-d1510003-temp-0.7,2,1156.8241182923489,-1282.590051443041,3596.2382880277387,563.7077469756265,593.1163713167224,2,a5803f8a5d9d87202b43d709cb328cedaf18c446af448f705c33d553e8c2e9f7,5170ec511fb50cdf10d648416d508574d70e9781ddf156a1b2a86d2b385e94dc,100,1729,maximum_information_gain,2000.0,3000.0
kata1-b6c96-s4136960-d1510003-temp-0.7,4,405.8035955842689,-1453.2558143559845,2264.8630055245226,563.7077469756265,-157.90415139135757,2,a5803f8a5d9d87202b43d709cb328cedaf18c446af448f705c33d553e8c2e9f7,5170ec511fb50cdf10d648416d508574d70e9781ddf156a1b2a86d2b385e94dc,100,1729,maximum_information_gain,2000.0,3000.0
kata1-b6c96-s4136960-d1510003-temp-0.7,6,610.6601485100585,114.90329639639384,1106.4170006237232,563.7077469756265,46.952401534432056,2,a5803f8a5d9d87202b43d709cb328cedaf18c446af448f705c33d553e8c2e9f7,5170ec511fb50cdf10d648416d508574d70e9781ddf156a1b2a86d2b385e94dc,100,1729,maximum_information_gain,2000.0,3000.0
kata1-b6c96-s4136960-d1510003-temp-0.7,8,619.4299076653039,265.88643321160254,972.9733821190052,563.7077469756265,55.72216068967737,2,a5803f8a5d9d87202b43d709cb328cedaf18c446af448f705c33d553e8c2e9f7,5170ec511fb50cdf10d648416d508574d70e9781ddf156a1b2a86d2b385e94dc,100,1729,maximum_information_gain,2000.0,3000.0
kata1-b6c96-s4136960-d1510003-temp-0.7,10,751.4530903006535,448.82269044236233,1054.0834901589446,563.7077469756265,187.74534332502697,2,a5803f8a5d9d87202b43d709cb328cedaf18c446af448f705c33d553e8c2e9f7,5170ec511fb50cdf10d648416d508574d70e9781ddf156a1b2a86d2b385e94dc,100,1729,maximum_information_gain,2000.0,3000.0
kata1-b6c96-s4136960-d1510003-temp-0.7,12,645.3578459977192,392.9972215609133,897.7184704345251,563.7077469756265,81.65009902209272,2,a5803f8a5d9d87202b43d709cb328cedaf18c446af448f705c33d553e8c2e9f7,5170ec511fb50cdf10d648416d508574d70e9781ddf156a1b2a86d2b385e94dc,100,1729,maximum_information_gain,2000.0,3000.0
kata1-b6c96-s4136960-d1510003-temp-0.7,14,565.4117343916054,336.87989543319236,793.9435733500184,563.7077469756265,1.7039874159788724,2,a5803f8a5d9d87202b43d709cb328cedaf18c446af448f705c33d553e8c2e9f7,5170ec511fb50cdf10d648416d508574d70e9781ddf156a1b2a86d2b385e94dc,100,1729,maximum_information_gain,2000.0,3000.0
kata1-b6c96-s4136960-d1510003-temp-0.7,16,587.6304625016875,379.821604845034,795.4393201583409,563.7077469756265,23.922715526060983,2,a5803f8a5d9d87202b43d709cb328cedaf18c446af448f705c33d553e8c2e9f7,5170ec511fb50cdf10d648416d508574d70e9781ddf156a1b2a86d2b385e94dc,100,1729,maximum_information_gain,2000.0,3000.0
kata1-b6c96-s4136960-d1510003-temp-0.7,18,537.9050550117801,342.89500847893225,732.9151015446279,563.7077469756265,-25.802691963846428,2,a5803f8a5d9d87202b43d709cb328cedaf18c446af448f705c33d553e8c2e9f7,5170ec511fb50cdf10d648416d508574d70e9781ddf156a1b2a86d2b385e94dc,100,1729,maximum_information_gain,2000.0,3000.0
kata1-b6c96-s4136960-d1510003-temp-0.7,20,582.5326279547115,402.12664024741366,762.9386156620094,563.7077469756265,18.824880979085037,2,a5803f8a5d9d87202b43d709cb328cedaf18c446af448f705c33d553e8c2e9f7,5170ec511fb50cdf10d648416d508574d70e9781ddf156a1b2a86d2b385e94dc,100,1729,maximum_information_gain,2000.0,3000.0
kata1-b6c96-s4136960-d1510003-temp-0.7,22,587.6955133505646,417.6977574031396,757.6932692979897,563.7077469756265,23.987766374938133,2,a5803f8a5d9d87202b43d709cb328cedaf18c446af448f705c33d553e8c2e9f7,5170ec511fb50cdf10d648416d508574d70e9781ddf156a1b2a86d2b385e94dc,100,1729,maximum_information_gain,2000.0,3000.0
kata1-b6c96-s4136960-d1510003-temp-0.7,24,553.0888505005488,390.6741945368818,715.5035064642158,563.7077469756265,-10.61889647507769,2,a5803f8a5d9d87202b43d709cb328cedaf18c446af448f705c33d553e8c2e9f7,5170ec511fb50cdf10d648416d508574d70e9781ddf156a1b2a86d2b385e94dc,100,1729,maximum_information_gain,2000.0,3000.0
kata1-b6c96-s4136960-d1510003-temp-0.7,26,583.959279387117,429.87104875849377,738.0475100157403,563.7077469756265,20.25153241149053,2,a5803f8a5d9d87202b43d709cb328cedaf18c446af448f705c33d553e8c2e9f7,5170ec511fb50cdf10d648416d508574d70e9781ddf156a1b2a86d2b385e94dc,100,1729,maximum_information_gain,2000.0,3000.0
kata1-b6c96-s4136960-d1510003-temp-0.7,28,555.4492295431592,407.1730488548997,703.7254102314187,563.7077469756265,-8.258517432467329,2,a5803f8a5d9d87202b43d709cb328cedaf18c446af448f705c33d553e8c2e9f7,5170ec511fb50cdf10d648416d508574d70e9781ddf156a1b2a86d2b385e94dc,100,1729,maximum_information_gain,2000.0,3000.0
kata1-b6c96-s4136960-d1510003-temp-0.7,30,551.4761051546294,408.8732842859423,694.0789260233165,563.7077469756265,-12.231641820997083,2,a5803f8a5d9d87202b43d709cb328cedaf18c446af448f705c33d553e8c2e9f7,5170ec511fb50cdf10d648416d508574d70e9781ddf156a1b2a86d2b385e94dc,100,1729,maximum_information_gain,2000.0,3000.0
kata1-b6c96-s4136960-d1510003-temp-0.7,32,548.082589141107,410.55494074638307,685.6102375358308,563.7077469756265,-15.625157834519541,2,a5803f8a5d9d87202b43d709cb328cedaf18c446af448f705c33d553e8c2e9f7,5170ec511fb50cdf10d648416d508574d70e9781ddf156a1b2a86d2b385e94dc,100,1729,maximum_information_gain,2000.0,3000.0
kata1-b6c96-s4136960-d1510003-temp-0.7,34,571.0321462173114,438.49742657034074,703.566865864282,563.7077469756265,7.324399241684887,2,a5803f8a5d9d87202b43d709cb328cedaf18c446af448f705c33d553e8c2e9f7,5170ec511fb50cdf10d648416d508574d70e9781ddf156a1b2a86d2b385e94dc,100,1729,maximum_information_gain,2000.0,3000.0
kata1-b6c96-s4136960-d1510003-temp-0.7,36,550.4047375946532,421.6820185833802,679.1274566059261,563.7077469756265,-13.303009380973322,2,a5803f8a5d9d87202b43d709cb328cedaf18c446af448f705c33d553e8c2e9f7,5170ec511fb50cdf10d648416d508574d70e9781ddf156a1b2a86d2b385e94dc,100,1729,maximum_information_gain,2000.0,3000.0
kata1-b6c96-s4136960-d1510003-temp-0.7,38,570.4766408142751,445.81572476529584,695.1375568632544,563.7077469756265,6.768893838648637,2,a5803f8a5d9d87202b43d709cb328cedaf18c446af448f705c33d553e8c2e9f7,5170ec511fb50cdf10d648416d508574d70e9781ddf156a1b2a86d2b385e94dc,100,1729,maximum_information_gain,2000.0,3000.0
kata1-b6c96-s4136960-d1510003-temp-0.7,40,573.8238513550912,452.65064064530736,694.997062064875,563.7077469756265,10.116104379464673,2,a5803f8a5d9d87202b43d709cb328cedaf18c446af448f705c33d553e8c2e9f7,5170ec511fb50cdf10d648416d508574d70e9781ddf156a1b2a86d2b385e94dc,100,1729,maximum_information_gain,2000.0,3000.0
kata1-b6c96-s4136960-d1510003-temp-0.7,42,556.3406684753286,438.11757931329106,674.563757637366,563.7077469756265,-7.367078500297907,2,a5803f8a5d9d87202b43d709cb328cedaf18c446af448f705c33d553e8c2e9f7,5170ec511fb50cdf10d648416d508574d70e9781ddf156a1b2a86d2b385e94dc,100,1729,maximum_information_gain,2000.0,3000.0
kata1-b6c96-s4136960-d1510003-temp-0.7,44,573.0684846655578,457.9544718209157,688.1824975101998,563.7077469756265,9.360737689931284,2,a5803f8a5d9d87202b43d709cb328cedaf18c446af448f705c33d553e8c2e9f7,5170ec511fb50cdf10d648416d508574d70e9781ddf156a1b2a86d2b385e94dc,100,1729,maximum_information_gain,2000.0,3000.0
kata1-b6c96-s4136960-d1510003-temp-0.7,46,594.2538159098559,481.88080267477,706.6268291449419,563.7077469756265,30.546068934229424,2,a5803f8a5d9d87202b43d709cb328cedaf18c446af448f705c33d553e8c2e9f7,5170ec511fb50cdf10d648416d508574d70e9781ddf156a1b2a86d2b385e94dc,100,1729,maximum_information_gain,2000.0,3000.0
kata1-b6c96-s4136960-d1510003-temp-0.7,48,595.8427111821292,486.03221004831073,705.6532123159476,563.7077469756265,32.13496420650267,2,a5803f8a5d9d87202b43d709cb328cedaf18c446af448f705c33d553e8c2e9f7,5170ec511fb50cdf10d648416d508574d70e9781ddf156a1b2a86d2b385e94dc,100,1729,maximum_information_gain,2000.0,3000.0
kata1-b6c96-s4136960-d1510003-temp-0.7,50,580.4991347377126,473.07762344850323,687.9206460269219,563.7077469756265,16.79138776208606,2,a5803f8a5d9d87202b43d709cb328cedaf18c446af448f705c33d553e8c2e9f7,5170ec511fb50cdf10d648416d508574d70e9781ddf156a1b2a86d2b385e94dc,100,1729,maximum_information_gain,2000.0,3000.0
kata1-b6c96-s4136960-d1510003-temp-0.7,52,566.4263483867261,461.08276006122776,671.7699367122244,563.7077469756265,2.7186014110995984,2,a5803f8a5d9d87202b43d709cb328cedaf18c446af448f705c33d553e8c2e9f7,5170ec511fb50cdf10d648416d508574d70e9781ddf156a1b2a86d2b385e94dc,100,1729,maximum_information_gain,2000.0,3000.0
kata1-b6c96-s4136960-d1510003-temp-0.7,54,553.4320157745016,449.91479632218096,656.9492352268221,563.7077469756265,-10.275731201124927,2,a5803f8a5d9d87202b43d709cb328cedaf18c446af448f705c33d553e8c2e9f7,5170ec511fb50cdf10d648416d508574d70e9781ddf156a1b2a86d2b385e94dc,100,1729,maximum_information_gain,2000.0,3000.0
kata1-b6c96-s4136960-d1510003-temp-0.7,56,551.487873773221,449.90149235912986,653.0742551873122,563.7077469756265,-12.219873202405438,2,a5803f8a5d9d87202b43d709cb328cedaf18c446af448f705c33d553e8c2e9f7,5170ec511fb50cdf10d648416d508574d70e9781ddf156a1b2a86d2b385e94dc,100,1729,maximum_information_gain,2000.0,3000.0
kata1-b6c96-s4136960-d1510003-temp-0.7,58,564.0739668160465,464.5341504173569,663.6137832147363,563.7077469756265,0.36621984042005806,2,a5803f8a5d9d87202b43d709cb328cedaf18c446af448f705c33d553e8c2e9f7,5170ec511fb50cdf10d648416d508574d70e9781ddf156a1b2a86d2b385e94dc,100,1729,maximum_information_gain,2000.0,3000.0
kata1-b6c96-s4136960-d1510003-temp-0.7,60,566.4222076150772,468.6535961025519,664.1908191276026,563.7077469756265,2.714460639450749,2,a5803f8a5d9d87202b43d709cb328cedaf18c446af448f705c33d553e8c2e9f7,5170ec511fb50cdf10d648416d508574d70e9781ddf156a1b2a86d2b385e94dc,100,1729,maximum_information_gain,2000.0,3000.0
kata1-b6c96-s4136960-d1510003-temp-0.7,62,555.2275242455117,458.9351372543998,651.5199112366237,563.7077469756265,-8.480222730114747,2,a5803f8a5d9d87202b43d709cb328cedaf18c446af448f705c33d553e8c2e9f7,5170ec511fb50cdf10d648416d508574d70e9781ddf156a1b2a86d2b385e94dc,100,1729,maximum_information_gain,2000.0,3000.0
kata1-b6c96-s4136960-d1510003-temp-0.7,64,553.4753568151467,458.72694321800293,648.2237704122905,563.7077469756265,-10.232390160479781,2,a5803f8a5d9d87202b43d709cb328cedaf18c446af448f705c33d553e8c2e9f7,5170ec511fb50cdf10d648416d508574d70e9781ddf156a1b2a86d2b385e94dc,100,1729,maximum_information_gain,2000.0,3000.0
kata1-b6c96-s4136960-d1510003-temp-0.7,66,551.8405639371763,458.56155084828106,645.1195770260715,563.7077469756265,-11.867183038450207,2,a5803f8a5d9d87202b43d709cb328cedaf18c446af448f705c33d553e8c2e9f7,5170ec511fb50cdf10d648416d508574d70e9781ddf156a1b2a86d2b385e94dc,100,1729,maximum_information_gain,2000.0,3000.0
kata1-b6c96-s4136960-d1510003-temp-0.7,68,550.3120529006756,458.43332485605026,642.1907809453008,563.7077469756265,-13.395694074950939,2,a5803f8a5d9d87202b43d709cb328cedaf18c446af448f705c33d553e8c2e9f7,5170ec511fb50cdf10d648416d508574d70e9781ddf156a1b2a86d2b385e94dc,100,1729,maximum_information_gain,2000.0,3000.0
kata1-b6c96-s4136960-d1510003-temp-0.7,70,548.8800635534648,458.3374525233606,639.422674583569,563.7077469756265,-14.827683422161726,2,a5803f8a5d9d87202b43d709cb328cedaf18c446af448f705c33d553e8c2e9f7,5170ec511fb50cdf10d648416d508574d70e9781ddf156a1b2a86d2b385e94dc,100,1729,maximum_information_gain,2000.0,3000.0
kata1-b6c96-s4136960-d1510003-temp-0.7,72,558.9201709857783,469.77975921180223,648.0605827597544,563.7077469756265,-4.787575989848165,2,a5803f8a5d9d87202b43d709cb328cedaf18c446af448f705c33d553e8c2e9f7,5170ec511fb50cdf10d648416d508574d70e9781ddf156a1b2a86d2b385e94dc,100,1729,maximum_information_gain,2000.0,3000.0
kata1-b6c96-s4136960-d1510003-temp-0.7,74,560.9494187429118,473.0648237937652,648.8340136920584,563.7077469756265,-2.758328232714689,2,a5803f8a5d9d87202b43d709cb328cedaf18c446af448f705c33d553e8c2e9f7,5170ec511fb50cdf10d648416d508574d70e9781ddf156a1b2a86d2b385e94dc,100,1729,maximum_information_gain,2000.0,3000.0
kata1-b6c96-s4136960-d1510003-temp-0.7,76,573.6898014361287,487.0686827971314,660.3109200751261,563.7077469756265,9.98205446050224,2,a5803f8a5d9d87202b43d709cb328cedaf18c446af448f705c33d553e8c2e9f7,5170ec511fb50cdf10d648416d508574d70e9781ddf156a1b2a86d2b385e94dc,100,1729,maximum_information_gain,2000.0,3000.0
kata1-b6c96-s4136960-d1510003-temp-0.7,78,564.7238271892263,479.18897206333037,650.2586823151222,563.7077469756265,1.016080213599821,2,a5803f8a5d9d87202b43d709cb328cedaf18c446af448f705c33d553e8c2e9f7,5170ec511fb50cdf10d648416d508574d70e9781ddf156a1b2a86d2b385e94dc,100,1729,maximum_information_gain,2000.0,3000.0
kata1-b6c96-s4136960-d1510003-temp-0.7,80,556.2175825173165,471.6799679144004,640.7551971202325,563.7077469756265,-7.490164458310005,2,a5803f8a5d9d87202b43d709cb328cedaf18c446af448f705c33d553e8c2e9f7,5170ec511fb50cdf10d648416d508574d70e9781ddf156a1b2a86d2b385e94dc,100,1729,maximum_information_gain,2000.0,3000.0
kata1-b6c96-s4136960-d1510003-temp-0.7,82,564.766287154439,481.34535351248724,648.1872207963909,563.7077469756265,1.0585401788125637,2,a5803f8a5d9d87202b43d709cb328cedaf18c446af448f705c33d553e8c2e9f7,5170ec511fb50cdf10d648416d508574d70e9781ddf156a1b2a86d2b385e94dc,100,1729,maximum_information_gain,2000.0,3000.0
kata1-b6c96-s4136960-d1510003-temp-0.7,84,556.6874138174896,474.19165238131836,639.1831752536609,563.7077469756265,-7.02033315813685,2,a5803f8a5d9d87202b43d709cb328cedaf18c446af448f705c33d553e8c2e9f7,5170ec511fb50cdf10d648416d508574d70e9781ddf156a1b2a86d2b385e94dc,100,1729,maximum_information_gain,2000.0,3000.0
kata1-b6c96-s4136960-d1510003-temp-0.7,86,545.8507293554833,464.18901645207035,627.5124422588963,563.7077469756265,-17.85701762014321,2,a5803f8a5d9d87202b43d709cb328cedaf18c446af448f705c33d553e8c2e9f7,5170ec511fb50cdf10d648416d508574d70e9781ddf156a1b2a86d2b385e94dc,100,1729,maximum_information_gain,2000.0,3000.0
kata1-b6c96-s4136960-d1510003-temp-0.7,88,554.0496513455595,473.4237521241266,634.6755505669923,563.7077469756265,-9.65809563006701,2,a5803f8a5d9d87202b43d709cb328cedaf18c446af448f705c33d553e8c2e9f7,5170ec511fb50cdf10d648416d508574d70e9781ddf156a1b2a86d2b385e94dc,100,1729,maximum_information_gain,2000.0,3000.0
kata1-b6c96-s4136960-d1510003-temp-0.7,90,543.7923679886983,463.9469377520926,623.637798225304,563.7077469756265,-19.915378986928204,2,a5803f8a5d9d87202b43d709cb328cedaf18c446af448f705c33d553e8c2e9f7,5170ec511fb50cdf10d648416d508574d70e9781ddf156a1b2a86d2b385e94dc,100,1729,maximum_information_gain,2000.0,3000.0
kata1-b6c96-s4136960-d1510003-temp-0.7,92,533.9849670063404,454.86621626606785,613.1037177466129,563.7077469756265,-29.72277996928608,2,a5803f8a5d9d87202b43d709cb328cedaf18c446af448f705c33d553e8c2e9f7,5170ec511fb50cdf10d648416d508574d70e9781ddf156a1b2a86d2b385e94dc,100,1729,maximum_information_gain,2000.0,3000.0
kata1-b6c96-s4136960-d1510003-temp-0.7,94,540.6384131851366,462.46749467396637,618.8093316963069,563.7077469756265,-23.06933379048985,2,a5803f8a5d9d87202b43d709cb328cedaf18c446af448f705c33d553e8c2e9f7,5170ec511fb50cdf10d648416d508574d70e9781ddf156a1b2a86d2b385e94dc,100,1729,maximum_information_gain,2000.0,3000.0
kata1-b6c96-s4136960-d1510003-temp-0.7,96,539.7719826120309,462.4097166126268,617.134248611435,563.7077469756265,-23.93576436359558,2,a5803f8a5d9d87202b43d709cb328cedaf18c446af448f705c33d553e8c2e9f7,5170ec511fb50cdf10d648416d508574d70e9781ddf156a1b2a86d2b385e94dc,100,1729,maximum_information_gain,2000.0,3000.0
kata1-b6c96-s4136960-d1510003-temp-0.7,98,530.6928702214141,453.99730939612203,607.388431046706,563.7077469756265,-33.01487675421242,2,a5803f8a5d9d87202b43d709cb328cedaf18c446af448f705c33d553e8c2e9f7,5170ec511fb50cdf10d648416d508574d70e9781ddf156a1b2a86d2b385e94dc,100,1729,maximum_information_gain,2000.0,3000.0
kata1-b6c96-s4136960-d1510003-temp-0.7,100,528.6673917346409,452.7158301920906,604.6189532771912,563.7077469756265,-35.040355240985605,2,a5803f8a5d9d87202b43d709cb328cedaf18c446af448f705c33d553e8c2e9f7,5170ec511fb50cdf10d648416d508574d70e9781ddf156a1b2a86d2b385e94dc,100,1729,maximum_information_gain,2000.0,3000.0
kata1-b6c96-s6127360-d1754797-temp-0.9,2,1161.8508788363115,-1283.5566522896484,3607.2584099622713,640.4095810886414,521.4412977476701,2,a5803f8a5d9d87202b43d709cb328cedaf18c446af448f705c33d553e8c2e9f7,5170ec511fb50cdf10d648416d508574d70e9781ddf156a1b2a86d2b385e94dc,100,1729,maximum_information_gain,2000.0,3000.0
kata1-b6c96-s6127360-d1754797-temp-0.9,4,411.4919025669111,-1450.4212173754927,2273.405022509315,640.4095810886414,-228.9176785217303,2,a5803f8a5d9d87202b43d709cb328cedaf18c446af448f705c33d553e8c2e9f7,5170ec511fb50cdf10d648416d508574d70e9781ddf156a1b2a86d2b385e94dc,100,1729,maximum_information_gain,2000.0,3000.0
kata1-b6c96-s6127360-d1754797-temp-0.9,6,809.9126047080655,286.5183537652455,1333.3068556508856,640.4095810886414,169.50302361942408,2,a5803f8a5d9d87202b43d709cb328cedaf18c446af448f705c33d553e8c2e9f7,5170ec511fb50cdf10d648416d508574d70e9781ddf156a1b2a86d2b385e94dc,100,1729,maximum_information_gain,2000.0,3000.0
kata1-b6c96-s6127360-d1754797-temp-0.9,8,625.0832786360507,245.62436136078054,1004.542195911321,640.4095810886414,-15.326302452590653,2,a5803f8a5d9d87202b43d709cb328cedaf18c446af448f705c33d553e8c2e9f7,5170ec511fb50cdf10d648416d508574d70e9781ddf156a1b2a86d2b385e94dc,100,1729,maximum_information_gain,2000.0,3000.0
kata1-b6c96-s6127360-d1754797-temp-0.9,10,645.5232175751507,343.7881851388776,947.2582500114238,640.4095810886414,5.1136364865093356,2,a5803f8a5d9d87202b43d709cb328cedaf18c446af448f705c33d553e8c2e9f7,5170ec511fb50cdf10d648416d508574d70e9781ddf156a1b2a86d2b385e94dc,100,1729,maximum_information_gain,2000.0,3000.0
kata1-b6c96-s6127360-d1754797-temp-0.9,12,551.3543196040928,280.7370389348472,821.9716002733384,640.4095810886414,-89.05526148454862,2,a5803f8a5d9d87202b43d709cb328cedaf18c446af448f705c33d553e8c2e9f7,5170ec511fb50cdf10d648416d508574d70e9781ddf156a1b2a86d2b385e94dc,100,1729,maximum_information_gain,2000.0,3000.0
kata1-b6c96-s6127360-d1754797-temp-0.9,14,635.4072251413506,403.70739191462167,867.1070583680796,640.4095810886414,-5.002355947290766,2,a5803f8a5d9d87202b43d709cb328cedaf18c446af448f705c33d553e8c2e9f7,5170ec511fb50cdf10d648416d508574d70e9781ddf156a1b2a86d2b385e94dc,100,1729,maximum_information_gain,2000.0,3000.0
kata1-b6c96-s6127360-d1754797-temp-0.9,16,643.5254132066267,433.06411016606944,853.986716247184,640.4095810886414,3.115832117985292,2,a5803f8a5d9d87202b43d709cb328cedaf18c446af448f705c33d553e8c2e9f7,5170ec511fb50cdf10d648416d508574d70e9781ddf156a1b2a86d2b385e94dc,100,1729,maximum_information_gain,2000.0,3000.0
kata1-b6c96-s6127360-d1754797-temp-0.9,18,705.0363009845621,510.90337545939417,899.16922650973,640.4095810886414,64.6267198959207,2,a5803f8a5d9d87202b43d709cb328cedaf18c446af448f705c33d553e8c2e9f7,5170ec511fb50cdf10d648416d508574d70e9781ddf156a1b2a86d2b385e94dc,100,1729,maximum_information_gain,2000.0,3000.0
kata1-b6c96-s6127360-d1754797-temp-0.9,20,658.5214094781098,477.2053992070979,839.8374197491218,640.4095810886414,18.111828389468428,2,a5803f8a5d9d87202b43d709cb328cedaf18c446af448f705c33d553e8c2e9f7,5170ec511fb50cdf10d648416d508574d70e9781ddf156a1b2a86d2b385e94dc,100,1729,maximum_information_gain,2000.0,3000.0
kata1-b6c96-s6127360-d1754797-temp-0.9,22,704.1756958288486,533.6355739435371,874.71581771416,640.4095810886414,63.76611474020717,2,a5803f8a5d9d87202b43d709cb328cedaf18c446af448f705c33d553e8c2e9f7,5170ec511fb50cdf10d648416d508574d70e9781ddf156a1b2a86d2b385e94dc,100,1729,maximum_information_gain,2000.0,3000.0
kata1-b6c96-s6127360-d1754797-temp-0.9,24,706.0274648513911,544.433099488962,867.6218302138202,640.4095810886414,65.61788376274967,2,a5803f8a5d9d87202b43d709cb328cedaf18c446af448f705c33d553e8c2e9f7,5170ec511fb50cdf10d648416d508574d70e9781ddf156a1b2a86d2b385e94dc,100,1729,maximum_information_gain,2000.0,3000.0
kata1-b6c96-s6127360-d1754797-temp-0.9,26,672.4855211471858,518.4206697231896,826.5503725711819,640.4095810886414,32.07594005854435,2,a5803f8a5d9d87202b43d709cb328cedaf18c446af448f705c33d553e8c2e9f7,5170ec511fb50cdf10d648416d508574d70e9781ddf156a1b2a86d2b385e94dc,100,1729,maximum_information_gain,2000.0,3000.0
kata1-b6c96-s6127360-d1754797-temp-0.9,28,673.1860202061615,525.781387541452,820.590652870871,640.4095810886414,32.77643911752011,2,a5803f8a5d9d87202b43d709cb328cedaf18c446af448f705c33d553e8c2e9f7,5170ec511fb50cdf10d648416d508574d70e9781ddf156a1b2a86d2b385e94dc,100,1729,maximum_information_gain,2000.0,3000.0
kata1-b6c96-s6127360-d1754797-temp-0.9,30,644.1041029681862,501.7805794766293,786.4276264597431,640.4095810886414,3.6945218795448227,2,a5803f8a5d9d87202b43d709cb328cedaf18c446af448f705c33d553e8c2e9f7,5170ec511fb50cdf10d648416d508574d70e9781ddf156a1b2a86d2b385e94dc,100,1729,maximum_information_gain,2000.0,3000.0
kata1-b6c96-s6127360-d1754797-temp-0.9,32,618.9193713998418,480.66612738371106,757.1726154159726,640.4095810886414,-21.49020968879961,2,a5803f8a5d9d87202b43d709cb328cedaf18c446af448f705c33d553e8c2e9f7,5170ec511fb50cdf10d648416d508574d70e9781ddf156a1b2a86d2b385e94dc,100,1729,maximum_information_gain,2000.0,3000.0
kata1-b6c96-s6127360-d1754797-temp-0.9,34,641.0684081023147,508.40907603862905,773.7277401660003,640.4095810886414,0.6588270136733172,2,a5803f8a5d9d87202b43d709cb328cedaf18c446af448f705c33d553e8c2e9f7,5170ec511fb50cdf10d648416d508574d70e9781ddf156a1b2a86d2b385e94dc,100,1729,maximum_information_gain,2000.0,3000.0
kata1-b6c96-s6127360-d1754797-temp-0.9,36,667.7599474812145,539.8573597922631,795.6625351701658,640.4095810886414,27.35036639257305,2,a5803f8a5d9d87202b43d709cb328cedaf18c446af448f705c33d553e8c2e9f7,5170ec511fb50cdf10d648416d508574d70e9781ddf156a1b2a86d2b385e94dc,100,1729,maximum_information_gain,2000.0,3000.0
kata1-b6c96-s6127360-d1754797-temp-0.9,38,668.537286325632,544.4683113575837,792.6062612936802,640.4095810886414,28.12770523699055,2,a5803f8a5d9d87202b43d709cb328cedaf18c446af448f705c33d553e8c2e9f7,5170ec511fb50cdf10d648416d508574d70e9781ddf156a1b2a86d2b385e94dc,100,1729,maximum_information_gain,2000.0,3000.0
kata1-b6c96-s6127360-d1754797-temp-0.9,40,647.9140512860913,526.9949081280117,768.8331944441709,640.4095810886414,7.504470197449905,2,a5803f8a5d9d87202b43d709cb328cedaf18c446af448f705c33d553e8c2e9f7,5170ec511fb50cdf10d648416d508574d70e9781ddf156a1b2a86d2b385e94dc,100,1729,maximum_information_gain,2000.0,3000.0
kata1-b6c96-s6127360-d1754797-temp-0.9,42,629.3591016276027,511.1053260365232,747.6128772186823,640.4095810886414,-11.050479461038663,2,a5803f8a5d9d87202b43d709cb328cedaf18c446af448f705c33d553e8c2e9f7,5170ec511fb50cdf10d648416d508574d70e9781ddf156a1b2a86d2b385e94dc,100,1729,maximum_information_gain,2000.0,3000.0
kata1-b6c96-s6127360-d1754797-temp-0.9,44,625.7941337983458,510.39462279108625,741.1936448056053,640.4095810886414,-14.615447290295606,2,a5803f8a5d9d87202b43d709cb328cedaf18c446af448f705c33d553e8c2e9f7,5170ec511fb50cdf10d648416d508574d70e9781ddf156a1b2a86d2b385e94dc,100,1729,maximum_information_gain,2000.0,3000.0
kata1-b6c96-s6127360-d1754797-temp-0.9,46,641.1736855789188,528.8894709752062,753.4579001826314,640.4095810886414,0.7641044902774183,2,a5803f8a5d9d87202b43d709cb328cedaf18c446af448f705c33d553e8c2e9f7,5170ec511fb50cdf10d648416d508574d70e9781ddf156a1b2a86d2b385e94dc,100,1729,maximum_information_gain,2000.0,3000.0
kata1-b6c96-s6127360-d1754797-temp-0.9,48,625.4443804645734,515.3489822569273,735.5397786722195,640.4095810886414,-14.965200624067961,2,a5803f8a5d9d87202b43d709cb328cedaf18c446af448f705c33d553e8c2e9f7,5170ec511fb50cdf10d648416d508574d70e9781ddf156a1b2a86d2b385e94dc,100,1729,maximum_information_gain,2000.0,3000.0
kata1-b6c96-s6127360-d1754797-temp-0.9,50,622.5142586606598,514.7407076369406,730.2878096843791,640.4095810886414,-17.89532242798157,2,a5803f8a5d9d87202b43d709cb328cedaf18c446af448f705c33d553e8c2e9f7,5170ec511fb50cdf10d648416d508574d70e9781ddf156a1b2a86d2b385e94dc,100,1729,maximum_information_gain,2000.0,3000.0
kata1-b6c96-s6127360-d1754797-temp-0.9,52,619.7739998369034,514.1911847513954,725.3568149224113,640.4095810886414,-20.635581251738017,2,a5803f8a5d9d87202b43d709cb328cedaf18c446af448f705c33d553e8c2e9f7,5170ec511fb50cdf10d648416d508574d70e9781ddf156a1b2a86d2b385e94dc,100,1729,maximum_information_gain,2000.0,3000.0
kata1-b6c96-s6127360-d1754797-temp-0.9,54,617.2531082354672,513.736654483075,720.7695619878593,640.4095810886414,-23.15647285317425,2,a5803f8a5d9d87202b43d709cb328cedaf18c446af448f705c33d553e8c2e9f7,5170ec511fb50cdf10d648416d508574d70e9781ddf156a1b2a86d2b385e94dc,100,1729,maximum_information_gain,2000.0,3000.0
kata1-b6c96-s6127360-d1754797-temp-0.9,56,630.006118686024,528.6940500893979,731.3181872826501,640.4095810886414,-10.403462402617379,2,a5803f8a5d9d87202b43d709cb328cedaf18c446af448f705c33d553e8c2e9f7,5170ec511fb50cdf10d648416d508574d70e9781ddf156a1b2a86d2b385e94dc,100,1729,maximum_information_gain,2000.0,3000.0
kata1-b6c96-s6127360-d1754797-temp-0.9,58,617.5837455256273,517.9195409778584,717.247950073396,640.4095810886414,-22.825835563014152,2,a5803f8a5d9d87202b43d709cb328cedaf18c446af448f705c33d553e8c2e9f7,5170ec511fb50cdf10d648416d508574d70e9781ddf156a1b2a86d2b385e94dc,100,1729,maximum_information_gain,2000.0,3000.0
kata1-b6c96-s6127360-d1754797-temp-0.9,60,615.4619714210743,517.5342741938616,713.3896686482869,640.4095810886414,-24.94760966756712,2,a5803f8a5d9d87202b43d709cb328cedaf18c446af448f705c33d553e8c2e9f7,5170ec511fb50cdf10d648416d508574d70e9781ddf156a1b2a86d2b385e94dc,100,1729,maximum_information_gain,2000.0,3000.0
kata1-b6c96-s6127360-d1754797-temp-0.9,62,613.4908895217485,517.2126318820146,709.7691471614824,640.4095810886414,-26.918691566892903,2,a5803f8a5d9d87202b43d709cb328cedaf18c446af448f705c33d553e8c2e9f7,5170ec511fb50cdf10d648416d508574d70e9781ddf156a1b2a86d2b385e94dc,100,1729,maximum_information_gain,2000.0,3000.0
kata1-b6c96-s6127360-d1754797-temp-0.9,64,598.5293279601752,503.5562732861595,693.502382634191,640.4095810886414,-41.880253128466165,2,a5803f8a5d9d87202b43d709cb328cedaf18c446af448f705c33d553e8c2e9f7,5170ec511fb50cdf10d648416d508574d70e9781ddf156a1b2a86d2b385e94dc,100,1729,maximum_information_gain,2000.0,3000.0
kata1-b6c96-s6127360-d1754797-temp-0.9,66,597.2468362212306,503.78997135471803,690.7037010877432,640.4095810886414,-43.162744867410765,2,a5803f8a5d9d87202b43d709cb328cedaf18c446af448f705c33d553e8c2e9f7,5170ec511fb50cdf10d648416d508574d70e9781ddf156a1b2a86d2b385e94dc,100,1729,maximum_information_gain,2000.0,3000.0
kata1-b6c96-s6127360-d1754797-temp-0.9,68,608.2817595553444,516.4957176324157,700.067801478273,640.4095810886414,-32.12782153329704,2,a5803f8a5d9d87202b43d709cb328cedaf18c446af448f705c33d553e8c2e9f7,5170ec511fb50cdf10d648416d508574d70e9781ddf156a1b2a86d2b385e94dc,100,1729,maximum_information_gain,2000.0,3000.0
kata1-b6c96-s6127360-d1754797-temp-0.9,70,606.7806991693998,516.3551748510395,697.2062234877601,640.4095810886414,-33.62888191924162,2,a5803f8a5d9d87202b43d709cb328cedaf18c446af448f705c33d553e8c2e9f7,5170ec511fb50cdf10d648416d508574d70e9781ddf156a1b2a86d2b385e94dc,100,1729,maximum_information_gain,2000.0,3000.0
kata1-b6c96-s6127360-d1754797-temp-0.9,72,605.3715164618052,516.2465501221981,694.4964828014123,640.4095810886414,-35.03806462683622,2,a5803f8a5d9d87202b43d709cb328cedaf18c446af448f705c33d553e8c2e9f7,5170ec511fb50cdf10d648416d508574d70e9781ddf156a1b2a86d2b385e94dc,100,1729,maximum_information_gain,2000.0,3000.0
kata1-b6c96-s6127360-d1754797-temp-0.9,74,592.828710874907,504.7731121774613,680.8843095723525,640.4095810886414,-47.58087021373444,2,a5803f8a5d9d87202b43d709cb328cedaf18c446af448f705c33d553e8c2e9f7,5170ec511fb50cdf10d648416d508574d70e9781ddf156a1b2a86d2b385e94dc,100,1729,maximum_information_gain,2000.0,3000.0
kata1-b6c96-s6127360-d1754797-temp-0.9,76,602.7389149832812,516.0550087673148,689.4228211992477,640.4095810886414,-37.67066610536017,2,a5803f8a5d9d87202b43d709cb328cedaf18c446af448f705c33d553e8c2e9f7,5170ec511fb50cdf10d648416d508574d70e9781ddf156a1b2a86d2b385e94dc,100,1729,maximum_information_gain,2000.0,3000.0
kata1-b6c96-s6127360-d1754797-temp-0.9,78,612.0647773279284,526.6263252356928,697.503229420164,640.4095810886414,-28.344803760713035,2,a5803f8a5d9d87202b43d709cb328cedaf18c446af448f705c33d553e8c2e9f7,5170ec511fb50cdf10d648416d508574d70e9781ddf156a1b2a86d2b385e94dc,100,1729,maximum_information_gain,2000.0,3000.0
kata1-b6c96-s6127360-d1754797-temp-0.9,80,610.6694743167768,526.3220099897993,695.0169386437543,640.4095810886414,-29.74010677186459,2,a5803f8a5d9d87202b43d709cb328cedaf18c446af448f705c33d553e8c2e9f7,5170ec511fb50cdf10d648416d508574d70e9781ddf156a1b2a86d2b385e94dc,100,1729,maximum_information_gain,2000.0,3000.0
kata1-b6c96-s6127360-d1754797-temp-0.9,82,609.2889540523317,525.9940545359547,692.5838535687088,640.4095810886414,-31.120627036309656,2,a5803f8a5d9d87202b43d709cb328cedaf18c446af448f705c33d553e8c2e9f7,5170ec511fb50cdf10d648416d508574d70e9781ddf156a1b2a86d2b385e94dc,100,1729,maximum_information_gain,2000.0,3000.0
kata1-b6c96-s6127360-d1754797-temp-0.9,84,607.9771149665714,525.6949862378134,690.2592436953295,640.4095810886414,-32.43246612206997,2,a5803f8a5d9d87202b43d709cb328cedaf18c446af448f705c33d553e8c2e9f7,5170ec511fb50cdf10d648416d508574d70e9781ddf156a1b2a86d2b385e94dc,100,1729,maximum_information_gain,2000.0,3000.0
kata1-b6c96-s6127360-d1754797-temp-0.9,86,606.7288885152831,525.4220737002659,688.0357033303003,640.4095810886414,-33.68069257335833,2,a5803f8a5d9d87202b43d709cb328cedaf18c446af448f705c33d553e8c2e9f7,5170ec511fb50cdf10d648416d508574d70e9781ddf156a1b2a86d2b385e94dc,100,1729,maximum_information_gain,2000.0,3000.0
kata1-b6c96-s6127360-d1754797-temp-0.9,88,605.5396868509479,525.1728856912242,685.9064880106715,640.4095810886414,-34.86989423769353,2,a5803f8a5d9d87202b43d709cb328cedaf18c446af448f705c33d553e8c2e9f7,5170ec511fb50cdf10d648416d508574d70e9781ddf156a1b2a86d2b385e94dc,100,1729,maximum_information_gain,2000.0,3000.0
kata1-b6c96-s6127360-d1754797-temp-0.9,90,604.4053351349727,524.9452412353999,683.8654290345455,640.4095810886414,-36.004245953668715,2,a5803f8a5d9d87202b43d709cb328cedaf18c446af448f705c33d553e8c2e9f7,5170ec511fb50cdf10d648416d508574d70e9781ddf156a1b2a86d2b385e94dc,100,1729,maximum_information_gain,2000.0,3000.0
kata1-b6c96-s6127360-d1754797-temp-0.9,92,612.16256161486,533.604893659063,690.720229570657,640.4095810886414,-28.247019473781393,2,a5803f8a5d9d87202b43d709cb328cedaf18c446af448f705c33d553e8c2e9f7,5170ec511fb50cdf10d648416d508574d70e9781ddf156a1b2a86d2b385e94dc,100,1729,maximum_information_gain,2000.0,3000.0
kata1-b6c96-s6127360-d1754797-temp-0.9,94,610.9865752043279,533.2690354931347,688.7041149155211,640.4095810886414,-29.42300588431351,2,a5803f8a5d9d87202b43d709cb328cedaf18c446af448f705c33d553e8c2e9f7,5170ec511fb50cdf10d648416d508574d70e9781ddf156a1b2a86d2b385e94dc,100,1729,maximum_information_gain,2000.0,3000.0
kata1-b6c96-s6127360-d1754797-temp-0.9,96,609.8040623698082,532.9022851143159,686.7058396253005,640.4095810886414,-30.605518718833196,2,a5803f8a5d9d87202b43d709cb328cedaf18c446af448f705c33d553e8c2e9f7,5170ec511fb50cdf10d648416d508574d70e9781ddf156a1b2a86d2b385e94dc,100,1729,maximum_information_gain,2000.0,3000.0
kata1-b6c96-s6127360-d1754797-temp-0.9,98,608.6713230719668,532.5587468494997,684.7838992944338,640.4095810886414,-31.73825801667465,2,a5803f8a5d9d87202b43d709cb328cedaf18c446af448f705c33d553e8c2e9f7,5170ec511fb50cdf10d648416d508574d70e9781ddf156a1b2a86d2b385e94dc,100,1729,maximum_information_gain,2000.0,3000.0
kata1-b6c96-s6127360-d1754797-temp-0.9,100,607.5852167356658,532.2366378527337,682.9337956185979,640.4095810886414,-32.824364352975635,2,a5803f8a5d9d87202b43d709cb328cedaf18c446af448f705c33d553e8c2e9f7,5170ec511fb50cdf10d648416d508574d70e9781ddf156a1b2a86d2b385e94dc,100,1729,maximum_information_gain,2000.0,3000.0
kata1-b6c96-s4136960-d1510003-temp-0.5,2,1157.806807115204,-1282.7878390423286,3598.401453272737,731.184037384491,426.622769730713,2,a5803f8a5d9d87202b43d709cb328cedaf18c446af448f705c33d553e8c2e9f7,5170ec511fb50cdf10d648416d508574d70e9781ddf156a1b2a86d2b385e94dc,100,1729,maximum_information_gain,2000.0,3000.0
kata1-b6c96-s4136960-d1510003-temp-0.5,4,407.4707878019053,-1452.3955450009387,2267.3371206047495,731.184037384491,-323.7132495825857,2,a5803f8a5d9d87202b43d709cb328cedaf18c446af448f705c33d553e8c2e9f7,5170ec511fb50cdf10d648416d508574d70e9781ddf156a1b2a86d2b385e94dc,100,1729,maximum_information_gain,2000.0,3000.0
kata1-b6c96-s4136960-d1510003-temp-0.5,6,441.22495805542354,-42.97214958698572,925.4220656978327,731.184037384491,-289.9590793290675,2,a5803f8a5d9d87202b43d709cb328cedaf18c446af448f705c33d553e8c2e9f7,5170ec511fb50cdf10d648416d508574d70e9781ddf156a1b2a86d2b385e94dc,100,1729,maximum_information_gain,2000.0,3000.0
kata1-b6c96-s4136960-d1510003-temp-0.5,8,442.5283627185248,92.9268619768863,792.1298634601633,731.184037384491,-288.6556746659662,2,a5803f8a5d9d87202b43d709cb328cedaf18c446af448f705c33d553e8c2e9f7,5170ec511fb50cdf10d648416d508574d70e9781ddf156a1b2a86d2b385e94dc,100,1729,maximum_information_gain,2000.0,3000.0
kata1-b6c96-s4136960-d1510003-temp-0.5,10,568.3549015118192,271.76098858480844,864.9488144388299,731.184037384491,-162.82913587267183,2,a5803f8a5d9d87202b43d709cb328cedaf18c446af448f705c33d553e8c2e9f7,5170ec511fb50cdf10d648416d508574d70e9781ddf156a1b2a86d2b385e94dc,100,1729,maximum_information_gain,2000.0,3000.0
kata1-b6c96-s4136960-d1510003-temp-0.5,12,670.6084290341701,397.1686152424718,944.0482428258683,731.184037384491,-60.57560835032098,2,a5803f8a5d9d87202b43d709cb328cedaf18c446af448f705c33d553e8c2e9f7,5170ec511fb50cdf10d648416d508574d70e9781ddf156a1b2a86d2b385e94dc,100,1729,maximum_information_gain,2000.0,3000.0
kata1-b6c96-s4136960-d1510003-temp-0.5,14,767.8030544953729,508.0347777389968,1027.571331251749,731.184037384491,36.61901711088183,2,a5803f8a5d9d87202b43d709cb328cedaf18c446af448f705c33d553e8c2e9f7,5170ec511fb50cdf10d648416d508574d70e9781ddf156a1b2a86d2b385e94dc,100,1729,maximum_information_gain,2000.0,3000.0
kata1-b6c96-s4136960-d1510003-temp-0.5,16,872.080738925714,621.8635192362549,1122.297958615173,731.184037384491,140.8967015412229,2,a5803f8a5d9d87202b43d709cb328cedaf18c446af448f705c33d553e8c2e9f7,5170ec511fb50cdf10d648416d508574d70e9781ddf156a1b2a86d2b385e94dc,100,1729,maximum_information_gain,2000.0,3000.0
kata1-b6c96-s4136960-d1510003-temp-0.5,18,796.8048681285853,582.8489302615959,1010.7608059955747,731.184037384491,65.62083074409429,2,a5803f8a5d9d87202b43d709cb328cedaf18c446af448f705c33d553e8c2e9f7,5170ec511fb50cdf10d648416d508574d70e9781ddf156a1b2a86d2b385e94dc,100,1729,maximum_information_gain,2000.0,3000.0
kata1-b6c96-s4136960-d1510003-temp-0.5,20,804.9515898478523,607.2339727982079,1002.6692068974968,731.184037384491,73.76755246336131,2,a5803f8a5d9d87202b43d709cb328cedaf18c446af448f705c33d553e8c2e9f7,5170ec511fb50cdf10d648416d508574d70e9781ddf156a1b2a86d2b385e94dc,100,1729,maximum_information_gain,2000.0,3000.0
kata1-b6c96-s4136960-d1510003-temp-0.5,22,810.961862911486,626.4506480287912,995.4730777941809,731.184037384491,79.777825526995,2,a5803f8a5d9d87202b43d709cb328cedaf18c446af448f705c33d553e8c2e9f7,5170ec511fb50cdf10d648416d508574d70e9781ddf156a1b2a86d2b385e94dc,100,1729,maximum_information_gain,2000.0,3000.0
kata1-b6c96-s4136960-d1510003-temp-0.5,24,815.5666982352739,642.0038298165504,989.1295666539974,731.184037384491,84.38266085078283,2,a5803f8a5d9d87202b43d709cb328cedaf18c446af448f705c33d553e8c2e9f7,5170ec511fb50cdf10d648416d508574d70e9781ddf156a1b2a86d2b385e94dc,100,1729,maximum_information_gain,2000.0,3000.0
kata1-b6c96-s4136960-d1510003-temp-0.5,26,779.6123199382201,616.2997968141802,942.92484306226,731.184037384491,48.428282553729105,2,a5803f8a5d9d87202b43d709cb328cedaf18c446af448f705c33d553e8c2e9f7,5170ec511fb50cdf10d648416d508574d70e9781ddf156a1b2a86d2b385e94dc,100,1729,maximum_information_gain,2000.0,3000.0
kata1-b6c96-s4136960-d1510003-temp-0.5,28,786.2754540296957,630.5848688580168,941.9660392013745,731.184037384491,55.09141664520462,2,a5803f8a5d9d87202b43d709cb328cedaf18c446af448f705c33d553e8c2e9f7,5170ec511fb50cdf10d648416d508574d70e9781ddf156a1b2a86d2b385e94dc,100,1729,maximum_information_gain,2000.0,3000.0
kata1-b6c96-s4136960-d1510003-temp-0.5,30,791.7525242087191,642.7425232840958,940.7625251333425,731.184037384491,60.5684868242281,2,a5803f8a5d9d87202b43d709cb328cedaf18c446af448f705c33d553e8c2e9f7,5170ec511fb50cdf10d648416d508574d70e9781ddf156a1b2a86d2b385e94dc,100,1729,maximum_information_gain,2000.0,3000.0
kata1-b6c96-s4136960-d1510003-temp-0.5,32,766.2765252882893,622.9988775598955,909.5541730166832,731.184037384491,35.092487903798315,2,a5803f8a5d9d87202b43d709cb328cedaf18c446af448f705c33d553e8c2e9f7,5170ec511fb50cdf10d648416d508574d70e9781ddf156a1b2a86d2b385e94dc,100,1729,maximum_information_gain,2000.0,3000.0
kata1-b6c96-s4136960-d1510003-temp-0.5,34,760.6209681023008,622.5230394453491,898.7188967592525,731.184037384491,29.436930717809787,2,a5803f8a5d9d87202b43d709cb328cedaf18c446af448f705c33d553e8c2e9f7,5170ec511fb50cdf10d648416d508574d70e9781ddf156a1b2a86d2b385e94dc,100,1729,maximum_information_gain,2000.0,3000.0
kata1-b6c96-s4136960-d1510003-temp-0.5,36,782.0072167842193,648.6152096742278,915.3992238942108,731.184037384491,50.82317939972825,2,a5803f8a5d9d87202b43d709cb328cedaf18c446af448f705c33d553e8c2e9f7,5170ec511fb50cdf10d648416d508574d70e9781ddf156a1b2a86d2b385e94dc,100,1729,maximum_information_gain,2000.0,3000.0
kata1-b6c96-s4136960-d1510003-temp-0.5,38,786.4227359940386,657.2431511319849,915.6023208560923,731.184037384491,55.238698609547555,2,a5803f8a5d9d87202b43d709cb328cedaf18c446af448f705c33d553e8c2e9f7,5170ec511fb50cdf10d648416d508574d70e9781ddf156a1b2a86d2b385e94dc,100,1729,maximum_information_gain,2000.0,3000.0
kata1-b6c96-s4136960-d1510003-temp-0.5,40,767.3250690503579,641.9058337007868,892.744304399929,731.184037384491,36.141031665866876,2,a5803f8a5d9d87202b43d709cb328cedaf18c446af448f705c33d553e8c2e9f7,5170ec511fb50cdf10d648416d508574d70e9781ddf156a1b2a86d2b385e94dc,100,1729,maximum_information_gain,2000.0,3000.0
kata1-b6c96-s4136960-d1510003-temp-0.5,42,762.9172145911812,640.9822705772549,884.8521586051074,731.184037384491,31.73317720669013,2,a5803f8a5d9d87202b43d709cb328cedaf18c446af448f705c33d553e8c2e9f7,5170ec511fb50cdf10d648416d508574d70e9781ddf156a1b2a86d2b385e94dc,100,1729,maximum_information_gain,2000.0,3000.0
kata1-b6c96-s4136960-d1510003-temp-0.5,44,779.6376328432127,660.9398096487578,898.3354560376677,731.184037384491,48.45359545872168,2,a5803f8a5d9d87202b43d709cb328cedaf18c446af448f705c33d553e8c2e9f7,5170ec511fb50cdf10d648416d508574d70e9781ddf156a1b2a86d2b385e94dc,100,1729,maximum_information_gain,2000.0,3000.0
kata1-b6c96-s4136960-d1510003-temp-0.5,46,783.2472270446809,667.5125847737249,898.9818693156369,731.184037384491,52.06318966018989,2,a5803f8a5d9d87202b43d709cb328cedaf18c446af448f705c33d553e8c2e9f7,5170ec511fb50cdf10d648416d508574d70e9781ddf156a1b2a86d2b385e94dc,100,1729,maximum_information_gain,2000.0,3000.0
kata1-b6c96-s4136960-d1510003-temp-0.5,48,767.9763602872266,654.9439383121057,881.0087822623475,731.184037384491,36.79232290273558,2,a5803f8a5d9d87202b43d709cb328cedaf18c446af448f705c33d553e8c2e9f7,5170ec511fb50cdf10d648416d508574d70e9781ddf156a1b2a86d2b385e94dc,100,1729,maximum_information_gain,2000.0,3000.0
kata1-b6c96-s4136960-d1510003-temp-0.5,50,746.4194451507676,635.7468198648162,857.092070436719,731.184037384491,15.23540776627658,2,a5803f8a5d9d87202b43d709cb328cedaf18c446af448f705c33d553e8c2e9f7,5170ec511fb50cdf10d648416d508574d70e9781ddf156a1b2a86d2b385e94dc,100,1729,maximum_information_gain,2000.0,3000.0
kata1-b6c96-s4136960-d1510003-temp-0.5,52,760.9751243060406,652.8791090418139,869.0711395702673,731.184037384491,29.79108692154955,2,a5803f8a5d9d87202b43d709cb328cedaf18c446af448f705c33d553e8c2e9f7,5170ec511fb50cdf10d648416d508574d70e9781ddf156a1b2a86d2b385e94dc,100,1729,maximum_information_gain,2000.0,3000.0
kata1-b6c96-s4136960-d1510003-temp-0.5,54,774.260198896301,668.4074556711539,880.112942121448,731.184037384491,43.076161511809914,2,a5803f8a5d9d87202b43d709cb328cedaf18c446af448f705c33d553e8c2e9f7,5170ec511fb50cdf10d648416d508574d70e9781ddf156a1b2a86d2b385e94dc,100,1729,maximum_information_gain,2000.0,3000.0
kata1-b6c96-s4136960-d1510003-temp-0.5,56,761.8068980274536,658.0122855680318,865.6015104868754,731.184037384491,30.622860642962564,2,a5803f8a5d9d87202b43d709cb328cedaf18c446af448f705c33d553e8c2e9f7,5170ec511fb50cdf10d648416d508574d70e9781ddf156a1b2a86d2b385e94dc,100,1729,maximum_information_gain,2000.0,3000.0
kata1-b6c96-s4136960-d1510003-temp-0.5,58,758.975456979442,657.1576917121895,860.7932222466945,731.184037384491,27.79141959495098,2,a5803f8a5d9d87202b43d709cb328cedaf18c446af448f705c33d553e8c2e9f7,5170ec511fb50cdf10d648416d508574d70e9781ddf156a1b2a86d2b385e94dc,100,1729,maximum_information_gain,2000.0,3000.0
kata1-b6c96-s4136960-d1510003-temp-0.5,60,756.3607188230834,656.4112210105578,856.310216635609,731.184037384491,25.176681438592368,2,a5803f8a5d9d87202b43d709cb328cedaf18c446af448f705c33d553e8c2e9f7,5170ec511fb50cdf10d648416d508574d70e9781ddf156a1b2a86d2b385e94dc,100,1729,maximum_information_gain,2000.0,3000.0
kata1-b6c96-s4136960-d1510003-temp-0.5,62,753.9393891675103,655.758439499308,852.1203388357126,731.184037384491,22.75535178301925,2,a5803f8a5d9d87202b43d709cb328cedaf18c446af448f705c33d553e8c2e9f7,5170ec511fb50cdf10d648416d508574d70e9781ddf156a1b2a86d2b385e94dc,100,1729,maximum_information_gain,2000.0,3000.0
kata1-b6c96-s4136960-d1510003-temp-0.5,64,765.1473386025506,668.6345613434427,861.6601158616585,731.184037384491,33.96330121805954,2,a5803f8a5d9d87202b43d709cb328cedaf18c446af448f705c33d553e8c2e9f7,5170ec511fb50cdf10d648416d508574d70e9781ddf156a1b2a86d2b385e94dc,100,1729,maximum_information_gain,2000.0,3000.0
kata1-b6c96-s4136960-d1510003-temp-0.5,66,775.598832299847,680.5843647837078,870.6132998159862,731.184037384491,44.41479491535597,2,a5803f8a5d9d87202b43d709cb328cedaf18c446af448f705c33d553e8c2e9f7,5170ec511fb50cdf10d648416d508574d70e9781ddf156a1b2a86d2b385e94dc,100,1729,maximum_information_gain,2000.0,3000.0
kata1-b6c96-s4136960-d1510003-temp-0.5,68,778.1096355605665,684.5732559260991,871.6460151950339,731.184037384491,46.92559817607548,2,a5803f8a5d9d87202b43d709cb328cedaf18c446af448f705c33d553e8c2e9f7,5170ec511fb50cdf10d648416d508574d70e9781ddf156a1b2a86d2b385e94dc,100,1729,maximum_information_gain,2000.0,3000.0
kata1-b6c96-s4136960-d1510003-temp-0.5,70,780.4619259179201,688.3368886764515,872.5869631593887,731.184037384491,49.27788853342906,2,a5803f8a5d9d87202b43d709cb328cedaf18c446af448f705c33d553e8c2e9f7,5170ec511fb50cdf10d648416d508574d70e9781ddf156a1b2a86d2b385e94dc,100,1729,maximum_information_gain,2000.0,3000.0
kata1-b6c96-s4136960-d1510003-temp-0.5,72,782.6699374592379,691.8938630347823,873.4460118836935,731.184037384491,51.48590007474684,2,a5803f8a5d9d87202b43d709cb328cedaf18c446af448f705c33d553e8c2e9f7,5170ec511fb50cdf10d648416d508574d70e9781ddf156a1b2a86d2b385e94dc,100,1729,maximum_information_gain,2000.0,3000.0
kata1-b6c96-s4136960-d1510003-temp-0.5,74,773.2882498569633,683.8526489485656,862.7238507653609,731.184037384491,42.10421247247223,2,a5803f8a5d9d87202b43d709cb328cedaf18c446af448f705c33d553e8c2e9f7,5170ec511fb50cdf10d648416d508574d70e9781ddf156a1b2a86d2b385e94dc,100,1729,maximum_information_gain,2000.0,3000.0
kata1-b6c96-s4136960-d1510003-temp-0.5,76,770.8044605144557,682.6168266944501,858.9920943344614,731.184037384491,39.620423129964706,2,a5803f8a5d9d87202b43d709cb328cedaf18c446af448f705c33d553e8c2e9f7,5170ec511fb50cdf10d648416d508574d70e9781ddf156a1b2a86d2b385e94dc,100,1729,maximum_information_gain,2000.0,3000.0
kata1-b6c96-s4136960-d1510003-temp-0.5,78,768.4594921152914,681.468429886027,855.4505543445557,731.184037384491,37.275454730800334,2,a5803f8a5d9d87202b43d709cb328cedaf18c446af448f705c33d553e8c2e9f7,5170ec511fb50cdf10d648416d508574d70e9781ddf156a1b2a86d2b385e94dc,100,1729,maximum_information_gain,2000.0,3000.0
kata1-b6c96-s4136960-d1510003-temp-0.5,80,766.2987346231664,680.4532661156496,852.1442031306832,731.184037384491,35.114697238675376,2,a5803f8a5d9d87202b43d709cb328cedaf18c446af448f705c33d553e8c2e9f7,5170ec511fb50cdf10d648416d508574d70e9781ddf156a1b2a86d2b385e94dc,100,1729,maximum_information_gain,2000.0,3000.0
kata1-b6c96-s4136960-d1510003-temp-0.5,82,774.512547831118,689.7159047498809,859.3091909123551,731.184037384491,43.32851044662698,2,a5803f8a5d9d87202b43d709cb328cedaf18c446af448f705c33d553e8c2e9f7,5170ec511fb50cdf10d648416d508574d70e9781ddf156a1b2a86d2b385e94dc,100,1729,maximum_information_gain,2000.0,3000.0
kata1-b6c96-s4136960-d1510003-temp-0.5,84,776.487167742006,692.7283779773948,860.2459575066173,731.184037384491,45.30313035751499,2,a5803f8a5d9d87202b43d709cb328cedaf18c446af448f705c33d553e8c2e9f7,5170ec511fb50cdf10d648416d508574d70e9781ddf156a1b2a86d2b385e94dc,100,1729,maximum_information_gain,2000.0,3000.0
kata1-b6c96-s4136960-d1510003-temp-0.5,86,768.672961084184,685.9462679180729,851.399654250295,731.184037384491,37.48892369969292,2,a5803f8a5d9d87202b43d709cb328cedaf18c446af448f705c33d553e8c2e9f7,5170ec511fb50cdf10d648416d508574d70e9781ddf156a1b2a86d2b385e94dc,100,1729,maximum_information_gain,2000.0,3000.0
kata1-b6c96-s4136960-d1510003-temp-0.5,88,766.7157850567953,684.9659080467897,848.465662066801,731.184037384491,35.53174767230428,2,a5803f8a5d9d87202b43d709cb328cedaf18c446af448f705c33d553e8c2e9f7,5170ec511fb50cdf10d648416d508574d70e9781ddf156a1b2a86d2b385e94dc,100,1729,maximum_information_gain,2000.0,3000.0
kata1-b6c96-s4136960-d1510003-temp-0.5,90,764.8550904958108,684.0470610789232,845.6631199126984,731.184037384491,33.67105311131979,2,a5803f8a5d9d87202b43d709cb328cedaf18c446af448f705c33d553e8c2e9f7,5170ec511fb50cdf10d648416d508574d70e9781ddf156a1b2a86d2b385e94dc,100,1729,maximum_information_gain,2000.0,3000.0
kata1-b6c96-s4136960-d1510003-temp-0.5,92,772.139768937606,692.2012741408365,852.0782637343756,731.184037384491,40.955731553115015,2,a5803f8a5d9d87202b43d709cb328cedaf18c446af448f705c33d553e8c2e9f7,5170ec511fb50cdf10d648416d508574d70e9781ddf156a1b2a86d2b385e94dc,100,1729,maximum_information_gain,2000.0,3000.0
kata1-b6c96-s4136960-d1510003-temp-0.5,94,770.1832422685227,691.1261213296473,849.2403632073981,731.184037384491,38.999204884031656,2,a5803f8a5d9d87202b43d709cb328cedaf18c446af448f705c33d553e8c2e9f7,5170ec511fb50cdf10d648416d508574d70e9781ddf156a1b2a86d2b385e94dc,100,1729,maximum_information_gain,2000.0,3000.0
kata1-b6c96-s4136960-d1510003-temp-0.5,96,777.0218423216564,698.7466238184875,855.2970608248254,731.184037384491,45.8378049371654,2,a5803f8a5d9d87202b43d709cb328cedaf18c446af448f705c33d553e8c2e9f7,5170ec511fb50cdf10d648416d508574d70e9781ddf156a1b2a86d2b385e94dc,100,1729,maximum_information_gain,2000.0,3000.0
kata1-b6c96-s4136960-d1510003-temp-0.5,98,778.6925251114982,701.2184765912109,856.1665736317855,731.184037384491,47.50848772700715,2,a5803f8a5d9d87202b43d709cb328cedaf18c446af448f705c33d553e8c2e9f7,5170ec511fb50cdf10d648416d508574d70e9781ddf156a1b2a86d2b385e94dc,100,1729,maximum_information_gain,2000.0,3000.0
kata1-b6c96-s4136960-d1510003-temp-0.5,100,771.9960710071553,695.3495417934645,848.642600220846,731.184037384491,40.81203362266422,2,a5803f8a5d9d87202b43d709cb328cedaf18c446af448f705c33d553e8c2e9f7,5170ec511fb50cdf10d648416d508574d70e9781ddf156a1b2a86d2b385e94dc,100,1729,maximum_information_gain,2000.0,3000.0
kata1-b6c96-s5214720-d1690538-temp-0.5,2,1145.3735346803142,-1280.5720744393034,3571.3191437999317,859.747739648877,285.6257950314372,2,a5803f8a5d9d87202b43d709cb328cedaf18c446af448f705c33d553e8c2e9f7,5170ec511fb50cdf10d648416d508574d70e9781ddf156a1b2a86d2b385e94dc,100,1729,maximum_information_gain,2000.0,3000.0
kata1-b6c96-s5214720-d1690538-temp-0.5,4,393.03062939202295,-1459.4035916600844,2245.46485044413,859.747739648877,-466.717110256854,2,a5803f8a5d9d87202b43d709cb328cedaf18c446af448f705c33d553e8c2e9f7,5170ec511fb50cdf10d648416d508574d70e9781ddf156a1b2a86d2b385e94dc,100,1729,maximum_information_gain,2000.0,3000.0
kata1-b6c96-s5214720-d1690538-temp-0.5,6,801.1823727519189,290.57075977930634,1311.7939857245315,859.747739648877,-58.56536689695804,2,a5803f8a5d9d87202b43d709cb328cedaf18c446af448f705c33d553e8c2e9f7,5170ec511fb50cdf10d648416d508574d70e9781ddf156a1b2a86d2b385e94dc,100,1729,maximum_information_gain,2000.0,3000.0
kata1-b6c96-s5214720-d1690538-temp-0.5,8,962.6234427413166,585.6451187305893,1339.6017667520439,859.747739648877,102.87570309243961,2,a5803f8a5d9d87202b43d709cb328cedaf18c446af448f705c33d553e8c2e9f7,5170ec511fb50cdf10d648416d508574d70e9781ddf156a1b2a86d2b385e94dc,100,1729,maximum_information_gain,2000.0,3000.0
kata1-b6c96-s5214720-d1690538-temp-0.5,10,968.5234267591477,667.8159463200263,1269.230907198269,859.747739648877,108.77568711027072,2,a5803f8a5d9d87202b43d709cb328cedaf18c446af448f705c33d553e8c2e9f7,5170ec511fb50cdf10d648416d508574d70e9781ddf156a1b2a86d2b385e94dc,100,1729,maximum_information_gain,2000.0,3000.0
kata1-b6c96-s5214720-d1690538-temp-0.5,12,971.2896370121125,713.7938050780671,1228.7854689461578,859.747739648877,111.54189736323553,2,a5803f8a5d9d87202b43d709cb328cedaf18c446af448f705c33d553e8c2e9f7,5170ec511fb50cdf10d648416d508574d70e9781ddf156a1b2a86d2b385e94dc,100,1729,maximum_information_gain,2000.0,3000.0
kata1-b6c96-s5214720-d1690538-temp-0.5,14,972.8916408617239,744.0433721293803,1201.7399095940675,859.747739648877,113.14390121284691,2,a5803f8a5d9d87202b43d709cb328cedaf18c446af448f705c33d553e8c2e9f7,5170ec511fb50cdf10d648416d508574d70e9781ddf156a1b2a86d2b385e94dc,100,1729,maximum_information_gain,2000.0,3000.0
kata1-b6c96-s5214720-d1690538-temp-0.5,16,973.9392501572233,765.8434921077968,1182.0350082066498,859.747739648877,114.19151050834637,2,a5803f8a5d9d87202b43d709cb328cedaf18c446af448f705c33d553e8c2e9f7,5170ec511fb50cdf10d648416d508574d70e9781ddf156a1b2a86d2b385e94dc,100,1729,maximum_information_gain,2000.0,3000.0
kata1-b6c96-s5214720-d1690538-temp-0.5,18,919.863202782458,726.7891320421393,1112.9372735227766,859.747739648877,60.11546313358099,2,a5803f8a5d9d87202b43d709cb328cedaf18c446af448f705c33d553e8c2e9f7,5170ec511fb50cdf10d648416d508574d70e9781ddf156a1b2a86d2b385e94dc,100,1729,maximum_information_gain,2000.0,3000.0
kata1-b6c96-s5214720-d1690538-temp-0.5,20,917.2391735835234,736.9788005936554,1097.4995465733916,859.747739648877,57.491433934646466,2,a5803f8a5d9d87202b43d709cb328cedaf18c446af448f705c33d553e8c2e9f7,5170ec511fb50cdf10d648416d508574d70e9781ddf156a1b2a86d2b385e94dc,100,1729,maximum_information_gain,2000.0,3000.0
kata1-b6c96-s5214720-d1690538-temp-0.5,22,915.2260567827142,745.5113860076281,1084.9407275578003,859.747739648877,55.47831713383721,2,a5803f8a5d9d87202b43d709cb328cedaf18c446af448f705c33d553e8c2e9f7,5170ec511fb50cdf10d648416d508574d70e9781ddf156a1b2a86d2b385e94dc,100,1729,maximum_information_gain,2000.0,3000.0
kata1-b6c96-s5214720-d1690538-temp-0.5,24,913.6344362898989,752.7890741733363,1074.4797984064614,859.747739648877,53.8866966410219,2,a5803f8a5d9d87202b43d709cb328cedaf18c446af448f705c33d553e8c2e9f7,5170ec511fb50cdf10d648416d508574d70e9781ddf156a1b2a86d2b385e94dc,100,1729,maximum_information_gain,2000.0,3000.0
kata1-b6c96-s5214720-d1690538-temp-0.5,26,946.8900002019219,793.8308250141858,1099.949175389658,859.747739648877,87.14226055304493,2,a5803f8a5d9d87202b43d709cb328cedaf18c446af448f705c33d553e8c2e9f7,5170ec511fb50cdf10d648416d508574d70e9781ddf156a1b2a86d2b385e94dc,100,1729,maximum_information_gain,2000.0,3000.0
kata1-b6c96-s5214720-d1690538-temp-0.5,28,949.6158085211131,803.0916316701191,1096.139985372107,859.747739648877,89.86806887223611,2,a5803f8a5d9d87202b43d709cb328cedaf18c446af448f705c33d553e8c2e9f7,5170ec511fb50cdf10d648416d508574d70e9781ddf156a1b2a86d2b385e94dc,100,1729,maximum_information_gain,2000.0,3000.0
kata1-b6c96-s5214720-d1690538-temp-0.5,30,951.9507003013919,811.1749921810364,1092.7264084217472,859.747739648877,92.20296065251489,2,a5803f8a5d9d87202b43d709cb328cedaf18c446af448f705c33d553e8c2e9f7,5170ec511fb50cdf10d648416d508574d70e9781ddf156a1b2a86d2b385e94dc,100,1729,maximum_information_gain,2000.0,3000.0
kata1-b6c96-s5214720-d1690538-temp-0.5,32,953.9464378966985,818.2784919409586,1089.6143838524386,859.747739648877,94.19869824782154,2,a5803f8a5d9d87202b43d709cb328cedaf18c446af448f705c33d553e8c2e9f7,5170ec511fb50cdf10d648416d508574d70e9781ddf156a1b2a86d2b385e94dc,100,1729,maximum_information_gain,2000.0,3000.0
kata1-b6c96-s5214720-d1690538-temp-0.5,34,930.5288640922333,799.300506619175,1061.7572215652917,859.747739648877,70.78112444335636,2,a5803f8a5d9d87202b43d709cb328cedaf18c446af448f705c33d553e8c2e9f7,5170ec511fb50cdf10d648416d508574d70e9781ddf156a1b2a86d2b385e94dc,100,1729,maximum_information_gain,2000.0,3000.0
kata1-b6c96-s5214720-d1690538-temp-0.5,36,904.7655065737772,777.156565905152,1032.3744472424023,859.747739648877,45.01776692490023,2,a5803f8a5d9d87202b43d709cb328cedaf18c446af448f705c33d553e8c2e9f7,5170ec511fb50cdf10d648416d508574d70e9781ddf156a1b2a86d2b385e94dc,100,1729,maximum_information_gain,2000.0,3000.0
kata1-b6c96-s5214720-d1690538-temp-0.5,38,881.8759297287188,757.2952649146907,1006.4565945427469,859.747739648877,22.12819007984183,2,a5803f8a5d9d87202b43d709cb328cedaf18c446af448f705c33d553e8c2e9f7,5170ec511fb50cdf10d648416d508574d70e9781ddf156a1b2a86d2b385e94dc,100,1729,maximum_information_gain,2000.0,3000.0
kata1-b6c96-s5214720-d1690538-temp-0.5,40,861.325801099354,739.321394894903,983.3302073038049,859.747739648877,1.57806145047698,2,a5803f8a5d9d87202b43d709cb328cedaf18c446af448f705c33d553e8c2e9f7,5170ec511fb50cdf10d648416d508574d70e9781ddf156a1b2a86d2b385e94dc,100,1729,maximum_information_gain,2000.0,3000.0
kata1-b6c96-s5214720-d1690538-temp-0.5,42,863.4439094077228,744.8720569202068,982.0157618952388,859.747739648877,3.6961697588458264,2,a5803f8a5d9d87202b43d709cb328cedaf18c446af448f705c33d553e8c2e9f7,5170ec511fb50cdf10d648416d508574d70e9781ddf156a1b2a86d2b385e94dc,100,1729,maximum_information_gain,2000.0,3000.0
kata1-b6c96-s5214720-d1690538-temp-0.5,44,845.7445729939939,729.2521369345023,962.2370090534854,859.747739648877,-14.003166654883103,2,a5803f8a5d9d87202b43d709cb328cedaf18c446af448f705c33d553e8c2e9f7,5170ec511fb50cdf10d648416d508574d70e9781ddf156a1b2a86d2b385e94dc,100,1729,maximum_information_gain,2000.0,3000.0
kata1-b6c96-s5214720-d1690538-temp-0.5,46,848.5059215684252,735.0230375075846,961.9888056292657,859.747739648877,-11.241818080451822,2,a5803f8a5d9d87202b43d709cb328cedaf18c446af448f705c33d553e8c2e9f7,5170ec511fb50cdf10d648416d508574d70e9781ddf156a1b2a86d2b385e94dc,100,1729,maximum_information_gain,2000.0,3000.0
kata1-b6c96-s5214720-d1690538-temp-0.5,48,850.9984566671016,740.2849080388925,961.7120052953106,859.747739648877,-8.749282981775423,2,a5803f8a5d9d87202b43d709cb328cedaf18c446af448f705c33d553e8c2e9f7,5170ec511fb50cdf10d648416d508574d70e9781ddf156a1b2a86d2b385e94dc,100,1729,maximum_information_gain,2000.0,3000.0
kata1-b6c96-s5214720-d1690538-temp-0.5,50,836.1166601722744,727.0271703740675,945.2061499704812,859.747739648877,-23.631079476602622,2,a5803f8a5d9d87202b43d709cb328cedaf18c446af448f705c33d553e8c2e9f7,5170ec511fb50cdf10d648416d508574d70e9781ddf156a1b2a86d2b385e94dc,100,1729,maximum_information_gain,2000.0,3000.0
kata1-b6c96-s5214720-d1690538-temp-0.5,52,838.9673218905903,732.3517580476567,945.5828857335238,859.747739648877,-20.780417758286717,2,a5803f8a5d9d87202b43d709cb328cedaf18c446af448f705c33d553e8c2e9f7,5170ec511fb50cdf10d648416d508574d70e9781ddf156a1b2a86d2b385e94dc,100,1729,maximum_information_gain,2000.0,3000.0
kata1-b6c96-s5214720-d1690538-temp-0.5,54,841.5729116463858,737.2546708773666,945.891152415405,859.747739648877,-18.174828002491154,2,a5803f8a5d9d87202b43d709cb328cedaf18c446af448f705c33d553e8c2e9f7,5170ec511fb50cdf10d648416d508574d70e9781ddf156a1b2a86d2b385e94dc,100,1729,maximum_information_gain,2000.0,3000.0
kata1-b6c96-s5214720-d1690538-temp-0.5,56,843.964268463484,741.7871407406242,946.1413961863439,859.747739648877,-15.783471185392955,2,a5803f8a5d9d87202b43d709cb328cedaf18c446af448f705c33d553e8c2e9f7,5170ec511fb50cdf10d648416d508574d70e9781ddf156a1b2a86d2b385e94dc,100,1729,maximum_information_gain,2000.0,3000.0
kata1-b6c96-s5214720-d1690538-temp-0.5,58,831.5751460557494,730.6470932295302,932.5031988819686,859.747739648877,-28.172593593127544,2,a5803f8a5d9d87202b43d709cb328cedaf18c446af448f705c33d553e8c2e9f7,5170ec511fb50cdf10d648416d508574d70e9781ddf156a1b2a86d2b385e94dc,100,1729,maximum_information_gain,2000.0,3000.0
kata1-b6c96-s5214720-d1690538-temp-0.5,60,834.1431657577746,735.163481420594,933.1228500949551,859.747739648877,-25.604573891102405,2,a5803f8a5d9d87202b43d709cb328cedaf18c446af448f705c33d553e8c2e9f7,5170ec511fb50cdf10d648416d508574d70e9781ddf156a1b2a86d2b385e94dc,100,1729,maximum_information_gain,2000.0,3000.0
kata1-b6c96-s5214720-d1690538-temp-0.5,62,850.001450536264,753.4747723254517,946.5281287470763,859.747739648877,-9.746289112612999,2,a5803f8a5d9d87202b43d709cb328cedaf18c446af448f705c33d553e8c2e9f7,5170ec511fb50cdf10d648416d508574d70e9781ddf156a1b2a86d2b385e94dc,100,1729,maximum_information_gain,2000.0,3000.0
kata1-b6c96-s5214720-d1690538-temp-0.5,64,851.7574188800036,756.895439014732,946.6193987452751,859.747739648877,-7.990320768873403,2,a5803f8a5d9d87202b43d709cb328cedaf18c446af448f705c33d553e8c2e9f7,5170ec511fb50cdf10d648416d508574d70e9781ddf156a1b2a86d2b385e94dc,100,1729,maximum_information_gain,2000.0,3000.0
kata1-b6c96-s5214720-d1690538-temp-0.5,66,840.8590738198002,747.0444363085712,934.6737113310292,859.747739648877,-18.888665829076785,2,a5803f8a5d9d87202b43d709cb328cedaf18c446af448f705c33d553e8c2e9f7,5170ec511fb50cdf10d648416d508574d70e9781ddf156a1b2a86d2b385e94dc,100,1729,maximum_information_gain,2000.0,3000.0
kata1-b6c96-s5214720-d1690538-temp-0.5,68,854.8802511389164,763.0831069470303,946.6773953308025,859.747739648877,-4.8674885099605945,2,a5803f8a5d9d87202b43d709cb328cedaf18c446af448f705c33d553e8c2e9f7,5170ec511fb50cdf10d648416d508574d70e9781ddf156a1b2a86d2b385e94dc,100,1729,maximum_information_gain,2000.0,3000.0
kata1-b6c96-s5214720-d1690538-temp-0.5,70,867.8696489833499,777.8574965233495,957.8818014433502,859.747739648877,8.121909334472889,2,a5803f8a5d9d87202b43d709cb328cedaf18c446af448f705c33d553e8c2e9f7,5170ec511fb50cdf10d648416d508574d70e9781ddf156a1b2a86d2b385e94dc,100,1729,maximum_information_gain,2000.0,3000.0
kata1-b6c96-s5214720-d1690538-temp-0.5,72,874.4200461882818,785.8702674431865,962.9698249333771,859.747739648877,14.672306539404872,2,a5803f8a5d9d87202b43d709cb328cedaf18c446af448f705c33d553e8c2e9f7,5170ec511fb50cdf10d648416d508574d70e9781ddf156a1b2a86d2b385e94dc,100,1729,maximum_information_gain,2000.0,3000.0
kata1-b6c96-s5214720-d1690538-temp-0.5,74,864.322175552357,776.730713258889,951.913637845825,859.747739648877,4.57443590347998,2,a5803f8a5d9d87202b43d709cb328cedaf18c446af448f705c33d553e8c2e9f7,5170ec511fb50cdf10d648416d508574d70e9781ddf156a1b2a86d2b385e94dc,100,1729,maximum_information_gain,2000.0,3000.0
kata1-b6c96-s5214720-d1690538-temp-0.5,76,854.7313976615605,768.0212958133245,941.4414995097966,859.747739648877,-5.016341987316423,2,a5803f8a5d9d87202b43d709cb328cedaf18c446af448f705c33d553e8c2e9f7,5170ec511fb50cdf10d648416d508574d70e9781ddf156a1b2a86d2b385e94dc,100,1729,maximum_information_gain,2000.0,3000.0
kata1-b6c96-s5214720-d1690538-temp-0.5,78,845.6013049390727,759.7048271810844,931.4977826970611,859.747739648877,-14.146434709804225,2,a5803f8a5d9d87202b43d709cb328cedaf18c446af448f705c33d553e8c2e9f7,5170ec511fb50cdf10d648416d508574d70e9781ddf156a1b2a86d2b385e94dc,100,1729,maximum_information_gain,2000.0,3000.0
kata1-b6c96-s5214720-d1690538-temp-0.5,80,847.1055358309927,762.3572931569785,931.853778505007,859.747739648877,-12.642203817884251,2,a5803f8a5d9d87202b43d709cb328cedaf18c446af448f705c33d553e8c2e9f7,5170ec511fb50cdf10d648416d508574d70e9781ddf156a1b2a86d2b385e94dc,100,1729,maximum_information_gain,2000.0,3000.0
kata1-b6c96-s5214720-d1690538-temp-0.5,82,838.5993739038175,754.5801728216414,922.6185749859936,859.747739648877,-21.148365745059436,2,a5803f8a5d9d87202b43d709cb328cedaf18c446af448f705c33d553e8c2e9f7,5170ec511fb50cdf10d648416d508574d70e9781ddf156a1b2a86d2b385e94dc,100,1729,maximum_information_gain,2000.0,3000.0
kata1-b6c96-s5214720-d1690538-temp-0.5,84,840.2176022145209,757.2728864682404,923.1623179608014,859.747739648877,-19.530137434356106,2,a5803f8a5d9d87202b43d709cb328cedaf18c446af448f705c33d553e8c2e9f7,5170ec511fb50cdf10d648416d508574d70e9781ddf156a1b2a86d2b385e94dc,100,1729,maximum_information_gain,2000.0,3000.0
kata1-b6c96-s5214720-d1690538-temp-0.5,86,841.7531820298879,759.8373358816791,923.6690281780966,859.747739648877,-17.99455761898912,2,a5803f8a5d9d87202b43d709cb328cedaf18c446af448f705c33d553e8c2e9f7,5170ec511fb50cdf10d648416d508574d70e9781ddf156a1b2a86d2b385e94dc,100,1729,maximum_information_gain,2000.0,3000.0
kata1-b6c96-s5214720-d1690538-temp-0.5,88,843.1672901466532,762.2399671403474,924.0946131529589,859.747739648877,-16.580449502223814,2,a5803f8a5d9d87202b43d709cb328cedaf18c446af448f705c33d553e8c2e9f7,5170ec511fb50cdf10d648416d508574d70e9781ddf156a1b2a86d2b385e94dc,100,1729,maximum_information_gain,2000.0,3000.0
kata1-b6c96-s5214720-d1690538-temp-0.5,90,835.5402544262921,755.2321276580728,915.8483811945114,859.747739648877,-24.207485222584864,2,a5803f8a5d9d87202b43d709cb328cedaf18c446af448f705c33d553e8c2e9f7,5170ec511fb50cdf10d648416d508574d70e9781ddf156a1b2a86d2b385e94dc,100,1729,maximum_information_gain,2000.0,3000.0
kata1-b6c96-s5214720-d1690538-temp-0.5,92,837.0852177631248,757.7060353260622,916.4644002001874,859.747739648877,-22.6625218857522,2,a5803f8a5d9d87202b43d709cb328cedaf18c446af448f705c33d553e8c2e9f7,5170ec511fb50cdf10d648416d508574d70e9781ddf156a1b2a86d2b385e94dc,100,1729,maximum_information_gain,2000.0,3000.0
kata1-b6c96-s5214720-d1690538-temp-0.5,94,838.5132438024813,760.0288971431876,916.997590461775,859.747739648877,-21.234495846395703,2,a5803f8a5d9d87202b43d709cb328cedaf18c446af448f705c33d553e8c2e9f7,5170ec511fb50cdf10d648416d508574d70e9781ddf156a1b2a86d2b385e94dc,100,1729,maximum_information_gain,2000.0,3000.0
kata1-b6c96-s5214720-d1690538-temp-0.5,96,848.255810570596,770.9071487933726,925.6044723478195,859.747739648877,-11.491929078280918,2,a5803f8a5d9d87202b43d709cb328cedaf18c446af448f705c33d553e8c2e9f7,5170ec511fb50cdf10d648416d508574d70e9781ddf156a1b2a86d2b385e94dc,100,1729,maximum_information_gain,2000.0,3000.0
kata1-b6c96-s5214720-d1690538-temp-0.5,98,857.494936787662,781.1878926051345,933.8019809701896,859.747739648877,-2.2528028612149456,2,a5803f8a5d9d87202b43d709cb328cedaf18c446af448f705c33d553e8c2e9f7,5170ec511fb50cdf10d648416d508574d70e9781ddf156a1b2a86d2b385e94dc,100,1729,maximum_information_gain,2000.0,3000.0
kata1-b6c96-s5214720-d1690538-temp-0.5,100,850.4659914360917,774.7150187244886,926.2169641476949,859.747739648877,-9.28174821278526,2,a5803f8a5d9d87202b43d709cb328cedaf18c446af448f705c33d553e8c2e9f7,5170ec511fb50cdf10d648416d508574d70e9781ddf156a1b2a86d2b385e94dc,100,1729,maximum_information_gain,2000.0,3000.0
kata1-b6c96-s8080640-d1961030-temp-0.7,2,1154.4686339615703,-1282.1647683017293,3591.10203622487,997.4564556464111,157.0121783151592,2,a5803f8a5d9d87202b43d709cb328cedaf18c446af448f705c33d553e8c2e9f7,5170ec511fb50cdf10d648416d508574d70e9781ddf156a1b2a86d2b385e94dc,100,1729,maximum_information_gain,2000.0,3000.0
kata1-b6c96-s8080640-d1961030-temp-0.7,4,1146.8193055627783,662.974242761884,1630.6643683636726,997.4564556464111,149.36284991636717,2,a5803f8a5d9d87202b43d709cb328cedaf18c446af448f705c33d553e8c2e9f7,5170ec511fb50cdf10d648416d508574d70e9781ddf156a1b2a86d2b385e94dc,100,1729,maximum_information_gain,2000.0,3000.0
kata1-b6c96-s8080640-d1961030-temp-0.7,6,1146.6483143109947,800.8238401422675,1492.4727884797219,997.4564556464111,149.1918586645836,2,a5803f8a5d9d87202b43d709cb328cedaf18c446af448f705c33d553e8c2e9f7,5170ec511fb50cdf10d648416d508574d70e9781ddf156a1b2a86d2b385e94dc,100,1729,maximum_information_gain,2000.0,3000.0
kata1-b6c96-s8080640-d1961030-temp-0.7,8,1021.7967430242458,721.2617775360086,1322.331708512483,997.4564556464111,24.34028737783467,2,a5803f8a5d9d87202b43d709cb328cedaf18c446af448f705c33d553e8c2e9f7,5170ec511fb50cdf10d648416d508574d70e9781ddf156a1b2a86d2b385e94dc,100,1729,maximum_information_gain,2000.0,3000.0
kata1-b6c96-s8080640-d1961030-temp-0.7,10,1128.6206571539585,881.3939966099715,1375.8473176979455,997.4564556464111,131.16420150754743,2,a5803f8a5d9d87202b43d709cb328cedaf18c446af448f705c33d553e8c2e9f7,5170ec511fb50cdf10d648416d508574d70e9781ddf156a1b2a86d2b385e94dc,100,1729,maximum_information_gain,2000.0,3000.0
kata1-b6c96-s8080640-d1961030-temp-0.7,12,1125.8445218789332,904.4865447558143,1347.202499002052,997.4564556464111,128.38806623252208,2,a5803f8a5d9d87202b43d709cb328cedaf18c446af448f705c33d553e8c2e9f7,5170ec511fb50cdf10d648416d508574d70e9781ddf156a1b2a86d2b385e94dc,100,1729,maximum_information_gain,2000.0,3000.0
kata1-b6c96-s8080640-d1961030-temp-0.7,14,1123.99959963776,921.720376743687,1326.278822531833,997.4564556464111,126.54314399134887,2,a5803f8a5d9d87202b43d709cb328cedaf18c446af448f705c33d553e8c2e9f7,5170ec511fb50cdf10d648416d508574d70e9781ddf156a1b2a86d2b385e94dc,100,1729,maximum_information_gain,2000.0,3000.0
kata1-b6c96-s8080640-d1961030-temp-0.7,16,1122.6502917395937,935.1866809070124,1310.113902572175,997.4564556464111,125.19383609318265,2,a5803f8a5d9d87202b43d709cb328cedaf18c446af448f705c33d553e8c2e9f7,5170ec511fb50cdf10d648416d508574d70e9781ddf156a1b2a86d2b385e94dc,100,1729,maximum_information_gain,2000.0,3000.0
kata1-b6c96-s8080640-d1961030-temp-0.7,18,1121.6694959077945,946.1304245320038,1297.2085672835851,997.4564556464111,124.21304026138341,2,a5803f8a5d9d87202b43d709cb328cedaf18c446af448f705c33d553e8c2e9f7,5170ec511fb50cdf10d648416d508574d70e9781ddf156a1b2a86d2b385e94dc,100,1729,maximum_information_gain,2000.0,3000.0
kata1-b6c96-s8080640-d1961030-temp-0.7,20,1080.2522490447864,913.5038138864343,1247.0006842031385,997.4564556464111,82.79579339837528,2,a5803f8a5d9d87202b43d709cb328cedaf18c446af448f705c33d553e8c2e9f7,5170ec511fb50cdf10d648416d508574d70e9781ddf156a1b2a86d2b385e94dc,100,1729,maximum_information_gain,2000.0,3000.0
kata1-b6c96-s8080640-d1961030-temp-0.7,22,1042.0041197886196,881.4025610929481,1202.6056784842913,997.4564556464111,44.54766414220853,2,a5803f8a5d9d87202b43d709cb328cedaf18c446af448f705c33d553e8c2e9f7,5170ec511fb50cdf10d648416d508574d70e9781ddf156a1b2a86d2b385e94dc,100,1729,maximum_information_gain,2000.0,3000.0
kata1-b6c96-s8080640-d1961030-temp-0.7,24,1044.9344486759016,892.1329298464291,1197.7359675053742,997.4564556464111,47.47799302949056,2,a5803f8a5d9d87202b43d709cb328cedaf18c446af448f705c33d553e8c2e9f7,5170ec511fb50cdf10d648416d508574d70e9781ddf156a1b2a86d2b385e94dc,100,1729,maximum_information_gain,2000.0,3000.0
kata1-b6c96-s8080640-d1961030-temp-0.7,26,1015.4104224857566,866.7949207428692,1164.025924228644,997.4564556464111,17.953966839345526,2,a5803f8a5d9d87202b43d709cb328cedaf18c446af448f705c33d553e8c2e9f7,5170ec511fb50cdf10d648416d508574d70e9781ddf156a1b2a86d2b385e94dc,100,1729,maximum_information_gain,2000.0,3000.0
kata1-b6c96-s8080640-d1961030-temp-0.7,28,989.7058208431779,844.4142845276141,1134.9973571587416,997.4564556464111,-7.750634803233197,2,a5803f8a5d9d87202b43d709cb328cedaf18c446af448f705c33d553e8c2e9f7,5170ec511fb50cdf10d648416d508574d70e9781ddf156a1b2a86d2b385e94dc,100,1729,maximum_information_gain,2000.0,3000.0
kata1-b6c96-s8080640-d1961030-temp-0.7,30,1013.416629910883,875.7246937514968,1151.1085660702693,997.4564556464111,15.960174264471902,2,a5803f8a5d9d87202b43d709cb328cedaf18c446af448f705c33d553e8c2e9f7,5170ec511fb50cdf10d648416d508574d70e9781ddf156a1b2a86d2b385e94dc,100,1729,maximum_information_gain,2000.0,3000.0
kata1-b6c96-s8080640-d1961030-temp-0.7,32,1017.6343692785847,884.954400591922,1150.3143379652474,997.4564556464111,20.177913632173613,2,a5803f8a5d9d87202b43d709cb328cedaf18c446af448f705c33d553e8c2e9f7,5170ec511fb50cdf10d648416d508574d70e9781ddf156a1b2a86d2b385e94dc,100,1729,maximum_information_gain,2000.0,3000.0
kata1-b6c96-s8080640-d1961030-temp-0.7,34,996.9261944805271,866.9568783051166,1126.8955106559376,997.4564556464111,-0.5302611658839851,2,a5803f8a5d9d87202b43d709cb328cedaf18c446af448f705c33d553e8c2e9f7,5170ec511fb50cdf10d648416d508574d70e9781ddf156a1b2a86d2b385e94dc,100,1729,maximum_information_gain,2000.0,3000.0
kata1-b6c96-s8080640-d1961030-temp-0.7,36,1015.7618724283012,890.9555694843334,1140.568175372269,997.4564556464111,18.30541678189013,2,a5803f8a5d9d87202b43d709cb328cedaf18c446af448f705c33d553e8c2e9f7,5170ec511fb50cdf10d648416d508574d70e9781ddf156a1b2a86d2b385e94dc,100,1729,maximum_information_gain,2000.0,3000.0
kata1-b6c96-s8080640-d1961030-temp-0.7,38,997.5302080278519,875.1171512790487,1119.9432647766553,997.4564556464111,0.07375238144084051,2,a5803f8a5d9d87202b43d709cb328cedaf18c446af448f705c33d553e8c2e9f7,5170ec511fb50cdf10d648416d508574d70e9781ddf156a1b2a86d2b385e94dc,100,1729,maximum_information_gain,2000.0,3000.0
kata1-b6c96-s8080640-d1961030-temp-0.7,40,993.6296567874748,874.2917958737573,1112.9675177011923,997.4564556464111,-3.826798858936286,2,a5803f8a5d9d87202b43d709cb328cedaf18c446af448f705c33d553e8c2e9f7,5170ec511fb50cdf10d648416d508574d70e9781ddf156a1b2a86d2b385e94dc,100,1729,maximum_information_gain,2000.0,3000.0
kata1-b6c96-s8080640-d1961030-temp-0.7,42,1009.7870776733309,894.3185931003404,1125.2555622463215,997.4564556464111,12.330622026919855,2,a5803f8a5d9d87202b43d709cb328cedaf18c446af448f705c33d553e8c2e9f7,5170ec511fb50cdf10d648416d508574d70e9781ddf156a1b2a86d2b385e94dc,100,1729,maximum_information_gain,2000.0,3000.0
kata1-b6c96-s8080640-d1961030-temp-0.7,44,1031.2219461637344,919.2856053856451,1143.1582869418237,997.4564556464111,33.765490517323315,2,a5803f8a5d9d87202b43d709cb328cedaf18c446af448f705c33d553e8c2e9f7,5170ec511fb50cdf10d648416d508574d70e9781ddf156a1b2a86d2b385e94dc,100,1729,maximum_information_gain,2000.0,3000.0
kata1-b6c96-s8080640-d1961030-temp-0.7,46,1050.4186454268374,941.4423134831793,1159.3949773704956,997.4564556464111,52.96218978042634,2,a5803f8a5d9d87202b43d709cb328cedaf18c446af448f705c33d553e8c2e9f7,5170ec511fb50cdf10d648416d508574d70e9781ddf156a1b2a86d2b385e94dc,100,1729,maximum_information_gain,2000.0,3000.0
kata1-b6c96-s8080640-d1961030-temp-0.7,48,1035.027324334878,928.1151236778355,1141.9395249919203,997.4564556464111,37.57086868846682,2,a5803f8a5d9d87202b43d709cb328cedaf18c446af448f705c33d553e8c2e9f7,5170ec511fb50cdf10d648416d508574d70e9781ddf156a1b2a86d2b385e94dc,100,1729,maximum_information_gain,2000.0,3000.0
kata1-b6c96-s8080640-d1961030-temp-0.7,50,1044.554765400479,940.0604377855617,1149.0490930153965,997.4564556464111,47.09830975406794,2,a5803f8a5d9d87202b43d709cb328cedaf18c446af448f705c33d553e8c2e9f7,5170ec511fb50cdf10d648416d508574d70e9781ddf156a1b2a86d2b385e94dc,100,1729,maximum_information_gain,2000.0,3000.0
kata1-b6c96-s8080640-d1961030-temp-0.7,52,1045.7606984832705,943.3573632007233,1148.1640337658177,997.4564556464111,48.30424283685943,2,a5803f8a5d9d87202b43d709cb328cedaf18c446af448f705c33d553e8c2e9f7,5170ec511fb50cdf10d648416d508574d70e9781ddf156a1b2a86d2b385e94dc,100,1729,maximum_information_gain,2000.0,3000.0
kata1-b6c96-s8080640-d1961030-temp-0.7,54,1032.3642285804017,931.6211936939413,1133.1072634668622,997.4564556464111,34.9077729339906,2,a5803f8a5d9d87202b43d709cb328cedaf18c446af448f705c33d553e8c2e9f7,5170ec511fb50cdf10d648416d508574d70e9781ddf156a1b2a86d2b385e94dc,100,1729,maximum_information_gain,2000.0,3000.0
kata1-b6c96-s8080640-d1961030-temp-0.7,56,1033.951972140107,935.0806816028656,1132.8232626773483,997.4564556464111,36.49551649369596,2,a5803f8a5d9d87202b43d709cb328cedaf18c446af448f705c33d553e8c2e9f7,5170ec511fb50cdf10d648416d508574d70e9781ddf156a1b2a86d2b385e94dc,100,1729,maximum_information_gain,2000.0,3000.0
kata1-b6c96-s8080640-d1961030-temp-0.7,58,1035.3849761743916,938.2784962022345,1132.4914561465487,997.4564556464111,37.92852052798048,2,a5803f8a5d9d87202b43d709cb328cedaf18c446af448f705c33d553e8c2e9f7,5170ec511fb50cdf10d648416d508574d70e9781ddf156a1b2a86d2b385e94dc,100,1729,maximum_information_gain,2000.0,3000.0
kata1-b6c96-s8080640-d1961030-temp-0.7,60,1036.751860165527,941.3090584326745,1132.1946618983795,997.4564556464111,39.29540451911589,2,a5803f8a5d9d87202b43d709cb328cedaf18c446af448f705c33d553e8c2e9f7,5170ec511fb50cdf10d648416d508574d70e9781ddf156a1b2a86d2b385e94dc,100,1729,maximum_information_gain,2000.0,3000.0
kata1-b6c96-s8080640-d1961030-temp-0.7,62,1031.7489245406612,937.7390520740076,1125.7587970073146,997.4564556464111,34.29246889425008,2,a5803f8a5d9d87202b43d709cb328cedaf18c446af448f705c33d553e8c2e9f7,5170ec511fb50cdf10d648416d508574d70e9781ddf156a1b2a86d2b385e94dc,100,1729,maximum_information_gain,2000.0,3000.0
kata1-b6c96-s8080640-d1961030-temp-0.7,64,1033.1118486781809,940.6065068504402,1125.6171905059216,997.4564556464111,35.65539303176979,2,a5803f8a5d9d87202b43d709cb328cedaf18c446af448f705c33d553e8c2e9f7,5170ec511fb50cdf10d648416d508574d70e9781ddf156a1b2a86d2b385e94dc,100,1729,maximum_information_gain,2000.0,3000.0
kata1-b6c96-s8080640-d1961030-temp-0.7,66,1046.1041079292029,955.2455485678526,1136.962667290553,997.4564556464111,48.647652282791796,2,a5803f8a5d9d87202b43d709cb328cedaf18c446af448f705c33d553e8c2e9f7,5170ec511fb50cdf10d648416d508574d70e9781ddf156a1b2a86d2b385e94dc,100,1729,maximum_information_gain,2000.0,3000.0
kata1-b6c96-s8080640-d1961030-temp-0.7,68,1046.9655116807087,957.4460191916654,1136.4850041697518,997.4564556464111,49.5090560342976,2,a5803f8a5d9d87202b43d709cb328cedaf18c446af448f705c33d553e8c2e9f7,5170ec511fb50cdf10d648416d508574d70e9781ddf156a1b2a86d2b385e94dc,100,1729,maximum_information_gain,2000.0,3000.0
kata1-b6c96-s8080640-d1961030-temp-0.7,70,1058.6978758744497,970.5761221087685,1146.8196296401309,997.4564556464111,61.24142022803858,2,a5803f8a5d9d87202b43d709cb328cedaf18c446af448f705c33d553e8c2e9f7,5170ec511fb50cdf10d648416d508574d70e9781ddf156a1b2a86d2b385e94dc,100,1729,maximum_information_gain,2000.0,3000.0
kata1-b6c96-s8080640-d1961030-temp-0.7,72,1049.5791367026138,962.5711568355049,1136.5871165697226,997.4564556464111,52.12268105620274,2,a5803f8a5d9d87202b43d709cb328cedaf18c446af448f705c33d553e8c2e9f7,5170ec511fb50cdf10d648416d508574d70e9781ddf156a1b2a86d2b385e94dc,100,1729,maximum_information_gain,2000.0,3000.0
kata1-b6c96-s8080640-d1961030-temp-0.7,74,1050.2629374324333,964.4193854340448,1136.1064894308217,997.4564556464111,52.80648178602223,2,a5803f8a5d9d87202b43d709cb328cedaf18c446af448f705c33d553e8c2e9f7,5170ec511fb50cdf10d648416d508574d70e9781ddf156a1b2a86d2b385e94dc,100,1729,maximum_information_gain,2000.0,3000.0
kata1-b6c96-s8080640-d1961030-temp-0.7,76,1041.852098997515,956.9854615437422,1126.718736451288,997.4564556464111,44.3956433511039,2,a5803f8a5d9d87202b43d709cb328cedaf18c446af448f705c33d553e8c2e9f7,5170ec511fb50cdf10d648416d508574d70e9781ddf156a1b2a86d2b385e94dc,100,1729,maximum_information_gain,2000.0,3000.0
kata1-b6c96-s8080640-d1961030-temp-0.7,78,1032.8436964693321,948.8606101353608,1116.8267828033033,997.4564556464111,35.38724082292106,2,a5803f8a5d9d87202b43d709cb328cedaf18c446af448f705c33d553e8c2e9f7,5170ec511fb50cdf10d648416d508574d70e9781ddf156a1b2a86d2b385e94dc,100,1729,maximum_information_gain,2000.0,3000.0
kata1-b6c96-s8080640-d1961030-temp-0.7,80,1029.0966397050747,946.0496949751669,1112.1435844349826,997.4564556464111,31.640184058663635,2,a5803f8a5d9d87202b43d709cb328cedaf18c446af448f705c33d553e8c2e9f7,5170ec511fb50cdf10d648416d508574d70e9781ddf156a1b2a86d2b385e94dc,100,1729,maximum_information_gain,2000.0,3000.0
kata1-b6c96-s8080640-d1961030-temp-0.7,82,1030.2396606858008,948.2024899196833,1112.2768314519183,997.4564556464111,32.78320503938971,2,a5803f8a5d9d87202b43d709cb328cedaf18c446af448f705c33d553e8c2e9f7,5170ec511fb50cdf10d648416d508574d70e9781ddf156a1b2a86d2b385e94dc,100,1729,maximum_information_gain,2000.0,3000.0
kata1-b6c96-s8080640-d1961030-temp-0.7,84,1040.4222410260943,959.5380407219332,1121.3064413302554,997.4564556464111,42.96578537968321,2,a5803f8a5d9d87202b43d709cb328cedaf18c446af448f705c33d553e8c2e9f7,5170ec511fb50cdf10d648416d508574d70e9781ddf156a1b2a86d2b385e94dc,100,1729,maximum_information_gain,2000.0,3000.0
kata1-b6c96-s8080640-d1961030-temp-0.7,86,1041.1911955580256,961.2291355587356,1121.1532555573156,997.4564556464111,43.7347399116145,2,a5803f8a5d9d87202b43d709cb328cedaf18c446af448f705c33d553e8c2e9f7,5170ec511fb50cdf10d648416d508574d70e9781ddf156a1b2a86d2b385e94dc,100,1729,maximum_information_gain,2000.0,3000.0
kata1-b6c96-s8080640-d1961030-temp-0.7,88,1034.1375531848003,954.917136237746,1113.3579701318545,997.4564556464111,36.68109753838917,2,a5803f8a5d9d87202b43d709cb328cedaf18c446af448f705c33d553e8c2e9f7,5170ec511fb50cdf10d648416d508574d70e9781ddf156a1b2a86d2b385e94dc,100,1729,maximum_information_gain,2000.0,3000.0
kata1-b6c96-s8080640-d1961030-temp-0.7,90,1035.0133139722204,956.6575494988882,1113.3690784455528,997.4564556464111,37.556858325809344,2,a5803f8a5d9d87202b43d709cb328cedaf18c446af448f705c33d553e8c2e9f7,5170ec511fb50cdf10d648416d508574d70e9781ddf156a1b2a86d2b385e94dc,100,1729,maximum_information_gain,2000.0,3000.0
kata1-b6c96-s8080640-d1961030-temp-0.7,92,1035.8858342907008,958.3614846480061,1113.4101839333955,997.4564556464111,38.42937864428973,2,a5803f8a5d9d87202b43d709cb328cedaf18c446af448f705c33d553e8c2e9f7,5170ec511fb50cdf10d648416d508574d70e9781ddf156a1b2a86d2b385e94dc,100,1729,maximum_information_gain,2000.0,3000.0
kata1-b6c96-s8080640-d1961030-temp-0.7,94,1036.7197057115864,959.9971719477296,1113.442239475443,997.4564556464111,39.26325006517527,2,a5803f8a5d9d87202b43d709cb328cedaf18c446af448f705c33d553e8c2e9f7,5170ec511fb50cdf10d648416d508574d70e9781ddf156a1b2a86d2b385e94dc,100,1729,maximum_information_gain,2000.0,3000.0
kata1-b6c96-s8080640-d1961030-temp-0.7,96,1046.4733674497916,970.675145263831,1122.2715896357522,997.4564556464111,49.01691180338048,2,a5803f8a5d9d87202b43d709cb328cedaf18c446af448f705c33d553e8c2e9f7,5170ec511fb50cdf10d648416d508574d70e9781ddf156a1b2a86d2b385e94dc,100,1729,maximum_information_gain,2000.0,3000.0
kata1-b6c96-s8080640-d1961030-temp-0.7,98,1040.0626917533425,964.9000655726071,1115.2253179340778,997.4564556464111,42.60623610693142,2,a5803f8a5d9d87202b43d709cb328cedaf18c446af448f705c33d553e8c2e9f7,5170ec511fb50cdf10d648416d508574d70e9781ddf156a1b2a86d2b385e94dc,100,1729,maximum_information_gain,2000.0,3000.0
kata1-b6c96-s8080640-d1961030-temp-0.7,100,1033.8988014259655,959.3311395143902,1108.4664633375407,997.4564556464111,36.442345779554444,2,a5803f8a5d9d87202b43d709cb328cedaf18c446af448f705c33d553e8c2e9f7,5170ec511fb50cdf10d648416d508574d70e9781ddf156a1b2a86d2b385e94dc,100,1729,maximum_information_gain,2000.0,3000.0
kata1-b6c96-s4136960-d1510003,2,1152.7974656342496,-1281.8293236752222,3587.4242549437213,1103.3176616901274,49.479803944122295,2,a5803f8a5d9d87202b43d709cb328cedaf18c446af448f705c33d553e8c2e9f7,5170ec511fb50cdf10d648416d508574d70e9781ddf156a1b2a86d2b385e94dc,100,1729,maximum_information_gain,2000.0,3000.0
kata1-b6c96-s4136960-d1510003,4,1582.647066054958,974.7194306433557,2190.5747014665603,1103.3176616901274,479.3294043648307,2,a5803f8a5d9d87202b43d709cb328cedaf18c446af448f705c33d553e8c2e9f7,5170ec511fb50cdf10d648416d508574d70e9781ddf156a1b2a86d2b385e94dc,100,1729,maximum_information_gain,2000.0,3000.0
kata1-b6c96-s4136960-d1510003,6,1353.7749385752284,964.1859983097057,1743.363878840751,1103.3176616901274,250.457276885101,2,a5803f8a5d9d87202b43d709cb328cedaf18c446af448f705c33d553e8c2e9f7,5170ec511fb50cdf10d648416d508574d70e9781ddf156a1b2a86d2b385e94dc,100,1729,maximum_information_gain,2000.0,3000.0
kata1-b6c96-s4136960-d1510003,8,1351.8756169653973,1046.3649302219021,1657.3863037088925,1103.3176616901274,248.55795527526993,2,a5803f8a5d9d87202b43d709cb328cedaf18c446af448f705c33d553e8c2e9f7,5170ec511fb50cdf10d648416d508574d70e9781ddf156a1b2a86d2b385e94dc,100,1729,maximum_information_gain,2000.0,3000.0
kata1-b6c96-s4136960-d1510003,10,1351.0417122930728,1091.2949256539807,1610.7884989321649,1103.3176616901274,247.72405060294545,2,a5803f8a5d9d87202b43d709cb328cedaf18c446af448f705c33d553e8c2e9f7,5170ec511fb50cdf10d648416d508574d70e9781ddf156a1b2a86d2b385e94dc,100,1729,maximum_information_gain,2000.0,3000.0
kata1-b6c96-s4136960-d1510003,12,1270.7486338076324,1035.6387248424344,1505.8585427728303,1103.3176616901274,167.430972117505,2,a5803f8a5d9d87202b43d709cb328cedaf18c446af448f705c33d553e8c2e9f7,5170ec511fb50cdf10d648416d508574d70e9781ddf156a1b2a86d2b385e94dc,100,1729,maximum_information_gain,2000.0,3000.0
kata1-b6c96-s4136960-d1510003,14,1194.3113959975583,972.5046086805909,1416.1181833145256,1103.3176616901274,90.99373430743094,2,a5803f8a5d9d87202b43d709cb328cedaf18c446af448f705c33d553e8c2e9f7,5170ec511fb50cdf10d648416d508574d70e9781ddf156a1b2a86d2b385e94dc,100,1729,maximum_information_gain,2000.0,3000.0
kata1-b6c96-s4136960-d1510003,16,1137.215237455405,924.5786285645003,1349.8518463463097,1103.3176616901274,33.89757576527768,2,a5803f8a5d9d87202b43d709cb328cedaf18c446af448f705c33d553e8c2e9f7,5170ec511fb50cdf10d648416d508574d70e9781ddf156a1b2a86d2b385e94dc,100,1729,maximum_information_gain,2000.0,3000.0
kata1-b6c96-s4136960-d1510003,18,1135.663441055099,939.8799274497159,1331.4469546604819,1103.3176616901274,32.34577936497158,2,a5803f8a5d9d87202b43d709cb328cedaf18c446af448f705c33d553e8c2e9f7,5170ec511fb50cdf10d648416d508574d70e9781ddf156a1b2a86d2b385e94dc,100,1729,maximum_information_gain,2000.0,3000.0
kata1-b6c96-s4136960-d1510003,20,1109.3712717374497,923.3325791905258,1295.4099642843735,1103.3176616901274,6.053610047322309,2,a5803f8a5d9d87202b43d709cb328cedaf18c446af448f705c33d553e8c2e9f7,5170ec511fb50cdf10d648416d508574d70e9781ddf156a1b2a86d2b385e94dc,100,1729,maximum_information_gain,2000.0,3000.0
kata1-b6c96-s4136960-d1510003,22,1111.6003190006772,937.5294442707375,1285.671193730617,1103.3176616901274,8.282657310549894,2,a5803f8a5d9d87202b43d709cb328cedaf18c446af448f705c33d553e8c2e9f7,5170ec511fb50cdf10d648416d508574d70e9781ddf156a1b2a86d2b385e94dc,100,1729,maximum_information_gain,2000.0,3000.0
kata1-b6c96-s4136960-d1510003,24,1113.303266938054,949.0673750558908,1277.5391588202174,1103.3176616901274,9.985605247926742,2,a5803f8a5d9d87202b43d709cb328cedaf18c446af448f705c33d553e8c2e9f7,5170ec511fb50cdf10d648416d508574d70e9781ddf156a1b2a86d2b385e94dc,100,1729,maximum_information_gain,2000.0,3000.0
kata1-b6c96-s4136960-d1510003,26,1077.9125846550055,917.8077114516644,1238.0174578583465,1103.3176616901274,-25.40507703512185,2,a5803f8a5d9d87202b43d709cb328cedaf18c446af448f705c33d553e8c2e9f7,5170ec511fb50cdf10d648416d508574d70e9781ddf156a1b2a86d2b385e94dc,100,1729,maximum_information_gain,2000.0,3000.0
kata1-b6c96-s4136960-d1510003,28,1075.5076719092935,922.7094937348738,1228.3058500837133,1103.3176616901274,-27.809989780833803,2,a5803f8a5d9d87202b43d709cb328cedaf18c446af448f705c33d553e8c2e9f7,5170ec511fb50cdf10d648416d508574d70e9781ddf156a1b2a86d2b385e94dc,100,1729,maximum_information_gain,2000.0,3000.0
kata1-b6c96-s4136960-d1510003,30,1073.5091841818105,927.1213491196274,1219.8970192439936,1103.3176616901274,-29.808477508316855,2,a5803f8a5d9d87202b43d709cb328cedaf18c446af448f705c33d553e8c2e9f7,5170ec511fb50cdf10d648416d508574d70e9781ddf156a1b2a86d2b385e94dc,100,1729,maximum_information_gain,2000.0,3000.0
kata1-b6c96-s4136960-d1510003,32,1071.859842769924,931.1436194722942,1212.5760660675537,1103.3176616901274,-31.457818920203408,2,a5803f8a5d9d87202b43d709cb328cedaf18c446af448f705c33d553e8c2e9f7,5170ec511fb50cdf10d648416d508574d70e9781ddf156a1b2a86d2b385e94dc,100,1729,maximum_information_gain,2000.0,3000.0
kata1-b6c96-s4136960-d1510003,34,1042.9313453962561,904.8658907822223,1180.99680001029,1103.3176616901274,-60.38631629387123,2,a5803f8a5d9d87202b43d709cb328cedaf18c446af448f705c33d553e8c2e9f7,5170ec511fb50cdf10d648416d508574d70e9781ddf156a1b2a86d2b385e94dc,100,1729,maximum_information_gain,2000.0,3000.0
kata1-b6c96-s4136960-d1510003,36,1043.6514438129343,910.5333748445206,1176.769512781348,1103.3176616901274,-59.66621787719305,2,a5803f8a5d9d87202b43d709cb328cedaf18c446af448f705c33d553e8c2e9f7,5170ec511fb50cdf10d648416d508574d70e9781ddf156a1b2a86d2b385e94dc,100,1729,maximum_information_gain,2000.0,3000.0
kata1-b6c96-s4136960-d1510003,38,1019.5970228320854,888.694221873704,1150.4998237904667,1103.3176616901274,-83.72063885804198,2,a5803f8a5d9d87202b43d709cb328cedaf18c446af448f705c33d553e8c2e9f7,5170ec511fb50cdf10d648416d508574d70e9781ddf156a1b2a86d2b385e94dc,100,1729,maximum_information_gain,2000.0,3000.0
kata1-b6c96-s4136960-d1510003,40,993.5074479661752,864.2165712625931,1122.7983246697572,1103.3176616901274,-109.81021372395219,2,a5803f8a5d9d87202b43d709cb328cedaf18c446af448f705c33d553e8c2e9f7,5170ec511fb50cdf10d648416d508574d70e9781ddf156a1b2a86d2b385e94dc,100,1729,maximum_information_gain,2000.0,3000.0
kata1-b6c96-s4136960-d1510003,42,1015.9135681953778,892.6662236234492,1139.1609127673064,1103.3176616901274,-87.40409349474953,2,a5803f8a5d9d87202b43d709cb328cedaf18c446af448f705c33d553e8c2e9f7,5170ec511fb50cdf10d648416d508574d70e9781ddf156a1b2a86d2b385e94dc,100,1729,maximum_information_gain,2000.0,3000.0
kata1-b6c96-s4136960-d1510003,44,1014.4040088856128,894.5197632468031,1134.2882545244227,1103.3176616901274,-88.91365280451453,2,a5803f8a5d9d87202b43d709cb328cedaf18c446af448f705c33d553e8c2e9f7,5170ec511fb50cdf10d648416d508574d70e9781ddf156a1b2a86d2b385e94dc,100,1729,maximum_information_gain,2000.0,3000.0
kata1-b6c96-s4136960-d1510003,46,1013.0587650891929,896.2775548418613,1129.8399753365245,1103.3176616901274,-90.25889660093446,2,a5803f8a5d9d87202b43d709cb328cedaf18c446af448f705c33d553e8c2e9f7,5170ec511fb50cdf10d648416d508574d70e9781ddf156a1b2a86d2b385e94dc,100,1729,maximum_information_gain,2000.0,3000.0
kata1-b6c96-s4136960-d1510003,48,992.6906679393459,877.4551458485181,1107.9261900301735,1103.3176616901274,-110.62699375078148,2,a5803f8a5d9d87202b43d709cb328cedaf18c446af448f705c33d553e8c2e9f7,5170ec511fb50cdf10d648416d508574d70e9781ddf156a1b2a86d2b385e94dc,100,1729,maximum_information_gain,2000.0,3000.0
kata1-b6c96-s4136960-d1510003,50,1010.7264401222233,899.4888564334079,1121.9640238110387,1103.3176616901274,-92.59122156790409,2,a5803f8a5d9d87202b43d709cb328cedaf18c446af448f705c33d553e8c2e9f7,5170ec511fb50cdf10d648416d508574d70e9781ddf156a1b2a86d2b385e94dc,100,1729,maximum_information_gain,2000.0,3000.0
kata1-b6c96-s4136960-d1510003,52,1009.7429425774881,900.991348210746,1118.4945369442303,1103.3176616901274,-93.57471911263929,2,a5803f8a5d9d87202b43d709cb328cedaf18c446af448f705c33d553e8c2e9f7,5170ec511fb50cdf10d648416d508574d70e9781ddf156a1b2a86d2b385e94dc,100,1729,maximum_information_gain,2000.0,3000.0
kata1-b6c96-s4136960-d1510003,54,1025.1161604152205,919.4325325425084,1130.7997882879326,1103.3176616901274,-78.20150127490683,2,a5803f8a5d9d87202b43d709cb328cedaf18c446af448f705c33d553e8c2e9f7,5170ec511fb50cdf10d648416d508574d70e9781ddf156a1b2a86d2b385e94dc,100,1729,maximum_information_gain,2000.0,3000.0
kata1-b6c96-s4136960-d1510003,56,1026.2746309952815,922.808609467417,1129.740652523146,1103.3176616901274,-77.04303069484581,2,a5803f8a5d9d87202b43d709cb328cedaf18c446af448f705c33d553e8c2e9f7,5170ec511fb50cdf10d648416d508574d70e9781ddf156a1b2a86d2b385e94dc,100,1729,maximum_information_gain,2000.0,3000.0
kata1-b6c96-s4136960-d1510003,58,1042.1079617261528,941.1899179763194,1143.026005475986,1103.3176616901274,-61.20969996397457,2,a5803f8a5d9d87202b43d709cb328cedaf18c446af448f705c33d553e8c2e9f7,5170ec511fb50cdf10d648416d508574d70e9781ddf156a1b2a86d2b385e94dc,100,1729,maximum_information_gain,2000.0,3000.0
kata1-b6c96-s4136960-d1510003,60,1042.4979800989418,943.4793999677601,1141.5165602301233,1103.3176616901274,-60.8196815911856,2,a5803f8a5d9d87202b43d709cb328cedaf18c446af448f705c33d553e8c2e9f7,5170ec511fb50cdf10d648416d508574d70e9781ddf156a1b2a86d2b385e94dc,100,1729,maximum_information_gain,2000.0,3000.0
kata1-b6c96-s4136960-d1510003,62,1056.4010491944043,959.458583322976,1153.3435150658327,1103.3176616901274,-46.91661249572303,2,a5803f8a5d9d87202b43d709cb328cedaf18c446af448f705c33d553e8c2e9f7,5170ec511fb50cdf10d648416d508574d70e9781ddf156a1b2a86d2b385e94dc,100,1729,maximum_information_gain,2000.0,3000.0
kata1-b6c96-s4136960-d1510003,64,1056.280596147736,960.9988595679675,1151.5623327275048,1103.3176616901274,-47.03706554239125,2,a5803f8a5d9d87202b43d709cb328cedaf18c446af448f705c33d553e8c2e9f7,5170ec511fb50cdf10d648416d508574d70e9781ddf156a1b2a86d2b385e94dc,100,1729,maximum_information_gain,2000.0,3000.0
kata1-b6c96-s4136960-d1510003,66,1062.426379471045,968.805885584742,1156.0468733573482,1103.3176616901274,-40.89128221908231,2,a5803f8a5d9d87202b43d709cb328cedaf18c446af448f705c33d553e8c2e9f7,5170ec511fb50cdf10d648416d508574d70e9781ddf156a1b2a86d2b385e94dc,100,1729,maximum_information_gain,2000.0,3000.0
kata1-b6c96-s4136960-d1510003,68,1062.1137469841829,969.9767014800254,1154.2507924883403,1103.3176616901274,-41.2039147059445,2,a5803f8a5d9d87202b43d709cb328cedaf18c446af448f705c33d553e8c2e9f7,5170ec511fb50cdf10d648416d508574d70e9781ddf156a1b2a86d2b385e94dc,100,1729,maximum_information_gain,2000.0,3000.0
kata1-b6c96-s4136960-d1510003,70,1061.8223589031832,971.0949548416418,1152.5497629647246,1103.3176616901274,-41.495302786944194,2,a5803f8a5d9d87202b43d709cb328cedaf18c446af448f705c33d553e8c2e9f7,5170ec511fb50cdf10d648416d508574d70e9781ddf156a1b2a86d2b385e94dc,100,1729,maximum_information_gain,2000.0,3000.0
kata1-b6c96-s4136960-d1510003,72,1061.5120685954519,972.1281899624291,1150.8959472284746,1103.3176616901274,-41.80559309467549,2,a5803f8a5d9d87202b43d709cb328cedaf18c446af448f705c33d553e8c2e9f7,5170ec511fb50cdf10d648416d508574d70e9781ddf156a1b2a86d2b385e94dc,100,1729,maximum_information_gain,2000.0,3000.0
kata1-b6c96-s4136960-d1510003,74,1061.2192631981268,973.1160761578146,1149.322450238439,1103.3176616901274,-42.09839849200057,2,a5803f8a5d9d87202b43d709cb328cedaf18c446af448f705c33d553e8c2e9f7,5170ec511fb50cdf10d648416d508574d70e9781ddf156a1b2a86d2b385e94dc,100,1729,maximum_information_gain,2000.0,3000.0
kata1-b6c96-s4136960-d1510003,76,1071.6209615660935,984.815576500672,1158.426346631515,1103.3176616901274,-31.696700124033896,2,a5803f8a5d9d87202b43d709cb328cedaf18c446af448f705c33d553e8c2e9f7,5170ec511fb50cdf10d648416d508574d70e9781ddf156a1b2a86d2b385e94dc,100,1729,maximum_information_gain,2000.0,3000.0
kata1-b6c96-s4136960-d1510003,78,1060.7182231808229,975.0042844157911,1146.4321619458547,1103.3176616901274,-42.59943850930449,2,a5803f8a5d9d87202b43d709cb328cedaf18c446af448f705c33d553e8c2e9f7,5170ec511fb50cdf10d648416d508574d70e9781ddf156a1b2a86d2b385e94dc,100,1729,maximum_information_gain,2000.0,3000.0
kata1-b6c96-s4136960-d1510003,80,1060.4692636769105,975.873698678025,1145.064828675796,1103.3176616901274,-42.848398013216865,2,a5803f8a5d9d87202b43d709cb328cedaf18c446af448f705c33d553e8c2e9f7,5170ec511fb50cdf10d648416d508574d70e9781ddf156a1b2a86d2b385e94dc,100,1729,maximum_information_gain,2000.0,3000.0
kata1-b6c96-s4136960-d1510003,82,1060.2706987481447,976.7449609818531,1143.7964365144362,1103.3176616901274,-43.046962941982656,2,a5803f8a5d9d87202b43d709cb328cedaf18c446af448f705c33d553e8c2e9f7,5170ec511fb50cdf10d648416d508574d70e9781ddf156a1b2a86d2b385e94dc,100,1729,maximum_information_gain,2000.0,3000.0
kata1-b6c96-s4136960-d1510003,84,1069.5995022814288,987.1583933357914,1152.0406112270662,1103.3176616901274,-33.71815940869851,2,a5803f8a5d9d87202b43d709cb328cedaf18c446af448f705c33d553e8c2e9f7,5170ec511fb50cdf10d648416d508574d70e9781ddf156a1b2a86d2b385e94dc,100,1729,maximum_information_gain,2000.0,3000.0
kata1-b6c96-s4136960-d1510003,86,1061.6803066464192,980.1742097950686,1143.1864034977698,1103.3176616901274,-41.63735504370811,2,a5803f8a5d9d87202b43d709cb328cedaf18c446af448f705c33d553e8c2e9f7,5170ec511fb50cdf10d648416d508574d70e9781ddf156a1b2a86d2b385e94dc,100,1729,maximum_information_gain,2000.0,3000.0
kata1-b6c96-s4136960-d1510003,88,1061.4236875685638,980.8670647395018,1141.9803103976258,1103.3176616901274,-41.89397412156359,2,a5803f8a5d9d87202b43d709cb328cedaf18c446af448f705c33d553e8c2e9f7,5170ec511fb50cdf10d648416d508574d70e9781ddf156a1b2a86d2b385e94dc,100,1729,maximum_information_gain,2000.0,3000.0
kata1-b6c96-s4136960-d1510003,90,1070.038246275737,990.4425784488415,1149.6339141026326,1103.3176616901274,-33.279415414390314,2,a5803f8a5d9d87202b43d709cb328cedaf18c446af448f705c33d553e8c2e9f7,5170ec511fb50cdf10d648416d508574d70e9781ddf156a1b2a86d2b385e94dc,100,1729,maximum_information_gain,2000.0,3000.0
kata1-b6c96-s4136960-d1510003,92,1080.1181807230441,1001.4242683915429,1158.8120930545454,1103.3176616901274,-23.19948096708322,2,a5803f8a5d9d87202b43d709cb328cedaf18c446af448f705c33d553e8c2e9f7,5170ec511fb50cdf10d648416d508574d70e9781ddf156a1b2a86d2b385e94dc,100,1729,maximum_information_gain,2000.0,3000.0
kata1-b6c96-s4136960-d1510003,94,1081.2272672024153,1003.3875792650805,1159.0669551397502,1103.3176616901274,-22.090394487712047,2,a5803f8a5d9d87202b43d709cb328cedaf18c446af448f705c33d553e8c2e9f7,5170ec511fb50cdf10d648416d508574d70e9781ddf156a1b2a86d2b385e94dc,100,1729,maximum_information_gain,2000.0,3000.0
kata1-b6c96-s4136960-d1510003,96,1082.2504077009426,1005.2366149847816,1159.2642004171034,1103.3176616901274,-21.067253989184792,2,a5803f8a5d9d87202b43d709cb328cedaf18c446af448f705c33d553e8c2e9f7,5170ec511fb50cdf10d648416d508574d70e9781ddf156a1b2a86d2b385e94dc,100,1729,maximum_information_gain,2000.0,3000.0
kata1-b6c96-s4136960-d1510003,98,1083.2263564696061,1007.0100891295217,1159.4426238096905,1103.3176616901274,-20.091305220521235,2,a5803f8a5d9d87202b43d709cb328cedaf18c446af448f705c33d553e8c2e9f7,5170ec511fb50cdf10d648416d508574d70e9781ddf156a1b2a86d2b385e94dc,100,1729,maximum_information_gain,2000.0,3000.0
kata1-b6c96-s4136960-d1510003,100,1088.1568479041478,1012.706915817527,1163.6067799907685,1103.3176616901274,-15.160813785979599,2,a5803f8a5d9d87202b43d709cb328cedaf18c446af448f705c33d553e8c2e9f7,5170ec511fb50cdf10d648416d508574d70e9781ddf156a1b2a86d2b385e94dc,100,1729,maximum_information_gain,2000.0,3000.0
kata1-b6c96-s8080640-d1961030-temp-0.5,2,1157.9973964294559,-1282.7848681513078,3598.7796610102196,1246.7245142338181,-88.72711780436225,2,a5803f8a5d9d87202b43d709cb328cedaf18c446af448f705c33d553e8c2e9f7,5170ec511fb50cdf10d648416d508574d70e9781ddf156a1b2a86d2b385e94dc,100,1729,maximum_information_gain,2000.0,3000.0
kata1-b6c96-s8080640-d1961030-temp-0.5,4,1163.1425346559106,680.1161776875742,1646.168891624247,1246.7245142338181,-83.58197957790753,2,a5803f8a5d9d87202b43d709cb328cedaf18c446af448f705c33d553e8c2e9f7,5170ec511fb50cdf10d648416d508574d70e9781ddf156a1b2a86d2b385e94dc,100,1729,maximum_information_gain,2000.0,3000.0
kata1-b6c96-s8080640-d1961030-temp-0.5,6,1352.6029382830939,970.130498083122,1735.0753784830658,1246.7245142338181,105.87842404927574,2,a5803f8a5d9d87202b43d709cb328cedaf18c446af448f705c33d553e8c2e9f7,5170ec511fb50cdf10d648416d508574d70e9781ddf156a1b2a86d2b385e94dc,100,1729,maximum_information_gain,2000.0,3000.0
kata1-b6c96-s8080640-d1961030-temp-0.5,8,1353.002268717798,1050.9747720217988,1655.0297654137971,1246.7245142338181,106.27775448397983,2,a5803f8a5d9d87202b43d709cb328cedaf18c446af448f705c33d553e8c2e9f7,5170ec511fb50cdf10d648416d508574d70e9781ddf156a1b2a86d2b385e94dc,100,1729,maximum_information_gain,2000.0,3000.0
kata1-b6c96-s8080640-d1961030-temp-0.5,10,1257.3099332771885,1004.6782196917002,1509.9416468626769,1246.7245142338181,10.585419043370393,2,a5803f8a5d9d87202b43d709cb328cedaf18c446af448f705c33d553e8c2e9f7,5170ec511fb50cdf10d648416d508574d70e9781ddf156a1b2a86d2b385e94dc,100,1729,maximum_information_gain,2000.0,3000.0
kata1-b6c96-s8080640-d1961030-temp-0.5,12,1254.306487401633,1029.2133633645915,1479.3996114386744,1246.7245142338181,7.581973167814795,2,a5803f8a5d9d87202b43d709cb328cedaf18c446af448f705c33d553e8c2e9f7,5170ec511fb50cdf10d648416d508574d70e9781ddf156a1b2a86d2b385e94dc,100,1729,maximum_information_gain,2000.0,3000.0
kata1-b6c96-s8080640-d1961030-temp-0.5,14,1189.3716661334765,981.2558474442271,1397.487484822726,1246.7245142338181,-57.35284810034159,2,a5803f8a5d9d87202b43d709cb328cedaf18c446af448f705c33d553e8c2e9f7,5170ec511fb50cdf10d648416d508574d70e9781ddf156a1b2a86d2b385e94dc,100,1729,maximum_information_gain,2000.0,3000.0
kata1-b6c96-s8080640-d1961030-temp-0.5,16,1239.3684100444161,1048.9948755019902,1429.741944586842,1246.7245142338181,-7.356104189402004,2,a5803f8a5d9d87202b43d709cb328cedaf18c446af448f705c33d553e8c2e9f7,5170ec511fb50cdf10d648416d508574d70e9781ddf156a1b2a86d2b385e94dc,100,1729,maximum_information_gain,2000.0,3000.0
kata1-b6c96-s8080640-d1961030-temp-0.5,18,1192.9415699362448,1013.6039229860921,1372.2792168863975,1246.7245142338181,-53.782944297573295,2,a5803f8a5d9d87202b43d709cb328cedaf18c446af448f705c33d553e8c2e9f7,5170ec511fb50cdf10d648416d508574d70e9781ddf156a1b2a86d2b385e94dc,100,1729,maximum_information_gain,2000.0,3000.0
kata1-b6c96-s8080640-d1961030-temp-0.5,20,1210.3506235812195,1042.0585355191022,1378.6427116433367,1246.7245142338181,-36.373890652598675,2,a5803f8a5d9d87202b43d709cb328cedaf18c446af448f705c33d553e8c2e9f7,5170ec511fb50cdf10d648416d508574d70e9781ddf156a1b2a86d2b385e94dc,100,1729,maximum_information_gain,2000.0,3000.0
kata1-b6c96-s8080640-d1961030-temp-0.5,22,1176.0826532618405,1014.9827309777371,1337.1825755459438,1246.7245142338181,-70.64186097197762,2,a5803f8a5d9d87202b43d709cb328cedaf18c446af448f705c33d553e8c2e9f7,5170ec511fb50cdf10d648416d508574d70e9781ddf156a1b2a86d2b385e94dc,100,1729,maximum_information_gain,2000.0,3000.0
kata1-b6c96-s8080640-d1961030-temp-0.5,24,1174.789892851692,1021.2898051199064,1328.2899805834777,1246.7245142338181,-71.93462138212612,2,a5803f8a5d9d87202b43d709cb328cedaf18c446af448f705c33d553e8c2e9f7,5170ec511fb50cdf10d648416d508574d70e9781ddf156a1b2a86d2b385e94dc,100,1729,maximum_information_gain,2000.0,3000.0
kata1-b6c96-s8080640-d1961030-temp-0.5,26,1202.6376312750979,1056.612070243786,1348.6631923064097,1246.7245142338181,-44.08688295872025,2,a5803f8a5d9d87202b43d709cb328cedaf18c446af448f705c33d553e8c2e9f7,5170ec511fb50cdf10d648416d508574d70e9781ddf156a1b2a86d2b385e94dc,100,1729,maximum_information_gain,2000.0,3000.0
kata1-b6c96-s8080640-d1961030-temp-0.5,28,1234.56623487684,1094.3569892982434,1374.7754804554368,1246.7245142338181,-12.158279356978028,2,a5803f8a5d9d87202b43d709cb328cedaf18c446af448f705c33d553e8c2e9f7,5170ec511fb50cdf10d648416d508574d70e9781ddf156a1b2a86d2b385e94dc,100,1729,maximum_information_gain,2000.0,3000.0
kata1-b6c96-s8080640-d1961030-temp-0.5,30,1261.861781990968,1126.1849961593562,1397.5385678225798,1246.7245142338181,15.137267757149857,2,a5803f8a5d9d87202b43d709cb328cedaf18c446af448f705c33d553e8c2e9f7,5170ec511fb50cdf10d648416d508574d70e9781ddf156a1b2a86d2b385e94dc,100,1729,maximum_information_gain,2000.0,3000.0
kata1-b6c96-s8080640-d1961030-temp-0.5,32,1260.6063698661294,1129.5721592784478,1391.640580453811,1246.7245142338181,13.881855632311272,2,a5803f8a5d9d87202b43d709cb328cedaf18c446af448f705c33d553e8c2e9f7,5170ec511fb50cdf10d648416d508574d70e9781ddf156a1b2a86d2b385e94dc,100,1729,maximum_information_gain,2000.0,3000.0
kata1-b6c96-s8080640-d1961030-temp-0.5,34,1282.9005851673385,1155.1877086000331,1410.6134617346438,1246.7245142338181,36.17607093352035,2,a5803f8a5d9d87202b43d709cb328cedaf18c446af448f705c33d553e8c2e9f7,5170ec511fb50cdf10d648416d508574d70e9781ddf156a1b2a86d2b385e94dc,100,1729,maximum_information_gain,2000.0,3000.0
kata1-b6c96-s8080640-d1961030-temp-0.5,36,1280.4957581318336,1156.6790893077423,1404.3124269559248,1246.7245142338181,33.77124389801543,2,a5803f8a5d9d87202b43d709cb328cedaf18c446af448f705c33d553e8c2e9f7,5170ec511fb50cdf10d648416d508574d70e9781ddf156a1b2a86d2b385e94dc,100,1729,maximum_information_gain,2000.0,3000.0
kata1-b6c96-s8080640-d1961030-temp-0.5,38,1278.372725873091,1158.0900068184721,1398.6554449277098,1246.7245142338181,31.64821163927286,2,a5803f8a5d9d87202b43d709cb328cedaf18c446af448f705c33d553e8c2e9f7,5170ec511fb50cdf10d648416d508574d70e9781ddf156a1b2a86d2b385e94dc,100,1729,maximum_information_gain,2000.0,3000.0
kata1-b6c96-s8080640-d1961030-temp-0.5,40,1276.4846879247982,1159.4266880578657,1393.5426877917307,1246.7245142338181,29.760173690980082,2,a5803f8a5d9d87202b43d709cb328cedaf18c446af448f705c33d553e8c2e9f7,5170ec511fb50cdf10d648416d508574d70e9781ddf156a1b2a86d2b385e94dc,100,1729,maximum_information_gain,2000.0,3000.0
kata1-b6c96-s8080640-d1961030-temp-0.5,42,1293.4971813290117,1178.652626365071,1408.3417362929524,1246.7245142338181,46.77266709519358,2,a5803f8a5d9d87202b43d709cb328cedaf18c446af448f705c33d553e8c2e9f7,5170ec511fb50cdf10d648416d508574d70e9781ddf156a1b2a86d2b385e94dc,100,1729,maximum_information_gain,2000.0,3000.0
kata1-b6c96-s8080640-d1961030-temp-0.5,44,1278.4268876150832,1166.8757443931147,1389.9780308370516,1246.7245142338181,31.702373381265033,2,a5803f8a5d9d87202b43d709cb328cedaf18c446af448f705c33d553e8c2e9f7,5170ec511fb50cdf10d648416d508574d70e9781ddf156a1b2a86d2b385e94dc,100,1729,maximum_information_gain,2000.0,3000.0
kata1-b6c96-s8080640-d1961030-temp-0.5,46,1276.783830639088,1167.7759996402667,1385.791661637909,1246.7245142338181,30.059316405269783,2,a5803f8a5d9d87202b43d709cb328cedaf18c446af448f705c33d553e8c2e9f7,5170ec511fb50cdf10d648416d508574d70e9781ddf156a1b2a86d2b385e94dc,100,1729,maximum_information_gain,2000.0,3000.0
kata1-b6c96-s8080640-d1961030-temp-0.5,48,1275.2903593973522,1168.6442458033948,1381.9364729913095,1246.7245142338181,28.56584516353405,2,a5803f8a5d9d87202b43d709cb328cedaf18c446af448f705c33d553e8c2e9f7,5170ec511fb50cdf10d648416d508574d70e9781ddf156a1b2a86d2b385e94dc,100,1729,maximum_information_gain,2000.0,3000.0
kata1-b6c96-s8080640-d1961030-temp-0.5,50,1289.4128655839877,1184.5035250415744,1394.322206126401,1246.7245142338181,42.68835135016957,2,a5803f8a5d9d87202b43d709cb328cedaf18c446af448f705c33d553e8c2e9f7,5170ec511fb50cdf10d648416d508574d70e9781ddf156a1b2a86d2b385e94dc,100,1729,maximum_information_gain,2000.0,3000.0
kata1-b6c96-s8080640-d1961030-temp-0.5,52,1292.098992721363,1189.189672311195,1395.008313131531,1246.7245142338181,45.37447848754482,2,a5803f8a5d9d87202b43d709cb328cedaf18c446af448f705c33d553e8c2e9f7,5170ec511fb50cdf10d648416d508574d70e9781ddf156a1b2a86d2b385e94dc,100,1729,maximum_information_gain,2000.0,3000.0
kata1-b6c96-s8080640-d1961030-temp-0.5,54,1280.0231375029994,1179.377859729817,1380.6684152761818,1246.7245142338181,33.298623269181235,2,a5803f8a5d9d87202b43d709cb328cedaf18c446af448f705c33d553e8c2e9f7,5170ec511fb50cdf10d648416d508574d70e9781ddf156a1b2a86d2b385e94dc,100,1729,maximum_information_gain,2000.0,3000.0
kata1-b6c96-s8080640-d1961030-temp-0.5,56,1268.9119726811457,1170.236312615519,1367.5876327467724,1246.7245142338181,22.18745844732757,2,a5803f8a5d9d87202b43d709cb328cedaf18c446af448f705c33d553e8c2e9f7,5170ec511fb50cdf10d648416d508574d70e9781ddf156a1b2a86d2b385e94dc,100,1729,maximum_information_gain,2000.0,3000.0
kata1-b6c96-s8080640-d1961030-temp-0.5,58,1281.1786226296997,1184.017283658532,1378.3399616008674,1246.7245142338181,34.454108395881576,2,a5803f8a5d9d87202b43d709cb328cedaf18c446af448f705c33d553e8c2e9f7,5170ec511fb50cdf10d648416d508574d70e9781ddf156a1b2a86d2b385e94dc,100,1729,maximum_information_gain,2000.0,3000.0
kata1-b6c96-s8080640-d1961030-temp-0.5,60,1283.8006396806343,1188.2160700175975,1379.385209343671,1246.7245142338181,37.07612544681615,2,a5803f8a5d9d87202b43d709cb328cedaf18c446af448f705c33d553e8c2e9f7,5170ec511fb50cdf10d648416d508574d70e9781ddf156a1b2a86d2b385e94dc,100,1729,maximum_information_gain,2000.0,3000.0
kata1-b6c96-s8080640-d1961030-temp-0.5,62,1273.6767292448953,1179.7550609077123,1367.5983975820784,1246.7245142338181,26.952215011077215,2,a5803f8a5d9d87202b43d709cb328cedaf18c446af448f705c33d553e8c2e9f7,5170ec511fb50cdf10d648416d508574d70e9781ddf156a1b2a86d2b385e94dc,100,1729,maximum_information_gain,2000.0,3000.0
kata1-b6c96-s8080640-d1961030-temp-0.5,64,1272.619457438174,1180.161882579022,1365.0770322973262,1246.7245142338181,25.894943204355968,2,a5803f8a5d9d87202b43d709cb328cedaf18c446af448f705c33d553e8c2e9f7,5170ec511fb50cdf10d648416d508574d70e9781ddf156a1b2a86d2b385e94dc,100,1729,maximum_information_gain,2000.0,3000.0
kata1-b6c96-s8080640-d1961030-temp-0.5,66,1283.2163353546873,1192.006858031286,1374.4258126780887,1246.7245142338181,36.49182112086919,2,a5803f8a5d9d87202b43d709cb328cedaf18c446af448f705c33d553e8c2e9f7,5170ec511fb50cdf10d648416d508574d70e9781ddf156a1b2a86d2b385e94dc,100,1729,maximum_information_gain,2000.0,3000.0
kata1-b6c96-s8080640-d1961030-temp-0.5,68,1274.0374727968892,1184.2487709553175,1363.826174638461,1246.7245142338181,27.312958563071106,2,a5803f8a5d9d87202b43d709cb328cedaf18c446af448f705c33d553e8c2e9f7,5170ec511fb50cdf10d648416d508574d70e9781ddf156a1b2a86d2b385e94dc,100,1729,maximum_information_gain,2000.0,3000.0
kata1-b6c96-s8080640-d1961030-temp-0.5,70,1273.051049066777,1184.5258207072313,1361.5762774263228,1246.7245142338181,26.32653483295894,2,a5803f8a5d9d87202b43d709cb328cedaf18c446af448f705c33d553e8c2e9f7,5170ec511fb50cdf10d648416d508574d70e9781ddf156a1b2a86d2b385e94dc,100,1729,maximum_information_gain,2000.0,3000.0
kata1-b6c96-s8080640-d1961030-temp-0.5,72,1261.5924226922298,1174.3212413670167,1348.8636040174429,1246.7245142338181,14.867908458411648,2,a5803f8a5d9d87202b43d709cb328cedaf18c446af448f705c33d553e8c2e9f7,5170ec511fb50cdf10d648416d508574d70e9781ddf156a1b2a86d2b385e94dc,100,1729,maximum_information_gain,2000.0,3000.0
kata1-b6c96-s8080640-d1961030-temp-0.5,74,1261.0488862855384,1174.923438241948,1347.174334329129,1246.7245142338181,14.324372051720275,2,a5803f8a5d9d87202b43d709cb328cedaf18c446af448f705c33d553e8c2e9f7,5170ec511fb50cdf10d648416d508574d70e9781ddf156a1b2a86d2b385e94dc,100,1729,maximum_information_gain,2000.0,3000.0
kata1-b6c96-s8080640-d1961030-temp-0.5,76,1260.5364038407454,1175.5068638771493,1345.5659438043415,1246.7245142338181,13.811889606927252,2,a5803f8a5d9d87202b43d709cb328cedaf18c446af448f705c33d553e8c2e9f7,5170ec511fb50cdf10d648416d508574d70e9781ddf156a1b2a86d2b385e94dc,100,1729,maximum_information_gain,2000.0,3000.0
kata1-b6c96-s8080640-d1961030-temp-0.5,78,1250.3566439030294,1166.3675434799618,1334.345744326097,1246.7245142338181,3.632129669211281,2,a5803f8a5d9d87202b43d709cb328cedaf18c446af448f705c33d553e8c2e9f7,5170ec511fb50cdf10d648416d508574d70e9781ddf156a1b2a86d2b385e94dc,100,1729,maximum_information_gain,2000.0,3000.0
kata1-b6c96-s8080640-d1961030-temp-0.5,80,1259.5652597827213,1176.5932822636348,1342.5372373018079,1246.7245142338181,12.840745548903215,2,a5803f8a5d9d87202b43d709cb328cedaf18c446af448f705c33d553e8c2e9f7,5170ec511fb50cdf10d648416d508574d70e9781ddf156a1b2a86d2b385e94dc,100,1729,maximum_information_gain,2000.0,3000.0
kata1-b6c96-s8080640-d1961030-temp-0.5,82,1249.9356419887054,1167.92126958571,1331.9500143917007,1246.7245142338181,3.2111277548872295,2,a5803f8a5d9d87202b43d709cb328cedaf18c446af448f705c33d553e8c2e9f7,5170ec511fb50cdf10d648416d508574d70e9781ddf156a1b2a86d2b385e94dc,100,1729,maximum_information_gain,2000.0,3000.0
kata1-b6c96-s8080640-d1961030-temp-0.5,84,1249.7261257768407,1168.6417970914415,1330.81045446224,1246.7245142338181,3.001611543022591,2,a5803f8a5d9d87202b43d709cb328cedaf18c446af448f705c33d553e8c2e9f7,5170ec511fb50cdf10d648416d508574d70e9781ddf156a1b2a86d2b385e94dc,100,1729,maximum_information_gain,2000.0,3000.0
kata1-b6c96-s8080640-d1961030-temp-0.5,86,1258.2714293387119,1178.08887012296,1338.4539885544636,1246.7245142338181,11.546915104893742,2,a5803f8a5d9d87202b43d709cb328cedaf18c446af448f705c33d553e8c2e9f7,5170ec511fb50cdf10d648416d508574d70e9781ddf156a1b2a86d2b385e94dc,100,1729,maximum_information_gain,2000.0,3000.0
kata1-b6c96-s8080640-d1961030-temp-0.5,88,1257.9003663942387,1178.5766806724862,1337.2240521159913,1246.7245142338181,11.175852160420618,2,a5803f8a5d9d87202b43d709cb328cedaf18c446af448f705c33d553e8c2e9f7,5170ec511fb50cdf10d648416d508574d70e9781ddf156a1b2a86d2b385e94dc,100,1729,maximum_information_gain,2000.0,3000.0
kata1-b6c96-s8080640-d1961030-temp-0.5,90,1249.210266803974,1170.7073792037013,1327.7131544042468,1246.7245142338181,2.48575257015591,2,a5803f8a5d9d87202b43d709cb328cedaf18c446af448f705c33d553e8c2e9f7,5170ec511fb50cdf10d648416d508574d70e9781ddf156a1b2a86d2b385e94dc,100,1729,maximum_information_gain,2000.0,3000.0
kata1-b6c96-s8080640-d1961030-temp-0.5,92,1247.255806329531,1169.5530163924589,1324.958596266603,1246.7245142338181,0.5312920957128426,2,a5803f8a5d9d87202b43d709cb328cedaf18c446af448f705c33d553e8c2e9f7,5170ec511fb50cdf10d648416d508574d70e9781ddf156a1b2a86d2b385e94dc,100,1729,maximum_information_gain,2000.0,3000.0
kata1-b6c96-s8080640-d1961030-temp-0.5,94,1245.3895737532828,1168.46117255734,1322.3179749492256,1246.7245142338181,-1.3349404805353515,2,a5803f8a5d9d87202b43d709cb328cedaf18c446af448f705c33d553e8c2e9f7,5170ec511fb50cdf10d648416d508574d70e9781ddf156a1b2a86d2b385e94dc,100,1729,maximum_information_gain,2000.0,3000.0
kata1-b6c96-s8080640-d1961030-temp-0.5,96,1247.6110630070925,1171.4384633540392,1323.7836626601459,1246.7245142338181,0.8865487732743986,2,a5803f8a5d9d87202b43d709cb328cedaf18c446af448f705c33d553e8c2e9f7,5170ec511fb50cdf10d648416d508574d70e9781ddf156a1b2a86d2b385e94dc,100,1729,maximum_information_gain,2000.0,3000.0
kata1-b6c96-s8080640-d1961030-temp-0.5,98,1253.6559324968232,1178.199222736179,1329.1126422574673,1246.7245142338181,6.931418263005071,2,a5803f8a5d9d87202b43d709cb328cedaf18c446af448f705c33d553e8c2e9f7,5170ec511fb50cdf10d648416d508574d70e9781ddf156a1b2a86d2b385e94dc,100,1729,maximum_information_gain,2000.0,3000.0
kata1-b6c96-s8080640-d1961030-temp-0.5,100,1253.4343117832752,1178.6798042071473,1328.1888193594032,1246.7245142338181,6.709797549457107,2,a5803f8a5d9d87202b43d709cb328cedaf18c446af448f705c33d553e8c2e9f7,5170ec511fb50cdf10d648416d508574d70e9781ddf156a1b2a86d2b385e94dc,100,1729,maximum_information_gain,2000.0,3000.0
kata1-b6c96-s8982784-d2082583-temp-0.5,2,1165.632923629068,-1284.290667931155,3615.556515189291,1364.6826124924817,-199.04968886341362,2,a5803f8a5d9d87202b43d709cb328cedaf18c446af448f705c33d553e8c2e9f7,5170ec511fb50cdf10d648416d508574d70e9781ddf156a1b2a86d2b385e94dc,100,1729,maximum_information_gain,2000.0,3000.0
kata1-b6c96-s8982784-d2082583-temp-0.5,4,1170.3022065524428,687.1331674089674,1653.4712456959182,1364.6826124924817,-194.38040594003883,2,a5803f8a5d9d87202b43d709cb328cedaf18c446af448f705c33d553e8c2e9f7,5170ec511fb50cdf10d648416d508574d70e9781ddf156a1b2a86d2b385e94dc,100,1729,maximum_information_gain,2000.0,3000.0
kata1-b6c96-s8982784-d2082583-temp-0.5,6,1359.8877823324576,977.2224816614671,1742.5530830034481,1364.6826124924817,-4.794830160024048,2,a5803f8a5d9d87202b43d709cb328cedaf18c446af448f705c33d553e8c2e9f7,5170ec511fb50cdf10d648416d508574d70e9781ddf156a1b2a86d2b385e94dc,100,1729,maximum_information_gain,2000.0,3000.0
kata1-b6c96-s8982784-d2082583-temp-0.5,8,1536.4338870068414,1186.604594533711,1886.2631794799718,1364.6826124924817,171.7512745143597,2,a5803f8a5d9d87202b43d709cb328cedaf18c446af448f705c33d553e8c2e9f7,5170ec511fb50cdf10d648416d508574d70e9781ddf156a1b2a86d2b385e94dc,100,1729,maximum_information_gain,2000.0,3000.0
kata1-b6c96-s8982784-d2082583-temp-0.5,10,1419.097928105042,1151.122664406708,1687.073191803376,1364.6826124924817,54.415315612560335,2,a5803f8a5d9d87202b43d709cb328cedaf18c446af448f705c33d553e8c2e9f7,5170ec511fb50cdf10d648416d508574d70e9781ddf156a1b2a86d2b385e94dc,100,1729,maximum_information_gain,2000.0,3000.0
kata1-b6c96-s8982784-d2082583-temp-0.5,12,1417.0804665813948,1181.713999912398,1652.4469332503916,1364.6826124924817,52.397854088913164,2,a5803f8a5d9d87202b43d709cb328cedaf18c446af448f705c33d553e8c2e9f7,5170ec511fb50cdf10d648416d508574d70e9781ddf156a1b2a86d2b385e94dc,100,1729,maximum_information_gain,2000.0,3000.0
kata1-b6c96-s8982784-d2082583-temp-0.5,14,1415.835314842818,1203.3572550473168,1628.3133746383191,1364.6826124924817,51.15270235033631,2,a5803f8a5d9d87202b43d709cb328cedaf18c446af448f705c33d553e8c2e9f7,5170ec511fb50cdf10d648416d508574d70e9781ddf156a1b2a86d2b385e94dc,100,1729,maximum_information_gain,2000.0,3000.0
kata1-b6c96-s8982784-d2082583-temp-0.5,16,1358.883664881779,1163.9305254750323,1553.8368042885256,1364.6826124924817,-5.798947610702726,2,a5803f8a5d9d87202b43d709cb328cedaf18c446af448f705c33d553e8c2e9f7,5170ec511fb50cdf10d648416d508574d70e9781ddf156a1b2a86d2b385e94dc,100,1729,maximum_information_gain,2000.0,3000.0
kata1-b6c96-s8982784-d2082583-temp-0.5,18,1316.6818827925983,1132.8853300375683,1500.4784355476284,1364.6826124924817,-48.00072969988332,2,a5803f8a5d9d87202b43d709cb328cedaf18c446af448f705c33d553e8c2e9f7,5170ec511fb50cdf10d648416d508574d70e9781ddf156a1b2a86d2b385e94dc,100,1729,maximum_information_gain,2000.0,3000.0
kata1-b6c96-s8982784-d2082583-temp-0.5,20,1352.4648231041876,1180.8444327015673,1524.085213506808,1364.6826124924817,-12.217789388294023,2,a5803f8a5d9d87202b43d709cb328cedaf18c446af448f705c33d553e8c2e9f7,5170ec511fb50cdf10d648416d508574d70e9781ddf156a1b2a86d2b385e94dc,100,1729,maximum_information_gain,2000.0,3000.0
kata1-b6c96-s8982784-d2082583-temp-0.5,22,1358.697966867864,1196.291565511894,1521.1043682238337,1364.6826124924817,-5.9846456246177695,2,a5803f8a5d9d87202b43d709cb328cedaf18c446af448f705c33d553e8c2e9f7,5170ec511fb50cdf10d648416d508574d70e9781ddf156a1b2a86d2b385e94dc,100,1729,maximum_information_gain,2000.0,3000.0
kata1-b6c96-s8982784-d2082583-temp-0.5,24,1363.7121075330126,1209.171942317166,1518.2522727488592,1364.6826124924817,-0.9705049594690536,2,a5803f8a5d9d87202b43d709cb328cedaf18c446af448f705c33d553e8c2e9f7,5170ec511fb50cdf10d648416d508574d70e9781ddf156a1b2a86d2b385e94dc,100,1729,maximum_information_gain,2000.0,3000.0
kata1-b6c96-s8982784-d2082583-temp-0.5,26,1367.8654293725897,1220.1298772841637,1515.6009814610156,1364.6826124924817,3.182816880108021,2,a5803f8a5d9d87202b43d709cb328cedaf18c446af448f705c33d553e8c2e9f7,5170ec511fb50cdf10d648416d508574d70e9781ddf156a1b2a86d2b385e94dc,100,1729,maximum_information_gain,2000.0,3000.0
kata1-b6c96-s8982784-d2082583-temp-0.5,28,1371.3250552028812,1229.5529561944759,1513.0971542112866,1364.6826124924817,6.642442710399564,2,a5803f8a5d9d87202b43d709cb328cedaf18c446af448f705c33d553e8c2e9f7,5170ec511fb50cdf10d648416d508574d70e9781ddf156a1b2a86d2b385e94dc,100,1729,maximum_information_gain,2000.0,3000.0
kata1-b6c96-s8982784-d2082583-temp-0.5,30,1374.26387756853,1237.7689278850517,1510.7588272520084,1364.6826124924817,9.58126507604834,2,a5803f8a5d9d87202b43d709cb328cedaf18c446af448f705c33d553e8c2e9f7,5170ec511fb50cdf10d648416d508574d70e9781ddf156a1b2a86d2b385e94dc,100,1729,maximum_information_gain,2000.0,3000.0
kata1-b6c96-s8982784-d2082583-temp-0.5,32,1351.5073146912143,1219.2039082667716,1483.810721115657,1364.6826124924817,-13.175297801267334,2,a5803f8a5d9d87202b43d709cb328cedaf18c446af448f705c33d553e8c2e9f7,5170ec511fb50cdf10d648416d508574d70e9781ddf156a1b2a86d2b385e94dc,100,1729,maximum_information_gain,2000.0,3000.0
kata1-b6c96-s8982784-d2082583-temp-0.5,34,1379.0081091086893,1251.4593521029317,1506.5568661144468,1364.6826124924817,14.325496616207602,2,a5803f8a5d9d87202b43d709cb328cedaf18c446af448f705c33d553e8c2e9f7,5170ec511fb50cdf10d648416d508574d70e9781ddf156a1b2a86d2b385e94dc,100,1729,maximum_information_gain,2000.0,3000.0
kata1-b6c96-s8982784-d2082583-temp-0.5,36,1380.9548306320887,1257.2414398254953,1504.6682214386822,1364.6826124924817,16.272218139607048,2,a5803f8a5d9d87202b43d709cb328cedaf18c446af448f705c33d553e8c2e9f7,5170ec511fb50cdf10d648416d508574d70e9781ddf156a1b2a86d2b385e94dc,100,1729,maximum_information_gain,2000.0,3000.0
kata1-b6c96-s8982784-d2082583-temp-0.5,38,1393.0750122208806,1272.9041258335983,1513.2458986081629,1364.6826124924817,28.392399728398914,2,a5803f8a5d9d87202b43d709cb328cedaf18c446af448f705c33d553e8c2e9f7,5170ec511fb50cdf10d648416d508574d70e9781ddf156a1b2a86d2b385e94dc,100,1729,maximum_information_gain,2000.0,3000.0
kata1-b6c96-s8982784-d2082583-temp-0.5,40,1394.0173631367434,1277.0445546567937,1510.990171616693,1364.6826124924817,29.334750644261703,2,a5803f8a5d9d87202b43d709cb328cedaf18c446af448f705c33d553e8c2e9f7,5170ec511fb50cdf10d648416d508574d70e9781ddf156a1b2a86d2b385e94dc,100,1729,maximum_information_gain,2000.0,3000.0
kata1-b6c96-s8982784-d2082583-temp-0.5,42,1413.517684337005,1299.3754296307793,1527.6599390432307,1364.6826124924817,48.83507184452333,2,a5803f8a5d9d87202b43d709cb328cedaf18c446af448f705c33d553e8c2e9f7,5170ec511fb50cdf10d648416d508574d70e9781ddf156a1b2a86d2b385e94dc,100,1729,maximum_information_gain,2000.0,3000.0
kata1-b6c96-s8982784-d2082583-temp-0.5,44,1413.3777495415113,1301.9665747301085,1524.7889243529141,1364.6826124924817,48.695137049029654,2,a5803f8a5d9d87202b43d709cb328cedaf18c446af448f705c33d553e8c2e9f7,5170ec511fb50cdf10d648416d508574d70e9781ddf156a1b2a86d2b385e94dc,100,1729,maximum_information_gain,2000.0,3000.0
kata1-b6c96-s8982784-d2082583-temp-0.5,46,1413.2519228582773,1304.3727393553695,1522.1311063611852,1364.6826124924817,48.56931036579567,2,a5803f8a5d9d87202b43d709cb328cedaf18c446af448f705c33d553e8c2e9f7,5170ec511fb50cdf10d648416d508574d70e9781ddf156a1b2a86d2b385e94dc,100,1729,maximum_information_gain,2000.0,3000.0
kata1-b6c96-s8982784-d2082583-temp-0.5,48,1413.1148856530278,1306.5942044303313,1519.6355668757244,1364.6826124924817,48.432273160546174,2,a5803f8a5d9d87202b43d709cb328cedaf18c446af448f705c33d553e8c2e9f7,5170ec511fb50cdf10d648416d508574d70e9781ddf156a1b2a86d2b385e94dc,100,1729,maximum_information_gain,2000.0,3000.0
kata1-b6c96-s8982784-d2082583-temp-0.5,50,1428.4750026796246,1323.9270828498331,1533.022922509416,1364.6826124924817,63.79239018714293,2,a5803f8a5d9d87202b43d709cb328cedaf18c446af448f705c33d553e8c2e9f7,5170ec511fb50cdf10d648416d508574d70e9781ddf156a1b2a86d2b385e94dc,100,1729,maximum_information_gain,2000.0,3000.0
kata1-b6c96-s8982784-d2082583-temp-0.5,52,1412.8948088049478,1310.6338318310634,1515.1557857788323,1364.6826124924817,48.212196312466176,2,a5803f8a5d9d87202b43d709cb328cedaf18c446af448f705c33d553e8c2e9f7,5170ec511fb50cdf10d648416d508574d70e9781ddf156a1b2a86d2b385e94dc,100,1729,maximum_information_gain,2000.0,3000.0
kata1-b6c96-s8982784-d2082583-temp-0.5,54,1412.7859489496034,1312.459559823348,1513.1123380758588,1364.6826124924817,48.10333645712171,2,a5803f8a5d9d87202b43d709cb328cedaf18c446af448f705c33d553e8c2e9f7,5170ec511fb50cdf10d648416d508574d70e9781ddf156a1b2a86d2b385e94dc,100,1729,maximum_information_gain,2000.0,3000.0
kata1-b6c96-s8982784-d2082583-temp-0.5,56,1412.7077134715898,1314.1992174356246,1511.216209507555,1364.6826124924817,48.025100979108174,2,a5803f8a5d9d87202b43d709cb328cedaf18c446af448f705c33d553e8c2e9f7,5170ec511fb50cdf10d648416d508574d70e9781ddf156a1b2a86d2b385e94dc,100,1729,maximum_information_gain,2000.0,3000.0
kata1-b6c96-s8982784-d2082583-temp-0.5,58,1412.6359312702145,1315.8419468170816,1509.4299157233474,1364.6826124924817,47.953318777732875,2,a5803f8a5d9d87202b43d709cb328cedaf18c446af448f705c33d553e8c2e9f7,5170ec511fb50cdf10d648416d508574d70e9781ddf156a1b2a86d2b385e94dc,100,1729,maximum_information_gain,2000.0,3000.0
kata1-b6c96-s8982784-d2082583-temp-0.5,60,1399.8581164469176,1304.7245303674163,1494.991702526419,1364.6826124924817,35.17550395443595,2,a5803f8a5d9d87202b43d709cb328cedaf18c446af448f705c33d553e8c2e9f7,5170ec511fb50cdf10d648416d508574d70e9781ddf156a1b2a86d2b385e94dc,100,1729,maximum_information_gain,2000.0,3000.0
kata1-b6c96-s8982784-d2082583-temp-0.5,62,1400.2087567657713,1306.6085872292774,1493.8089263022653,1364.6826124924817,35.526144273289674,2,a5803f8a5d9d87202b43d709cb328cedaf18c446af448f705c33d553e8c2e9f7,5170ec511fb50cdf10d648416d508574d70e9781ddf156a1b2a86d2b385e94dc,100,1729,maximum_information_gain,2000.0,3000.0
kata1-b6c96-s8982784-d2082583-temp-0.5,64,1400.5583778515006,1308.4109078123465,1492.7058478906547,1364.6826124924817,35.87576535901894,2,a5803f8a5d9d87202b43d709cb328cedaf18c446af448f705c33d553e8c2e9f7,5170ec511fb50cdf10d648416d508574d70e9781ddf156a1b2a86d2b385e94dc,100,1729,maximum_information_gain,2000.0,3000.0
kata1-b6c96-s8982784-d2082583-temp-0.5,66,1389.3891935636238,1298.5755122134321,1480.2028749138155,1364.6826124924817,24.706581071142182,2,a5803f8a5d9d87202b43d709cb328cedaf18c446af448f705c33d553e8c2e9f7,5170ec511fb50cdf10d648416d508574d70e9781ddf156a1b2a86d2b385e94dc,100,1729,maximum_information_gain,2000.0,3000.0
kata1-b6c96-s8982784-d2082583-temp-0.5,68,1378.888801036409,1289.2773866641805,1468.5002154086374,1364.6826124924817,14.206188543927283,2,a5803f8a5d9d87202b43d709cb328cedaf18c446af448f705c33d553e8c2e9f7,5170ec511fb50cdf10d648416d508574d70e9781ddf156a1b2a86d2b385e94dc,100,1729,maximum_information_gain,2000.0,3000.0
kata1-b6c96-s8982784-d2082583-temp-0.5,70,1368.9826458616253,1280.461054434696,1457.5042372885546,1364.6826124924817,4.300033369143648,2,a5803f8a5d9d87202b43d709cb328cedaf18c446af448f705c33d553e8c2e9f7,5170ec511fb50cdf10d648416d508574d70e9781ddf156a1b2a86d2b385e94dc,100,1729,maximum_information_gain,2000.0,3000.0
kata1-b6c96-s8982784-d2082583-temp-0.5,72,1370.187252867193,1282.8868921400783,1457.4876135943075,1364.6826124924817,5.504640374711244,2,a5803f8a5d9d87202b43d709cb328cedaf18c446af448f705c33d553e8c2e9f7,5170ec511fb50cdf10d648416d508574d70e9781ddf156a1b2a86d2b385e94dc,100,1729,maximum_information_gain,2000.0,3000.0
kata1-b6c96-s8982784-d2082583-temp-0.5,74,1371.322362467989,1285.1884515296763,1457.4562734063018,1364.6826124924817,6.639749975507357,2,a5803f8a5d9d87202b43d709cb328cedaf18c446af448f705c33d553e8c2e9f7,5170ec511fb50cdf10d648416d508574d70e9781ddf156a1b2a86d2b385e94dc,100,1729,maximum_information_gain,2000.0,3000.0
kata1-b6c96-s8982784-d2082583-temp-0.5,76,1362.410203777851,1277.1932204513118,1447.62718710439,1364.6826124924817,-2.2724087146307284,2,a5803f8a5d9d87202b43d709cb328cedaf18c446af448f705c33d553e8c2e9f7,5170ec511fb50cdf10d648416d508574d70e9781ddf156a1b2a86d2b385e94dc,100,1729,maximum_information_gain,2000.0,3000.0
kata1-b6c96-s8982784-d2082583-temp-0.5,78,1353.9301627571197,1269.555919398527,1438.3044061157123,1364.6826124924817,-10.752449735362006,2,a5803f8a5d9d87202b43d709cb328cedaf18c446af448f705c33d553e8c2e9f7,5170ec511fb50cdf10d648416d508574d70e9781ddf156a1b2a86d2b385e94dc,100,1729,maximum_information_gain,2000.0,3000.0
kata1-b6c96-s8982784-d2082583-temp-0.5,80,1355.4105789190917,1272.087382970354,1438.7337748678294,1364.6826124924817,-9.27203357338999,2,a5803f8a5d9d87202b43d709cb328cedaf18c446af448f705c33d553e8c2e9f7,5170ec511fb50cdf10d648416d508574d70e9781ddf156a1b2a86d2b385e94dc,100,1729,maximum_information_gain,2000.0,3000.0
kata1-b6c96-s8982784-d2082583-temp-0.5,82,1356.8360281431308,1274.5183150179435,1439.153741268318,1364.6826124924817,-7.8465843493509055,2,a5803f8a5d9d87202b43d709cb328cedaf18c446af448f705c33d553e8c2e9f7,5170ec511fb50cdf10d648416d508574d70e9781ddf156a1b2a86d2b385e94dc,100,1729,maximum_information_gain,2000.0,3000.0
kata1-b6c96-s8982784-d2082583-temp-0.5,84,1358.1680057931624,1276.8172140214424,1439.5187975648823,1364.6826124924817,-6.514606699319302,2,a5803f8a5d9d87202b43d709cb328cedaf18c446af448f705c33d553e8c2e9f7,5170ec511fb50cdf10d648416d508574d70e9781ddf156a1b2a86d2b385e94dc,100,1729,maximum_information_gain,2000.0,3000.0
kata1-b6c96-s8982784-d2082583-temp-0.5,86,1359.4561506285495,1279.0322920802482,1439.8800091768508,1364.6826124924817,-5.2264618639321725,2,a5803f8a5d9d87202b43d709cb328cedaf18c446af448f705c33d553e8c2e9f7,5170ec511fb50cdf10d648416d508574d70e9781ddf156a1b2a86d2b385e94dc,100,1729,maximum_information_gain,2000.0,3000.0
kata1-b6c96-s8982784-d2082583-temp-0.5,88,1360.6830407879954,1281.1505671649613,1440.2155144110295,1364.6826124924817,-3.999571704486243,2,a5803f8a5d9d87202b43d709cb328cedaf18c446af448f705c33d553e8c2e9f7,5170ec511fb50cdf10d648416d508574d70e9781ddf156a1b2a86d2b385e94dc,100,1729,maximum_information_gain,2000.0,3000.0
kata1-b6c96-s8982784-d2082583-temp-0.5,90,1357.625471069011,1278.8570878706048,1436.393854267417,1364.6826124924817,-7.057141423470739,2,a5803f8a5d9d87202b43d709cb328cedaf18c446af448f705c33d553e8c2e9f7,5170ec511fb50cdf10d648416d508574d70e9781ddf156a1b2a86d2b385e94dc,100,1729,maximum_information_gain,2000.0,3000.0
kata1-b6c96-s8982784-d2082583-temp-0.5,92,1350.5676586030427,1272.4258133552228,1428.7095038508626,1364.6826124924817,-14.114953889438993,2,a5803f8a5d9d87202b43d709cb328cedaf18c446af448f705c33d553e8c2e9f7,5170ec511fb50cdf10d648416d508574d70e9781ddf156a1b2a86d2b385e94dc,100,1729,maximum_information_gain,2000.0,3000.0
kata1-b6c96-s8982784-d2082583-temp-0.5,94,1348.2696569195605,1270.8616896575325,1425.6776241815885,1364.6826124924817,-16.41295557292119,2,a5803f8a5d9d87202b43d709cb328cedaf18c446af448f705c33d553e8c2e9f7,5170ec511fb50cdf10d648416d508574d70e9781ddf156a1b2a86d2b385e94dc,100,1729,maximum_information_gain,2000.0,3000.0
kata1-b6c96-s8982784-d2082583-temp-0.5,96,1346.0952985255867,1269.4014869575685,1422.789110093605,1364.6826124924817,-18.587313966894953,2,a5803f8a5d9d87202b43d709cb328cedaf18c446af448f705c33d553e8c2e9f7,5170ec511fb50cdf10d648416d508574d70e9781ddf156a1b2a86d2b385e94dc,100,1729,maximum_information_gain,2000.0,3000.0
kata1-b6c96-s8982784-d2082583-temp-0.5,98,1343.9632440881956,1267.9673564503853,1419.9591317260058,1364.6826124924817,-20.719368404286115,2,a5803f8a5d9d87202b43d709cb328cedaf18c446af448f705c33d553e8c2e9f7,5170ec511fb50cdf10d648416d508574d70e9781ddf156a1b2a86d2b385e94dc,100,1729,maximum_information_gain,2000.0,3000.0
kata1-b6c96-s8982784-d2082583-temp-0.5,100,1349.8222548297176,1274.6704329578413,1424.974076701594,1364.6826124924817,-14.860357662764045,2,a5803f8a5d9d87202b43d709cb328cedaf18c446af448f705c33d553e8c2e9f7,5170ec511fb50cdf10d648416d508574d70e9781ddf156a1b2a86d2b385e94dc,100,1729,maximum_information_gain,2000.0,3000.0
kata1-b6c96-s8080640-d1961030-temp-0.3,2,1158.5092776030658,-1282.8992259777863,3599.917781183918,1413.0572710896483,-254.54799348658253,2,a5803f8a5d9d87202b43d709cb328cedaf18c446af448f705c33d553e8c2e9f7,5170ec511fb50cdf10d648416d508574d70e9781ddf156a1b2a86d2b385e94dc,100,1729,maximum_information_gain,2000.0,3000.0
kata1-b6c96-s8080640-d1961030-temp-0.3,4,1168.0723441882378,685.1986799033473,1650.9460084731284,1413.0572710896483,-244.98492690141052,2,a5803f8a5d9d87202b43d709cb328cedaf18c446af448f705c33d553e8c2e9f7,5170ec511fb50cdf10d648416d508574d70e9781ddf156a1b2a86d2b385e94dc,100,1729,maximum_information_gain,2000.0,3000.0
kata1-b6c96-s8080640-d1961030-temp-0.3,6,1168.2791978264238,822.8215726089778,1513.7368230438697,1413.0572710896483,-244.77807326322454,2,a5803f8a5d9d87202b43d709cb328cedaf18c446af448f705c33d553e8c2e9f7,5170ec511fb50cdf10d648416d508574d70e9781ddf156a1b2a86d2b385e94dc,100,1729,maximum_information_gain,2000.0,3000.0
kata1-b6c96-s8080640-d1961030-temp-0.3,8,1290.9825002128434,994.5131386983376,1587.4518617273493,1413.0572710896483,-122.0747708768049,2,a5803f8a5d9d87202b43d709cb328cedaf18c446af448f705c33d553e8c2e9f7,5170ec511fb50cdf10d648416d508574d70e9781ddf156a1b2a86d2b385e94dc,100,1729,maximum_information_gain,2000.0,3000.0
kata1-b6c96-s8080640-d1961030-temp-0.3,10,1188.539119817435,941.625841242719,1435.4523983921508,1413.0572710896483,-224.51815127221334,2,a5803f8a5d9d87202b43d709cb328cedaf18c446af448f705c33d553e8c2e9f7,5170ec511fb50cdf10d648416d508574d70e9781ddf156a1b2a86d2b385e94dc,100,1729,maximum_information_gain,2000.0,3000.0
kata1-b6c96-s8080640-d1961030-temp-0.3,12,1257.5719130354769,1032.7886313970353,1482.3551946739185,1413.0572710896483,-155.48535805417146,2,a5803f8a5d9d87202b43d709cb328cedaf18c446af448f705c33d553e8c2e9f7,5170ec511fb50cdf10d648416d508574d70e9781ddf156a1b2a86d2b385e94dc,100,1729,maximum_information_gain,2000.0,3000.0
kata1-b6c96-s8080640-d1961030-temp-0.3,14,1255.6285548458313,1051.0528839957087,1460.204225695954,1413.0572710896483,-157.428716243817,2,a5803f8a5d9d87202b43d709cb328cedaf18c446af448f705c33d553e8c2e9f7,5170ec511fb50cdf10d648416d508574d70e9781ddf156a1b2a86d2b385e94dc,100,1729,maximum_information_gain,2000.0,3000.0
kata1-b6c96-s8080640-d1961030-temp-0.3,16,1254.2607431175948,1065.1729760199219,1443.3485102152677,1413.0572710896483,-158.79652797205358,2,a5803f8a5d9d87202b43d709cb328cedaf18c446af448f705c33d553e8c2e9f7,5170ec511fb50cdf10d648416d508574d70e9781ddf156a1b2a86d2b385e94dc,100,1729,maximum_information_gain,2000.0,3000.0
kata1-b6c96-s8080640-d1961030-temp-0.3,18,1300.1375092777741,1119.7718715765764,1480.503146978972,1413.0572710896483,-112.9197618118742,2,a5803f8a5d9d87202b43d709cb328cedaf18c446af448f705c33d553e8c2e9f7,5170ec511fb50cdf10d648416d508574d70e9781ddf156a1b2a86d2b385e94dc,100,1729,maximum_information_gain,2000.0,3000.0
kata1-b6c96-s8080640-d1961030-temp-0.3,20,1337.7807370889436,1163.5936272595718,1511.9678469183154,1413.0572710896483,-75.27653400070471,2,a5803f8a5d9d87202b43d709cb328cedaf18c446af448f705c33d553e8c2e9f7,5170ec511fb50cdf10d648416d508574d70e9781ddf156a1b2a86d2b385e94dc,100,1729,maximum_information_gain,2000.0,3000.0
kata1-b6c96-s8080640-d1961030-temp-0.3,22,1340.6143783849022,1175.8550754181517,1505.3736813516527,1413.0572710896483,-72.4428927047461,2,a5803f8a5d9d87202b43d709cb328cedaf18c446af448f705c33d553e8c2e9f7,5170ec511fb50cdf10d648416d508574d70e9781ddf156a1b2a86d2b385e94dc,100,1729,maximum_information_gain,2000.0,3000.0
kata1-b6c96-s8080640-d1961030-temp-0.3,24,1379.8997237486344,1218.8493575249095,1540.9500899723594,1413.0572710896483,-33.157547341013924,2,a5803f8a5d9d87202b43d709cb328cedaf18c446af448f705c33d553e8c2e9f7,5170ec511fb50cdf10d648416d508574d70e9781ddf156a1b2a86d2b385e94dc,100,1729,maximum_information_gain,2000.0,3000.0
kata1-b6c96-s8080640-d1961030-temp-0.3,26,1378.3008148654878,1225.2137540638782,1531.3878756670974,1413.0572710896483,-34.7564562241605,2,a5803f8a5d9d87202b43d709cb328cedaf18c446af448f705c33d553e8c2e9f7,5170ec511fb50cdf10d648416d508574d70e9781ddf156a1b2a86d2b385e94dc,100,1729,maximum_information_gain,2000.0,3000.0
kata1-b6c96-s8080640-d1961030-temp-0.3,28,1409.0512329973676,1259.0086745585036,1559.0937914362316,1413.0572710896483,-4.006038092280733,2,a5803f8a5d9d87202b43d709cb328cedaf18c446af448f705c33d553e8c2e9f7,5170ec511fb50cdf10d648416d508574d70e9781ddf156a1b2a86d2b385e94dc,100,1729,maximum_information_gain,2000.0,3000.0
kata1-b6c96-s8080640-d1961030-temp-0.3,30,1436.0482038425503,1288.62099535467,1583.4754123304306,1413.0572710896483,22.990932752901927,2,a5803f8a5d9d87202b43d709cb328cedaf18c446af448f705c33d553e8c2e9f7,5170ec511fb50cdf10d648416d508574d70e9781ddf156a1b2a86d2b385e94dc,100,1729,maximum_information_gain,2000.0,3000.0
kata1-b6c96-s8080640-d1961030-temp-0.3,32,1442.2976883563167,1299.8817857478323,1584.7135909648011,1413.0572710896483,29.240417266668373,2,a5803f8a5d9d87202b43d709cb328cedaf18c446af448f705c33d553e8c2e9f7,5170ec511fb50cdf10d648416d508574d70e9781ddf156a1b2a86d2b385e94dc,100,1729,maximum_information_gain,2000.0,3000.0
kata1-b6c96-s8080640-d1961030-temp-0.3,34,1447.674742973454,1309.9197109974705,1585.4297749494374,1413.0572710896483,34.61747188380559,2,a5803f8a5d9d87202b43d709cb328cedaf18c446af448f705c33d553e8c2e9f7,5170ec511fb50cdf10d648416d508574d70e9781ddf156a1b2a86d2b385e94dc,100,1729,maximum_information_gain,2000.0,3000.0
kata1-b6c96-s8080640-d1961030-temp-0.3,36,1452.3152480867095,1318.8825507783808,1585.7479453950382,1413.0572710896483,39.25797699706118,2,a5803f8a5d9d87202b43d709cb328cedaf18c446af448f705c33d553e8c2e9f7,5170ec511fb50cdf10d648416d508574d70e9781ddf156a1b2a86d2b385e94dc,100,1729,maximum_information_gain,2000.0,3000.0
kata1-b6c96-s8080640-d1961030-temp-0.3,38,1456.3656412552532,1326.9332023741388,1585.7980801363676,1413.0572710896483,43.308370165604856,2,a5803f8a5d9d87202b43d709cb328cedaf18c446af448f705c33d553e8c2e9f7,5170ec511fb50cdf10d648416d508574d70e9781ddf156a1b2a86d2b385e94dc,100,1729,maximum_information_gain,2000.0,3000.0
kata1-b6c96-s8080640-d1961030-temp-0.3,40,1437.3306681798013,1313.2425153377628,1561.4188210218397,1413.0572710896483,24.273397090152912,2,a5803f8a5d9d87202b43d709cb328cedaf18c446af448f705c33d553e8c2e9f7,5170ec511fb50cdf10d648416d508574d70e9781ddf156a1b2a86d2b385e94dc,100,1729,maximum_information_gain,2000.0,3000.0
kata1-b6c96-s8080640-d1961030-temp-0.3,42,1412.2504447907436,1293.009161240722,1531.4917283407651,1413.0572710896483,-0.8068262989047525,2,a5803f8a5d9d87202b43d709cb328cedaf18c446af448f705c33d553e8c2e9f7,5170ec511fb50cdf10d648416d508574d70e9781ddf156a1b2a86d2b385e94dc,100,1729,maximum_information_gain,2000.0,3000.0
kata1-b6c96-s8080640-d1961030-temp-0.3,44,1429.194458023432,1312.189073843593,1546.199842203271,1413.0572710896483,16.137186933783596,2,a5803f8a5d9d87202b43d709cb328cedaf18c446af448f705c33d553e8c2e9f7,5170ec511fb50cdf10d648416d508574d70e9781ddf156a1b2a86d2b385e94dc,100,1729,maximum_information_gain,2000.0,3000.0
kata1-b6c96-s8080640-d1961030-temp-0.3,46,1425.7560486696052,1311.8332272410844,1539.678870098126,1413.0572710896483,12.698777579956868,2,a5803f8a5d9d87202b43d709cb328cedaf18c446af448f705c33d553e8c2e9f7,5170ec511fb50cdf10d648416d508574d70e9781ddf156a1b2a86d2b385e94dc,100,1729,maximum_information_gain,2000.0,3000.0
kata1-b6c96-s8080640-d1961030-temp-0.3,48,1422.685123104417,1311.5914369704828,1533.7788092383512,1413.0572710896483,9.627852014768678,2,a5803f8a5d9d87202b43d709cb328cedaf18c446af448f705c33d553e8c2e9f7,5170ec511fb50cdf10d648416d508574d70e9781ddf156a1b2a86d2b385e94dc,100,1729,maximum_information_gain,2000.0,3000.0
kata1-b6c96-s8080640-d1961030-temp-0.3,50,1403.1283578047353,1295.3484872380034,1510.9082283714672,1413.0572710896483,-9.928913284913051,2,a5803f8a5d9d87202b43d709cb328cedaf18c446af448f705c33d553e8c2e9f7,5170ec511fb50cdf10d648416d508574d70e9781ddf156a1b2a86d2b385e94dc,100,1729,maximum_information_gain,2000.0,3000.0
kata1-b6c96-s8080640-d1961030-temp-0.3,52,1401.3455218882048,1295.9154726324161,1506.7755711439934,1413.0572710896483,-11.711749201443581,2,a5803f8a5d9d87202b43d709cb328cedaf18c446af448f705c33d553e8c2e9f7,5170ec511fb50cdf10d648416d508574d70e9781ddf156a1b2a86d2b385e94dc,100,1729,maximum_information_gain,2000.0,3000.0
kata1-b6c96-s8080640-d1961030-temp-0.3,54,1415.0248091949147,1311.2151343383298,1518.8344840514997,1413.0572710896483,1.9675381052663852,2,a5803f8a5d9d87202b43d709cb328cedaf18c446af448f705c33d553e8c2e9f7,5170ec511fb50cdf10d648416d508574d70e9781ddf156a1b2a86d2b385e94dc,100,1729,maximum_information_gain,2000.0,3000.0
kata1-b6c96-s8080640-d1961030-temp-0.3,56,1398.240465808485,1297.0461684215343,1499.4347631954356,1413.0572710896483,-14.816805281163397,2,a5803f8a5d9d87202b43d709cb328cedaf18c446af448f705c33d553e8c2e9f7,5170ec511fb50cdf10d648416d508574d70e9781ddf156a1b2a86d2b385e94dc,100,1729,maximum_information_gain,2000.0,3000.0
kata1-b6c96-s8080640-d1961030-temp-0.3,58,1410.9409120871017,1311.197646144958,1510.6841780292452,1413.0572710896483,-2.1163590025466874,2,a5803f8a5d9d87202b43d709cb328cedaf18c446af448f705c33d553e8c2e9f7,5170ec511fb50cdf10d648416d508574d70e9781ddf156a1b2a86d2b385e94dc,100,1729,maximum_information_gain,2000.0,3000.0
kata1-b6c96-s8080640-d1961030-temp-0.3,60,1395.6054031911501,1298.134489235833,1493.0763171464673,1413.0572710896483,-17.45186789849822,2,a5803f8a5d9d87202b43d709cb328cedaf18c446af448f705c33d553e8c2e9f7,5170ec511fb50cdf10d648416d508574d70e9781ddf156a1b2a86d2b385e94dc,100,1729,maximum_information_gain,2000.0,3000.0
kata1-b6c96-s8080640-d1961030-temp-0.3,62,1387.962217802153,1292.3499175342365,1483.5745180700694,1413.0572710896483,-25.095053287495375,2,a5803f8a5d9d87202b43d709cb328cedaf18c446af448f705c33d553e8c2e9f7,5170ec511fb50cdf10d648416d508574d70e9781ddf156a1b2a86d2b385e94dc,100,1729,maximum_information_gain,2000.0,3000.0
kata1-b6c96-s8080640-d1961030-temp-0.3,64,1399.6151379729365,1305.2820058352222,1493.9482701106508,1413.0572710896483,-13.44213311671183,2,a5803f8a5d9d87202b43d709cb328cedaf18c446af448f705c33d553e8c2e9f7,5170ec511fb50cdf10d648416d508574d70e9781ddf156a1b2a86d2b385e94dc,100,1729,maximum_information_gain,2000.0,3000.0
kata1-b6c96-s8080640-d1961030-temp-0.3,66,1410.558061682593,1317.3863898549537,1503.7297335102323,1413.0572710896483,-2.499209407055332,2,a5803f8a5d9d87202b43d709cb328cedaf18c446af448f705c33d553e8c2e9f7,5170ec511fb50cdf10d648416d508574d70e9781ddf156a1b2a86d2b385e94dc,100,1729,maximum_information_gain,2000.0,3000.0
kata1-b6c96-s8080640-d1961030-temp-0.3,68,1420.8680660367795,1328.7556982820042,1512.9804337915548,1413.0572710896483,7.810794947131171,2,a5803f8a5d9d87202b43d709cb328cedaf18c446af448f705c33d553e8c2e9f7,5170ec511fb50cdf10d648416d508574d70e9781ddf156a1b2a86d2b385e94dc,100,1729,maximum_information_gain,2000.0,3000.0
kata1-b6c96-s8080640-d1961030-temp-0.3,70,1430.6107894342128,1339.4684868288987,1521.753092039527,1413.0572710896483,17.55351834456451,2,a5803f8a5d9d87202b43d709cb328cedaf18c446af448f705c33d553e8c2e9f7,5170ec511fb50cdf10d648416d508574d70e9781ddf156a1b2a86d2b385e94dc,100,1729,maximum_information_gain,2000.0,3000.0
kata1-b6c96-s8080640-d1961030-temp-0.3,72,1421.8281590405693,1332.3235477242004,1511.3327703569382,1413.0572710896483,8.770887950920951,2,a5803f8a5d9d87202b43d709cb328cedaf18c446af448f705c33d553e8c2e9f7,5170ec511fb50cdf10d648416d508574d70e9781ddf156a1b2a86d2b385e94dc,100,1729,maximum_information_gain,2000.0,3000.0
kata1-b6c96-s8080640-d1961030-temp-0.3,74,1420.0633522670091,1331.865035459399,1508.2616690746192,1413.0572710896483,7.006081177360784,2,a5803f8a5d9d87202b43d709cb328cedaf18c446af448f705c33d553e8c2e9f7,5170ec511fb50cdf10d648416d508574d70e9781ddf156a1b2a86d2b385e94dc,100,1729,maximum_information_gain,2000.0,3000.0
kata1-b6c96-s8080640-d1961030-temp-0.3,76,1428.979442776906,1341.6521621578822,1516.3067233959296,1413.0572710896483,15.92217168725756,2,a5803f8a5d9d87202b43d709cb328cedaf18c446af448f705c33d553e8c2e9f7,5170ec511fb50cdf10d648416d508574d70e9781ddf156a1b2a86d2b385e94dc,100,1729,maximum_information_gain,2000.0,3000.0
kata1-b6c96-s8080640-d1961030-temp-0.3,78,1416.8144948554761,1331.0476682607332,1502.581321450219,1413.0572710896483,3.7572237658278027,2,a5803f8a5d9d87202b43d709cb328cedaf18c446af448f705c33d553e8c2e9f7,5170ec511fb50cdf10d648416d508574d70e9781ddf156a1b2a86d2b385e94dc,100,1729,maximum_information_gain,2000.0,3000.0
kata1-b6c96-s8080640-d1961030-temp-0.3,80,1415.3132945332452,1330.6807784194773,1499.945810647013,1413.0572710896483,2.2560234435968596,2,a5803f8a5d9d87202b43d709cb328cedaf18c446af448f705c33d553e8c2e9f7,5170ec511fb50cdf10d648416d508574d70e9781ddf156a1b2a86d2b385e94dc,100,1729,maximum_information_gain,2000.0,3000.0
kata1-b6c96-s8080640-d1961030-temp-0.3,82,1413.892815876256,1330.3449615454479,1497.4406702070642,1413.0572710896483,0.8355447866076702,2,a5803f8a5d9d87202b43d709cb328cedaf18c446af448f705c33d553e8c2e9f7,5170ec511fb50cdf10d648416d508574d70e9781ddf156a1b2a86d2b385e94dc,100,1729,maximum_information_gain,2000.0,3000.0
kata1-b6c96-s8080640-d1961030-temp-0.3,84,1412.5466273689997,1330.0372868316688,1495.0559679063306,1413.0572710896483,-0.5106437206486589,2,a5803f8a5d9d87202b43d709cb328cedaf18c446af448f705c33d553e8c2e9f7,5170ec511fb50cdf10d648416d508574d70e9781ddf156a1b2a86d2b385e94dc,100,1729,maximum_information_gain,2000.0,3000.0
kata1-b6c96-s8080640-d1961030-temp-0.3,86,1411.2941949649855,1329.7784572875482,1492.8099326424228,1413.0572710896483,-1.7630761246628026,2,a5803f8a5d9d87202b43d709cb328cedaf18c446af448f705c33d553e8c2e9f7,5170ec511fb50cdf10d648416d508574d70e9781ddf156a1b2a86d2b385e94dc,100,1729,maximum_information_gain,2000.0,3000.0
kata1-b6c96-s8080640-d1961030-temp-0.3,88,1419.048984001327,1338.2359645076017,1499.8620034950522,1413.0572710896483,5.991712911678633,2,a5803f8a5d9d87202b43d709cb328cedaf18c446af448f705c33d553e8c2e9f7,5170ec511fb50cdf10d648416d508574d70e9781ddf156a1b2a86d2b385e94dc,100,1729,maximum_information_gain,2000.0,3000.0
kata1-b6c96-s8080640-d1961030-temp-0.3,90,1417.6696381699576,1337.7892692746789,1497.5500070652363,1413.0572710896483,4.612367080309241,2,a5803f8a5d9d87202b43d709cb328cedaf18c446af448f705c33d553e8c2e9f7,5170ec511fb50cdf10d648416d508574d70e9781ddf156a1b2a86d2b385e94dc,100,1729,maximum_information_gain,2000.0,3000.0
kata1-b6c96-s8080640-d1961030-temp-0.3,92,1424.9444038091378,1345.6992234150484,1504.1895842032272,1413.0572710896483,11.8871327194895,2,a5803f8a5d9d87202b43d709cb328cedaf18c446af448f705c33d553e8c2e9f7,5170ec511fb50cdf10d648416d508574d70e9781ddf156a1b2a86d2b385e94dc,100,1729,maximum_information_gain,2000.0,3000.0
kata1-b6c96-s8080640-d1961030-temp-0.3,94,1426.9893218463994,1348.5145963764035,1505.4640473163954,1413.0572710896483,13.932050756751096,2,a5803f8a5d9d87202b43d709cb328cedaf18c446af448f705c33d553e8c2e9f7,5170ec511fb50cdf10d648416d508574d70e9781ddf156a1b2a86d2b385e94dc,100,1729,maximum_information_gain,2000.0,3000.0
kata1-b6c96-s8080640-d1961030-temp-0.3,96,1429.0855950923974,1351.35688576476,1506.814304420035,1413.0572710896483,16.02832400274906,2,a5803f8a5d9d87202b43d709cb328cedaf18c446af448f705c33d553e8c2e9f7,5170ec511fb50cdf10d648416d508574d70e9781ddf156a1b2a86d2b385e94dc,100,1729,maximum_information_gain,2000.0,3000.0
kata1-b6c96-s8080640-d1961030-temp-0.3,98,1430.975790624032,1353.9770072804856,1507.9745739675784,1413.0572710896483,17.918519534383677,2,a5803f8a5d9d87202b43d709cb328cedaf18c446af448f705c33d553e8c2e9f7,5170ec511fb50cdf10d648416d508574d70e9781ddf156a1b2a86d2b385e94dc,100,1729,maximum_information_gain,2000.0,3000.0
kata1-b6c96-s8080640-d1961030-temp-0.3,100,1432.765777106615,1356.4795964977964,1509.0519577154334,1413.0572710896483,19.708506016966567,2,a5803f8a5d9d87202b43d709cb328cedaf18c446af448f705c33d553e8c2e9f7,5170ec511fb50cdf10d648416d508574d70e9781ddf156a1b2a86d2b385e94dc,100,1729,maximum_information_gain,2000.0,3000.0
kata1-b6c96-s8982784-d2082583,2,1165.5048542597435,-1284.3022468376091,3615.311955357096,1573.370050307006,-407.86519604726254,2,a5803f8a5d9d87202b43d709cb328cedaf18c446af448f705c33d553e8c2e9f7,5170ec511fb50cdf10d648416d508574d70e9781ddf156a1b2a86d2b385e94dc,100,1729,maximum_information_gain,2000.0,3000.0
kata1-b6c96-s8982784-d2082583,4,1597.4859417583373,988.5825716707502,2206.3893118459246,1573.370050307006,24.11589145133121,2,a5803f8a5d9d87202b43d709cb328cedaf18c446af448f705c33d553e8c2e9f7,5170ec511fb50cdf10d648416d508574d70e9781ddf156a1b2a86d2b385e94dc,100,1729,maximum_information_gain,2000.0,3000.0
kata1-b6c96-s8982784-d2082583,6,1588.5115090345419,1207.023547543079,1969.9994705260046,1573.370050307006,15.141458727535792,2,a5803f8a5d9d87202b43d709cb328cedaf18c446af448f705c33d553e8c2e9f7,5170ec511fb50cdf10d648416d508574d70e9781ddf156a1b2a86d2b385e94dc,100,1729,maximum_information_gain,2000.0,3000.0
kata1-b6c96-s8982784-d2082583,8,1724.8701947203988,1412.3425721797867,2037.397817261011,1573.370050307006,151.50014441339272,2,a5803f8a5d9d87202b43d709cb328cedaf18c446af448f705c33d553e8c2e9f7,5170ec511fb50cdf10d648416d508574d70e9781ddf156a1b2a86d2b385e94dc,100,1729,maximum_information_gain,2000.0,3000.0
kata1-b6c96-s8982784-d2082583,10,1628.1802625085877,1367.3105724894667,1889.0499525277087,1573.370050307006,54.810212201581635,2,a5803f8a5d9d87202b43d709cb328cedaf18c446af448f705c33d553e8c2e9f7,5170ec511fb50cdf10d648416d508574d70e9781ddf156a1b2a86d2b385e94dc,100,1729,maximum_information_gain,2000.0,3000.0
kata1-b6c96-s8982784-d2082583,12,1626.3062057671546,1395.8055675054277,1856.8068440288814,1573.370050307006,52.936155460148484,2,a5803f8a5d9d87202b43d709cb328cedaf18c446af448f705c33d553e8c2e9f7,5170ec511fb50cdf10d648416d508574d70e9781ddf156a1b2a86d2b385e94dc,100,1729,maximum_information_gain,2000.0,3000.0
kata1-b6c96-s8982784-d2082583,14,1625.0946258712352,1416.260742366341,1833.9285093761293,1573.370050307006,51.7245755642291,2,a5803f8a5d9d87202b43d709cb328cedaf18c446af448f705c33d553e8c2e9f7,5170ec511fb50cdf10d648416d508574d70e9781ddf156a1b2a86d2b385e94dc,100,1729,maximum_information_gain,2000.0,3000.0
kata1-b6c96-s8982784-d2082583,16,1624.271995467348,1431.8774613085811,1816.6665296261149,1573.370050307006,50.90194516034194,2,a5803f8a5d9d87202b43d709cb328cedaf18c446af448f705c33d553e8c2e9f7,5170ec511fb50cdf10d648416d508574d70e9781ddf156a1b2a86d2b385e94dc,100,1729,maximum_information_gain,2000.0,3000.0
kata1-b6c96-s8982784-d2082583,18,1623.650286758145,1444.2811431821965,1803.0194303340936,1573.370050307006,50.28023645113899,2,a5803f8a5d9d87202b43d709cb328cedaf18c446af448f705c33d553e8c2e9f7,5170ec511fb50cdf10d648416d508574d70e9781ddf156a1b2a86d2b385e94dc,100,1729,maximum_information_gain,2000.0,3000.0
kata1-b6c96-s8982784-d2082583,20,1665.0667127732886,1495.6677455850302,1834.465679961547,1573.370050307006,91.69666246628253,2,a5803f8a5d9d87202b43d709cb328cedaf18c446af448f705c33d553e8c2e9f7,5170ec511fb50cdf10d648416d508574d70e9781ddf156a1b2a86d2b385e94dc,100,1729,maximum_information_gain,2000.0,3000.0
kata1-b6c96-s8982784-d2082583,22,1628.549581857512,1468.6662999687546,1788.4328637462695,1573.370050307006,55.179531550506,2,a5803f8a5d9d87202b43d709cb328cedaf18c446af448f705c33d553e8c2e9f7,5170ec511fb50cdf10d648416d508574d70e9781ddf156a1b2a86d2b385e94dc,100,1729,maximum_information_gain,2000.0,3000.0
kata1-b6c96-s8982784-d2082583,24,1596.8543439920102,1443.87310649374,1749.8355814902804,1573.370050307006,23.484293685004104,2,a5803f8a5d9d87202b43d709cb328cedaf18c446af448f705c33d553e8c2e9f7,5170ec511fb50cdf10d648416d508574d70e9781ddf156a1b2a86d2b385e94dc,100,1729,maximum_information_gain,2000.0,3000.0
kata1-b6c96-s8982784-d2082583,26,1563.9566300649738,1416.1376230925334,1711.775637037414,1573.370050307006,-9.413420242032316,2,a5803f8a5d9d87202b43d709cb328cedaf18c446af448f705c33d553e8c2e9f7,5170ec511fb50cdf10d648416d508574d70e9781ddf156a1b2a86d2b385e94dc,100,1729,maximum_information_gain,2000.0,3000.0
kata1-b6c96-s8982784-d2082583,28,1580.075952778093,1439.084759355167,1721.067146201019,1573.370050307006,6.705902471087029,2,a5803f8a5d9d87202b43d709cb328cedaf18c446af448f705c33d553e8c2e9f7,5170ec511fb50cdf10d648416d508574d70e9781ddf156a1b2a86d2b385e94dc,100,1729,maximum_information_gain,2000.0,3000.0
kata1-b6c96-s8982784-d2082583,30,1553.1792997373725,1416.1223603903466,1690.2362390843984,1573.370050307006,-20.190750569633565,2,a5803f8a5d9d87202b43d709cb328cedaf18c446af448f705c33d553e8c2e9f7,5170ec511fb50cdf10d648416d508574d70e9781ddf156a1b2a86d2b385e94dc,100,1729,maximum_information_gain,2000.0,3000.0
kata1-b6c96-s8982784-d2082583,32,1576.909821079652,1445.7030447986626,1708.1165973606412,1573.370050307006,3.539770772645852,2,a5803f8a5d9d87202b43d709cb328cedaf18c446af448f705c33d553e8c2e9f7,5170ec511fb50cdf10d648416d508574d70e9781ddf156a1b2a86d2b385e94dc,100,1729,maximum_information_gain,2000.0,3000.0
kata1-b6c96-s8982784-d2082583,34,1600.5616992640535,1474.0723534370022,1727.0510450911047,1573.370050307006,27.19164895704739,2,a5803f8a5d9d87202b43d709cb328cedaf18c446af448f705c33d553e8c2e9f7,5170ec511fb50cdf10d648416d508574d70e9781ddf156a1b2a86d2b385e94dc,100,1729,maximum_information_gain,2000.0,3000.0
kata1-b6c96-s8982784-d2082583,36,1579.867553312966,1456.7549607184176,1702.9801459075145,1573.370050307006,6.49750300595997,2,a5803f8a5d9d87202b43d709cb328cedaf18c446af448f705c33d553e8c2e9f7,5170ec511fb50cdf10d648416d508574d70e9781ddf156a1b2a86d2b385e94dc,100,1729,maximum_information_gain,2000.0,3000.0
kata1-b6c96-s8982784-d2082583,38,1559.252226466377,1438.9359659863808,1679.568486946373,1573.370050307006,-14.117823840629171,2,a5803f8a5d9d87202b43d709cb328cedaf18c446af448f705c33d553e8c2e9f7,5170ec511fb50cdf10d648416d508574d70e9781ddf156a1b2a86d2b385e94dc,100,1729,maximum_information_gain,2000.0,3000.0
kata1-b6c96-s8982784-d2082583,40,1577.399919841717,1460.871000360981,1693.928839322453,1573.370050307006,4.029869534710997,2,a5803f8a5d9d87202b43d709cb328cedaf18c446af448f705c33d553e8c2e9f7,5170ec511fb50cdf10d648416d508574d70e9781ddf156a1b2a86d2b385e94dc,100,1729,maximum_information_gain,2000.0,3000.0
kata1-b6c96-s8982784-d2082583,42,1596.1642292803506,1482.8518491704176,1709.4766093902836,1573.370050307006,22.794178973344515,2,a5803f8a5d9d87202b43d709cb328cedaf18c446af448f705c33d553e8c2e9f7,5170ec511fb50cdf10d648416d508574d70e9781ddf156a1b2a86d2b385e94dc,100,1729,maximum_information_gain,2000.0,3000.0
kata1-b6c96-s8982784-d2082583,44,1597.3213888205557,1486.7112365239702,1707.9315411171413,1573.370050307006,23.951338513549672,2,a5803f8a5d9d87202b43d709cb328cedaf18c446af448f705c33d553e8c2e9f7,5170ec511fb50cdf10d648416d508574d70e9781ddf156a1b2a86d2b385e94dc,100,1729,maximum_information_gain,2000.0,3000.0
kata1-b6c96-s8982784-d2082583,46,1588.2772818516914,1480.082029609776,1696.4725340936068,1573.370050307006,14.907231544685374,2,a5803f8a5d9d87202b43d709cb328cedaf18c446af448f705c33d553e8c2e9f7,5170ec511fb50cdf10d648416d508574d70e9781ddf156a1b2a86d2b385e94dc,100,1729,maximum_information_gain,2000.0,3000.0
kata1-b6c96-s8982784-d2082583,48,1588.0398341184093,1482.175569734903,1693.9040985019155,1573.370050307006,14.66978381140325,2,a5803f8a5d9d87202b43d709cb328cedaf18c446af448f705c33d553e8c2e9f7,5170ec511fb50cdf10d648416d508574d70e9781ddf156a1b2a86d2b385e94dc,100,1729,maximum_information_gain,2000.0,3000.0
kata1-b6c96-s8982784-d2082583,50,1603.0916479920413,1499.49379574478,1706.6895002393026,1573.370050307006,29.72159768503525,2,a5803f8a5d9d87202b43d709cb328cedaf18c446af448f705c33d553e8c2e9f7,5170ec511fb50cdf10d648416d508574d70e9781ddf156a1b2a86d2b385e94dc,100,1729,maximum_information_gain,2000.0,3000.0
kata1-b6c96-s8982784-d2082583,52,1603.7781860745722,1502.222936660931,1705.3334354882134,1573.370050307006,30.408135767566137,2,a5803f8a5d9d87202b43d709cb328cedaf18c446af448f705c33d553e8c2e9f7,5170ec511fb50cdf10d648416d508574d70e9781ddf156a1b2a86d2b385e94dc,100,1729,maximum_information_gain,2000.0,3000.0
kata1-b6c96-s8982784-d2082583,54,1590.3065336341458,1490.5924072219123,1690.0206600463794,1573.370050307006,16.93648332713974,2,a5803f8a5d9d87202b43d709cb328cedaf18c446af448f705c33d553e8c2e9f7,5170ec511fb50cdf10d648416d508574d70e9781ddf156a1b2a86d2b385e94dc,100,1729,maximum_information_gain,2000.0,3000.0
kata1-b6c96-s8982784-d2082583,56,1576.4291789607234,1478.3309680156483,1674.5273899057986,1573.370050307006,3.05912865371738,2,a5803f8a5d9d87202b43d709cb328cedaf18c446af448f705c33d553e8c2e9f7,5170ec511fb50cdf10d648416d508574d70e9781ddf156a1b2a86d2b385e94dc,100,1729,maximum_information_gain,2000.0,3000.0
kata1-b6c96-s8982784-d2082583,58,1576.6490163792892,1480.269057297176,1673.0289754614023,1573.370050307006,3.278966072283083,2,a5803f8a5d9d87202b43d709cb328cedaf18c446af448f705c33d553e8c2e9f7,5170ec511fb50cdf10d648416d508574d70e9781ddf156a1b2a86d2b385e94dc,100,1729,maximum_information_gain,2000.0,3000.0
kata1-b6c96-s8982784-d2082583,60,1564.1886333493644,1469.1725527837389,1659.20471391499,1573.370050307006,-9.181416957641659,2,a5803f8a5d9d87202b43d709cb328cedaf18c446af448f705c33d553e8c2e9f7,5170ec511fb50cdf10d648416d508574d70e9781ddf156a1b2a86d2b385e94dc,100,1729,maximum_information_gain,2000.0,3000.0
kata1-b6c96-s8982784-d2082583,62,1569.2045781035113,1475.8465596199028,1662.5625965871197,1573.370050307006,-4.165472203494801,2,a5803f8a5d9d87202b43d709cb328cedaf18c446af448f705c33d553e8c2e9f7,5170ec511fb50cdf10d648416d508574d70e9781ddf156a1b2a86d2b385e94dc,100,1729,maximum_information_gain,2000.0,3000.0
kata1-b6c96-s8982784-d2082583,64,1579.4649733838564,1487.7157888878294,1671.2141578798835,1573.370050307006,6.094923076850364,2,a5803f8a5d9d87202b43d709cb328cedaf18c446af448f705c33d553e8c2e9f7,5170ec511fb50cdf10d648416d508574d70e9781ddf156a1b2a86d2b385e94dc,100,1729,maximum_information_gain,2000.0,3000.0
kata1-b6c96-s8982784-d2082583,66,1579.5861941495446,1489.2196031940089,1669.9527851050802,1573.370050307006,6.216143842538486,2,a5803f8a5d9d87202b43d709cb328cedaf18c446af448f705c33d553e8c2e9f7,5170ec511fb50cdf10d648416d508574d70e9781ddf156a1b2a86d2b385e94dc,100,1729,maximum_information_gain,2000.0,3000.0
kata1-b6c96-s8982784-d2082583,68,1568.6083630610954,1479.4103915489652,1657.8063345732255,1573.370050307006,-4.761687245910707,2,a5803f8a5d9d87202b43d709cb328cedaf18c446af448f705c33d553e8c2e9f7,5170ec511fb50cdf10d648416d508574d70e9781ddf156a1b2a86d2b385e94dc,100,1729,maximum_information_gain,2000.0,3000.0
kata1-b6c96-s8982784-d2082583,70,1578.2885475986536,1490.4754126277603,1666.101682569547,1573.370050307006,4.9184972916475544,2,a5803f8a5d9d87202b43d709cb328cedaf18c446af448f705c33d553e8c2e9f7,5170ec511fb50cdf10d648416d508574d70e9781ddf156a1b2a86d2b385e94dc,100,1729,maximum_information_gain,2000.0,3000.0
kata1-b6c96-s8982784-d2082583,72,1578.4418657702665,1491.827249121256,1665.056482419277,1573.370050307006,5.071815463260464,2,a5803f8a5d9d87202b43d709cb328cedaf18c446af448f705c33d553e8c2e9f7,5170ec511fb50cdf10d648416d508574d70e9781ddf156a1b2a86d2b385e94dc,100,1729,maximum_information_gain,2000.0,3000.0
kata1-b6c96-s8982784-d2082583,74,1578.5868370922924,1493.1171850294818,1664.056489155103,1573.370050307006,5.216786785286331,2,a5803f8a5d9d87202b43d709cb328cedaf18c446af448f705c33d553e8c2e9f7,5170ec511fb50cdf10d648416d508574d70e9781ddf156a1b2a86d2b385e94dc,100,1729,maximum_information_gain,2000.0,3000.0
kata1-b6c96-s8982784-d2082583,76,1579.7306714934332,1495.3660185921362,1664.0953243947301,1573.370050307006,6.3606211864271245,2,a5803f8a5d9d87202b43d709cb328cedaf18c446af448f705c33d553e8c2e9f7,5170ec511fb50cdf10d648416d508574d70e9781ddf156a1b2a86d2b385e94dc,100,1729,maximum_information_gain,2000.0,3000.0
kata1-b6c96-s8982784-d2082583,78,1579.8157446361324,1496.5035091657653,1663.1279801064995,1573.370050307006,6.445694329126354,2,a5803f8a5d9d87202b43d709cb328cedaf18c446af448f705c33d553e8c2e9f7,5170ec511fb50cdf10d648416d508574d70e9781ddf156a1b2a86d2b385e94dc,100,1729,maximum_information_gain,2000.0,3000.0
kata1-b6c96-s8982784-d2082583,80,1590.2292531041767,1507.9859892606137,1672.4725169477397,1573.370050307006,16.85920279717061,2,a5803f8a5d9d87202b43d709cb328cedaf18c446af448f705c33d553e8c2e9f7,5170ec511fb50cdf10d648416d508574d70e9781ddf156a1b2a86d2b385e94dc,100,1729,maximum_information_gain,2000.0,3000.0
kata1-b6c96-s8982784-d2082583,82,1590.982934810951,1509.7115806956576,1672.2542889262445,1573.370050307006,17.612884503944997,2,a5803f8a5d9d87202b43d709cb328cedaf18c446af448f705c33d553e8c2e9f7,5170ec511fb50cdf10d648416d508574d70e9781ddf156a1b2a86d2b385e94dc,100,1729,maximum_information_gain,2000.0,3000.0
kata1-b6c96-s8982784-d2082583,84,1591.698883267706,1511.361267694584,1672.0364988408278,1573.370050307006,18.328832960699856,2,a5803f8a5d9d87202b43d709cb328cedaf18c446af448f705c33d553e8c2e9f7,5170ec511fb50cdf10d648416d508574d70e9781ddf156a1b2a86d2b385e94dc,100,1729,maximum_information_gain,2000.0,3000.0
kata1-b6c96-s8982784-d2082583,86,1592.3798855183927,1512.9402007509498,1671.8195702858357,1573.370050307006,19.009835211386644,2,a5803f8a5d9d87202b43d709cb328cedaf18c446af448f705c33d553e8c2e9f7,5170ec511fb50cdf10d648416d508574d70e9781ddf156a1b2a86d2b385e94dc,100,1729,maximum_information_gain,2000.0,3000.0
kata1-b6c96-s8982784-d2082583,88,1593.0092645414227,1514.43617633645,1671.5823527463954,1573.370050307006,19.639214234416613,2,a5803f8a5d9d87202b43d709cb328cedaf18c446af448f705c33d553e8c2e9f7,5170ec511fb50cdf10d648416d508574d70e9781ddf156a1b2a86d2b385e94dc,100,1729,maximum_information_gain,2000.0,3000.0
kata1-b6c96-s8982784-d2082583,90,1585.3518495119365,1507.573115955618,1663.130583068255,1573.370050307006,11.98179920493044,2,a5803f8a5d9d87202b43d709cb328cedaf18c446af448f705c33d553e8c2e9f7,5170ec511fb50cdf10d648416d508574d70e9781ddf156a1b2a86d2b385e94dc,100,1729,maximum_information_gain,2000.0,3000.0
kata1-b6c96-s8982784-d2082583,92,1577.2285381292322,1500.1859533929598,1654.2711228655046,1573.370050307006,3.8584878222261523,2,a5803f8a5d9d87202b43d709cb328cedaf18c446af448f705c33d553e8c2e9f7,5170ec511fb50cdf10d648416d508574d70e9781ddf156a1b2a86d2b385e94dc,100,1729,maximum_information_gain,2000.0,3000.0
kata1-b6c96-s8982784-d2082583,94,1567.859801967432,1491.4909685156388,1644.2286354192254,1573.370050307006,-5.510248339573991,2,a5803f8a5d9d87202b43d709cb328cedaf18c446af448f705c33d553e8c2e9f7,5170ec511fb50cdf10d648416d508574d70e9781ddf156a1b2a86d2b385e94dc,100,1729,maximum_information_gain,2000.0,3000.0
kata1-b6c96-s8982784-d2082583,96,1566.7822722283802,1491.1628524737332,1642.4016919830271,1573.370050307006,-6.587778078625888,2,a5803f8a5d9d87202b43d709cb328cedaf18c446af448f705c33d553e8c2e9f7,5170ec511fb50cdf10d648416d508574d70e9781ddf156a1b2a86d2b385e94dc,100,1729,maximum_information_gain,2000.0,3000.0
kata1-b6c96-s8982784-d2082583,98,1573.661424878854,1498.8563657548882,1648.4664840028197,1573.370050307006,0.2913745718478822,2,a5803f8a5d9d87202b43d709cb328cedaf18c446af448f705c33d553e8c2e9f7,5170ec511fb50cdf10d648416d508574d70e9781ddf156a1b2a86d2b385e94dc,100,1729,maximum_information_gain,2000.0,3000.0
kata1-b6c96-s8982784-d2082583,100,1564.9558836089027,1490.7702555932942,1639.1415116245112,1573.370050307006,-8.414166698103372,2,a5803f8a5d9d87202b43d709cb328cedaf18c446af448f705c33d553e8c2e9f7,5170ec511fb50cdf10d648416d508574d70e9781ddf156a1b2a86d2b385e94dc,100,1729,maximum_information_gain,2000.0,3000.0
kata1-b6c96-s10014464-d2201128,2,1168.6766672139572,-1284.9024775648352,3622.25581199275,1655.0650946473024,-486.3884274333452,2,a5803f8a5d9d87202b43d709cb328cedaf18c446af448f705c33d553e8c2e9f7,5170ec511fb50cdf10d648416d508574d70e9781ddf156a1b2a86d2b385e94dc,100,1729,maximum_information_gain,2000.0,3000.0
kata1-b6c96-s10014464-d2201128,4,1598.2699416077355,985.3952189611571,2211.144664254314,1655.0650946473024,-56.79515303956691,2,a5803f8a5d9d87202b43d709cb328cedaf18c446af448f705c33d553e8c2e9f7,5170ec511fb50cdf10d648416d508574d70e9781ddf156a1b2a86d2b385e94dc,100,1729,maximum_information_gain,2000.0,3000.0
kata1-b6c96-s10014464-d2201128,6,1700.094623331697,1313.647832752626,2086.541413910768,1655.0650946473024,45.02952868439456,2,a5803f8a5d9d87202b43d709cb328cedaf18c446af448f705c33d553e8c2e9f7,5170ec511fb50cdf10d648416d508574d70e9781ddf156a1b2a86d2b385e94dc,100,1729,maximum_information_gain,2000.0,3000.0
kata1-b6c96-s10014464-d2201128,8,1691.6015744250674,1388.514503290997,1994.6886455591377,1655.0650946473024,36.53647977776495,2,a5803f8a5d9d87202b43d709cb328cedaf18c446af448f705c33d553e8c2e9f7,5170ec511fb50cdf10d648416d508574d70e9781ddf156a1b2a86d2b385e94dc,100,1729,maximum_information_gain,2000.0,3000.0
kata1-b6c96-s10014464-d2201128,10,1588.599213813672,1327.5506444086602,1849.6477832186836,1655.0650946473024,-66.46588083363054,2,a5803f8a5d9d87202b43d709cb328cedaf18c446af448f705c33d553e8c2e9f7,5170ec511fb50cdf10d648416d508574d70e9781ddf156a1b2a86d2b385e94dc,100,1729,maximum_information_gain,2000.0,3000.0
kata1-b6c96-s10014464-d2201128,12,1665.8325285992807,1436.4899729697586,1895.175084228803,1655.0650946473024,10.767433951978319,2,a5803f8a5d9d87202b43d709cb328cedaf18c446af448f705c33d553e8c2e9f7,5170ec511fb50cdf10d648416d508574d70e9781ddf156a1b2a86d2b385e94dc,100,1729,maximum_information_gain,2000.0,3000.0
kata1-b6c96-s10014464-d2201128,14,1668.080375598305,1460.0764246211643,1876.0843265754456,1655.0650946473024,13.015280951002524,2,a5803f8a5d9d87202b43d709cb328cedaf18c446af448f705c33d553e8c2e9f7,5170ec511fb50cdf10d648416d508574d70e9781ddf156a1b2a86d2b385e94dc,100,1729,maximum_information_gain,2000.0,3000.0
kata1-b6c96-s10014464-d2201128,16,1669.6454388993811,1477.889959183496,1861.4009186152662,1655.0650946473024,14.580344252078703,2,a5803f8a5d9d87202b43d709cb328cedaf18c446af448f705c33d553e8c2e9f7,5170ec511fb50cdf10d648416d508574d70e9781ddf156a1b2a86d2b385e94dc,100,1729,maximum_information_gain,2000.0,3000.0
kata1-b6c96-s10014464-d2201128,18,1718.1665956434836,1537.5502138787758,1898.7829774081913,1655.0650946473024,63.10150099618113,2,a5803f8a5d9d87202b43d709cb328cedaf18c446af448f705c33d553e8c2e9f7,5170ec511fb50cdf10d648416d508574d70e9781ddf156a1b2a86d2b385e94dc,100,1729,maximum_information_gain,2000.0,3000.0
kata1-b6c96-s10014464-d2201128,20,1679.2082760249507,1510.5701446304472,1847.8464074194542,1655.0650946473024,24.14318137764826,2,a5803f8a5d9d87202b43d709cb328cedaf18c446af448f705c33d553e8c2e9f7,5170ec511fb50cdf10d648416d508574d70e9781ddf156a1b2a86d2b385e94dc,100,1729,maximum_information_gain,2000.0,3000.0
kata1-b6c96-s10014464-d2201128,22,1679.0961856923345,1519.3685039334744,1838.8238674511947,1655.0650946473024,24.0310910450321,2,a5803f8a5d9d87202b43d709cb328cedaf18c446af448f705c33d553e8c2e9f7,5170ec511fb50cdf10d648416d508574d70e9781ddf156a1b2a86d2b385e94dc,100,1729,maximum_information_gain,2000.0,3000.0
kata1-b6c96-s10014464-d2201128,24,1679.0071795596002,1526.8727630050766,1831.1415961141238,1655.0650946473024,23.942084912297787,2,a5803f8a5d9d87202b43d709cb328cedaf18c446af448f705c33d553e8c2e9f7,5170ec511fb50cdf10d648416d508574d70e9781ddf156a1b2a86d2b385e94dc,100,1729,maximum_information_gain,2000.0,3000.0
kata1-b6c96-s10014464-d2201128,26,1709.8541282607682,1563.6960447338013,1856.0122117877352,1655.0650946473024,54.78903361346579,2,a5803f8a5d9d87202b43d709cb328cedaf18c446af448f705c33d553e8c2e9f7,5170ec511fb50cdf10d648416d508574d70e9781ddf156a1b2a86d2b385e94dc,100,1729,maximum_information_gain,2000.0,3000.0
kata1-b6c96-s10014464-d2201128,28,1712.6649381500313,1572.2680488171798,1853.0618274828828,1655.0650946473024,57.599843502728845,2,a5803f8a5d9d87202b43d709cb328cedaf18c446af448f705c33d553e8c2e9f7,5170ec511fb50cdf10d648416d508574d70e9781ddf156a1b2a86d2b385e94dc,100,1729,maximum_information_gain,2000.0,3000.0
kata1-b6c96-s10014464-d2201128,30,1741.9933076259922,1605.7279640363404,1878.258651215644,1655.0650946473024,86.92821297868977,2,a5803f8a5d9d87202b43d709cb328cedaf18c446af448f705c33d553e8c2e9f7,5170ec511fb50cdf10d648416d508574d70e9781ddf156a1b2a86d2b385e94dc,100,1729,maximum_information_gain,2000.0,3000.0
kata1-b6c96-s10014464-d2201128,32,1742.1629021207696,1610.6652058413313,1873.6605984002078,1655.0650946473024,87.09780747346713,2,a5803f8a5d9d87202b43d709cb328cedaf18c446af448f705c33d553e8c2e9f7,5170ec511fb50cdf10d648416d508574d70e9781ddf156a1b2a86d2b385e94dc,100,1729,maximum_information_gain,2000.0,3000.0
kata1-b6c96-s10014464-d2201128,34,1719.1034180374575,1592.5735192375855,1845.6333168373294,1655.0650946473024,64.03832339015503,2,a5803f8a5d9d87202b43d709cb328cedaf18c446af448f705c33d553e8c2e9f7,5170ec511fb50cdf10d648416d508574d70e9781ddf156a1b2a86d2b385e94dc,100,1729,maximum_information_gain,2000.0,3000.0
kata1-b6c96-s10014464-d2201128,36,1698.9256026188255,1576.3640971522507,1821.4871080854002,1655.0650946473024,43.86050797152302,2,a5803f8a5d9d87202b43d709cb328cedaf18c446af448f705c33d553e8c2e9f7,5170ec511fb50cdf10d648416d508574d70e9781ddf156a1b2a86d2b385e94dc,100,1729,maximum_information_gain,2000.0,3000.0
kata1-b6c96-s10014464-d2201128,38,1718.1441187905623,1598.8247032803874,1837.4635343007371,1655.0650946473024,63.07902414325986,2,a5803f8a5d9d87202b43d709cb328cedaf18c446af448f705c33d553e8c2e9f7,5170ec511fb50cdf10d648416d508574d70e9781ddf156a1b2a86d2b385e94dc,100,1729,maximum_information_gain,2000.0,3000.0
kata1-b6c96-s10014464-d2201128,40,1719.6072943192723,1603.432346494017,1835.7822421445276,1655.0650946473024,64.54219967196991,2,a5803f8a5d9d87202b43d709cb328cedaf18c446af448f705c33d553e8c2e9f7,5170ec511fb50cdf10d648416d508574d70e9781ddf156a1b2a86d2b385e94dc,100,1729,maximum_information_gain,2000.0,3000.0
kata1-b6c96-s10014464-d2201128,42,1720.995101373484,1607.7182044021865,1834.2719983447814,1655.0650946473024,65.93000672618155,2,a5803f8a5d9d87202b43d709cb328cedaf18c446af448f705c33d553e8c2e9f7,5170ec511fb50cdf10d648416d508574d70e9781ddf156a1b2a86d2b385e94dc,100,1729,maximum_information_gain,2000.0,3000.0
kata1-b6c96-s10014464-d2201128,44,1722.176143524468,1611.5822881913807,1832.7699988575553,1655.0650946473024,67.11104887716556,2,a5803f8a5d9d87202b43d709cb328cedaf18c446af448f705c33d553e8c2e9f7,5170ec511fb50cdf10d648416d508574d70e9781ddf156a1b2a86d2b385e94dc,100,1729,maximum_information_gain,2000.0,3000.0
kata1-b6c96-s10014464-d2201128,46,1723.2248807153442,1615.1236199873717,1831.3261414433166,1655.0650946473024,68.15978606804174,2,a5803f8a5d9d87202b43d709cb328cedaf18c446af448f705c33d553e8c2e9f7,5170ec511fb50cdf10d648416d508574d70e9781ddf156a1b2a86d2b385e94dc,100,1729,maximum_information_gain,2000.0,3000.0
kata1-b6c96-s10014464-d2201128,48,1724.2653452427514,1618.4849217275764,1830.0457687579265,1655.0650946473024,69.200250595449,2,a5803f8a5d9d87202b43d709cb328cedaf18c446af448f705c33d553e8c2e9f7,5170ec511fb50cdf10d648416d508574d70e9781ddf156a1b2a86d2b385e94dc,100,1729,maximum_information_gain,2000.0,3000.0
kata1-b6c96-s10014464-d2201128,50,1725.1551778609025,1621.5435361340726,1828.7668195877325,1655.0650946473024,70.09008321360011,2,a5803f8a5d9d87202b43d709cb328cedaf18c446af448f705c33d553e8c2e9f7,5170ec511fb50cdf10d648416d508574d70e9781ddf156a1b2a86d2b385e94dc,100,1729,maximum_information_gain,2000.0,3000.0
kata1-b6c96-s10014464-d2201128,52,1726.031179500556,1624.450401164436,1827.6119578366759,1655.0650946473024,70.9660848532535,2,a5803f8a5d9d87202b43d709cb328cedaf18c446af448f705c33d553e8c2e9f7,5170ec511fb50cdf10d648416d508574d70e9781ddf156a1b2a86d2b385e94dc,100,1729,maximum_information_gain,2000.0,3000.0
kata1-b6c96-s10014464-d2201128,54,1726.7823841646002,1627.111493418913,1826.4532749102875,1655.0650946473024,71.71728951729779,2,a5803f8a5d9d87202b43d709cb328cedaf18c446af448f705c33d553e8c2e9f7,5170ec511fb50cdf10d648416d508574d70e9781ddf156a1b2a86d2b385e94dc,100,1729,maximum_information_gain,2000.0,3000.0
kata1-b6c96-s10014464-d2201128,56,1713.9611665442708,1616.1387431445248,1811.7835899440167,1655.0650946473024,58.89607189696835,2,a5803f8a5d9d87202b43d709cb328cedaf18c446af448f705c33d553e8c2e9f7,5170ec511fb50cdf10d648416d508574d70e9781ddf156a1b2a86d2b385e94dc,100,1729,maximum_information_gain,2000.0,3000.0
kata1-b6c96-s10014464-d2201128,58,1708.636381969842,1612.486665176185,1804.786098763499,1655.0650946473024,53.57128732253955,2,a5803f8a5d9d87202b43d709cb328cedaf18c446af448f705c33d553e8c2e9f7,5170ec511fb50cdf10d648416d508574d70e9781ddf156a1b2a86d2b385e94dc,100,1729,maximum_information_gain,2000.0,3000.0
kata1-b6c96-s10014464-d2201128,60,1707.556419005839,1613.0040761198284,1802.1087618918496,1655.0650946473024,52.49132435853653,2,a5803f8a5d9d87202b43d709cb328cedaf18c446af448f705c33d553e8c2e9f7,5170ec511fb50cdf10d648416d508574d70e9781ddf156a1b2a86d2b385e94dc,100,1729,maximum_information_gain,2000.0,3000.0
kata1-b6c96-s10014464-d2201128,62,1706.5513128646694,1613.5124568490764,1799.5901688802624,1655.0650946473024,51.48621821736697,2,a5803f8a5d9d87202b43d709cb328cedaf18c446af448f705c33d553e8c2e9f7,5170ec511fb50cdf10d648416d508574d70e9781ddf156a1b2a86d2b385e94dc,100,1729,maximum_information_gain,2000.0,3000.0
kata1-b6c96-s10014464-d2201128,64,1705.613640439287,1614.0112658530961,1797.216015025478,1655.0650946473024,50.54854579198468,2,a5803f8a5d9d87202b43d709cb328cedaf18c446af448f705c33d553e8c2e9f7,5170ec511fb50cdf10d648416d508574d70e9781ddf156a1b2a86d2b385e94dc,100,1729,maximum_information_gain,2000.0,3000.0
kata1-b6c96-s10014464-d2201128,66,1704.714959002814,1614.480290698547,1794.9496273070813,1655.0650946473024,49.64986435551168,2,a5803f8a5d9d87202b43d709cb328cedaf18c446af448f705c33d553e8c2e9f7,5170ec511fb50cdf10d648416d508574d70e9781ddf156a1b2a86d2b385e94dc,100,1729,maximum_information_gain,2000.0,3000.0
kata1-b6c96-s10014464-d2201128,68,1714.889466405185,1625.9575045468703,1803.8214282634997,1655.0650946473024,59.824371757882545,2,a5803f8a5d9d87202b43d709cb328cedaf18c446af448f705c33d553e8c2e9f7,5170ec511fb50cdf10d648416d508574d70e9781ddf156a1b2a86d2b385e94dc,100,1729,maximum_information_gain,2000.0,3000.0
kata1-b6c96-s10014464-d2201128,70,1705.0954203042006,1617.403148149851,1792.7876924585503,1655.0650946473024,50.030325656898185,2,a5803f8a5d9d87202b43d709cb328cedaf18c446af448f705c33d553e8c2e9f7,5170ec511fb50cdf10d648416d508574d70e9781ddf156a1b2a86d2b385e94dc,100,1729,maximum_information_gain,2000.0,3000.0
kata1-b6c96-s10014464-d2201128,72,1704.304139243763,1617.7959400350433,1790.812338452483,1655.0650946473024,49.239044596460644,2,a5803f8a5d9d87202b43d709cb328cedaf18c446af448f705c33d553e8c2e9f7,5170ec511fb50cdf10d648416d508574d70e9781ddf156a1b2a86d2b385e94dc,100,1729,maximum_information_gain,2000.0,3000.0
kata1-b6c96-s10014464-d2201128,74,1703.5366721223695,1618.162480660258,1788.910863584481,1655.0650946473024,48.47157747506708,2,a5803f8a5d9d87202b43d709cb328cedaf18c446af448f705c33d553e8c2e9f7,5170ec511fb50cdf10d648416d508574d70e9781ddf156a1b2a86d2b385e94dc,100,1729,maximum_information_gain,2000.0,3000.0
kata1-b6c96-s10014464-d2201128,76,1693.0214043765807,1608.6769836543956,1777.3658250987658,1655.0650946473024,37.956309729278246,2,a5803f8a5d9d87202b43d709cb328cedaf18c446af448f705c33d553e8c2e9f7,5170ec511fb50cdf10d648416d508574d70e9781ddf156a1b2a86d2b385e94dc,100,1729,maximum_information_gain,2000.0,3000.0
kata1-b6c96-s10014464-d2201128,78,1702.146184658547,1618.8958141695255,1785.3965551475687,1655.0650946473024,47.08109001124467,2,a5803f8a5d9d87202b43d709cb328cedaf18c446af448f705c33d553e8c2e9f7,5170ec511fb50cdf10d648416d508574d70e9781ddf156a1b2a86d2b385e94dc,100,1729,maximum_information_gain,2000.0,3000.0
kata1-b6c96-s10014464-d2201128,80,1703.277803572677,1621.0293462286263,1785.5262609167276,1655.0650946473024,48.2127089253745,2,a5803f8a5d9d87202b43d709cb328cedaf18c446af448f705c33d553e8c2e9f7,5170ec511fb50cdf10d648416d508574d70e9781ddf156a1b2a86d2b385e94dc,100,1729,maximum_information_gain,2000.0,3000.0
kata1-b6c96-s10014464-d2201128,82,1695.2847437190044,1613.9505077183408,1776.618979719668,1655.0650946473024,40.21964907170195,2,a5803f8a5d9d87202b43d709cb328cedaf18c446af448f705c33d553e8c2e9f7,5170ec511fb50cdf10d648416d508574d70e9781ddf156a1b2a86d2b385e94dc,100,1729,maximum_information_gain,2000.0,3000.0
kata1-b6c96-s10014464-d2201128,84,1694.8536773241544,1614.4426704768207,1775.2646841714882,1655.0650946473024,39.788582676852,2,a5803f8a5d9d87202b43d709cb328cedaf18c446af448f705c33d553e8c2e9f7,5170ec511fb50cdf10d648416d508574d70e9781ddf156a1b2a86d2b385e94dc,100,1729,maximum_information_gain,2000.0,3000.0
kata1-b6c96-s10014464-d2201128,86,1685.8041859374916,1606.2032198950487,1765.4051519799345,1655.0650946473024,30.739091290189208,2,a5803f8a5d9d87202b43d709cb328cedaf18c446af448f705c33d553e8c2e9f7,5170ec511fb50cdf10d648416d508574d70e9781ddf156a1b2a86d2b385e94dc,100,1729,maximum_information_gain,2000.0,3000.0
kata1-b6c96-s10014464-d2201128,88,1685.6002620769789,1606.861001386123,1764.3395227678348,1655.0650946473024,30.53516742967645,2,a5803f8a5d9d87202b43d709cb328cedaf18c446af448f705c33d553e8c2e9f7,5170ec511fb50cdf10d648416d508574d70e9781ddf156a1b2a86d2b385e94dc,100,1729,maximum_information_gain,2000.0,3000.0
kata1-b6c96-s10014464-d2201128,90,1675.64990606454,1597.6208217623196,1753.6789903667602,1655.0650946473024,20.58481141723746,2,a5803f8a5d9d87202b43d709cb328cedaf18c446af448f705c33d553e8c2e9f7,5170ec511fb50cdf10d648416d508574d70e9781ddf156a1b2a86d2b385e94dc,100,1729,maximum_information_gain,2000.0,3000.0
kata1-b6c96-s10014464-d2201128,92,1666.122766633625,1588.7566856865926,1743.4888475806572,1655.0650946473024,11.057671986322475,2,a5803f8a5d9d87202b43d709cb328cedaf18c446af448f705c33d553e8c2e9f7,5170ec511fb50cdf10d648416d508574d70e9781ddf156a1b2a86d2b385e94dc,100,1729,maximum_information_gain,2000.0,3000.0
kata1-b6c96-s10014464-d2201128,94,1665.0851583618662,1588.496630887706,1741.6736858360264,1655.0650946473024,10.020063714563776,2,a5803f8a5d9d87202b43d709cb328cedaf18c446af448f705c33d553e8c2e9f7,5170ec511fb50cdf10d648416d508574d70e9781ddf156a1b2a86d2b385e94dc,100,1729,maximum_information_gain,2000.0,3000.0
kata1-b6c96-s10014464-d2201128,96,1671.95993585719,1596.2429738588098,1747.6768978555701,1655.0650946473024,16.894841209887545,2,a5803f8a5d9d87202b43d709cb328cedaf18c446af448f705c33d553e8c2e9f7,5170ec511fb50cdf10d648416d508574d70e9781ddf156a1b2a86d2b385e94dc,100,1729,maximum_information_gain,2000.0,3000.0
kata1-b6c96-s10014464-d2201128,98,1663.125716792032,1588.0194001466061,1738.232033437458,1655.0650946473024,8.060622144729678,2,a5803f8a5d9d87202b43d709cb328cedaf18c446af448f705c33d553e8c2e9f7,5170ec511fb50cdf10d648416d508574d70e9781ddf156a1b2a86d2b385e94dc,100,1729,maximum_information_gain,2000.0,3000.0
kata1-b6c96-s10014464-d2201128,100,1662.2190112695364,1587.8178857478288,1736.620136791244,1655.0650946473024,7.1539166222339645,2,a5803f8a5d9d87202b43d709cb328cedaf18c446af448f705c33d553e8c2e9f7,5170ec511fb50cdf10d648416d508574d70e9781ddf156a1b2a86d2b385e94dc,100,1729,maximum_information_gain,2000.0,3000.0
kata1-b6c96-s10825472-d2300510,2,1167.119422671085,-1284.6062048658277,3618.8450502079977,1744.6194606988875,-577.5000380278025,2,a5803f8a5d9d87202b43d709cb328cedaf18c446af448f705c33d553e8c2e9f7,5170ec511fb50cdf10d648416d508574d70e9781ddf156a1b2a86d2b385e94dc,100,1729,maximum_information_gain,2000.0,3000.0
kata1-b6c96-s10825472-d2300510,4,1596.6806339084849,983.9910932469504,2209.370174570019,1744.6194606988875,-147.93882679040257,2,a5803f8a5d9d87202b43d709cb328cedaf18c446af448f705c33d553e8c2e9f7,5170ec511fb50cdf10d648416d508574d70e9781ddf156a1b2a86d2b385e94dc,100,1729,maximum_information_gain,2000.0,3000.0
kata1-b6c96-s10825472-d2300510,6,1589.390361727998,1207.0884552435343,1971.6922682124616,1744.6194606988875,-155.22909897088948,2,a5803f8a5d9d87202b43d709cb328cedaf18c446af448f705c33d553e8c2e9f7,5170ec511fb50cdf10d648416d508574d70e9781ddf156a1b2a86d2b385e94dc,100,1729,maximum_information_gain,2000.0,3000.0
kata1-b6c96-s10825472-d2300510,8,1726.3890250210009,1413.728054554972,2039.0499954870297,1744.6194606988875,-18.23043567788659,2,a5803f8a5d9d87202b43d709cb328cedaf18c446af448f705c33d553e8c2e9f7,5170ec511fb50cdf10d648416d508574d70e9781ddf156a1b2a86d2b385e94dc,100,1729,maximum_information_gain,2000.0,3000.0
kata1-b6c96-s10825472-d2300510,10,1629.0977220587256,1368.17863387752,1890.0168102399311,1744.6194606988875,-115.52173864016186,2,a5803f8a5d9d87202b43d709cb328cedaf18c446af448f705c33d553e8c2e9f7,5170ec511fb50cdf10d648416d508574d70e9781ddf156a1b2a86d2b385e94dc,100,1729,maximum_information_gain,2000.0,3000.0
kata1-b6c96-s10825472-d2300510,12,1626.9709937877424,1396.4572750321113,1857.4847125433735,1744.6194606988875,-117.64846691114508,2,a5803f8a5d9d87202b43d709cb328cedaf18c446af448f705c33d553e8c2e9f7,5170ec511fb50cdf10d648416d508574d70e9781ddf156a1b2a86d2b385e94dc,100,1729,maximum_information_gain,2000.0,3000.0
kata1-b6c96-s10825472-d2300510,14,1690.4248053152805,1479.9649970277783,1900.8846136027828,1744.6194606988875,-54.194655383606914,2,a5803f8a5d9d87202b43d709cb328cedaf18c446af448f705c33d553e8c2e9f7,5170ec511fb50cdf10d648416d508574d70e9781ddf156a1b2a86d2b385e94dc,100,1729,maximum_information_gain,2000.0,3000.0
kata1-b6c96-s10825472-d2300510,16,1716.2512350124307,1521.0235478413456,1911.4789221835158,1744.6194606988875,-28.368225686456753,2,a5803f8a5d9d87202b43d709cb328cedaf18c446af448f705c33d553e8c2e9f7,5170ec511fb50cdf10d648416d508574d70e9781ddf156a1b2a86d2b385e94dc,100,1729,maximum_information_gain,2000.0,3000.0
kata1-b6c96-s10825472-d2300510,18,1719.7167122361673,1537.8866505542853,1901.5467739180492,1744.6194606988875,-24.902748462720183,2,a5803f8a5d9d87202b43d709cb328cedaf18c446af448f705c33d553e8c2e9f7,5170ec511fb50cdf10d648416d508574d70e9781ddf156a1b2a86d2b385e94dc,100,1729,maximum_information_gain,2000.0,3000.0
kata1-b6c96-s10825472-d2300510,20,1679.8310992856025,1510.1702445714307,1849.4919539997743,1744.6194606988875,-64.78836141328497,2,a5803f8a5d9d87202b43d709cb328cedaf18c446af448f705c33d553e8c2e9f7,5170ec511fb50cdf10d648416d508574d70e9781ddf156a1b2a86d2b385e94dc,100,1729,maximum_information_gain,2000.0,3000.0
kata1-b6c96-s10825472-d2300510,22,1641.628321525427,1480.6381412506428,1802.6185018002113,1744.6194606988875,-102.9911391734604,2,a5803f8a5d9d87202b43d709cb328cedaf18c446af448f705c33d553e8c2e9f7,5170ec511fb50cdf10d648416d508574d70e9781ddf156a1b2a86d2b385e94dc,100,1729,maximum_information_gain,2000.0,3000.0
kata1-b6c96-s10825472-d2300510,24,1642.79887525563,1489.656462699083,1795.941287812177,1744.6194606988875,-101.82058544325741,2,a5803f8a5d9d87202b43d709cb328cedaf18c446af448f705c33d553e8c2e9f7,5170ec511fb50cdf10d648416d508574d70e9781ddf156a1b2a86d2b385e94dc,100,1729,maximum_information_gain,2000.0,3000.0
kata1-b6c96-s10825472-d2300510,26,1643.7622881536486,1497.3770984982866,1790.1474778090105,1744.6194606988875,-100.85717254523888,2,a5803f8a5d9d87202b43d709cb328cedaf18c446af448f705c33d553e8c2e9f7,5170ec511fb50cdf10d648416d508574d70e9781ddf156a1b2a86d2b385e94dc,100,1729,maximum_information_gain,2000.0,3000.0
kata1-b6c96-s10825472-d2300510,28,1630.1339649994634,1489.262235875501,1771.0056941234259,1744.6194606988875,-114.48549569942406,2,a5803f8a5d9d87202b43d709cb328cedaf18c446af448f705c33d553e8c2e9f7,5170ec511fb50cdf10d648416d508574d70e9781ddf156a1b2a86d2b385e94dc,100,1729,maximum_information_gain,2000.0,3000.0
kata1-b6c96-s10825472-d2300510,30,1656.0132025641242,1520.854153483312,1791.1722516449363,1744.6194606988875,-88.60625813476327,2,a5803f8a5d9d87202b43d709cb328cedaf18c446af448f705c33d553e8c2e9f7,5170ec511fb50cdf10d648416d508574d70e9781ddf156a1b2a86d2b385e94dc,100,1729,maximum_information_gain,2000.0,3000.0
kata1-b6c96-s10825472-d2300510,32,1657.5051903843143,1526.9922325286354,1788.0181482399933,1744.6194606988875,-87.1142703145731,2,a5803f8a5d9d87202b43d709cb328cedaf18c446af448f705c33d553e8c2e9f7,5170ec511fb50cdf10d648416d508574d70e9781ddf156a1b2a86d2b385e94dc,100,1729,maximum_information_gain,2000.0,3000.0
kata1-b6c96-s10825472-d2300510,34,1681.926370847511,1555.5069639430653,1808.3457777519566,1744.6194606988875,-62.6930898513765,2,a5803f8a5d9d87202b43d709cb328cedaf18c446af448f705c33d553e8c2e9f7,5170ec511fb50cdf10d648416d508574d70e9781ddf156a1b2a86d2b385e94dc,100,1729,maximum_information_gain,2000.0,3000.0
kata1-b6c96-s10825472-d2300510,36,1703.4294373727541,1580.3566261867666,1826.5022485587417,1744.6194606988875,-41.190023326133314,2,a5803f8a5d9d87202b43d709cb328cedaf18c446af448f705c33d553e8c2e9f7,5170ec511fb50cdf10d648416d508574d70e9781ddf156a1b2a86d2b385e94dc,100,1729,maximum_information_gain,2000.0,3000.0
kata1-b6c96-s10825472-d2300510,38,1722.6121365791162,1602.3285000243318,1842.8957731339005,1744.6194606988875,-22.007324119771283,2,a5803f8a5d9d87202b43d709cb328cedaf18c446af448f705c33d553e8c2e9f7,5170ec511fb50cdf10d648416d508574d70e9781ddf156a1b2a86d2b385e94dc,100,1729,maximum_information_gain,2000.0,3000.0
kata1-b6c96-s10825472-d2300510,40,1723.6719823339229,1606.607267589662,1840.7366970781839,1744.6194606988875,-20.94747836496458,2,a5803f8a5d9d87202b43d709cb328cedaf18c446af448f705c33d553e8c2e9f7,5170ec511fb50cdf10d648416d508574d70e9781ddf156a1b2a86d2b385e94dc,100,1729,maximum_information_gain,2000.0,3000.0
kata1-b6c96-s10825472-d2300510,42,1724.618648617056,1610.517292123989,1838.7200051101229,1744.6194606988875,-20.000812081831555,2,a5803f8a5d9d87202b43d709cb328cedaf18c446af448f705c33d553e8c2e9f7,5170ec511fb50cdf10d648416d508574d70e9781ddf156a1b2a86d2b385e94dc,100,1729,maximum_information_gain,2000.0,3000.0
kata1-b6c96-s10825472-d2300510,44,1725.469039830053,1614.1066266986086,1836.8314529614972,1744.6194606988875,-19.150420868834544,2,a5803f8a5d9d87202b43d709cb328cedaf18c446af448f705c33d553e8c2e9f7,5170ec511fb50cdf10d648416d508574d70e9781ddf156a1b2a86d2b385e94dc,100,1729,maximum_information_gain,2000.0,3000.0
kata1-b6c96-s10825472-d2300510,46,1709.3990466089133,1600.9955312869765,1817.80256193085,1744.6194606988875,-35.220414089974156,2,a5803f8a5d9d87202b43d709cb328cedaf18c446af448f705c33d553e8c2e9f7,5170ec511fb50cdf10d648416d508574d70e9781ddf156a1b2a86d2b385e94dc,100,1729,maximum_information_gain,2000.0,3000.0
kata1-b6c96-s10825472-d2300510,48,1707.9131837405453,1601.8820004578483,1813.9443670232422,1744.6194606988875,-36.70627695834219,2,a5803f8a5d9d87202b43d709cb328cedaf18c446af448f705c33d553e8c2e9f7,5170ec511fb50cdf10d648416d508574d70e9781ddf156a1b2a86d2b385e94dc,100,1729,maximum_information_gain,2000.0,3000.0
kata1-b6c96-s10825472-d2300510,50,1706.5781676335782,1602.7556513404718,1810.4006839266847,1744.6194606988875,-38.04129306530922,2,a5803f8a5d9d87202b43d709cb328cedaf18c446af448f705c33d553e8c2e9f7,5170ec511fb50cdf10d648416d508574d70e9781ddf156a1b2a86d2b385e94dc,100,1729,maximum_information_gain,2000.0,3000.0
kata1-b6c96-s10825472-d2300510,52,1705.355417840158,1603.5977076961346,1807.1131279841813,1744.6194606988875,-39.264042858729454,2,a5803f8a5d9d87202b43d709cb328cedaf18c446af448f705c33d553e8c2e9f7,5170ec511fb50cdf10d648416d508574d70e9781ddf156a1b2a86d2b385e94dc,100,1729,maximum_information_gain,2000.0,3000.0
kata1-b6c96-s10825472-d2300510,54,1704.2314279635837,1604.409448395449,1804.0534075317182,1744.6194606988875,-40.388032735303796,2,a5803f8a5d9d87202b43d709cb328cedaf18c446af448f705c33d553e8c2e9f7,5170ec511fb50cdf10d648416d508574d70e9781ddf156a1b2a86d2b385e94dc,100,1729,maximum_information_gain,2000.0,3000.0
kata1-b6c96-s10825472-d2300510,56,1689.6471913661965,1591.7779788971557,1787.5164038352373,1744.6194606988875,-54.972269332690985,2,a5803f8a5d9d87202b43d709cb328cedaf18c446af448f705c33d553e8c2e9f7,5170ec511fb50cdf10d648416d508574d70e9781ddf156a1b2a86d2b385e94dc,100,1729,maximum_information_gain,2000.0,3000.0
kata1-b6c96-s10825472-d2300510,58,1701.4298835043298,1605.1475350413302,1797.7122319673294,1744.6194606988875,-43.189577194557614,2,a5803f8a5d9d87202b43d709cb328cedaf18c446af448f705c33d553e8c2e9f7,5170ec511fb50cdf10d648416d508574d70e9781ddf156a1b2a86d2b385e94dc,100,1729,maximum_information_gain,2000.0,3000.0
kata1-b6c96-s10825472-d2300510,60,1713.1831826222026,1618.3111960685992,1808.055169175806,1744.6194606988875,-31.436278076684857,2,a5803f8a5d9d87202b43d709cb328cedaf18c446af448f705c33d553e8c2e9f7,5170ec511fb50cdf10d648416d508574d70e9781ddf156a1b2a86d2b385e94dc,100,1729,maximum_information_gain,2000.0,3000.0
kata1-b6c96-s10825472-d2300510,62,1720.3163240150159,1626.8381719926438,1813.794476037388,1744.6194606988875,-24.30313668387157,2,a5803f8a5d9d87202b43d709cb328cedaf18c446af448f705c33d553e8c2e9f7,5170ec511fb50cdf10d648416d508574d70e9781ddf156a1b2a86d2b385e94dc,100,1729,maximum_information_gain,2000.0,3000.0
kata1-b6c96-s10825472-d2300510,64,1732.9514730223782,1640.6275424615383,1825.2754035832181,1744.6194606988875,-11.667987676509256,2,a5803f8a5d9d87202b43d709cb328cedaf18c446af448f705c33d553e8c2e9f7,5170ec511fb50cdf10d648416d508574d70e9781ddf156a1b2a86d2b385e94dc,100,1729,maximum_information_gain,2000.0,3000.0
kata1-b6c96-s10825472-d2300510,66,1733.247839585254,1642.3343118415069,1824.1613673290012,1744.6194606988875,-11.37162111363341,2,a5803f8a5d9d87202b43d709cb328cedaf18c446af448f705c33d553e8c2e9f7,5170ec511fb50cdf10d648416d508574d70e9781ddf156a1b2a86d2b385e94dc,100,1729,maximum_information_gain,2000.0,3000.0
kata1-b6c96-s10825472-d2300510,68,1733.5031560060545,1643.9327444940989,1823.0735675180101,1744.6194606988875,-11.116304692832955,2,a5803f8a5d9d87202b43d709cb328cedaf18c446af448f705c33d553e8c2e9f7,5170ec511fb50cdf10d648416d508574d70e9781ddf156a1b2a86d2b385e94dc,100,1729,maximum_information_gain,2000.0,3000.0
kata1-b6c96-s10825472-d2300510,70,1744.6399249810613,1656.038720819961,1833.2411291421615,1744.6194606988875,0.020464282173861648,2,a5803f8a5d9d87202b43d709cb328cedaf18c446af448f705c33d553e8c2e9f7,5170ec511fb50cdf10d648416d508574d70e9781ddf156a1b2a86d2b385e94dc,100,1729,maximum_information_gain,2000.0,3000.0
kata1-b6c96-s10825472-d2300510,72,1744.557832887202,1657.197645469112,1831.918020305292,1744.6194606988875,-0.06162781168541187,2,a5803f8a5d9d87202b43d709cb328cedaf18c446af448f705c33d553e8c2e9f7,5170ec511fb50cdf10d648416d508574d70e9781ddf156a1b2a86d2b385e94dc,100,1729,maximum_information_gain,2000.0,3000.0
kata1-b6c96-s10825472-d2300510,74,1739.3426241474265,1653.3072672243868,1825.3779810704661,1744.6194606988875,-5.276836551460974,2,a5803f8a5d9d87202b43d709cb328cedaf18c446af448f705c33d553e8c2e9f7,5170ec511fb50cdf10d648416d508574d70e9781ddf156a1b2a86d2b385e94dc,100,1729,maximum_information_gain,2000.0,3000.0
kata1-b6c96-s10825472-d2300510,76,1739.3945213508896,1654.4821093387527,1824.3069333630265,1744.6194606988875,-5.224939347997861,2,a5803f8a5d9d87202b43d709cb328cedaf18c446af448f705c33d553e8c2e9f7,5170ec511fb50cdf10d648416d508574d70e9781ddf156a1b2a86d2b385e94dc,100,1729,maximum_information_gain,2000.0,3000.0
kata1-b6c96-s10825472-d2300510,78,1739.4656685619516,1655.6261040283491,1823.305233095554,1744.6194606988875,-5.153792136935863,2,a5803f8a5d9d87202b43d709cb328cedaf18c446af448f705c33d553e8c2e9f7,5170ec511fb50cdf10d648416d508574d70e9781ddf156a1b2a86d2b385e94dc,100,1729,maximum_information_gain,2000.0,3000.0
kata1-b6c96-s10825472-d2300510,80,1730.1253031737876,1647.5044422666233,1812.746164080952,1744.6194606988875,-14.494157525099808,2,a5803f8a5d9d87202b43d709cb328cedaf18c446af448f705c33d553e8c2e9f7,5170ec511fb50cdf10d648416d508574d70e9781ddf156a1b2a86d2b385e94dc,100,1729,maximum_information_gain,2000.0,3000.0
kata1-b6c96-s10825472-d2300510,82,1739.5754581191213,1657.751467052733,1821.3994491855096,1744.6194606988875,-5.044002579766129,2,a5803f8a5d9d87202b43d709cb328cedaf18c446af448f705c33d553e8c2e9f7,5170ec511fb50cdf10d648416d508574d70e9781ddf156a1b2a86d2b385e94dc,100,1729,maximum_information_gain,2000.0,3000.0
kata1-b6c96-s10825472-d2300510,84,1730.7073720909132,1649.9973556149089,1811.4173885669175,1744.6194606988875,-13.912088607974283,2,a5803f8a5d9d87202b43d709cb328cedaf18c446af448f705c33d553e8c2e9f7,5170ec511fb50cdf10d648416d508574d70e9781ddf156a1b2a86d2b385e94dc,100,1729,maximum_information_gain,2000.0,3000.0
kata1-b6c96-s10825472-d2300510,86,1722.3099879491158,1642.6163541223907,1802.0036217758409,1744.6194606988875,-22.309472749771658,2,a5803f8a5d9d87202b43d709cb328cedaf18c446af448f705c33d553e8c2e9f7,5170ec511fb50cdf10d648416d508574d70e9781ddf156a1b2a86d2b385e94dc,100,1729,maximum_information_gain,2000.0,3000.0
kata1-b6c96-s10825472-d2300510,88,1721.217266632407,1642.4016224056538,1800.0329108591602,1744.6194606988875,-23.402194066480433,2,a5803f8a5d9d87202b43d709cb328cedaf18c446af448f705c33d553e8c2e9f7,5170ec511fb50cdf10d648416d508574d70e9781ddf156a1b2a86d2b385e94dc,100,1729,maximum_information_gain,2000.0,3000.0
kata1-b6c96-s10825472-d2300510,90,1721.7067899571737,1643.7188916524578,1799.6946882618895,1744.6194606988875,-22.912670741713782,2,a5803f8a5d9d87202b43d709cb328cedaf18c446af448f705c33d553e8c2e9f7,5170ec511fb50cdf10d648416d508574d70e9781ddf156a1b2a86d2b385e94dc,100,1729,maximum_information_gain,2000.0,3000.0
kata1-b6c96-s10825472-d2300510,92,1720.6999860756837,1643.526409182846,1797.8735629685214,1744.6194606988875,-23.91947462320377,2,a5803f8a5d9d87202b43d709cb328cedaf18c446af448f705c33d553e8c2e9f7,5170ec511fb50cdf10d648416d508574d70e9781ddf156a1b2a86d2b385e94dc,100,1729,maximum_information_gain,2000.0,3000.0
kata1-b6c96-s10825472-d2300510,94,1711.8036200123395,1635.4803860772747,1788.1268539474042,1744.6194606988875,-32.81584068654797,2,a5803f8a5d9d87202b43d709cb328cedaf18c446af448f705c33d553e8c2e9f7,5170ec511fb50cdf10d648416d508574d70e9781ddf156a1b2a86d2b385e94dc,100,1729,maximum_information_gain,2000.0,3000.0
kata1-b6c96-s10825472-d2300510,96,1711.0618719855656,1635.4934063145397,1786.6303376565916,1744.6194606988875,-33.55758871332182,2,a5803f8a5d9d87202b43d709cb328cedaf18c446af448f705c33d553e8c2e9f7,5170ec511fb50cdf10d648416d508574d70e9781ddf156a1b2a86d2b385e94dc,100,1729,maximum_information_gain,2000.0,3000.0
kata1-b6c96-s10825472-d2300510,98,1702.7710400710623,1627.9622705477495,1777.579809594375,1744.6194606988875,-41.848420627825135,2,a5803f8a5d9d87202b43d709cb328cedaf18c446af448f705c33d553e8c2e9f7,5170ec511fb50cdf10d648416d508574d70e9781ddf156a1b2a86d2b385e94dc,100,1729,maximum_information_gain,2000.0,3000.0
kata1-b6c96-s10825472-d2300510,100,1701.7562193898252,1627.6537663524389,1775.8586724272116,1744.6194606988875,-42.86324130906223,2,a5803f8a5d9d87202b43d709cb328cedaf18c446af448f705c33d553e8c2e9f7,5170ec511fb50cdf10d648416d508574d70e9781ddf156a1b2a86d2b385e94dc,100,1729,maximum_information_gain,2000.0,3000.0
kata1-b6c96-s12849664-d2510774-temp-0.5,2,2013.5637084514226,1529.4336272963976,2497.6937896064474,1856.5744740796683,156.98923437175426,2,a5803f8a5d9d87202b43d709cb328cedaf18c446af448f705c33d553e8c2e9f7,5170ec511fb50cdf10d648416d508574d70e9781ddf156a1b2a86d2b385e94dc,100,1729,maximum_information_gain,2000.0,3000.0
kata1-b6c96-s12849664-d2510774-temp-0.5,4,1820.6492098095564,1425.3986684139923,2215.8997512051205,1856.5744740796683,-35.92526427011194,2,a5803f8a5d9d87202b43d709cb328cedaf18c446af448f705c33d553e8c2e9f7,5170ec511fb50cdf10d648416d508574d70e9781ddf156a1b2a86d2b385e94dc,100,1729,maximum_information_gain,2000.0,3000.0
kata1-b6c96-s12849664-d2510774-temp-0.5,6,1651.6534341401325,1269.2310393617418,2034.0758289185233,1856.5744740796683,-204.92103993953583,2,a5803f8a5d9d87202b43d709cb328cedaf18c446af448f705c33d553e8c2e9f7,5170ec511fb50cdf10d648416d508574d70e9781ddf156a1b2a86d2b385e94dc,100,1729,maximum_information_gain,2000.0,3000.0
kata1-b6c96-s12849664-d2510774-temp-0.5,8,1578.9472991437071,1249.501516504111,1908.3930817833034,1856.5744740796683,-277.6271749359612,2,a5803f8a5d9d87202b43d709cb328cedaf18c446af448f705c33d553e8c2e9f7,5170ec511fb50cdf10d648416d508574d70e9781ddf156a1b2a86d2b385e94dc,100,1729,maximum_information_gain,2000.0,3000.0
kata1-b6c96-s12849664-d2510774-temp-0.5,10,1580.8704306072461,1307.7815486789882,1853.959312535504,1856.5744740796683,-275.7040434724222,2,a5803f8a5d9d87202b43d709cb328cedaf18c446af448f705c33d553e8c2e9f7,5170ec511fb50cdf10d648416d508574d70e9781ddf156a1b2a86d2b385e94dc,100,1729,maximum_information_gain,2000.0,3000.0
kata1-b6c96-s12849664-d2510774-temp-0.5,12,1660.3757496025835,1431.445629498779,1889.305869706388,1856.5744740796683,-196.19872447708485,2,a5803f8a5d9d87202b43d709cb328cedaf18c446af448f705c33d553e8c2e9f7,5170ec511fb50cdf10d648416d508574d70e9781ddf156a1b2a86d2b385e94dc,100,1729,maximum_information_gain,2000.0,3000.0
kata1-b6c96-s12849664-d2510774-temp-0.5,14,1663.5048365431437,1456.04719746925,1870.9624756170374,1856.5744740796683,-193.06963753652462,2,a5803f8a5d9d87202b43d709cb328cedaf18c446af448f705c33d553e8c2e9f7,5170ec511fb50cdf10d648416d508574d70e9781ddf156a1b2a86d2b385e94dc,100,1729,maximum_information_gain,2000.0,3000.0
kata1-b6c96-s12849664-d2510774-temp-0.5,16,1665.6595434766693,1474.4712951825989,1856.8477917707398,1856.5744740796683,-190.914930602999,2,a5803f8a5d9d87202b43d709cb328cedaf18c446af448f705c33d553e8c2e9f7,5170ec511fb50cdf10d648416d508574d70e9781ddf156a1b2a86d2b385e94dc,100,1729,maximum_information_gain,2000.0,3000.0
kata1-b6c96-s12849664-d2510774-temp-0.5,18,1667.240689708516,1488.9295532526123,1845.5518261644195,1856.5744740796683,-189.33378437115243,2,a5803f8a5d9d87202b43d709cb328cedaf18c446af448f705c33d553e8c2e9f7,5170ec511fb50cdf10d648416d508574d70e9781ddf156a1b2a86d2b385e94dc,100,1729,maximum_information_gain,2000.0,3000.0
kata1-b6c96-s12849664-d2510774-temp-0.5,20,1706.9505075971983,1539.6659315757192,1874.2350836186774,1856.5744740796683,-149.62396648247,2,a5803f8a5d9d87202b43d709cb328cedaf18c446af448f705c33d553e8c2e9f7,5170ec511fb50cdf10d648416d508574d70e9781ddf156a1b2a86d2b385e94dc,100,1729,maximum_information_gain,2000.0,3000.0
kata1-b6c96-s12849664-d2510774-temp-0.5,22,1673.234911826181,1514.1223747793292,1832.3474488730326,1856.5744740796683,-183.33956225348743,2,a5803f8a5d9d87202b43d709cb328cedaf18c446af448f705c33d553e8c2e9f7,5170ec511fb50cdf10d648416d508574d70e9781ddf156a1b2a86d2b385e94dc,100,1729,maximum_information_gain,2000.0,3000.0
kata1-b6c96-s12849664-d2510774-temp-0.5,24,1673.673473691108,1522.0974071535586,1825.2495402286575,1856.5744740796683,-182.9010003885603,2,a5803f8a5d9d87202b43d709cb328cedaf18c446af448f705c33d553e8c2e9f7,5170ec511fb50cdf10d648416d508574d70e9781ddf156a1b2a86d2b385e94dc,100,1729,maximum_information_gain,2000.0,3000.0
kata1-b6c96-s12849664-d2510774-temp-0.5,26,1704.620976401797,1559.8754590972871,1849.3664937063068,1856.5744740796683,-151.95349767787138,2,a5803f8a5d9d87202b43d709cb328cedaf18c446af448f705c33d553e8c2e9f7,5170ec511fb50cdf10d648416d508574d70e9781ddf156a1b2a86d2b385e94dc,100,1729,maximum_information_gain,2000.0,3000.0
kata1-b6c96-s12849664-d2510774-temp-0.5,28,1707.4862167051758,1568.4084634679266,1846.563969942425,1856.5744740796683,-149.0882573744925,2,a5803f8a5d9d87202b43d709cb328cedaf18c446af448f705c33d553e8c2e9f7,5170ec511fb50cdf10d648416d508574d70e9781ddf156a1b2a86d2b385e94dc,100,1729,maximum_information_gain,2000.0,3000.0
kata1-b6c96-s12849664-d2510774-temp-0.5,30,1736.1299008822707,1601.7757540762416,1870.4840476882998,1856.5744740796683,-120.44457319739763,2,a5803f8a5d9d87202b43d709cb328cedaf18c446af448f705c33d553e8c2e9f7,5170ec511fb50cdf10d648416d508574d70e9781ddf156a1b2a86d2b385e94dc,100,1729,maximum_information_gain,2000.0,3000.0
kata1-b6c96-s12849664-d2510774-temp-0.5,32,1761.0074667253389,1630.4935367655917,1891.521396685086,1856.5744740796683,-95.56700735432946,2,a5803f8a5d9d87202b43d709cb328cedaf18c446af448f705c33d553e8c2e9f7,5170ec511fb50cdf10d648416d508574d70e9781ddf156a1b2a86d2b385e94dc,100,1729,maximum_information_gain,2000.0,3000.0
kata1-b6c96-s12849664-d2510774-temp-0.5,34,1782.8404039013863,1655.5196863255712,1910.1611214772013,1856.5744740796683,-73.73407017828208,2,a5803f8a5d9d87202b43d709cb328cedaf18c446af448f705c33d553e8c2e9f7,5170ec511fb50cdf10d648416d508574d70e9781ddf156a1b2a86d2b385e94dc,100,1729,maximum_information_gain,2000.0,3000.0
kata1-b6c96-s12849664-d2510774-temp-0.5,36,1785.3121666545092,1661.7238371841372,1908.900496124881,1856.5744740796683,-71.26230742515918,2,a5803f8a5d9d87202b43d709cb328cedaf18c446af448f705c33d553e8c2e9f7,5170ec511fb50cdf10d648416d508574d70e9781ddf156a1b2a86d2b385e94dc,100,1729,maximum_information_gain,2000.0,3000.0
kata1-b6c96-s12849664-d2510774-temp-0.5,38,1787.5205781192328,1667.35275545515,1907.6884007833157,1856.5744740796683,-69.05389596043551,2,a5803f8a5d9d87202b43d709cb328cedaf18c446af448f705c33d553e8c2e9f7,5170ec511fb50cdf10d648416d508574d70e9781ddf156a1b2a86d2b385e94dc,100,1729,maximum_information_gain,2000.0,3000.0
kata1-b6c96-s12849664-d2510774-temp-0.5,40,1809.317415403981,1691.386787937461,1927.248042870501,1856.5744740796683,-47.257058675687404,2,a5803f8a5d9d87202b43d709cb328cedaf18c446af448f705c33d553e8c2e9f7,5170ec511fb50cdf10d648416d508574d70e9781ddf156a1b2a86d2b385e94dc,100,1729,maximum_information_gain,2000.0,3000.0
kata1-b6c96-s12849664-d2510774-temp-0.5,42,1810.0146895881576,1695.115390546818,1924.9139886294972,1856.5744740796683,-46.559784491510754,2,a5803f8a5d9d87202b43d709cb328cedaf18c446af448f705c33d553e8c2e9f7,5170ec511fb50cdf10d648416d508574d70e9781ddf156a1b2a86d2b385e94dc,100,1729,maximum_information_gain,2000.0,3000.0
kata1-b6c96-s12849664-d2510774-temp-0.5,44,1810.6640197376034,1698.5603460586985,1922.7676934165083,1856.5744740796683,-45.910454342064895,2,a5803f8a5d9d87202b43d709cb328cedaf18c446af448f705c33d553e8c2e9f7,5170ec511fb50cdf10d648416d508574d70e9781ddf156a1b2a86d2b385e94dc,100,1729,maximum_information_gain,2000.0,3000.0
kata1-b6c96-s12849664-d2510774-temp-0.5,46,1828.475136650716,1718.1503141654944,1938.7999591359376,1856.5744740796683,-28.099337428952367,2,a5803f8a5d9d87202b43d709cb328cedaf18c446af448f705c33d553e8c2e9f7,5170ec511fb50cdf10d648416d508574d70e9781ddf156a1b2a86d2b385e94dc,100,1729,maximum_information_gain,2000.0,3000.0
kata1-b6c96-s12849664-d2510774-temp-0.5,48,1828.2029468608398,1720.377904021221,1936.0279897004586,1856.5744740796683,-28.371527218828533,2,a5803f8a5d9d87202b43d709cb328cedaf18c446af448f705c33d553e8c2e9f7,5170ec511fb50cdf10d648416d508574d70e9781ddf156a1b2a86d2b385e94dc,100,1729,maximum_information_gain,2000.0,3000.0
kata1-b6c96-s12849664-d2510774-temp-0.5,50,1827.9563518426824,1722.4545939943253,1933.4581096910395,1856.5744740796683,-28.618122236985982,2,a5803f8a5d9d87202b43d709cb328cedaf18c446af448f705c33d553e8c2e9f7,5170ec511fb50cdf10d648416d508574d70e9781ddf156a1b2a86d2b385e94dc,100,1729,maximum_information_gain,2000.0,3000.0
kata1-b6c96-s12849664-d2510774-temp-0.5,52,1827.731949238308,1724.3966583059394,1931.0672401706768,1856.5744740796683,-28.842524841360273,2,a5803f8a5d9d87202b43d709cb328cedaf18c446af448f705c33d553e8c2e9f7,5170ec511fb50cdf10d648416d508574d70e9781ddf156a1b2a86d2b385e94dc,100,1729,maximum_information_gain,2000.0,3000.0
kata1-b6c96-s12849664-d2510774-temp-0.5,54,1813.1068946294317,1712.3156773571725,1913.898111901691,1856.5744740796683,-43.4675794502366,2,a5803f8a5d9d87202b43d709cb328cedaf18c446af448f705c33d553e8c2e9f7,5170ec511fb50cdf10d648416d508574d70e9781ddf156a1b2a86d2b385e94dc,100,1729,maximum_information_gain,2000.0,3000.0
kata1-b6c96-s12849664-d2510774-temp-0.5,56,1827.3144543814417,1727.9078910331568,1926.7210177297266,1856.5744740796683,-29.260019698226643,2,a5803f8a5d9d87202b43d709cb328cedaf18c446af448f705c33d553e8c2e9f7,5170ec511fb50cdf10d648416d508574d70e9781ddf156a1b2a86d2b385e94dc,100,1729,maximum_information_gain,2000.0,3000.0
kata1-b6c96-s12849664-d2510774-temp-0.5,58,1840.5806222205536,1742.42518668505,1938.736057756057,1856.5744740796683,-15.993851859114784,2,a5803f8a5d9d87202b43d709cb328cedaf18c446af448f705c33d553e8c2e9f7,5170ec511fb50cdf10d648416d508574d70e9781ddf156a1b2a86d2b385e94dc,100,1729,maximum_information_gain,2000.0,3000.0
kata1-b6c96-s12849664-d2510774-temp-0.5,60,1853.0110139489766,1755.9913857932042,1950.030642104749,1856.5744740796683,-3.5634601306917375,2,a5803f8a5d9d87202b43d709cb328cedaf18c446af448f705c33d553e8c2e9f7,5170ec511fb50cdf10d648416d508574d70e9781ddf156a1b2a86d2b385e94dc,100,1729,maximum_information_gain,2000.0,3000.0
kata1-b6c96-s12849664-d2510774-temp-0.5,62,1851.9185063702912,1756.583937477119,1947.2530752634634,1856.5744740796683,-4.655967709377137,2,a5803f8a5d9d87202b43d709cb328cedaf18c446af448f705c33d553e8c2e9f7,5170ec511fb50cdf10d648416d508574d70e9781ddf156a1b2a86d2b385e94dc,100,1729,maximum_information_gain,2000.0,3000.0
kata1-b6c96-s12849664-d2510774-temp-0.5,64,1838.7148547735487,1745.4699664299176,1931.9597431171799,1856.5744740796683,-17.859619306119612,2,a5803f8a5d9d87202b43d709cb328cedaf18c446af448f705c33d553e8c2e9f7,5170ec511fb50cdf10d648416d508574d70e9781ddf156a1b2a86d2b385e94dc,100,1729,maximum_information_gain,2000.0,3000.0
kata1-b6c96-s12849664-d2510774-temp-0.5,66,1849.9336816829348,1757.6911294758893,1942.1762338899803,1856.5744740796683,-6.640792396733559,2,a5803f8a5d9d87202b43d709cb328cedaf18c446af448f705c33d553e8c2e9f7,5170ec511fb50cdf10d648416d508574d70e9781ddf156a1b2a86d2b385e94dc,100,1729,maximum_information_gain,2000.0,3000.0
kata1-b6c96-s12849664-d2510774-temp-0.5,68,1849.0515686411363,1758.2309593274126,1939.87217795486,1856.5744740796683,-7.522905438532007,2,a5803f8a5d9d87202b43d709cb328cedaf18c446af448f705c33d553e8c2e9f7,5170ec511fb50cdf10d648416d508574d70e9781ddf156a1b2a86d2b385e94dc,100,1729,maximum_information_gain,2000.0,3000.0
kata1-b6c96-s12849664-d2510774-temp-0.5,70,1848.226229742885,1758.7547557061307,1937.6977037796391,1856.5744740796683,-8.34824433678341,2,a5803f8a5d9d87202b43d709cb328cedaf18c446af448f705c33d553e8c2e9f7,5170ec511fb50cdf10d648416d508574d70e9781ddf156a1b2a86d2b385e94dc,100,1729,maximum_information_gain,2000.0,3000.0
kata1-b6c96-s12849664-d2510774-temp-0.5,72,1847.4523759023568,1759.263228815555,1935.6415229891586,1856.5744740796683,-9.1220981773115,2,a5803f8a5d9d87202b43d709cb328cedaf18c446af448f705c33d553e8c2e9f7,5170ec511fb50cdf10d648416d508574d70e9781ddf156a1b2a86d2b385e94dc,100,1729,maximum_information_gain,2000.0,3000.0
kata1-b6c96-s12849664-d2510774-temp-0.5,74,1846.7253594675199,1759.757053321831,1933.6936656132086,1856.5744740796683,-9.849114612148469,2,a5803f8a5d9d87202b43d709cb328cedaf18c446af448f705c33d553e8c2e9f7,5170ec511fb50cdf10d648416d508574d70e9781ddf156a1b2a86d2b385e94dc,100,1729,maximum_information_gain,2000.0,3000.0
kata1-b6c96-s12849664-d2510774-temp-0.5,76,1856.1661805138149,1769.991206520516,1942.3411545071137,1856.5744740796683,-0.4082935658534552,2,a5803f8a5d9d87202b43d709cb328cedaf18c446af448f705c33d553e8c2e9f7,5170ec511fb50cdf10d648416d508574d70e9781ddf156a1b2a86d2b385e94dc,100,1729,maximum_information_gain,2000.0,3000.0
kata1-b6c96-s12849664-d2510774-temp-0.5,78,1858.0897921450057,1772.9499252728467,1943.2296590171647,1856.5744740796683,1.5153180653373965,2,a5803f8a5d9d87202b43d709cb328cedaf18c446af448f705c33d553e8c2e9f7,5170ec511fb50cdf10d648416d508574d70e9781ddf156a1b2a86d2b385e94dc,100,1729,maximum_information_gain,2000.0,3000.0
kata1-b6c96-s12849664-d2510774-temp-0.5,80,1869.773432459839,1785.2570054378675,1954.2898594818103,1856.5744740796683,13.198958380170552,2,a5803f8a5d9d87202b43d709cb328cedaf18c446af448f705c33d553e8c2e9f7,5170ec511fb50cdf10d648416d508574d70e9781ddf156a1b2a86d2b385e94dc,100,1729,maximum_information_gain,2000.0,3000.0
kata1-b6c96-s12849664-d2510774-temp-0.5,82,1871.2448618525395,1787.7200647678849,1954.7696589371942,1856.5744740796683,14.670387772871209,2,a5803f8a5d9d87202b43d709cb328cedaf18c446af448f705c33d553e8c2e9f7,5170ec511fb50cdf10d648416d508574d70e9781ddf156a1b2a86d2b385e94dc,100,1729,maximum_information_gain,2000.0,3000.0
kata1-b6c96-s12849664-d2510774-temp-0.5,84,1863.2942645591083,1781.0517060828888,1945.5368230353279,1856.5744740796683,6.719790479440007,2,a5803f8a5d9d87202b43d709cb328cedaf18c446af448f705c33d553e8c2e9f7,5170ec511fb50cdf10d648416d508574d70e9781ddf156a1b2a86d2b385e94dc,100,1729,maximum_information_gain,2000.0,3000.0
kata1-b6c96-s12849664-d2510774-temp-0.5,86,1860.3281896347648,1779.1230063091846,1941.533372960345,1856.5744740796683,3.7537155550965053,2,a5803f8a5d9d87202b43d709cb328cedaf18c446af448f705c33d553e8c2e9f7,5170ec511fb50cdf10d648416d508574d70e9781ddf156a1b2a86d2b385e94dc,100,1729,maximum_information_gain,2000.0,3000.0
kata1-b6c96-s12849664-d2510774-temp-0.5,88,1861.9368721974115,1781.593904452938,1942.279839941885,1856.5744740796683,5.362398117743169,2,a5803f8a5d9d87202b43d709cb328cedaf18c446af448f705c33d553e8c2e9f7,5170ec511fb50cdf10d648416d508574d70e9781ddf156a1b2a86d2b385e94dc,100,1729,maximum_information_gain,2000.0,3000.0
kata1-b6c96-s12849664-d2510774-temp-0.5,90,1854.845021066564,1775.5484993858126,1934.1415427473153,1856.5744740796683,-1.7294530131043757,2,a5803f8a5d9d87202b43d709cb328cedaf18c446af448f705c33d553e8c2e9f7,5170ec511fb50cdf10d648416d508574d70e9781ddf156a1b2a86d2b385e94dc,100,1729,maximum_information_gain,2000.0,3000.0
kata1-b6c96-s12849664-d2510774-temp-0.5,92,1854.0914888098896,1775.649718730705,1932.5332588890742,1856.5744740796683,-2.4829852697787373,2,a5803f8a5d9d87202b43d709cb328cedaf18c446af448f705c33d553e8c2e9f7,5170ec511fb50cdf10d648416d508574d70e9781ddf156a1b2a86d2b385e94dc,100,1729,maximum_information_gain,2000.0,3000.0
kata1-b6c96-s12849664-d2510774-temp-0.5,94,1853.3735533068445,1775.75465304571,1930.992453567979,1856.5744740796683,-3.2009207728237925,2,a5803f8a5d9d87202b43d709cb328cedaf18c446af448f705c33d553e8c2e9f7,5170ec511fb50cdf10d648416d508574d70e9781ddf156a1b2a86d2b385e94dc,100,1729,maximum_information_gain,2000.0,3000.0
kata1-b6c96-s12849664-d2510774-temp-0.5,96,1860.618737118098,1783.6131072448786,1937.6243669913172,1856.5744740796683,4.044263038429563,2,a5803f8a5d9d87202b43d709cb328cedaf18c446af448f705c33d553e8c2e9f7,5170ec511fb50cdf10d648416d508574d70e9781ddf156a1b2a86d2b385e94dc,100,1729,maximum_information_gain,2000.0,3000.0
kata1-b6c96-s12849664-d2510774-temp-0.5,98,1862.028497766166,1785.7482652260137,1938.3087303063185,1856.5744740796683,5.454023686497749,2,a5803f8a5d9d87202b43d709cb328cedaf18c446af448f705c33d553e8c2e9f7,5170ec511fb50cdf10d648416d508574d70e9781ddf156a1b2a86d2b385e94dc,100,1729,maximum_information_gain,2000.0,3000.0
kata1-b6c96-s12849664-d2510774-temp-0.5,100,1855.6900883750748,1780.2713910809457,1931.1087856692038,1856.5744740796683,-0.8843857045935692,2,a5803f8a5d9d87202b43d709cb328cedaf18c446af448f705c33d553e8c2e9f7,5170ec511fb50cdf10d648416d508574d70e9781ddf156a1b2a86d2b385e94dc,100,1729,maximum_information_gain,2000.0,3000.0
kata1-b6c96-s13733120-d2631546-temp-0.3,2,2843.334262864967,404.7504286237727,5281.918097106161,1986.3808289415451,856.9534339234219,2,a5803f8a5d9d87202b43d709cb328cedaf18c446af448f705c33d553e8c2e9f7,5170ec511fb50cdf10d648416d508574d70e9781ddf156a1b2a86d2b385e94dc,100,1729,maximum_information_gain,2000.0,3000.0
kata1-b6c96-s13733120-d2631546-temp-0.3,4,2416.8412222338757,1810.3802970600627,3023.3021474076886,1986.3808289415451,430.46039329233054,2,a5803f8a5d9d87202b43d709cb328cedaf18c446af448f705c33d553e8c2e9f7,5170ec511fb50cdf10d648416d508574d70e9781ddf156a1b2a86d2b385e94dc,100,1729,maximum_information_gain,2000.0,3000.0
kata1-b6c96-s13733120-d2631546-temp-0.3,6,2183.46656108195,1802.7993443267205,2564.13377783718,1986.3808289415451,197.08573214040507,2,a5803f8a5d9d87202b43d709cb328cedaf18c446af448f705c33d553e8c2e9f7,5170ec511fb50cdf10d648416d508574d70e9781ddf156a1b2a86d2b385e94dc,100,1729,maximum_information_gain,2000.0,3000.0
kata1-b6c96-s13733120-d2631546-temp-0.3,8,2036.5357028530636,1719.6306060022612,2353.440799703866,1986.3808289415451,50.15487391151851,2,a5803f8a5d9d87202b43d709cb328cedaf18c446af448f705c33d553e8c2e9f7,5170ec511fb50cdf10d648416d508574d70e9781ddf156a1b2a86d2b385e94dc,100,1729,maximum_information_gain,2000.0,3000.0
kata1-b6c96-s13733120-d2631546-temp-0.3,10,2027.698520812506,1760.4970558930452,2294.899985731967,1986.3808289415451,41.31769187096097,2,a5803f8a5d9d87202b43d709cb328cedaf18c446af448f705c33d553e8c2e9f7,5170ec511fb50cdf10d648416d508574d70e9781ddf156a1b2a86d2b385e94dc,100,1729,maximum_information_gain,2000.0,3000.0
kata1-b6c96-s13733120-d2631546-temp-0.3,12,2103.330133976841,1870.7482327636465,2335.912035190035,1986.3808289415451,116.94930503529577,2,a5803f8a5d9d87202b43d709cb328cedaf18c446af448f705c33d553e8c2e9f7,5170ec511fb50cdf10d648416d508574d70e9781ddf156a1b2a86d2b385e94dc,100,1729,maximum_information_gain,2000.0,3000.0
kata1-b6c96-s13733120-d2631546-temp-0.3,14,2038.666636943757,1826.8008586577873,2250.532415229727,1986.3808289415451,52.28580800221198,2,a5803f8a5d9d87202b43d709cb328cedaf18c446af448f705c33d553e8c2e9f7,5170ec511fb50cdf10d648416d508574d70e9781ddf156a1b2a86d2b385e94dc,100,1729,maximum_information_gain,2000.0,3000.0
kata1-b6c96-s13733120-d2631546-temp-0.3,16,2033.609972334693,1838.6176834381204,2228.602261231266,1986.3808289415451,47.22914339314798,2,a5803f8a5d9d87202b43d709cb328cedaf18c446af448f705c33d553e8c2e9f7,5170ec511fb50cdf10d648416d508574d70e9781ddf156a1b2a86d2b385e94dc,100,1729,maximum_information_gain,2000.0,3000.0
kata1-b6c96-s13733120-d2631546-temp-0.3,18,2029.94609585595,1848.3540686137897,2211.53812309811,1986.3808289415451,43.5652669144049,2,a5803f8a5d9d87202b43d709cb328cedaf18c446af448f705c33d553e8c2e9f7,5170ec511fb50cdf10d648416d508574d70e9781ddf156a1b2a86d2b385e94dc,100,1729,maximum_information_gain,2000.0,3000.0
kata1-b6c96-s13733120-d2631546-temp-0.3,20,1984.0055031285763,1810.8966032063686,2157.114403050784,1986.3808289415451,-2.3753258129688675,2,a5803f8a5d9d87202b43d709cb328cedaf18c446af448f705c33d553e8c2e9f7,5170ec511fb50cdf10d648416d508574d70e9781ddf156a1b2a86d2b385e94dc,100,1729,maximum_information_gain,2000.0,3000.0
kata1-b6c96-s13733120-d2631546-temp-0.3,22,1983.9409896407506,1820.5358167504703,2147.3461625310306,1986.3808289415451,-2.4398393007945742,2,a5803f8a5d9d87202b43d709cb328cedaf18c446af448f705c33d553e8c2e9f7,5170ec511fb50cdf10d648416d508574d70e9781ddf156a1b2a86d2b385e94dc,100,1729,maximum_information_gain,2000.0,3000.0
kata1-b6c96-s13733120-d2631546-temp-0.3,24,1983.8696699657528,1828.6483704608286,2139.090969470677,1986.3808289415451,-2.511158975792341,2,a5803f8a5d9d87202b43d709cb328cedaf18c446af448f705c33d553e8c2e9f7,5170ec511fb50cdf10d648416d508574d70e9781ddf156a1b2a86d2b385e94dc,100,1729,maximum_information_gain,2000.0,3000.0
kata1-b6c96-s13733120-d2631546-temp-0.3,26,2015.5077106782005,1868.414074331228,2162.601347025173,1986.3808289415451,29.126881736655378,2,a5803f8a5d9d87202b43d709cb328cedaf18c446af448f705c33d553e8c2e9f7,5170ec511fb50cdf10d648416d508574d70e9781ddf156a1b2a86d2b385e94dc,100,1729,maximum_information_gain,2000.0,3000.0
kata1-b6c96-s13733120-d2631546-temp-0.3,28,2014.8038837909726,1873.6626895623842,2155.9450780195607,1986.3808289415451,28.423054849427444,2,a5803f8a5d9d87202b43d709cb328cedaf18c446af448f705c33d553e8c2e9f7,5170ec511fb50cdf10d648416d508574d70e9781ddf156a1b2a86d2b385e94dc,100,1729,maximum_information_gain,2000.0,3000.0
kata1-b6c96-s13733120-d2631546-temp-0.3,30,2014.2270172819458,1878.3397079626159,2150.1143266012755,1986.3808289415451,27.84618834040066,2,a5803f8a5d9d87202b43d709cb328cedaf18c446af448f705c33d553e8c2e9f7,5170ec511fb50cdf10d648416d508574d70e9781ddf156a1b2a86d2b385e94dc,100,1729,maximum_information_gain,2000.0,3000.0
kata1-b6c96-s13733120-d2631546-temp-0.3,32,2013.7111299230348,1882.506983178361,2144.915276667709,1986.3808289415451,27.3303009814897,2,a5803f8a5d9d87202b43d709cb328cedaf18c446af448f705c33d553e8c2e9f7,5170ec511fb50cdf10d648416d508574d70e9781ddf156a1b2a86d2b385e94dc,100,1729,maximum_information_gain,2000.0,3000.0
kata1-b6c96-s13733120-d2631546-temp-0.3,34,2013.2617177602854,1886.2642907103304,2140.2591448102403,1986.3808289415451,26.88088881874023,2,a5803f8a5d9d87202b43d709cb328cedaf18c446af448f705c33d553e8c2e9f7,5170ec511fb50cdf10d648416d508574d70e9781ddf156a1b2a86d2b385e94dc,100,1729,maximum_information_gain,2000.0,3000.0
kata1-b6c96-s13733120-d2631546-temp-0.3,36,2033.177854518737,1910.0077710492242,2156.3479379882497,1986.3808289415451,46.79702557719179,2,a5803f8a5d9d87202b43d709cb328cedaf18c446af448f705c33d553e8c2e9f7,5170ec511fb50cdf10d648416d508574d70e9781ddf156a1b2a86d2b385e94dc,100,1729,maximum_information_gain,2000.0,3000.0
kata1-b6c96-s13733120-d2631546-temp-0.3,38,2036.025468083567,1916.30029221586,2155.750643951274,1986.3808289415451,49.64463914202179,2,a5803f8a5d9d87202b43d709cb328cedaf18c446af448f705c33d553e8c2e9f7,5170ec511fb50cdf10d648416d508574d70e9781ddf156a1b2a86d2b385e94dc,100,1729,maximum_information_gain,2000.0,3000.0
kata1-b6c96-s13733120-d2631546-temp-0.3,40,2038.5794703878921,1922.0145325239664,2155.144408251818,1986.3808289415451,52.19864144634698,2,a5803f8a5d9d87202b43d709cb328cedaf18c446af448f705c33d553e8c2e9f7,5170ec511fb50cdf10d648416d508574d70e9781ddf156a1b2a86d2b385e94dc,100,1729,maximum_information_gain,2000.0,3000.0
kata1-b6c96-s13733120-d2631546-temp-0.3,42,2022.3896458330476,1908.6973796922628,2136.081911973832,1986.3808289415451,36.00881689150242,2,a5803f8a5d9d87202b43d709cb328cedaf18c446af448f705c33d553e8c2e9f7,5170ec511fb50cdf10d648416d508574d70e9781ddf156a1b2a86d2b385e94dc,100,1729,maximum_information_gain,2000.0,3000.0
kata1-b6c96-s13733120-d2631546-temp-0.3,44,2004.1177370712983,1892.8603107142758,2115.375163428321,1986.3808289415451,17.736908129753147,2,a5803f8a5d9d87202b43d709cb328cedaf18c446af448f705c33d553e8c2e9f7,5170ec511fb50cdf10d648416d508574d70e9781ddf156a1b2a86d2b385e94dc,100,1729,maximum_information_gain,2000.0,3000.0
kata1-b6c96-s13733120-d2631546-temp-0.3,46,2019.8303092811993,1911.323876614867,2128.3367419475317,1986.3808289415451,33.4494803396542,2,a5803f8a5d9d87202b43d709cb328cedaf18c446af448f705c33d553e8c2e9f7,5170ec511fb50cdf10d648416d508574d70e9781ddf156a1b2a86d2b385e94dc,100,1729,maximum_information_gain,2000.0,3000.0
kata1-b6c96-s13733120-d2631546-temp-0.3,48,2019.2568240265493,1913.0849151249383,2125.42873292816,1986.3808289415451,32.875995085004206,2,a5803f8a5d9d87202b43d709cb328cedaf18c446af448f705c33d553e8c2e9f7,5170ec511fb50cdf10d648416d508574d70e9781ddf156a1b2a86d2b385e94dc,100,1729,maximum_information_gain,2000.0,3000.0
kata1-b6c96-s13733120-d2631546-temp-0.3,50,2018.7540128692797,1914.7589682205814,2122.749057517978,1986.3808289415451,32.373183927734544,2,a5803f8a5d9d87202b43d709cb328cedaf18c446af448f705c33d553e8c2e9f7,5170ec511fb50cdf10d648416d508574d70e9781ddf156a1b2a86d2b385e94dc,100,1729,maximum_information_gain,2000.0,3000.0
kata1-b6c96-s13733120-d2631546-temp-0.3,52,2003.6780147438606,1901.5520799266653,2105.8039495610556,1986.3808289415451,17.297185802315425,2,a5803f8a5d9d87202b43d709cb328cedaf18c446af448f705c33d553e8c2e9f7,5170ec511fb50cdf10d648416d508574d70e9781ddf156a1b2a86d2b385e94dc,100,1729,maximum_information_gain,2000.0,3000.0
kata1-b6c96-s13733120-d2631546-temp-0.3,54,2002.8235095219825,1902.6197710606455,2103.0272479833193,1986.3808289415451,16.442680580437354,2,a5803f8a5d9d87202b43d709cb328cedaf18c446af448f705c33d553e8c2e9f7,5170ec511fb50cdf10d648416d508574d70e9781ddf156a1b2a86d2b385e94dc,100,1729,maximum_information_gain,2000.0,3000.0
kata1-b6c96-s13733120-d2631546-temp-0.3,56,2015.563759170891,1917.3030845523751,2113.824433789407,1986.3808289415451,29.182930229345857,2,a5803f8a5d9d87202b43d709cb328cedaf18c446af448f705c33d553e8c2e9f7,5170ec511fb50cdf10d648416d508574d70e9781ddf156a1b2a86d2b385e94dc,100,1729,maximum_information_gain,2000.0,3000.0
kata1-b6c96-s13733120-d2631546-temp-0.3,58,2015.2825724380925,1918.7228200180668,2111.842324858118,1986.3808289415451,28.901743496547397,2,a5803f8a5d9d87202b43d709cb328cedaf18c446af448f705c33d553e8c2e9f7,5170ec511fb50cdf10d648416d508574d70e9781ddf156a1b2a86d2b385e94dc,100,1729,maximum_information_gain,2000.0,3000.0
kata1-b6c96-s13733120-d2631546-temp-0.3,60,2015.0222571336926,1920.0688651273738,2109.9756491400117,1986.3808289415451,28.641428192147487,2,a5803f8a5d9d87202b43d709cb328cedaf18c446af448f705c33d553e8c2e9f7,5170ec511fb50cdf10d648416d508574d70e9781ddf156a1b2a86d2b385e94dc,100,1729,maximum_information_gain,2000.0,3000.0
kata1-b6c96-s13733120-d2631546-temp-0.3,62,2026.8506552397573,1933.4278688010963,2120.2734416784183,1986.3808289415451,40.46982629821218,2,a5803f8a5d9d87202b43d709cb328cedaf18c446af448f705c33d553e8c2e9f7,5170ec511fb50cdf10d648416d508574d70e9781ddf156a1b2a86d2b385e94dc,100,1729,maximum_information_gain,2000.0,3000.0
kata1-b6c96-s13733120-d2631546-temp-0.3,64,2026.199904143581,1934.2183898379817,2118.1814184491805,1986.3808289415451,39.81907520203595,2,a5803f8a5d9d87202b43d709cb328cedaf18c446af448f705c33d553e8c2e9f7,5170ec511fb50cdf10d648416d508574d70e9781ddf156a1b2a86d2b385e94dc,100,1729,maximum_information_gain,2000.0,3000.0
kata1-b6c96-s13733120-d2631546-temp-0.3,66,2028.0208073249062,1937.4028803917645,2118.638734258048,1986.3808289415451,41.63997838336104,2,a5803f8a5d9d87202b43d709cb328cedaf18c446af448f705c33d553e8c2e9f7,5170ec511fb50cdf10d648416d508574d70e9781ddf156a1b2a86d2b385e94dc,100,1729,maximum_information_gain,2000.0,3000.0
kata1-b6c96-s13733120-d2631546-temp-0.3,68,2029.7069749587515,1940.389477826061,2119.024472091442,1986.3808289415451,43.32614601720638,2,a5803f8a5d9d87202b43d709cb328cedaf18c446af448f705c33d553e8c2e9f7,5170ec511fb50cdf10d648416d508574d70e9781ddf156a1b2a86d2b385e94dc,100,1729,maximum_information_gain,2000.0,3000.0
kata1-b6c96-s13733120-d2631546-temp-0.3,70,2031.3107716816087,1943.2332830082812,2119.3882603549364,1986.3808289415451,44.92994274006355,2,a5803f8a5d9d87202b43d709cb328cedaf18c446af448f705c33d553e8c2e9f7,5170ec511fb50cdf10d648416d508574d70e9781ddf156a1b2a86d2b385e94dc,100,1729,maximum_information_gain,2000.0,3000.0
kata1-b6c96-s13733120-d2631546-temp-0.3,72,2022.3961919152807,1935.4914161580573,2109.300967672504,1986.3808289415451,36.01536297373559,2,a5803f8a5d9d87202b43d709cb328cedaf18c446af448f705c33d553e8c2e9f7,5170ec511fb50cdf10d648416d508574d70e9781ddf156a1b2a86d2b385e94dc,100,1729,maximum_information_gain,2000.0,3000.0
kata1-b6c96-s13733120-d2631546-temp-0.3,74,2021.9604341337476,1936.1917290727285,2107.7291391947665,1986.3808289415451,35.57960519220251,2,a5803f8a5d9d87202b43d709cb328cedaf18c446af448f705c33d553e8c2e9f7,5170ec511fb50cdf10d648416d508574d70e9781ddf156a1b2a86d2b385e94dc,100,1729,maximum_information_gain,2000.0,3000.0
kata1-b6c96-s13733120-d2631546-temp-0.3,76,2030.6622226907607,1945.9853057073992,2115.339139674122,1986.3808289415451,44.28139374921557,2,a5803f8a5d9d87202b43d709cb328cedaf18c446af448f705c33d553e8c2e9f7,5170ec511fb50cdf10d648416d508574d70e9781ddf156a1b2a86d2b385e94dc,100,1729,maximum_information_gain,2000.0,3000.0
kata1-b6c96-s13733120-d2631546-temp-0.3,78,2022.4855120234483,1938.8372319374894,2106.1337921094073,1986.3808289415451,36.104683081903204,2,a5803f8a5d9d87202b43d709cb328cedaf18c446af448f705c33d553e8c2e9f7,5170ec511fb50cdf10d648416d508574d70e9781ddf156a1b2a86d2b385e94dc,100,1729,maximum_information_gain,2000.0,3000.0
kata1-b6c96-s13733120-d2631546-temp-0.3,80,2022.102640611661,1939.4541085101528,2104.751172713169,1986.3808289415451,35.72181167011581,2,a5803f8a5d9d87202b43d709cb328cedaf18c446af448f705c33d553e8c2e9f7,5170ec511fb50cdf10d648416d508574d70e9781ddf156a1b2a86d2b385e94dc,100,1729,maximum_information_gain,2000.0,3000.0
kata1-b6c96-s13733120-d2631546-temp-0.3,82,2030.1266589906797,1948.4413599037923,2111.811958077567,1986.3808289415451,43.74583004913461,2,a5803f8a5d9d87202b43d709cb328cedaf18c446af448f705c33d553e8c2e9f7,5170ec511fb50cdf10d648416d508574d70e9781ddf156a1b2a86d2b385e94dc,100,1729,maximum_information_gain,2000.0,3000.0
kata1-b6c96-s13733120-d2631546-temp-0.3,84,2029.5766922647522,1948.8144148393558,2110.3389696901486,1986.3808289415451,43.19586332320705,2,a5803f8a5d9d87202b43d709cb328cedaf18c446af448f705c33d553e8c2e9f7,5170ec511fb50cdf10d648416d508574d70e9781ddf156a1b2a86d2b385e94dc,100,1729,maximum_information_gain,2000.0,3000.0
kata1-b6c96-s13733120-d2631546-temp-0.3,86,2022.219848644536,1942.3347722407386,2102.104925048333,1986.3808289415451,35.839019702990754,2,a5803f8a5d9d87202b43d709cb328cedaf18c446af448f705c33d553e8c2e9f7,5170ec511fb50cdf10d648416d508574d70e9781ddf156a1b2a86d2b385e94dc,100,1729,maximum_information_gain,2000.0,3000.0
kata1-b6c96-s13733120-d2631546-temp-0.3,88,2030.2479901714887,1951.2238891481893,2109.272091194788,1986.3808289415451,43.86716122994358,2,a5803f8a5d9d87202b43d709cb328cedaf18c446af448f705c33d553e8c2e9f7,5170ec511fb50cdf10d648416d508574d70e9781ddf156a1b2a86d2b385e94dc,100,1729,maximum_information_gain,2000.0,3000.0
kata1-b6c96-s13733120-d2631546-temp-0.3,90,2023.2218863547532,1945.0123529306584,2101.431419778848,1986.3808289415451,36.84105741320809,2,a5803f8a5d9d87202b43d709cb328cedaf18c446af448f705c33d553e8c2e9f7,5170ec511fb50cdf10d648416d508574d70e9781ddf156a1b2a86d2b385e94dc,100,1729,maximum_information_gain,2000.0,3000.0
kata1-b6c96-s13733120-d2631546-temp-0.3,92,2030.3120742163683,1952.9007425784218,2107.723405854315,1986.3808289415451,43.93124527482314,2,a5803f8a5d9d87202b43d709cb328cedaf18c446af448f705c33d553e8c2e9f7,5170ec511fb50cdf10d648416d508574d70e9781ddf156a1b2a86d2b385e94dc,100,1729,maximum_information_gain,2000.0,3000.0
kata1-b6c96-s13733120-d2631546-temp-0.3,94,2029.8148775802215,1953.1719626856175,2106.4577924748255,1986.3808289415451,43.43404863867636,2,a5803f8a5d9d87202b43d709cb328cedaf18c446af448f705c33d553e8c2e9f7,5170ec511fb50cdf10d648416d508574d70e9781ddf156a1b2a86d2b385e94dc,100,1729,maximum_information_gain,2000.0,3000.0
kata1-b6c96-s13733120-d2631546-temp-0.3,96,2023.2569082670022,1947.3472414694402,2099.1665750645643,1986.3808289415451,36.87607932545711,2,a5803f8a5d9d87202b43d709cb328cedaf18c446af448f705c33d553e8c2e9f7,5170ec511fb50cdf10d648416d508574d70e9781ddf156a1b2a86d2b385e94dc,100,1729,maximum_information_gain,2000.0,3000.0
kata1-b6c96-s13733120-d2631546-temp-0.3,98,2015.419219720405,1940.1954443336945,2090.6429951071154,1986.3808289415451,29.03839077885982,2,a5803f8a5d9d87202b43d709cb328cedaf18c446af448f705c33d553e8c2e9f7,5170ec511fb50cdf10d648416d508574d70e9781ddf156a1b2a86d2b385e94dc,100,1729,maximum_information_gain,2000.0,3000.0
kata1-b6c96-s13733120-d2631546-temp-0.3,100,2014.7014997956978,1940.1730963318785,2089.2299032595174,1986.3808289415451,28.320670854152695,2,a5803f8a5d9d87202b43d709cb328cedaf18c446af448f705c33d553e8c2e9f7,5170ec511fb50cdf10d648416d508574d70e9781ddf156a1b2a86d2b385e94dc,100,1729,maximum_information_gain,2000.0,3000.0
kata1-b6c96-s14649344-d2727367,2,2202.3337029825266,1647.269480173264,2757.397925791789,2110.739855958135,91.59384702439138,2,a5803f8a5d9d87202b43d709cb328cedaf18c446af448f705c33d553e8c2e9f7,5170ec511fb50cdf10d648416d508574d70e9781ddf156a1b2a86d2b385e94dc,100,1729,maximum_information_gain,2000.0,3000.0
kata1-b6c96-s14649344-d2727367,4,2086.1160830670497,1735.5814497855815,2436.650716348518,2110.739855958135,-24.623772891085537,2,a5803f8a5d9d87202b43d709cb328cedaf18c446af448f705c33d553e8c2e9f7,5170ec511fb50cdf10d648416d508574d70e9781ddf156a1b2a86d2b385e94dc,100,1729,maximum_information_gain,2000.0,3000.0
kata1-b6c96-s14649344-d2727367,6,2085.1941013565715,1800.626251409713,2369.76195130343,2110.739855958135,-25.545754601563658,2,a5803f8a5d9d87202b43d709cb328cedaf18c446af448f705c33d553e8c2e9f7,5170ec511fb50cdf10d648416d508574d70e9781ddf156a1b2a86d2b385e94dc,100,1729,maximum_information_gain,2000.0,3000.0
kata1-b6c96-s14649344-d2727367,8,2084.7371630194584,1838.8001328792998,2330.674193159617,2110.739855958135,-26.002692938676773,2,a5803f8a5d9d87202b43d709cb328cedaf18c446af448f705c33d553e8c2e9f7,5170ec511fb50cdf10d648416d508574d70e9781ddf156a1b2a86d2b385e94dc,100,1729,maximum_information_gain,2000.0,3000.0
kata1-b6c96-s14649344-d2727367,10,2156.7730670830197,1932.687532352769,2380.8586018132705,2110.739855958135,46.033211124884474,2,a5803f8a5d9d87202b43d709cb328cedaf18c446af448f705c33d553e8c2e9f7,5170ec511fb50cdf10d648416d508574d70e9781ddf156a1b2a86d2b385e94dc,100,1729,maximum_information_gain,2000.0,3000.0
kata1-b6c96-s14649344-d2727367,12,2097.1009331999126,1895.8444328587132,2298.3574335411117,2110.739855958135,-13.638922758222634,2,a5803f8a5d9d87202b43d709cb328cedaf18c446af448f705c33d553e8c2e9f7,5170ec511fb50cdf10d648416d508574d70e9781ddf156a1b2a86d2b385e94dc,100,1729,maximum_information_gain,2000.0,3000.0
kata1-b6c96-s14649344-d2727367,14,2043.678028017049,1855.4277491142298,2231.928306919868,2110.739855958135,-67.06182794108622,2,a5803f8a5d9d87202b43d709cb328cedaf18c446af448f705c33d553e8c2e9f7,5170ec511fb50cdf10d648416d508574d70e9781ddf156a1b2a86d2b385e94dc,100,1729,maximum_information_gain,2000.0,3000.0
kata1-b6c96-s14649344-d2727367,16,2039.4765335477955,1863.2608010426204,2215.6922660529704,2110.739855958135,-71.2633224103397,2,a5803f8a5d9d87202b43d709cb328cedaf18c446af448f705c33d553e8c2e9f7,5170ec511fb50cdf10d648416d508574d70e9781ddf156a1b2a86d2b385e94dc,100,1729,maximum_information_gain,2000.0,3000.0
kata1-b6c96-s14649344-d2727367,18,2076.397764157813,1911.165530521359,2241.629997794267,2110.739855958135,-34.34209180032212,2,a5803f8a5d9d87202b43d709cb328cedaf18c446af448f705c33d553e8c2e9f7,5170ec511fb50cdf10d648416d508574d70e9781ddf156a1b2a86d2b385e94dc,100,1729,maximum_information_gain,2000.0,3000.0
kata1-b6c96-s14649344-d2727367,20,2077.102007915497,1920.3107396828846,2233.893276148109,2110.739855958135,-33.637848042638325,2,a5803f8a5d9d87202b43d709cb328cedaf18c446af448f705c33d553e8c2e9f7,5170ec511fb50cdf10d648416d508574d70e9781ddf156a1b2a86d2b385e94dc,100,1729,maximum_information_gain,2000.0,3000.0
kata1-b6c96-s14649344-d2727367,22,2077.6733242984255,1928.107490273233,2227.239158323618,2110.739855958135,-33.06653165970965,2,a5803f8a5d9d87202b43d709cb328cedaf18c446af448f705c33d553e8c2e9f7,5170ec511fb50cdf10d648416d508574d70e9781ddf156a1b2a86d2b385e94dc,100,1729,maximum_information_gain,2000.0,3000.0
kata1-b6c96-s14649344-d2727367,24,2078.1560846671396,1934.863960674858,2221.448208659421,2110.739855958135,-32.58377129099563,2,a5803f8a5d9d87202b43d709cb328cedaf18c446af448f705c33d553e8c2e9f7,5170ec511fb50cdf10d648416d508574d70e9781ddf156a1b2a86d2b385e94dc,100,1729,maximum_information_gain,2000.0,3000.0
kata1-b6c96-s14649344-d2727367,26,2051.070220657246,1912.887495512165,2189.252945802327,2110.739855958135,-59.66963530088924,2,a5803f8a5d9d87202b43d709cb328cedaf18c446af448f705c33d553e8c2e9f7,5170ec511fb50cdf10d648416d508574d70e9781ddf156a1b2a86d2b385e94dc,100,1729,maximum_information_gain,2000.0,3000.0
kata1-b6c96-s14649344-d2727367,28,2035.2496038832805,1901.5037747185622,2168.9954330479986,2110.739855958135,-75.49025207485465,2,a5803f8a5d9d87202b43d709cb328cedaf18c446af448f705c33d553e8c2e9f7,5170ec511fb50cdf10d648416d508574d70e9781ddf156a1b2a86d2b385e94dc,100,1729,maximum_information_gain,2000.0,3000.0
kata1-b6c96-s14649344-d2727367,30,2057.6166510434778,1928.8406032503035,2186.392698836652,2110.739855958135,-53.123204914657435,2,a5803f8a5d9d87202b43d709cb328cedaf18c446af448f705c33d553e8c2e9f7,5170ec511fb50cdf10d648416d508574d70e9781ddf156a1b2a86d2b385e94dc,100,1729,maximum_information_gain,2000.0,3000.0
kata1-b6c96-s14649344-d2727367,32,2036.842986222287,1911.5840093870906,2162.1019630574833,2110.739855958135,-73.89686973584821,2,a5803f8a5d9d87202b43d709cb328cedaf18c446af448f705c33d553e8c2e9f7,5170ec511fb50cdf10d648416d508574d70e9781ddf156a1b2a86d2b385e94dc,100,1729,maximum_information_gain,2000.0,3000.0
kata1-b6c96-s14649344-d2727367,34,2056.440660521086,1935.1984537111396,2177.6828673310324,2110.739855958135,-54.29919543704909,2,a5803f8a5d9d87202b43d709cb328cedaf18c446af448f705c33d553e8c2e9f7,5170ec511fb50cdf10d648416d508574d70e9781ddf156a1b2a86d2b385e94dc,100,1729,maximum_information_gain,2000.0,3000.0
kata1-b6c96-s14649344-d2727367,36,2077.8139568241104,1959.8922997000434,2195.735613948177,2110.739855958135,-32.9258991340248,2,a5803f8a5d9d87202b43d709cb328cedaf18c446af448f705c33d553e8c2e9f7,5170ec511fb50cdf10d648416d508574d70e9781ddf156a1b2a86d2b385e94dc,100,1729,maximum_information_gain,2000.0,3000.0
kata1-b6c96-s14649344-d2727367,38,2096.936968278451,1981.7644124929657,2212.109524063936,2110.739855958135,-13.802887679684318,2,a5803f8a5d9d87202b43d709cb328cedaf18c446af448f705c33d553e8c2e9f7,5170ec511fb50cdf10d648416d508574d70e9781ddf156a1b2a86d2b385e94dc,100,1729,maximum_information_gain,2000.0,3000.0
kata1-b6c96-s14649344-d2727367,40,2105.225104709092,1992.6591106852516,2217.791098732933,2110.739855958135,-5.514751249043002,2,a5803f8a5d9d87202b43d709cb328cedaf18c446af448f705c33d553e8c2e9f7,5170ec511fb50cdf10d648416d508574d70e9781ddf156a1b2a86d2b385e94dc,100,1729,maximum_information_gain,2000.0,3000.0
kata1-b6c96-s14649344-d2727367,42,2104.179074733615,1994.2545670445331,2214.1035824226965,2110.739855958135,-6.5607812245202695,2,a5803f8a5d9d87202b43d709cb328cedaf18c446af448f705c33d553e8c2e9f7,5170ec511fb50cdf10d648416d508574d70e9781ddf156a1b2a86d2b385e94dc,100,1729,maximum_information_gain,2000.0,3000.0
kata1-b6c96-s14649344-d2727367,44,2103.231654634996,1995.7548768618963,2210.708432408096,2110.739855958135,-7.508201323139019,2,a5803f8a5d9d87202b43d709cb328cedaf18c446af448f705c33d553e8c2e9f7,5170ec511fb50cdf10d648416d508574d70e9781ddf156a1b2a86d2b385e94dc,100,1729,maximum_information_gain,2000.0,3000.0
kata1-b6c96-s14649344-d2727367,46,2102.348429728236,1997.148992171746,2207.547867284726,2110.739855958135,-8.391426229899025,2,a5803f8a5d9d87202b43d709cb328cedaf18c446af448f705c33d553e8c2e9f7,5170ec511fb50cdf10d648416d508574d70e9781ddf156a1b2a86d2b385e94dc,100,1729,maximum_information_gain,2000.0,3000.0
kata1-b6c96-s14649344-d2727367,48,2086.7024548493837,1983.8661901183254,2189.538719580442,2110.739855958135,-24.03740110875151,2,a5803f8a5d9d87202b43d709cb328cedaf18c446af448f705c33d553e8c2e9f7,5170ec511fb50cdf10d648416d508574d70e9781ddf156a1b2a86d2b385e94dc,100,1729,maximum_information_gain,2000.0,3000.0
kata1-b6c96-s14649344-d2727367,50,2072.3751235229834,1971.5696030367903,2173.1806440091764,2110.739855958135,-38.364732435151836,2,a5803f8a5d9d87202b43d709cb328cedaf18c446af448f705c33d553e8c2e9f7,5170ec511fb50cdf10d648416d508574d70e9781ddf156a1b2a86d2b385e94dc,100,1729,maximum_information_gain,2000.0,3000.0
kata1-b6c96-s14649344-d2727367,52,2072.8237317217972,1973.856362236574,2171.791101207021,2110.739855958135,-37.916124236337964,2,a5803f8a5d9d87202b43d709cb328cedaf18c446af448f705c33d553e8c2e9f7,5170ec511fb50cdf10d648416d508574d70e9781ddf156a1b2a86d2b385e94dc,100,1729,maximum_information_gain,2000.0,3000.0
kata1-b6c96-s14649344-d2727367,54,2086.3628289236535,1989.0728763724026,2183.6527814749043,2110.739855958135,-24.37702703448167,2,a5803f8a5d9d87202b43d709cb328cedaf18c446af448f705c33d553e8c2e9f7,5170ec511fb50cdf10d648416d508574d70e9781ddf156a1b2a86d2b385e94dc,100,1729,maximum_information_gain,2000.0,3000.0
kata1-b6c96-s14649344-d2727367,56,2086.252343434777,1990.6021801334007,2181.902506736153,2110.739855958135,-24.48751252335842,2,a5803f8a5d9d87202b43d709cb328cedaf18c446af448f705c33d553e8c2e9f7,5170ec511fb50cdf10d648416d508574d70e9781ddf156a1b2a86d2b385e94dc,100,1729,maximum_information_gain,2000.0,3000.0
kata1-b6c96-s14649344-d2727367,58,2098.4000271916566,2004.1533194329154,2192.646734950398,2110.739855958135,-12.339828766478604,2,a5803f8a5d9d87202b43d709cb328cedaf18c446af448f705c33d553e8c2e9f7,5170ec511fb50cdf10d648416d508574d70e9781ddf156a1b2a86d2b385e94dc,100,1729,maximum_information_gain,2000.0,3000.0
kata1-b6c96-s14649344-d2727367,60,2091.986150728317,1999.2990443382216,2184.673257118413,2110.739855958135,-18.753705229818024,2,a5803f8a5d9d87202b43d709cb328cedaf18c446af448f705c33d553e8c2e9f7,5170ec511fb50cdf10d648416d508574d70e9781ddf156a1b2a86d2b385e94dc,100,1729,maximum_information_gain,2000.0,3000.0
kata1-b6c96-s14649344-d2727367,62,2091.700914470646,2000.412564791325,2182.989264149967,2110.739855958135,-19.03894148748941,2,a5803f8a5d9d87202b43d709cb328cedaf18c446af448f705c33d553e8c2e9f7,5170ec511fb50cdf10d648416d508574d70e9781ddf156a1b2a86d2b385e94dc,100,1729,maximum_information_gain,2000.0,3000.0
kata1-b6c96-s14649344-d2727367,64,2091.454112321621,2001.4944580250735,2181.413766618168,2110.739855958135,-19.285743636514326,2,a5803f8a5d9d87202b43d709cb328cedaf18c446af448f705c33d553e8c2e9f7,5170ec511fb50cdf10d648416d508574d70e9781ddf156a1b2a86d2b385e94dc,100,1729,maximum_information_gain,2000.0,3000.0
kata1-b6c96-s14649344-d2727367,66,2080.4893299701425,1991.8634893863793,2169.1151705539055,2110.739855958135,-30.25052598799266,2,a5803f8a5d9d87202b43d709cb328cedaf18c446af448f705c33d553e8c2e9f7,5170ec511fb50cdf10d648416d508574d70e9781ddf156a1b2a86d2b385e94dc,100,1729,maximum_information_gain,2000.0,3000.0
kata1-b6c96-s14649344-d2727367,68,2090.985272018579,2003.4972697322626,2178.4732743048953,2110.739855958135,-19.75458393955614,2,a5803f8a5d9d87202b43d709cb328cedaf18c446af448f705c33d553e8c2e9f7,5170ec511fb50cdf10d648416d508574d70e9781ddf156a1b2a86d2b385e94dc,100,1729,maximum_information_gain,2000.0,3000.0
kata1-b6c96-s14649344-d2727367,70,2080.668313927203,1994.390902580413,2166.945725273993,2110.739855958135,-30.07154203093205,2,a5803f8a5d9d87202b43d709cb328cedaf18c446af448f705c33d553e8c2e9f7,5170ec511fb50cdf10d648416d508574d70e9781ddf156a1b2a86d2b385e94dc,100,1729,maximum_information_gain,2000.0,3000.0
kata1-b6c96-s14649344-d2727367,72,2080.7396730375863,1995.5595791267817,2165.919766948391,2110.739855958135,-30.000182920548923,2,a5803f8a5d9d87202b43d709cb328cedaf18c446af448f705c33d553e8c2e9f7,5170ec511fb50cdf10d648416d508574d70e9781ddf156a1b2a86d2b385e94dc,100,1729,maximum_information_gain,2000.0,3000.0
kata1-b6c96-s14649344-d2727367,74,2080.8065055795323,1996.6769583812927,2164.936052777772,2110.739855958135,-29.93335037860288,2,a5803f8a5d9d87202b43d709cb328cedaf18c446af448f705c33d553e8c2e9f7,5170ec511fb50cdf10d648416d508574d70e9781ddf156a1b2a86d2b385e94dc,100,1729,maximum_information_gain,2000.0,3000.0
kata1-b6c96-s14649344-d2727367,76,2071.5878788865643,1988.4615551501681,2154.7142026229603,2110.739855958135,-39.151977071570855,2,a5803f8a5d9d87202b43d709cb328cedaf18c446af448f705c33d553e8c2e9f7,5170ec511fb50cdf10d648416d508574d70e9781ddf156a1b2a86d2b385e94dc,100,1729,maximum_information_gain,2000.0,3000.0
kata1-b6c96-s14649344-d2727367,78,2070.01650508355,1987.8618076454773,2152.1712025216225,2110.739855958135,-40.72335087458532,2,a5803f8a5d9d87202b43d709cb328cedaf18c446af448f705c33d553e8c2e9f7,5170ec511fb50cdf10d648416d508574d70e9781ddf156a1b2a86d2b385e94dc,100,1729,maximum_information_gain,2000.0,3000.0
kata1-b6c96-s14649344-d2727367,80,2068.5255603238115,1987.3055608932423,2149.745559754381,2110.739855958135,-42.21429563432366,2,a5803f8a5d9d87202b43d709cb328cedaf18c446af448f705c33d553e8c2e9f7,5170ec511fb50cdf10d648416d508574d70e9781ddf156a1b2a86d2b385e94dc,100,1729,maximum_information_gain,2000.0,3000.0
kata1-b6c96-s14649344-d2727367,82,2071.4808445713215,1991.1662376217748,2151.795451520868,2110.739855958135,-39.259011386813654,2,a5803f8a5d9d87202b43d709cb328cedaf18c446af448f705c33d553e8c2e9f7,5170ec511fb50cdf10d648416d508574d70e9781ddf156a1b2a86d2b385e94dc,100,1729,maximum_information_gain,2000.0,3000.0
kata1-b6c96-s14649344-d2727367,84,2078.5808356923003,1999.1126644632443,2158.049006921356,2110.739855958135,-32.1590202658349,2,a5803f8a5d9d87202b43d709cb328cedaf18c446af448f705c33d553e8c2e9f7,5170ec511fb50cdf10d648416d508574d70e9781ddf156a1b2a86d2b385e94dc,100,1729,maximum_information_gain,2000.0,3000.0
kata1-b6c96-s14649344-d2727367,86,2078.692552197005,2000.0558135487652,2157.3292908452454,2110.739855958135,-32.047303761130024,2,a5803f8a5d9d87202b43d709cb328cedaf18c446af448f705c33d553e8c2e9f7,5170ec511fb50cdf10d648416d508574d70e9781ddf156a1b2a86d2b385e94dc,100,1729,maximum_information_gain,2000.0,3000.0
kata1-b6c96-s14649344-d2727367,88,2086.84788704936,2008.9623853959454,2164.7333887027744,2110.739855958135,-23.891968908775198,2,a5803f8a5d9d87202b43d709cb328cedaf18c446af448f705c33d553e8c2e9f7,5170ec511fb50cdf10d648416d508574d70e9781ddf156a1b2a86d2b385e94dc,100,1729,maximum_information_gain,2000.0,3000.0
kata1-b6c96-s14649344-d2727367,90,2088.5186579400047,2011.3968753936986,2165.6404404863106,2110.739855958135,-22.221198018130508,2,a5803f8a5d9d87202b43d709cb328cedaf18c446af448f705c33d553e8c2e9f7,5170ec511fb50cdf10d648416d508574d70e9781ddf156a1b2a86d2b385e94dc,100,1729,maximum_information_gain,2000.0,3000.0
kata1-b6c96-s14649344-d2727367,92,2090.0949550249543,2013.7133152045667,2166.476594845342,2110.739855958135,-20.644900933180907,2,a5803f8a5d9d87202b43d709cb328cedaf18c446af448f705c33d553e8c2e9f7,5170ec511fb50cdf10d648416d508574d70e9781ddf156a1b2a86d2b385e94dc,100,1729,maximum_information_gain,2000.0,3000.0
kata1-b6c96-s14649344-d2727367,94,2087.789749270394,2012.1498563830285,2163.42964215776,2110.739855958135,-22.950106687741027,2,a5803f8a5d9d87202b43d709cb328cedaf18c446af448f705c33d553e8c2e9f7,5170ec511fb50cdf10d648416d508574d70e9781ddf156a1b2a86d2b385e94dc,100,1729,maximum_information_gain,2000.0,3000.0
kata1-b6c96-s14649344-d2727367,96,2095.089438073735,2020.0978440039294,2170.0810321435406,2110.739855958135,-15.650417884400213,2,a5803f8a5d9d87202b43d709cb328cedaf18c446af448f705c33d553e8c2e9f7,5170ec511fb50cdf10d648416d508574d70e9781ddf156a1b2a86d2b385e94dc,100,1729,maximum_information_gain,2000.0,3000.0
kata1-b6c96-s14649344-d2727367,98,2089.0798222520757,2014.8136777525617,2163.34596675159,2110.739855958135,-21.660033706059494,2,a5803f8a5d9d87202b43d709cb328cedaf18c446af448f705c33d553e8c2e9f7,5170ec511fb50cdf10d648416d508574d70e9781ddf156a1b2a86d2b385e94dc,100,1729,maximum_information_gain,2000.0,3000.0
kata1-b6c96-s14649344-d2727367,100,2097.762280914291,2024.1012036316795,2171.423358196902,2110.739855958135,-12.977575043844354,2,a5803f8a5d9d87202b43d709cb328cedaf18c446af448f705c33d553e8c2e9f7,5170ec511fb50cdf10d648416d508574d70e9781ddf156a1b2a86d2b385e94dc,100,1729,maximum_information_gain,2000.0,3000.0
kata1-b6c96-s16525312-d2925067,2,2846.916119383727,412.5543821373617,5281.277856630093,2246.7033645254683,600.2127548582589,2,a5803f8a5d9d87202b43d709cb328cedaf18c446af448f705c33d553e8c2e9f7,5170ec511fb50cdf10d648416d508574d70e9781ddf156a1b2a86d2b385e94dc,100,1729,maximum_information_gain,2000.0,3000.0
kata1-b6c96-s16525312-d2925067,4,2419.6051109440464,1815.4334892715606,3023.776732616532,2246.7033645254683,172.9017464185781,2,a5803f8a5d9d87202b43d709cb328cedaf18c446af448f705c33d553e8c2e9f7,5170ec511fb50cdf10d648416d508574d70e9781ddf156a1b2a86d2b385e94dc,100,1729,maximum_information_gain,2000.0,3000.0
kata1-b6c96-s16525312-d2925067,6,2331.803158814397,1945.7813283430057,2717.8249892857884,2246.7033645254683,85.09979428892893,2,a5803f8a5d9d87202b43d709cb328cedaf18c446af448f705c33d553e8c2e9f7,5170ec511fb50cdf10d648416d508574d70e9781ddf156a1b2a86d2b385e94dc,100,1729,maximum_information_gain,2000.0,3000.0
kata1-b6c96-s16525312-d2925067,8,2254.3012032775277,1947.024723856012,2561.577682699043,2246.7033645254683,7.597838752059488,2,a5803f8a5d9d87202b43d709cb328cedaf18c446af448f705c33d553e8c2e9f7,5170ec511fb50cdf10d648416d508574d70e9781ddf156a1b2a86d2b385e94dc,100,1729,maximum_information_gain,2000.0,3000.0
kata1-b6c96-s16525312-d2925067,10,2270.169744921295,2010.5404442807235,2529.799045561867,2246.7033645254683,23.466380395826945,2,a5803f8a5d9d87202b43d709cb328cedaf18c446af448f705c33d553e8c2e9f7,5170ec511fb50cdf10d648416d508574d70e9781ddf156a1b2a86d2b385e94dc,100,1729,maximum_information_gain,2000.0,3000.0
kata1-b6c96-s16525312-d2925067,12,2198.9890107175456,1961.5604740348278,2436.4175474002636,2246.7033645254683,-47.714353807922635,2,a5803f8a5d9d87202b43d709cb328cedaf18c446af448f705c33d553e8c2e9f7,5170ec511fb50cdf10d648416d508574d70e9781ddf156a1b2a86d2b385e94dc,100,1729,maximum_information_gain,2000.0,3000.0
kata1-b6c96-s16525312-d2925067,14,2120.968308671017,1896.1873450575895,2345.7492722844445,2246.7033645254683,-125.73505585445128,2,a5803f8a5d9d87202b43d709cb328cedaf18c446af448f705c33d553e8c2e9f7,5170ec511fb50cdf10d648416d508574d70e9781ddf156a1b2a86d2b385e94dc,100,1729,maximum_information_gain,2000.0,3000.0
kata1-b6c96-s16525312-d2925067,16,2178.173955119175,1979.6874168046256,2376.6604934337242,2246.7033645254683,-68.52940940629333,2,a5803f8a5d9d87202b43d709cb328cedaf18c446af448f705c33d553e8c2e9f7,5170ec511fb50cdf10d648416d508574d70e9781ddf156a1b2a86d2b385e94dc,100,1729,maximum_information_gain,2000.0,3000.0
kata1-b6c96-s16525312-d2925067,18,2175.5464085068925,1991.2685939424193,2359.824223071366,2246.7033645254683,-71.15695601857578,2,a5803f8a5d9d87202b43d709cb328cedaf18c446af448f705c33d553e8c2e9f7,5170ec511fb50cdf10d648416d508574d70e9781ddf156a1b2a86d2b385e94dc,100,1729,maximum_information_gain,2000.0,3000.0
kata1-b6c96-s16525312-d2925067,20,2151.9807287196886,1977.972613593339,2325.9888438460384,2246.7033645254683,-94.72263580577965,2,a5803f8a5d9d87202b43d709cb328cedaf18c446af448f705c33d553e8c2e9f7,5170ec511fb50cdf10d648416d508574d70e9781ddf156a1b2a86d2b385e94dc,100,1729,maximum_information_gain,2000.0,3000.0
kata1-b6c96-s16525312-d2925067,22,2152.824435110485,1988.6981933053703,2316.9506769155996,2246.7033645254683,-93.8789294149833,2,a5803f8a5d9d87202b43d709cb328cedaf18c446af448f705c33d553e8c2e9f7,5170ec511fb50cdf10d648416d508574d70e9781ddf156a1b2a86d2b385e94dc,100,1729,maximum_information_gain,2000.0,3000.0
kata1-b6c96-s16525312-d2925067,24,2153.878247788056,1998.0908172975398,2309.6656782785717,2246.7033645254683,-92.82511673741237,2,a5803f8a5d9d87202b43d709cb328cedaf18c446af448f705c33d553e8c2e9f7,5170ec511fb50cdf10d648416d508574d70e9781ddf156a1b2a86d2b385e94dc,100,1729,maximum_information_gain,2000.0,3000.0
kata1-b6c96-s16525312-d2925067,26,2154.7563214472852,2006.102325392227,2303.4103175023433,2246.7033645254683,-91.94704307818301,2,a5803f8a5d9d87202b43d709cb328cedaf18c446af448f705c33d553e8c2e9f7,5170ec511fb50cdf10d648416d508574d70e9781ddf156a1b2a86d2b385e94dc,100,1729,maximum_information_gain,2000.0,3000.0
kata1-b6c96-s16525312-d2925067,28,2155.1705332932406,2012.704099549204,2297.636967037277,2246.7033645254683,-91.53283123222764,2,a5803f8a5d9d87202b43d709cb328cedaf18c446af448f705c33d553e8c2e9f7,5170ec511fb50cdf10d648416d508574d70e9781ddf156a1b2a86d2b385e94dc,100,1729,maximum_information_gain,2000.0,3000.0
kata1-b6c96-s16525312-d2925067,30,2155.8150007074732,2018.8000897717952,2292.8299116431513,2246.7033645254683,-90.88836381799501,2,a5803f8a5d9d87202b43d709cb328cedaf18c446af448f705c33d553e8c2e9f7,5170ec511fb50cdf10d648416d508574d70e9781ddf156a1b2a86d2b385e94dc,100,1729,maximum_information_gain,2000.0,3000.0
kata1-b6c96-s16525312-d2925067,32,2181.149812674709,2049.4583682109014,2312.841257138517,2246.7033645254683,-65.55355185075905,2,a5803f8a5d9d87202b43d709cb328cedaf18c446af448f705c33d553e8c2e9f7,5170ec511fb50cdf10d648416d508574d70e9781ddf156a1b2a86d2b385e94dc,100,1729,maximum_information_gain,2000.0,3000.0
kata1-b6c96-s16525312-d2925067,34,2191.647069947644,2064.255868267856,2319.038271627432,2246.7033645254683,-55.05629457782425,2,a5803f8a5d9d87202b43d709cb328cedaf18c446af448f705c33d553e8c2e9f7,5170ec511fb50cdf10d648416d508574d70e9781ddf156a1b2a86d2b385e94dc,100,1729,maximum_information_gain,2000.0,3000.0
kata1-b6c96-s16525312-d2925067,36,2189.9024499782918,2066.354100922657,2313.4507990339266,2246.7033645254683,-56.80091454717649,2,a5803f8a5d9d87202b43d709cb328cedaf18c446af448f705c33d553e8c2e9f7,5170ec511fb50cdf10d648416d508574d70e9781ddf156a1b2a86d2b385e94dc,100,1729,maximum_information_gain,2000.0,3000.0
kata1-b6c96-s16525312-d2925067,38,2188.3639005691634,2068.3114510392784,2308.4163500990485,2246.7033645254683,-58.339463956304826,2,a5803f8a5d9d87202b43d709cb328cedaf18c446af448f705c33d553e8c2e9f7,5170ec511fb50cdf10d648416d508574d70e9781ddf156a1b2a86d2b385e94dc,100,1729,maximum_information_gain,2000.0,3000.0
kata1-b6c96-s16525312-d2925067,40,2186.768903280977,2069.915346256686,2303.6224603052683,2246.7033645254683,-59.934461244491104,2,a5803f8a5d9d87202b43d709cb328cedaf18c446af448f705c33d553e8c2e9f7,5170ec511fb50cdf10d648416d508574d70e9781ddf156a1b2a86d2b385e94dc,100,1729,maximum_information_gain,2000.0,3000.0
kata1-b6c96-s16525312-d2925067,42,2203.995182948635,2089.9301469920324,2318.0602189052374,2246.7033645254683,-42.70818157683334,2,a5803f8a5d9d87202b43d709cb328cedaf18c446af448f705c33d553e8c2e9f7,5170ec511fb50cdf10d648416d508574d70e9781ddf156a1b2a86d2b385e94dc,100,1729,maximum_information_gain,2000.0,3000.0
kata1-b6c96-s16525312-d2925067,44,2193.1974124792805,2081.9620583174747,2304.4327666410863,2246.7033645254683,-53.50595204618776,2,a5803f8a5d9d87202b43d709cb328cedaf18c446af448f705c33d553e8c2e9f7,5170ec511fb50cdf10d648416d508574d70e9781ddf156a1b2a86d2b385e94dc,100,1729,maximum_information_gain,2000.0,3000.0
kata1-b6c96-s16525312-d2925067,46,2191.6047183469564,2082.8922866232347,2300.317150070678,2246.7033645254683,-55.0986461785119,2,a5803f8a5d9d87202b43d709cb328cedaf18c446af448f705c33d553e8c2e9f7,5170ec511fb50cdf10d648416d508574d70e9781ddf156a1b2a86d2b385e94dc,100,1729,maximum_information_gain,2000.0,3000.0
kata1-b6c96-s16525312-d2925067,48,2174.401443832355,2068.0573998109803,2280.74548785373,2246.7033645254683,-72.30192069311306,2,a5803f8a5d9d87202b43d709cb328cedaf18c446af448f705c33d553e8c2e9f7,5170ec511fb50cdf10d648416d508574d70e9781ddf156a1b2a86d2b385e94dc,100,1729,maximum_information_gain,2000.0,3000.0
kata1-b6c96-s16525312-d2925067,50,2158.4856248445426,2054.187989174998,2262.783260514087,2246.7033645254683,-88.21773968092566,2,a5803f8a5d9d87202b43d709cb328cedaf18c446af448f705c33d553e8c2e9f7,5170ec511fb50cdf10d648416d508574d70e9781ddf156a1b2a86d2b385e94dc,100,1729,maximum_information_gain,2000.0,3000.0
kata1-b6c96-s16525312-d2925067,52,2173.3113406303955,2071.202545998152,2275.420135262639,2246.7033645254683,-73.39202389507273,2,a5803f8a5d9d87202b43d709cb328cedaf18c446af448f705c33d553e8c2e9f7,5170ec511fb50cdf10d648416d508574d70e9781ddf156a1b2a86d2b385e94dc,100,1729,maximum_information_gain,2000.0,3000.0
kata1-b6c96-s16525312-d2925067,54,2172.759685795303,2072.5709449260617,2272.9484266645445,2246.7033645254683,-73.94367873016517,2,a5803f8a5d9d87202b43d709cb328cedaf18c446af448f705c33d553e8c2e9f7,5170ec511fb50cdf10d648416d508574d70e9781ddf156a1b2a86d2b385e94dc,100,1729,maximum_information_gain,2000.0,3000.0
kata1-b6c96-s16525312-d2925067,56,2172.3831893630104,2074.0024372226444,2270.7639415033764,2246.7033645254683,-74.32017516245787,2,a5803f8a5d9d87202b43d709cb328cedaf18c446af448f705c33d553e8c2e9f7,5170ec511fb50cdf10d648416d508574d70e9781ddf156a1b2a86d2b385e94dc,100,1729,maximum_information_gain,2000.0,3000.0
kata1-b6c96-s16525312-d2925067,58,2185.025266166309,2088.3322549736736,2281.7182773589443,2246.7033645254683,-61.67809835915932,2,a5803f8a5d9d87202b43d709cb328cedaf18c446af448f705c33d553e8c2e9f7,5170ec511fb50cdf10d648416d508574d70e9781ddf156a1b2a86d2b385e94dc,100,1729,maximum_information_gain,2000.0,3000.0
kata1-b6c96-s16525312-d2925067,60,2184.1187212413206,2089.0362542480525,2279.2011882345887,2246.7033645254683,-62.58464328414766,2,a5803f8a5d9d87202b43d709cb328cedaf18c446af448f705c33d553e8c2e9f7,5170ec511fb50cdf10d648416d508574d70e9781ddf156a1b2a86d2b385e94dc,100,1729,maximum_information_gain,2000.0,3000.0
kata1-b6c96-s16525312-d2925067,62,2195.4982944458525,2101.835066175263,2289.161522716442,2246.7033645254683,-51.20507007961578,2,a5803f8a5d9d87202b43d709cb328cedaf18c446af448f705c33d553e8c2e9f7,5170ec511fb50cdf10d648416d508574d70e9781ddf156a1b2a86d2b385e94dc,100,1729,maximum_information_gain,2000.0,3000.0
kata1-b6c96-s16525312-d2925067,64,2206.1488326952594,2113.756144674336,2298.5415207161827,2246.7033645254683,-40.554531830208816,2,a5803f8a5d9d87202b43d709cb328cedaf18c446af448f705c33d553e8c2e9f7,5170ec511fb50cdf10d648416d508574d70e9781ddf156a1b2a86d2b385e94dc,100,1729,maximum_information_gain,2000.0,3000.0
kata1-b6c96-s16525312-d2925067,66,2204.6749259444464,2113.6772279913866,2295.672623897506,2246.7033645254683,-42.028438581021874,2,a5803f8a5d9d87202b43d709cb328cedaf18c446af448f705c33d553e8c2e9f7,5170ec511fb50cdf10d648416d508574d70e9781ddf156a1b2a86d2b385e94dc,100,1729,maximum_information_gain,2000.0,3000.0
kata1-b6c96-s16525312-d2925067,68,2203.3769485020457,2113.7048143668776,2293.049082637214,2246.7033645254683,-43.32641602342255,2,a5803f8a5d9d87202b43d709cb328cedaf18c446af448f705c33d553e8c2e9f7,5170ec511fb50cdf10d648416d508574d70e9781ddf156a1b2a86d2b385e94dc,100,1729,maximum_information_gain,2000.0,3000.0
kata1-b6c96-s16525312-d2925067,70,2202.13813705309,2113.728067549561,2290.548206556619,2246.7033645254683,-44.56522747237841,2,a5803f8a5d9d87202b43d709cb328cedaf18c446af448f705c33d553e8c2e9f7,5170ec511fb50cdf10d648416d508574d70e9781ddf156a1b2a86d2b385e94dc,100,1729,maximum_information_gain,2000.0,3000.0
kata1-b6c96-s16525312-d2925067,72,2195.7282213390636,2108.5983045772778,2282.8581381008494,2246.7033645254683,-50.97514318640469,2,a5803f8a5d9d87202b43d709cb328cedaf18c446af448f705c33d553e8c2e9f7,5170ec511fb50cdf10d648416d508574d70e9781ddf156a1b2a86d2b385e94dc,100,1729,maximum_information_gain,2000.0,3000.0
kata1-b6c96-s16525312-d2925067,74,2194.7973549859294,2108.811240340145,2280.7834696317136,2246.7033645254683,-51.9060095395389,2,a5803f8a5d9d87202b43d709cb328cedaf18c446af448f705c33d553e8c2e9f7,5170ec511fb50cdf10d648416d508574d70e9781ddf156a1b2a86d2b385e94dc,100,1729,maximum_information_gain,2000.0,3000.0
kata1-b6c96-s16525312-d2925067,76,2193.8513733440295,2108.959891523448,2278.7428551646112,2246.7033645254683,-52.851991181438734,2,a5803f8a5d9d87202b43d709cb328cedaf18c446af448f705c33d553e8c2e9f7,5170ec511fb50cdf10d648416d508574d70e9781ddf156a1b2a86d2b385e94dc,100,1729,maximum_information_gain,2000.0,3000.0
kata1-b6c96-s16525312-d2925067,78,2202.529471521699,2118.5512821087927,2286.5076609346056,2246.7033645254683,-44.17389300376908,2,a5803f8a5d9d87202b43d709cb328cedaf18c446af448f705c33d553e8c2e9f7,5170ec511fb50cdf10d648416d508574d70e9781ddf156a1b2a86d2b385e94dc,100,1729,maximum_information_gain,2000.0,3000.0
kata1-b6c96-s16525312-d2925067,80,2192.216936403632,2109.377811346177,2275.056061461087,2246.7033645254683,-54.48642812183607,2,a5803f8a5d9d87202b43d709cb328cedaf18c446af448f705c33d553e8c2e9f7,5170ec511fb50cdf10d648416d508574d70e9781ddf156a1b2a86d2b385e94dc,100,1729,maximum_information_gain,2000.0,3000.0
kata1-b6c96-s16525312-d2925067,82,2200.4291880272226,2118.436472656794,2282.421903397651,2246.7033645254683,-46.27417649824565,2,a5803f8a5d9d87202b43d709cb328cedaf18c446af448f705c33d553e8c2e9f7,5170ec511fb50cdf10d648416d508574d70e9781ddf156a1b2a86d2b385e94dc,100,1729,maximum_information_gain,2000.0,3000.0
kata1-b6c96-s16525312-d2925067,84,2190.6937244117485,2109.745500670117,2271.64194815338,2246.7033645254683,-56.0096401137198,2,a5803f8a5d9d87202b43d709cb328cedaf18c446af448f705c33d553e8c2e9f7,5170ec511fb50cdf10d648416d508574d70e9781ddf156a1b2a86d2b385e94dc,100,1729,maximum_information_gain,2000.0,3000.0
kata1-b6c96-s16525312-d2925067,86,2181.3804067953565,2101.3882521167875,2261.3725614739255,2246.7033645254683,-65.32295773011174,2,a5803f8a5d9d87202b43d709cb328cedaf18c446af448f705c33d553e8c2e9f7,5170ec511fb50cdf10d648416d508574d70e9781ddf156a1b2a86d2b385e94dc,100,1729,maximum_information_gain,2000.0,3000.0
kata1-b6c96-s16525312-d2925067,88,2189.2990589677224,2110.099775653964,2268.4983422814807,2246.7033645254683,-57.40430555774583,2,a5803f8a5d9d87202b43d709cb328cedaf18c446af448f705c33d553e8c2e9f7,5170ec511fb50cdf10d648416d508574d70e9781ddf156a1b2a86d2b385e94dc,100,1729,maximum_information_gain,2000.0,3000.0
kata1-b6c96-s16525312-d2925067,90,2188.6931780088807,2110.3193113505768,2267.0670446671847,2246.7033645254683,-58.01018651658751,2,a5803f8a5d9d87202b43d709cb328cedaf18c446af448f705c33d553e8c2e9f7,5170ec511fb50cdf10d648416d508574d70e9781ddf156a1b2a86d2b385e94dc,100,1729,maximum_information_gain,2000.0,3000.0
kata1-b6c96-s16525312-d2925067,92,2188.0602240105536,2110.4830865501003,2265.637361471007,2246.7033645254683,-58.64314051491465,2,a5803f8a5d9d87202b43d709cb328cedaf18c446af448f705c33d553e8c2e9f7,5170ec511fb50cdf10d648416d508574d70e9781ddf156a1b2a86d2b385e94dc,100,1729,maximum_information_gain,2000.0,3000.0
kata1-b6c96-s16525312-d2925067,94,2195.3126885894785,2118.4214563234436,2272.2039208555134,2246.7033645254683,-51.39067593598975,2,a5803f8a5d9d87202b43d709cb328cedaf18c446af448f705c33d553e8c2e9f7,5170ec511fb50cdf10d648416d508574d70e9781ddf156a1b2a86d2b385e94dc,100,1729,maximum_information_gain,2000.0,3000.0
kata1-b6c96-s16525312-d2925067,96,2202.264455171388,2126.011228868004,2278.517681474772,2246.7033645254683,-44.43890935408035,2,a5803f8a5d9d87202b43d709cb328cedaf18c446af448f705c33d553e8c2e9f7,5170ec511fb50cdf10d648416d508574d70e9781ddf156a1b2a86d2b385e94dc,100,1729,maximum_information_gain,2000.0,3000.0
kata1-b6c96-s16525312-d2925067,98,2201.3880002109913,2125.8625160541205,2276.913484367862,2246.7033645254683,-45.31536431447694,2,a5803f8a5d9d87202b43d709cb328cedaf18c446af448f705c33d553e8c2e9f7,5170ec511fb50cdf10d648416d508574d70e9781ddf156a1b2a86d2b385e94dc,100,1729,maximum_information_gain,2000.0,3000.0
kata1-b6c96-s16525312-d2925067,100,2207.9419495002116,2132.9947017342074,2282.889197266216,2246.7033645254683,-38.76141502525661,2,a5803f8a5d9d87202b43d709cb328cedaf18c446af448f705c33d553e8c2e9f7,5170ec511fb50cdf10d648416d508574d70e9781ddf156a1b2a86d2b385e94dc,100,1729,maximum_information_gain,2000.0,3000.0
kata1-b6c96-s17434112-d3038653,2,2847.589278018737,414.02881099093156,5281.149745046542,2312.3963974188023,535.1928805999346,2,a5803f8a5d9d87202b43d709cb328cedaf18c446af448f705c33d553e8c2e9f7,5170ec511fb50cdf10d648416d508574d70e9781ddf156a1b2a86d2b385e94dc,100,1729,maximum_information_gain,2000.0,3000.0
kata1-b6c96-s17434112-d3038653,4,2837.749278678562,2364.649958940314,3310.84859841681,2312.3963974188023,525.3528812597597,2,a5803f8a5d9d87202b43d709cb328cedaf18c446af448f705c33d553e8c2e9f7,5170ec511fb50cdf10d648416d508574d70e9781ddf156a1b2a86d2b385e94dc,100,1729,maximum_information_gain,2000.0,3000.0
kata1-b6c96-s17434112-d3038653,6,2654.585335714126,2276.952948403996,3032.217723024256,2312.3963974188023,342.1889382953236,2,a5803f8a5d9d87202b43d709cb328cedaf18c446af448f705c33d553e8c2e9f7,5170ec511fb50cdf10d648416d508574d70e9781ddf156a1b2a86d2b385e94dc,100,1729,maximum_information_gain,2000.0,3000.0
kata1-b6c96-s17434112-d3038653,8,2495.71845637199,2149.0523396884387,2842.3845730555418,2312.3963974188023,183.32205895318793,2,a5803f8a5d9d87202b43d709cb328cedaf18c446af448f705c33d553e8c2e9f7,5170ec511fb50cdf10d648416d508574d70e9781ddf156a1b2a86d2b385e94dc,100,1729,maximum_information_gain,2000.0,3000.0
kata1-b6c96-s17434112-d3038653,10,2362.2200423175304,2044.9944476196981,2679.445637015363,2312.3963974188023,49.82364489872816,2,a5803f8a5d9d87202b43d709cb328cedaf18c446af448f705c33d553e8c2e9f7,5170ec511fb50cdf10d648416d508574d70e9781ddf156a1b2a86d2b385e94dc,100,1729,maximum_information_gain,2000.0,3000.0
kata1-b6c96-s17434112-d3038653,12,2255.257159101293,1965.6335777179745,2544.880740484611,2312.3963974188023,-57.13923831750935,2,a5803f8a5d9d87202b43d709cb328cedaf18c446af448f705c33d553e8c2e9f7,5170ec511fb50cdf10d648416d508574d70e9781ddf156a1b2a86d2b385e94dc,100,1729,maximum_information_gain,2000.0,3000.0
kata1-b6c96-s17434112-d3038653,14,2252.3535312367203,2002.8170712914693,2501.8899911819713,2312.3963974188023,-60.04286618208198,2,a5803f8a5d9d87202b43d709cb328cedaf18c446af448f705c33d553e8c2e9f7,5170ec511fb50cdf10d648416d508574d70e9781ddf156a1b2a86d2b385e94dc,100,1729,maximum_information_gain,2000.0,3000.0
kata1-b6c96-s17434112-d3038653,16,2174.2034969432243,1941.0857903531614,2407.321203533287,2312.3963974188023,-138.19290047557797,2,a5803f8a5d9d87202b43d709cb328cedaf18c446af448f705c33d553e8c2e9f7,5170ec511fb50cdf10d648416d508574d70e9781ddf156a1b2a86d2b385e94dc,100,1729,maximum_information_gain,2000.0,3000.0
kata1-b6c96-s17434112-d3038653,18,2235.737694402267,2031.0925350010525,2440.382853803482,2312.3963974188023,-76.65870301653513,2,a5803f8a5d9d87202b43d709cb328cedaf18c446af448f705c33d553e8c2e9f7,5170ec511fb50cdf10d648416d508574d70e9781ddf156a1b2a86d2b385e94dc,100,1729,maximum_information_gain,2000.0,3000.0
kata1-b6c96-s17434112-d3038653,20,2288.878929783675,2101.8108691899397,2475.9469903774107,2312.3963974188023,-23.517467635127105,2,a5803f8a5d9d87202b43d709cb328cedaf18c446af448f705c33d553e8c2e9f7,5170ec511fb50cdf10d648416d508574d70e9781ddf156a1b2a86d2b385e94dc,100,1729,maximum_information_gain,2000.0,3000.0
kata1-b6c96-s17434112-d3038653,22,2238.023209751951,2061.6150639210955,2414.4313555828066,2312.3963974188023,-74.37318766685121,2,a5803f8a5d9d87202b43d709cb328cedaf18c446af448f705c33d553e8c2e9f7,5170ec511fb50cdf10d648416d508574d70e9781ddf156a1b2a86d2b385e94dc,100,1729,maximum_information_gain,2000.0,3000.0
kata1-b6c96-s17434112-d3038653,24,2238.7599411412684,2072.5892895749835,2404.9305927075534,2312.3963974188023,-73.63645627753385,2,a5803f8a5d9d87202b43d709cb328cedaf18c446af448f705c33d553e8c2e9f7,5170ec511fb50cdf10d648416d508574d70e9781ddf156a1b2a86d2b385e94dc,100,1729,maximum_information_gain,2000.0,3000.0
kata1-b6c96-s17434112-d3038653,26,2239.34197812081,2081.7540054866913,2396.9299507549285,2312.3963974188023,-73.05441929799235,2,a5803f8a5d9d87202b43d709cb328cedaf18c446af448f705c33d553e8c2e9f7,5170ec511fb50cdf10d648416d508574d70e9781ddf156a1b2a86d2b385e94dc,100,1729,maximum_information_gain,2000.0,3000.0
kata1-b6c96-s17434112-d3038653,28,2272.4189550934166,2122.660961582326,2422.1769486045073,2312.3963974188023,-39.97744232538571,2,a5803f8a5d9d87202b43d709cb328cedaf18c446af448f705c33d553e8c2e9f7,5170ec511fb50cdf10d648416d508574d70e9781ddf156a1b2a86d2b385e94dc,100,1729,maximum_information_gain,2000.0,3000.0
kata1-b6c96-s17434112-d3038653,30,2270.033635794935,2126.519718233025,2413.547553356845,2312.3963974188023,-42.3627616238673,2,a5803f8a5d9d87202b43d709cb328cedaf18c446af448f705c33d553e8c2e9f7,5170ec511fb50cdf10d648416d508574d70e9781ddf156a1b2a86d2b385e94dc,100,1729,maximum_information_gain,2000.0,3000.0
kata1-b6c96-s17434112-d3038653,32,2268.0383574412795,2130.0189831952603,2406.0577316872987,2312.3963974188023,-44.35803997752282,2,a5803f8a5d9d87202b43d709cb328cedaf18c446af448f705c33d553e8c2e9f7,5170ec511fb50cdf10d648416d508574d70e9781ddf156a1b2a86d2b385e94dc,100,1729,maximum_information_gain,2000.0,3000.0
kata1-b6c96-s17434112-d3038653,34,2279.046172151918,2145.847907906366,2412.2444363974705,2312.3963974188023,-33.35022526688408,2,a5803f8a5d9d87202b43d709cb328cedaf18c446af448f705c33d553e8c2e9f7,5170ec511fb50cdf10d648416d508574d70e9781ddf156a1b2a86d2b385e94dc,100,1729,maximum_information_gain,2000.0,3000.0
kata1-b6c96-s17434112-d3038653,36,2276.6930439288567,2147.8745186947294,2405.511569162984,2312.3963974188023,-35.703353489945584,2,a5803f8a5d9d87202b43d709cb328cedaf18c446af448f705c33d553e8c2e9f7,5170ec511fb50cdf10d648416d508574d70e9781ddf156a1b2a86d2b385e94dc,100,1729,maximum_information_gain,2000.0,3000.0
kata1-b6c96-s17434112-d3038653,38,2274.6555283062253,2149.788777462827,2399.5222791496235,2312.3963974188023,-37.740869112577,2,a5803f8a5d9d87202b43d709cb328cedaf18c446af448f705c33d553e8c2e9f7,5170ec511fb50cdf10d648416d508574d70e9781ddf156a1b2a86d2b385e94dc,100,1729,maximum_information_gain,2000.0,3000.0
kata1-b6c96-s17434112-d3038653,40,2293.8124853350955,2172.2005654932454,2415.4244051769456,2312.3963974188023,-18.583912083706764,2,a5803f8a5d9d87202b43d709cb328cedaf18c446af448f705c33d553e8c2e9f7,5170ec511fb50cdf10d648416d508574d70e9781ddf156a1b2a86d2b385e94dc,100,1729,maximum_information_gain,2000.0,3000.0
kata1-b6c96-s17434112-d3038653,42,2291.0360995985893,2172.73956203284,2409.332637164339,2312.3963974188023,-21.360297820212963,2,a5803f8a5d9d87202b43d709cb328cedaf18c446af448f705c33d553e8c2e9f7,5170ec511fb50cdf10d648416d508574d70e9781ddf156a1b2a86d2b385e94dc,100,1729,maximum_information_gain,2000.0,3000.0
kata1-b6c96-s17434112-d3038653,44,2307.395560838288,2191.6254665951365,2423.1656550814396,2312.3963974188023,-5.00083658051426,2,a5803f8a5d9d87202b43d709cb328cedaf18c446af448f705c33d553e8c2e9f7,5170ec511fb50cdf10d648416d508574d70e9781ddf156a1b2a86d2b385e94dc,100,1729,maximum_information_gain,2000.0,3000.0
kata1-b6c96-s17434112-d3038653,46,2311.30776703795,2198.190823013393,2424.4247110625065,2312.3963974188023,-1.0886303808524644,2,a5803f8a5d9d87202b43d709cb328cedaf18c446af448f705c33d553e8c2e9f7,5170ec511fb50cdf10d648416d508574d70e9781ddf156a1b2a86d2b385e94dc,100,1729,maximum_information_gain,2000.0,3000.0
kata1-b6c96-s17434112-d3038653,48,2314.866261139826,2204.236095585737,2425.4964266939146,2312.3963974188023,2.4698637210235574,2,a5803f8a5d9d87202b43d709cb328cedaf18c446af448f705c33d553e8c2e9f7,5170ec511fb50cdf10d648416d508574d70e9781ddf156a1b2a86d2b385e94dc,100,1729,maximum_information_gain,2000.0,3000.0
kata1-b6c96-s17434112-d3038653,50,2301.573100722747,2193.599736461199,2409.5464649842947,2312.3963974188023,-10.823296696055422,2,a5803f8a5d9d87202b43d709cb328cedaf18c446af448f705c33d553e8c2e9f7,5170ec511fb50cdf10d648416d508574d70e9781ddf156a1b2a86d2b385e94dc,100,1729,maximum_information_gain,2000.0,3000.0
kata1-b6c96-s17434112-d3038653,52,2299.0250805447035,2193.313449563348,2404.736711526059,2312.3963974188023,-13.371316874098738,2,a5803f8a5d9d87202b43d709cb328cedaf18c446af448f705c33d553e8c2e9f7,5170ec511fb50cdf10d648416d508574d70e9781ddf156a1b2a86d2b385e94dc,100,1729,maximum_information_gain,2000.0,3000.0
kata1-b6c96-s17434112-d3038653,54,2296.6916778840155,2193.0944938801567,2400.288861887874,2312.3963974188023,-15.704719534786818,2,a5803f8a5d9d87202b43d709cb328cedaf18c446af448f705c33d553e8c2e9f7,5170ec511fb50cdf10d648416d508574d70e9781ddf156a1b2a86d2b385e94dc,100,1729,maximum_information_gain,2000.0,3000.0
kata1-b6c96-s17434112-d3038653,56,2294.546967941506,2192.9317257358716,2396.1622101471403,2312.3963974188023,-17.849429477296326,2,a5803f8a5d9d87202b43d709cb328cedaf18c446af448f705c33d553e8c2e9f7,5170ec511fb50cdf10d648416d508574d70e9781ddf156a1b2a86d2b385e94dc,100,1729,maximum_information_gain,2000.0,3000.0
kata1-b6c96-s17434112-d3038653,58,2292.5784780899016,2192.8252444299437,2392.3317117498596,2312.3963974188023,-19.817919328900643,2,a5803f8a5d9d87202b43d709cb328cedaf18c446af448f705c33d553e8c2e9f7,5170ec511fb50cdf10d648416d508574d70e9781ddf156a1b2a86d2b385e94dc,100,1729,maximum_information_gain,2000.0,3000.0
kata1-b6c96-s17434112-d3038653,60,2290.7675285774135,2192.767581855272,2388.767475299555,2312.3963974188023,-21.628868841388794,2,a5803f8a5d9d87202b43d709cb328cedaf18c446af448f705c33d553e8c2e9f7,5170ec511fb50cdf10d648416d508574d70e9781ddf156a1b2a86d2b385e94dc,100,1729,maximum_information_gain,2000.0,3000.0
kata1-b6c96-s17434112-d3038653,62,2276.3127566276776,2180.0671453669315,2372.5583678884236,2312.3963974188023,-36.08364079112471,2,a5803f8a5d9d87202b43d709cb328cedaf18c446af448f705c33d553e8c2e9f7,5170ec511fb50cdf10d648416d508574d70e9781ddf156a1b2a86d2b385e94dc,100,1729,maximum_information_gain,2000.0,3000.0
kata1-b6c96-s17434112-d3038653,64,2275.201102065706,2180.512920922356,2369.889283209056,2312.3963974188023,-37.1952953530963,2,a5803f8a5d9d87202b43d709cb328cedaf18c446af448f705c33d553e8c2e9f7,5170ec511fb50cdf10d648416d508574d70e9781ddf156a1b2a86d2b385e94dc,100,1729,maximum_information_gain,2000.0,3000.0
kata1-b6c96-s17434112-d3038653,66,2262.2690123055268,2169.059343648056,2355.4786809629977,2312.3963974188023,-50.12738511327552,2,a5803f8a5d9d87202b43d709cb328cedaf18c446af448f705c33d553e8c2e9f7,5170ec511fb50cdf10d648416d508574d70e9781ddf156a1b2a86d2b385e94dc,100,1729,maximum_information_gain,2000.0,3000.0
kata1-b6c96-s17434112-d3038653,68,2261.673069434506,2169.86500320009,2353.481135668922,2312.3963974188023,-50.72332798429625,2,a5803f8a5d9d87202b43d709cb328cedaf18c446af448f705c33d553e8c2e9f7,5170ec511fb50cdf10d648416d508574d70e9781ddf156a1b2a86d2b385e94dc,100,1729,maximum_information_gain,2000.0,3000.0
kata1-b6c96-s17434112-d3038653,70,2261.1144027331297,2170.6387972016223,2351.590008264637,2312.3963974188023,-51.281994685672544,2,a5803f8a5d9d87202b43d709cb328cedaf18c446af448f705c33d553e8c2e9f7,5170ec511fb50cdf10d648416d508574d70e9781ddf156a1b2a86d2b385e94dc,100,1729,maximum_information_gain,2000.0,3000.0
kata1-b6c96-s17434112-d3038653,72,2260.608596430499,2171.4011516281057,2349.816041232892,2312.3963974188023,-51.78780098830339,2,a5803f8a5d9d87202b43d709cb328cedaf18c446af448f705c33d553e8c2e9f7,5170ec511fb50cdf10d648416d508574d70e9781ddf156a1b2a86d2b385e94dc,100,1729,maximum_information_gain,2000.0,3000.0
kata1-b6c96-s17434112-d3038653,74,2265.351854299559,2177.360023889511,2353.343684709607,2312.3963974188023,-47.04454311924337,2,a5803f8a5d9d87202b43d709cb328cedaf18c446af448f705c33d553e8c2e9f7,5170ec511fb50cdf10d648416d508574d70e9781ddf156a1b2a86d2b385e94dc,100,1729,maximum_information_gain,2000.0,3000.0
kata1-b6c96-s17434112-d3038653,76,2274.9067931015065,2188.037311839028,2361.776274363985,2312.3963974188023,-37.48960431729574,2,a5803f8a5d9d87202b43d709cb328cedaf18c446af448f705c33d553e8c2e9f7,5170ec511fb50cdf10d648416d508574d70e9781ddf156a1b2a86d2b385e94dc,100,1729,maximum_information_gain,2000.0,3000.0
kata1-b6c96-s17434112-d3038653,78,2274.055165386556,2188.2909079266597,2359.819422846452,2312.3963974188023,-38.34123203224635,2,a5803f8a5d9d87202b43d709cb328cedaf18c446af448f705c33d553e8c2e9f7,5170ec511fb50cdf10d648416d508574d70e9781ddf156a1b2a86d2b385e94dc,100,1729,maximum_information_gain,2000.0,3000.0
kata1-b6c96-s17434112-d3038653,80,2282.8594569545476,2198.0752159043027,2367.6436980047924,2312.3963974188023,-29.536940464254712,2,a5803f8a5d9d87202b43d709cb328cedaf18c446af448f705c33d553e8c2e9f7,5170ec511fb50cdf10d648416d508574d70e9781ddf156a1b2a86d2b385e94dc,100,1729,maximum_information_gain,2000.0,3000.0
kata1-b6c96-s17434112-d3038653,82,2291.215659338535,2207.329935587196,2375.1013830898737,2312.3963974188023,-21.180738080267474,2,a5803f8a5d9d87202b43d709cb328cedaf18c446af448f705c33d553e8c2e9f7,5170ec511fb50cdf10d648416d508574d70e9781ddf156a1b2a86d2b385e94dc,100,1729,maximum_information_gain,2000.0,3000.0
kata1-b6c96-s17434112-d3038653,84,2289.985238726188,2207.084248454144,2372.886228998232,2312.3963974188023,-22.411158692614208,2,a5803f8a5d9d87202b43d709cb328cedaf18c446af448f705c33d553e8c2e9f7,5170ec511fb50cdf10d648416d508574d70e9781ddf156a1b2a86d2b385e94dc,100,1729,maximum_information_gain,2000.0,3000.0
kata1-b6c96-s17434112-d3038653,86,2279.9214060860186,2198.071551195622,2361.7712609764153,2312.3963974188023,-32.4749913327837,2,a5803f8a5d9d87202b43d709cb328cedaf18c446af448f705c33d553e8c2e9f7,5170ec511fb50cdf10d648416d508574d70e9781ddf156a1b2a86d2b385e94dc,100,1729,maximum_information_gain,2000.0,3000.0
kata1-b6c96-s17434112-d3038653,88,2279.051251395113,2198.10284914953,2359.999653640696,2312.3963974188023,-33.34514602368927,2,a5803f8a5d9d87202b43d709cb328cedaf18c446af448f705c33d553e8c2e9f7,5170ec511fb50cdf10d648416d508574d70e9781ddf156a1b2a86d2b385e94dc,100,1729,maximum_information_gain,2000.0,3000.0
kata1-b6c96-s17434112-d3038653,90,2278.204536487236,2198.123782473154,2358.2852905013183,2312.3963974188023,-34.191860931566225,2,a5803f8a5d9d87202b43d709cb328cedaf18c446af448f705c33d553e8c2e9f7,5170ec511fb50cdf10d648416d508574d70e9781ddf156a1b2a86d2b385e94dc,100,1729,maximum_information_gain,2000.0,3000.0
kata1-b6c96-s17434112-d3038653,92,2277.4162768910282,2198.1704918564187,2356.6620619256378,2312.3963974188023,-34.980120527774034,2,a5803f8a5d9d87202b43d709cb328cedaf18c446af448f705c33d553e8c2e9f7,5170ec511fb50cdf10d648416d508574d70e9781ddf156a1b2a86d2b385e94dc,100,1729,maximum_information_gain,2000.0,3000.0
kata1-b6c96-s17434112-d3038653,94,2284.734275189483,2206.209326695385,2363.2592236835812,2312.3963974188023,-27.662122229319266,2,a5803f8a5d9d87202b43d709cb328cedaf18c446af448f705c33d553e8c2e9f7,5170ec511fb50cdf10d648416d508574d70e9781ddf156a1b2a86d2b385e94dc,100,1729,maximum_information_gain,2000.0,3000.0
kata1-b6c96-s17434112-d3038653,96,2291.742375863835,2213.887624861637,2369.5971268660332,2312.3963974188023,-20.65402155496713,2,a5803f8a5d9d87202b43d709cb328cedaf18c446af448f705c33d553e8c2e9f7,5170ec511fb50cdf10d648416d508574d70e9781ddf156a1b2a86d2b385e94dc,100,1729,maximum_information_gain,2000.0,3000.0
kata1-b6c96-s17434112-d3038653,98,2290.6867963034456,2213.591662141582,2367.781930465309,2312.3963974188023,-21.70960111535669,2,a5803f8a5d9d87202b43d709cb328cedaf18c446af448f705c33d553e8c2e9f7,5170ec511fb50cdf10d648416d508574d70e9781ddf156a1b2a86d2b385e94dc,100,1729,maximum_information_gain,2000.0,3000.0
kata1-b6c96-s17434112-d3038653,100,2297.284739043041,2220.7952795826404,2373.7741985034418,2312.3963974188023,-15.11165837576118,2,a5803f8a5d9d87202b43d709cb328cedaf18c446af448f705c33d553e8c2e9f7,5170ec511fb50cdf10d648416d508574d70e9781ddf156a1b2a86d2b385e94dc,100,1729,maximum_information_gain,2000.0,3000.0
kata1-b6c96-s19408128-d3280178,2,2847.312576127993,413.4219148984598,5281.203237357526,2459.07069597184,388.241880156153,2,a5803f8a5d9d87202b43d709cb328cedaf18c446af448f705c33d553e8c2e9f7,5170ec511fb50cdf10d648416d508574d70e9781ddf156a1b2a86d2b385e94dc,100,1729,maximum_information_gain,2000.0,3000.0
kata1-b6c96-s19408128-d3280178,4,2677.697627374789,2160.212672988844,3195.182581760734,2459.07069597184,218.62693140294914,2,a5803f8a5d9d87202b43d709cb328cedaf18c446af448f705c33d553e8c2e9f7,5170ec511fb50cdf10d648416d508574d70e9781ddf156a1b2a86d2b385e94dc,100,1729,maximum_information_gain,2000.0,3000.0
kata1-b6c96-s19408128-d3280178,6,2466.074756063284,2041.7227614376866,2890.4267506888814,2459.07069597184,7.004060091443989,2,a5803f8a5d9d87202b43d709cb328cedaf18c446af448f705c33d553e8c2e9f7,5170ec511fb50cdf10d648416d508574d70e9781ddf156a1b2a86d2b385e94dc,100,1729,maximum_information_gain,2000.0,3000.0
kata1-b6c96-s19408128-d3280178,8,2616.6046527785134,2316.710382783321,2916.4989227737055,2459.07069597184,157.53395680667336,2,a5803f8a5d9d87202b43d709cb328cedaf18c446af448f705c33d553e8c2e9f7,5170ec511fb50cdf10d648416d508574d70e9781ddf156a1b2a86d2b385e94dc,100,1729,maximum_information_gain,2000.0,3000.0
kata1-b6c96-s19408128-d3280178,10,2520.9947526560427,2255.966997744093,2786.0225075679923,2459.07069597184,61.9240566842027,2,a5803f8a5d9d87202b43d709cb328cedaf18c446af448f705c33d553e8c2e9f7,5170ec511fb50cdf10d648416d508574d70e9781ddf156a1b2a86d2b385e94dc,100,1729,maximum_information_gain,2000.0,3000.0
kata1-b6c96-s19408128-d3280178,12,2429.0830407872636,2182.5428564827716,2675.6232250917556,2459.07069597184,-29.987655184576397,2,a5803f8a5d9d87202b43d709cb328cedaf18c446af448f705c33d553e8c2e9f7,5170ec511fb50cdf10d648416d508574d70e9781ddf156a1b2a86d2b385e94dc,100,1729,maximum_information_gain,2000.0,3000.0
kata1-b6c96-s19408128-d3280178,14,2382.495618137018,2155.24364030041,2609.747595973626,2459.07069597184,-76.57507783482197,2,a5803f8a5d9d87202b43d709cb328cedaf18c446af448f705c33d553e8c2e9f7,5170ec511fb50cdf10d648416d508574d70e9781ddf156a1b2a86d2b385e94dc,100,1729,maximum_information_gain,2000.0,3000.0
kata1-b6c96-s19408128-d3280178,16,2413.478208214836,2210.675194970525,2616.2812214591468,2459.07069597184,-45.592487757004164,2,a5803f8a5d9d87202b43d709cb328cedaf18c446af448f705c33d553e8c2e9f7,5170ec511fb50cdf10d648416d508574d70e9781ddf156a1b2a86d2b385e94dc,100,1729,maximum_information_gain,2000.0,3000.0
kata1-b6c96-s19408128-d3280178,18,2409.0502017288104,2221.1187874938164,2596.9816159638044,2459.07069597184,-50.02049424302959,2,a5803f8a5d9d87202b43d709cb328cedaf18c446af448f705c33d553e8c2e9f7,5170ec511fb50cdf10d648416d508574d70e9781ddf156a1b2a86d2b385e94dc,100,1729,maximum_information_gain,2000.0,3000.0
kata1-b6c96-s19408128-d3280178,20,2450.492769104199,2276.2652629590402,2624.7202752493577,2459.07069597184,-8.577926867641054,2,a5803f8a5d9d87202b43d709cb328cedaf18c446af448f705c33d553e8c2e9f7,5170ec511fb50cdf10d648416d508574d70e9781ddf156a1b2a86d2b385e94dc,100,1729,maximum_information_gain,2000.0,3000.0
kata1-b6c96-s19408128-d3280178,22,2415.3028808124945,2249.533902880705,2581.071858744284,2459.07069597184,-43.767815159345446,2,a5803f8a5d9d87202b43d709cb328cedaf18c446af448f705c33d553e8c2e9f7,5170ec511fb50cdf10d648416d508574d70e9781ddf156a1b2a86d2b385e94dc,100,1729,maximum_information_gain,2000.0,3000.0
kata1-b6c96-s19408128-d3280178,24,2447.784011459082,2291.2962699182726,2604.2717529998918,2459.07069597184,-11.286684512757802,2,a5803f8a5d9d87202b43d709cb328cedaf18c446af448f705c33d553e8c2e9f7,5170ec511fb50cdf10d648416d508574d70e9781ddf156a1b2a86d2b385e94dc,100,1729,maximum_information_gain,2000.0,3000.0
kata1-b6c96-s19408128-d3280178,26,2451.7242894101387,2302.359582746918,2601.0889960733593,2459.07069597184,-7.346406561701315,2,a5803f8a5d9d87202b43d709cb328cedaf18c446af448f705c33d553e8c2e9f7,5170ec511fb50cdf10d648416d508574d70e9781ddf156a1b2a86d2b385e94dc,100,1729,maximum_information_gain,2000.0,3000.0
kata1-b6c96-s19408128-d3280178,28,2454.9849139615717,2311.815307250912,2598.1545206722312,2459.07069597184,-4.085782010268304,2,a5803f8a5d9d87202b43d709cb328cedaf18c446af448f705c33d553e8c2e9f7,5170ec511fb50cdf10d648416d508574d70e9781ddf156a1b2a86d2b385e94dc,100,1729,maximum_information_gain,2000.0,3000.0
kata1-b6c96-s19408128-d3280178,30,2444.1157341764165,2306.170601920745,2582.060866432088,2459.07069597184,-14.954961795423515,2,a5803f8a5d9d87202b43d709cb328cedaf18c446af448f705c33d553e8c2e9f7,5170ec511fb50cdf10d648416d508574d70e9781ddf156a1b2a86d2b385e94dc,100,1729,maximum_information_gain,2000.0,3000.0
kata1-b6c96-s19408128-d3280178,32,2447.4734407222577,2314.3955618302884,2580.551319614227,2459.07069597184,-11.597255249582304,2,a5803f8a5d9d87202b43d709cb328cedaf18c446af448f705c33d553e8c2e9f7,5170ec511fb50cdf10d648416d508574d70e9781ddf156a1b2a86d2b385e94dc,100,1729,maximum_information_gain,2000.0,3000.0
kata1-b6c96-s19408128-d3280178,34,2426.6580956314797,2297.264915979382,2556.0512752835775,2459.07069597184,-32.412600340360314,2,a5803f8a5d9d87202b43d709cb328cedaf18c446af448f705c33d553e8c2e9f7,5170ec511fb50cdf10d648416d508574d70e9781ddf156a1b2a86d2b385e94dc,100,1729,maximum_information_gain,2000.0,3000.0
kata1-b6c96-s19408128-d3280178,36,2401.181497283784,2274.7395241140352,2527.623470453533,2459.07069597184,-57.889198688055785,2,a5803f8a5d9d87202b43d709cb328cedaf18c446af448f705c33d553e8c2e9f7,5170ec511fb50cdf10d648416d508574d70e9781ddf156a1b2a86d2b385e94dc,100,1729,maximum_information_gain,2000.0,3000.0
kata1-b6c96-s19408128-d3280178,38,2421.412233682505,2299.4722785156005,2543.3521888494092,2459.07069597184,-37.65846228933515,2,a5803f8a5d9d87202b43d709cb328cedaf18c446af448f705c33d553e8c2e9f7,5170ec511fb50cdf10d648416d508574d70e9781ddf156a1b2a86d2b385e94dc,100,1729,maximum_information_gain,2000.0,3000.0
kata1-b6c96-s19408128-d3280178,40,2419.240420661263,2300.563741527097,2537.9170997954293,2459.07069597184,-39.83027531057678,2,a5803f8a5d9d87202b43d709cb328cedaf18c446af448f705c33d553e8c2e9f7,5170ec511fb50cdf10d648416d508574d70e9781ddf156a1b2a86d2b385e94dc,100,1729,maximum_information_gain,2000.0,3000.0
kata1-b6c96-s19408128-d3280178,42,2398.257363605158,2281.993192067953,2514.521535142363,2459.07069597184,-60.81333236668206,2,a5803f8a5d9d87202b43d709cb328cedaf18c446af448f705c33d553e8c2e9f7,5170ec511fb50cdf10d648416d508574d70e9781ddf156a1b2a86d2b385e94dc,100,1729,maximum_information_gain,2000.0,3000.0
kata1-b6c96-s19408128-d3280178,44,2397.490764206628,2284.080699179514,2510.9008292337417,2459.07069597184,-61.57993176521222,2,a5803f8a5d9d87202b43d709cb328cedaf18c446af448f705c33d553e8c2e9f7,5170ec511fb50cdf10d648416d508574d70e9781ddf156a1b2a86d2b385e94dc,100,1729,maximum_information_gain,2000.0,3000.0
kata1-b6c96-s19408128-d3280178,46,2396.8006747787117,2286.030074506604,2507.5712750508196,2459.07069597184,-62.27002119312829,2,a5803f8a5d9d87202b43d709cb328cedaf18c446af448f705c33d553e8c2e9f7,5170ec511fb50cdf10d648416d508574d70e9781ddf156a1b2a86d2b385e94dc,100,1729,maximum_information_gain,2000.0,3000.0
kata1-b6c96-s19408128-d3280178,48,2412.5513108188975,2304.6302603237914,2520.4723613140036,2459.07069597184,-46.519385152942505,2,a5803f8a5d9d87202b43d709cb328cedaf18c446af448f705c33d553e8c2e9f7,5170ec511fb50cdf10d648416d508574d70e9781ddf156a1b2a86d2b385e94dc,100,1729,maximum_information_gain,2000.0,3000.0
kata1-b6c96-s19408128-d3280178,50,2419.041573127332,2313.472289132092,2524.610857122572,2459.07069597184,-40.02912284450804,2,a5803f8a5d9d87202b43d709cb328cedaf18c446af448f705c33d553e8c2e9f7,5170ec511fb50cdf10d648416d508574d70e9781ddf156a1b2a86d2b385e94dc,100,1729,maximum_information_gain,2000.0,3000.0
kata1-b6c96-s19408128-d3280178,52,2417.5102270641632,2314.0208027368344,2520.999651391492,2459.07069597184,-41.56046890767675,2,a5803f8a5d9d87202b43d709cb328cedaf18c446af448f705c33d553e8c2e9f7,5170ec511fb50cdf10d648416d508574d70e9781ddf156a1b2a86d2b385e94dc,100,1729,maximum_information_gain,2000.0,3000.0
kata1-b6c96-s19408128-d3280178,54,2416.102726733688,2314.565387765857,2517.6400657015192,2459.07069597184,-42.96796923815191,2,a5803f8a5d9d87202b43d709cb328cedaf18c446af448f705c33d553e8c2e9f7,5170ec511fb50cdf10d648416d508574d70e9781ddf156a1b2a86d2b385e94dc,100,1729,maximum_information_gain,2000.0,3000.0
kata1-b6c96-s19408128-d3280178,56,2428.5448099195987,2328.917649757832,2528.1719700813655,2459.07069597184,-30.525886052241276,2,a5803f8a5d9d87202b43d709cb328cedaf18c446af448f705c33d553e8c2e9f7,5170ec511fb50cdf10d648416d508574d70e9781ddf156a1b2a86d2b385e94dc,100,1729,maximum_information_gain,2000.0,3000.0
kata1-b6c96-s19408128-d3280178,58,2426.8289606918174,2328.924633567609,2524.733287816026,2459.07069597184,-32.24173528002257,2,a5803f8a5d9d87202b43d709cb328cedaf18c446af448f705c33d553e8c2e9f7,5170ec511fb50cdf10d648416d508574d70e9781ddf156a1b2a86d2b385e94dc,100,1729,maximum_information_gain,2000.0,3000.0
kata1-b6c96-s19408128-d3280178,60,2437.980925626587,2341.663577525344,2534.2982737278303,2459.07069597184,-21.089770345252873,2,a5803f8a5d9d87202b43d709cb328cedaf18c446af448f705c33d553e8c2e9f7,5170ec511fb50cdf10d648416d508574d70e9781ddf156a1b2a86d2b385e94dc,100,1729,maximum_information_gain,2000.0,3000.0
kata1-b6c96-s19408128-d3280178,62,2439.8261857709736,2345.0405068409277,2534.6118647010194,2459.07069597184,-19.244510200866443,2,a5803f8a5d9d87202b43d709cb328cedaf18c446af448f705c33d553e8c2e9f7,5170ec511fb50cdf10d648416d508574d70e9781ddf156a1b2a86d2b385e94dc,100,1729,maximum_information_gain,2000.0,3000.0
kata1-b6c96-s19408128-d3280178,64,2441.5449287988117,2348.2124576728875,2534.877399924736,2459.07069597184,-17.52576717302827,2,a5803f8a5d9d87202b43d709cb328cedaf18c446af448f705c33d553e8c2e9f7,5170ec511fb50cdf10d648416d508574d70e9781ddf156a1b2a86d2b385e94dc,100,1729,maximum_information_gain,2000.0,3000.0
kata1-b6c96-s19408128-d3280178,66,2454.6846588011213,2362.6385995991736,2546.730718003069,2459.07069597184,-4.386037170718737,2,a5803f8a5d9d87202b43d709cb328cedaf18c446af448f705c33d553e8c2e9f7,5170ec511fb50cdf10d648416d508574d70e9781ddf156a1b2a86d2b385e94dc,100,1729,maximum_information_gain,2000.0,3000.0
kata1-b6c96-s19408128-d3280178,68,2467.011323082507,2376.1298143461254,2557.892831818888,2459.07069597184,7.94062711066681,2,a5803f8a5d9d87202b43d709cb328cedaf18c446af448f705c33d553e8c2e9f7,5170ec511fb50cdf10d648416d508574d70e9781ddf156a1b2a86d2b385e94dc,100,1729,maximum_information_gain,2000.0,3000.0
kata1-b6c96-s19408128-d3280178,70,2456.8899923331187,2367.425319426382,2546.3546652398554,2459.07069597184,-2.1807036387212975,2,a5803f8a5d9d87202b43d709cb328cedaf18c446af448f705c33d553e8c2e9f7,5170ec511fb50cdf10d648416d508574d70e9781ddf156a1b2a86d2b385e94dc,100,1729,maximum_information_gain,2000.0,3000.0
kata1-b6c96-s19408128-d3280178,72,2447.4084762807,2359.2157942649956,2535.6011582964047,2459.07069597184,-11.662219691139853,2,a5803f8a5d9d87202b43d709cb328cedaf18c446af448f705c33d553e8c2e9f7,5170ec511fb50cdf10d648416d508574d70e9781ddf156a1b2a86d2b385e94dc,100,1729,maximum_information_gain,2000.0,3000.0
kata1-b6c96-s19408128-d3280178,74,2438.4909664650895,2351.4468140719027,2525.5351188582763,2459.07069597184,-20.579729506750482,2,a5803f8a5d9d87202b43d709cb328cedaf18c446af448f705c33d553e8c2e9f7,5170ec511fb50cdf10d648416d508574d70e9781ddf156a1b2a86d2b385e94dc,100,1729,maximum_information_gain,2000.0,3000.0
kata1-b6c96-s19408128-d3280178,76,2446.8721209490777,2360.9035872881655,2532.84065460999,2459.07069597184,-12.19857502276227,2,a5803f8a5d9d87202b43d709cb328cedaf18c446af448f705c33d553e8c2e9f7,5170ec511fb50cdf10d648416d508574d70e9781ddf156a1b2a86d2b385e94dc,100,1729,maximum_information_gain,2000.0,3000.0
kata1-b6c96-s19408128-d3280178,78,2448.0877262086624,2363.163223469628,2533.0122289476967,2459.07069597184,-10.982969763177607,2,a5803f8a5d9d87202b43d709cb328cedaf18c446af448f705c33d553e8c2e9f7,5170ec511fb50cdf10d648416d508574d70e9781ddf156a1b2a86d2b385e94dc,100,1729,maximum_information_gain,2000.0,3000.0
kata1-b6c96-s19408128-d3280178,80,2449.2307089497663,2365.3070353808594,2533.154382518673,2459.07069597184,-9.839987022073728,2,a5803f8a5d9d87202b43d709cb328cedaf18c446af448f705c33d553e8c2e9f7,5170ec511fb50cdf10d648416d508574d70e9781ddf156a1b2a86d2b385e94dc,100,1729,maximum_information_gain,2000.0,3000.0
kata1-b6c96-s19408128-d3280178,82,2459.4299896703574,2376.4180856236453,2542.4418937170694,2459.07069597184,0.35929369851737647,2,a5803f8a5d9d87202b43d709cb328cedaf18c446af448f705c33d553e8c2e9f7,5170ec511fb50cdf10d648416d508574d70e9781ddf156a1b2a86d2b385e94dc,100,1729,maximum_information_gain,2000.0,3000.0
kata1-b6c96-s19408128-d3280178,84,2455.7837250548955,2373.724980561409,2537.842469548382,2459.07069597184,-3.286970916944483,2,a5803f8a5d9d87202b43d709cb328cedaf18c446af448f705c33d553e8c2e9f7,5170ec511fb50cdf10d648416d508574d70e9781ddf156a1b2a86d2b385e94dc,100,1729,maximum_information_gain,2000.0,3000.0
kata1-b6c96-s19408128-d3280178,86,2452.315652047544,2371.160691004966,2533.4706130901222,2459.07069597184,-6.755043924295933,2,a5803f8a5d9d87202b43d709cb328cedaf18c446af448f705c33d553e8c2e9f7,5170ec511fb50cdf10d648416d508574d70e9781ddf156a1b2a86d2b385e94dc,100,1729,maximum_information_gain,2000.0,3000.0
kata1-b6c96-s19408128-d3280178,88,2453.236048244199,2372.9339670347244,2533.5381294536737,2459.07069597184,-5.834647727640913,2,a5803f8a5d9d87202b43d709cb328cedaf18c446af448f705c33d553e8c2e9f7,5170ec511fb50cdf10d648416d508574d70e9781ddf156a1b2a86d2b385e94dc,100,1729,maximum_information_gain,2000.0,3000.0
kata1-b6c96-s19408128-d3280178,90,2454.1263170472243,2374.645139658633,2533.6074944358156,2459.07069597184,-4.944378924615648,2,a5803f8a5d9d87202b43d709cb328cedaf18c446af448f705c33d553e8c2e9f7,5170ec511fb50cdf10d648416d508574d70e9781ddf156a1b2a86d2b385e94dc,100,1729,maximum_information_gain,2000.0,3000.0
kata1-b6c96-s19408128-d3280178,92,2454.97524972783,2376.285120572054,2533.665378883606,2459.07069597184,-4.095446244009963,2,a5803f8a5d9d87202b43d709cb328cedaf18c446af448f705c33d553e8c2e9f7,5170ec511fb50cdf10d648416d508574d70e9781ddf156a1b2a86d2b385e94dc,100,1729,maximum_information_gain,2000.0,3000.0
kata1-b6c96-s19408128-d3280178,94,2449.349541550836,2371.4406190833834,2527.2584640182886,2459.07069597184,-9.72115442100403,2,a5803f8a5d9d87202b43d709cb328cedaf18c446af448f705c33d553e8c2e9f7,5170ec511fb50cdf10d648416d508574d70e9781ddf156a1b2a86d2b385e94dc,100,1729,maximum_information_gain,2000.0,3000.0
kata1-b6c96-s19408128-d3280178,96,2455.7057531657742,2378.5160118978856,2532.895494433663,2459.07069597184,-3.3649428060657556,2,a5803f8a5d9d87202b43d709cb328cedaf18c446af448f705c33d553e8c2e9f7,5170ec511fb50cdf10d648416d508574d70e9781ddf156a1b2a86d2b385e94dc,100,1729,maximum_information_gain,2000.0,3000.0
kata1-b6c96-s19408128-d3280178,98,2448.9222657936048,2372.460720623355,2525.3838109638546,2459.07069597184,-10.14843017823523,2,a5803f8a5d9d87202b43d709cb328cedaf18c446af448f705c33d553e8c2e9f7,5170ec511fb50cdf10d648416d508574d70e9781ddf156a1b2a86d2b385e94dc,100,1729,maximum_information_gain,2000.0,3000.0
kata1-b6c96-s19408128-d3280178,100,2440.026400248947,2364.2608817434334,2515.7919187544608,2459.07069597184,-19.04429572289291,2,a5803f8a5d9d87202b43d709cb328cedaf18c446af448f705c33d553e8c2e9f7,5170ec511fb50cdf10d648416d508574d70e9781ddf156a1b2a86d2b385e94dc,100,1729,maximum_information_gain,2000.0,3000.0
kata1-b6c96-s21371392-d3529696,2,2012.454449830115,1528.4941640190732,2496.4147356411568,2583.1844176865825,-570.7299678564675,2,a5803f8a5d9d87202b43d709cb328cedaf18c446af448f705c33d553e8c2e9f7,5170ec511fb50cdf10d648416d508574d70e9781ddf156a1b2a86d2b385e94dc,100,1729,maximum_information_gain,2000.0,3000.0
kata1-b6c96-s21371392-d3529696,4,2204.4777903206723,1810.1066840360033,2598.848896605341,2583.1844176865825,-378.7066273659102,2,a5803f8a5d9d87202b43d709cb328cedaf18c446af448f705c33d553e8c2e9f7,5170ec511fb50cdf10d648416d508574d70e9781ddf156a1b2a86d2b385e94dc,100,1729,maximum_information_gain,2000.0,3000.0
kata1-b6c96-s21371392-d3529696,6,2393.205886461305,2008.242958468924,2778.168814453686,2583.1844176865825,-189.9785312252775,2,a5803f8a5d9d87202b43d709cb328cedaf18c446af448f705c33d553e8c2e9f7,5170ec511fb50cdf10d648416d508574d70e9781ddf156a1b2a86d2b385e94dc,100,1729,maximum_information_gain,2000.0,3000.0
kata1-b6c96-s21371392-d3529696,8,2553.754159766757,2175.0605902020543,2932.4477293314594,2583.1844176865825,-29.430257919825635,2,a5803f8a5d9d87202b43d709cb328cedaf18c446af448f705c33d553e8c2e9f7,5170ec511fb50cdf10d648416d508574d70e9781ddf156a1b2a86d2b385e94dc,100,1729,maximum_information_gain,2000.0,3000.0
kata1-b6c96-s21371392-d3529696,10,2741.7175594819946,2358.314927411451,3125.120191552538,2583.1844176865825,158.53314179541212,2,a5803f8a5d9d87202b43d709cb328cedaf18c446af448f705c33d553e8c2e9f7,5170ec511fb50cdf10d648416d508574d70e9781ddf156a1b2a86d2b385e94dc,100,1729,maximum_information_gain,2000.0,3000.0
kata1-b6c96-s21371392-d3529696,12,2619.238559081652,2346.747048138483,2891.730070024821,2583.1844176865825,36.054141395069564,2,a5803f8a5d9d87202b43d709cb328cedaf18c446af448f705c33d553e8c2e9f7,5170ec511fb50cdf10d648416d508574d70e9781ddf156a1b2a86d2b385e94dc,100,1729,maximum_information_gain,2000.0,3000.0
kata1-b6c96-s21371392-d3529696,14,2541.46049945403,2308.6511040413684,2774.2698948666916,2583.1844176865825,-41.72391823255248,2,a5803f8a5d9d87202b43d709cb328cedaf18c446af448f705c33d553e8c2e9f7,5170ec511fb50cdf10d648416d508574d70e9781ddf156a1b2a86d2b385e94dc,100,1729,maximum_information_gain,2000.0,3000.0
kata1-b6c96-s21371392-d3529696,16,2468.119827118735,2258.653365126303,2677.586289111167,2583.1844176865825,-115.06459056784752,2,a5803f8a5d9d87202b43d709cb328cedaf18c446af448f705c33d553e8c2e9f7,5170ec511fb50cdf10d648416d508574d70e9781ddf156a1b2a86d2b385e94dc,100,1729,maximum_information_gain,2000.0,3000.0
kata1-b6c96-s21371392-d3529696,18,2493.434765694627,2300.620058393144,2686.24947299611,2583.1844176865825,-89.74965199195549,2,a5803f8a5d9d87202b43d709cb328cedaf18c446af448f705c33d553e8c2e9f7,5170ec511fb50cdf10d648416d508574d70e9781ddf156a1b2a86d2b385e94dc,100,1729,maximum_information_gain,2000.0,3000.0
kata1-b6c96-s21371392-d3529696,20,2541.2424404538633,2360.211169458969,2722.2737114487577,2583.1844176865825,-41.94197723271918,2,a5803f8a5d9d87202b43d709cb328cedaf18c446af448f705c33d553e8c2e9f7,5170ec511fb50cdf10d648416d508574d70e9781ddf156a1b2a86d2b385e94dc,100,1729,maximum_information_gain,2000.0,3000.0
kata1-b6c96-s21371392-d3529696,22,2578.441151550262,2405.8149373143196,2751.0673657862044,2583.1844176865825,-4.743266136320472,2,a5803f8a5d9d87202b43d709cb328cedaf18c446af448f705c33d553e8c2e9f7,5170ec511fb50cdf10d648416d508574d70e9781ddf156a1b2a86d2b385e94dc,100,1729,maximum_information_gain,2000.0,3000.0
kata1-b6c96-s21371392-d3529696,24,2581.019104065879,2417.795068379498,2744.2431397522605,2583.1844176865825,-2.165313620703273,2,a5803f8a5d9d87202b43d709cb328cedaf18c446af448f705c33d553e8c2e9f7,5170ec511fb50cdf10d648416d508574d70e9781ddf156a1b2a86d2b385e94dc,100,1729,maximum_information_gain,2000.0,3000.0
kata1-b6c96-s21371392-d3529696,26,2565.725192271494,2411.3561770895794,2720.0942074534087,2583.1844176865825,-17.45922541508844,2,a5803f8a5d9d87202b43d709cb328cedaf18c446af448f705c33d553e8c2e9f7,5170ec511fb50cdf10d648416d508574d70e9781ddf156a1b2a86d2b385e94dc,100,1729,maximum_information_gain,2000.0,3000.0
kata1-b6c96-s21371392-d3529696,28,2553.29039023215,2406.076602408418,2700.504178055882,2583.1844176865825,-29.89402745443249,2,a5803f8a5d9d87202b43d709cb328cedaf18c446af448f705c33d553e8c2e9f7,5170ec511fb50cdf10d648416d508574d70e9781ddf156a1b2a86d2b385e94dc,100,1729,maximum_information_gain,2000.0,3000.0
kata1-b6c96-s21371392-d3529696,30,2557.2820669172615,2415.848417409874,2698.715716424649,2583.1844176865825,-25.902350769320947,2,a5803f8a5d9d87202b43d709cb328cedaf18c446af448f705c33d553e8c2e9f7,5170ec511fb50cdf10d648416d508574d70e9781ddf156a1b2a86d2b385e94dc,100,1729,maximum_information_gain,2000.0,3000.0
kata1-b6c96-s21371392-d3529696,32,2587.384893910685,2450.37882575458,2724.3909620667905,2583.1844176865825,4.200476224102658,2,a5803f8a5d9d87202b43d709cb328cedaf18c446af448f705c33d553e8c2e9f7,5170ec511fb50cdf10d648416d508574d70e9781ddf156a1b2a86d2b385e94dc,100,1729,maximum_information_gain,2000.0,3000.0
kata1-b6c96-s21371392-d3529696,34,2563.5781529835535,2431.8790127973316,2695.2772931697755,2583.1844176865825,-19.606264703028955,2,a5803f8a5d9d87202b43d709cb328cedaf18c446af448f705c33d553e8c2e9f7,5170ec511fb50cdf10d648416d508574d70e9781ddf156a1b2a86d2b385e94dc,100,1729,maximum_information_gain,2000.0,3000.0
kata1-b6c96-s21371392-d3529696,36,2566.0994611547794,2438.543674363398,2693.6552479461607,2583.1844176865825,-17.084956531803073,2,a5803f8a5d9d87202b43d709cb328cedaf18c446af448f705c33d553e8c2e9f7,5170ec511fb50cdf10d648416d508574d70e9781ddf156a1b2a86d2b385e94dc,100,1729,maximum_information_gain,2000.0,3000.0
kata1-b6c96-s21371392-d3529696,38,2546.647938126639,2422.8915817280795,2670.4042945251986,2583.1844176865825,-36.53647955994347,2,a5803f8a5d9d87202b43d709cb328cedaf18c446af448f705c33d553e8c2e9f7,5170ec511fb50cdf10d648416d508574d70e9781ddf156a1b2a86d2b385e94dc,100,1729,maximum_information_gain,2000.0,3000.0
kata1-b6c96-s21371392-d3529696,40,2564.1952277009605,2443.809068994813,2684.581386407108,2583.1844176865825,-18.989189985622033,2,a5803f8a5d9d87202b43d709cb328cedaf18c446af448f705c33d553e8c2e9f7,5170ec511fb50cdf10d648416d508574d70e9781ddf156a1b2a86d2b385e94dc,100,1729,maximum_information_gain,2000.0,3000.0
kata1-b6c96-s21371392-d3529696,42,2566.286523190363,2449.02865650485,2683.544389875876,2583.1844176865825,-16.89789449621958,2,a5803f8a5d9d87202b43d709cb328cedaf18c446af448f705c33d553e8c2e9f7,5170ec511fb50cdf10d648416d508574d70e9781ddf156a1b2a86d2b385e94dc,100,1729,maximum_information_gain,2000.0,3000.0
kata1-b6c96-s21371392-d3529696,44,2568.158207307812,2453.7803148105513,2682.536099805073,2583.1844176865825,-15.026210378770429,2,a5803f8a5d9d87202b43d709cb328cedaf18c446af448f705c33d553e8c2e9f7,5170ec511fb50cdf10d648416d508574d70e9781ddf156a1b2a86d2b385e94dc,100,1729,maximum_information_gain,2000.0,3000.0
kata1-b6c96-s21371392-d3529696,46,2569.8542905710683,2458.1377080768802,2681.5708730652564,2583.1844176865825,-13.330127115514188,2,a5803f8a5d9d87202b43d709cb328cedaf18c446af448f705c33d553e8c2e9f7,5170ec511fb50cdf10d648416d508574d70e9781ddf156a1b2a86d2b385e94dc,100,1729,maximum_information_gain,2000.0,3000.0
kata1-b6c96-s21371392-d3529696,48,2573.002882247372,2463.7482126568275,2682.2575518379163,2583.1844176865825,-10.18153543921062,2,a5803f8a5d9d87202b43d709cb328cedaf18c446af448f705c33d553e8c2e9f7,5170ec511fb50cdf10d648416d508574d70e9781ddf156a1b2a86d2b385e94dc,100,1729,maximum_information_gain,2000.0,3000.0
kata1-b6c96-s21371392-d3529696,50,2567.842393952995,2460.9110106244966,2674.773777281493,2583.1844176865825,-15.342023733587666,2,a5803f8a5d9d87202b43d709cb328cedaf18c446af448f705c33d553e8c2e9f7,5170ec511fb50cdf10d648416d508574d70e9781ddf156a1b2a86d2b385e94dc,100,1729,maximum_information_gain,2000.0,3000.0
kata1-b6c96-s21371392-d3529696,52,2554.156588589925,2449.300103501453,2659.0130736783967,2583.1844176865825,-29.02782909665757,2,a5803f8a5d9d87202b43d709cb328cedaf18c446af448f705c33d553e8c2e9f7,5170ec511fb50cdf10d648416d508574d70e9781ddf156a1b2a86d2b385e94dc,100,1729,maximum_information_gain,2000.0,3000.0
kata1-b6c96-s21371392-d3529696,54,2536.916687662077,2433.8725978412276,2639.9607774829265,2583.1844176865825,-46.267730024505454,2,a5803f8a5d9d87202b43d709cb328cedaf18c446af448f705c33d553e8c2e9f7,5170ec511fb50cdf10d648416d508574d70e9781ddf156a1b2a86d2b385e94dc,100,1729,maximum_information_gain,2000.0,3000.0
kata1-b6c96-s21371392-d3529696,56,2549.388084708747,2448.424892829275,2650.351276588219,2583.1844176865825,-33.79633297783539,2,a5803f8a5d9d87202b43d709cb328cedaf18c446af448f705c33d553e8c2e9f7,5170ec511fb50cdf10d648416d508574d70e9781ddf156a1b2a86d2b385e94dc,100,1729,maximum_information_gain,2000.0,3000.0
kata1-b6c96-s21371392-d3529696,58,2560.866349630598,2461.7208301076544,2660.0118691535417,2583.1844176865825,-22.31806805598444,2,a5803f8a5d9d87202b43d709cb328cedaf18c446af448f705c33d553e8c2e9f7,5170ec511fb50cdf10d648416d508574d70e9781ddf156a1b2a86d2b385e94dc,100,1729,maximum_information_gain,2000.0,3000.0
kata1-b6c96-s21371392-d3529696,60,2575.3719192833537,2477.846787950504,2672.897050616203,2583.1844176865825,-7.812498403228801,2,a5803f8a5d9d87202b43d709cb328cedaf18c446af448f705c33d553e8c2e9f7,5170ec511fb50cdf10d648416d508574d70e9781ddf156a1b2a86d2b385e94dc,100,1729,maximum_information_gain,2000.0,3000.0
kata1-b6c96-s21371392-d3529696,62,2577.5485413740225,2481.6140214239335,2673.4830613241115,2583.1844176865825,-5.635876312559958,2,a5803f8a5d9d87202b43d709cb328cedaf18c446af448f705c33d553e8c2e9f7,5170ec511fb50cdf10d648416d508574d70e9781ddf156a1b2a86d2b385e94dc,100,1729,maximum_information_gain,2000.0,3000.0
kata1-b6c96-s21371392-d3529696,64,2573.455214320718,2479.063274018804,2667.847154622632,2583.1844176865825,-9.729203365864578,2,a5803f8a5d9d87202b43d709cb328cedaf18c446af448f705c33d553e8c2e9f7,5170ec511fb50cdf10d648416d508574d70e9781ddf156a1b2a86d2b385e94dc,100,1729,maximum_information_gain,2000.0,3000.0
kata1-b6c96-s21371392-d3529696,66,2563.7152150456886,2470.7515034266767,2656.6789266647006,2583.1844176865825,-19.469202640893855,2,a5803f8a5d9d87202b43d709cb328cedaf18c446af448f705c33d553e8c2e9f7,5170ec511fb50cdf10d648416d508574d70e9781ddf156a1b2a86d2b385e94dc,100,1729,maximum_information_gain,2000.0,3000.0
kata1-b6c96-s21371392-d3529696,68,2564.945907442188,2473.3442676043087,2656.547547280067,2583.1844176865825,-18.238510244394547,2,a5803f8a5d9d87202b43d709cb328cedaf18c446af448f705c33d553e8c2e9f7,5170ec511fb50cdf10d648416d508574d70e9781ddf156a1b2a86d2b385e94dc,100,1729,maximum_information_gain,2000.0,3000.0
kata1-b6c96-s21371392-d3529696,70,2566.1096249185425,2475.8025903975986,2656.4166594394865,2583.1844176865825,-17.07479276803997,2,a5803f8a5d9d87202b43d709cb328cedaf18c446af448f705c33d553e8c2e9f7,5170ec511fb50cdf10d648416d508574d70e9781ddf156a1b2a86d2b385e94dc,100,1729,maximum_information_gain,2000.0,3000.0
kata1-b6c96-s21371392-d3529696,72,2562.8534217678703,2473.7571574267827,2651.949686108958,2583.1844176865825,-20.330995918712233,2,a5803f8a5d9d87202b43d709cb328cedaf18c446af448f705c33d553e8c2e9f7,5170ec511fb50cdf10d648416d508574d70e9781ddf156a1b2a86d2b385e94dc,100,1729,maximum_information_gain,2000.0,3000.0
kata1-b6c96-s21371392-d3529696,74,2553.6738747942113,2465.6617664931177,2641.685983095305,2583.1844176865825,-29.510542892371177,2,a5803f8a5d9d87202b43d709cb328cedaf18c446af448f705c33d553e8c2e9f7,5170ec511fb50cdf10d648416d508574d70e9781ddf156a1b2a86d2b385e94dc,100,1729,maximum_information_gain,2000.0,3000.0
kata1-b6c96-s21371392-d3529696,76,2541.7640172527836,2454.7335446139587,2628.7944898916085,2583.1844176865825,-41.42040043379893,2,a5803f8a5d9d87202b43d709cb328cedaf18c446af448f705c33d553e8c2e9f7,5170ec511fb50cdf10d648416d508574d70e9781ddf156a1b2a86d2b385e94dc,100,1729,maximum_information_gain,2000.0,3000.0
kata1-b6c96-s21371392-d3529696,78,2550.349957382183,2464.5257699234253,2636.174144840941,2583.1844176865825,-32.83446030439927,2,a5803f8a5d9d87202b43d709cb328cedaf18c446af448f705c33d553e8c2e9f7,5170ec511fb50cdf10d648416d508574d70e9781ddf156a1b2a86d2b385e94dc,100,1729,maximum_information_gain,2000.0,3000.0
kata1-b6c96-s21371392-d3529696,80,2539.185369259739,2454.27335552075,2624.0973829987283,2583.1844176865825,-43.999048426843274,2,a5803f8a5d9d87202b43d709cb328cedaf18c446af448f705c33d553e8c2e9f7,5170ec511fb50cdf10d648416d508574d70e9781ddf156a1b2a86d2b385e94dc,100,1729,maximum_information_gain,2000.0,3000.0
kata1-b6c96-s21371392-d3529696,82,2547.3821847944923,2463.571579417944,2631.1927901710405,2583.1844176865825,-35.80223289209016,2,a5803f8a5d9d87202b43d709cb328cedaf18c446af448f705c33d553e8c2e9f7,5170ec511fb50cdf10d648416d508574d70e9781ddf156a1b2a86d2b385e94dc,100,1729,maximum_information_gain,2000.0,3000.0
kata1-b6c96-s21371392-d3529696,84,2555.1323680633013,2472.325636436707,2637.9390996898956,2583.1844176865825,-28.052049623281164,2,a5803f8a5d9d87202b43d709cb328cedaf18c446af448f705c33d553e8c2e9f7,5170ec511fb50cdf10d648416d508574d70e9781ddf156a1b2a86d2b385e94dc,100,1729,maximum_information_gain,2000.0,3000.0
kata1-b6c96-s21371392-d3529696,86,2562.48223915093,2480.5944173155203,2644.37006098634,2583.1844176865825,-20.702178535652365,2,a5803f8a5d9d87202b43d709cb328cedaf18c446af448f705c33d553e8c2e9f7,5170ec511fb50cdf10d648416d508574d70e9781ddf156a1b2a86d2b385e94dc,100,1729,maximum_information_gain,2000.0,3000.0
kata1-b6c96-s21371392-d3529696,88,2554.8624124340554,2473.8331913106413,2635.8916335574695,2583.1844176865825,-28.322005252527106,2,a5803f8a5d9d87202b43d709cb328cedaf18c446af448f705c33d553e8c2e9f7,5170ec511fb50cdf10d648416d508574d70e9781ddf156a1b2a86d2b385e94dc,100,1729,maximum_information_gain,2000.0,3000.0
kata1-b6c96-s21371392-d3529696,90,2553.4108544637866,2473.222060242615,2633.599648684958,2583.1844176865825,-29.77356322279593,2,a5803f8a5d9d87202b43d709cb328cedaf18c446af448f705c33d553e8c2e9f7,5170ec511fb50cdf10d648416d508574d70e9781ddf156a1b2a86d2b385e94dc,100,1729,maximum_information_gain,2000.0,3000.0
kata1-b6c96-s21371392-d3529696,92,2556.1552868712433,2476.785392167848,2635.5251815746387,2583.1844176865825,-27.02913081533916,2,a5803f8a5d9d87202b43d709cb328cedaf18c446af448f705c33d553e8c2e9f7,5170ec511fb50cdf10d648416d508574d70e9781ddf156a1b2a86d2b385e94dc,100,1729,maximum_information_gain,2000.0,3000.0
kata1-b6c96-s21371392-d3529696,94,2565.228240018112,2486.6458431069354,2643.8106369292886,2583.1844176865825,-17.956177668470445,2,a5803f8a5d9d87202b43d709cb328cedaf18c446af448f705c33d553e8c2e9f7,5170ec511fb50cdf10d648416d508574d70e9781ddf156a1b2a86d2b385e94dc,100,1729,maximum_information_gain,2000.0,3000.0
kata1-b6c96-s21371392-d3529696,96,2566.8359030245247,2489.01536021288,2644.6564458361695,2583.1844176865825,-16.348514662057823,2,a5803f8a5d9d87202b43d709cb328cedaf18c446af448f705c33d553e8c2e9f7,5170ec511fb50cdf10d648416d508574d70e9781ddf156a1b2a86d2b385e94dc,100,1729,maximum_information_gain,2000.0,3000.0
kata1-b6c96-s21371392-d3529696,98,2560.5702750279906,2483.4854100792445,2637.655139976737,2583.1844176865825,-22.614142658591845,2,a5803f8a5d9d87202b43d709cb328cedaf18c446af448f705c33d553e8c2e9f7,5170ec511fb50cdf10d648416d508574d70e9781ddf156a1b2a86d2b385e94dc,100,1729,maximum_information_gain,2000.0,3000.0
kata1-b6c96-s21371392-d3529696,100,2554.5716791598634,2478.1703843173414,2630.9729740023854,2583.1844176865825,-28.612738526719113,2,a5803f8a5d9d87202b43d709cb328cedaf18c446af448f705c33d553e8c2e9f7,5170ec511fb50cdf10d648416d508574d70e9781ddf156a1b2a86d2b385e94dc,100,1729,maximum_information_gain,2000.0,3000.0
kata1-b6c96-s23401472-d3742377,2,2012.2987609418992,1528.398940374731,2496.1985815090675,2641.1801735242348,-628.8814125823355,2,a5803f8a5d9d87202b43d709cb328cedaf18c446af448f705c33d553e8c2e9f7,5170ec511fb50cdf10d648416d508574d70e9781ddf156a1b2a86d2b385e94dc,100,1729,maximum_information_gain,2000.0,3000.0
kata1-b6c96-s23401472-d3742377,4,2204.278599152718,1809.9423618553633,2598.6148364500727,2641.1801735242348,-436.90157437151674,2,a5803f8a5d9d87202b43d709cb328cedaf18c446af448f705c33d553e8c2e9f7,5170ec511fb50cdf10d648416d508574d70e9781ddf156a1b2a86d2b385e94dc,100,1729,maximum_information_gain,2000.0,3000.0
kata1-b6c96-s23401472-d3742377,6,2352.7399644501343,1974.7678402647348,2730.7120886355337,2641.1801735242348,-288.4402090741005,2,a5803f8a5d9d87202b43d709cb328cedaf18c446af448f705c33d553e8c2e9f7,5170ec511fb50cdf10d648416d508574d70e9781ddf156a1b2a86d2b385e94dc,100,1729,maximum_information_gain,2000.0,3000.0
kata1-b6c96-s23401472-d3742377,8,2531.8881207517534,2149.968149036814,2913.808092466693,2641.1801735242348,-109.29205277248138,2,a5803f8a5d9d87202b43d709cb328cedaf18c446af448f705c33d553e8c2e9f7,5170ec511fb50cdf10d648416d508574d70e9781ddf156a1b2a86d2b385e94dc,100,1729,maximum_information_gain,2000.0,3000.0
kata1-b6c96-s23401472-d3742377,10,2516.4784848472636,2220.8499008533295,2812.107068841198,2641.1801735242348,-124.70168867697112,2,a5803f8a5d9d87202b43d709cb328cedaf18c446af448f705c33d553e8c2e9f7,5170ec511fb50cdf10d648416d508574d70e9781ddf156a1b2a86d2b385e94dc,100,1729,maximum_information_gain,2000.0,3000.0
kata1-b6c96-s23401472-d3742377,12,2509.6372357194273,2258.1395302580377,2761.134941180817,2641.1801735242348,-131.54293780480748,2,a5803f8a5d9d87202b43d709cb328cedaf18c446af448f705c33d553e8c2e9f7,5170ec511fb50cdf10d648416d508574d70e9781ddf156a1b2a86d2b385e94dc,100,1729,maximum_information_gain,2000.0,3000.0
kata1-b6c96-s23401472-d3742377,14,2583.896196185769,2344.6278184375133,2823.1645739340247,2641.1801735242348,-57.283977338465775,2,a5803f8a5d9d87202b43d709cb328cedaf18c446af448f705c33d553e8c2e9f7,5170ec511fb50cdf10d648416d508574d70e9781ddf156a1b2a86d2b385e94dc,100,1729,maximum_information_gain,2000.0,3000.0
kata1-b6c96-s23401472-d3742377,16,2583.0885907966044,2368.33691622759,2797.840265365619,2641.1801735242348,-58.09158272763034,2,a5803f8a5d9d87202b43d709cb328cedaf18c446af448f705c33d553e8c2e9f7,5170ec511fb50cdf10d648416d508574d70e9781ddf156a1b2a86d2b385e94dc,100,1729,maximum_information_gain,2000.0,3000.0
kata1-b6c96-s23401472-d3742377,18,2527.720489476885,2337.2771262408705,2718.1638527129,2641.1801735242348,-113.45968404734958,2,a5803f8a5d9d87202b43d709cb328cedaf18c446af448f705c33d553e8c2e9f7,5170ec511fb50cdf10d648416d508574d70e9781ddf156a1b2a86d2b385e94dc,100,1729,maximum_information_gain,2000.0,3000.0
kata1-b6c96-s23401472-d3742377,20,2522.8587509281147,2345.3685036638853,2700.348998192344,2641.1801735242348,-118.3214225961201,2,a5803f8a5d9d87202b43d709cb328cedaf18c446af448f705c33d553e8c2e9f7,5170ec511fb50cdf10d648416d508574d70e9781ddf156a1b2a86d2b385e94dc,100,1729,maximum_information_gain,2000.0,3000.0
kata1-b6c96-s23401472-d3742377,22,2519.1398440155103,2352.160081517066,2686.1196065139547,2641.1801735242348,-122.04032950872443,2,a5803f8a5d9d87202b43d709cb328cedaf18c446af448f705c33d553e8c2e9f7,5170ec511fb50cdf10d648416d508574d70e9781ddf156a1b2a86d2b385e94dc,100,1729,maximum_information_gain,2000.0,3000.0
kata1-b6c96-s23401472-d3742377,24,2480.26098121297,2323.1701884421395,2637.3517739838003,2641.1801735242348,-160.91919231126485,2,a5803f8a5d9d87202b43d709cb328cedaf18c446af448f705c33d553e8c2e9f7,5170ec511fb50cdf10d648416d508574d70e9781ddf156a1b2a86d2b385e94dc,100,1729,maximum_information_gain,2000.0,3000.0
kata1-b6c96-s23401472-d3742377,26,2510.956552093733,2360.2593772132345,2661.6537269742316,2641.1801735242348,-130.22362143050168,2,a5803f8a5d9d87202b43d709cb328cedaf18c446af448f705c33d553e8c2e9f7,5170ec511fb50cdf10d648416d508574d70e9781ddf156a1b2a86d2b385e94dc,100,1729,maximum_information_gain,2000.0,3000.0
kata1-b6c96-s23401472-d3742377,28,2539.5055557455585,2393.6303219608967,2685.38078953022,2641.1801735242348,-101.67461777867629,2,a5803f8a5d9d87202b43d709cb328cedaf18c446af448f705c33d553e8c2e9f7,5170ec511fb50cdf10d648416d508574d70e9781ddf156a1b2a86d2b385e94dc,100,1729,maximum_information_gain,2000.0,3000.0
kata1-b6c96-s23401472-d3742377,30,2571.5987562479663,2429.228882117335,2713.9686303785975,2641.1801735242348,-69.58141727626844,2,a5803f8a5d9d87202b43d709cb328cedaf18c446af448f705c33d553e8c2e9f7,5170ec511fb50cdf10d648416d508574d70e9781ddf156a1b2a86d2b385e94dc,100,1729,maximum_information_gain,2000.0,3000.0
kata1-b6c96-s23401472-d3742377,32,2572.2267583481444,2435.2291136604485,2709.22440303584,2641.1801735242348,-68.9534151760904,2,a5803f8a5d9d87202b43d709cb328cedaf18c446af448f705c33d553e8c2e9f7,5170ec511fb50cdf10d648416d508574d70e9781ddf156a1b2a86d2b385e94dc,100,1729,maximum_information_gain,2000.0,3000.0
kata1-b6c96-s23401472-d3742377,34,2547.9900452784,2417.1793284434084,2678.8007621133916,2641.1801735242348,-93.19012824583479,2,a5803f8a5d9d87202b43d709cb328cedaf18c446af448f705c33d553e8c2e9f7,5170ec511fb50cdf10d648416d508574d70e9781ddf156a1b2a86d2b385e94dc,100,1729,maximum_information_gain,2000.0,3000.0
kata1-b6c96-s23401472-d3742377,36,2573.2384912194075,2445.309343028482,2701.167639410333,2641.1801735242348,-67.94168230482728,2,a5803f8a5d9d87202b43d709cb328cedaf18c446af448f705c33d553e8c2e9f7,5170ec511fb50cdf10d648416d508574d70e9781ddf156a1b2a86d2b385e94dc,100,1729,maximum_information_gain,2000.0,3000.0
kata1-b6c96-s23401472-d3742377,38,2575.0225010884265,2450.895199160447,2699.1498030164057,2641.1801735242348,-66.15767243580831,2,a5803f8a5d9d87202b43d709cb328cedaf18c446af448f705c33d553e8c2e9f7,5170ec511fb50cdf10d648416d508574d70e9781ddf156a1b2a86d2b385e94dc,100,1729,maximum_information_gain,2000.0,3000.0
kata1-b6c96-s23401472-d3742377,40,2575.309044440601,2454.7171961568984,2695.900892724304,2641.1801735242348,-65.8711290836336,2,a5803f8a5d9d87202b43d709cb328cedaf18c446af448f705c33d553e8c2e9f7,5170ec511fb50cdf10d648416d508574d70e9781ddf156a1b2a86d2b385e94dc,100,1729,maximum_information_gain,2000.0,3000.0
kata1-b6c96-s23401472-d3742377,42,2596.5232303775315,2478.0485853944897,2714.9978753605733,2641.1801735242348,-44.65694314670327,2,a5803f8a5d9d87202b43d709cb328cedaf18c446af448f705c33d553e8c2e9f7,5170ec511fb50cdf10d648416d508574d70e9781ddf156a1b2a86d2b385e94dc,100,1729,maximum_information_gain,2000.0,3000.0
kata1-b6c96-s23401472-d3742377,44,2615.820492348778,2499.1868232558777,2732.454161441678,2641.1801735242348,-25.3596811754569,2,a5803f8a5d9d87202b43d709cb328cedaf18c446af448f705c33d553e8c2e9f7,5170ec511fb50cdf10d648416d508574d70e9781ddf156a1b2a86d2b385e94dc,100,1729,maximum_information_gain,2000.0,3000.0
kata1-b6c96-s23401472-d3742377,46,2615.0321106214114,2501.369741521768,2728.694479721055,2641.1801735242348,-26.148062902823312,2,a5803f8a5d9d87202b43d709cb328cedaf18c446af448f705c33d553e8c2e9f7,5170ec511fb50cdf10d648416d508574d70e9781ddf156a1b2a86d2b385e94dc,100,1729,maximum_information_gain,2000.0,3000.0
kata1-b6c96-s23401472-d3742377,48,2597.20273270396,2487.209075311684,2707.196390096236,2641.1801735242348,-43.97744082027475,2,a5803f8a5d9d87202b43d709cb328cedaf18c446af448f705c33d553e8c2e9f7,5170ec511fb50cdf10d648416d508574d70e9781ddf156a1b2a86d2b385e94dc,100,1729,maximum_information_gain,2000.0,3000.0
kata1-b6c96-s23401472-d3742377,50,2588.328807057725,2481.1331246935597,2695.5244894218904,2641.1801735242348,-52.85136646650972,2,a5803f8a5d9d87202b43d709cb328cedaf18c446af448f705c33d553e8c2e9f7,5170ec511fb50cdf10d648416d508574d70e9781ddf156a1b2a86d2b385e94dc,100,1729,maximum_information_gain,2000.0,3000.0
kata1-b6c96-s23401472-d3742377,52,2587.9531899545404,2483.0032370732324,2692.9031428358485,2641.1801735242348,-53.22698356969431,2,a5803f8a5d9d87202b43d709cb328cedaf18c446af448f705c33d553e8c2e9f7,5170ec511fb50cdf10d648416d508574d70e9781ddf156a1b2a86d2b385e94dc,100,1729,maximum_information_gain,2000.0,3000.0
kata1-b6c96-s23401472-d3742377,54,2580.2761987363538,2477.6538102594805,2682.898587213227,2641.1801735242348,-60.903974787881,2,a5803f8a5d9d87202b43d709cb328cedaf18c446af448f705c33d553e8c2e9f7,5170ec511fb50cdf10d648416d508574d70e9781ddf156a1b2a86d2b385e94dc,100,1729,maximum_information_gain,2000.0,3000.0
kata1-b6c96-s23401472-d3742377,56,2594.371020719337,2493.2307592183106,2695.5112822203637,2641.1801735242348,-46.80915280489762,2,a5803f8a5d9d87202b43d709cb328cedaf18c446af448f705c33d553e8c2e9f7,5170ec511fb50cdf10d648416d508574d70e9781ddf156a1b2a86d2b385e94dc,100,1729,maximum_information_gain,2000.0,3000.0
kata1-b6c96-s23401472-d3742377,58,2594.6424058270427,2495.341605051569,2693.9432066025165,2641.1801735242348,-46.537767697192066,2,a5803f8a5d9d87202b43d709cb328cedaf18c446af448f705c33d553e8c2e9f7,5170ec511fb50cdf10d648416d508574d70e9781ddf156a1b2a86d2b385e94dc,100,1729,maximum_information_gain,2000.0,3000.0
kata1-b6c96-s23401472-d3742377,60,2601.4606919530493,2503.65980196211,2699.2615819439884,2641.1801735242348,-39.7194815711855,2,a5803f8a5d9d87202b43d709cb328cedaf18c446af448f705c33d553e8c2e9f7,5170ec511fb50cdf10d648416d508574d70e9781ddf156a1b2a86d2b385e94dc,100,1729,maximum_information_gain,2000.0,3000.0
kata1-b6c96-s23401472-d3742377,62,2588.8189970948197,2493.0613983494436,2684.5765958401958,2641.1801735242348,-52.36117642941508,2,a5803f8a5d9d87202b43d709cb328cedaf18c446af448f705c33d553e8c2e9f7,5170ec511fb50cdf10d648416d508574d70e9781ddf156a1b2a86d2b385e94dc,100,1729,maximum_information_gain,2000.0,3000.0
kata1-b6c96-s23401472-d3742377,64,2576.39100500372,2482.448118587439,2670.333891420001,2641.1801735242348,-64.78916852051498,2,a5803f8a5d9d87202b43d709cb328cedaf18c446af448f705c33d553e8c2e9f7,5170ec511fb50cdf10d648416d508574d70e9781ddf156a1b2a86d2b385e94dc,100,1729,maximum_information_gain,2000.0,3000.0
kata1-b6c96-s23401472-d3742377,66,2576.517488817743,2484.020726471769,2669.014251163717,2641.1801735242348,-64.66268470649175,2,a5803f8a5d9d87202b43d709cb328cedaf18c446af448f705c33d553e8c2e9f7,5170ec511fb50cdf10d648416d508574d70e9781ddf156a1b2a86d2b385e94dc,100,1729,maximum_information_gain,2000.0,3000.0
kata1-b6c96-s23401472-d3742377,68,2587.946818597377,2496.6004623292342,2679.2931748655196,2641.1801735242348,-53.23335492685783,2,a5803f8a5d9d87202b43d709cb328cedaf18c446af448f705c33d553e8c2e9f7,5170ec511fb50cdf10d648416d508574d70e9781ddf156a1b2a86d2b385e94dc,100,1729,maximum_information_gain,2000.0,3000.0
kata1-b6c96-s23401472-d3742377,70,2587.6858298995653,2497.6612344384303,2677.7104253607004,2641.1801735242348,-53.494343624669455,2,a5803f8a5d9d87202b43d709cb328cedaf18c446af448f705c33d553e8c2e9f7,5170ec511fb50cdf10d648416d508574d70e9781ddf156a1b2a86d2b385e94dc,100,1729,maximum_information_gain,2000.0,3000.0
kata1-b6c96-s23401472-d3742377,72,2587.4406420488176,2498.6732971992806,2676.2079868983546,2641.1801735242348,-53.73953147541715,2,a5803f8a5d9d87202b43d709cb328cedaf18c446af448f705c33d553e8c2e9f7,5170ec511fb50cdf10d648416d508574d70e9781ddf156a1b2a86d2b385e94dc,100,1729,maximum_information_gain,2000.0,3000.0
kata1-b6c96-s23401472-d3742377,74,2577.539224813909,2490.132577889275,2664.9458717385432,2641.1801735242348,-63.640948710325574,2,a5803f8a5d9d87202b43d709cb328cedaf18c446af448f705c33d553e8c2e9f7,5170ec511fb50cdf10d648416d508574d70e9781ddf156a1b2a86d2b385e94dc,100,1729,maximum_information_gain,2000.0,3000.0
kata1-b6c96-s23401472-d3742377,76,2587.611435263503,2501.1744627051507,2674.0484078218556,2641.1801735242348,-53.56873826073161,2,a5803f8a5d9d87202b43d709cb328cedaf18c446af448f705c33d553e8c2e9f7,5170ec511fb50cdf10d648416d508574d70e9781ddf156a1b2a86d2b385e94dc,100,1729,maximum_information_gain,2000.0,3000.0
kata1-b6c96-s23401472-d3742377,78,2597.7821659070833,2512.2220212236566,2683.34231059051,2641.1801735242348,-43.39800761715151,2,a5803f8a5d9d87202b43d709cb328cedaf18c446af448f705c33d553e8c2e9f7,5170ec511fb50cdf10d648416d508574d70e9781ddf156a1b2a86d2b385e94dc,100,1729,maximum_information_gain,2000.0,3000.0
kata1-b6c96-s23401472-d3742377,80,2597.874674491586,2513.3646706100203,2682.384678373152,2641.1801735242348,-43.30549903264864,2,a5803f8a5d9d87202b43d709cb328cedaf18c446af448f705c33d553e8c2e9f7,5170ec511fb50cdf10d648416d508574d70e9781ddf156a1b2a86d2b385e94dc,100,1729,maximum_information_gain,2000.0,3000.0
kata1-b6c96-s23401472-d3742377,82,2597.396786193235,2513.9049723878506,2680.8885999986196,2641.1801735242348,-43.78338733099963,2,a5803f8a5d9d87202b43d709cb328cedaf18c446af448f705c33d553e8c2e9f7,5170ec511fb50cdf10d648416d508574d70e9781ddf156a1b2a86d2b385e94dc,100,1729,maximum_information_gain,2000.0,3000.0
kata1-b6c96-s23401472-d3742377,84,2588.4925942037767,2506.1323882567226,2670.8528001508307,2641.1801735242348,-52.6875793204581,2,a5803f8a5d9d87202b43d709cb328cedaf18c446af448f705c33d553e8c2e9f7,5170ec511fb50cdf10d648416d508574d70e9781ddf156a1b2a86d2b385e94dc,100,1729,maximum_information_gain,2000.0,3000.0
kata1-b6c96-s23401472-d3742377,86,2597.061106910747,2515.469260714896,2678.6529531065985,2641.1801735242348,-44.119066613487576,2,a5803f8a5d9d87202b43d709cb328cedaf18c446af448f705c33d553e8c2e9f7,5170ec511fb50cdf10d648416d508574d70e9781ddf156a1b2a86d2b385e94dc,100,1729,maximum_information_gain,2000.0,3000.0
kata1-b6c96-s23401472-d3742377,88,2596.6336861443556,2515.941701998637,2677.325670290074,2641.1801735242348,-44.54648737987918,2,a5803f8a5d9d87202b43d709cb328cedaf18c446af448f705c33d553e8c2e9f7,5170ec511fb50cdf10d648416d508574d70e9781ddf156a1b2a86d2b385e94dc,100,1729,maximum_information_gain,2000.0,3000.0
kata1-b6c96-s23401472-d3742377,90,2596.7624035699614,2516.925616609305,2676.5991905306178,2641.1801735242348,-44.41776995427335,2,a5803f8a5d9d87202b43d709cb328cedaf18c446af448f705c33d553e8c2e9f7,5170ec511fb50cdf10d648416d508574d70e9781ddf156a1b2a86d2b385e94dc,100,1729,maximum_information_gain,2000.0,3000.0
kata1-b6c96-s23401472-d3742377,92,2588.187888611496,2509.3165037053645,2667.0592735176274,2641.1801735242348,-52.992284912738796,2,a5803f8a5d9d87202b43d709cb328cedaf18c446af448f705c33d553e8c2e9f7,5170ec511fb50cdf10d648416d508574d70e9781ddf156a1b2a86d2b385e94dc,100,1729,maximum_information_gain,2000.0,3000.0
kata1-b6c96-s23401472-d3742377,94,2595.970735045198,2517.7698124755593,2674.171657614837,2641.1801735242348,-45.209438479036635,2,a5803f8a5d9d87202b43d709cb328cedaf18c446af448f705c33d553e8c2e9f7,5170ec511fb50cdf10d648416d508574d70e9781ddf156a1b2a86d2b385e94dc,100,1729,maximum_information_gain,2000.0,3000.0
kata1-b6c96-s23401472-d3742377,96,2596.1056931654616,2518.670052273306,2673.5413340576174,2641.1801735242348,-45.074480358773144,2,a5803f8a5d9d87202b43d709cb328cedaf18c446af448f705c33d553e8c2e9f7,5170ec511fb50cdf10d648416d508574d70e9781ddf156a1b2a86d2b385e94dc,100,1729,maximum_information_gain,2000.0,3000.0
kata1-b6c96-s23401472-d3742377,98,2588.1131948726998,2511.5356496823697,2664.69074006303,2641.1801735242348,-53.06697865153501,2,a5803f8a5d9d87202b43d709cb328cedaf18c446af448f705c33d553e8c2e9f7,5170ec511fb50cdf10d648416d508574d70e9781ddf156a1b2a86d2b385e94dc,100,1729,maximum_information_gain,2000.0,3000.0
kata1-b6c96-s23401472-d3742377,100,2587.9265421649816,2512.064046968886,2663.789037361077,2641.1801735242348,-53.25363135925318,2,a5803f8a5d9d87202b43d709cb328cedaf18c446af448f705c33d553e8c2e9f7,5170ec511fb50cdf10d648416d508574d70e9781ddf156a1b2a86d2b385e94dc,100,1729,maximum_information_gain,2000.0,3000.0
kata1-b6c96-s27415296-d4256697,2,2847.848182528185,414.60892769056863,5281.087437365802,2790.4567509140643,57.39143161412085,2,a5803f8a5d9d87202b43d709cb328cedaf18c446af448f705c33d553e8c2e9f7,5170ec511fb50cdf10d648416d508574d70e9781ddf156a1b2a86d2b385e94dc,100,1729,maximum_information_gain,2000.0,3000.0
kata1-b6c96-s27415296-d4256697,4,2431.0060757974466,1811.5078613063802,3050.504290288513,2790.4567509140643,-359.45067511661773,2,a5803f8a5d9d87202b43d709cb328cedaf18c446af448f705c33d553e8c2e9f7,5170ec511fb50cdf10d648416d508574d70e9781ddf156a1b2a86d2b385e94dc,100,1729,maximum_information_gain,2000.0,3000.0
kata1-b6c96-s27415296-d4256697,6,2666.455587972619,2280.090223655091,3052.820952290147,2790.4567509140643,-124.00116294144527,2,a5803f8a5d9d87202b43d709cb328cedaf18c446af448f705c33d553e8c2e9f7,5170ec511fb50cdf10d648416d508574d70e9781ddf156a1b2a86d2b385e94dc,100,1729,maximum_information_gain,2000.0,3000.0
kata1-b6c96-s27415296-d4256697,8,2724.740787120728,2416.880536286161,3032.601037955295,2790.4567509140643,-65.71596379333641,2,a5803f8a5d9d87202b43d709cb328cedaf18c446af448f705c33d553e8c2e9f7,5170ec511fb50cdf10d648416d508574d70e9781ddf156a1b2a86d2b385e94dc,100,1729,maximum_information_gain,2000.0,3000.0
kata1-b6c96-s27415296-d4256697,10,2723.0097780374736,2462.9900548093237,2983.0295012656234,2790.4567509140643,-67.44697287659073,2,a5803f8a5d9d87202b43d709cb328cedaf18c446af448f705c33d553e8c2e9f7,5170ec511fb50cdf10d648416d508574d70e9781ddf156a1b2a86d2b385e94dc,100,1729,maximum_information_gain,2000.0,3000.0
kata1-b6c96-s27415296-d4256697,12,2761.365769103137,2528.8047113793236,2993.9268268269507,2790.4567509140643,-29.090981810927133,2,a5803f8a5d9d87202b43d709cb328cedaf18c446af448f705c33d553e8c2e9f7,5170ec511fb50cdf10d648416d508574d70e9781ddf156a1b2a86d2b385e94dc,100,1729,maximum_information_gain,2000.0,3000.0
kata1-b6c96-s27415296-d4256697,14,2757.3371819081663,2547.540770334937,2967.1335934813956,2790.4567509140643,-33.11956900589803,2,a5803f8a5d9d87202b43d709cb328cedaf18c446af448f705c33d553e8c2e9f7,5170ec511fb50cdf10d648416d508574d70e9781ddf156a1b2a86d2b385e94dc,100,1729,maximum_information_gain,2000.0,3000.0
kata1-b6c96-s27415296-d4256697,16,2810.4501800081543,2612.1729104224687,3008.72744959384,2790.4567509140643,19.99342909409006,2,a5803f8a5d9d87202b43d709cb328cedaf18c446af448f705c33d553e8c2e9f7,5170ec511fb50cdf10d648416d508574d70e9781ddf156a1b2a86d2b385e94dc,100,1729,maximum_information_gain,2000.0,3000.0
kata1-b6c96-s27415296-d4256697,18,2810.4507300161213,2626.546127146808,2994.3553328854346,2790.4567509140643,19.993979102056983,2,a5803f8a5d9d87202b43d709cb328cedaf18c446af448f705c33d553e8c2e9f7,5170ec511fb50cdf10d648416d508574d70e9781ddf156a1b2a86d2b385e94dc,100,1729,maximum_information_gain,2000.0,3000.0
kata1-b6c96-s27415296-d4256697,20,2767.921988167955,2598.230807310279,2937.613169025631,2790.4567509140643,-22.53476274610921,2,a5803f8a5d9d87202b43d709cb328cedaf18c446af448f705c33d553e8c2e9f7,5170ec511fb50cdf10d648416d508574d70e9781ddf156a1b2a86d2b385e94dc,100,1729,maximum_information_gain,2000.0,3000.0
kata1-b6c96-s27415296-d4256697,22,2764.8720793672787,2604.349873172494,2925.3942855620635,2790.4567509140643,-25.584671546785557,2,a5803f8a5d9d87202b43d709cb328cedaf18c446af448f705c33d553e8c2e9f7,5170ec511fb50cdf10d648416d508574d70e9781ddf156a1b2a86d2b385e94dc,100,1729,maximum_information_gain,2000.0,3000.0
kata1-b6c96-s27415296-d4256697,24,2796.449027671933,2642.097478751093,2950.800576592773,2790.4567509140643,5.992276757868694,2,a5803f8a5d9d87202b43d709cb328cedaf18c446af448f705c33d553e8c2e9f7,5170ec511fb50cdf10d648416d508574d70e9781ddf156a1b2a86d2b385e94dc,100,1729,maximum_information_gain,2000.0,3000.0
kata1-b6c96-s27415296-d4256697,26,2782.128832203007,2635.324695000877,2928.9329694051366,2790.4567509140643,-8.327918711057464,2,a5803f8a5d9d87202b43d709cb328cedaf18c446af448f705c33d553e8c2e9f7,5170ec511fb50cdf10d648416d508574d70e9781ddf156a1b2a86d2b385e94dc,100,1729,maximum_information_gain,2000.0,3000.0
kata1-b6c96-s27415296-d4256697,28,2756.080115201089,2615.6637226844887,2896.4965077176894,2790.4567509140643,-34.37663571297526,2,a5803f8a5d9d87202b43d709cb328cedaf18c446af448f705c33d553e8c2e9f7,5170ec511fb50cdf10d648416d508574d70e9781ddf156a1b2a86d2b385e94dc,100,1729,maximum_information_gain,2000.0,3000.0
kata1-b6c96-s27415296-d4256697,30,2741.727462959962,2606.477101421741,2876.977824498183,2790.4567509140643,-48.72928795410235,2,a5803f8a5d9d87202b43d709cb328cedaf18c446af448f705c33d553e8c2e9f7,5170ec511fb50cdf10d648416d508574d70e9781ddf156a1b2a86d2b385e94dc,100,1729,maximum_information_gain,2000.0,3000.0
kata1-b6c96-s27415296-d4256697,32,2740.1131764158235,2609.4674965636837,2870.7588562679634,2790.4567509140643,-50.34357449824074,2,a5803f8a5d9d87202b43d709cb328cedaf18c446af448f705c33d553e8c2e9f7,5170ec511fb50cdf10d648416d508574d70e9781ddf156a1b2a86d2b385e94dc,100,1729,maximum_information_gain,2000.0,3000.0
kata1-b6c96-s27415296-d4256697,34,2750.1204340734816,2623.599397943617,2876.641470203346,2790.4567509140643,-40.33631684058264,2,a5803f8a5d9d87202b43d709cb328cedaf18c446af448f705c33d553e8c2e9f7,5170ec511fb50cdf10d648416d508574d70e9781ddf156a1b2a86d2b385e94dc,100,1729,maximum_information_gain,2000.0,3000.0
kata1-b6c96-s27415296-d4256697,36,2770.851218091262,2647.7539680036184,2893.948468178906,2790.4567509140643,-19.60553282280216,2,a5803f8a5d9d87202b43d709cb328cedaf18c446af448f705c33d553e8c2e9f7,5170ec511fb50cdf10d648416d508574d70e9781ddf156a1b2a86d2b385e94dc,100,1729,maximum_information_gain,2000.0,3000.0
kata1-b6c96-s27415296-d4256697,38,2748.872755494886,2629.490989815672,2868.2545211741,2790.4567509140643,-41.583995419178336,2,a5803f8a5d9d87202b43d709cb328cedaf18c446af448f705c33d553e8c2e9f7,5170ec511fb50cdf10d648416d508574d70e9781ddf156a1b2a86d2b385e94dc,100,1729,maximum_information_gain,2000.0,3000.0
kata1-b6c96-s27415296-d4256697,40,2728.1237516916176,2611.814855273979,2844.432648109256,2790.4567509140643,-62.33299922244669,2,a5803f8a5d9d87202b43d709cb328cedaf18c446af448f705c33d553e8c2e9f7,5170ec511fb50cdf10d648416d508574d70e9781ddf156a1b2a86d2b385e94dc,100,1729,maximum_information_gain,2000.0,3000.0
kata1-b6c96-s27415296-d4256697,42,2745.729358446177,2632.346515300511,2859.1122015918427,2790.4567509140643,-44.72739246788751,2,a5803f8a5d9d87202b43d709cb328cedaf18c446af448f705c33d553e8c2e9f7,5170ec511fb50cdf10d648416d508574d70e9781ddf156a1b2a86d2b385e94dc,100,1729,maximum_information_gain,2000.0,3000.0
kata1-b6c96-s27415296-d4256697,44,2752.994046964862,2642.197206006288,2863.7908879234355,2790.4567509140643,-37.46270394920248,2,a5803f8a5d9d87202b43d709cb328cedaf18c446af448f705c33d553e8c2e9f7,5170ec511fb50cdf10d648416d508574d70e9781ddf156a1b2a86d2b385e94dc,100,1729,maximum_information_gain,2000.0,3000.0
kata1-b6c96-s27415296-d4256697,46,2752.358064039516,2644.020277323105,2860.6958507559275,2790.4567509140643,-38.09868687454809,2,a5803f8a5d9d87202b43d709cb328cedaf18c446af448f705c33d553e8c2e9f7,5170ec511fb50cdf10d648416d508574d70e9781ddf156a1b2a86d2b385e94dc,100,1729,maximum_information_gain,2000.0,3000.0
kata1-b6c96-s27415296-d4256697,48,2766.538090883653,2660.2507901442045,2872.825391623101,2790.4567509140643,-23.918660030411502,2,a5803f8a5d9d87202b43d709cb328cedaf18c446af448f705c33d553e8c2e9f7,5170ec511fb50cdf10d648416d508574d70e9781ddf156a1b2a86d2b385e94dc,100,1729,maximum_information_gain,2000.0,3000.0
kata1-b6c96-s27415296-d4256697,50,2750.4123300942515,2646.5003176603154,2854.3243425281876,2790.4567509140643,-40.044420819812785,2,a5803f8a5d9d87202b43d709cb328cedaf18c446af448f705c33d553e8c2e9f7,5170ec511fb50cdf10d648416d508574d70e9781ddf156a1b2a86d2b385e94dc,100,1729,maximum_information_gain,2000.0,3000.0
kata1-b6c96-s27415296-d4256697,52,2763.4881486824706,2661.382525783671,2865.59377158127,2790.4567509140643,-26.96860223159365,2,a5803f8a5d9d87202b43d709cb328cedaf18c446af448f705c33d553e8c2e9f7,5170ec511fb50cdf10d648416d508574d70e9781ddf156a1b2a86d2b385e94dc,100,1729,maximum_information_gain,2000.0,3000.0
kata1-b6c96-s27415296-d4256697,54,2762.557262710712,2662.3422789782994,2862.772246443125,2790.4567509140643,-27.89948820335212,2,a5803f8a5d9d87202b43d709cb328cedaf18c446af448f705c33d553e8c2e9f7,5170ec511fb50cdf10d648416d508574d70e9781ddf156a1b2a86d2b385e94dc,100,1729,maximum_information_gain,2000.0,3000.0
kata1-b6c96-s27415296-d4256697,56,2748.459583603959,2650.180865159925,2846.738302047993,2790.4567509140643,-41.9971673101054,2,a5803f8a5d9d87202b43d709cb328cedaf18c446af448f705c33d553e8c2e9f7,5170ec511fb50cdf10d648416d508574d70e9781ddf156a1b2a86d2b385e94dc,100,1729,maximum_information_gain,2000.0,3000.0
kata1-b6c96-s27415296-d4256697,58,2760.1599659363314,2663.4027404994586,2856.9171913732043,2790.4567509140643,-30.29678497773284,2,a5803f8a5d9d87202b43d709cb328cedaf18c446af448f705c33d553e8c2e9f7,5170ec511fb50cdf10d648416d508574d70e9781ddf156a1b2a86d2b385e94dc,100,1729,maximum_information_gain,2000.0,3000.0
kata1-b6c96-s27415296-d4256697,60,2759.453216812326,2664.2746470481375,2854.6317865765145,2790.4567509140643,-31.003534101738296,2,a5803f8a5d9d87202b43d709cb328cedaf18c446af448f705c33d553e8c2e9f7,5170ec511fb50cdf10d648416d508574d70e9781ddf156a1b2a86d2b385e94dc,100,1729,maximum_information_gain,2000.0,3000.0
kata1-b6c96-s27415296-d4256697,62,2746.092070652724,2652.5443340789275,2839.6398072265206,2790.4567509140643,-44.364680261340254,2,a5803f8a5d9d87202b43d709cb328cedaf18c446af448f705c33d553e8c2e9f7,5170ec511fb50cdf10d648416d508574d70e9781ddf156a1b2a86d2b385e94dc,100,1729,maximum_information_gain,2000.0,3000.0
kata1-b6c96-s27415296-d4256697,64,2756.7034537856453,2664.4568440358807,2848.9500635354098,2790.4567509140643,-33.753297128419035,2,a5803f8a5d9d87202b43d709cb328cedaf18c446af448f705c33d553e8c2e9f7,5170ec511fb50cdf10d648416d508574d70e9781ddf156a1b2a86d2b385e94dc,100,1729,maximum_information_gain,2000.0,3000.0
kata1-b6c96-s27415296-d4256697,66,2767.3262398662464,2676.2396257064124,2858.4128540260804,2790.4567509140643,-23.13051104781789,2,a5803f8a5d9d87202b43d709cb328cedaf18c446af448f705c33d553e8c2e9f7,5170ec511fb50cdf10d648416d508574d70e9781ddf156a1b2a86d2b385e94dc,100,1729,maximum_information_gain,2000.0,3000.0
kata1-b6c96-s27415296-d4256697,68,2779.643589782002,2689.5721912126755,2869.7149883513284,2790.4567509140643,-10.813161132062305,2,a5803f8a5d9d87202b43d709cb328cedaf18c446af448f705c33d553e8c2e9f7,5170ec511fb50cdf10d648416d508574d70e9781ddf156a1b2a86d2b385e94dc,100,1729,maximum_information_gain,2000.0,3000.0
kata1-b6c96-s27415296-d4256697,70,2780.594028681973,2691.742859317869,2869.4451980460776,2790.4567509140643,-9.862722232091073,2,a5803f8a5d9d87202b43d709cb328cedaf18c446af448f705c33d553e8c2e9f7,5170ec511fb50cdf10d648416d508574d70e9781ddf156a1b2a86d2b385e94dc,100,1729,maximum_information_gain,2000.0,3000.0
kata1-b6c96-s27415296-d4256697,72,2781.493786621771,2693.807425899523,2869.180147344019,2790.4567509140643,-8.962964292293236,2,a5803f8a5d9d87202b43d709cb328cedaf18c446af448f705c33d553e8c2e9f7,5170ec511fb50cdf10d648416d508574d70e9781ddf156a1b2a86d2b385e94dc,100,1729,maximum_information_gain,2000.0,3000.0
kata1-b6c96-s27415296-d4256697,74,2782.9902934590305,2696.4045254214993,2869.5760614965616,2790.4567509140643,-7.466457455033833,2,a5803f8a5d9d87202b43d709cb328cedaf18c446af448f705c33d553e8c2e9f7,5170ec511fb50cdf10d648416d508574d70e9781ddf156a1b2a86d2b385e94dc,100,1729,maximum_information_gain,2000.0,3000.0
kata1-b6c96-s27415296-d4256697,76,2774.591430658875,2689.24255332494,2859.94030799281,2790.4567509140643,-15.86532025518909,2,a5803f8a5d9d87202b43d709cb328cedaf18c446af448f705c33d553e8c2e9f7,5170ec511fb50cdf10d648416d508574d70e9781ddf156a1b2a86d2b385e94dc,100,1729,maximum_information_gain,2000.0,3000.0
kata1-b6c96-s27415296-d4256697,78,2775.575963591905,2691.2416584329976,2859.910268750812,2790.4567509140643,-14.880787322159449,2,a5803f8a5d9d87202b43d709cb328cedaf18c446af448f705c33d553e8c2e9f7,5170ec511fb50cdf10d648416d508574d70e9781ddf156a1b2a86d2b385e94dc,100,1729,maximum_information_gain,2000.0,3000.0
kata1-b6c96-s27415296-d4256697,80,2776.501168093417,2693.1402411352933,2859.862095051541,2790.4567509140643,-13.955582820647123,2,a5803f8a5d9d87202b43d709cb328cedaf18c446af448f705c33d553e8c2e9f7,5170ec511fb50cdf10d648416d508574d70e9781ddf156a1b2a86d2b385e94dc,100,1729,maximum_information_gain,2000.0,3000.0
kata1-b6c96-s27415296-d4256697,82,2777.9656987499275,2695.5319183094975,2860.3994791903574,2790.4567509140643,-12.491052164136818,2,a5803f8a5d9d87202b43d709cb328cedaf18c446af448f705c33d553e8c2e9f7,5170ec511fb50cdf10d648416d508574d70e9781ddf156a1b2a86d2b385e94dc,100,1729,maximum_information_gain,2000.0,3000.0
kata1-b6c96-s27415296-d4256697,84,2770.0504947404356,2688.610006645804,2851.4909828350674,2790.4567509140643,-20.406256173628663,2,a5803f8a5d9d87202b43d709cb328cedaf18c446af448f705c33d553e8c2e9f7,5170ec511fb50cdf10d648416d508574d70e9781ddf156a1b2a86d2b385e94dc,100,1729,maximum_information_gain,2000.0,3000.0
kata1-b6c96-s27415296-d4256697,86,2777.822997694296,2697.167673113349,2858.4783222752435,2790.4567509140643,-12.633753219768096,2,a5803f8a5d9d87202b43d709cb328cedaf18c446af448f705c33d553e8c2e9f7,5170ec511fb50cdf10d648416d508574d70e9781ddf156a1b2a86d2b385e94dc,100,1729,maximum_information_gain,2000.0,3000.0
kata1-b6c96-s27415296-d4256697,88,2779.1584246704174,2699.3315643342075,2858.9852850066272,2790.4567509140643,-11.298326243646898,2,a5803f8a5d9d87202b43d709cb328cedaf18c446af448f705c33d553e8c2e9f7,5170ec511fb50cdf10d648416d508574d70e9781ddf156a1b2a86d2b385e94dc,100,1729,maximum_information_gain,2000.0,3000.0
kata1-b6c96-s27415296-d4256697,90,2780.431200801334,2701.404084899552,2859.458316703116,2790.4567509140643,-10.025550112730343,2,a5803f8a5d9d87202b43d709cb328cedaf18c446af448f705c33d553e8c2e9f7,5170ec511fb50cdf10d648416d508574d70e9781ddf156a1b2a86d2b385e94dc,100,1729,maximum_information_gain,2000.0,3000.0
kata1-b6c96-s27415296-d4256697,92,2781.1349803469247,2702.88589304629,2859.3840676475593,2790.4567509140643,-9.321770567139538,2,a5803f8a5d9d87202b43d709cb328cedaf18c446af448f705c33d553e8c2e9f7,5170ec511fb50cdf10d648416d508574d70e9781ddf156a1b2a86d2b385e94dc,100,1729,maximum_information_gain,2000.0,3000.0
kata1-b6c96-s27415296-d4256697,94,2778.3834060739027,2700.9196560470755,2855.84715610073,2790.4567509140643,-12.073344840161553,2,a5803f8a5d9d87202b43d709cb328cedaf18c446af448f705c33d553e8c2e9f7,5170ec511fb50cdf10d648416d508574d70e9781ddf156a1b2a86d2b385e94dc,100,1729,maximum_information_gain,2000.0,3000.0
kata1-b6c96-s27415296-d4256697,96,2771.4945764274894,2694.804182693566,2848.184970161413,2790.4567509140643,-18.962174486574895,2,a5803f8a5d9d87202b43d709cb328cedaf18c446af448f705c33d553e8c2e9f7,5170ec511fb50cdf10d648416d508574d70e9781ddf156a1b2a86d2b385e94dc,100,1729,maximum_information_gain,2000.0,3000.0
kata1-b6c96-s27415296-d4256697,98,2762.8741010518997,2686.9150961221408,2838.8331059816587,2790.4567509140643,-27.582649862164544,2,a5803f8a5d9d87202b43d709cb328cedaf18c446af448f705c33d553e8c2e9f7,5170ec511fb50cdf10d648416d508574d70e9781ddf156a1b2a86d2b385e94dc,100,1729,maximum_information_gain,2000.0,3000.0
kata1-b6c96-s27415296-d4256697,100,2769.2619653086185,2693.965374233222,2844.558556384015,2790.4567509140643,-21.19478560544576,2,a5803f8a5d9d87202b43d709cb328cedaf18c446af448f705c33d553e8c2e9f7,5170ec511fb50cdf10d648416d508574d70e9781ddf156a1b2a86d2b385e94dc,100,1729,maximum_information_gain,2000.0,3000.0
kata1-b6c96-s30394624-d4635675,2,2203.4902865635536,1648.3949497802712,2758.5856233468357,2868.748124563376,-665.2578379998226,2,a5803f8a5d9d87202b43d709cb328cedaf18c446af448f705c33d553e8c2e9f7,5170ec511fb50cdf10d648416d508574d70e9781ddf156a1b2a86d2b385e94dc,100,1729,maximum_information_gain,2000.0,3000.0
kata1-b6c96-s30394624-d4635675,4,2437.527943316203,1921.7925371241915,2953.2633495082146,2868.748124563376,-431.22018124717306,2,a5803f8a5d9d87202b43d709cb328cedaf18c446af448f705c33d553e8c2e9f7,5170ec511fb50cdf10d648416d508574d70e9781ddf156a1b2a86d2b385e94dc,100,1729,maximum_information_gain,2000.0,3000.0
kata1-b6c96-s30394624-d4635675,6,2705.410486694676,2188.783294419284,3222.0376789700676,2868.748124563376,-163.3376378687003,2,a5803f8a5d9d87202b43d709cb328cedaf18c446af448f705c33d553e8c2e9f7,5170ec511fb50cdf10d648416d508574d70e9781ddf156a1b2a86d2b385e94dc,100,1729,maximum_information_gain,2000.0,3000.0
kata1-b6c96-s30394624-d4635675,8,2949.611708262281,2438.1468936334386,3461.076522891123,2868.748124563376,80.86358369890468,2,a5803f8a5d9d87202b43d709cb328cedaf18c446af448f705c33d553e8c2e9f7,5170ec511fb50cdf10d648416d508574d70e9781ddf156a1b2a86d2b385e94dc,100,1729,maximum_information_gain,2000.0,3000.0
kata1-b6c96-s30394624-d4635675,10,2947.960970441179,2597.020999350725,3298.900941531633,2868.748124563376,79.21284587780292,2,a5803f8a5d9d87202b43d709cb328cedaf18c446af448f705c33d553e8c2e9f7,5170ec511fb50cdf10d648416d508574d70e9781ddf156a1b2a86d2b385e94dc,100,1729,maximum_information_gain,2000.0,3000.0
kata1-b6c96-s30394624-d4635675,12,3081.8336129124095,2757.0976670432347,3406.5695587815844,2868.748124563376,213.0854883490333,2,a5803f8a5d9d87202b43d709cb328cedaf18c446af448f705c33d553e8c2e9f7,5170ec511fb50cdf10d648416d508574d70e9781ddf156a1b2a86d2b385e94dc,100,1729,maximum_information_gain,2000.0,3000.0
kata1-b6c96-s30394624-d4635675,14,3081.6460733670547,2811.6753711682127,3351.6167755658967,2868.748124563376,212.89794880367845,2,a5803f8a5d9d87202b43d709cb328cedaf18c446af448f705c33d553e8c2e9f7,5170ec511fb50cdf10d648416d508574d70e9781ddf156a1b2a86d2b385e94dc,100,1729,maximum_information_gain,2000.0,3000.0
kata1-b6c96-s30394624-d4635675,16,2999.9073527128653,2773.1577115873797,3226.656993838351,2868.748124563376,131.15922814948908,2,a5803f8a5d9d87202b43d709cb328cedaf18c446af448f705c33d553e8c2e9f7,5170ec511fb50cdf10d648416d508574d70e9781ddf156a1b2a86d2b385e94dc,100,1729,maximum_information_gain,2000.0,3000.0
kata1-b6c96-s30394624-d4635675,18,2935.993076798801,2731.0665022577964,3140.919651339806,2868.748124563376,67.24495223542499,2,a5803f8a5d9d87202b43d709cb328cedaf18c446af448f705c33d553e8c2e9f7,5170ec511fb50cdf10d648416d508574d70e9781ddf156a1b2a86d2b385e94dc,100,1729,maximum_information_gain,2000.0,3000.0
kata1-b6c96-s30394624-d4635675,20,2959.769529770388,2770.595984851759,3148.943074689017,2868.748124563376,91.02140520701187,2,a5803f8a5d9d87202b43d709cb328cedaf18c446af448f705c33d553e8c2e9f7,5170ec511fb50cdf10d648416d508574d70e9781ddf156a1b2a86d2b385e94dc,100,1729,maximum_information_gain,2000.0,3000.0
kata1-b6c96-s30394624-d4635675,22,2958.0007970604233,2781.353221226195,3134.648372894652,2868.748124563376,89.25267249704712,2,a5803f8a5d9d87202b43d709cb328cedaf18c446af448f705c33d553e8c2e9f7,5170ec511fb50cdf10d648416d508574d70e9781ddf156a1b2a86d2b385e94dc,100,1729,maximum_information_gain,2000.0,3000.0
kata1-b6c96-s30394624-d4635675,24,2956.645440799269,2790.251371716081,3123.0395098824574,2868.748124563376,87.89731623589296,2,a5803f8a5d9d87202b43d709cb328cedaf18c446af448f705c33d553e8c2e9f7,5170ec511fb50cdf10d648416d508574d70e9781ddf156a1b2a86d2b385e94dc,100,1729,maximum_information_gain,2000.0,3000.0
kata1-b6c96-s30394624-d4635675,26,2955.5724095670007,2797.768914602647,3113.3759045313545,2868.748124563376,86.82428500362448,2,a5803f8a5d9d87202b43d709cb328cedaf18c446af448f705c33d553e8c2e9f7,5170ec511fb50cdf10d648416d508574d70e9781ddf156a1b2a86d2b385e94dc,100,1729,maximum_information_gain,2000.0,3000.0
kata1-b6c96-s30394624-d4635675,28,2922.0331043947886,2771.282707786389,3072.783501003188,2868.748124563376,53.28497983141233,2,a5803f8a5d9d87202b43d709cb328cedaf18c446af448f705c33d553e8c2e9f7,5170ec511fb50cdf10d648416d508574d70e9781ddf156a1b2a86d2b385e94dc,100,1729,maximum_information_gain,2000.0,3000.0
kata1-b6c96-s30394624-d4635675,30,2921.834204675565,2777.4990841914137,3066.1693251597167,2868.748124563376,53.08608011218894,2,a5803f8a5d9d87202b43d709cb328cedaf18c446af448f705c33d553e8c2e9f7,5170ec511fb50cdf10d648416d508574d70e9781ddf156a1b2a86d2b385e94dc,100,1729,maximum_information_gain,2000.0,3000.0
kata1-b6c96-s30394624-d4635675,32,2892.5672569364237,2752.9963997388586,3032.138114133989,2868.748124563376,23.819132373047523,2,a5803f8a5d9d87202b43d709cb328cedaf18c446af448f705c33d553e8c2e9f7,5170ec511fb50cdf10d648416d508574d70e9781ddf156a1b2a86d2b385e94dc,100,1729,maximum_information_gain,2000.0,3000.0
kata1-b6c96-s30394624-d4635675,34,2867.269376219782,2731.540492573132,3002.998259866432,2868.748124563376,-1.4787483435943614,2,a5803f8a5d9d87202b43d709cb328cedaf18c446af448f705c33d553e8c2e9f7,5170ec511fb50cdf10d648416d508574d70e9781ddf156a1b2a86d2b385e94dc,100,1729,maximum_information_gain,2000.0,3000.0
kata1-b6c96-s30394624-d4635675,36,2866.969523879234,2735.9039029351848,2998.0351448232836,2868.748124563376,-1.7786006841420203,2,a5803f8a5d9d87202b43d709cb328cedaf18c446af448f705c33d553e8c2e9f7,5170ec511fb50cdf10d648416d508574d70e9781ddf156a1b2a86d2b385e94dc,100,1729,maximum_information_gain,2000.0,3000.0
kata1-b6c96-s30394624-d4635675,38,2843.5261436228725,2715.320070276061,2971.732216969684,2868.748124563376,-25.221980940503727,2,a5803f8a5d9d87202b43d709cb328cedaf18c446af448f705c33d553e8c2e9f7,5170ec511fb50cdf10d648416d508574d70e9781ddf156a1b2a86d2b385e94dc,100,1729,maximum_information_gain,2000.0,3000.0
kata1-b6c96-s30394624-d4635675,40,2843.203107956577,2718.907030899368,2967.499185013786,2868.748124563376,-25.545016606799436,2,a5803f8a5d9d87202b43d709cb328cedaf18c446af448f705c33d553e8c2e9f7,5170ec511fb50cdf10d648416d508574d70e9781ddf156a1b2a86d2b385e94dc,100,1729,maximum_information_gain,2000.0,3000.0
kata1-b6c96-s30394624-d4635675,42,2863.4253445744102,2743.6371420309288,2983.2135471178917,2868.748124563376,-5.322779988965976,2,a5803f8a5d9d87202b43d709cb328cedaf18c446af448f705c33d553e8c2e9f7,5170ec511fb50cdf10d648416d508574d70e9781ddf156a1b2a86d2b385e94dc,100,1729,maximum_information_gain,2000.0,3000.0
kata1-b6c96-s30394624-d4635675,44,2863.424386262758,2746.8022192237972,2980.046553301719,2868.748124563376,-5.323738300618061,2,a5803f8a5d9d87202b43d709cb328cedaf18c446af448f705c33d553e8c2e9f7,5170ec511fb50cdf10d648416d508574d70e9781ddf156a1b2a86d2b385e94dc,100,1729,maximum_information_gain,2000.0,3000.0
kata1-b6c96-s30394624-d4635675,46,2863.4187464249826,2749.701340697838,2977.136152152127,2868.748124563376,-5.329378138393622,2,a5803f8a5d9d87202b43d709cb328cedaf18c446af448f705c33d553e8c2e9f7,5170ec511fb50cdf10d648416d508574d70e9781ddf156a1b2a86d2b385e94dc,100,1729,maximum_information_gain,2000.0,3000.0
kata1-b6c96-s30394624-d4635675,48,2879.411379827378,2768.755066700759,2990.067692953997,2868.748124563376,10.663255264001691,2,a5803f8a5d9d87202b43d709cb328cedaf18c446af448f705c33d553e8c2e9f7,5170ec511fb50cdf10d648416d508574d70e9781ddf156a1b2a86d2b385e94dc,100,1729,maximum_information_gain,2000.0,3000.0
kata1-b6c96-s30394624-d4635675,50,2880.5805297627157,2772.3998827622327,2988.761176763199,2868.748124563376,11.832405199339519,2,a5803f8a5d9d87202b43d709cb328cedaf18c446af448f705c33d553e8c2e9f7,5170ec511fb50cdf10d648416d508574d70e9781ddf156a1b2a86d2b385e94dc,100,1729,maximum_information_gain,2000.0,3000.0
kata1-b6c96-s30394624-d4635675,52,2881.6435003464744,2775.7620604928397,2987.524940200109,2868.748124563376,12.895375783098189,2,a5803f8a5d9d87202b43d709cb328cedaf18c446af448f705c33d553e8c2e9f7,5170ec511fb50cdf10d648416d508574d70e9781ddf156a1b2a86d2b385e94dc,100,1729,maximum_information_gain,2000.0,3000.0
kata1-b6c96-s30394624-d4635675,54,2867.6339032413894,2763.590963283697,2971.6768431990818,2868.748124563376,-1.1142213219868609,2,a5803f8a5d9d87202b43d709cb328cedaf18c446af448f705c33d553e8c2e9f7,5170ec511fb50cdf10d648416d508574d70e9781ddf156a1b2a86d2b385e94dc,100,1729,maximum_information_gain,2000.0,3000.0
kata1-b6c96-s30394624-d4635675,56,2881.805088360725,2780.0419766997647,2983.5682000216857,2868.748124563376,13.056963797348999,2,a5803f8a5d9d87202b43d709cb328cedaf18c446af448f705c33d553e8c2e9f7,5170ec511fb50cdf10d648416d508574d70e9781ddf156a1b2a86d2b385e94dc,100,1729,maximum_information_gain,2000.0,3000.0
kata1-b6c96-s30394624-d4635675,58,2875.8147997019205,2775.8243033781587,2975.8052960256823,2868.748124563376,7.066675138544269,2,a5803f8a5d9d87202b43d709cb328cedaf18c446af448f705c33d553e8c2e9f7,5170ec511fb50cdf10d648416d508574d70e9781ddf156a1b2a86d2b385e94dc,100,1729,maximum_information_gain,2000.0,3000.0
kata1-b6c96-s30394624-d4635675,60,2875.3274545663603,2777.093070612494,2973.5618385202265,2868.748124563376,6.579330002984079,2,a5803f8a5d9d87202b43d709cb328cedaf18c446af448f705c33d553e8c2e9f7,5170ec511fb50cdf10d648416d508574d70e9781ddf156a1b2a86d2b385e94dc,100,1729,maximum_information_gain,2000.0,3000.0
kata1-b6c96-s30394624-d4635675,62,2874.8762771459333,2778.2964756837364,2971.45607860813,2868.748124563376,6.12815258255705,2,a5803f8a5d9d87202b43d709cb328cedaf18c446af448f705c33d553e8c2e9f7,5170ec511fb50cdf10d648416d508574d70e9781ddf156a1b2a86d2b385e94dc,100,1729,maximum_information_gain,2000.0,3000.0
kata1-b6c96-s30394624-d4635675,64,2873.5661452171453,2778.537817948842,2968.5944724854485,2868.748124563376,4.818020653769054,2,a5803f8a5d9d87202b43d709cb328cedaf18c446af448f705c33d553e8c2e9f7,5170ec511fb50cdf10d648416d508574d70e9781ddf156a1b2a86d2b385e94dc,100,1729,maximum_information_gain,2000.0,3000.0
kata1-b6c96-s30394624-d4635675,66,2872.3511361645114,2778.7938721331907,2965.908400195832,2868.748124563376,3.603011601135222,2,a5803f8a5d9d87202b43d709cb328cedaf18c446af448f705c33d553e8c2e9f7,5170ec511fb50cdf10d648416d508574d70e9781ddf156a1b2a86d2b385e94dc,100,1729,maximum_information_gain,2000.0,3000.0
kata1-b6c96-s30394624-d4635675,68,2872.0419882555716,2779.8930668670205,2964.1909096441227,2868.748124563376,3.293863692195373,2,a5803f8a5d9d87202b43d709cb328cedaf18c446af448f705c33d553e8c2e9f7,5170ec511fb50cdf10d648416d508574d70e9781ddf156a1b2a86d2b385e94dc,100,1729,maximum_information_gain,2000.0,3000.0
kata1-b6c96-s30394624-d4635675,70,2870.9537092045525,2780.133895858141,2961.773522550964,2868.748124563376,2.2055846411763014,2,a5803f8a5d9d87202b43d709cb328cedaf18c446af448f705c33d553e8c2e9f7,5170ec511fb50cdf10d648416d508574d70e9781ddf156a1b2a86d2b385e94dc,100,1729,maximum_information_gain,2000.0,3000.0
kata1-b6c96-s30394624-d4635675,72,2875.3463244253626,2785.847720808294,2964.844928042431,2868.748124563376,6.598199861986359,2,a5803f8a5d9d87202b43d709cb328cedaf18c446af448f705c33d553e8c2e9f7,5170ec511fb50cdf10d648416d508574d70e9781ddf156a1b2a86d2b385e94dc,100,1729,maximum_information_gain,2000.0,3000.0
kata1-b6c96-s30394624-d4635675,74,2876.2223298089393,2787.94826564675,2964.496393971129,2868.748124563376,7.474205245563098,2,a5803f8a5d9d87202b43d709cb328cedaf18c446af448f705c33d553e8c2e9f7,5170ec511fb50cdf10d648416d508574d70e9781ddf156a1b2a86d2b385e94dc,100,1729,maximum_information_gain,2000.0,3000.0
kata1-b6c96-s30394624-d4635675,76,2877.0461554416147,2789.939461786744,2964.1528490964856,2868.748124563376,8.298030878238478,2,a5803f8a5d9d87202b43d709cb328cedaf18c446af448f705c33d553e8c2e9f7,5170ec511fb50cdf10d648416d508574d70e9781ddf156a1b2a86d2b385e94dc,100,1729,maximum_information_gain,2000.0,3000.0
kata1-b6c96-s30394624-d4635675,78,2887.6963926085677,2801.754217624184,2973.6385675929514,2868.748124563376,18.948268045191526,2,a5803f8a5d9d87202b43d709cb328cedaf18c446af448f705c33d553e8c2e9f7,5170ec511fb50cdf10d648416d508574d70e9781ddf156a1b2a86d2b385e94dc,100,1729,maximum_information_gain,2000.0,3000.0
kata1-b6c96-s30394624-d4635675,80,2883.7662180793855,2798.871454026765,2968.6609821320058,2868.748124563376,15.01809351600923,2,a5803f8a5d9d87202b43d709cb328cedaf18c446af448f705c33d553e8c2e9f7,5170ec511fb50cdf10d648416d508574d70e9781ddf156a1b2a86d2b385e94dc,100,1729,maximum_information_gain,2000.0,3000.0
kata1-b6c96-s30394624-d4635675,82,2893.6497817931677,2809.794230518794,2977.5053330675414,2868.748124563376,24.901657229791454,2,a5803f8a5d9d87202b43d709cb328cedaf18c446af448f705c33d553e8c2e9f7,5170ec511fb50cdf10d648416d508574d70e9781ddf156a1b2a86d2b385e94dc,100,1729,maximum_information_gain,2000.0,3000.0
kata1-b6c96-s30394624-d4635675,84,2894.3336607010333,2811.455316025039,2977.2120053770277,2868.748124563376,25.585536137657073,2,a5803f8a5d9d87202b43d709cb328cedaf18c446af448f705c33d553e8c2e9f7,5170ec511fb50cdf10d648416d508574d70e9781ddf156a1b2a86d2b385e94dc,100,1729,maximum_information_gain,2000.0,3000.0
kata1-b6c96-s30394624-d4635675,86,2886.108321163409,2804.1480945718677,2968.0685477549505,2868.748124563376,17.36019660003285,2,a5803f8a5d9d87202b43d709cb328cedaf18c446af448f705c33d553e8c2e9f7,5170ec511fb50cdf10d648416d508574d70e9781ddf156a1b2a86d2b385e94dc,100,1729,maximum_information_gain,2000.0,3000.0
kata1-b6c96-s30394624-d4635675,88,2886.550984445965,2805.4923430146328,2967.609625877297,2868.748124563376,17.802859882588564,2,a5803f8a5d9d87202b43d709cb328cedaf18c446af448f705c33d553e8c2e9f7,5170ec511fb50cdf10d648416d508574d70e9781ddf156a1b2a86d2b385e94dc,100,1729,maximum_information_gain,2000.0,3000.0
kata1-b6c96-s30394624-d4635675,90,2878.5418728632244,2798.2954886256007,2958.788257100848,2868.748124563376,9.793748299848176,2,a5803f8a5d9d87202b43d709cb328cedaf18c446af448f705c33d553e8c2e9f7,5170ec511fb50cdf10d648416d508574d70e9781ddf156a1b2a86d2b385e94dc,100,1729,maximum_information_gain,2000.0,3000.0
kata1-b6c96-s30394624-d4635675,92,2878.1747078999592,2798.760167586656,2957.5892482132626,2868.748124563376,9.426583336583008,2,a5803f8a5d9d87202b43d709cb328cedaf18c446af448f705c33d553e8c2e9f7,5170ec511fb50cdf10d648416d508574d70e9781ddf156a1b2a86d2b385e94dc,100,1729,maximum_information_gain,2000.0,3000.0
kata1-b6c96-s30394624-d4635675,94,2877.82490038449,2799.2110173039146,2956.438783465065,2868.748124563376,9.076775821113642,2,a5803f8a5d9d87202b43d709cb328cedaf18c446af448f705c33d553e8c2e9f7,5170ec511fb50cdf10d648416d508574d70e9781ddf156a1b2a86d2b385e94dc,100,1729,maximum_information_gain,2000.0,3000.0
kata1-b6c96-s30394624-d4635675,96,2872.9679212100177,2795.08862998007,2950.8472124399655,2868.748124563376,4.219796646641498,2,a5803f8a5d9d87202b43d709cb328cedaf18c446af448f705c33d553e8c2e9f7,5170ec511fb50cdf10d648416d508574d70e9781ddf156a1b2a86d2b385e94dc,100,1729,maximum_information_gain,2000.0,3000.0
kata1-b6c96-s30394624-d4635675,98,2872.1966266447944,2795.0609559048953,2949.3322973846934,2868.748124563376,3.4485020814181553,2,a5803f8a5d9d87202b43d709cb328cedaf18c446af448f705c33d553e8c2e9f7,5170ec511fb50cdf10d648416d508574d70e9781ddf156a1b2a86d2b385e94dc,100,1729,maximum_information_gain,2000.0,3000.0
kata1-b6c96-s30394624-d4635675,100,2879.01860695535,2802.653392095969,2955.383821814731,2868.748124563376,10.270482391973928,2,a5803f8a5d9d87202b43d709cb328cedaf18c446af448f705c33d553e8c2e9f7,5170ec511fb50cdf10d648416d508574d70e9781ddf156a1b2a86d2b385e94dc,100,1729,maximum_information_gain,2000.0,3000.0
kata1-b6c96-s37368064-d5536083,2,2847.6012300458433,414.06044141594566,5281.1420186757405,2990.0846228175806,-142.48339277173727,2,a5803f8a5d9d87202b43d709cb328cedaf18c446af448f705c33d553e8c2e9f7,5170ec511fb50cdf10d648416d508574d70e9781ddf156a1b2a86d2b385e94dc,100,1729,maximum_information_gain,2000.0,3000.0
kata1-b6c96-s37368064-d5536083,4,3566.1935014873306,1695.513237139318,5436.873765835343,2990.0846228175806,576.1088786697501,2,a5803f8a5d9d87202b43d709cb328cedaf18c446af448f705c33d553e8c2e9f7,5170ec511fb50cdf10d648416d508574d70e9781ddf156a1b2a86d2b385e94dc,100,1729,maximum_information_gain,2000.0,3000.0
kata1-b6c96-s37368064-d5536083,6,3191.9364093055588,2652.3201277279213,3731.552690883196,2990.0846228175806,201.8517864879782,2,a5803f8a5d9d87202b43d709cb328cedaf18c446af448f705c33d553e8c2e9f7,5170ec511fb50cdf10d648416d508574d70e9781ddf156a1b2a86d2b385e94dc,100,1729,maximum_information_gain,2000.0,3000.0
kata1-b6c96-s37368064-d5536083,8,2998.1081164607435,2629.2183780306414,3366.9978548908457,2990.0846228175806,8.023493643162965,2,a5803f8a5d9d87202b43d709cb328cedaf18c446af448f705c33d553e8c2e9f7,5170ec511fb50cdf10d648416d508574d70e9781ddf156a1b2a86d2b385e94dc,100,1729,maximum_information_gain,2000.0,3000.0
kata1-b6c96-s37368064-d5536083,10,3131.487791885838,2836.2691945678157,3426.70638920386,2990.0846228175806,141.40316906825728,2,a5803f8a5d9d87202b43d709cb328cedaf18c446af448f705c33d553e8c2e9f7,5170ec511fb50cdf10d648416d508574d70e9781ddf156a1b2a86d2b385e94dc,100,1729,maximum_information_gain,2000.0,3000.0
kata1-b6c96-s37368064-d5536083,12,3041.0375075295347,2787.6136006188217,3294.4614144402476,2990.0846228175806,50.952884711954084,2,a5803f8a5d9d87202b43d709cb328cedaf18c446af448f705c33d553e8c2e9f7,5170ec511fb50cdf10d648416d508574d70e9781ddf156a1b2a86d2b385e94dc,100,1729,maximum_information_gain,2000.0,3000.0
kata1-b6c96-s37368064-d5536083,14,3040.246429012408,2815.2584100998715,3265.2344479249446,2990.0846228175806,50.16180619482748,2,a5803f8a5d9d87202b43d709cb328cedaf18c446af448f705c33d553e8c2e9f7,5170ec511fb50cdf10d648416d508574d70e9781ddf156a1b2a86d2b385e94dc,100,1729,maximum_information_gain,2000.0,3000.0
kata1-b6c96-s37368064-d5536083,16,2977.29021335685,2768.5622457214304,3186.0181809922697,2990.0846228175806,-12.794409460730549,2,a5803f8a5d9d87202b43d709cb328cedaf18c446af448f705c33d553e8c2e9f7,5170ec511fb50cdf10d648416d508574d70e9781ddf156a1b2a86d2b385e94dc,100,1729,maximum_information_gain,2000.0,3000.0
kata1-b6c96-s37368064-d5536083,18,2999.743658750769,2808.917950949235,3190.569366552303,2990.0846228175806,9.659035933188534,2,a5803f8a5d9d87202b43d709cb328cedaf18c446af448f705c33d553e8c2e9f7,5170ec511fb50cdf10d648416d508574d70e9781ddf156a1b2a86d2b385e94dc,100,1729,maximum_information_gain,2000.0,3000.0
kata1-b6c96-s37368064-d5536083,20,3001.678180842984,2823.7608761969827,3179.5954854889856,2990.0846228175806,11.593558025403581,2,a5803f8a5d9d87202b43d709cb328cedaf18c446af448f705c33d553e8c2e9f7,5170ec511fb50cdf10d648416d508574d70e9781ddf156a1b2a86d2b385e94dc,100,1729,maximum_information_gain,2000.0,3000.0
kata1-b6c96-s37368064-d5536083,22,3003.156256264692,2835.7513746637446,3170.561137865639,2990.0846228175806,13.071633447111253,2,a5803f8a5d9d87202b43d709cb328cedaf18c446af448f705c33d553e8c2e9f7,5170ec511fb50cdf10d648416d508574d70e9781ddf156a1b2a86d2b385e94dc,100,1729,maximum_information_gain,2000.0,3000.0
kata1-b6c96-s37368064-d5536083,24,3004.3225051046497,2845.6922111250215,3162.952799084278,2990.0846228175806,14.23788228706917,2,a5803f8a5d9d87202b43d709cb328cedaf18c446af448f705c33d553e8c2e9f7,5170ec511fb50cdf10d648416d508574d70e9781ddf156a1b2a86d2b385e94dc,100,1729,maximum_information_gain,2000.0,3000.0
kata1-b6c96-s37368064-d5536083,26,3005.2678682321616,2854.1038765628623,3156.431859901461,2990.0846228175806,15.183245414581052,2,a5803f8a5d9d87202b43d709cb328cedaf18c446af448f705c33d553e8c2e9f7,5170ec511fb50cdf10d648416d508574d70e9781ddf156a1b2a86d2b385e94dc,100,1729,maximum_information_gain,2000.0,3000.0
kata1-b6c96-s37368064-d5536083,28,3006.04722472111,2861.335667977636,3150.758781464584,2990.0846228175806,15.962601903529503,2,a5803f8a5d9d87202b43d709cb328cedaf18c446af448f705c33d553e8c2e9f7,5170ec511fb50cdf10d648416d508574d70e9781ddf156a1b2a86d2b385e94dc,100,1729,maximum_information_gain,2000.0,3000.0
kata1-b6c96-s37368064-d5536083,30,3034.3199191182116,2895.434515794605,3173.205322441818,2990.0846228175806,44.235296300631035,2,a5803f8a5d9d87202b43d709cb328cedaf18c446af448f705c33d553e8c2e9f7,5170ec511fb50cdf10d648416d508574d70e9781ddf156a1b2a86d2b385e94dc,100,1729,maximum_information_gain,2000.0,3000.0
kata1-b6c96-s37368064-d5536083,32,3047.3901120672012,2913.3519878227803,3181.428236311622,2990.0846228175806,57.30548924962068,2,a5803f8a5d9d87202b43d709cb328cedaf18c446af448f705c33d553e8c2e9f7,5170ec511fb50cdf10d648416d508574d70e9781ddf156a1b2a86d2b385e94dc,100,1729,maximum_information_gain,2000.0,3000.0
kata1-b6c96-s37368064-d5536083,34,3036.582092571907,2907.1301478249184,3166.034037318896,2990.0846228175806,46.49746975432663,2,a5803f8a5d9d87202b43d709cb328cedaf18c446af448f705c33d553e8c2e9f7,5170ec511fb50cdf10d648416d508574d70e9781ddf156a1b2a86d2b385e94dc,100,1729,maximum_information_gain,2000.0,3000.0
kata1-b6c96-s37368064-d5536083,36,3036.641478442187,2911.2056072163186,3162.077349668055,2990.0846228175806,46.556855624606214,2,a5803f8a5d9d87202b43d709cb328cedaf18c446af448f705c33d553e8c2e9f7,5170ec511fb50cdf10d648416d508574d70e9781ddf156a1b2a86d2b385e94dc,100,1729,maximum_information_gain,2000.0,3000.0
kata1-b6c96-s37368064-d5536083,38,3026.213572633849,2904.407674190884,3148.0194710768137,2990.0846228175806,36.12894981626823,2,a5803f8a5d9d87202b43d709cb328cedaf18c446af448f705c33d553e8c2e9f7,5170ec511fb50cdf10d648416d508574d70e9781ddf156a1b2a86d2b385e94dc,100,1729,maximum_information_gain,2000.0,3000.0
kata1-b6c96-s37368064-d5536083,40,3026.8617303958317,2908.366935142665,3145.3565256489983,2990.0846228175806,36.77710757825116,2,a5803f8a5d9d87202b43d709cb328cedaf18c446af448f705c33d553e8c2e9f7,5170ec511fb50cdf10d648416d508574d70e9781ddf156a1b2a86d2b385e94dc,100,1729,maximum_information_gain,2000.0,3000.0
kata1-b6c96-s37368064-d5536083,42,3007.4398852991612,2891.7590943067657,3123.1206762915567,2990.0846228175806,17.355262481580667,2,a5803f8a5d9d87202b43d709cb328cedaf18c446af448f705c33d553e8c2e9f7,5170ec511fb50cdf10d648416d508574d70e9781ddf156a1b2a86d2b385e94dc,100,1729,maximum_information_gain,2000.0,3000.0
kata1-b6c96-s37368064-d5536083,44,3025.561975980797,2912.8871335999015,3138.2368183616923,2990.0846228175806,35.47735316321632,2,a5803f8a5d9d87202b43d709cb328cedaf18c446af448f705c33d553e8c2e9f7,5170ec511fb50cdf10d648416d508574d70e9781ddf156a1b2a86d2b385e94dc,100,1729,maximum_information_gain,2000.0,3000.0
kata1-b6c96-s37368064-d5536083,46,3009.242143465152,2898.9807902041593,3119.5034967261445,2990.0846228175806,19.157520647571346,2,a5803f8a5d9d87202b43d709cb328cedaf18c446af448f705c33d553e8c2e9f7,5170ec511fb50cdf10d648416d508574d70e9781ddf156a1b2a86d2b385e94dc,100,1729,maximum_information_gain,2000.0,3000.0
kata1-b6c96-s37368064-d5536083,48,3009.46608260039,2901.6177040866028,3117.3144611141774,2990.0846228175806,19.381459782809543,2,a5803f8a5d9d87202b43d709cb328cedaf18c446af448f705c33d553e8c2e9f7,5170ec511fb50cdf10d648416d508574d70e9781ddf156a1b2a86d2b385e94dc,100,1729,maximum_information_gain,2000.0,3000.0
kata1-b6c96-s37368064-d5536083,50,3009.6700446858517,2904.066121100151,3115.2739682715523,2990.0846228175806,19.58542186827117,2,a5803f8a5d9d87202b43d709cb328cedaf18c446af448f705c33d553e8c2e9f7,5170ec511fb50cdf10d648416d508574d70e9781ddf156a1b2a86d2b385e94dc,100,1729,maximum_information_gain,2000.0,3000.0
kata1-b6c96-s37368064-d5536083,52,2995.050742983905,2891.263053536366,3098.838432431444,2990.0846228175806,4.966120166324345,2,a5803f8a5d9d87202b43d709cb328cedaf18c446af448f705c33d553e8c2e9f7,5170ec511fb50cdf10d648416d508574d70e9781ddf156a1b2a86d2b385e94dc,100,1729,maximum_information_gain,2000.0,3000.0
kata1-b6c96-s37368064-d5536083,54,2993.140177518951,2891.2828313377786,3094.9975237001236,2990.0846228175806,3.055554701370511,2,a5803f8a5d9d87202b43d709cb328cedaf18c446af448f705c33d553e8c2e9f7,5170ec511fb50cdf10d648416d508574d70e9781ddf156a1b2a86d2b385e94dc,100,1729,maximum_information_gain,2000.0,3000.0
kata1-b6c96-s37368064-d5536083,56,3005.153066278282,2905.3385828285573,3104.967549728007,2990.0846228175806,15.068443460701474,2,a5803f8a5d9d87202b43d709cb328cedaf18c446af448f705c33d553e8c2e9f7,5170ec511fb50cdf10d648416d508574d70e9781ddf156a1b2a86d2b385e94dc,100,1729,maximum_information_gain,2000.0,3000.0
kata1-b6c96-s37368064-d5536083,58,2992.3404126555597,2894.0638687148744,3090.616956596245,2990.0846228175806,2.255789837979137,2,a5803f8a5d9d87202b43d709cb328cedaf18c446af448f705c33d553e8c2e9f7,5170ec511fb50cdf10d648416d508574d70e9781ddf156a1b2a86d2b385e94dc,100,1729,maximum_information_gain,2000.0,3000.0
kata1-b6c96-s37368064-d5536083,60,3003.507101290868,2907.0337033619535,3099.9804992197824,2990.0846228175806,13.422478473287356,2,a5803f8a5d9d87202b43d709cb328cedaf18c446af448f705c33d553e8c2e9f7,5170ec511fb50cdf10d648416d508574d70e9781ddf156a1b2a86d2b385e94dc,100,1729,maximum_information_gain,2000.0,3000.0
kata1-b6c96-s37368064-d5536083,62,3003.892897879481,2908.974611774449,3098.8111839845133,2990.0846228175806,13.808275061900531,2,a5803f8a5d9d87202b43d709cb328cedaf18c446af448f705c33d553e8c2e9f7,5170ec511fb50cdf10d648416d508574d70e9781ddf156a1b2a86d2b385e94dc,100,1729,maximum_information_gain,2000.0,3000.0
kata1-b6c96-s37368064-d5536083,64,3004.250647616681,2910.8038974828523,3097.6973977505095,2990.0846228175806,14.166024799100342,2,a5803f8a5d9d87202b43d709cb328cedaf18c446af448f705c33d553e8c2e9f7,5170ec511fb50cdf10d648416d508574d70e9781ddf156a1b2a86d2b385e94dc,100,1729,maximum_information_gain,2000.0,3000.0
kata1-b6c96-s37368064-d5536083,66,3004.5862568919974,2912.534379694105,3096.6381340898897,2990.0846228175806,14.50163407441687,2,a5803f8a5d9d87202b43d709cb328cedaf18c446af448f705c33d553e8c2e9f7,5170ec511fb50cdf10d648416d508574d70e9781ddf156a1b2a86d2b385e94dc,100,1729,maximum_information_gain,2000.0,3000.0
kata1-b6c96-s37368064-d5536083,68,3005.6418011028927,2914.9214508516475,3096.362151354138,2990.0846228175806,15.557178285312148,2,a5803f8a5d9d87202b43d709cb328cedaf18c446af448f705c33d553e8c2e9f7,5170ec511fb50cdf10d648416d508574d70e9781ddf156a1b2a86d2b385e94dc,100,1729,maximum_information_gain,2000.0,3000.0
kata1-b6c96-s37368064-d5536083,70,2995.197858582868,2905.6164818297293,3084.7792353360064,2990.0846228175806,5.1132357652873,2,a5803f8a5d9d87202b43d709cb328cedaf18c446af448f705c33d553e8c2e9f7,5170ec511fb50cdf10d648416d508574d70e9781ddf156a1b2a86d2b385e94dc,100,1729,maximum_information_gain,2000.0,3000.0
kata1-b6c96-s37368064-d5536083,72,2993.7837667975236,2905.390153113648,3082.1773804813993,2990.0846228175806,3.6991439799430736,2,a5803f8a5d9d87202b43d709cb328cedaf18c446af448f705c33d553e8c2e9f7,5170ec511fb50cdf10d648416d508574d70e9781ddf156a1b2a86d2b385e94dc,100,1729,maximum_information_gain,2000.0,3000.0
kata1-b6c96-s37368064-d5536083,74,3002.6474952626954,2915.4925868237083,3089.8024037016826,2990.0846228175806,12.562872445114863,2,a5803f8a5d9d87202b43d709cb328cedaf18c446af448f705c33d553e8c2e9f7,5170ec511fb50cdf10d648416d508574d70e9781ddf156a1b2a86d2b385e94dc,100,1729,maximum_information_gain,2000.0,3000.0
kata1-b6c96-s37368064-d5536083,76,2993.165534933191,2907.012808949935,3079.318260916447,2990.0846228175806,3.0809121156103174,2,a5803f8a5d9d87202b43d709cb328cedaf18c446af448f705c33d553e8c2e9f7,5170ec511fb50cdf10d648416d508574d70e9781ddf156a1b2a86d2b385e94dc,100,1729,maximum_information_gain,2000.0,3000.0
kata1-b6c96-s37368064-d5536083,78,2991.9205544083616,2906.8087491059964,3077.0323597107267,2990.0846228175806,1.8359315907810014,2,a5803f8a5d9d87202b43d709cb328cedaf18c446af448f705c33d553e8c2e9f7,5170ec511fb50cdf10d648416d508574d70e9781ddf156a1b2a86d2b385e94dc,100,1729,maximum_information_gain,2000.0,3000.0
kata1-b6c96-s37368064-d5536083,80,2990.74008899661,2906.6272170234934,3074.852960969727,2990.0846228175806,0.655466179029645,2,a5803f8a5d9d87202b43d709cb328cedaf18c446af448f705c33d553e8c2e9f7,5170ec511fb50cdf10d648416d508574d70e9781ddf156a1b2a86d2b385e94dc,100,1729,maximum_information_gain,2000.0,3000.0
kata1-b6c96-s37368064-d5536083,82,2998.759159603351,2915.681852422108,3081.8364667845935,2990.0846228175806,8.674536785770215,2,a5803f8a5d9d87202b43d709cb328cedaf18c446af448f705c33d553e8c2e9f7,5170ec511fb50cdf10d648416d508574d70e9781ddf156a1b2a86d2b385e94dc,100,1729,maximum_information_gain,2000.0,3000.0
kata1-b6c96-s37368064-d5536083,84,2990.3285527482008,2908.1083219031952,3072.5487835932063,2990.0846228175806,0.2439299306201974,2,a5803f8a5d9d87202b43d709cb328cedaf18c446af448f705c33d553e8c2e9f7,5170ec511fb50cdf10d648416d508574d70e9781ddf156a1b2a86d2b385e94dc,100,1729,maximum_information_gain,2000.0,3000.0
kata1-b6c96-s37368064-d5536083,86,2989.2728659760223,2907.9388825031115,3070.606849448933,2990.0846228175806,-0.8117568415582355,2,a5803f8a5d9d87202b43d709cb328cedaf18c446af448f705c33d553e8c2e9f7,5170ec511fb50cdf10d648416d508574d70e9781ddf156a1b2a86d2b385e94dc,100,1729,maximum_information_gain,2000.0,3000.0
kata1-b6c96-s37368064-d5536083,88,2979.772532033232,2899.190978407165,3060.354085659299,2990.0846228175806,-10.312090784348584,2,a5803f8a5d9d87202b43d709cb328cedaf18c446af448f705c33d553e8c2e9f7,5170ec511fb50cdf10d648416d508574d70e9781ddf156a1b2a86d2b385e94dc,100,1729,maximum_information_gain,2000.0,3000.0
kata1-b6c96-s37368064-d5536083,90,2979.0187540545176,2899.265944680056,3058.7715634289793,2990.0846228175806,-11.065868763063008,2,a5803f8a5d9d87202b43d709cb328cedaf18c446af448f705c33d553e8c2e9f7,5170ec511fb50cdf10d648416d508574d70e9781ddf156a1b2a86d2b385e94dc,100,1729,maximum_information_gain,2000.0,3000.0
kata1-b6c96-s37368064-d5536083,92,2986.39861468712,2907.5338520631913,3065.2633773110483,2990.0846228175806,-3.6860081304607775,2,a5803f8a5d9d87202b43d709cb328cedaf18c446af448f705c33d553e8c2e9f7,5170ec511fb50cdf10d648416d508574d70e9781ddf156a1b2a86d2b385e94dc,100,1729,maximum_information_gain,2000.0,3000.0
kata1-b6c96-s37368064-d5536083,94,2993.4272054836188,2915.3792841507293,3071.4751268165082,2990.0846228175806,3.342582666038197,2,a5803f8a5d9d87202b43d709cb328cedaf18c446af448f705c33d553e8c2e9f7,5170ec511fb50cdf10d648416d508574d70e9781ddf156a1b2a86d2b385e94dc,100,1729,maximum_information_gain,2000.0,3000.0
kata1-b6c96-s37368064-d5536083,96,2986.214720619344,2908.8614921245007,3063.5679491141873,2990.0846228175806,-3.8699021982365593,2,a5803f8a5d9d87202b43d709cb328cedaf18c446af448f705c33d553e8c2e9f7,5170ec511fb50cdf10d648416d508574d70e9781ddf156a1b2a86d2b385e94dc,100,1729,maximum_information_gain,2000.0,3000.0
kata1-b6c96-s37368064-d5536083,98,2992.9407143171925,2916.3472817973534,3069.5341468370316,2990.0846228175806,2.856091499611921,2,a5803f8a5d9d87202b43d709cb328cedaf18c446af448f705c33d553e8c2e9f7,5170ec511fb50cdf10d648416d508574d70e9781ddf156a1b2a86d2b385e94dc,100,1729,maximum_information_gain,2000.0,3000.0
kata1-b6c96-s37368064-d5536083,100,2986.046794214874,2910.103848594892,3061.9897398348558,2990.0846228175806,-4.037828602706668,2,a5803f8a5d9d87202b43d709cb328cedaf18c446af448f705c33d553e8c2e9f7,5170ec511fb50cdf10d648416d508574d70e9781ddf156a1b2a86d2b385e94dc,100,1729,maximum_information_gain,2000.0,3000.0
kata1-b6c96-s48921344-d7092247,2,2847.8392318950223,414.5752028136476,5281.103260976397,3111.9717247863114,-264.1324928912891,2,a5803f8a5d9d87202b43d709cb328cedaf18c446af448f705c33d553e8c2e9f7,5170ec511fb50cdf10d648416d508574d70e9781ddf156a1b2a86d2b385e94dc,100,1729,maximum_information_gain,2000.0,3000.0
kata1-b6c96-s48921344-d7092247,4,3024.1824151615942,2478.838058903543,3569.5267714196457,3111.9717247863114,-87.78930962471713,2,a5803f8a5d9d87202b43d709cb328cedaf18c446af448f705c33d553e8c2e9f7,5170ec511fb50cdf10d648416d508574d70e9781ddf156a1b2a86d2b385e94dc,100,1729,maximum_information_gain,2000.0,3000.0
kata1-b6c96-s48921344-d7092247,6,3021.3628201041197,2660.097839820279,3382.62780038796,3111.9717247863114,-90.60890468219168,2,a5803f8a5d9d87202b43d709cb328cedaf18c446af448f705c33d553e8c2e9f7,5170ec511fb50cdf10d648416d508574d70e9781ddf156a1b2a86d2b385e94dc,100,1729,maximum_information_gain,2000.0,3000.0
kata1-b6c96-s48921344-d7092247,8,3157.482565246154,2831.6797375504843,3483.285392941824,3111.9717247863114,45.51084045984271,2,a5803f8a5d9d87202b43d709cb328cedaf18c446af448f705c33d553e8c2e9f7,5170ec511fb50cdf10d648416d508574d70e9781ddf156a1b2a86d2b385e94dc,100,1729,maximum_information_gain,2000.0,3000.0
kata1-b6c96-s48921344-d7092247,10,3281.0843471301546,2965.395255893655,3596.7734383666543,3111.9717247863114,169.1126223438432,2,a5803f8a5d9d87202b43d709cb328cedaf18c446af448f705c33d553e8c2e9f7,5170ec511fb50cdf10d648416d508574d70e9781ddf156a1b2a86d2b385e94dc,100,1729,maximum_information_gain,2000.0,3000.0
kata1-b6c96-s48921344-d7092247,12,3185.302255877925,2941.758149477758,3428.846362278092,3111.9717247863114,73.33053109161347,2,a5803f8a5d9d87202b43d709cb328cedaf18c446af448f705c33d553e8c2e9f7,5170ec511fb50cdf10d648416d508574d70e9781ddf156a1b2a86d2b385e94dc,100,1729,maximum_information_gain,2000.0,3000.0
kata1-b6c96-s48921344-d7092247,14,3184.6575048763543,2966.7152854630526,3402.599724289656,3111.9717247863114,72.68578009004295,2,a5803f8a5d9d87202b43d709cb328cedaf18c446af448f705c33d553e8c2e9f7,5170ec511fb50cdf10d648416d508574d70e9781ddf156a1b2a86d2b385e94dc,100,1729,maximum_information_gain,2000.0,3000.0
kata1-b6c96-s48921344-d7092247,16,3128.394614496519,2931.9809730347574,3324.8082559582804,3111.9717247863114,16.422889710207528,2,a5803f8a5d9d87202b43d709cb328cedaf18c446af448f705c33d553e8c2e9f7,5170ec511fb50cdf10d648416d508574d70e9781ddf156a1b2a86d2b385e94dc,100,1729,maximum_information_gain,2000.0,3000.0
kata1-b6c96-s48921344-d7092247,18,3078.7833058607566,2895.7565171106057,3261.8100946109075,3111.9717247863114,-33.18841892555474,2,a5803f8a5d9d87202b43d709cb328cedaf18c446af448f705c33d553e8c2e9f7,5170ec511fb50cdf10d648416d508574d70e9781ddf156a1b2a86d2b385e94dc,100,1729,maximum_information_gain,2000.0,3000.0
kata1-b6c96-s48921344-d7092247,20,3100.6346955766753,2929.4489831571964,3271.8204079961542,3111.9717247863114,-11.337029209636057,2,a5803f8a5d9d87202b43d709cb328cedaf18c446af448f705c33d553e8c2e9f7,5170ec511fb50cdf10d648416d508574d70e9781ddf156a1b2a86d2b385e94dc,100,1729,maximum_information_gain,2000.0,3000.0
kata1-b6c96-s48921344-d7092247,22,3102.635372815181,2940.8141178890414,3264.456627741321,3111.9717247863114,-9.33635197113017,2,a5803f8a5d9d87202b43d709cb328cedaf18c446af448f705c33d553e8c2e9f7,5170ec511fb50cdf10d648416d508574d70e9781ddf156a1b2a86d2b385e94dc,100,1729,maximum_information_gain,2000.0,3000.0
kata1-b6c96-s48921344-d7092247,24,3104.239349639168,2950.3369371941053,3258.1417620842303,3111.9717247863114,-7.732375147143557,2,a5803f8a5d9d87202b43d709cb328cedaf18c446af448f705c33d553e8c2e9f7,5170ec511fb50cdf10d648416d508574d70e9781ddf156a1b2a86d2b385e94dc,100,1729,maximum_information_gain,2000.0,3000.0
kata1-b6c96-s48921344-d7092247,26,3074.537066684605,2926.771112841393,3222.3030205278174,3111.9717247863114,-37.43465810170619,2,a5803f8a5d9d87202b43d709cb328cedaf18c446af448f705c33d553e8c2e9f7,5170ec511fb50cdf10d648416d508574d70e9781ddf156a1b2a86d2b385e94dc,100,1729,maximum_information_gain,2000.0,3000.0
kata1-b6c96-s48921344-d7092247,28,3045.02361659006,2901.959753582343,3188.087479597777,3111.9717247863114,-66.94810819625127,2,a5803f8a5d9d87202b43d709cb328cedaf18c446af448f705c33d553e8c2e9f7,5170ec511fb50cdf10d648416d508574d70e9781ddf156a1b2a86d2b385e94dc,100,1729,maximum_information_gain,2000.0,3000.0
kata1-b6c96-s48921344-d7092247,30,3016.908628375757,2877.5115807368124,3156.3056760147015,3111.9717247863114,-95.06309641055441,2,a5803f8a5d9d87202b43d709cb328cedaf18c446af448f705c33d553e8c2e9f7,5170ec511fb50cdf10d648416d508574d70e9781ddf156a1b2a86d2b385e94dc,100,1729,maximum_information_gain,2000.0,3000.0
kata1-b6c96-s48921344-d7092247,32,3042.5603073094844,2909.6953333523943,3175.4252812665745,3111.9717247863114,-69.41141747682695,2,a5803f8a5d9d87202b43d709cb328cedaf18c446af448f705c33d553e8c2e9f7,5170ec511fb50cdf10d648416d508574d70e9781ddf156a1b2a86d2b385e94dc,100,1729,maximum_information_gain,2000.0,3000.0
kata1-b6c96-s48921344-d7092247,34,3042.2335797931,2913.719906978742,3170.747252607458,3111.9717247863114,-69.73814499321134,2,a5803f8a5d9d87202b43d709cb328cedaf18c446af448f705c33d553e8c2e9f7,5170ec511fb50cdf10d648416d508574d70e9781ddf156a1b2a86d2b385e94dc,100,1729,maximum_information_gain,2000.0,3000.0
kata1-b6c96-s48921344-d7092247,36,3063.8451299520702,2939.877607342688,3187.8126525614525,3111.9717247863114,-48.12659483424113,2,a5803f8a5d9d87202b43d709cb328cedaf18c446af448f705c33d553e8c2e9f7,5170ec511fb50cdf10d648416d508574d70e9781ddf156a1b2a86d2b385e94dc,100,1729,maximum_information_gain,2000.0,3000.0
kata1-b6c96-s48921344-d7092247,38,3064.028069584392,2943.5904057275243,3184.46573344126,3111.9717247863114,-47.94365520191923,2,a5803f8a5d9d87202b43d709cb328cedaf18c446af448f705c33d553e8c2e9f7,5170ec511fb50cdf10d648416d508574d70e9781ddf156a1b2a86d2b385e94dc,100,1729,maximum_information_gain,2000.0,3000.0
kata1-b6c96-s48921344-d7092247,40,3064.388657873856,2947.175126468778,3181.602189278934,3111.9717247863114,-47.58306691245525,2,a5803f8a5d9d87202b43d709cb328cedaf18c446af448f705c33d553e8c2e9f7,5170ec511fb50cdf10d648416d508574d70e9781ddf156a1b2a86d2b385e94dc,100,1729,maximum_information_gain,2000.0,3000.0
kata1-b6c96-s48921344-d7092247,42,3082.8414014043224,2968.7302872176992,3196.9525155909455,3111.9717247863114,-29.130323381989,2,a5803f8a5d9d87202b43d709cb328cedaf18c446af448f705c33d553e8c2e9f7,5170ec511fb50cdf10d648416d508574d70e9781ddf156a1b2a86d2b385e94dc,100,1729,maximum_information_gain,2000.0,3000.0
kata1-b6c96-s48921344-d7092247,44,3100.20921339392,2988.7107272407234,3211.7076995471166,3111.9717247863114,-11.762511392391389,2,a5803f8a5d9d87202b43d709cb328cedaf18c446af448f705c33d553e8c2e9f7,5170ec511fb50cdf10d648416d508574d70e9781ddf156a1b2a86d2b385e94dc,100,1729,maximum_information_gain,2000.0,3000.0
kata1-b6c96-s48921344-d7092247,46,3099.3454560325454,2990.364585769678,3208.326326295413,3111.9717247863114,-12.626268753765999,2,a5803f8a5d9d87202b43d709cb328cedaf18c446af448f705c33d553e8c2e9f7,5170ec511fb50cdf10d648416d508574d70e9781ddf156a1b2a86d2b385e94dc,100,1729,maximum_information_gain,2000.0,3000.0
kata1-b6c96-s48921344-d7092247,48,3100.234324694299,2993.573679794881,3206.894969593717,3111.9717247863114,-11.737400092012194,2,a5803f8a5d9d87202b43d709cb328cedaf18c446af448f705c33d553e8c2e9f7,5170ec511fb50cdf10d648416d508574d70e9781ddf156a1b2a86d2b385e94dc,100,1729,maximum_information_gain,2000.0,3000.0
kata1-b6c96-s48921344-d7092247,50,3116.377296144393,3011.6505032669083,3221.1040890218774,3111.9717247863114,4.405571358081488,2,a5803f8a5d9d87202b43d709cb328cedaf18c446af448f705c33d553e8c2e9f7,5170ec511fb50cdf10d648416d508574d70e9781ddf156a1b2a86d2b385e94dc,100,1729,maximum_information_gain,2000.0,3000.0
kata1-b6c96-s48921344-d7092247,52,3116.617976187588,3013.940208029305,3219.295744345871,3111.9717247863114,4.646251401276459,2,a5803f8a5d9d87202b43d709cb328cedaf18c446af448f705c33d553e8c2e9f7,5170ec511fb50cdf10d648416d508574d70e9781ddf156a1b2a86d2b385e94dc,100,1729,maximum_information_gain,2000.0,3000.0
kata1-b6c96-s48921344-d7092247,54,3130.7345568645505,3029.655697844111,3231.8134158849903,3111.9717247863114,18.76283207823917,2,a5803f8a5d9d87202b43d709cb328cedaf18c446af448f705c33d553e8c2e9f7,5170ec511fb50cdf10d648416d508574d70e9781ddf156a1b2a86d2b385e94dc,100,1729,maximum_information_gain,2000.0,3000.0
kata1-b6c96-s48921344-d7092247,56,3145.118656945752,3045.430257711591,3244.8070561799127,3111.9717247863114,33.14693215944044,2,a5803f8a5d9d87202b43d709cb328cedaf18c446af448f705c33d553e8c2e9f7,5170ec511fb50cdf10d648416d508574d70e9781ddf156a1b2a86d2b385e94dc,100,1729,maximum_information_gain,2000.0,3000.0
kata1-b6c96-s48921344-d7092247,58,3132.1955349844316,3034.6318375040228,3229.7592324648404,3111.9717247863114,20.22381019812019,2,a5803f8a5d9d87202b43d709cb328cedaf18c446af448f705c33d553e8c2e9f7,5170ec511fb50cdf10d648416d508574d70e9781ddf156a1b2a86d2b385e94dc,100,1729,maximum_information_gain,2000.0,3000.0
kata1-b6c96-s48921344-d7092247,60,3131.8325490361085,3035.902877653718,3227.762220418499,3111.9717247863114,19.860824249797133,2,a5803f8a5d9d87202b43d709cb328cedaf18c446af448f705c33d553e8c2e9f7,5170ec511fb50cdf10d648416d508574d70e9781ddf156a1b2a86d2b385e94dc,100,1729,maximum_information_gain,2000.0,3000.0
kata1-b6c96-s48921344-d7092247,62,3120.5195525380286,3026.3274538864157,3214.7116511896415,3111.9717247863114,8.54782775171725,2,a5803f8a5d9d87202b43d709cb328cedaf18c446af448f705c33d553e8c2e9f7,5170ec511fb50cdf10d648416d508574d70e9781ddf156a1b2a86d2b385e94dc,100,1729,maximum_information_gain,2000.0,3000.0
kata1-b6c96-s48921344-d7092247,64,3108.9332628570965,3016.3003368815935,3201.5661888325994,3111.9717247863114,-3.038461929214918,2,a5803f8a5d9d87202b43d709cb328cedaf18c446af448f705c33d553e8c2e9f7,5170ec511fb50cdf10d648416d508574d70e9781ddf156a1b2a86d2b385e94dc,100,1729,maximum_information_gain,2000.0,3000.0
kata1-b6c96-s48921344-d7092247,66,3098.0034075563226,3006.7600664922,3189.246748620445,3111.9717247863114,-13.96831722998877,2,a5803f8a5d9d87202b43d709cb328cedaf18c446af448f705c33d553e8c2e9f7,5170ec511fb50cdf10d648416d508574d70e9781ddf156a1b2a86d2b385e94dc,100,1729,maximum_information_gain,2000.0,3000.0
kata1-b6c96-s48921344-d7092247,68,3097.504799524537,3007.559362934205,3187.4502361148684,3111.9717247863114,-14.466925261774577,2,a5803f8a5d9d87202b43d709cb328cedaf18c446af448f705c33d553e8c2e9f7,5170ec511fb50cdf10d648416d508574d70e9781ddf156a1b2a86d2b385e94dc,100,1729,maximum_information_gain,2000.0,3000.0
kata1-b6c96-s48921344-d7092247,70,3086.087606127168,2997.3355352344197,3174.839677019916,3111.9717247863114,-25.884118659143496,2,a5803f8a5d9d87202b43d709cb328cedaf18c446af448f705c33d553e8c2e9f7,5170ec511fb50cdf10d648416d508574d70e9781ddf156a1b2a86d2b385e94dc,100,1729,maximum_information_gain,2000.0,3000.0
kata1-b6c96-s48921344-d7092247,72,3075.3370492547206,2987.6649287756686,3163.0091697337725,3111.9717247863114,-36.6346755315908,2,a5803f8a5d9d87202b43d709cb328cedaf18c446af448f705c33d553e8c2e9f7,5170ec511fb50cdf10d648416d508574d70e9781ddf156a1b2a86d2b385e94dc,100,1729,maximum_information_gain,2000.0,3000.0
kata1-b6c96-s48921344-d7092247,74,3065.0534641036893,2978.362507022993,3151.7444211843854,3111.9717247863114,-46.918260682622076,2,a5803f8a5d9d87202b43d709cb328cedaf18c446af448f705c33d553e8c2e9f7,5170ec511fb50cdf10d648416d508574d70e9781ddf156a1b2a86d2b385e94dc,100,1729,maximum_information_gain,2000.0,3000.0
kata1-b6c96-s48921344-d7092247,76,3065.21898667402,2979.6257349431708,3150.8122384048693,3111.9717247863114,-46.752738112291354,2,a5803f8a5d9d87202b43d709cb328cedaf18c446af448f705c33d553e8c2e9f7,5170ec511fb50cdf10d648416d508574d70e9781ddf156a1b2a86d2b385e94dc,100,1729,maximum_information_gain,2000.0,3000.0
kata1-b6c96-s48921344-d7092247,78,3074.744166947987,2990.332905761582,3159.1554281343924,3111.9717247863114,-37.227557838324174,2,a5803f8a5d9d87202b43d709cb328cedaf18c446af448f705c33d553e8c2e9f7,5170ec511fb50cdf10d648416d508574d70e9781ddf156a1b2a86d2b385e94dc,100,1729,maximum_information_gain,2000.0,3000.0
kata1-b6c96-s48921344-d7092247,80,3070.035210673467,2986.56446516056,3153.5059561863745,3111.9717247863114,-41.93651411284418,2,a5803f8a5d9d87202b43d709cb328cedaf18c446af448f705c33d553e8c2e9f7,5170ec511fb50cdf10d648416d508574d70e9781ddf156a1b2a86d2b385e94dc,100,1729,maximum_information_gain,2000.0,3000.0
kata1-b6c96-s48921344-d7092247,82,3078.916655323304,2996.497680086432,3161.335630560176,3111.9717247863114,-33.055069463007385,2,a5803f8a5d9d87202b43d709cb328cedaf18c446af448f705c33d553e8c2e9f7,5170ec511fb50cdf10d648416d508574d70e9781ddf156a1b2a86d2b385e94dc,100,1729,maximum_information_gain,2000.0,3000.0
kata1-b6c96-s48921344-d7092247,84,3083.085996684926,3001.6108045618153,3164.561188808037,3111.9717247863114,-28.88572810138521,2,a5803f8a5d9d87202b43d709cb328cedaf18c446af448f705c33d553e8c2e9f7,5170ec511fb50cdf10d648416d508574d70e9781ddf156a1b2a86d2b385e94dc,100,1729,maximum_information_gain,2000.0,3000.0
kata1-b6c96-s48921344-d7092247,86,3083.0605156348156,3002.466063557987,3163.654967711644,3111.9717247863114,-28.91120915149577,2,a5803f8a5d9d87202b43d709cb328cedaf18c446af448f705c33d553e8c2e9f7,5170ec511fb50cdf10d648416d508574d70e9781ddf156a1b2a86d2b385e94dc,100,1729,maximum_information_gain,2000.0,3000.0
kata1-b6c96-s48921344-d7092247,88,3091.3342854553894,3011.608349970642,3171.060220940137,3111.9717247863114,-20.637439330922007,2,a5803f8a5d9d87202b43d709cb328cedaf18c446af448f705c33d553e8c2e9f7,5170ec511fb50cdf10d648416d508574d70e9781ddf156a1b2a86d2b385e94dc,100,1729,maximum_information_gain,2000.0,3000.0
kata1-b6c96-s48921344-d7092247,90,3098.9725265319717,3020.04502258436,3177.900030479583,3111.9717247863114,-12.999198254339717,2,a5803f8a5d9d87202b43d709cb328cedaf18c446af448f705c33d553e8c2e9f7,5170ec511fb50cdf10d648416d508574d70e9781ddf156a1b2a86d2b385e94dc,100,1729,maximum_information_gain,2000.0,3000.0
kata1-b6c96-s48921344-d7092247,92,3099.424707816229,3021.2791976850144,3177.5702179474433,3111.9717247863114,-12.547016970082495,2,a5803f8a5d9d87202b43d709cb328cedaf18c446af448f705c33d553e8c2e9f7,5170ec511fb50cdf10d648416d508574d70e9781ddf156a1b2a86d2b385e94dc,100,1729,maximum_information_gain,2000.0,3000.0
kata1-b6c96-s48921344-d7092247,94,3107.6924977752674,3030.2589046520015,3185.126090898533,3111.9717247863114,-4.279227011043986,2,a5803f8a5d9d87202b43d709cb328cedaf18c446af448f705c33d553e8c2e9f7,5170ec511fb50cdf10d648416d508574d70e9781ddf156a1b2a86d2b385e94dc,100,1729,maximum_information_gain,2000.0,3000.0
kata1-b6c96-s48921344-d7092247,96,3108.00635147427,3031.30350579862,3184.7091971499203,3111.9717247863114,-3.9653733120412653,2,a5803f8a5d9d87202b43d709cb328cedaf18c446af448f705c33d553e8c2e9f7,5170ec511fb50cdf10d648416d508574d70e9781ddf156a1b2a86d2b385e94dc,100,1729,maximum_information_gain,2000.0,3000.0
kata1-b6c96-s48921344-d7092247,98,3108.2380508725223,3032.2416536587148,3184.23444808633,3111.9717247863114,-3.7336739137890618,2,a5803f8a5d9d87202b43d709cb328cedaf18c446af448f705c33d553e8c2e9f7,5170ec511fb50cdf10d648416d508574d70e9781ddf156a1b2a86d2b385e94dc,100,1729,maximum_information_gain,2000.0,3000.0
kata1-b6c96-s48921344-d7092247,100,3115.8043131966842,3040.427883439917,3191.1807429534515,3111.9717247863114,3.832588410372864,2,a5803f8a5d9d87202b43d709cb328cedaf18c446af448f705c33d553e8c2e9f7,5170ec511fb50cdf10d648416d508574d70e9781ddf156a1b2a86d2b385e94dc,100,1729,maximum_information_gain,2000.0,3000.0
kata1-b6c96-s69427456-d10051148,2,2847.8755116776097,414.6591358525893,5281.09188750263,3199.869225099218,-351.9937134216084,2,a5803f8a5d9d87202b43d709cb328cedaf18c446af448f705c33d553e8c2e9f7,5170ec511fb50cdf10d648416d508574d70e9781ddf156a1b2a86d2b385e94dc,100,1729,maximum_information_gain,2000.0,3000.0
kata1-b6c96-s69427456-d10051148,4,3567.0982332506665,1696.8957679339085,5437.300698567425,3199.869225099218,367.2290081514484,2,a5803f8a5d9d87202b43d709cb328cedaf18c446af448f705c33d553e8c2e9f7,5170ec511fb50cdf10d648416d508574d70e9781ddf156a1b2a86d2b385e94dc,100,1729,maximum_information_gain,2000.0,3000.0
kata1-b6c96-s69427456-d10051148,6,3192.98457971864,2653.30472681114,3732.66443262614,3199.869225099218,-6.884645380578149,2,a5803f8a5d9d87202b43d709cb328cedaf18c446af448f705c33d553e8c2e9f7,5170ec511fb50cdf10d648416d508574d70e9781ddf156a1b2a86d2b385e94dc,100,1729,maximum_information_gain,2000.0,3000.0
kata1-b6c96-s69427456-d10051148,8,2995.6234710626754,2628.2772922654294,3362.9696498599214,3199.869225099218,-204.24575403654262,2,a5803f8a5d9d87202b43d709cb328cedaf18c446af448f705c33d553e8c2e9f7,5170ec511fb50cdf10d648416d508574d70e9781ddf156a1b2a86d2b385e94dc,100,1729,maximum_information_gain,2000.0,3000.0
kata1-b6c96-s69427456-d10051148,10,3057.2883314034984,2764.7612507503786,3349.8154120566182,3199.869225099218,-142.58089369571962,2,a5803f8a5d9d87202b43d709cb328cedaf18c446af448f705c33d553e8c2e9f7,5170ec511fb50cdf10d648416d508574d70e9781ddf156a1b2a86d2b385e94dc,100,1729,maximum_information_gain,2000.0,3000.0
kata1-b6c96-s69427456-d10051148,12,2966.0048985039675,2711.183401283208,3220.8263957247273,3199.869225099218,-233.86432659525053,2,a5803f8a5d9d87202b43d709cb328cedaf18c446af448f705c33d553e8c2e9f7,5170ec511fb50cdf10d648416d508574d70e9781ddf156a1b2a86d2b385e94dc,100,1729,maximum_information_gain,2000.0,3000.0
kata1-b6c96-s69427456-d10051148,14,2962.5724615356703,2736.38571575389,3188.7592073174505,3199.869225099218,-237.29676356354776,2,a5803f8a5d9d87202b43d709cb328cedaf18c446af448f705c33d553e8c2e9f7,5170ec511fb50cdf10d648416d508574d70e9781ddf156a1b2a86d2b385e94dc,100,1729,maximum_information_gain,2000.0,3000.0
kata1-b6c96-s69427456-d10051148,16,3021.9348654251285,2817.212627563366,3226.657103286891,3199.869225099218,-177.9343596740896,2,a5803f8a5d9d87202b43d709cb328cedaf18c446af448f705c33d553e8c2e9f7,5170ec511fb50cdf10d648416d508574d70e9781ddf156a1b2a86d2b385e94dc,100,1729,maximum_information_gain,2000.0,3000.0
kata1-b6c96-s69427456-d10051148,18,3047.7964758283297,2857.9463579083463,3237.646593748313,3199.869225099218,-152.07274927088838,2,a5803f8a5d9d87202b43d709cb328cedaf18c446af448f705c33d553e8c2e9f7,5170ec511fb50cdf10d648416d508574d70e9781ddf156a1b2a86d2b385e94dc,100,1729,maximum_information_gain,2000.0,3000.0
kata1-b6c96-s69427456-d10051148,20,3046.656569183479,2869.518582574349,3223.794555792609,3199.869225099218,-153.2126559157391,2,a5803f8a5d9d87202b43d709cb328cedaf18c446af448f705c33d553e8c2e9f7,5170ec511fb50cdf10d648416d508574d70e9781ddf156a1b2a86d2b385e94dc,100,1729,maximum_information_gain,2000.0,3000.0
kata1-b6c96-s69427456-d10051148,22,3045.7838336423615,2879.017773552886,3212.549893731837,3199.869225099218,-154.08539145685654,2,a5803f8a5d9d87202b43d709cb328cedaf18c446af448f705c33d553e8c2e9f7,5170ec511fb50cdf10d648416d508574d70e9781ddf156a1b2a86d2b385e94dc,100,1729,maximum_information_gain,2000.0,3000.0
kata1-b6c96-s69427456-d10051148,24,3045.0948932783326,2886.9977020966357,3203.1920844600295,3199.869225099218,-154.77433182088544,2,a5803f8a5d9d87202b43d709cb328cedaf18c446af448f705c33d553e8c2e9f7,5170ec511fb50cdf10d648416d508574d70e9781ddf156a1b2a86d2b385e94dc,100,1729,maximum_information_gain,2000.0,3000.0
kata1-b6c96-s69427456-d10051148,26,3077.544626766729,2925.4985357567884,3229.5907177766694,3199.869225099218,-122.32459833248913,2,a5803f8a5d9d87202b43d709cb328cedaf18c446af448f705c33d553e8c2e9f7,5170ec511fb50cdf10d648416d508574d70e9781ddf156a1b2a86d2b385e94dc,100,1729,maximum_information_gain,2000.0,3000.0
kata1-b6c96-s69427456-d10051148,28,3108.012624912196,2960.601667079419,3255.423582744973,3199.869225099218,-91.8566001870222,2,a5803f8a5d9d87202b43d709cb328cedaf18c446af448f705c33d553e8c2e9f7,5170ec511fb50cdf10d648416d508574d70e9781ddf156a1b2a86d2b385e94dc,100,1729,maximum_information_gain,2000.0,3000.0
kata1-b6c96-s69427456-d10051148,30,3108.1337258802128,2966.7170996653717,3249.5503520950538,3199.869225099218,-91.7354992190053,2,a5803f8a5d9d87202b43d709cb328cedaf18c446af448f705c33d553e8c2e9f7,5170ec511fb50cdf10d648416d508574d70e9781ddf156a1b2a86d2b385e94dc,100,1729,maximum_information_gain,2000.0,3000.0
kata1-b6c96-s69427456-d10051148,32,3108.9745821871848,2972.794648090102,3245.1545162842676,3199.869225099218,-90.8946429120333,2,a5803f8a5d9d87202b43d709cb328cedaf18c446af448f705c33d553e8c2e9f7,5170ec511fb50cdf10d648416d508574d70e9781ddf156a1b2a86d2b385e94dc,100,1729,maximum_information_gain,2000.0,3000.0
kata1-b6c96-s69427456-d10051148,34,3097.5849773891305,2966.672110245231,3228.49784453303,3199.869225099218,-102.28424771008758,2,a5803f8a5d9d87202b43d709cb328cedaf18c446af448f705c33d553e8c2e9f7,5170ec511fb50cdf10d648416d508574d70e9781ddf156a1b2a86d2b385e94dc,100,1729,maximum_information_gain,2000.0,3000.0
kata1-b6c96-s69427456-d10051148,36,3073.9424039086216,2947.9238618226777,3199.9609459945655,3199.869225099218,-125.92682119059646,2,a5803f8a5d9d87202b43d709cb328cedaf18c446af448f705c33d553e8c2e9f7,5170ec511fb50cdf10d648416d508574d70e9781ddf156a1b2a86d2b385e94dc,100,1729,maximum_information_gain,2000.0,3000.0
kata1-b6c96-s69427456-d10051148,38,3073.84850990071,2951.541595301314,3196.1554245001057,3199.869225099218,-126.02071519850824,2,a5803f8a5d9d87202b43d709cb328cedaf18c446af448f705c33d553e8c2e9f7,5170ec511fb50cdf10d648416d508574d70e9781ddf156a1b2a86d2b385e94dc,100,1729,maximum_information_gain,2000.0,3000.0
kata1-b6c96-s69427456-d10051148,40,3063.484026129258,2944.692154746212,3182.275897512304,3199.869225099218,-136.38519896996013,2,a5803f8a5d9d87202b43d709cb328cedaf18c446af448f705c33d553e8c2e9f7,5170ec511fb50cdf10d648416d508574d70e9781ddf156a1b2a86d2b385e94dc,100,1729,maximum_information_gain,2000.0,3000.0
kata1-b6c96-s69427456-d10051148,42,3063.967236008954,2948.2492291103617,3179.685242907546,3199.869225099218,-135.90198909026412,2,a5803f8a5d9d87202b43d709cb328cedaf18c446af448f705c33d553e8c2e9f7,5170ec511fb50cdf10d648416d508574d70e9781ddf156a1b2a86d2b385e94dc,100,1729,maximum_information_gain,2000.0,3000.0
kata1-b6c96-s69427456-d10051148,44,3064.1372181490287,2951.2496419506747,3177.024794347383,3199.869225099218,-135.73200695018932,2,a5803f8a5d9d87202b43d709cb328cedaf18c446af448f705c33d553e8c2e9f7,5170ec511fb50cdf10d648416d508574d70e9781ddf156a1b2a86d2b385e94dc,100,1729,maximum_information_gain,2000.0,3000.0
kata1-b6c96-s69427456-d10051148,46,3064.5407931278173,2954.266214396758,3174.8153718588765,3199.869225099218,-135.32843197140073,2,a5803f8a5d9d87202b43d709cb328cedaf18c446af448f705c33d553e8c2e9f7,5170ec511fb50cdf10d648416d508574d70e9781ddf156a1b2a86d2b385e94dc,100,1729,maximum_information_gain,2000.0,3000.0
kata1-b6c96-s69427456-d10051148,48,3065.4364117773807,2957.5813029883225,3173.291520566439,3199.869225099218,-134.43281332183733,2,a5803f8a5d9d87202b43d709cb328cedaf18c446af448f705c33d553e8c2e9f7,5170ec511fb50cdf10d648416d508574d70e9781ddf156a1b2a86d2b385e94dc,100,1729,maximum_information_gain,2000.0,3000.0
kata1-b6c96-s69427456-d10051148,50,3065.5181967342464,2959.920974345463,3171.11541912303,3199.869225099218,-134.35102836497163,2,a5803f8a5d9d87202b43d709cb328cedaf18c446af448f705c33d553e8c2e9f7,5170ec511fb50cdf10d648416d508574d70e9781ddf156a1b2a86d2b385e94dc,100,1729,maximum_information_gain,2000.0,3000.0
kata1-b6c96-s69427456-d10051148,52,3080.656839302124,2977.0033968443545,3184.3102817598933,3199.869225099218,-119.21238579709416,2,a5803f8a5d9d87202b43d709cb328cedaf18c446af448f705c33d553e8c2e9f7,5170ec511fb50cdf10d648416d508574d70e9781ddf156a1b2a86d2b385e94dc,100,1729,maximum_information_gain,2000.0,3000.0
kata1-b6c96-s69427456-d10051148,54,3080.783967494019,2979.1168719566203,3182.451063031418,3199.869225099218,-119.08525760519888,2,a5803f8a5d9d87202b43d709cb328cedaf18c446af448f705c33d553e8c2e9f7,5170ec511fb50cdf10d648416d508574d70e9781ddf156a1b2a86d2b385e94dc,100,1729,maximum_information_gain,2000.0,3000.0
kata1-b6c96-s69427456-d10051148,56,3080.9008823032605,2981.0957749842046,3180.7059896223163,3199.869225099218,-118.9683427959576,2,a5803f8a5d9d87202b43d709cb328cedaf18c446af448f705c33d553e8c2e9f7,5170ec511fb50cdf10d648416d508574d70e9781ddf156a1b2a86d2b385e94dc,100,1729,maximum_information_gain,2000.0,3000.0
kata1-b6c96-s69427456-d10051148,58,3080.5706683891253,2982.5223250874405,3178.61901169081,3199.869225099218,-119.29855671009273,2,a5803f8a5d9d87202b43d709cb328cedaf18c446af448f705c33d553e8c2e9f7,5170ec511fb50cdf10d648416d508574d70e9781ddf156a1b2a86d2b385e94dc,100,1729,maximum_information_gain,2000.0,3000.0
kata1-b6c96-s69427456-d10051148,60,3093.404916435541,2996.790811150935,3190.019021720147,3199.869225099218,-106.464308663677,2,a5803f8a5d9d87202b43d709cb328cedaf18c446af448f705c33d553e8c2e9f7,5170ec511fb50cdf10d648416d508574d70e9781ddf156a1b2a86d2b385e94dc,100,1729,maximum_information_gain,2000.0,3000.0
kata1-b6c96-s69427456-d10051148,62,3081.671712653307,2986.8207329207858,3176.5226923858286,3199.869225099218,-118.19751244591089,2,a5803f8a5d9d87202b43d709cb328cedaf18c446af448f705c33d553e8c2e9f7,5170ec511fb50cdf10d648416d508574d70e9781ddf156a1b2a86d2b385e94dc,100,1729,maximum_information_gain,2000.0,3000.0
kata1-b6c96-s69427456-d10051148,64,3093.2043215288645,2999.6548305523297,3186.7538125053993,3199.869225099218,-106.66490357035354,2,a5803f8a5d9d87202b43d709cb328cedaf18c446af448f705c33d553e8c2e9f7,5170ec511fb50cdf10d648416d508574d70e9781ddf156a1b2a86d2b385e94dc,100,1729,maximum_information_gain,2000.0,3000.0
kata1-b6c96-s69427456-d10051148,66,3105.2950898298495,3012.9003610252835,3197.6898186344156,3199.869225099218,-94.57413526936853,2,a5803f8a5d9d87202b43d709cb328cedaf18c446af448f705c33d553e8c2e9f7,5170ec511fb50cdf10d648416d508574d70e9781ddf156a1b2a86d2b385e94dc,100,1729,maximum_information_gain,2000.0,3000.0
kata1-b6c96-s69427456-d10051148,68,3117.0966221931653,3025.739449706452,3208.4537946798787,3199.869225099218,-82.77260290605273,2,a5803f8a5d9d87202b43d709cb328cedaf18c446af448f705c33d553e8c2e9f7,5170ec511fb50cdf10d648416d508574d70e9781ddf156a1b2a86d2b385e94dc,100,1729,maximum_information_gain,2000.0,3000.0
kata1-b6c96-s69427456-d10051148,70,3128.156670385888,3037.7469553229885,3218.5663854487875,3199.869225099218,-71.71255471333006,2,a5803f8a5d9d87202b43d709cb328cedaf18c446af448f705c33d553e8c2e9f7,5170ec511fb50cdf10d648416d508574d70e9781ddf156a1b2a86d2b385e94dc,100,1729,maximum_information_gain,2000.0,3000.0
kata1-b6c96-s69427456-d10051148,72,3138.7115334462264,3049.166405361155,3228.256661531298,3199.869225099218,-61.157691652991616,2,a5803f8a5d9d87202b43d709cb328cedaf18c446af448f705c33d553e8c2e9f7,5170ec511fb50cdf10d648416d508574d70e9781ddf156a1b2a86d2b385e94dc,100,1729,maximum_information_gain,2000.0,3000.0
kata1-b6c96-s69427456-d10051148,74,3149.555177918324,3060.7774933660894,3238.332862470558,3199.869225099218,-50.31404718089425,2,a5803f8a5d9d87202b43d709cb328cedaf18c446af448f705c33d553e8c2e9f7,5170ec511fb50cdf10d648416d508574d70e9781ddf156a1b2a86d2b385e94dc,100,1729,maximum_information_gain,2000.0,3000.0
kata1-b6c96-s69427456-d10051148,76,3149.6288840787,3062.039682313136,3237.2180858442644,3199.869225099218,-50.24034102051792,2,a5803f8a5d9d87202b43d709cb328cedaf18c446af448f705c33d553e8c2e9f7,5170ec511fb50cdf10d648416d508574d70e9781ddf156a1b2a86d2b385e94dc,100,1729,maximum_information_gain,2000.0,3000.0
kata1-b6c96-s69427456-d10051148,78,3149.6983085855404,3063.2425340616173,3236.1540831094635,3199.869225099218,-50.17091651367764,2,a5803f8a5d9d87202b43d709cb328cedaf18c446af448f705c33d553e8c2e9f7,5170ec511fb50cdf10d648416d508574d70e9781ddf156a1b2a86d2b385e94dc,100,1729,maximum_information_gain,2000.0,3000.0
kata1-b6c96-s69427456-d10051148,80,3139.9806146489623,3054.9712700214254,3224.989959276499,3199.869225099218,-59.88861045025578,2,a5803f8a5d9d87202b43d709cb328cedaf18c446af448f705c33d553e8c2e9f7,5170ec511fb50cdf10d648416d508574d70e9781ddf156a1b2a86d2b385e94dc,100,1729,maximum_information_gain,2000.0,3000.0
kata1-b6c96-s69427456-d10051148,82,3149.604987033519,3065.278062378452,3233.9319116885863,3199.869225099218,-50.26423806569892,2,a5803f8a5d9d87202b43d709cb328cedaf18c446af448f705c33d553e8c2e9f7,5170ec511fb50cdf10d648416d508574d70e9781ddf156a1b2a86d2b385e94dc,100,1729,maximum_information_gain,2000.0,3000.0
kata1-b6c96-s69427456-d10051148,84,3159.3339308469244,3075.6237562684464,3243.0441054254024,3199.869225099218,-40.535294252293625,2,a5803f8a5d9d87202b43d709cb328cedaf18c446af448f705c33d553e8c2e9f7,5170ec511fb50cdf10d648416d508574d70e9781ddf156a1b2a86d2b385e94dc,100,1729,maximum_information_gain,2000.0,3000.0
kata1-b6c96-s69427456-d10051148,86,3159.536426985434,3076.789558283123,3242.283295687745,3199.869225099218,-40.332798113784065,2,a5803f8a5d9d87202b43d709cb328cedaf18c446af448f705c33d553e8c2e9f7,5170ec511fb50cdf10d648416d508574d70e9781ddf156a1b2a86d2b385e94dc,100,1729,maximum_information_gain,2000.0,3000.0
kata1-b6c96-s69427456-d10051148,88,3150.56783981236,3069.0768301205053,3232.058849504215,3199.869225099218,-49.30138528685802,2,a5803f8a5d9d87202b43d709cb328cedaf18c446af448f705c33d553e8c2e9f7,5170ec511fb50cdf10d648416d508574d70e9781ddf156a1b2a86d2b385e94dc,100,1729,maximum_information_gain,2000.0,3000.0
kata1-b6c96-s69427456-d10051148,90,3159.16576268013,3078.2586173213313,3240.0729080389283,3199.869225099218,-40.70346241908828,2,a5803f8a5d9d87202b43d709cb328cedaf18c446af448f705c33d553e8c2e9f7,5170ec511fb50cdf10d648416d508574d70e9781ddf156a1b2a86d2b385e94dc,100,1729,maximum_information_gain,2000.0,3000.0
kata1-b6c96-s69427456-d10051148,92,3159.35731630628,3079.304389245442,3239.4102433671183,3199.869225099218,-40.5119087929379,2,a5803f8a5d9d87202b43d709cb328cedaf18c446af448f705c33d553e8c2e9f7,5170ec511fb50cdf10d648416d508574d70e9781ddf156a1b2a86d2b385e94dc,100,1729,maximum_information_gain,2000.0,3000.0
kata1-b6c96-s69427456-d10051148,94,3159.878484316347,3080.6369860919085,3239.1199825407857,3199.869225099218,-39.990740782870944,2,a5803f8a5d9d87202b43d709cb328cedaf18c446af448f705c33d553e8c2e9f7,5170ec511fb50cdf10d648416d508574d70e9781ddf156a1b2a86d2b385e94dc,100,1729,maximum_information_gain,2000.0,3000.0
kata1-b6c96-s69427456-d10051148,96,3152.069300188524,3073.86839745042,3230.2702029266275,3199.869225099218,-47.799924910694244,2,a5803f8a5d9d87202b43d709cb328cedaf18c446af448f705c33d553e8c2e9f7,5170ec511fb50cdf10d648416d508574d70e9781ddf156a1b2a86d2b385e94dc,100,1729,maximum_information_gain,2000.0,3000.0
kata1-b6c96-s69427456-d10051148,98,3159.773413918783,3082.1039822330395,3237.442845604526,3199.869225099218,-40.09581118043525,2,a5803f8a5d9d87202b43d709cb328cedaf18c446af448f705c33d553e8c2e9f7,5170ec511fb50cdf10d648416d508574d70e9781ddf156a1b2a86d2b385e94dc,100,1729,maximum_information_gain,2000.0,3000.0
kata1-b6c96-s69427456-d10051148,100,3160.2505153033676,3083.3101623841735,3237.1908682225617,3199.869225099218,-39.618709795850464,2,a5803f8a5d9d87202b43d709cb328cedaf18c446af448f705c33d553e8c2e9f7,5170ec511fb50cdf10d648416d508574d70e9781ddf156a1b2a86d2b385e94dc,100,1729,maximum_information_gain,2000.0,3000.0
kata1-b6c96-s152505856-d23152636,2,2847.818875061247,414.5335661908139,5281.10418393168,3315.4166544956793,-467.59777943443214,2,a5803f8a5d9d87202b43d709cb328cedaf18c446af448f705c33d553e8c2e9f7,5170ec511fb50cdf10d648416d508574d70e9781ddf156a1b2a86d2b385e94dc,100,1729,maximum_information_gain,2000.0,3000.0
kata1-b6c96-s152505856-d23152636,4,3566.134856250239,1695.4242980354213,5436.845414465057,3315.4166544956793,250.7182017545597,2,a5803f8a5d9d87202b43d709cb328cedaf18c446af448f705c33d553e8c2e9f7,5170ec511fb50cdf10d648416d508574d70e9781ddf156a1b2a86d2b385e94dc,100,1729,maximum_information_gain,2000.0,3000.0
kata1-b6c96-s152505856-d23152636,6,3193.2736181758996,2651.882168474413,3734.6650678773863,3315.4166544956793,-122.14303631977964,2,a5803f8a5d9d87202b43d709cb328cedaf18c446af448f705c33d553e8c2e9f7,5170ec511fb50cdf10d648416d508574d70e9781ddf156a1b2a86d2b385e94dc,100,1729,maximum_information_gain,2000.0,3000.0
kata1-b6c96-s152505856-d23152636,8,3288.8399967358464,2923.7622660640413,3653.9177274076515,3315.4166544956793,-26.57665775983287,2,a5803f8a5d9d87202b43d709cb328cedaf18c446af448f705c33d553e8c2e9f7,5170ec511fb50cdf10d648416d508574d70e9781ddf156a1b2a86d2b385e94dc,100,1729,maximum_information_gain,2000.0,3000.0
kata1-b6c96-s152505856-d23152636,10,3289.955727924556,2998.110128496714,3581.801327352398,3315.4166544956793,-25.46092657112331,2,a5803f8a5d9d87202b43d709cb328cedaf18c446af448f705c33d553e8c2e9f7,5170ec511fb50cdf10d648416d508574d70e9781ddf156a1b2a86d2b385e94dc,100,1729,maximum_information_gain,2000.0,3000.0
kata1-b6c96-s152505856-d23152636,12,3292.1798255940607,3041.749592341848,3542.6100588462737,3315.4166544956793,-23.236828901618537,2,a5803f8a5d9d87202b43d709cb328cedaf18c446af448f705c33d553e8c2e9f7,5170ec511fb50cdf10d648416d508574d70e9781ddf156a1b2a86d2b385e94dc,100,1729,maximum_information_gain,2000.0,3000.0
kata1-b6c96-s152505856-d23152636,14,3369.183314066882,3141.99125879431,3596.3753693394538,3315.4166544956793,53.76665957120258,2,a5803f8a5d9d87202b43d709cb328cedaf18c446af448f705c33d553e8c2e9f7,5170ec511fb50cdf10d648416d508574d70e9781ddf156a1b2a86d2b385e94dc,100,1729,maximum_information_gain,2000.0,3000.0
kata1-b6c96-s152505856-d23152636,16,3437.737180200242,3223.965163810695,3651.5091965897896,3315.4166544956793,122.3205257045629,2,a5803f8a5d9d87202b43d709cb328cedaf18c446af448f705c33d553e8c2e9f7,5170ec511fb50cdf10d648416d508574d70e9781ddf156a1b2a86d2b385e94dc,100,1729,maximum_information_gain,2000.0,3000.0
kata1-b6c96-s152505856-d23152636,18,3382.9655165722857,3191.569591293189,3574.361441851382,3315.4166544956793,67.54886207660638,2,a5803f8a5d9d87202b43d709cb328cedaf18c446af448f705c33d553e8c2e9f7,5170ec511fb50cdf10d648416d508574d70e9781ddf156a1b2a86d2b385e94dc,100,1729,maximum_information_gain,2000.0,3000.0
kata1-b6c96-s152505856-d23152636,20,3384.0062913462066,3205.47695043814,3562.535632254273,3315.4166544956793,68.58963685052731,2,a5803f8a5d9d87202b43d709cb328cedaf18c446af448f705c33d553e8c2e9f7,5170ec511fb50cdf10d648416d508574d70e9781ddf156a1b2a86d2b385e94dc,100,1729,maximum_information_gain,2000.0,3000.0
kata1-b6c96-s152505856-d23152636,22,3344.048253447351,3176.624988030544,3511.4715188641576,3315.4166544956793,28.63159895167155,2,a5803f8a5d9d87202b43d709cb328cedaf18c446af448f705c33d553e8c2e9f7,5170ec511fb50cdf10d648416d508574d70e9781ddf156a1b2a86d2b385e94dc,100,1729,maximum_information_gain,2000.0,3000.0
kata1-b6c96-s152505856-d23152636,24,3342.890877984314,3184.2110872467647,3501.5706687218635,3315.4166544956793,27.474223488634834,2,a5803f8a5d9d87202b43d709cb328cedaf18c446af448f705c33d553e8c2e9f7,5170ec511fb50cdf10d648416d508574d70e9781ddf156a1b2a86d2b385e94dc,100,1729,maximum_information_gain,2000.0,3000.0
kata1-b6c96-s152505856-d23152636,26,3308.8502807073914,3156.961821211191,3460.738740203592,3315.4166544956793,-6.5663737882878195,2,a5803f8a5d9d87202b43d709cb328cedaf18c446af448f705c33d553e8c2e9f7,5170ec511fb50cdf10d648416d508574d70e9781ddf156a1b2a86d2b385e94dc,100,1729,maximum_information_gain,2000.0,3000.0
kata1-b6c96-s152505856-d23152636,28,3324.449802431249,3179.4918071327443,3469.4077977297534,3315.4166544956793,9.03314793556956,2,a5803f8a5d9d87202b43d709cb328cedaf18c446af448f705c33d553e8c2e9f7,5170ec511fb50cdf10d648416d508574d70e9781ddf156a1b2a86d2b385e94dc,100,1729,maximum_information_gain,2000.0,3000.0
kata1-b6c96-s152505856-d23152636,30,3295.6376907238086,3155.5769147947467,3435.6984666528706,3315.4166544956793,-19.77896377187062,2,a5803f8a5d9d87202b43d709cb328cedaf18c446af448f705c33d553e8c2e9f7,5170ec511fb50cdf10d648416d508574d70e9781ddf156a1b2a86d2b385e94dc,100,1729,maximum_information_gain,2000.0,3000.0
kata1-b6c96-s152505856-d23152636,32,3270.127070852796,3133.965407731726,3406.288733973866,3315.4166544956793,-45.28958364288337,2,a5803f8a5d9d87202b43d709cb328cedaf18c446af448f705c33d553e8c2e9f7,5170ec511fb50cdf10d648416d508574d70e9781ddf156a1b2a86d2b385e94dc,100,1729,maximum_information_gain,2000.0,3000.0
kata1-b6c96-s152505856-d23152636,34,3269.717378721488,3138.2359075752465,3401.198849867729,3315.4166544956793,-45.69927577419139,2,a5803f8a5d9d87202b43d709cb328cedaf18c446af448f705c33d553e8c2e9f7,5170ec511fb50cdf10d648416d508574d70e9781ddf156a1b2a86d2b385e94dc,100,1729,maximum_information_gain,2000.0,3000.0
kata1-b6c96-s152505856-d23152636,36,3269.8662936348405,3142.612744709984,3397.119842559697,3315.4166544956793,-45.55036086083874,2,a5803f8a5d9d87202b43d709cb328cedaf18c446af448f705c33d553e8c2e9f7,5170ec511fb50cdf10d648416d508574d70e9781ddf156a1b2a86d2b385e94dc,100,1729,maximum_information_gain,2000.0,3000.0
kata1-b6c96-s152505856-d23152636,38,3291.7838498091446,3169.1014827320028,3414.4662168862865,3315.4166544956793,-23.632804686534655,2,a5803f8a5d9d87202b43d709cb328cedaf18c446af448f705c33d553e8c2e9f7,5170ec511fb50cdf10d648416d508574d70e9781ddf156a1b2a86d2b385e94dc,100,1729,maximum_information_gain,2000.0,3000.0
kata1-b6c96-s152505856-d23152636,40,3291.7911124757707,3172.5052124659583,3411.077012485583,3315.4166544956793,-23.625542019908607,2,a5803f8a5d9d87202b43d709cb328cedaf18c446af448f705c33d553e8c2e9f7,5170ec511fb50cdf10d648416d508574d70e9781ddf156a1b2a86d2b385e94dc,100,1729,maximum_information_gain,2000.0,3000.0
kata1-b6c96-s152505856-d23152636,42,3292.145989691748,3175.975761417225,3408.3162179662713,3315.4166544956793,-23.27066480393114,2,a5803f8a5d9d87202b43d709cb328cedaf18c446af448f705c33d553e8c2e9f7,5170ec511fb50cdf10d648416d508574d70e9781ddf156a1b2a86d2b385e94dc,100,1729,maximum_information_gain,2000.0,3000.0
kata1-b6c96-s152505856-d23152636,44,3301.1113301302307,3187.943315305277,3414.2793449551846,3315.4166544956793,-14.305324365448541,2,a5803f8a5d9d87202b43d709cb328cedaf18c446af448f705c33d553e8c2e9f7,5170ec511fb50cdf10d648416d508574d70e9781ddf156a1b2a86d2b385e94dc,100,1729,maximum_information_gain,2000.0,3000.0
kata1-b6c96-s152505856-d23152636,46,3284.2432130195884,3173.391396967523,3395.0950290716537,3315.4166544956793,-31.17344147609083,2,a5803f8a5d9d87202b43d709cb328cedaf18c446af448f705c33d553e8c2e9f7,5170ec511fb50cdf10d648416d508574d70e9781ddf156a1b2a86d2b385e94dc,100,1729,maximum_information_gain,2000.0,3000.0
kata1-b6c96-s152505856-d23152636,48,3283.9108095904235,3175.5132245237187,3392.3083946571282,3315.4166544956793,-31.5058449052558,2,a5803f8a5d9d87202b43d709cb328cedaf18c446af448f705c33d553e8c2e9f7,5170ec511fb50cdf10d648416d508574d70e9781ddf156a1b2a86d2b385e94dc,100,1729,maximum_information_gain,2000.0,3000.0
kata1-b6c96-s152505856-d23152636,50,3298.9661245676893,3193.0928626734785,3404.8393864619,3315.4166544956793,-16.45052992798992,2,a5803f8a5d9d87202b43d709cb328cedaf18c446af448f705c33d553e8c2e9f7,5170ec511fb50cdf10d648416d508574d70e9781ddf156a1b2a86d2b385e94dc,100,1729,maximum_information_gain,2000.0,3000.0
kata1-b6c96-s152505856-d23152636,52,3299.222500855506,3195.4734118890055,3402.9715898220065,3315.4166544956793,-16.194153640173226,2,a5803f8a5d9d87202b43d709cb328cedaf18c446af448f705c33d553e8c2e9f7,5170ec511fb50cdf10d648416d508574d70e9781ddf156a1b2a86d2b385e94dc,100,1729,maximum_information_gain,2000.0,3000.0
kata1-b6c96-s152505856-d23152636,54,3299.1847905006534,3197.4198808521814,3400.9497001491254,3315.4166544956793,-16.231863995025833,2,a5803f8a5d9d87202b43d709cb328cedaf18c446af448f705c33d553e8c2e9f7,5170ec511fb50cdf10d648416d508574d70e9781ddf156a1b2a86d2b385e94dc,100,1729,maximum_information_gain,2000.0,3000.0
kata1-b6c96-s152505856-d23152636,56,3313.1582574505933,3213.309647930447,3413.0068669707393,3315.4166544956793,-2.258397045085985,2,a5803f8a5d9d87202b43d709cb328cedaf18c446af448f705c33d553e8c2e9f7,5170ec511fb50cdf10d648416d508574d70e9781ddf156a1b2a86d2b385e94dc,100,1729,maximum_information_gain,2000.0,3000.0
kata1-b6c96-s152505856-d23152636,58,3319.7807441007294,3221.6642674375476,3417.8972207639113,3315.4166544956793,4.36408960505014,2,a5803f8a5d9d87202b43d709cb328cedaf18c446af448f705c33d553e8c2e9f7,5170ec511fb50cdf10d648416d508574d70e9781ddf156a1b2a86d2b385e94dc,100,1729,maximum_information_gain,2000.0,3000.0
kata1-b6c96-s152505856-d23152636,60,3306.8736823404947,3210.41893061861,3403.3284340623795,3315.4166544956793,-8.542972155184543,2,a5803f8a5d9d87202b43d709cb328cedaf18c446af448f705c33d553e8c2e9f7,5170ec511fb50cdf10d648416d508574d70e9781ddf156a1b2a86d2b385e94dc,100,1729,maximum_information_gain,2000.0,3000.0
kata1-b6c96-s152505856-d23152636,62,3300.681778510187,3205.755427974314,3395.60812904606,3315.4166544956793,-14.734875985492181,2,a5803f8a5d9d87202b43d709cb328cedaf18c446af448f705c33d553e8c2e9f7,5170ec511fb50cdf10d648416d508574d70e9781ddf156a1b2a86d2b385e94dc,100,1729,maximum_information_gain,2000.0,3000.0
kata1-b6c96-s152505856-d23152636,64,3306.514503467899,3213.094575151143,3399.934431784655,3315.4166544956793,-8.902151027780292,2,a5803f8a5d9d87202b43d709cb328cedaf18c446af448f705c33d553e8c2e9f7,5170ec511fb50cdf10d648416d508574d70e9781ddf156a1b2a86d2b385e94dc,100,1729,maximum_information_gain,2000.0,3000.0
kata1-b6c96-s152505856-d23152636,66,3312.2142175775057,3220.200644317238,3404.2277908377732,3315.4166544956793,-3.202436918173589,2,a5803f8a5d9d87202b43d709cb328cedaf18c446af448f705c33d553e8c2e9f7,5170ec511fb50cdf10d648416d508574d70e9781ddf156a1b2a86d2b385e94dc,100,1729,maximum_information_gain,2000.0,3000.0
kata1-b6c96-s152505856-d23152636,68,3312.2748351577807,3221.5920459134663,3402.957624402095,3315.4166544956793,-3.141819337898596,2,a5803f8a5d9d87202b43d709cb328cedaf18c446af448f705c33d553e8c2e9f7,5170ec511fb50cdf10d648416d508574d70e9781ddf156a1b2a86d2b385e94dc,100,1729,maximum_information_gain,2000.0,3000.0
kata1-b6c96-s152505856-d23152636,70,3312.0543061047747,3222.637690033193,3401.4709221763565,3315.4166544956793,-3.3623483909045717,2,a5803f8a5d9d87202b43d709cb328cedaf18c446af448f705c33d553e8c2e9f7,5170ec511fb50cdf10d648416d508574d70e9781ddf156a1b2a86d2b385e94dc,100,1729,maximum_information_gain,2000.0,3000.0
kata1-b6c96-s152505856-d23152636,72,3322.522265940917,3234.2726225100714,3410.7719093717624,3315.4166544956793,7.105611445237628,2,a5803f8a5d9d87202b43d709cb328cedaf18c446af448f705c33d553e8c2e9f7,5170ec511fb50cdf10d648416d508574d70e9781ddf156a1b2a86d2b385e94dc,100,1729,maximum_information_gain,2000.0,3000.0
kata1-b6c96-s152505856-d23152636,74,3322.8358755828644,3235.7395064310276,3409.9322447347013,3315.4166544956793,7.4192210871851785,2,a5803f8a5d9d87202b43d709cb328cedaf18c446af448f705c33d553e8c2e9f7,5170ec511fb50cdf10d648416d508574d70e9781ddf156a1b2a86d2b385e94dc,100,1729,maximum_information_gain,2000.0,3000.0
kata1-b6c96-s152505856-d23152636,76,3313.3056396609472,3227.3432756711522,3399.2680036507422,3315.4166544956793,-2.111014834732032,2,a5803f8a5d9d87202b43d709cb328cedaf18c446af448f705c33d553e8c2e9f7,5170ec511fb50cdf10d648416d508574d70e9781ddf156a1b2a86d2b385e94dc,100,1729,maximum_information_gain,2000.0,3000.0
kata1-b6c96-s152505856-d23152636,78,3303.5545473312854,3218.6242030547405,3388.4848916078304,3315.4166544956793,-11.86210716439382,2,a5803f8a5d9d87202b43d709cb328cedaf18c446af448f705c33d553e8c2e9f7,5170ec511fb50cdf10d648416d508574d70e9781ddf156a1b2a86d2b385e94dc,100,1729,maximum_information_gain,2000.0,3000.0
kata1-b6c96-s152505856-d23152636,80,3293.9243389898447,3209.9355045789825,3377.913173400707,3315.4166544956793,-21.49231550583454,2,a5803f8a5d9d87202b43d709cb328cedaf18c446af448f705c33d553e8c2e9f7,5170ec511fb50cdf10d648416d508574d70e9781ddf156a1b2a86d2b385e94dc,100,1729,maximum_information_gain,2000.0,3000.0
kata1-b6c96-s152505856-d23152636,82,3298.0308302807703,3215.049673710041,3381.0119868514994,3315.4166544956793,-17.385824214909007,2,a5803f8a5d9d87202b43d709cb328cedaf18c446af448f705c33d553e8c2e9f7,5170ec511fb50cdf10d648416d508574d70e9781ddf156a1b2a86d2b385e94dc,100,1729,maximum_information_gain,2000.0,3000.0
kata1-b6c96-s152505856-d23152636,84,3289.1889837691247,3207.058649163953,3371.3193183742965,3315.4166544956793,-26.227670726554607,2,a5803f8a5d9d87202b43d709cb328cedaf18c446af448f705c33d553e8c2e9f7,5170ec511fb50cdf10d648416d508574d70e9781ddf156a1b2a86d2b385e94dc,100,1729,maximum_information_gain,2000.0,3000.0
kata1-b6c96-s152505856-d23152636,86,3292.9018418163073,3211.7089771247734,3374.0947065078412,3315.4166544956793,-22.51481267937197,2,a5803f8a5d9d87202b43d709cb328cedaf18c446af448f705c33d553e8c2e9f7,5170ec511fb50cdf10d648416d508574d70e9781ddf156a1b2a86d2b385e94dc,100,1729,maximum_information_gain,2000.0,3000.0
kata1-b6c96-s152505856-d23152636,88,3288.669285677538,3208.299811416034,3369.038759939042,3315.4166544956793,-26.74736881814124,2,a5803f8a5d9d87202b43d709cb328cedaf18c446af448f705c33d553e8c2e9f7,5170ec511fb50cdf10d648416d508574d70e9781ddf156a1b2a86d2b385e94dc,100,1729,maximum_information_gain,2000.0,3000.0
kata1-b6c96-s152505856-d23152636,90,3288.267473287642,3208.7285947297437,3367.8063518455406,3315.4166544956793,-27.149181208037135,2,a5803f8a5d9d87202b43d709cb328cedaf18c446af448f705c33d553e8c2e9f7,5170ec511fb50cdf10d648416d508574d70e9781ddf156a1b2a86d2b385e94dc,100,1729,maximum_information_gain,2000.0,3000.0
kata1-b6c96-s152505856-d23152636,92,3296.0499495955723,3217.376022323812,3374.723876867333,3315.4166544956793,-19.366704900106924,2,a5803f8a5d9d87202b43d709cb328cedaf18c446af448f705c33d553e8c2e9f7,5170ec511fb50cdf10d648416d508574d70e9781ddf156a1b2a86d2b385e94dc,100,1729,maximum_information_gain,2000.0,3000.0
kata1-b6c96-s152505856-d23152636,94,3295.963741402823,3218.0610602342,3373.866422571446,3315.4166544956793,-19.452913092856306,2,a5803f8a5d9d87202b43d709cb328cedaf18c446af448f705c33d553e8c2e9f7,5170ec511fb50cdf10d648416d508574d70e9781ddf156a1b2a86d2b385e94dc,100,1729,maximum_information_gain,2000.0,3000.0
kata1-b6c96-s152505856-d23152636,96,3296.165018946132,3219.0084555782273,3373.3215823140367,3315.4166544956793,-19.251635549547245,2,a5803f8a5d9d87202b43d709cb328cedaf18c446af448f705c33d553e8c2e9f7,5170ec511fb50cdf10d648416d508574d70e9781ddf156a1b2a86d2b385e94dc,100,1729,maximum_information_gain,2000.0,3000.0
kata1-b6c96-s152505856-d23152636,98,3288.705844999134,3212.2156920353946,3365.1959979628737,3315.4166544956793,-26.710809496545153,2,a5803f8a5d9d87202b43d709cb328cedaf18c446af448f705c33d553e8c2e9f7,5170ec511fb50cdf10d648416d508574d70e9781ddf156a1b2a86d2b385e94dc,100,1729,maximum_information_gain,2000.0,3000.0
kata1-b6c96-s152505856-d23152636,100,3295.56478839969,3219.8195296425656,3371.310047156814,3315.4166544956793,-19.851866095989408,2,a5803f8a5d9d87202b43d709cb328cedaf18c446af448f705c33d553e8c2e9f7,5170ec511fb50cdf10d648416d508574d70e9781ddf156a1b2a86d2b385e94dc,100,1729,maximum_information_gain,2000.0,3000.0
kata1-b10c128-s56992512-d31122236,2,2847.802529185296,414.49470260224916,5281.110355768343,3439.420101936604,-591.6175727513082,2,a5803f8a5d9d87202b43d709cb328cedaf18c446af448f705c33d553e8c2e9f7,5170ec511fb50cdf10d648416d508574d70e9781ddf156a1b2a86d2b385e94dc,100,1729,maximum_information_gain,2000.0,3000.0
kata1-b10c128-s56992512-d31122236,4,3566.5170669394233,1696.005667857647,5437.0284660212,3439.420101936604,127.09696500281916,2,a5803f8a5d9d87202b43d709cb328cedaf18c446af448f705c33d553e8c2e9f7,5170ec511fb50cdf10d648416d508574d70e9781ddf156a1b2a86d2b385e94dc,100,1729,maximum_information_gain,2000.0,3000.0
kata1-b10c128-s56992512-d31122236,6,3565.4801663927906,3097.644449995634,4033.315882789947,3439.420101936604,126.06006445618641,2,a5803f8a5d9d87202b43d709cb328cedaf18c446af448f705c33d553e8c2e9f7,5170ec511fb50cdf10d648416d508574d70e9781ddf156a1b2a86d2b385e94dc,100,1729,maximum_information_gain,2000.0,3000.0
kata1-b10c128-s56992512-d31122236,8,3382.6850107769305,3014.6429798127238,3750.7270417411373,3439.420101936604,-56.73509115967363,2,a5803f8a5d9d87202b43d709cb328cedaf18c446af448f705c33d553e8c2e9f7,5170ec511fb50cdf10d648416d508574d70e9781ddf156a1b2a86d2b385e94dc,100,1729,maximum_information_gain,2000.0,3000.0
kata1-b10c128-s56992512-d31122236,10,3506.424301313898,3223.647008832353,3789.201593795443,3439.420101936604,67.00419937729384,2,a5803f8a5d9d87202b43d709cb328cedaf18c446af448f705c33d553e8c2e9f7,5170ec511fb50cdf10d648416d508574d70e9781ddf156a1b2a86d2b385e94dc,100,1729,maximum_information_gain,2000.0,3000.0
kata1-b10c128-s56992512-d31122236,12,3507.6050238676853,3262.9050137811505,3752.30503395422,3439.420101936604,68.18492193108113,2,a5803f8a5d9d87202b43d709cb328cedaf18c446af448f705c33d553e8c2e9f7,5170ec511fb50cdf10d648416d508574d70e9781ddf156a1b2a86d2b385e94dc,100,1729,maximum_information_gain,2000.0,3000.0
kata1-b10c128-s56992512-d31122236,14,3433.855059015375,3211.79243443891,3655.91768359184,3439.420101936604,-5.565042921229178,2,a5803f8a5d9d87202b43d709cb328cedaf18c446af448f705c33d553e8c2e9f7,5170ec511fb50cdf10d648416d508574d70e9781ddf156a1b2a86d2b385e94dc,100,1729,maximum_information_gain,2000.0,3000.0
kata1-b10c128-s56992512-d31122236,16,3438.6275647352,3236.5464872074726,3640.7086422629272,3439.420101936604,-0.7925372014042296,2,a5803f8a5d9d87202b43d709cb328cedaf18c446af448f705c33d553e8c2e9f7,5170ec511fb50cdf10d648416d508574d70e9781ddf156a1b2a86d2b385e94dc,100,1729,maximum_information_gain,2000.0,3000.0
kata1-b10c128-s56992512-d31122236,18,3492.4470397312743,3306.9013125096694,3677.9927669528793,3439.420101936604,53.026937794670175,2,a5803f8a5d9d87202b43d709cb328cedaf18c446af448f705c33d553e8c2e9f7,5170ec511fb50cdf10d648416d508574d70e9781ddf156a1b2a86d2b385e94dc,100,1729,maximum_information_gain,2000.0,3000.0
kata1-b10c128-s56992512-d31122236,20,3492.7529288149317,3318.9929059286105,3666.512951701253,3439.420101936604,53.33282687832752,2,a5803f8a5d9d87202b43d709cb328cedaf18c446af448f705c33d553e8c2e9f7,5170ec511fb50cdf10d648416d508574d70e9781ddf156a1b2a86d2b385e94dc,100,1729,maximum_information_gain,2000.0,3000.0
kata1-b10c128-s56992512-d31122236,22,3492.990470976707,3328.9443247309628,3657.0366172224512,3439.420101936604,53.57036904010283,2,a5803f8a5d9d87202b43d709cb328cedaf18c446af448f705c33d553e8c2e9f7,5170ec511fb50cdf10d648416d508574d70e9781ddf156a1b2a86d2b385e94dc,100,1729,maximum_information_gain,2000.0,3000.0
kata1-b10c128-s56992512-d31122236,24,3494.8110481425224,3338.948252345733,3650.6738439393116,3439.420101936604,55.390946205918226,2,a5803f8a5d9d87202b43d709cb328cedaf18c446af448f705c33d553e8c2e9f7,5170ec511fb50cdf10d648416d508574d70e9781ddf156a1b2a86d2b385e94dc,100,1729,maximum_information_gain,2000.0,3000.0
kata1-b10c128-s56992512-d31122236,26,3526.7634473277585,3377.244921774686,3676.281972880831,3439.420101936604,87.34334539115434,2,a5803f8a5d9d87202b43d709cb328cedaf18c446af448f705c33d553e8c2e9f7,5170ec511fb50cdf10d648416d508574d70e9781ddf156a1b2a86d2b385e94dc,100,1729,maximum_information_gain,2000.0,3000.0
kata1-b10c128-s56992512-d31122236,28,3556.875365112621,3412.0857269165817,3701.66500330866,3439.420101936604,117.45526317601662,2,a5803f8a5d9d87202b43d709cb328cedaf18c446af448f705c33d553e8c2e9f7,5170ec511fb50cdf10d648416d508574d70e9781ddf156a1b2a86d2b385e94dc,100,1729,maximum_information_gain,2000.0,3000.0
kata1-b10c128-s56992512-d31122236,30,3543.0374798873613,3404.5897468921894,3681.4852128825332,3439.420101936604,103.61737795075715,2,a5803f8a5d9d87202b43d709cb328cedaf18c446af448f705c33d553e8c2e9f7,5170ec511fb50cdf10d648416d508574d70e9781ddf156a1b2a86d2b385e94dc,100,1729,maximum_information_gain,2000.0,3000.0
kata1-b10c128-s56992512-d31122236,32,3542.5340724349735,3409.0298182718584,3676.0383265980886,3439.420101936604,103.11397049836933,2,a5803f8a5d9d87202b43d709cb328cedaf18c446af448f705c33d553e8c2e9f7,5170ec511fb50cdf10d648416d508574d70e9781ddf156a1b2a86d2b385e94dc,100,1729,maximum_information_gain,2000.0,3000.0
kata1-b10c128-s56992512-d31122236,34,3542.1007671296056,3413.0065006571754,3671.195033602036,3439.420101936604,102.68066519300146,2,a5803f8a5d9d87202b43d709cb328cedaf18c446af448f705c33d553e8c2e9f7,5170ec511fb50cdf10d648416d508574d70e9781ddf156a1b2a86d2b385e94dc,100,1729,maximum_information_gain,2000.0,3000.0
kata1-b10c128-s56992512-d31122236,36,3563.6799789934917,3437.6225767471824,3689.737381239801,3439.420101936604,124.25987705688749,2,a5803f8a5d9d87202b43d709cb328cedaf18c446af448f705c33d553e8c2e9f7,5170ec511fb50cdf10d648416d508574d70e9781ddf156a1b2a86d2b385e94dc,100,1729,maximum_information_gain,2000.0,3000.0
kata1-b10c128-s56992512-d31122236,38,3542.7934089972096,3421.212730203932,3664.374087790487,3439.420101936604,103.37330706060538,2,a5803f8a5d9d87202b43d709cb328cedaf18c446af448f705c33d553e8c2e9f7,5170ec511fb50cdf10d648416d508574d70e9781ddf156a1b2a86d2b385e94dc,100,1729,maximum_information_gain,2000.0,3000.0
kata1-b10c128-s56992512-d31122236,40,3542.418680062323,3424.124492189772,3660.712867934874,3439.420101936604,102.99857812571872,2,a5803f8a5d9d87202b43d709cb328cedaf18c446af448f705c33d553e8c2e9f7,5170ec511fb50cdf10d648416d508574d70e9781ddf156a1b2a86d2b385e94dc,100,1729,maximum_information_gain,2000.0,3000.0
kata1-b10c128-s56992512-d31122236,42,3532.468020810798,3417.383590450344,3647.552451171252,3439.420101936604,93.04791887419378,2,a5803f8a5d9d87202b43d709cb328cedaf18c446af448f705c33d553e8c2e9f7,5170ec511fb50cdf10d648416d508574d70e9781ddf156a1b2a86d2b385e94dc,100,1729,maximum_information_gain,2000.0,3000.0
kata1-b10c128-s56992512-d31122236,44,3550.0047433409486,3437.270936990872,3662.738549691025,3439.420101936604,110.58464140434444,2,a5803f8a5d9d87202b43d709cb328cedaf18c446af448f705c33d553e8c2e9f7,5170ec511fb50cdf10d648416d508574d70e9781ddf156a1b2a86d2b385e94dc,100,1729,maximum_information_gain,2000.0,3000.0
kata1-b10c128-s56992512-d31122236,46,3533.488954057113,3423.675910780005,3643.301997334221,3439.420101936604,94.06885212050884,2,a5803f8a5d9d87202b43d709cb328cedaf18c446af448f705c33d553e8c2e9f7,5170ec511fb50cdf10d648416d508574d70e9781ddf156a1b2a86d2b385e94dc,100,1729,maximum_information_gain,2000.0,3000.0
kata1-b10c128-s56992512-d31122236,48,3541.6155402847808,3434.0346615716235,3649.196418997938,3439.420101936604,102.1954383481766,2,a5803f8a5d9d87202b43d709cb328cedaf18c446af448f705c33d553e8c2e9f7,5170ec511fb50cdf10d648416d508574d70e9781ddf156a1b2a86d2b385e94dc,100,1729,maximum_information_gain,2000.0,3000.0
kata1-b10c128-s56992512-d31122236,50,3526.090502585814,3420.9124928577826,3631.268512313846,3439.420101936604,86.67040064921002,2,a5803f8a5d9d87202b43d709cb328cedaf18c446af448f705c33d553e8c2e9f7,5170ec511fb50cdf10d648416d508574d70e9781ddf156a1b2a86d2b385e94dc,100,1729,maximum_information_gain,2000.0,3000.0
kata1-b10c128-s56992512-d31122236,52,3518.1415557538676,3415.0510878210016,3621.2320236867336,3439.420101936604,78.72145381726341,2,a5803f8a5d9d87202b43d709cb328cedaf18c446af448f705c33d553e8c2e9f7,5170ec511fb50cdf10d648416d508574d70e9781ddf156a1b2a86d2b385e94dc,100,1729,maximum_information_gain,2000.0,3000.0
kata1-b10c128-s56992512-d31122236,54,3503.824568823231,3402.5994611835745,3605.0496764628874,3439.420101936604,64.40446688662678,2,a5803f8a5d9d87202b43d709cb328cedaf18c446af448f705c33d553e8c2e9f7,5170ec511fb50cdf10d648416d508574d70e9781ddf156a1b2a86d2b385e94dc,100,1729,maximum_information_gain,2000.0,3000.0
kata1-b10c128-s56992512-d31122236,56,3516.9558979887997,3417.5942953234785,3616.317500654121,3439.420101936604,77.53579605219556,2,a5803f8a5d9d87202b43d709cb328cedaf18c446af448f705c33d553e8c2e9f7,5170ec511fb50cdf10d648416d508574d70e9781ddf156a1b2a86d2b385e94dc,100,1729,maximum_information_gain,2000.0,3000.0
kata1-b10c128-s56992512-d31122236,58,3516.7547667978583,3419.0975393874924,3614.4119942082243,3439.420101936604,77.33466486125417,2,a5803f8a5d9d87202b43d709cb328cedaf18c446af448f705c33d553e8c2e9f7,5170ec511fb50cdf10d648416d508574d70e9781ddf156a1b2a86d2b385e94dc,100,1729,maximum_information_gain,2000.0,3000.0
kata1-b10c128-s56992512-d31122236,60,3517.2235296435997,3421.1724067741925,3613.274652513007,3439.420101936604,77.80342770699554,2,a5803f8a5d9d87202b43d709cb328cedaf18c446af448f705c33d553e8c2e9f7,5170ec511fb50cdf10d648416d508574d70e9781ddf156a1b2a86d2b385e94dc,100,1729,maximum_information_gain,2000.0,3000.0
kata1-b10c128-s56992512-d31122236,62,3504.950270972356,3410.377138435275,3599.5234035094372,3439.420101936604,65.5301690357519,2,a5803f8a5d9d87202b43d709cb328cedaf18c446af448f705c33d553e8c2e9f7,5170ec511fb50cdf10d648416d508574d70e9781ddf156a1b2a86d2b385e94dc,100,1729,maximum_information_gain,2000.0,3000.0
kata1-b10c128-s56992512-d31122236,64,3504.592723800575,3411.4598367958743,3597.725610805276,3439.420101936604,65.17262186397102,2,a5803f8a5d9d87202b43d709cb328cedaf18c446af448f705c33d553e8c2e9f7,5170ec511fb50cdf10d648416d508574d70e9781ddf156a1b2a86d2b385e94dc,100,1729,maximum_information_gain,2000.0,3000.0
kata1-b10c128-s56992512-d31122236,66,3509.9064133384118,3418.166713961023,3601.6461127158004,3439.420101936604,70.4863114018076,2,a5803f8a5d9d87202b43d709cb328cedaf18c446af448f705c33d553e8c2e9f7,5170ec511fb50cdf10d648416d508574d70e9781ddf156a1b2a86d2b385e94dc,100,1729,maximum_information_gain,2000.0,3000.0
kata1-b10c128-s56992512-d31122236,68,3509.968012970281,3419.5287432574287,3600.4072826831334,3439.420101936604,70.54791103367688,2,a5803f8a5d9d87202b43d709cb328cedaf18c446af448f705c33d553e8c2e9f7,5170ec511fb50cdf10d648416d508574d70e9781ddf156a1b2a86d2b385e94dc,100,1729,maximum_information_gain,2000.0,3000.0
kata1-b10c128-s56992512-d31122236,70,3499.4228623165964,3410.1547051822236,3588.691019450969,3439.420101936604,60.002760379992196,2,a5803f8a5d9d87202b43d709cb328cedaf18c446af448f705c33d553e8c2e9f7,5170ec511fb50cdf10d648416d508574d70e9781ddf156a1b2a86d2b385e94dc,100,1729,maximum_information_gain,2000.0,3000.0
kata1-b10c128-s56992512-d31122236,72,3499.266633302534,3411.1802215249563,3587.3530450801118,3439.420101936604,59.84653136592988,2,a5803f8a5d9d87202b43d709cb328cedaf18c446af448f705c33d553e8c2e9f7,5170ec511fb50cdf10d648416d508574d70e9781ddf156a1b2a86d2b385e94dc,100,1729,maximum_information_gain,2000.0,3000.0
kata1-b10c128-s56992512-d31122236,74,3509.1118710376372,3422.2082118105295,3596.015530264745,3439.420101936604,69.69176910103306,2,a5803f8a5d9d87202b43d709cb328cedaf18c446af448f705c33d553e8c2e9f7,5170ec511fb50cdf10d648416d508574d70e9781ddf156a1b2a86d2b385e94dc,100,1729,maximum_information_gain,2000.0,3000.0
kata1-b10c128-s56992512-d31122236,76,3509.687877023836,3423.8639872460058,3595.511766801666,3439.420101936604,70.26777508723171,2,a5803f8a5d9d87202b43d709cb328cedaf18c446af448f705c33d553e8c2e9f7,5170ec511fb50cdf10d648416d508574d70e9781ddf156a1b2a86d2b385e94dc,100,1729,maximum_information_gain,2000.0,3000.0
kata1-b10c128-s56992512-d31122236,78,3500.304662249813,3415.463152432244,3585.1461720673824,3439.420101936604,60.88456031320902,2,a5803f8a5d9d87202b43d709cb328cedaf18c446af448f705c33d553e8c2e9f7,5170ec511fb50cdf10d648416d508574d70e9781ddf156a1b2a86d2b385e94dc,100,1729,maximum_information_gain,2000.0,3000.0
kata1-b10c128-s56992512-d31122236,80,3489.994383633957,3406.0410526804367,3573.9477145874775,3439.420101936604,50.574281697352944,2,a5803f8a5d9d87202b43d709cb328cedaf18c446af448f705c33d553e8c2e9f7,5170ec511fb50cdf10d648416d508574d70e9781ddf156a1b2a86d2b385e94dc,100,1729,maximum_information_gain,2000.0,3000.0
kata1-b10c128-s56992512-d31122236,82,3480.199197101789,3397.0598376632893,3563.338556540289,3439.420101936604,40.779095165185026,2,a5803f8a5d9d87202b43d709cb328cedaf18c446af448f705c33d553e8c2e9f7,5170ec511fb50cdf10d648416d508574d70e9781ddf156a1b2a86d2b385e94dc,100,1729,maximum_information_gain,2000.0,3000.0
kata1-b10c128-s56992512-d31122236,84,3479.7365388193107,3397.5178244177137,3561.9552532209077,3439.420101936604,40.31643688270651,2,a5803f8a5d9d87202b43d709cb328cedaf18c446af448f705c33d553e8c2e9f7,5170ec511fb50cdf10d648416d508574d70e9781ddf156a1b2a86d2b385e94dc,100,1729,maximum_information_gain,2000.0,3000.0
kata1-b10c128-s56992512-d31122236,86,3474.9828602175908,3393.5733094008015,3556.39241103438,3439.420101936604,35.5627582809866,2,a5803f8a5d9d87202b43d709cb328cedaf18c446af448f705c33d553e8c2e9f7,5170ec511fb50cdf10d648416d508574d70e9781ddf156a1b2a86d2b385e94dc,100,1729,maximum_information_gain,2000.0,3000.0
kata1-b10c128-s56992512-d31122236,88,3474.671500595192,3394.116865760517,3555.2261354298666,3439.420101936604,35.25139865858773,2,a5803f8a5d9d87202b43d709cb328cedaf18c446af448f705c33d553e8c2e9f7,5170ec511fb50cdf10d648416d508574d70e9781ddf156a1b2a86d2b385e94dc,100,1729,maximum_information_gain,2000.0,3000.0
kata1-b10c128-s56992512-d31122236,90,3478.481330157661,3398.815384031705,3558.147276283617,3439.420101936604,39.06122822105681,2,a5803f8a5d9d87202b43d709cb328cedaf18c446af448f705c33d553e8c2e9f7,5170ec511fb50cdf10d648416d508574d70e9781ddf156a1b2a86d2b385e94dc,100,1729,maximum_information_gain,2000.0,3000.0
kata1-b10c128-s56992512-d31122236,92,3474.09322654394,3395.152778574809,3553.033674513071,3439.420101936604,34.67312460733592,2,a5803f8a5d9d87202b43d709cb328cedaf18c446af448f705c33d553e8c2e9f7,5170ec511fb50cdf10d648416d508574d70e9781ddf156a1b2a86d2b385e94dc,100,1729,maximum_information_gain,2000.0,3000.0
kata1-b10c128-s56992512-d31122236,94,3481.651771667444,3403.5836215310833,3559.7199218038045,3439.420101936604,42.23166973083971,2,a5803f8a5d9d87202b43d709cb328cedaf18c446af448f705c33d553e8c2e9f7,5170ec511fb50cdf10d648416d508574d70e9781ddf156a1b2a86d2b385e94dc,100,1729,maximum_information_gain,2000.0,3000.0
kata1-b10c128-s56992512-d31122236,96,3481.9156693704417,3404.587451636841,3559.2438871040426,3439.420101936604,42.49556743383755,2,a5803f8a5d9d87202b43d709cb328cedaf18c446af448f705c33d553e8c2e9f7,5170ec511fb50cdf10d648416d508574d70e9781ddf156a1b2a86d2b385e94dc,100,1729,maximum_information_gain,2000.0,3000.0
kata1-b10c128-s56992512-d31122236,98,3474.6845951341415,3397.9711622808136,3551.3980279874695,3439.420101936604,35.26449319753738,2,a5803f8a5d9d87202b43d709cb328cedaf18c446af448f705c33d553e8c2e9f7,5170ec511fb50cdf10d648416d508574d70e9781ddf156a1b2a86d2b385e94dc,100,1729,maximum_information_gain,2000.0,3000.0
kata1-b10c128-s56992512-d31122236,100,3474.4137931826754,3398.387360971434,3550.4402253939165,3439.420101936604,34.993691246071194,2,a5803f8a5d9d87202b43d709cb328cedaf18c446af448f705c33d553e8c2e9f7,5170ec511fb50cdf10d648416d508574d70e9781ddf156a1b2a86d2b385e94dc,100,1729,maximum_information_gain,2000.0,3000.0
kata1-b10c128-s182492416-d63545831,2,2847.8257996074544,414.54919566509807,5281.10240354981,3536.7529566574012,-688.9271570499468,2,a5803f8a5d9d87202b43d709cb328cedaf18c446af448f705c33d553e8c2e9f7,5170ec511fb50cdf10d648416d508574d70e9781ddf156a1b2a86d2b385e94dc,100,1729,maximum_information_gain,2000.0,3000.0
kata1-b10c128-s182492416-d63545831,4,3566.504086575605,1695.9884286019933,5437.019744549217,3536.7529566574012,29.751129918203787,2,a5803f8a5d9d87202b43d709cb328cedaf18c446af448f705c33d553e8c2e9f7,5170ec511fb50cdf10d648416d508574d70e9781ddf156a1b2a86d2b385e94dc,100,1729,maximum_information_gain,2000.0,3000.0
kata1-b10c128-s182492416-d63545831,6,3193.0758231953414,2652.4499056717787,3733.701740718904,3536.7529566574012,-343.6771334620598,2,a5803f8a5d9d87202b43d709cb328cedaf18c446af448f705c33d553e8c2e9f7,5170ec511fb50cdf10d648416d508574d70e9781ddf156a1b2a86d2b385e94dc,100,1729,maximum_information_gain,2000.0,3000.0
kata1-b10c128-s182492416-d63545831,8,3390.602878358476,3017.5285944403404,3763.677162276612,3536.7529566574012,-146.1500782989251,2,a5803f8a5d9d87202b43d709cb328cedaf18c446af448f705c33d553e8c2e9f7,5170ec511fb50cdf10d648416d508574d70e9781ddf156a1b2a86d2b385e94dc,100,1729,maximum_information_gain,2000.0,3000.0
kata1-b10c128-s182492416-d63545831,10,3389.7548388190207,3093.946493684851,3685.5631839531907,3536.7529566574012,-146.9981178383805,2,a5803f8a5d9d87202b43d709cb328cedaf18c446af448f705c33d553e8c2e9f7,5170ec511fb50cdf10d648416d508574d70e9781ddf156a1b2a86d2b385e94dc,100,1729,maximum_information_gain,2000.0,3000.0
kata1-b10c128-s182492416-d63545831,12,3486.562658812813,3224.318857881826,3748.8064597438,3536.7529566574012,-50.19029784458826,2,a5803f8a5d9d87202b43d709cb328cedaf18c446af448f705c33d553e8c2e9f7,5170ec511fb50cdf10d648416d508574d70e9781ddf156a1b2a86d2b385e94dc,100,1729,maximum_information_gain,2000.0,3000.0
kata1-b10c128-s182492416-d63545831,14,3411.42392799954,3184.7301585615123,3638.1176974375676,3536.7529566574012,-125.32902865786127,2,a5803f8a5d9d87202b43d709cb328cedaf18c446af448f705c33d553e8c2e9f7,5170ec511fb50cdf10d648416d508574d70e9781ddf156a1b2a86d2b385e94dc,100,1729,maximum_information_gain,2000.0,3000.0
kata1-b10c128-s182492416-d63545831,16,3447.4379719835606,3240.7244167667886,3654.1515272003326,3536.7529566574012,-89.31498467384063,2,a5803f8a5d9d87202b43d709cb328cedaf18c446af448f705c33d553e8c2e9f7,5170ec511fb50cdf10d648416d508574d70e9781ddf156a1b2a86d2b385e94dc,100,1729,maximum_information_gain,2000.0,3000.0
kata1-b10c128-s182492416-d63545831,18,3503.085877277849,3308.788984418959,3697.3827701367386,3536.7529566574012,-33.66707937955243,2,a5803f8a5d9d87202b43d709cb328cedaf18c446af448f705c33d553e8c2e9f7,5170ec511fb50cdf10d648416d508574d70e9781ddf156a1b2a86d2b385e94dc,100,1729,maximum_information_gain,2000.0,3000.0
kata1-b10c128-s182492416-d63545831,20,3456.7574492757676,3278.387148244816,3635.127750306719,3536.7529566574012,-79.99550738163362,2,a5803f8a5d9d87202b43d709cb328cedaf18c446af448f705c33d553e8c2e9f7,5170ec511fb50cdf10d648416d508574d70e9781ddf156a1b2a86d2b385e94dc,100,1729,maximum_information_gain,2000.0,3000.0
kata1-b10c128-s182492416-d63545831,22,3477.376754910091,3308.8483131892594,3645.905196630923,3536.7529566574012,-59.376201747310006,2,a5803f8a5d9d87202b43d709cb328cedaf18c446af448f705c33d553e8c2e9f7,5170ec511fb50cdf10d648416d508574d70e9781ddf156a1b2a86d2b385e94dc,100,1729,maximum_information_gain,2000.0,3000.0
kata1-b10c128-s182492416-d63545831,24,3442.4674255736677,3283.3895669954204,3601.545284151915,3536.7529566574012,-94.28553108373353,2,a5803f8a5d9d87202b43d709cb328cedaf18c446af448f705c33d553e8c2e9f7,5170ec511fb50cdf10d648416d508574d70e9781ddf156a1b2a86d2b385e94dc,100,1729,maximum_information_gain,2000.0,3000.0
kata1-b10c128-s182492416-d63545831,26,3475.2645491870157,3323.1720181135647,3627.357080260467,3536.7529566574012,-61.48840747038548,2,a5803f8a5d9d87202b43d709cb328cedaf18c446af448f705c33d553e8c2e9f7,5170ec511fb50cdf10d648416d508574d70e9781ddf156a1b2a86d2b385e94dc,100,1729,maximum_information_gain,2000.0,3000.0
kata1-b10c128-s182492416-d63545831,28,3504.378265846423,3357.505667054226,3651.25086463862,3536.7529566574012,-32.374690810978336,2,a5803f8a5d9d87202b43d709cb328cedaf18c446af448f705c33d553e8c2e9f7,5170ec511fb50cdf10d648416d508574d70e9781ddf156a1b2a86d2b385e94dc,100,1729,maximum_information_gain,2000.0,3000.0
kata1-b10c128-s182492416-d63545831,30,3504.6695254064366,3363.6745162571706,3645.6645345557026,3536.7529566574012,-32.08343125096462,2,a5803f8a5d9d87202b43d709cb328cedaf18c446af448f705c33d553e8c2e9f7,5170ec511fb50cdf10d648416d508574d70e9781ddf156a1b2a86d2b385e94dc,100,1729,maximum_information_gain,2000.0,3000.0
kata1-b10c128-s182492416-d63545831,32,3478.7896170983254,3343.867613875851,3613.7116203207997,3536.7529566574012,-57.96333955907585,2,a5803f8a5d9d87202b43d709cb328cedaf18c446af448f705c33d553e8c2e9f7,5170ec511fb50cdf10d648416d508574d70e9781ddf156a1b2a86d2b385e94dc,100,1729,maximum_information_gain,2000.0,3000.0
kata1-b10c128-s182492416-d63545831,34,3455.7717821272163,3325.565796858288,3585.9777673961444,3536.7529566574012,-80.98117453018494,2,a5803f8a5d9d87202b43d709cb328cedaf18c446af448f705c33d553e8c2e9f7,5170ec511fb50cdf10d648416d508574d70e9781ddf156a1b2a86d2b385e94dc,100,1729,maximum_information_gain,2000.0,3000.0
kata1-b10c128-s182492416-d63545831,36,3455.8541597258545,3329.7099146338396,3581.9984048178694,3536.7529566574012,-80.89879693154671,2,a5803f8a5d9d87202b43d709cb328cedaf18c446af448f705c33d553e8c2e9f7,5170ec511fb50cdf10d648416d508574d70e9781ddf156a1b2a86d2b385e94dc,100,1729,maximum_information_gain,2000.0,3000.0
kata1-b10c128-s182492416-d63545831,38,3454.758203367305,3332.291274557943,3577.2251321766676,3536.7529566574012,-81.99475329009601,2,a5803f8a5d9d87202b43d709cb328cedaf18c446af448f705c33d553e8c2e9f7,5170ec511fb50cdf10d648416d508574d70e9781ddf156a1b2a86d2b385e94dc,100,1729,maximum_information_gain,2000.0,3000.0
kata1-b10c128-s182492416-d63545831,40,3454.888924360752,3335.7706292488415,3574.007219472662,3536.7529566574012,-81.86403229664938,2,a5803f8a5d9d87202b43d709cb328cedaf18c446af448f705c33d553e8c2e9f7,5170ec511fb50cdf10d648416d508574d70e9781ddf156a1b2a86d2b385e94dc,100,1729,maximum_information_gain,2000.0,3000.0
kata1-b10c128-s182492416-d63545831,42,3435.0670901091235,3318.848759944064,3551.285420274183,3536.7529566574012,-101.68586654827777,2,a5803f8a5d9d87202b43d709cb328cedaf18c446af448f705c33d553e8c2e9f7,5170ec511fb50cdf10d648416d508574d70e9781ddf156a1b2a86d2b385e94dc,100,1729,maximum_information_gain,2000.0,3000.0
kata1-b10c128-s182492416-d63545831,44,3435.223726616858,3321.847079363909,3548.6003738698073,3536.7529566574012,-101.5292300405431,2,a5803f8a5d9d87202b43d709cb328cedaf18c446af448f705c33d553e8c2e9f7,5170ec511fb50cdf10d648416d508574d70e9781ddf156a1b2a86d2b385e94dc,100,1729,maximum_information_gain,2000.0,3000.0
kata1-b10c128-s182492416-d63545831,46,3452.391841009319,3341.764311525255,3563.0193704933827,3536.7529566574012,-84.36111564808243,2,a5803f8a5d9d87202b43d709cb328cedaf18c446af448f705c33d553e8c2e9f7,5170ec511fb50cdf10d648416d508574d70e9781ddf156a1b2a86d2b385e94dc,100,1729,maximum_information_gain,2000.0,3000.0
kata1-b10c128-s182492416-d63545831,48,3452.60796061722,3344.400056743636,3560.8158644908044,3536.7529566574012,-84.14499604018101,2,a5803f8a5d9d87202b43d709cb328cedaf18c446af448f705c33d553e8c2e9f7,5170ec511fb50cdf10d648416d508574d70e9781ddf156a1b2a86d2b385e94dc,100,1729,maximum_information_gain,2000.0,3000.0
kata1-b10c128-s182492416-d63545831,50,3452.8041851436415,3346.845685129038,3558.762685158245,3536.7529566574012,-83.94877151375977,2,a5803f8a5d9d87202b43d709cb328cedaf18c446af448f705c33d553e8c2e9f7,5170ec511fb50cdf10d648416d508574d70e9781ddf156a1b2a86d2b385e94dc,100,1729,maximum_information_gain,2000.0,3000.0
kata1-b10c128-s182492416-d63545831,52,3437.3234228196256,3333.373380971326,3541.2734646679255,3536.7529566574012,-99.42953383777558,2,a5803f8a5d9d87202b43d709cb328cedaf18c446af448f705c33d553e8c2e9f7,5170ec511fb50cdf10d648416d508574d70e9781ddf156a1b2a86d2b385e94dc,100,1729,maximum_information_gain,2000.0,3000.0
kata1-b10c128-s182492416-d63545831,54,3451.585381710776,3349.6891042303955,3553.4816591911563,3536.7529566574012,-85.16757494662534,2,a5803f8a5d9d87202b43d709cb328cedaf18c446af448f705c33d553e8c2e9f7,5170ec511fb50cdf10d648416d508574d70e9781ddf156a1b2a86d2b385e94dc,100,1729,maximum_information_gain,2000.0,3000.0
kata1-b10c128-s182492416-d63545831,56,3451.7985992091685,3351.748331291591,3551.848867126746,3536.7529566574012,-84.95435744823271,2,a5803f8a5d9d87202b43d709cb328cedaf18c446af448f705c33d553e8c2e9f7,5170ec511fb50cdf10d648416d508574d70e9781ddf156a1b2a86d2b385e94dc,100,1729,maximum_information_gain,2000.0,3000.0
kata1-b10c128-s182492416-d63545831,58,3451.995480040562,3353.6804239775247,3550.3105361035996,3536.7529566574012,-84.75747661683909,2,a5803f8a5d9d87202b43d709cb328cedaf18c446af448f705c33d553e8c2e9f7,5170ec511fb50cdf10d648416d508574d70e9781ddf156a1b2a86d2b385e94dc,100,1729,maximum_information_gain,2000.0,3000.0
kata1-b10c128-s182492416-d63545831,60,3464.1560517414896,3367.4292672045935,3560.8828362783856,3536.7529566574012,-72.59690491591164,2,a5803f8a5d9d87202b43d709cb328cedaf18c446af448f705c33d553e8c2e9f7,5170ec511fb50cdf10d648416d508574d70e9781ddf156a1b2a86d2b385e94dc,100,1729,maximum_information_gain,2000.0,3000.0
kata1-b10c128-s182492416-d63545831,62,3477.5484459841377,3382.2252923677797,3572.8715996004958,3536.7529566574012,-59.204510673263485,2,a5803f8a5d9d87202b43d709cb328cedaf18c446af448f705c33d553e8c2e9f7,5170ec511fb50cdf10d648416d508574d70e9781ddf156a1b2a86d2b385e94dc,100,1729,maximum_information_gain,2000.0,3000.0
kata1-b10c128-s182492416-d63545831,64,3478.1328494783716,3384.284977065598,3571.980721891145,3536.7529566574012,-58.620107179029674,2,a5803f8a5d9d87202b43d709cb328cedaf18c446af448f705c33d553e8c2e9f7,5170ec511fb50cdf10d648416d508574d70e9781ddf156a1b2a86d2b385e94dc,100,1729,maximum_information_gain,2000.0,3000.0
kata1-b10c128-s182492416-d63545831,66,3478.6779462146665,3386.228462427617,3571.1274300017158,3536.7529566574012,-58.075010442734765,2,a5803f8a5d9d87202b43d709cb328cedaf18c446af448f705c33d553e8c2e9f7,5170ec511fb50cdf10d648416d508574d70e9781ddf156a1b2a86d2b385e94dc,100,1729,maximum_information_gain,2000.0,3000.0
kata1-b10c128-s182492416-d63545831,68,3468.4767928706387,3377.458342187865,3559.4952435534124,3536.7529566574012,-68.27616378676248,2,a5803f8a5d9d87202b43d709cb328cedaf18c446af448f705c33d553e8c2e9f7,5170ec511fb50cdf10d648416d508574d70e9781ddf156a1b2a86d2b385e94dc,100,1729,maximum_information_gain,2000.0,3000.0
kata1-b10c128-s182492416-d63545831,70,3480.0578424729956,3390.1964071782127,3569.9192777677786,3536.7529566574012,-56.69511418440561,2,a5803f8a5d9d87202b43d709cb328cedaf18c446af448f705c33d553e8c2e9f7,5170ec511fb50cdf10d648416d508574d70e9781ddf156a1b2a86d2b385e94dc,100,1729,maximum_information_gain,2000.0,3000.0
kata1-b10c128-s182492416-d63545831,72,3480.9119874203725,3392.251120981281,3569.572853859464,3536.7529566574012,-55.84096923702873,2,a5803f8a5d9d87202b43d709cb328cedaf18c446af448f705c33d553e8c2e9f7,5170ec511fb50cdf10d648416d508574d70e9781ddf156a1b2a86d2b385e94dc,100,1729,maximum_information_gain,2000.0,3000.0
kata1-b10c128-s182492416-d63545831,74,3491.4807370918866,3403.823296703245,3579.138177480528,3536.7529566574012,-45.27221956551466,2,a5803f8a5d9d87202b43d709cb328cedaf18c446af448f705c33d553e8c2e9f7,5170ec511fb50cdf10d648416d508574d70e9781ddf156a1b2a86d2b385e94dc,100,1729,maximum_information_gain,2000.0,3000.0
kata1-b10c128-s182492416-d63545831,76,3492.5105153291047,3405.950465326425,3579.0705653317846,3536.7529566574012,-44.242441328296536,2,a5803f8a5d9d87202b43d709cb328cedaf18c446af448f705c33d553e8c2e9f7,5170ec511fb50cdf10d648416d508574d70e9781ddf156a1b2a86d2b385e94dc,100,1729,maximum_information_gain,2000.0,3000.0
kata1-b10c128-s182492416-d63545831,78,3492.953527287453,3407.4538139895535,3578.453240585353,3536.7529566574012,-43.79942936994803,2,a5803f8a5d9d87202b43d709cb328cedaf18c446af448f705c33d553e8c2e9f7,5170ec511fb50cdf10d648416d508574d70e9781ddf156a1b2a86d2b385e94dc,100,1729,maximum_information_gain,2000.0,3000.0
kata1-b10c128-s182492416-d63545831,80,3503.342267528371,3418.67873488606,3588.005800170682,3536.7529566574012,-33.41068912903029,2,a5803f8a5d9d87202b43d709cb328cedaf18c446af448f705c33d553e8c2e9f7,5170ec511fb50cdf10d648416d508574d70e9781ddf156a1b2a86d2b385e94dc,100,1729,maximum_information_gain,2000.0,3000.0
kata1-b10c128-s182492416-d63545831,82,3494.7706196666522,3411.244609118326,3578.2966302149784,3536.7529566574012,-41.98233699074899,2,a5803f8a5d9d87202b43d709cb328cedaf18c446af448f705c33d553e8c2e9f7,5170ec511fb50cdf10d648416d508574d70e9781ddf156a1b2a86d2b385e94dc,100,1729,maximum_information_gain,2000.0,3000.0
kata1-b10c128-s182492416-d63545831,84,3495.1223566088574,3412.5329633601727,3577.711749857542,3536.7529566574012,-41.63060004854378,2,a5803f8a5d9d87202b43d709cb328cedaf18c446af448f705c33d553e8c2e9f7,5170ec511fb50cdf10d648416d508574d70e9781ddf156a1b2a86d2b385e94dc,100,1729,maximum_information_gain,2000.0,3000.0
kata1-b10c128-s182492416-d63545831,86,3504.1651351539736,3422.33533541594,3585.994934892007,3536.7529566574012,-32.587821503427676,2,a5803f8a5d9d87202b43d709cb328cedaf18c446af448f705c33d553e8c2e9f7,5170ec511fb50cdf10d648416d508574d70e9781ddf156a1b2a86d2b385e94dc,100,1729,maximum_information_gain,2000.0,3000.0
kata1-b10c128-s182492416-d63545831,88,3509.0134040004477,3427.970440785101,3590.0563672157946,3536.7529566574012,-27.739552656953492,2,a5803f8a5d9d87202b43d709cb328cedaf18c446af448f705c33d553e8c2e9f7,5170ec511fb50cdf10d648416d508574d70e9781ddf156a1b2a86d2b385e94dc,100,1729,maximum_information_gain,2000.0,3000.0
kata1-b10c128-s182492416-d63545831,90,3509.452344724554,3429.24888981541,3589.6557996336983,3536.7529566574012,-27.300611932847005,2,a5803f8a5d9d87202b43d709cb328cedaf18c446af448f705c33d553e8c2e9f7,5170ec511fb50cdf10d648416d508574d70e9781ddf156a1b2a86d2b385e94dc,100,1729,maximum_information_gain,2000.0,3000.0
kata1-b10c128-s182492416-d63545831,92,3501.7320799563086,3422.4702671920245,3580.9938927205926,3536.7529566574012,-35.020876701092675,2,a5803f8a5d9d87202b43d709cb328cedaf18c446af448f705c33d553e8c2e9f7,5170ec511fb50cdf10d648416d508574d70e9781ddf156a1b2a86d2b385e94dc,100,1729,maximum_information_gain,2000.0,3000.0
kata1-b10c128-s182492416-d63545831,94,3501.559516525992,3423.080656475973,3580.038376576011,3536.7529566574012,-35.19344013140926,2,a5803f8a5d9d87202b43d709cb328cedaf18c446af448f705c33d553e8c2e9f7,5170ec511fb50cdf10d648416d508574d70e9781ddf156a1b2a86d2b385e94dc,100,1729,maximum_information_gain,2000.0,3000.0
kata1-b10c128-s182492416-d63545831,96,3501.707544639814,3423.9798689681033,3579.4352203115245,3536.7529566574012,-35.045412017587296,2,a5803f8a5d9d87202b43d709cb328cedaf18c446af448f705c33d553e8c2e9f7,5170ec511fb50cdf10d648416d508574d70e9781ddf156a1b2a86d2b385e94dc,100,1729,maximum_information_gain,2000.0,3000.0
kata1-b10c128-s182492416-d63545831,98,3501.542736780136,3424.543751679959,3578.5417218803127,3536.7529566574012,-35.210219877265445,2,a5803f8a5d9d87202b43d709cb328cedaf18c446af448f705c33d553e8c2e9f7,5170ec511fb50cdf10d648416d508574d70e9781ddf156a1b2a86d2b385e94dc,100,1729,maximum_information_gain,2000.0,3000.0
kata1-b10c128-s182492416-d63545831,100,3509.107444409145,3432.702334266512,3585.512554551778,3536.7529566574012,-27.645512248256182,2,a5803f8a5d9d87202b43d709cb328cedaf18c446af448f705c33d553e8c2e9f7,5170ec511fb50cdf10d648416d508574d70e9781ddf156a1b2a86d2b385e94dc,100,1729,maximum_information_gain,2000.0,3000.0
kata1-b15c192-s230670592-d99188084,2,2847.8321874063954,414.5639078757981,5281.100466936992,3639.814208464313,-791.9820210579178,2,a5803f8a5d9d87202b43d709cb328cedaf18c446af448f705c33d553e8c2e9f7,5170ec511fb50cdf10d648416d508574d70e9781ddf156a1b2a86d2b385e94dc,100,1729,maximum_information_gain,2000.0,3000.0
kata1-b15c192-s230670592-d99188084,4,3566.474890656233,1695.9445333723768,5437.005247940089,3639.814208464313,-73.33931780808007,2,a5803f8a5d9d87202b43d709cb328cedaf18c446af448f705c33d553e8c2e9f7,5170ec511fb50cdf10d648416d508574d70e9781ddf156a1b2a86d2b385e94dc,100,1729,maximum_information_gain,2000.0,3000.0
kata1-b15c192-s230670592-d99188084,6,3190.566181859364,2653.0704393328397,3728.0619243858882,3639.814208464313,-449.24802660494925,2,a5803f8a5d9d87202b43d709cb328cedaf18c446af448f705c33d553e8c2e9f7,5170ec511fb50cdf10d648416d508574d70e9781ddf156a1b2a86d2b385e94dc,100,1729,maximum_information_gain,2000.0,3000.0
kata1-b15c192-s230670592-d99188084,8,3388.0260379683978,3016.3683951737894,3759.683680763006,3639.814208464313,-251.78817049591544,2,a5803f8a5d9d87202b43d709cb328cedaf18c446af448f705c33d553e8c2e9f7,5170ec511fb50cdf10d648416d508574d70e9781ddf156a1b2a86d2b385e94dc,100,1729,maximum_information_gain,2000.0,3000.0
kata1-b15c192-s230670592-d99188084,10,3388.2301385367873,3093.0755241202023,3683.3847529533723,3639.814208464313,-251.5840699275259,2,a5803f8a5d9d87202b43d709cb328cedaf18c446af448f705c33d553e8c2e9f7,5170ec511fb50cdf10d648416d508574d70e9781ddf156a1b2a86d2b385e94dc,100,1729,maximum_information_gain,2000.0,3000.0
kata1-b15c192-s230670592-d99188084,12,3485.1852320510775,3223.41724636052,3746.953217741635,3639.814208464313,-154.6289764132357,2,a5803f8a5d9d87202b43d709cb328cedaf18c446af448f705c33d553e8c2e9f7,5170ec511fb50cdf10d648416d508574d70e9781ddf156a1b2a86d2b385e94dc,100,1729,maximum_information_gain,2000.0,3000.0
kata1-b15c192-s230670592-d99188084,14,3487.667702014402,3256.6102018826573,3718.725202146147,3639.814208464313,-152.14650644991116,2,a5803f8a5d9d87202b43d709cb328cedaf18c446af448f705c33d553e8c2e9f7,5170ec511fb50cdf10d648416d508574d70e9781ddf156a1b2a86d2b385e94dc,100,1729,maximum_information_gain,2000.0,3000.0
kata1-b15c192-s230670592-d99188084,16,3489.235949695649,3280.037246123225,3698.4346532680734,3639.814208464313,-150.578258768664,2,a5803f8a5d9d87202b43d709cb328cedaf18c446af448f705c33d553e8c2e9f7,5170ec511fb50cdf10d648416d508574d70e9781ddf156a1b2a86d2b385e94dc,100,1729,maximum_information_gain,2000.0,3000.0
kata1-b15c192-s230670592-d99188084,18,3547.974469045499,3349.843507831295,3746.105430259703,3639.814208464313,-91.83973941881413,2,a5803f8a5d9d87202b43d709cb328cedaf18c446af448f705c33d553e8c2e9f7,5170ec511fb50cdf10d648416d508574d70e9781ddf156a1b2a86d2b385e94dc,100,1729,maximum_information_gain,2000.0,3000.0
kata1-b15c192-s230670592-d99188084,20,3546.2184290502105,3362.5247738506228,3729.912084249798,3639.814208464313,-93.59577941410271,2,a5803f8a5d9d87202b43d709cb328cedaf18c446af448f705c33d553e8c2e9f7,5170ec511fb50cdf10d648416d508574d70e9781ddf156a1b2a86d2b385e94dc,100,1729,maximum_information_gain,2000.0,3000.0
kata1-b15c192-s230670592-d99188084,22,3547.908390326375,3375.518417610071,3720.298363042679,3639.814208464313,-91.90581813793824,2,a5803f8a5d9d87202b43d709cb328cedaf18c446af448f705c33d553e8c2e9f7,5170ec511fb50cdf10d648416d508574d70e9781ddf156a1b2a86d2b385e94dc,100,1729,maximum_information_gain,2000.0,3000.0
kata1-b15c192-s230670592-d99188084,24,3585.2344662834257,3418.755232073363,3751.7137004934884,3639.814208464313,-54.57974218088748,2,a5803f8a5d9d87202b43d709cb328cedaf18c446af448f705c33d553e8c2e9f7,5170ec511fb50cdf10d648416d508574d70e9781ddf156a1b2a86d2b385e94dc,100,1729,maximum_information_gain,2000.0,3000.0
kata1-b15c192-s230670592-d99188084,26,3582.677561305681,3424.988528403779,3740.366594207583,3639.814208464313,-57.13664715863206,2,a5803f8a5d9d87202b43d709cb328cedaf18c446af448f705c33d553e8c2e9f7,5170ec511fb50cdf10d648416d508574d70e9781ddf156a1b2a86d2b385e94dc,100,1729,maximum_information_gain,2000.0,3000.0
kata1-b15c192-s230670592-d99188084,28,3613.8067141708534,3460.0867037246408,3767.526724617066,3639.814208464313,-26.007494293459786,2,a5803f8a5d9d87202b43d709cb328cedaf18c446af448f705c33d553e8c2e9f7,5170ec511fb50cdf10d648416d508574d70e9781ddf156a1b2a86d2b385e94dc,100,1729,maximum_information_gain,2000.0,3000.0
kata1-b15c192-s230670592-d99188084,30,3585.6181506790085,3441.147148000479,3730.089153357538,3639.814208464313,-54.196057785304674,2,a5803f8a5d9d87202b43d709cb328cedaf18c446af448f705c33d553e8c2e9f7,5170ec511fb50cdf10d648416d508574d70e9781ddf156a1b2a86d2b385e94dc,100,1729,maximum_information_gain,2000.0,3000.0
kata1-b15c192-s230670592-d99188084,32,3569.956108472035,3432.0069370499286,3707.905279894141,3639.814208464313,-69.85809999227831,2,a5803f8a5d9d87202b43d709cb328cedaf18c446af448f705c33d553e8c2e9f7,5170ec511fb50cdf10d648416d508574d70e9781ddf156a1b2a86d2b385e94dc,100,1729,maximum_information_gain,2000.0,3000.0
kata1-b15c192-s230670592-d99188084,34,3594.699497712561,3460.1066844283855,3729.2923109967364,3639.814208464313,-45.11471075175223,2,a5803f8a5d9d87202b43d709cb328cedaf18c446af448f705c33d553e8c2e9f7,5170ec511fb50cdf10d648416d508574d70e9781ddf156a1b2a86d2b385e94dc,100,1729,maximum_information_gain,2000.0,3000.0
kata1-b15c192-s230670592-d99188084,36,3592.363243102367,3462.373874573438,3722.352611631296,3639.814208464313,-47.450965361946146,2,a5803f8a5d9d87202b43d709cb328cedaf18c446af448f705c33d553e8c2e9f7,5170ec511fb50cdf10d648416d508574d70e9781ddf156a1b2a86d2b385e94dc,100,1729,maximum_information_gain,2000.0,3000.0
kata1-b15c192-s230670592-d99188084,38,3612.92591127989,3485.4981773749514,3740.3536451848286,3639.814208464313,-26.88829718442321,2,a5803f8a5d9d87202b43d709cb328cedaf18c446af448f705c33d553e8c2e9f7,5170ec511fb50cdf10d648416d508574d70e9781ddf156a1b2a86d2b385e94dc,100,1729,maximum_information_gain,2000.0,3000.0
kata1-b15c192-s230670592-d99188084,40,3636.626727674968,3511.071762875923,3762.1816924740133,3639.814208464313,-3.187480789345045,2,a5803f8a5d9d87202b43d709cb328cedaf18c446af448f705c33d553e8c2e9f7,5170ec511fb50cdf10d648416d508574d70e9781ddf156a1b2a86d2b385e94dc,100,1729,maximum_information_gain,2000.0,3000.0
kata1-b15c192-s230670592-d99188084,42,3636.854742263305,3514.899331301105,3758.810153225505,3639.814208464313,-2.9594662010081265,2,a5803f8a5d9d87202b43d709cb328cedaf18c446af448f705c33d553e8c2e9f7,5170ec511fb50cdf10d648416d508574d70e9781ddf156a1b2a86d2b385e94dc,100,1729,maximum_information_gain,2000.0,3000.0
kata1-b15c192-s230670592-d99188084,44,3637.0566342189686,3518.381999344851,3755.731269093086,3639.814208464313,-2.7575742453445855,2,a5803f8a5d9d87202b43d709cb328cedaf18c446af448f705c33d553e8c2e9f7,5170ec511fb50cdf10d648416d508574d70e9781ddf156a1b2a86d2b385e94dc,100,1729,maximum_information_gain,2000.0,3000.0
kata1-b15c192-s230670592-d99188084,46,3618.744837628081,3504.2236985580653,3733.2659766980964,3639.814208464313,-21.069370836232338,2,a5803f8a5d9d87202b43d709cb328cedaf18c446af448f705c33d553e8c2e9f7,5170ec511fb50cdf10d648416d508574d70e9781ddf156a1b2a86d2b385e94dc,100,1729,maximum_information_gain,2000.0,3000.0
kata1-b15c192-s230670592-d99188084,48,3637.397200539283,3524.494113902836,3750.30028717573,3639.814208464313,-2.417007925030248,2,a5803f8a5d9d87202b43d709cb328cedaf18c446af448f705c33d553e8c2e9f7,5170ec511fb50cdf10d648416d508574d70e9781ddf156a1b2a86d2b385e94dc,100,1729,maximum_information_gain,2000.0,3000.0
kata1-b15c192-s230670592-d99188084,50,3646.0193815831763,3535.141012659447,3756.8977505069056,3639.814208464313,6.205173118863058,2,a5803f8a5d9d87202b43d709cb328cedaf18c446af448f705c33d553e8c2e9f7,5170ec511fb50cdf10d648416d508574d70e9781ddf156a1b2a86d2b385e94dc,100,1729,maximum_information_gain,2000.0,3000.0
kata1-b15c192-s230670592-d99188084,52,3639.6614984660478,3531.565806231258,3747.7571907008373,3639.814208464313,-0.1527099982654363,2,a5803f8a5d9d87202b43d709cb328cedaf18c446af448f705c33d553e8c2e9f7,5170ec511fb50cdf10d648416d508574d70e9781ddf156a1b2a86d2b385e94dc,100,1729,maximum_information_gain,2000.0,3000.0
kata1-b15c192-s230670592-d99188084,54,3655.2337191603083,3548.473298513022,3761.9941398075944,3639.814208464313,15.419510695995086,2,a5803f8a5d9d87202b43d709cb328cedaf18c446af448f705c33d553e8c2e9f7,5170ec511fb50cdf10d648416d508574d70e9781ddf156a1b2a86d2b385e94dc,100,1729,maximum_information_gain,2000.0,3000.0
kata1-b15c192-s230670592-d99188084,56,3648.9708408980296,3544.701617042444,3753.240064753615,3639.814208464313,9.156632433716368,2,a5803f8a5d9d87202b43d709cb328cedaf18c446af448f705c33d553e8c2e9f7,5170ec511fb50cdf10d648416d508574d70e9781ddf156a1b2a86d2b385e94dc,100,1729,maximum_information_gain,2000.0,3000.0
kata1-b15c192-s230670592-d99188084,58,3636.149130215827,3534.425251113871,3737.873009317783,3639.814208464313,-3.6650782484862248,2,a5803f8a5d9d87202b43d709cb328cedaf18c446af448f705c33d553e8c2e9f7,5170ec511fb50cdf10d648416d508574d70e9781ddf156a1b2a86d2b385e94dc,100,1729,maximum_information_gain,2000.0,3000.0
kata1-b15c192-s230670592-d99188084,60,3649.947806550245,3549.4591536291496,3750.43645947134,3639.814208464313,10.13359808593168,2,a5803f8a5d9d87202b43d709cb328cedaf18c446af448f705c33d553e8c2e9f7,5170ec511fb50cdf10d648416d508574d70e9781ddf156a1b2a86d2b385e94dc,100,1729,maximum_information_gain,2000.0,3000.0
kata1-b15c192-s230670592-d99188084,62,3638.0554527231475,3539.781026784702,3736.329878661593,3639.814208464313,-1.7587557411657144,2,a5803f8a5d9d87202b43d709cb328cedaf18c446af448f705c33d553e8c2e9f7,5170ec511fb50cdf10d648416d508574d70e9781ddf156a1b2a86d2b385e94dc,100,1729,maximum_information_gain,2000.0,3000.0
kata1-b15c192-s230670592-d99188084,64,3644.4292146626904,3547.547602549032,3741.3108267763487,3639.814208464313,4.615006198377159,2,a5803f8a5d9d87202b43d709cb328cedaf18c446af448f705c33d553e8c2e9f7,5170ec511fb50cdf10d648416d508574d70e9781ddf156a1b2a86d2b385e94dc,100,1729,maximum_information_gain,2000.0,3000.0
kata1-b15c192-s230670592-d99188084,66,3656.5389823774567,3560.7186778867103,3752.359286868203,3639.814208464313,16.72477391314351,2,a5803f8a5d9d87202b43d709cb328cedaf18c446af448f705c33d553e8c2e9f7,5170ec511fb50cdf10d648416d508574d70e9781ddf156a1b2a86d2b385e94dc,100,1729,maximum_information_gain,2000.0,3000.0
kata1-b15c192-s230670592-d99188084,68,3645.579700257611,3551.657083501925,3739.5023170132968,3639.814208464313,5.76549179329777,2,a5803f8a5d9d87202b43d709cb328cedaf18c446af448f705c33d553e8c2e9f7,5170ec511fb50cdf10d648416d508574d70e9781ddf156a1b2a86d2b385e94dc,100,1729,maximum_information_gain,2000.0,3000.0
kata1-b15c192-s230670592-d99188084,70,3645.3684886423794,3552.8389620811786,3737.89801520358,3639.814208464313,5.554280178066165,2,a5803f8a5d9d87202b43d709cb328cedaf18c446af448f705c33d553e8c2e9f7,5170ec511fb50cdf10d648416d508574d70e9781ddf156a1b2a86d2b385e94dc,100,1729,maximum_information_gain,2000.0,3000.0
kata1-b15c192-s230670592-d99188084,72,3645.1709768241612,3553.962979684732,3736.3789739635904,3639.814208464313,5.356768359848047,2,a5803f8a5d9d87202b43d709cb328cedaf18c446af448f705c33d553e8c2e9f7,5170ec511fb50cdf10d648416d508574d70e9781ddf156a1b2a86d2b385e94dc,100,1729,maximum_information_gain,2000.0,3000.0
kata1-b15c192-s230670592-d99188084,74,3646.415767427805,3556.4246413908827,3736.406893464727,3639.814208464313,6.601558963491698,2,a5803f8a5d9d87202b43d709cb328cedaf18c446af448f705c33d553e8c2e9f7,5170ec511fb50cdf10d648416d508574d70e9781ddf156a1b2a86d2b385e94dc,100,1729,maximum_information_gain,2000.0,3000.0
kata1-b15c192-s230670592-d99188084,76,3642.7464067040264,3554.0453801568306,3731.4474332512223,3639.814208464313,2.932198239713216,2,a5803f8a5d9d87202b43d709cb328cedaf18c446af448f705c33d553e8c2e9f7,5170ec511fb50cdf10d648416d508574d70e9781ddf156a1b2a86d2b385e94dc,100,1729,maximum_information_gain,2000.0,3000.0
kata1-b15c192-s230670592-d99188084,78,3647.6883882726843,3559.9998035818994,3735.376972963469,3639.814208464313,7.874179808371082,2,a5803f8a5d9d87202b43d709cb328cedaf18c446af448f705c33d553e8c2e9f7,5170ec511fb50cdf10d648416d508574d70e9781ddf156a1b2a86d2b385e94dc,100,1729,maximum_information_gain,2000.0,3000.0
kata1-b15c192-s230670592-d99188084,80,3653.7169998137374,3566.964048598589,3740.4699510288856,3639.814208464313,13.902791349424206,2,a5803f8a5d9d87202b43d709cb328cedaf18c446af448f705c33d553e8c2e9f7,5170ec511fb50cdf10d648416d508574d70e9781ddf156a1b2a86d2b385e94dc,100,1729,maximum_information_gain,2000.0,3000.0
kata1-b15c192-s230670592-d99188084,82,3650.1374673362816,3564.531795387876,3735.743139284687,3639.814208464313,10.323258871968392,2,a5803f8a5d9d87202b43d709cb328cedaf18c446af448f705c33d553e8c2e9f7,5170ec511fb50cdf10d648416d508574d70e9781ddf156a1b2a86d2b385e94dc,100,1729,maximum_information_gain,2000.0,3000.0
kata1-b15c192-s230670592-d99188084,84,3646.3987237945607,3561.878936459621,3730.9185111295005,3639.814208464313,6.584515330247541,2,a5803f8a5d9d87202b43d709cb328cedaf18c446af448f705c33d553e8c2e9f7,5170ec511fb50cdf10d648416d508574d70e9781ddf156a1b2a86d2b385e94dc,100,1729,maximum_information_gain,2000.0,3000.0
kata1-b15c192-s230670592-d99188084,86,3646.2066567250986,3562.649799527921,3729.763513922276,3639.814208464313,6.392448260785386,2,a5803f8a5d9d87202b43d709cb328cedaf18c446af448f705c33d553e8c2e9f7,5170ec511fb50cdf10d648416d508574d70e9781ddf156a1b2a86d2b385e94dc,100,1729,maximum_information_gain,2000.0,3000.0
kata1-b15c192-s230670592-d99188084,88,3656.5203197070255,3573.6685614925414,3739.3720779215096,3639.814208464313,16.706111242712268,2,a5803f8a5d9d87202b43d709cb328cedaf18c446af448f705c33d553e8c2e9f7,5170ec511fb50cdf10d648416d508574d70e9781ddf156a1b2a86d2b385e94dc,100,1729,maximum_information_gain,2000.0,3000.0
kata1-b15c192-s230670592-d99188084,90,3657.5894952231865,3575.6124700542023,3739.566520392171,3639.814208464313,17.775286758873335,2,a5803f8a5d9d87202b43d709cb328cedaf18c446af448f705c33d553e8c2e9f7,5170ec511fb50cdf10d648416d508574d70e9781ddf156a1b2a86d2b385e94dc,100,1729,maximum_information_gain,2000.0,3000.0
kata1-b15c192-s230670592-d99188084,92,3658.2702287069224,3577.1435266460444,3739.3969307678003,3639.814208464313,18.456020242609156,2,a5803f8a5d9d87202b43d709cb328cedaf18c446af448f705c33d553e8c2e9f7,5170ec511fb50cdf10d648416d508574d70e9781ddf156a1b2a86d2b385e94dc,100,1729,maximum_information_gain,2000.0,3000.0
kata1-b15c192-s230670592-d99188084,94,3650.9237306586915,3570.7661988989053,3731.0812624184778,3639.814208464313,11.109522194378314,2,a5803f8a5d9d87202b43d709cb328cedaf18c446af448f705c33d553e8c2e9f7,5170ec511fb50cdf10d648416d508574d70e9781ddf156a1b2a86d2b385e94dc,100,1729,maximum_information_gain,2000.0,3000.0
kata1-b15c192-s230670592-d99188084,96,3643.653705725654,3564.3910532132427,3722.9163582380656,3639.814208464313,3.8394972613409664,2,a5803f8a5d9d87202b43d709cb328cedaf18c446af448f705c33d553e8c2e9f7,5170ec511fb50cdf10d648416d508574d70e9781ddf156a1b2a86d2b385e94dc,100,1729,maximum_information_gain,2000.0,3000.0
kata1-b15c192-s230670592-d99188084,98,3639.633333043536,3561.1771924371014,3718.0894736499704,3639.814208464313,-0.18087542077728358,2,a5803f8a5d9d87202b43d709cb328cedaf18c446af448f705c33d553e8c2e9f7,5170ec511fb50cdf10d648416d508574d70e9781ddf156a1b2a86d2b385e94dc,100,1729,maximum_information_gain,2000.0,3000.0
kata1-b15c192-s230670592-d99188084,100,3639.621438315836,3561.8990378478857,3717.343838783786,3639.814208464313,-0.19277014847739338,2,a5803f8a5d9d87202b43d709cb328cedaf18c446af448f705c33d553e8c2e9f7,5170ec511fb50cdf10d648416d508574d70e9781ddf156a1b2a86d2b385e94dc,100,1729,maximum_information_gain,2000.0,3000.0
kata1-b15c192-s1062526208-d272346422,2,2847.8246741544663,414.54656090262915,5281.102787406304,3753.2491292776785,-905.4244551232123,2,a5803f8a5d9d87202b43d709cb328cedaf18c446af448f705c33d553e8c2e9f7,5170ec511fb50cdf10d648416d508574d70e9781ddf156a1b2a86d2b385e94dc,100,1729,maximum_information_gain,2000.0,3000.0
kata1-b15c192-s1062526208-d272346422,4,3566.4615478664787,1695.923178520645,5436.9999172123125,3753.2491292776785,-186.78758141119988,2,a5803f8a5d9d87202b43d709cb328cedaf18c446af448f705c33d553e8c2e9f7,5170ec511fb50cdf10d648416d508574d70e9781ddf156a1b2a86d2b385e94dc,100,1729,maximum_information_gain,2000.0,3000.0
kata1-b15c192-s1062526208-d272346422,6,3565.780756123277,3097.929220199211,4033.632292047343,3753.2491292776785,-187.46837315440143,2,a5803f8a5d9d87202b43d709cb328cedaf18c446af448f705c33d553e8c2e9f7,5170ec511fb50cdf10d648416d508574d70e9781ddf156a1b2a86d2b385e94dc,100,1729,maximum_information_gain,2000.0,3000.0
kata1-b15c192-s1062526208-d272346422,8,3747.5708101006385,3359.228988628785,4135.912631572492,3753.2491292776785,-5.678319177040066,2,a5803f8a5d9d87202b43d709cb328cedaf18c446af448f705c33d553e8c2e9f7,5170ec511fb50cdf10d648416d508574d70e9781ddf156a1b2a86d2b385e94dc,100,1729,maximum_information_gain,2000.0,3000.0
kata1-b15c192-s1062526208-d272346422,10,3684.5579887752065,3393.160023230963,3975.95595431945,3753.2491292776785,-68.69114050247208,2,a5803f8a5d9d87202b43d709cb328cedaf18c446af448f705c33d553e8c2e9f7,5170ec511fb50cdf10d648416d508574d70e9781ddf156a1b2a86d2b385e94dc,100,1729,maximum_information_gain,2000.0,3000.0
kata1-b15c192-s1062526208-d272346422,12,3783.8162976721933,3517.1291572861182,4050.5034380582683,3753.2491292776785,30.567168394514738,2,a5803f8a5d9d87202b43d709cb328cedaf18c446af448f705c33d553e8c2e9f7,5170ec511fb50cdf10d648416d508574d70e9781ddf156a1b2a86d2b385e94dc,100,1729,maximum_information_gain,2000.0,3000.0
kata1-b15c192-s1062526208-d272346422,14,3747.397004529048,3518.1487963427744,3976.6452127153216,3753.2491292776785,-5.852124748630558,2,a5803f8a5d9d87202b43d709cb328cedaf18c446af448f705c33d553e8c2e9f7,5170ec511fb50cdf10d648416d508574d70e9781ddf156a1b2a86d2b385e94dc,100,1729,maximum_information_gain,2000.0,3000.0
kata1-b15c192-s1062526208-d272346422,16,3713.8460782376255,3508.143157566651,3919.5489989086,3753.2491292776785,-39.403051040053015,2,a5803f8a5d9d87202b43d709cb328cedaf18c446af448f705c33d553e8c2e9f7,5170ec511fb50cdf10d648416d508574d70e9781ddf156a1b2a86d2b385e94dc,100,1729,maximum_information_gain,2000.0,3000.0
kata1-b15c192-s1062526208-d272346422,18,3712.024124732118,3522.195326156291,3901.852923307945,3753.2491292776785,-41.22500454556075,2,a5803f8a5d9d87202b43d709cb328cedaf18c446af448f705c33d553e8c2e9f7,5170ec511fb50cdf10d648416d508574d70e9781ddf156a1b2a86d2b385e94dc,100,1729,maximum_information_gain,2000.0,3000.0
kata1-b15c192-s1062526208-d272346422,20,3710.6828607361635,3533.4280365599993,3887.9376849123278,3753.2491292776785,-42.566268541515,2,a5803f8a5d9d87202b43d709cb328cedaf18c446af448f705c33d553e8c2e9f7,5170ec511fb50cdf10d648416d508574d70e9781ddf156a1b2a86d2b385e94dc,100,1729,maximum_information_gain,2000.0,3000.0
kata1-b15c192-s1062526208-d272346422,22,3709.65524100286,3542.674554216885,3876.6359277888346,3753.2491292776785,-43.59388827481871,2,a5803f8a5d9d87202b43d709cb328cedaf18c446af448f705c33d553e8c2e9f7,5170ec511fb50cdf10d648416d508574d70e9781ddf156a1b2a86d2b385e94dc,100,1729,maximum_information_gain,2000.0,3000.0
kata1-b15c192-s1062526208-d272346422,24,3671.48321727574,3513.092103691852,3829.874330859628,3753.2491292776785,-81.76591200193843,2,a5803f8a5d9d87202b43d709cb328cedaf18c446af448f705c33d553e8c2e9f7,5170ec511fb50cdf10d648416d508574d70e9781ddf156a1b2a86d2b385e94dc,100,1729,maximum_information_gain,2000.0,3000.0
kata1-b15c192-s1062526208-d272346422,26,3673.28000889587,3522.2547475700253,3824.305270221715,3753.2491292776785,-79.96912038180835,2,a5803f8a5d9d87202b43d709cb328cedaf18c446af448f705c33d553e8c2e9f7,5170ec511fb50cdf10d648416d508574d70e9781ddf156a1b2a86d2b385e94dc,100,1729,maximum_information_gain,2000.0,3000.0
kata1-b15c192-s1062526208-d272346422,28,3659.757832934194,3514.743350166477,3804.7723157019113,3753.2491292776785,-93.49129634348446,2,a5803f8a5d9d87202b43d709cb328cedaf18c446af448f705c33d553e8c2e9f7,5170ec511fb50cdf10d648416d508574d70e9781ddf156a1b2a86d2b385e94dc,100,1729,maximum_information_gain,2000.0,3000.0
kata1-b15c192-s1062526208-d272346422,30,3685.8089657138185,3546.774548452873,3824.8433829747637,3753.2491292776785,-67.4401635638601,2,a5803f8a5d9d87202b43d709cb328cedaf18c446af448f705c33d553e8c2e9f7,5170ec511fb50cdf10d648416d508574d70e9781ddf156a1b2a86d2b385e94dc,100,1729,maximum_information_gain,2000.0,3000.0
kata1-b15c192-s1062526208-d272346422,32,3711.7477236458535,3577.342079701899,3846.153367589808,3753.2491292776785,-41.50140563182504,2,a5803f8a5d9d87202b43d709cb328cedaf18c446af448f705c33d553e8c2e9f7,5170ec511fb50cdf10d648416d508574d70e9781ddf156a1b2a86d2b385e94dc,100,1729,maximum_information_gain,2000.0,3000.0
kata1-b15c192-s1062526208-d272346422,34,3711.06644220494,3581.1224346501704,3841.0104497597094,3753.2491292776785,-42.182687072738645,2,a5803f8a5d9d87202b43d709cb328cedaf18c446af448f705c33d553e8c2e9f7,5170ec511fb50cdf10d648416d508574d70e9781ddf156a1b2a86d2b385e94dc,100,1729,maximum_information_gain,2000.0,3000.0
kata1-b15c192-s1062526208-d272346422,36,3712.609161407238,3586.639238878026,3838.57908393645,3753.2491292776785,-40.639967870440614,2,a5803f8a5d9d87202b43d709cb328cedaf18c446af448f705c33d553e8c2e9f7,5170ec511fb50cdf10d648416d508574d70e9781ddf156a1b2a86d2b385e94dc,100,1729,maximum_information_gain,2000.0,3000.0
kata1-b15c192-s1062526208-d272346422,38,3692.930326040117,3570.74265867207,3815.1179934081642,3753.2491292776785,-60.3188032375615,2,a5803f8a5d9d87202b43d709cb328cedaf18c446af448f705c33d553e8c2e9f7,5170ec511fb50cdf10d648416d508574d70e9781ddf156a1b2a86d2b385e94dc,100,1729,maximum_information_gain,2000.0,3000.0
kata1-b15c192-s1062526208-d272346422,40,3713.2383116616243,3594.191890931833,3832.2847323914157,3753.2491292776785,-40.01081761605428,2,a5803f8a5d9d87202b43d709cb328cedaf18c446af448f705c33d553e8c2e9f7,5170ec511fb50cdf10d648416d508574d70e9781ddf156a1b2a86d2b385e94dc,100,1729,maximum_information_gain,2000.0,3000.0
kata1-b15c192-s1062526208-d272346422,42,3733.302636663805,3616.84190290469,3849.76337042292,3753.2491292776785,-19.946492613873488,2,a5803f8a5d9d87202b43d709cb328cedaf18c446af448f705c33d553e8c2e9f7,5170ec511fb50cdf10d648416d508574d70e9781ddf156a1b2a86d2b385e94dc,100,1729,maximum_information_gain,2000.0,3000.0
kata1-b15c192-s1062526208-d272346422,44,3725.3714249824816,3611.936592349531,3838.806257615432,3753.2491292776785,-27.877704295196963,2,a5803f8a5d9d87202b43d709cb328cedaf18c446af448f705c33d553e8c2e9f7,5170ec511fb50cdf10d648416d508574d70e9781ddf156a1b2a86d2b385e94dc,100,1729,maximum_information_gain,2000.0,3000.0
kata1-b15c192-s1062526208-d272346422,46,3725.844768312804,3615.0005396402944,3836.688996985313,3753.2491292776785,-27.40436096487474,2,a5803f8a5d9d87202b43d709cb328cedaf18c446af448f705c33d553e8c2e9f7,5170ec511fb50cdf10d648416d508574d70e9781ddf156a1b2a86d2b385e94dc,100,1729,maximum_information_gain,2000.0,3000.0
kata1-b15c192-s1062526208-d272346422,48,3710.0822818762726,3601.8278518918514,3818.336711860694,3753.2491292776785,-43.1668474014059,2,a5803f8a5d9d87202b43d709cb328cedaf18c446af448f705c33d553e8c2e9f7,5170ec511fb50cdf10d648416d508574d70e9781ddf156a1b2a86d2b385e94dc,100,1729,maximum_information_gain,2000.0,3000.0
kata1-b15c192-s1062526208-d272346422,50,3725.180336012819,3618.9894539567504,3831.371218068888,3753.2491292776785,-28.068793264859323,2,a5803f8a5d9d87202b43d709cb328cedaf18c446af448f705c33d553e8c2e9f7,5170ec511fb50cdf10d648416d508574d70e9781ddf156a1b2a86d2b385e94dc,100,1729,maximum_information_gain,2000.0,3000.0
kata1-b15c192-s1062526208-d272346422,52,3726.407433471593,3622.292553045938,3830.522313897248,3753.2491292776785,-26.84169580608568,2,a5803f8a5d9d87202b43d709cb328cedaf18c446af448f705c33d553e8c2e9f7,5170ec511fb50cdf10d648416d508574d70e9781ddf156a1b2a86d2b385e94dc,100,1729,maximum_information_gain,2000.0,3000.0
kata1-b15c192-s1062526208-d272346422,54,3726.774727788305,3624.615287325458,3828.9341682511517,3753.2491292776785,-26.474401489373577,2,a5803f8a5d9d87202b43d709cb328cedaf18c446af448f705c33d553e8c2e9f7,5170ec511fb50cdf10d648416d508574d70e9781ddf156a1b2a86d2b385e94dc,100,1729,maximum_information_gain,2000.0,3000.0
kata1-b15c192-s1062526208-d272346422,56,3720.9841345465325,3620.7304278471024,3821.2378412459625,3753.2491292776785,-32.26499473114609,2,a5803f8a5d9d87202b43d709cb328cedaf18c446af448f705c33d553e8c2e9f7,5170ec511fb50cdf10d648416d508574d70e9781ddf156a1b2a86d2b385e94dc,100,1729,maximum_information_gain,2000.0,3000.0
kata1-b15c192-s1062526208-d272346422,58,3707.0926754267934,3608.626852154842,3805.558498698745,3753.2491292776785,-46.1564538508851,2,a5803f8a5d9d87202b43d709cb328cedaf18c446af448f705c33d553e8c2e9f7,5170ec511fb50cdf10d648416d508574d70e9781ddf156a1b2a86d2b385e94dc,100,1729,maximum_information_gain,2000.0,3000.0
kata1-b15c192-s1062526208-d272346422,60,3712.8334354976737,3615.989389479676,3809.6774815156714,3753.2491292776785,-40.41569378000486,2,a5803f8a5d9d87202b43d709cb328cedaf18c446af448f705c33d553e8c2e9f7,5170ec511fb50cdf10d648416d508574d70e9781ddf156a1b2a86d2b385e94dc,100,1729,maximum_information_gain,2000.0,3000.0
kata1-b15c192-s1062526208-d272346422,62,3712.4366977864997,3617.134243978722,3807.7391515942772,3753.2491292776785,-40.81243149117881,2,a5803f8a5d9d87202b43d709cb328cedaf18c446af448f705c33d553e8c2e9f7,5170ec511fb50cdf10d648416d508574d70e9781ddf156a1b2a86d2b385e94dc,100,1729,maximum_information_gain,2000.0,3000.0
kata1-b15c192-s1062526208-d272346422,64,3711.691001999651,3617.8503150188103,3805.5316889804913,3753.2491292776785,-41.55812727802777,2,a5803f8a5d9d87202b43d709cb328cedaf18c446af448f705c33d553e8c2e9f7,5170ec511fb50cdf10d648416d508574d70e9781ddf156a1b2a86d2b385e94dc,100,1729,maximum_information_gain,2000.0,3000.0
kata1-b15c192-s1062526208-d272346422,66,3722.7789828468867,3630.2415645769092,3815.316401116864,3753.2491292776785,-30.47014643079183,2,a5803f8a5d9d87202b43d709cb328cedaf18c446af448f705c33d553e8c2e9f7,5170ec511fb50cdf10d648416d508574d70e9781ddf156a1b2a86d2b385e94dc,100,1729,maximum_information_gain,2000.0,3000.0
kata1-b15c192-s1062526208-d272346422,68,3717.6417772816794,3626.465773629661,3808.817780933698,3753.2491292776785,-35.607351995999124,2,a5803f8a5d9d87202b43d709cb328cedaf18c446af448f705c33d553e8c2e9f7,5170ec511fb50cdf10d648416d508574d70e9781ddf156a1b2a86d2b385e94dc,100,1729,maximum_information_gain,2000.0,3000.0
kata1-b15c192-s1062526208-d272346422,70,3727.558743238325,3637.5335304898467,3817.583955986803,3753.2491292776785,-25.690386039353598,2,a5803f8a5d9d87202b43d709cb328cedaf18c446af448f705c33d553e8c2e9f7,5170ec511fb50cdf10d648416d508574d70e9781ddf156a1b2a86d2b385e94dc,100,1729,maximum_information_gain,2000.0,3000.0
kata1-b15c192-s1062526208-d272346422,72,3723.1223942311203,3634.345884981372,3811.8989034808687,3753.2491292776785,-30.126735046558224,2,a5803f8a5d9d87202b43d709cb328cedaf18c446af448f705c33d553e8c2e9f7,5170ec511fb50cdf10d648416d508574d70e9781ddf156a1b2a86d2b385e94dc,100,1729,maximum_information_gain,2000.0,3000.0
kata1-b15c192-s1062526208-d272346422,74,3728.5452829419573,3640.8564625320414,3816.2341033518733,3753.2491292776785,-24.70384633572121,2,a5803f8a5d9d87202b43d709cb328cedaf18c446af448f705c33d553e8c2e9f7,5170ec511fb50cdf10d648416d508574d70e9781ddf156a1b2a86d2b385e94dc,100,1729,maximum_information_gain,2000.0,3000.0
kata1-b15c192-s1062526208-d272346422,76,3734.215511503973,3647.552109822116,3820.8789131858302,3753.2491292776785,-19.033617773705373,2,a5803f8a5d9d87202b43d709cb328cedaf18c446af448f705c33d553e8c2e9f7,5170ec511fb50cdf10d648416d508574d70e9781ddf156a1b2a86d2b385e94dc,100,1729,maximum_information_gain,2000.0,3000.0
kata1-b15c192-s1062526208-d272346422,78,3734.762537043029,3649.144443641194,3820.3806304448644,3753.2491292776785,-18.48659223464938,2,a5803f8a5d9d87202b43d709cb328cedaf18c446af448f705c33d553e8c2e9f7,5170ec511fb50cdf10d648416d508574d70e9781ddf156a1b2a86d2b385e94dc,100,1729,maximum_information_gain,2000.0,3000.0
kata1-b15c192-s1062526208-d272346422,80,3744.650482269841,3659.885713690256,3829.4152508494262,3753.2491292776785,-8.598647007837371,2,a5803f8a5d9d87202b43d709cb328cedaf18c446af448f705c33d553e8c2e9f7,5170ec511fb50cdf10d648416d508574d70e9781ddf156a1b2a86d2b385e94dc,100,1729,maximum_information_gain,2000.0,3000.0
kata1-b15c192-s1062526208-d272346422,82,3735.7701329884417,3652.1112048224936,3819.4290611543897,3753.2491292776785,-17.478996289236875,2,a5803f8a5d9d87202b43d709cb328cedaf18c446af448f705c33d553e8c2e9f7,5170ec511fb50cdf10d648416d508574d70e9781ddf156a1b2a86d2b385e94dc,100,1729,maximum_information_gain,2000.0,3000.0
kata1-b15c192-s1062526208-d272346422,84,3735.76198579115,3653.031606931682,3818.492364650618,3753.2491292776785,-17.487143486528566,2,a5803f8a5d9d87202b43d709cb328cedaf18c446af448f705c33d553e8c2e9f7,5170ec511fb50cdf10d648416d508574d70e9781ddf156a1b2a86d2b385e94dc,100,1729,maximum_information_gain,2000.0,3000.0
kata1-b15c192-s1062526208-d272346422,86,3740.079457366639,3658.184362960659,3821.9745517726187,3753.2491292776785,-13.169671911039586,2,a5803f8a5d9d87202b43d709cb328cedaf18c446af448f705c33d553e8c2e9f7,5170ec511fb50cdf10d648416d508574d70e9781ddf156a1b2a86d2b385e94dc,100,1729,maximum_information_gain,2000.0,3000.0
kata1-b15c192-s1062526208-d272346422,88,3748.888896408022,3667.714842271276,3830.062950544768,3753.2491292776785,-4.360232869656556,2,a5803f8a5d9d87202b43d709cb328cedaf18c446af448f705c33d553e8c2e9f7,5170ec511fb50cdf10d648416d508574d70e9781ddf156a1b2a86d2b385e94dc,100,1729,maximum_information_gain,2000.0,3000.0
kata1-b15c192-s1062526208-d272346422,90,3744.869851650497,3664.5928239935365,3825.1468793074573,3753.2491292776785,-8.379277627181636,2,a5803f8a5d9d87202b43d709cb328cedaf18c446af448f705c33d553e8c2e9f7,5170ec511fb50cdf10d648416d508574d70e9781ddf156a1b2a86d2b385e94dc,100,1729,maximum_information_gain,2000.0,3000.0
kata1-b15c192-s1062526208-d272346422,92,3748.6885219448172,3669.148884772675,3828.2281591169594,3753.2491292776785,-4.560607332861309,2,a5803f8a5d9d87202b43d709cb328cedaf18c446af448f705c33d553e8c2e9f7,5170ec511fb50cdf10d648416d508574d70e9781ddf156a1b2a86d2b385e94dc,100,1729,maximum_information_gain,2000.0,3000.0
kata1-b15c192-s1062526208-d272346422,94,3748.8091766534903,3670.039116335837,3827.5792369711435,3753.2491292776785,-4.439952624188209,2,a5803f8a5d9d87202b43d709cb328cedaf18c446af448f705c33d553e8c2e9f7,5170ec511fb50cdf10d648416d508574d70e9781ddf156a1b2a86d2b385e94dc,100,1729,maximum_information_gain,2000.0,3000.0
kata1-b15c192-s1062526208-d272346422,96,3745.994215349929,3668.009166404389,3823.9792642954694,3753.2491292776785,-7.254913927749385,2,a5803f8a5d9d87202b43d709cb328cedaf18c446af448f705c33d553e8c2e9f7,5170ec511fb50cdf10d648416d508574d70e9781ddf156a1b2a86d2b385e94dc,100,1729,maximum_information_gain,2000.0,3000.0
kata1-b15c192-s1062526208-d272346422,98,3745.761781325684,3668.497062123936,3823.026500527432,3753.2491292776785,-7.487347951994707,2,a5803f8a5d9d87202b43d709cb328cedaf18c446af448f705c33d553e8c2e9f7,5170ec511fb50cdf10d648416d508574d70e9781ddf156a1b2a86d2b385e94dc,100,1729,maximum_information_gain,2000.0,3000.0
kata1-b15c192-s1062526208-d272346422,100,3745.9358447373093,3669.361827708889,3822.5098617657295,3753.2491292776785,-7.313284540369295,2,a5803f8a5d9d87202b43d709cb328cedaf18c446af448f705c33d553e8c2e9f7,5170ec511fb50cdf10d648416d508574d70e9781ddf156a1b2a86d2b385e94dc,100,1729,maximum_information_gain,2000.0,3000.0
kata1-b20c256x2-s2430231552-d525879064,2,2833.880950491955,383.9809910062163,5283.780909977693,3862.9058944464023,-1029.0249439544473,2,a5803f8a5d9d87202b43d709cb328cedaf18c446af448f705c33d553e8c2e9f7,5170ec511fb50cdf10d648416d508574d70e9781ddf156a1b2a86d2b385e94dc,100,1729,maximum_information_gain,2000.0,3000.0
kata1-b20c256x2-s2430231552-d525879064,4,3558.4518167045294,1683.6417766727525,5433.261856736306,3862.9058944464023,-304.4540777418729,2,a5803f8a5d9d87202b43d709cb328cedaf18c446af448f705c33d553e8c2e9f7,5170ec511fb50cdf10d648416d508574d70e9781ddf156a1b2a86d2b385e94dc,100,1729,maximum_information_gain,2000.0,3000.0
kata1-b20c256x2-s2430231552-d525879064,6,4221.249864603177,2621.56227598242,5820.937453223934,3862.9058944464023,358.34397015677496,2,a5803f8a5d9d87202b43d709cb328cedaf18c446af448f705c33d553e8c2e9f7,5170ec511fb50cdf10d648416d508574d70e9781ddf156a1b2a86d2b385e94dc,100,1729,maximum_information_gain,2000.0,3000.0
kata1-b20c256x2-s2430231552-d525879064,8,4213.963670603004,3750.0908195916236,4677.836521614385,3862.9058944464023,351.0577761566019,2,a5803f8a5d9d87202b43d709cb328cedaf18c446af448f705c33d553e8c2e9f7,5170ec511fb50cdf10d648416d508574d70e9781ddf156a1b2a86d2b385e94dc,100,1729,maximum_information_gain,2000.0,3000.0
kata1-b20c256x2-s2430231552-d525879064,10,4125.146179420483,3784.8465942986877,4465.445764542279,3862.9058944464023,262.2402849740811,2,a5803f8a5d9d87202b43d709cb328cedaf18c446af448f705c33d553e8c2e9f7,5170ec511fb50cdf10d648416d508574d70e9781ddf156a1b2a86d2b385e94dc,100,1729,maximum_information_gain,2000.0,3000.0
kata1-b20c256x2-s2430231552-d525879064,12,4122.692204617546,3843.171933479405,4402.212475755687,3862.9058944464023,259.78631017114367,2,a5803f8a5d9d87202b43d709cb328cedaf18c446af448f705c33d553e8c2e9f7,5170ec511fb50cdf10d648416d508574d70e9781ddf156a1b2a86d2b385e94dc,100,1729,maximum_information_gain,2000.0,3000.0
kata1-b20c256x2-s2430231552-d525879064,14,4077.4361470503036,3830.7030898123357,4324.169204288271,3862.9058944464023,214.53025260390132,2,a5803f8a5d9d87202b43d709cb328cedaf18c446af448f705c33d553e8c2e9f7,5170ec511fb50cdf10d648416d508574d70e9781ddf156a1b2a86d2b385e94dc,100,1729,maximum_information_gain,2000.0,3000.0
kata1-b20c256x2-s2430231552-d525879064,16,4077.6052885768822,3857.024227870672,4298.186349283093,3862.9058944464023,214.69939413047996,2,a5803f8a5d9d87202b43d709cb328cedaf18c446af448f705c33d553e8c2e9f7,5170ec511fb50cdf10d648416d508574d70e9781ddf156a1b2a86d2b385e94dc,100,1729,maximum_information_gain,2000.0,3000.0
kata1-b20c256x2-s2430231552-d525879064,18,4017.772489383571,3810.0728336281336,4225.472145139009,3862.9058944464023,154.86659493716888,2,a5803f8a5d9d87202b43d709cb328cedaf18c446af448f705c33d553e8c2e9f7,5170ec511fb50cdf10d648416d508574d70e9781ddf156a1b2a86d2b385e94dc,100,1729,maximum_information_gain,2000.0,3000.0
kata1-b20c256x2-s2430231552-d525879064,20,3960.6237559470187,3760.927731873153,4160.3197800208845,3862.9058944464023,97.71786150061644,2,a5803f8a5d9d87202b43d709cb328cedaf18c446af448f705c33d553e8c2e9f7,5170ec511fb50cdf10d648416d508574d70e9781ddf156a1b2a86d2b385e94dc,100,1729,maximum_information_gain,2000.0,3000.0
kata1-b20c256x2-s2430231552-d525879064,22,3958.579029404914,3773.0399650149448,4144.118093794883,3862.9058944464023,95.67313495851158,2,a5803f8a5d9d87202b43d709cb328cedaf18c446af448f705c33d553e8c2e9f7,5170ec511fb50cdf10d648416d508574d70e9781ddf156a1b2a86d2b385e94dc,100,1729,maximum_information_gain,2000.0,3000.0
kata1-b20c256x2-s2430231552-d525879064,24,3999.8479435031204,3829.6862190425068,4170.0096679637345,3862.9058944464023,136.94204905671813,2,a5803f8a5d9d87202b43d709cb328cedaf18c446af448f705c33d553e8c2e9f7,5170ec511fb50cdf10d648416d508574d70e9781ddf156a1b2a86d2b385e94dc,100,1729,maximum_information_gain,2000.0,3000.0
kata1-b20c256x2-s2430231552-d525879064,26,3999.900132519379,3838.79319617521,4161.007068863548,3862.9058944464023,136.9942380729767,2,a5803f8a5d9d87202b43d709cb328cedaf18c446af448f705c33d553e8c2e9f7,5170ec511fb50cdf10d648416d508574d70e9781ddf156a1b2a86d2b385e94dc,100,1729,maximum_information_gain,2000.0,3000.0
kata1-b20c256x2-s2430231552-d525879064,28,3999.942138678319,3846.514251109209,4153.370026247429,3862.9058944464023,137.03624423191695,2,a5803f8a5d9d87202b43d709cb328cedaf18c446af448f705c33d553e8c2e9f7,5170ec511fb50cdf10d648416d508574d70e9781ddf156a1b2a86d2b385e94dc,100,1729,maximum_information_gain,2000.0,3000.0
kata1-b20c256x2-s2430231552-d525879064,30,3969.5289526160477,3820.9416633542514,4118.116241877844,3862.9058944464023,106.62305816964545,2,a5803f8a5d9d87202b43d709cb328cedaf18c446af448f705c33d553e8c2e9f7,5170ec511fb50cdf10d648416d508574d70e9781ddf156a1b2a86d2b385e94dc,100,1729,maximum_information_gain,2000.0,3000.0
kata1-b20c256x2-s2430231552-d525879064,32,3967.5820238366064,3824.8563330814554,4110.307714591758,3862.9058944464023,104.6761293902041,2,a5803f8a5d9d87202b43d709cb328cedaf18c446af448f705c33d553e8c2e9f7,5170ec511fb50cdf10d648416d508574d70e9781ddf156a1b2a86d2b385e94dc,100,1729,maximum_information_gain,2000.0,3000.0
kata1-b20c256x2-s2430231552-d525879064,34,3952.434019749848,3814.0783605441593,4090.789678955537,3862.9058944464023,89.5281253034459,2,a5803f8a5d9d87202b43d709cb328cedaf18c446af448f705c33d553e8c2e9f7,5170ec511fb50cdf10d648416d508574d70e9781ddf156a1b2a86d2b385e94dc,100,1729,maximum_information_gain,2000.0,3000.0
kata1-b20c256x2-s2430231552-d525879064,36,3964.516602169208,3831.6224874738955,4097.4107168645205,3862.9058944464023,101.61070772280573,2,a5803f8a5d9d87202b43d709cb328cedaf18c446af448f705c33d553e8c2e9f7,5170ec511fb50cdf10d648416d508574d70e9781ddf156a1b2a86d2b385e94dc,100,1729,maximum_information_gain,2000.0,3000.0
kata1-b20c256x2-s2430231552-d525879064,38,3939.773112556206,3809.795077334843,4069.751147777569,3862.9058944464023,76.86721810980362,2,a5803f8a5d9d87202b43d709cb328cedaf18c446af448f705c33d553e8c2e9f7,5170ec511fb50cdf10d648416d508574d70e9781ddf156a1b2a86d2b385e94dc,100,1729,maximum_information_gain,2000.0,3000.0
kata1-b20c256x2-s2430231552-d525879064,40,3926.5838176859406,3799.782833223211,4053.38480214867,3862.9058944464023,63.67792323953836,2,a5803f8a5d9d87202b43d709cb328cedaf18c446af448f705c33d553e8c2e9f7,5170ec511fb50cdf10d648416d508574d70e9781ddf156a1b2a86d2b385e94dc,100,1729,maximum_information_gain,2000.0,3000.0
kata1-b20c256x2-s2430231552-d525879064,42,3904.014843887387,3779.3908104069656,4028.6388773678086,3862.9058944464023,41.108949440984816,2,a5803f8a5d9d87202b43d709cb328cedaf18c446af448f705c33d553e8c2e9f7,5170ec511fb50cdf10d648416d508574d70e9781ddf156a1b2a86d2b385e94dc,100,1729,maximum_information_gain,2000.0,3000.0
kata1-b20c256x2-s2430231552-d525879064,44,3904.386173416502,3783.275249918996,4025.497096914008,3862.9058944464023,41.48027897009979,2,a5803f8a5d9d87202b43d709cb328cedaf18c446af448f705c33d553e8c2e9f7,5170ec511fb50cdf10d648416d508574d70e9781ddf156a1b2a86d2b385e94dc,100,1729,maximum_information_gain,2000.0,3000.0
kata1-b20c256x2-s2430231552-d525879064,46,3904.7147288715537,3786.8046357957837,4022.6248219473237,3862.9058944464023,41.80883442515142,2,a5803f8a5d9d87202b43d709cb328cedaf18c446af448f705c33d553e8c2e9f7,5170ec511fb50cdf10d648416d508574d70e9781ddf156a1b2a86d2b385e94dc,100,1729,maximum_information_gain,2000.0,3000.0
kata1-b20c256x2-s2430231552-d525879064,48,3886.476621192206,3770.2988856856764,4002.6543566987357,3862.9058944464023,23.570726745803768,2,a5803f8a5d9d87202b43d709cb328cedaf18c446af448f705c33d553e8c2e9f7,5170ec511fb50cdf10d648416d508574d70e9781ddf156a1b2a86d2b385e94dc,100,1729,maximum_information_gain,2000.0,3000.0
kata1-b20c256x2-s2430231552-d525879064,50,3885.5144418095406,3772.072808941502,3998.956074677579,3862.9058944464023,22.608547363138314,2,a5803f8a5d9d87202b43d709cb328cedaf18c446af448f705c33d553e8c2e9f7,5170ec511fb50cdf10d648416d508574d70e9781ddf156a1b2a86d2b385e94dc,100,1729,maximum_information_gain,2000.0,3000.0
kata1-b20c256x2-s2430231552-d525879064,52,3867.4385159082553,3755.3893316481262,3979.4877001683844,3862.9058944464023,4.5326214618530685,2,a5803f8a5d9d87202b43d709cb328cedaf18c446af448f705c33d553e8c2e9f7,5170ec511fb50cdf10d648416d508574d70e9781ddf156a1b2a86d2b385e94dc,100,1729,maximum_information_gain,2000.0,3000.0
kata1-b20c256x2-s2430231552-d525879064,54,3858.7465737758725,3748.5879148743534,3968.9052326773917,3862.9058944464023,-4.159320670529723,2,a5803f8a5d9d87202b43d709cb328cedaf18c446af448f705c33d553e8c2e9f7,5170ec511fb50cdf10d648416d508574d70e9781ddf156a1b2a86d2b385e94dc,100,1729,maximum_information_gain,2000.0,3000.0
kata1-b20c256x2-s2430231552-d525879064,56,3866.7814078490483,3759.504483993554,3974.0583317045425,3862.9058944464023,3.8755134026459928,2,a5803f8a5d9d87202b43d709cb328cedaf18c446af448f705c33d553e8c2e9f7,5170ec511fb50cdf10d648416d508574d70e9781ddf156a1b2a86d2b385e94dc,100,1729,maximum_information_gain,2000.0,3000.0
kata1-b20c256x2-s2430231552-d525879064,58,3881.847137466906,3777.535908308711,3986.1583666251013,3862.9058944464023,18.94124302050386,2,a5803f8a5d9d87202b43d709cb328cedaf18c446af448f705c33d553e8c2e9f7,5170ec511fb50cdf10d648416d508574d70e9781ddf156a1b2a86d2b385e94dc,100,1729,maximum_information_gain,2000.0,3000.0
kata1-b20c256x2-s2430231552-d525879064,60,3881.2692050720284,3778.895145096363,3983.6432650476936,3862.9058944464023,18.363310625626127,2,a5803f8a5d9d87202b43d709cb328cedaf18c446af448f705c33d553e8c2e9f7,5170ec511fb50cdf10d648416d508574d70e9781ddf156a1b2a86d2b385e94dc,100,1729,maximum_information_gain,2000.0,3000.0
kata1-b20c256x2-s2430231552-d525879064,62,3873.547975968709,3772.674837637814,3974.421114299604,3862.9058944464023,10.642081522306853,2,a5803f8a5d9d87202b43d709cb328cedaf18c446af448f705c33d553e8c2e9f7,5170ec511fb50cdf10d648416d508574d70e9781ddf156a1b2a86d2b385e94dc,100,1729,maximum_information_gain,2000.0,3000.0
kata1-b20c256x2-s2430231552-d525879064,64,3879.6796317976036,3780.820981868076,3978.538281727131,3862.9058944464023,16.773737351201362,2,a5803f8a5d9d87202b43d709cb328cedaf18c446af448f705c33d553e8c2e9f7,5170ec511fb50cdf10d648416d508574d70e9781ddf156a1b2a86d2b385e94dc,100,1729,maximum_information_gain,2000.0,3000.0
kata1-b20c256x2-s2430231552-d525879064,66,3879.24277429743,3782.0080383577556,3976.4775102371045,3862.9058944464023,16.33687985102779,2,a5803f8a5d9d87202b43d709cb328cedaf18c446af448f705c33d553e8c2e9f7,5170ec511fb50cdf10d648416d508574d70e9781ddf156a1b2a86d2b385e94dc,100,1729,maximum_information_gain,2000.0,3000.0
kata1-b20c256x2-s2430231552-d525879064,68,3891.0654146902016,3795.7587552953933,3986.37207408501,3862.9058944464023,28.159520243799307,2,a5803f8a5d9d87202b43d709cb328cedaf18c446af448f705c33d553e8c2e9f7,5170ec511fb50cdf10d648416d508574d70e9781ddf156a1b2a86d2b385e94dc,100,1729,maximum_information_gain,2000.0,3000.0
kata1-b20c256x2-s2430231552-d525879064,70,3903.4332492220883,3809.869546058529,3996.9969523856475,3862.9058944464023,40.527354775686035,2,a5803f8a5d9d87202b43d709cb328cedaf18c446af448f705c33d553e8c2e9f7,5170ec511fb50cdf10d648416d508574d70e9781ddf156a1b2a86d2b385e94dc,100,1729,maximum_information_gain,2000.0,3000.0
kata1-b20c256x2-s2430231552-d525879064,72,3892.332638543242,3799.8676504196887,3984.797626666795,3862.9058944464023,29.426744096839684,2,a5803f8a5d9d87202b43d709cb328cedaf18c446af448f705c33d553e8c2e9f7,5170ec511fb50cdf10d648416d508574d70e9781ddf156a1b2a86d2b385e94dc,100,1729,maximum_information_gain,2000.0,3000.0
kata1-b20c256x2-s2430231552-d525879064,74,3902.3321715850348,3811.3787397427805,3993.285603427289,3862.9058944464023,39.426277138632486,2,a5803f8a5d9d87202b43d709cb328cedaf18c446af448f705c33d553e8c2e9f7,5170ec511fb50cdf10d648416d508574d70e9781ddf156a1b2a86d2b385e94dc,100,1729,maximum_information_gain,2000.0,3000.0
kata1-b20c256x2-s2430231552-d525879064,76,3902.5847040933595,3812.8625762510537,3992.3068319356653,3862.9058944464023,39.678809646957234,2,a5803f8a5d9d87202b43d709cb328cedaf18c446af448f705c33d553e8c2e9f7,5170ec511fb50cdf10d648416d508574d70e9781ddf156a1b2a86d2b385e94dc,100,1729,maximum_information_gain,2000.0,3000.0
kata1-b20c256x2-s2430231552-d525879064,78,3902.8220567690087,3814.2721262740542,3991.371987263963,3862.9058944464023,39.9161623226064,2,a5803f8a5d9d87202b43d709cb328cedaf18c446af448f705c33d553e8c2e9f7,5170ec511fb50cdf10d648416d508574d70e9781ddf156a1b2a86d2b385e94dc,100,1729,maximum_information_gain,2000.0,3000.0
kata1-b20c256x2-s2430231552-d525879064,80,3903.043322674963,3815.611399797201,3990.4752455527246,3862.9058944464023,40.137428228560566,2,a5803f8a5d9d87202b43d709cb328cedaf18c446af448f705c33d553e8c2e9f7,5170ec511fb50cdf10d648416d508574d70e9781ddf156a1b2a86d2b385e94dc,100,1729,maximum_information_gain,2000.0,3000.0
kata1-b20c256x2-s2430231552-d525879064,82,3902.0571901497738,3815.674307718419,3988.4400725811283,3862.9058944464023,39.15129570337149,2,a5803f8a5d9d87202b43d709cb328cedaf18c446af448f705c33d553e8c2e9f7,5170ec511fb50cdf10d648416d508574d70e9781ddf156a1b2a86d2b385e94dc,100,1729,maximum_information_gain,2000.0,3000.0
kata1-b20c256x2-s2430231552-d525879064,84,3892.824546537931,3807.2997900190226,3978.3493030568393,3862.9058944464023,29.918652091528656,2,a5803f8a5d9d87202b43d709cb328cedaf18c446af448f705c33d553e8c2e9f7,5170ec511fb50cdf10d648416d508574d70e9781ddf156a1b2a86d2b385e94dc,100,1729,maximum_information_gain,2000.0,3000.0
kata1-b20c256x2-s2430231552-d525879064,86,3887.302915886414,3802.657341086056,3971.9484906867724,3862.9058944464023,24.39702144001194,2,a5803f8a5d9d87202b43d709cb328cedaf18c446af448f705c33d553e8c2e9f7,5170ec511fb50cdf10d648416d508574d70e9781ddf156a1b2a86d2b385e94dc,100,1729,maximum_information_gain,2000.0,3000.0
kata1-b20c256x2-s2430231552-d525879064,88,3886.7878825469916,3803.086721175197,3970.489043918786,3862.9058944464023,23.881988100589297,2,a5803f8a5d9d87202b43d709cb328cedaf18c446af448f705c33d553e8c2e9f7,5170ec511fb50cdf10d648416d508574d70e9781ddf156a1b2a86d2b385e94dc,100,1729,maximum_information_gain,2000.0,3000.0
kata1-b20c256x2-s2430231552-d525879064,90,3890.535101092386,3807.818387580075,3973.251814604697,3862.9058944464023,27.629206645983686,2,a5803f8a5d9d87202b43d709cb328cedaf18c446af448f705c33d553e8c2e9f7,5170ec511fb50cdf10d648416d508574d70e9781ddf156a1b2a86d2b385e94dc,100,1729,maximum_information_gain,2000.0,3000.0
kata1-b20c256x2-s2430231552-d525879064,92,3898.5536943823017,3816.828076649867,3980.2793121147365,3862.9058944464023,35.64779993589946,2,a5803f8a5d9d87202b43d709cb328cedaf18c446af448f705c33d553e8c2e9f7,5170ec511fb50cdf10d648416d508574d70e9781ddf156a1b2a86d2b385e94dc,100,1729,maximum_information_gain,2000.0,3000.0
kata1-b20c256x2-s2430231552-d525879064,94,3903.0115715934476,3822.171306609438,3983.851836577457,3862.9058944464023,40.1056771470453,2,a5803f8a5d9d87202b43d709cb328cedaf18c446af448f705c33d553e8c2e9f7,5170ec511fb50cdf10d648416d508574d70e9781ddf156a1b2a86d2b385e94dc,100,1729,maximum_information_gain,2000.0,3000.0
kata1-b20c256x2-s2430231552-d525879064,96,3899.1278594513483,3819.0481985203046,3979.207520382392,3862.9058944464023,36.221965004946014,2,a5803f8a5d9d87202b43d709cb328cedaf18c446af448f705c33d553e8c2e9f7,5170ec511fb50cdf10d648416d508574d70e9781ddf156a1b2a86d2b385e94dc,100,1729,maximum_information_gain,2000.0,3000.0
kata1-b20c256x2-s2430231552-d525879064,98,3906.3784801475667,3827.1391617465742,3985.617798548559,3862.9058944464023,43.47258570116446,2,a5803f8a5d9d87202b43d709cb328cedaf18c446af448f705c33d553e8c2e9f7,5170ec511fb50cdf10d648416d508574d70e9781ddf156a1b2a86d2b385e94dc,100,1729,maximum_information_gain,2000.0,3000.0
kata1-b20c256x2-s2430231552-d525879064,100,3906.4792908505283,3827.985961243945,3984.9726204571116,3862.9058944464023,43.573396404126015,2,a5803f8a5d9d87202b43d709cb328cedaf18c446af448f705c33d553e8c2e9f7,5170ec511fb50cdf10d648416d508574d70e9781ddf156a1b2a86d2b385e94dc,100,1729,maximum_information_gain,2000.0,3000.0
kata1-b40c256x2-s4833666560-d1179059206,2,2830.1881807464742,375.82897613475143,5284.547385358197,3988.51790261065,-1158.3297218641756,2,a5803f8a5d9d87202b43d709cb328cedaf18c446af448f705c33d553e8c2e9f7,5170ec511fb50cdf10d648416d508574d70e9781ddf156a1b2a86d2b385e94dc,100,1729,maximum_information_gain,2000.0,3000.0
kata1-b40c256x2-s4833666560-d1179059206,4,3551.796673061234,1673.4402530653197,5430.153093057148,3988.51790261065,-436.72122954941597,2,a5803f8a5d9d87202b43d709cb328cedaf18c446af448f705c33d553e8c2e9f7,5170ec511fb50cdf10d648416d508574d70e9781ddf156a1b2a86d2b385e94dc,100,1729,maximum_information_gain,2000.0,3000.0
kata1-b40c256x2-s4833666560-d1179059206,6,4214.090326911972,2612.1023012290634,5816.07835259488,3988.51790261065,225.57242430132192,2,a5803f8a5d9d87202b43d709cb328cedaf18c446af448f705c33d553e8c2e9f7,5170ec511fb50cdf10d648416d508574d70e9781ddf156a1b2a86d2b385e94dc,100,1729,maximum_information_gain,2000.0,3000.0
kata1-b40c256x2-s4833666560-d1179059206,8,3864.235548650207,3361.413049279599,4367.058048020815,3988.51790261065,-124.28235396044283,2,a5803f8a5d9d87202b43d709cb328cedaf18c446af448f705c33d553e8c2e9f7,5170ec511fb50cdf10d648416d508574d70e9781ddf156a1b2a86d2b385e94dc,100,1729,maximum_information_gain,2000.0,3000.0
kata1-b40c256x2-s4833666560-d1179059206,10,3860.2165951444595,3511.009119291186,4209.424070997733,3988.51790261065,-128.30130746619034,2,a5803f8a5d9d87202b43d709cb328cedaf18c446af448f705c33d553e8c2e9f7,5170ec511fb50cdf10d648416d508574d70e9781ddf156a1b2a86d2b385e94dc,100,1729,maximum_information_gain,2000.0,3000.0
kata1-b40c256x2-s4833666560-d1179059206,12,3856.112486932371,3572.2817742738184,4139.9431995909235,3988.51790261065,-132.4054156782786,2,a5803f8a5d9d87202b43d709cb328cedaf18c446af448f705c33d553e8c2e9f7,5170ec511fb50cdf10d648416d508574d70e9781ddf156a1b2a86d2b385e94dc,100,1729,maximum_information_gain,2000.0,3000.0
kata1-b40c256x2-s4833666560-d1179059206,14,3946.6801291685924,3695.1160829690257,4198.244175368159,3988.51790261065,-41.83777344205737,2,a5803f8a5d9d87202b43d709cb328cedaf18c446af448f705c33d553e8c2e9f7,5170ec511fb50cdf10d648416d508574d70e9781ddf156a1b2a86d2b385e94dc,100,1729,maximum_information_gain,2000.0,3000.0
kata1-b40c256x2-s4833666560-d1179059206,16,3945.3149894454236,3721.524210010786,4169.105768880061,3988.51790261065,-43.202913165226164,2,a5803f8a5d9d87202b43d709cb328cedaf18c446af448f705c33d553e8c2e9f7,5170ec511fb50cdf10d648416d508574d70e9781ddf156a1b2a86d2b385e94dc,100,1729,maximum_information_gain,2000.0,3000.0
kata1-b40c256x2-s4833666560-d1179059206,18,3944.428254322404,3740.6668367750185,4148.18967186979,3988.51790261065,-44.089648288245826,2,a5803f8a5d9d87202b43d709cb328cedaf18c446af448f705c33d553e8c2e9f7,5170ec511fb50cdf10d648416d508574d70e9781ddf156a1b2a86d2b385e94dc,100,1729,maximum_information_gain,2000.0,3000.0
kata1-b40c256x2-s4833666560-d1179059206,20,3943.8038641628245,3755.3614507568905,4132.246277568759,3988.51790261065,-44.71403844782526,2,a5803f8a5d9d87202b43d709cb328cedaf18c446af448f705c33d553e8c2e9f7,5170ec511fb50cdf10d648416d508574d70e9781ddf156a1b2a86d2b385e94dc,100,1729,maximum_information_gain,2000.0,3000.0
kata1-b40c256x2-s4833666560-d1179059206,22,3943.342145865791,3767.0995133245774,4119.584778407005,3988.51790261065,-45.17575674485897,2,a5803f8a5d9d87202b43d709cb328cedaf18c446af448f705c33d553e8c2e9f7,5170ec511fb50cdf10d648416d508574d70e9781ddf156a1b2a86d2b385e94dc,100,1729,maximum_information_gain,2000.0,3000.0
kata1-b40c256x2-s4833666560-d1179059206,24,3942.9875863880607,3776.7533512125115,4109.221821563609,3988.51790261065,-45.530316222589136,2,a5803f8a5d9d87202b43d709cb328cedaf18c446af448f705c33d553e8c2e9f7,5170ec511fb50cdf10d648416d508574d70e9781ddf156a1b2a86d2b385e94dc,100,1729,maximum_information_gain,2000.0,3000.0
kata1-b40c256x2-s4833666560-d1179059206,26,3942.7062092110064,3784.8717698857436,4100.540648536269,3988.51790261065,-45.811693399643445,2,a5803f8a5d9d87202b43d709cb328cedaf18c446af448f705c33d553e8c2e9f7,5170ec511fb50cdf10d648416d508574d70e9781ddf156a1b2a86d2b385e94dc,100,1729,maximum_information_gain,2000.0,3000.0
kata1-b40c256x2-s4833666560-d1179059206,28,3958.740802119029,3807.5416538362742,4109.939950401784,3988.51790261065,-29.777100491620786,2,a5803f8a5d9d87202b43d709cb328cedaf18c446af448f705c33d553e8c2e9f7,5170ec511fb50cdf10d648416d508574d70e9781ddf156a1b2a86d2b385e94dc,100,1729,maximum_information_gain,2000.0,3000.0
kata1-b40c256x2-s4833666560-d1179059206,30,3957.1534795236785,3812.2846856845304,4102.022273362826,3988.51790261065,-31.36442308697133,2,a5803f8a5d9d87202b43d709cb328cedaf18c446af448f705c33d553e8c2e9f7,5170ec511fb50cdf10d648416d508574d70e9781ddf156a1b2a86d2b385e94dc,100,1729,maximum_information_gain,2000.0,3000.0
kata1-b40c256x2-s4833666560-d1179059206,32,3946.966633230639,3807.8360452766346,4086.097221184644,3988.51790261065,-41.55126938001058,2,a5803f8a5d9d87202b43d709cb328cedaf18c446af448f705c33d553e8c2e9f7,5170ec511fb50cdf10d648416d508574d70e9781ddf156a1b2a86d2b385e94dc,100,1729,maximum_information_gain,2000.0,3000.0
kata1-b40c256x2-s4833666560-d1179059206,34,3943.5889103141753,3809.3876731463583,4077.7901474819923,3988.51790261065,-44.92899229647446,2,a5803f8a5d9d87202b43d709cb328cedaf18c446af448f705c33d553e8c2e9f7,5170ec511fb50cdf10d648416d508574d70e9781ddf156a1b2a86d2b385e94dc,100,1729,maximum_information_gain,2000.0,3000.0
kata1-b40c256x2-s4833666560-d1179059206,36,3952.6191780386193,3822.566323862773,4082.6720322144656,3988.51790261065,-35.89872457203046,2,a5803f8a5d9d87202b43d709cb328cedaf18c446af448f705c33d553e8c2e9f7,5170ec511fb50cdf10d648416d508574d70e9781ddf156a1b2a86d2b385e94dc,100,1729,maximum_information_gain,2000.0,3000.0
kata1-b40c256x2-s4833666560-d1179059206,38,3951.8243183768377,3825.7320324698076,4077.916604283868,3988.51790261065,-36.69358423381209,2,a5803f8a5d9d87202b43d709cb328cedaf18c446af448f705c33d553e8c2e9f7,5170ec511fb50cdf10d648416d508574d70e9781ddf156a1b2a86d2b385e94dc,100,1729,maximum_information_gain,2000.0,3000.0
kata1-b40c256x2-s4833666560-d1179059206,40,3951.1268107171973,3828.619913804685,4073.6337076297095,3988.51790261065,-37.39109189345254,2,a5803f8a5d9d87202b43d709cb328cedaf18c446af448f705c33d553e8c2e9f7,5170ec511fb50cdf10d648416d508574d70e9781ddf156a1b2a86d2b385e94dc,100,1729,maximum_information_gain,2000.0,3000.0
kata1-b40c256x2-s4833666560-d1179059206,42,3970.316658139352,3850.516421947939,4090.1168943307653,3988.51790261065,-18.20124447129774,2,a5803f8a5d9d87202b43d709cb328cedaf18c446af448f705c33d553e8c2e9f7,5170ec511fb50cdf10d648416d508574d70e9781ddf156a1b2a86d2b385e94dc,100,1729,maximum_information_gain,2000.0,3000.0
kata1-b40c256x2-s4833666560-d1179059206,44,3972.118387047931,3855.316575510167,4088.920198585695,3988.51790261065,-16.39951556271899,2,a5803f8a5d9d87202b43d709cb328cedaf18c446af448f705c33d553e8c2e9f7,5170ec511fb50cdf10d648416d508574d70e9781ddf156a1b2a86d2b385e94dc,100,1729,maximum_information_gain,2000.0,3000.0
kata1-b40c256x2-s4833666560-d1179059206,46,3973.737345351585,3859.7026346818593,4087.772056021311,3988.51790261065,-14.780557259064608,2,a5803f8a5d9d87202b43d709cb328cedaf18c446af448f705c33d553e8c2e9f7,5170ec511fb50cdf10d648416d508574d70e9781ddf156a1b2a86d2b385e94dc,100,1729,maximum_information_gain,2000.0,3000.0
kata1-b40c256x2-s4833666560-d1179059206,48,3983.8041856438676,3872.0667879280895,4095.5415833596458,3988.51790261065,-4.713716966782158,2,a5803f8a5d9d87202b43d709cb328cedaf18c446af448f705c33d553e8c2e9f7,5170ec511fb50cdf10d648416d508574d70e9781ddf156a1b2a86d2b385e94dc,100,1729,maximum_information_gain,2000.0,3000.0
kata1-b40c256x2-s4833666560-d1179059206,50,3992.969795561409,3883.360441344425,4102.579149778392,3988.51790261065,4.451892950758975,2,a5803f8a5d9d87202b43d709cb328cedaf18c446af448f705c33d553e8c2e9f7,5170ec511fb50cdf10d648416d508574d70e9781ddf156a1b2a86d2b385e94dc,100,1729,maximum_information_gain,2000.0,3000.0
kata1-b40c256x2-s4833666560-d1179059206,52,3985.557018358186,3878.47947613541,4092.6345605809615,3988.51790261065,-2.960884252463984,2,a5803f8a5d9d87202b43d709cb328cedaf18c446af448f705c33d553e8c2e9f7,5170ec511fb50cdf10d648416d508574d70e9781ddf156a1b2a86d2b385e94dc,100,1729,maximum_information_gain,2000.0,3000.0
kata1-b40c256x2-s4833666560-d1179059206,54,3971.3434121026667,3866.6971445236936,4075.9896796816397,3988.51790261065,-17.174490507983137,2,a5803f8a5d9d87202b43d709cb328cedaf18c446af448f705c33d553e8c2e9f7,5170ec511fb50cdf10d648416d508574d70e9781ddf156a1b2a86d2b385e94dc,100,1729,maximum_information_gain,2000.0,3000.0
kata1-b40c256x2-s4833666560-d1179059206,56,3987.018533905358,3884.001908946214,4090.0351588645017,3988.51790261065,-1.4993687052919995,2,a5803f8a5d9d87202b43d709cb328cedaf18c446af448f705c33d553e8c2e9f7,5170ec511fb50cdf10d648416d508574d70e9781ddf156a1b2a86d2b385e94dc,100,1729,maximum_information_gain,2000.0,3000.0
kata1-b40c256x2-s4833666560-d1179059206,58,3994.592586496314,3893.23539030024,4095.9497826923885,3988.51790261065,6.074683885664399,2,a5803f8a5d9d87202b43d709cb328cedaf18c446af448f705c33d553e8c2e9f7,5170ec511fb50cdf10d648416d508574d70e9781ddf156a1b2a86d2b385e94dc,100,1729,maximum_information_gain,2000.0,3000.0
kata1-b40c256x2-s4833666560-d1179059206,60,4003.106182059232,3903.2653651596493,4102.946998958815,3988.51790261065,14.588279448582398,2,a5803f8a5d9d87202b43d709cb328cedaf18c446af448f705c33d553e8c2e9f7,5170ec511fb50cdf10d648416d508574d70e9781ddf156a1b2a86d2b385e94dc,100,1729,maximum_information_gain,2000.0,3000.0
kata1-b40c256x2-s4833666560-d1179059206,62,3997.9773268296553,3899.9552323332737,4095.999421326037,3988.51790261065,9.459424219005541,2,a5803f8a5d9d87202b43d709cb328cedaf18c446af448f705c33d553e8c2e9f7,5170ec511fb50cdf10d648416d508574d70e9781ddf156a1b2a86d2b385e94dc,100,1729,maximum_information_gain,2000.0,3000.0
kata1-b40c256x2-s4833666560-d1179059206,64,3991.9552537892046,3895.6388990436562,4088.271608534753,3988.51790261065,3.4373511785547635,2,a5803f8a5d9d87202b43d709cb328cedaf18c446af448f705c33d553e8c2e9f7,5170ec511fb50cdf10d648416d508574d70e9781ddf156a1b2a86d2b385e94dc,100,1729,maximum_information_gain,2000.0,3000.0
kata1-b40c256x2-s4833666560-d1179059206,66,4004.347896428685,3909.2294331727403,4099.466359684629,3988.51790261065,15.829993818035291,2,a5803f8a5d9d87202b43d709cb328cedaf18c446af448f705c33d553e8c2e9f7,5170ec511fb50cdf10d648416d508574d70e9781ddf156a1b2a86d2b385e94dc,100,1729,maximum_information_gain,2000.0,3000.0
kata1-b40c256x2-s4833666560-d1179059206,68,4005.551431026017,3911.8282251801584,4099.274636871875,3988.51790261065,17.033528415367073,2,a5803f8a5d9d87202b43d709cb328cedaf18c446af448f705c33d553e8c2e9f7,5170ec511fb50cdf10d648416d508574d70e9781ddf156a1b2a86d2b385e94dc,100,1729,maximum_information_gain,2000.0,3000.0
kata1-b40c256x2-s4833666560-d1179059206,70,4018.082091166599,3925.376485123938,4110.787697209261,3988.51790261065,29.564188555949386,2,a5803f8a5d9d87202b43d709cb328cedaf18c446af448f705c33d553e8c2e9f7,5170ec511fb50cdf10d648416d508574d70e9781ddf156a1b2a86d2b385e94dc,100,1729,maximum_information_gain,2000.0,3000.0
kata1-b40c256x2-s4833666560-d1179059206,72,4013.2459460304913,3921.9796660316165,4104.512226029366,3988.51790261065,24.72804341984147,2,a5803f8a5d9d87202b43d709cb328cedaf18c446af448f705c33d553e8c2e9f7,5170ec511fb50cdf10d648416d508574d70e9781ddf156a1b2a86d2b385e94dc,100,1729,maximum_information_gain,2000.0,3000.0
kata1-b40c256x2-s4833666560-d1179059206,74,4008.7252538557523,3918.796440078733,4098.654067632771,3988.51790261065,20.207351245102473,2,a5803f8a5d9d87202b43d709cb328cedaf18c446af448f705c33d553e8c2e9f7,5170ec511fb50cdf10d648416d508574d70e9781ddf156a1b2a86d2b385e94dc,100,1729,maximum_information_gain,2000.0,3000.0
kata1-b40c256x2-s4833666560-d1179059206,76,4020.0406001525907,3931.0195309675223,4109.06166933766,3988.51790261065,31.522697541940943,2,a5803f8a5d9d87202b43d709cb328cedaf18c446af448f705c33d553e8c2e9f7,5170ec511fb50cdf10d648416d508574d70e9781ddf156a1b2a86d2b385e94dc,100,1729,maximum_information_gain,2000.0,3000.0
kata1-b40c256x2-s4833666560-d1179059206,78,4020.61812966696,3932.7136954486386,4108.522563885282,3988.51790261065,32.10022705631036,2,a5803f8a5d9d87202b43d709cb328cedaf18c446af448f705c33d553e8c2e9f7,5170ec511fb50cdf10d648416d508574d70e9781ddf156a1b2a86d2b385e94dc,100,1729,maximum_information_gain,2000.0,3000.0
kata1-b40c256x2-s4833666560-d1179059206,80,4031.020314311336,3943.9200941627782,4118.120534459894,3988.51790261065,42.502411700686025,2,a5803f8a5d9d87202b43d709cb328cedaf18c446af448f705c33d553e8c2e9f7,5170ec511fb50cdf10d648416d508574d70e9781ddf156a1b2a86d2b385e94dc,100,1729,maximum_information_gain,2000.0,3000.0
kata1-b40c256x2-s4833666560-d1179059206,82,4036.9479719186897,3950.725650880306,4123.170292957073,3988.51790261065,48.43006930803995,2,a5803f8a5d9d87202b43d709cb328cedaf18c446af448f705c33d553e8c2e9f7,5170ec511fb50cdf10d648416d508574d70e9781ddf156a1b2a86d2b385e94dc,100,1729,maximum_information_gain,2000.0,3000.0
kata1-b40c256x2-s4833666560-d1179059206,84,4037.8282154887734,3952.595752039537,4123.06067893801,3988.51790261065,49.31031287812357,2,a5803f8a5d9d87202b43d709cb328cedaf18c446af448f705c33d553e8c2e9f7,5170ec511fb50cdf10d648416d508574d70e9781ddf156a1b2a86d2b385e94dc,100,1729,maximum_information_gain,2000.0,3000.0
kata1-b40c256x2-s4833666560-d1179059206,86,4038.6572489035375,3954.3755733461057,4122.938924460969,3988.51790261065,50.139346292887694,2,a5803f8a5d9d87202b43d709cb328cedaf18c446af448f705c33d553e8c2e9f7,5170ec511fb50cdf10d648416d508574d70e9781ddf156a1b2a86d2b385e94dc,100,1729,maximum_information_gain,2000.0,3000.0
kata1-b40c256x2-s4833666560-d1179059206,88,4030.488581995711,3947.3416559672783,4113.635508024143,3988.51790261065,41.970679385060976,2,a5803f8a5d9d87202b43d709cb328cedaf18c446af448f705c33d553e8c2e9f7,5170ec511fb50cdf10d648416d508574d70e9781ddf156a1b2a86d2b385e94dc,100,1729,maximum_information_gain,2000.0,3000.0
kata1-b40c256x2-s4833666560-d1179059206,90,4035.0547187499283,3952.691932227119,4117.417505272737,3988.51790261065,46.53681613927847,2,a5803f8a5d9d87202b43d709cb328cedaf18c446af448f705c33d553e8c2e9f7,5170ec511fb50cdf10d648416d508574d70e9781ddf156a1b2a86d2b385e94dc,100,1729,maximum_information_gain,2000.0,3000.0
kata1-b40c256x2-s4833666560-d1179059206,92,4031.641915035364,3950.2095546153687,4113.074275455359,3988.51790261065,43.12401242471424,2,a5803f8a5d9d87202b43d709cb328cedaf18c446af448f705c33d553e8c2e9f7,5170ec511fb50cdf10d648416d508574d70e9781ddf156a1b2a86d2b385e94dc,100,1729,maximum_information_gain,2000.0,3000.0
kata1-b40c256x2-s4833666560-d1179059206,94,4031.8299712241974,3951.2155218732705,4112.444420575124,3988.51790261065,43.31206861354758,2,a5803f8a5d9d87202b43d709cb328cedaf18c446af448f705c33d553e8c2e9f7,5170ec511fb50cdf10d648416d508574d70e9781ddf156a1b2a86d2b385e94dc,100,1729,maximum_information_gain,2000.0,3000.0
kata1-b40c256x2-s4833666560-d1179059206,96,4032.0092051412025,3952.1819869044543,4111.83642337795,3988.51790261065,43.49130253055273,2,a5803f8a5d9d87202b43d709cb328cedaf18c446af448f705c33d553e8c2e9f7,5170ec511fb50cdf10d648416d508574d70e9781ddf156a1b2a86d2b385e94dc,100,1729,maximum_information_gain,2000.0,3000.0
kata1-b40c256x2-s4833666560-d1179059206,98,4033.1022571981653,3954.0181597000733,4112.186354696257,3988.51790261065,44.58435458751546,2,a5803f8a5d9d87202b43d709cb328cedaf18c446af448f705c33d553e8c2e9f7,5170ec511fb50cdf10d648416d508574d70e9781ddf156a1b2a86d2b385e94dc,100,1729,maximum_information_gain,2000.0,3000.0
kata1-b40c256x2-s4833666560-d1179059206,100,4033.9120444077503,3955.550913094848,4112.273175720652,3988.51790261065,45.394141797100474,2,a5803f8a5d9d87202b43d709cb328cedaf18c446af448f705c33d553e8c2e9f7,5170ec511fb50cdf10d648416d508574d70e9781ddf156a1b2a86d2b385e94dc,100,1729,maximum_information_gain,2000.0,3000.0
kata1-b60c320-s6678602752-d3043834427,2,2826.233674315162,367.0744171968272,5285.392931433496,4103.3530172068795,-1277.1193428917177,2,a5803f8a5d9d87202b43d709cb328cedaf18c446af448f705c33d553e8c2e9f7,5170ec511fb50cdf10d648416d508574d70e9781ddf156a1b2a86d2b385e94dc,100,1729,maximum_information_gain,2000.0,3000.0
kata1-b60c320-s6678602752-d3043834427,4,3545.382104010107,1663.5873768071149,5427.176831213099,4103.3530172068795,-557.9709131967725,2,a5803f8a5d9d87202b43d709cb328cedaf18c446af448f705c33d553e8c2e9f7,5170ec511fb50cdf10d648416d508574d70e9781ddf156a1b2a86d2b385e94dc,100,1729,maximum_information_gain,2000.0,3000.0
kata1-b60c320-s6678602752-d3043834427,6,4206.723154555199,2602.2861347105422,5811.160174399854,4103.3530172068795,103.37013734831908,2,a5803f8a5d9d87202b43d709cb328cedaf18c446af448f705c33d553e8c2e9f7,5170ec511fb50cdf10d648416d508574d70e9781ddf156a1b2a86d2b385e94dc,100,1729,maximum_information_gain,2000.0,3000.0
kata1-b60c320-s6678602752-d3043834427,8,4204.235725427317,3739.7469411337606,4668.724509720874,4103.3530172068795,100.88270822043796,2,a5803f8a5d9d87202b43d709cb328cedaf18c446af448f705c33d553e8c2e9f7,5170ec511fb50cdf10d648416d508574d70e9781ddf156a1b2a86d2b385e94dc,100,1729,maximum_information_gain,2000.0,3000.0
kata1-b60c320-s6678602752-d3043834427,10,4116.318016301265,3775.4981324339587,4457.137900168571,4103.3530172068795,12.964999094385348,2,a5803f8a5d9d87202b43d709cb328cedaf18c446af448f705c33d553e8c2e9f7,5170ec511fb50cdf10d648416d508574d70e9781ddf156a1b2a86d2b385e94dc,100,1729,maximum_information_gain,2000.0,3000.0
kata1-b60c320-s6678602752-d3043834427,12,3999.852073296261,3697.6845868367886,4302.019559755734,4103.3530172068795,-103.50094391061839,2,a5803f8a5d9d87202b43d709cb328cedaf18c446af448f705c33d553e8c2e9f7,5170ec511fb50cdf10d648416d508574d70e9781ddf156a1b2a86d2b385e94dc,100,1729,maximum_information_gain,2000.0,3000.0
kata1-b60c320-s6678602752-d3043834427,14,3998.816470843069,3741.517683101531,4256.115258584607,4103.3530172068795,-104.53654636381043,2,a5803f8a5d9d87202b43d709cb328cedaf18c446af448f705c33d553e8c2e9f7,5170ec511fb50cdf10d648416d508574d70e9781ddf156a1b2a86d2b385e94dc,100,1729,maximum_information_gain,2000.0,3000.0
kata1-b60c320-s6678602752-d3043834427,16,4034.715447703627,3810.102078429599,4259.328816977655,4103.3530172068795,-68.63756950325251,2,a5803f8a5d9d87202b43d709cb328cedaf18c446af448f705c33d553e8c2e9f7,5170ec511fb50cdf10d648416d508574d70e9781ddf156a1b2a86d2b385e94dc,100,1729,maximum_information_gain,2000.0,3000.0
kata1-b60c320-s6678602752-d3043834427,18,4002.5092439457367,3795.796803009435,4209.221684882039,4103.3530172068795,-100.84377326114281,2,a5803f8a5d9d87202b43d709cb328cedaf18c446af448f705c33d553e8c2e9f7,5170ec511fb50cdf10d648416d508574d70e9781ddf156a1b2a86d2b385e94dc,100,1729,maximum_information_gain,2000.0,3000.0
kata1-b60c320-s6678602752-d3043834427,20,4027.862291068136,3838.4243318253143,4217.300250310958,4103.3530172068795,-75.49072613874341,2,a5803f8a5d9d87202b43d709cb328cedaf18c446af448f705c33d553e8c2e9f7,5170ec511fb50cdf10d648416d508574d70e9781ddf156a1b2a86d2b385e94dc,100,1729,maximum_information_gain,2000.0,3000.0
kata1-b60c320-s6678602752-d3043834427,22,4027.811069145533,3850.7517849714536,4204.870353319612,4103.3530172068795,-75.54194806134637,2,a5803f8a5d9d87202b43d709cb328cedaf18c446af448f705c33d553e8c2e9f7,5170ec511fb50cdf10d648416d508574d70e9781ddf156a1b2a86d2b385e94dc,100,1729,maximum_information_gain,2000.0,3000.0
kata1-b60c320-s6678602752-d3043834427,24,4027.771635405633,3860.8546040535734,4194.688666757693,4103.3530172068795,-75.58138180124661,2,a5803f8a5d9d87202b43d709cb328cedaf18c446af448f705c33d553e8c2e9f7,5170ec511fb50cdf10d648416d508574d70e9781ddf156a1b2a86d2b385e94dc,100,1729,maximum_information_gain,2000.0,3000.0
kata1-b60c320-s6678602752-d3043834427,26,4027.7403285429855,3869.3259540353097,4186.154703050662,4103.3530172068795,-75.612688663894,2,a5803f8a5d9d87202b43d709cb328cedaf18c446af448f705c33d553e8c2e9f7,5170ec511fb50cdf10d648416d508574d70e9781ddf156a1b2a86d2b385e94dc,100,1729,maximum_information_gain,2000.0,3000.0
kata1-b60c320-s6678602752-d3043834427,28,4011.3291036571995,3859.7270451374175,4162.931162176982,4103.3530172068795,-92.02391354967995,2,a5803f8a5d9d87202b43d709cb328cedaf18c446af448f705c33d553e8c2e9f7,5170ec511fb50cdf10d648416d508574d70e9781ddf156a1b2a86d2b385e94dc,100,1729,maximum_information_gain,2000.0,3000.0
kata1-b60c320-s6678602752-d3043834427,30,4024.6159850421313,3879.6874932078517,4169.544476876411,4103.3530172068795,-78.73703216474814,2,a5803f8a5d9d87202b43d709cb328cedaf18c446af448f705c33d553e8c2e9f7,5170ec511fb50cdf10d648416d508574d70e9781ddf156a1b2a86d2b385e94dc,100,1729,maximum_information_gain,2000.0,3000.0
kata1-b60c320-s6678602752-d3043834427,32,4011.043806161606,3871.3654428510067,4150.722169472205,4103.3530172068795,-92.30921104527351,2,a5803f8a5d9d87202b43d709cb328cedaf18c446af448f705c33d553e8c2e9f7,5170ec511fb50cdf10d648416d508574d70e9781ddf156a1b2a86d2b385e94dc,100,1729,maximum_information_gain,2000.0,3000.0
kata1-b60c320-s6678602752-d3043834427,34,4035.595249568888,3901.1676546004355,4170.0228445373405,4103.3530172068795,-67.75776763799149,2,a5803f8a5d9d87202b43d709cb328cedaf18c446af448f705c33d553e8c2e9f7,5170ec511fb50cdf10d648416d508574d70e9781ddf156a1b2a86d2b385e94dc,100,1729,maximum_information_gain,2000.0,3000.0
kata1-b60c320-s6678602752-d3043834427,36,4049.3961895763105,3919.3229878544025,4179.469391298218,4103.3530172068795,-53.95682763056902,2,a5803f8a5d9d87202b43d709cb328cedaf18c446af448f705c33d553e8c2e9f7,5170ec511fb50cdf10d648416d508574d70e9781ddf156a1b2a86d2b385e94dc,100,1729,maximum_information_gain,2000.0,3000.0
kata1-b60c320-s6678602752-d3043834427,38,4039.0418710195154,3912.978343621373,4165.105398417658,4103.3530172068795,-64.3111461873641,2,a5803f8a5d9d87202b43d709cb328cedaf18c446af448f705c33d553e8c2e9f7,5170ec511fb50cdf10d648416d508574d70e9781ddf156a1b2a86d2b385e94dc,100,1729,maximum_information_gain,2000.0,3000.0
kata1-b60c320-s6678602752-d3043834427,40,4029.9406811744175,3907.4090113476673,4152.472351001167,4103.3530172068795,-73.41233603246201,2,a5803f8a5d9d87202b43d709cb328cedaf18c446af448f705c33d553e8c2e9f7,5170ec511fb50cdf10d648416d508574d70e9781ddf156a1b2a86d2b385e94dc,100,1729,maximum_information_gain,2000.0,3000.0
kata1-b60c320-s6678602752-d3043834427,42,4019.9185589101635,3900.530320069341,4139.306797750985,4103.3530172068795,-83.434458296716,2,a5803f8a5d9d87202b43d709cb328cedaf18c446af448f705c33d553e8c2e9f7,5170ec511fb50cdf10d648416d508574d70e9781ddf156a1b2a86d2b385e94dc,100,1729,maximum_information_gain,2000.0,3000.0
kata1-b60c320-s6678602752-d3043834427,44,4008.90629493223,3892.33498869967,4125.47760116479,4103.3530172068795,-94.44672227464935,2,a5803f8a5d9d87202b43d709cb328cedaf18c446af448f705c33d553e8c2e9f7,5170ec511fb50cdf10d648416d508574d70e9781ddf156a1b2a86d2b385e94dc,100,1729,maximum_information_gain,2000.0,3000.0
kata1-b60c320-s6678602752-d3043834427,46,4008.226026895939,3894.4457308363226,4122.006322955555,4103.3530172068795,-95.12699031094053,2,a5803f8a5d9d87202b43d709cb328cedaf18c446af448f705c33d553e8c2e9f7,5170ec511fb50cdf10d648416d508574d70e9781ddf156a1b2a86d2b385e94dc,100,1729,maximum_information_gain,2000.0,3000.0
kata1-b60c320-s6678602752-d3043834427,48,4024.418398337204,3913.433832720336,4135.402963954072,4103.3530172068795,-78.93461886967543,2,a5803f8a5d9d87202b43d709cb328cedaf18c446af448f705c33d553e8c2e9f7,5170ec511fb50cdf10d648416d508574d70e9781ddf156a1b2a86d2b385e94dc,100,1729,maximum_information_gain,2000.0,3000.0
kata1-b60c320-s6678602752-d3043834427,50,4032.658824105634,3924.0779487632876,4141.23969944798,4103.3530172068795,-70.69419310124567,2,a5803f8a5d9d87202b43d709cb328cedaf18c446af448f705c33d553e8c2e9f7,5170ec511fb50cdf10d648416d508574d70e9781ddf156a1b2a86d2b385e94dc,100,1729,maximum_information_gain,2000.0,3000.0
kata1-b60c320-s6678602752-d3043834427,52,4033.985678800743,3927.617383875145,4140.353973726341,4103.3530172068795,-69.3673384061367,2,a5803f8a5d9d87202b43d709cb328cedaf18c446af448f705c33d553e8c2e9f7,5170ec511fb50cdf10d648416d508574d70e9781ddf156a1b2a86d2b385e94dc,100,1729,maximum_information_gain,2000.0,3000.0
kata1-b60c320-s6678602752-d3043834427,54,4035.6351497357145,3931.3361564039383,4139.93414306749,4103.3530172068795,-67.71786747116494,2,a5803f8a5d9d87202b43d709cb328cedaf18c446af448f705c33d553e8c2e9f7,5170ec511fb50cdf10d648416d508574d70e9781ddf156a1b2a86d2b385e94dc,100,1729,maximum_information_gain,2000.0,3000.0
kata1-b60c320-s6678602752-d3043834427,56,4037.14872235694,3934.787353643428,4139.510091070452,4103.3530172068795,-66.20429484993929,2,a5803f8a5d9d87202b43d709cb328cedaf18c446af448f705c33d553e8c2e9f7,5170ec511fb50cdf10d648416d508574d70e9781ddf156a1b2a86d2b385e94dc,100,1729,maximum_information_gain,2000.0,3000.0
kata1-b60c320-s6678602752-d3043834427,58,4044.9849502565585,3944.4324226060317,4145.537477907085,4103.3530172068795,-58.36806695032101,2,a5803f8a5d9d87202b43d709cb328cedaf18c446af448f705c33d553e8c2e9f7,5170ec511fb50cdf10d648416d508574d70e9781ddf156a1b2a86d2b385e94dc,100,1729,maximum_information_gain,2000.0,3000.0
kata1-b60c320-s6678602752-d3043834427,60,4046.0344392346024,3947.197181266433,4144.871697202772,4103.3530172068795,-57.318577972277126,2,a5803f8a5d9d87202b43d709cb328cedaf18c446af448f705c33d553e8c2e9f7,5170ec511fb50cdf10d648416d508574d70e9781ddf156a1b2a86d2b385e94dc,100,1729,maximum_information_gain,2000.0,3000.0
kata1-b60c320-s6678602752-d3043834427,62,4046.632325096645,3949.4133709594003,4143.851279233891,4103.3530172068795,-56.72069211023427,2,a5803f8a5d9d87202b43d709cb328cedaf18c446af448f705c33d553e8c2e9f7,5170ec511fb50cdf10d648416d508574d70e9781ddf156a1b2a86d2b385e94dc,100,1729,maximum_information_gain,2000.0,3000.0
kata1-b60c320-s6678602752-d3043834427,64,4047.549887159529,3951.8608385790626,4143.238935739995,4103.3530172068795,-55.80313004735035,2,a5803f8a5d9d87202b43d709cb328cedaf18c446af448f705c33d553e8c2e9f7,5170ec511fb50cdf10d648416d508574d70e9781ddf156a1b2a86d2b385e94dc,100,1729,maximum_information_gain,2000.0,3000.0
kata1-b60c320-s6678602752-d3043834427,66,4048.404264429223,3954.1630065888135,4142.645522269633,4103.3530172068795,-54.94875277765641,2,a5803f8a5d9d87202b43d709cb328cedaf18c446af448f705c33d553e8c2e9f7,5170ec511fb50cdf10d648416d508574d70e9781ddf156a1b2a86d2b385e94dc,100,1729,maximum_information_gain,2000.0,3000.0
kata1-b60c320-s6678602752-d3043834427,68,4048.8660677053026,3956.000318574773,4141.731816835832,4103.3530172068795,-54.48694950157687,2,a5803f8a5d9d87202b43d709cb328cedaf18c446af448f705c33d553e8c2e9f7,5170ec511fb50cdf10d648416d508574d70e9781ddf156a1b2a86d2b385e94dc,100,1729,maximum_information_gain,2000.0,3000.0
kata1-b60c320-s6678602752-d3043834427,70,4049.6239911961293,3958.0636053071917,4141.184377085067,4103.3530172068795,-53.729026010750204,2,a5803f8a5d9d87202b43d709cb328cedaf18c446af448f705c33d553e8c2e9f7,5170ec511fb50cdf10d648416d508574d70e9781ddf156a1b2a86d2b385e94dc,100,1729,maximum_information_gain,2000.0,3000.0
kata1-b60c320-s6678602752-d3043834427,72,4050.019765698188,3959.7031807374474,4140.336350658929,4103.3530172068795,-53.33325150869132,2,a5803f8a5d9d87202b43d709cb328cedaf18c446af448f705c33d553e8c2e9f7,5170ec511fb50cdf10d648416d508574d70e9781ddf156a1b2a86d2b385e94dc,100,1729,maximum_information_gain,2000.0,3000.0
kata1-b60c320-s6678602752-d3043834427,74,4061.13449732906,3971.9430731624648,4150.325921495656,4103.3530172068795,-42.21851987781929,2,a5803f8a5d9d87202b43d709cb328cedaf18c446af448f705c33d553e8c2e9f7,5170ec511fb50cdf10d648416d508574d70e9781ddf156a1b2a86d2b385e94dc,100,1729,maximum_information_gain,2000.0,3000.0
kata1-b60c320-s6678602752-d3043834427,76,4066.534768136004,3978.427366117629,4154.642170154379,4103.3530172068795,-36.81824907087548,2,a5803f8a5d9d87202b43d709cb328cedaf18c446af448f705c33d553e8c2e9f7,5170ec511fb50cdf10d648416d508574d70e9781ddf156a1b2a86d2b385e94dc,100,1729,maximum_information_gain,2000.0,3000.0
kata1-b60c320-s6678602752-d3043834427,78,4061.500514048537,3974.5288089582377,4148.472219138836,4103.3530172068795,-41.85250315834264,2,a5803f8a5d9d87202b43d709cb328cedaf18c446af448f705c33d553e8c2e9f7,5170ec511fb50cdf10d648416d508574d70e9781ddf156a1b2a86d2b385e94dc,100,1729,maximum_information_gain,2000.0,3000.0
kata1-b60c320-s6678602752-d3043834427,80,4066.5905020091936,3980.611588719736,4152.569415298651,4103.3530172068795,-36.76251519768584,2,a5803f8a5d9d87202b43d709cb328cedaf18c446af448f705c33d553e8c2e9f7,5170ec511fb50cdf10d648416d508574d70e9781ddf156a1b2a86d2b385e94dc,100,1729,maximum_information_gain,2000.0,3000.0
kata1-b60c320-s6678602752-d3043834427,82,4066.490099795661,3981.508659319983,4151.471540271339,4103.3530172068795,-36.862917411218405,2,a5803f8a5d9d87202b43d709cb328cedaf18c446af448f705c33d553e8c2e9f7,5170ec511fb50cdf10d648416d508574d70e9781ddf156a1b2a86d2b385e94dc,100,1729,maximum_information_gain,2000.0,3000.0
kata1-b60c320-s6678602752-d3043834427,84,4066.6386662224863,3982.611438879317,4150.665893565656,4103.3530172068795,-36.71435098439315,2,a5803f8a5d9d87202b43d709cb328cedaf18c446af448f705c33d553e8c2e9f7,5170ec511fb50cdf10d648416d508574d70e9781ddf156a1b2a86d2b385e94dc,100,1729,maximum_information_gain,2000.0,3000.0
kata1-b60c320-s6678602752-d3043834427,86,4066.5422471556317,3983.4325689807465,4149.651925330517,4103.3530172068795,-36.8107700512478,2,a5803f8a5d9d87202b43d709cb328cedaf18c446af448f705c33d553e8c2e9f7,5170ec511fb50cdf10d648416d508574d70e9781ddf156a1b2a86d2b385e94dc,100,1729,maximum_information_gain,2000.0,3000.0
kata1-b60c320-s6678602752-d3043834427,88,4066.6819938464782,3984.4520048780983,4148.911982814859,4103.3530172068795,-36.67102336040125,2,a5803f8a5d9d87202b43d709cb328cedaf18c446af448f705c33d553e8c2e9f7,5170ec511fb50cdf10d648416d508574d70e9781ddf156a1b2a86d2b385e94dc,100,1729,maximum_information_gain,2000.0,3000.0
kata1-b60c320-s6678602752-d3043834427,90,4062.380884128897,3981.029632275651,4143.7321359821435,4103.3530172068795,-40.97213307798256,2,a5803f8a5d9d87202b43d709cb328cedaf18c446af448f705c33d553e8c2e9f7,5170ec511fb50cdf10d648416d508574d70e9781ddf156a1b2a86d2b385e94dc,100,1729,maximum_information_gain,2000.0,3000.0
kata1-b60c320-s6678602752-d3043834427,92,4061.5742461920695,3981.041964422098,4142.106527962042,4103.3530172068795,-41.77877101480999,2,a5803f8a5d9d87202b43d709cb328cedaf18c446af448f705c33d553e8c2e9f7,5170ec511fb50cdf10d648416d508574d70e9781ddf156a1b2a86d2b385e94dc,100,1729,maximum_information_gain,2000.0,3000.0
kata1-b60c320-s6678602752-d3043834427,94,4061.8167638392397,3982.0673517068626,4141.566175971617,4103.3530172068795,-41.5362533676398,2,a5803f8a5d9d87202b43d709cb328cedaf18c446af448f705c33d553e8c2e9f7,5170ec511fb50cdf10d648416d508574d70e9781ddf156a1b2a86d2b385e94dc,100,1729,maximum_information_gain,2000.0,3000.0
kata1-b60c320-s6678602752-d3043834427,96,4069.696520131654,3990.6423840633174,4148.750656199991,4103.3530172068795,-33.656497075225616,2,a5803f8a5d9d87202b43d709cb328cedaf18c446af448f705c33d553e8c2e9f7,5170ec511fb50cdf10d648416d508574d70e9781ddf156a1b2a86d2b385e94dc,100,1729,maximum_information_gain,2000.0,3000.0
kata1-b60c320-s6678602752-d3043834427,98,4069.752219453173,3991.4296698709613,4148.074769035385,4103.3530172068795,-33.6007977537065,2,a5803f8a5d9d87202b43d709cb328cedaf18c446af448f705c33d553e8c2e9f7,5170ec511fb50cdf10d648416d508574d70e9781ddf156a1b2a86d2b385e94dc,100,1729,maximum_information_gain,2000.0,3000.0
kata1-b60c320-s6678602752-d3043834427,100,4069.8054438006106,3992.188584846605,4147.422302754617,4103.3530172068795,-33.54757340626884,2,a5803f8a5d9d87202b43d709cb328cedaf18c446af448f705c33d553e8c2e9f7,5170ec511fb50cdf10d648416d508574d70e9781ddf156a1b2a86d2b385e94dc,100,1729,maximum_information_gain,2000.0,3000.0
kata1-b28c512nbt-s12313658112-d5687582971,2,2847.8339231648297,414.56818196572704,5281.099664363932,4200.90243921563,-1353.0685160508,2,a5803f8a5d9d87202b43d709cb328cedaf18c446af448f705c33d553e8c2e9f7,5170ec511fb50cdf10d648416d508574d70e9781ddf156a1b2a86d2b385e94dc,100,1729,maximum_information_gain,2000.0,3000.0
kata1-b28c512nbt-s12313658112-d5687582971,4,3566.446856795096,1695.9016866080517,5436.9920269821405,4200.90243921563,-634.4555824205336,2,a5803f8a5d9d87202b43d709cb328cedaf18c446af448f705c33d553e8c2e9f7,5170ec511fb50cdf10d648416d508574d70e9781ddf156a1b2a86d2b385e94dc,100,1729,maximum_information_gain,2000.0,3000.0
kata1-b28c512nbt-s12313658112-d5687582971,6,4234.28595373147,2638.7914200756213,5829.780487387318,4200.90243921563,33.383514515840034,2,a5803f8a5d9d87202b43d709cb328cedaf18c446af448f705c33d553e8c2e9f7,5170ec511fb50cdf10d648416d508574d70e9781ddf156a1b2a86d2b385e94dc,100,1729,maximum_information_gain,2000.0,3000.0
kata1-b28c512nbt-s12313658112-d5687582971,8,4219.659152967277,3756.420978936808,4682.897326997746,4200.90243921563,18.756713751647112,2,a5803f8a5d9d87202b43d709cb328cedaf18c446af448f705c33d553e8c2e9f7,5170ec511fb50cdf10d648416d508574d70e9781ddf156a1b2a86d2b385e94dc,100,1729,maximum_information_gain,2000.0,3000.0
kata1-b28c512nbt-s12313658112-d5687582971,10,4218.994181517719,3882.873795295029,4555.114567740409,4200.90243921563,18.091742302089187,2,a5803f8a5d9d87202b43d709cb328cedaf18c446af448f705c33d553e8c2e9f7,5170ec511fb50cdf10d648416d508574d70e9781ddf156a1b2a86d2b385e94dc,100,1729,maximum_information_gain,2000.0,3000.0
kata1-b28c512nbt-s12313658112-d5687582971,12,4210.776662303623,3933.7288130407687,4487.824511566478,4200.90243921563,9.874223087993414,2,a5803f8a5d9d87202b43d709cb328cedaf18c446af448f705c33d553e8c2e9f7,5170ec511fb50cdf10d648416d508574d70e9781ddf156a1b2a86d2b385e94dc,100,1729,maximum_information_gain,2000.0,3000.0
kata1-b28c512nbt-s12313658112-d5687582971,14,4206.575204929257,3965.1872167160086,4447.963193142506,4200.90243921563,5.672765713627086,2,a5803f8a5d9d87202b43d709cb328cedaf18c446af448f705c33d553e8c2e9f7,5170ec511fb50cdf10d648416d508574d70e9781ddf156a1b2a86d2b385e94dc,100,1729,maximum_information_gain,2000.0,3000.0
kata1-b28c512nbt-s12313658112-d5687582971,16,4169.567089986814,3952.181468033657,4386.95271193997,4200.90243921563,-31.335349228816085,2,a5803f8a5d9d87202b43d709cb328cedaf18c446af448f705c33d553e8c2e9f7,5170ec511fb50cdf10d648416d508574d70e9781ddf156a1b2a86d2b385e94dc,100,1729,maximum_information_gain,2000.0,3000.0
kata1-b28c512nbt-s12313658112-d5687582971,18,4197.327580331756,3998.519760294869,4396.135400368642,4200.90243921563,-3.5748588838741853,2,a5803f8a5d9d87202b43d709cb328cedaf18c446af448f705c33d553e8c2e9f7,5170ec511fb50cdf10d648416d508574d70e9781ddf156a1b2a86d2b385e94dc,100,1729,maximum_information_gain,2000.0,3000.0
kata1-b28c512nbt-s12313658112-d5687582971,20,4196.817922396229,4012.1354598241546,4381.500384968303,4200.90243921563,-4.08451681940096,2,a5803f8a5d9d87202b43d709cb328cedaf18c446af448f705c33d553e8c2e9f7,5170ec511fb50cdf10d648416d508574d70e9781ddf156a1b2a86d2b385e94dc,100,1729,maximum_information_gain,2000.0,3000.0
kata1-b28c512nbt-s12313658112-d5687582971,22,4196.434346435043,4023.1360305635208,4369.7326623065655,4200.90243921563,-4.46809278058663,2,a5803f8a5d9d87202b43d709cb328cedaf18c446af448f705c33d553e8c2e9f7,5170ec511fb50cdf10d648416d508574d70e9781ddf156a1b2a86d2b385e94dc,100,1729,maximum_information_gain,2000.0,3000.0
kata1-b28c512nbt-s12313658112-d5687582971,24,4196.135181799246,4032.2600055527632,4360.010358045729,4200.90243921563,-4.7672574163834724,2,a5803f8a5d9d87202b43d709cb328cedaf18c446af448f705c33d553e8c2e9f7,5170ec511fb50cdf10d648416d508574d70e9781ddf156a1b2a86d2b385e94dc,100,1729,maximum_information_gain,2000.0,3000.0
kata1-b28c512nbt-s12313658112-d5687582971,26,4192.816367879323,4036.9387550144666,4348.693980744179,4200.90243921563,-8.086071336307214,2,a5803f8a5d9d87202b43d709cb328cedaf18c446af448f705c33d553e8c2e9f7,5170ec511fb50cdf10d648416d508574d70e9781ddf156a1b2a86d2b385e94dc,100,1729,maximum_information_gain,2000.0,3000.0
kata1-b28c512nbt-s12313658112-d5687582971,28,4190.09837419103,4041.0958743262263,4339.1008740558345,4200.90243921563,-10.804065024599367,2,a5803f8a5d9d87202b43d709cb328cedaf18c446af448f705c33d553e8c2e9f7,5170ec511fb50cdf10d648416d508574d70e9781ddf156a1b2a86d2b385e94dc,100,1729,maximum_information_gain,2000.0,3000.0
kata1-b28c512nbt-s12313658112-d5687582971,30,4187.831985814452,4044.818465907598,4330.845505721307,4200.90243921563,-13.070453401177474,2,a5803f8a5d9d87202b43d709cb328cedaf18c446af448f705c33d553e8c2e9f7,5170ec511fb50cdf10d648416d508574d70e9781ddf156a1b2a86d2b385e94dc,100,1729,maximum_information_gain,2000.0,3000.0
kata1-b28c512nbt-s12313658112-d5687582971,32,4201.695987661141,4063.8012701677626,4339.590705154519,4200.90243921563,0.7935484455110782,2,a5803f8a5d9d87202b43d709cb328cedaf18c446af448f705c33d553e8c2e9f7,5170ec511fb50cdf10d648416d508574d70e9781ddf156a1b2a86d2b385e94dc,100,1729,maximum_information_gain,2000.0,3000.0
kata1-b28c512nbt-s12313658112-d5687582971,34,4202.870560841418,4069.676090541313,4336.065031141524,4200.90243921563,1.9681216257886263,2,a5803f8a5d9d87202b43d709cb328cedaf18c446af448f705c33d553e8c2e9f7,5170ec511fb50cdf10d648416d508574d70e9781ddf156a1b2a86d2b385e94dc,100,1729,maximum_information_gain,2000.0,3000.0
kata1-b28c512nbt-s12313658112-d5687582971,36,4192.226462155949,4063.3424279738306,4321.110496338067,4200.90243921563,-8.675977059680918,2,a5803f8a5d9d87202b43d709cb328cedaf18c446af448f705c33d553e8c2e9f7,5170ec511fb50cdf10d648416d508574d70e9781ddf156a1b2a86d2b385e94dc,100,1729,maximum_information_gain,2000.0,3000.0
kata1-b28c512nbt-s12313658112-d5687582971,38,4203.231471650566,4078.0626921330086,4328.400251168124,4200.90243921563,2.32903243493638,2,a5803f8a5d9d87202b43d709cb328cedaf18c446af448f705c33d553e8c2e9f7,5170ec511fb50cdf10d648416d508574d70e9781ddf156a1b2a86d2b385e94dc,100,1729,maximum_information_gain,2000.0,3000.0
kata1-b28c512nbt-s12313658112-d5687582971,40,4204.121636172332,4082.4068389527515,4325.836433391913,4200.90243921563,3.219196956702035,2,a5803f8a5d9d87202b43d709cb328cedaf18c446af448f705c33d553e8c2e9f7,5170ec511fb50cdf10d648416d508574d70e9781ddf156a1b2a86d2b385e94dc,100,1729,maximum_information_gain,2000.0,3000.0
kata1-b28c512nbt-s12313658112-d5687582971,42,4193.812231643951,4075.334025483442,4312.29043780446,4200.90243921563,-7.0902075716785475,2,a5803f8a5d9d87202b43d709cb328cedaf18c446af448f705c33d553e8c2e9f7,5170ec511fb50cdf10d648416d508574d70e9781ddf156a1b2a86d2b385e94dc,100,1729,maximum_information_gain,2000.0,3000.0
kata1-b28c512nbt-s12313658112-d5687582971,44,4192.1803497653445,4076.615297634929,4307.74540189576,4200.90243921563,-8.722089450285239,2,a5803f8a5d9d87202b43d709cb328cedaf18c446af448f705c33d553e8c2e9f7,5170ec511fb50cdf10d648416d508574d70e9781ddf156a1b2a86d2b385e94dc,100,1729,maximum_information_gain,2000.0,3000.0
kata1-b28c512nbt-s12313658112-d5687582971,46,4208.2905824315285,4095.243623557694,4321.337541305364,4200.90243921563,7.388143215898708,2,a5803f8a5d9d87202b43d709cb328cedaf18c446af448f705c33d553e8c2e9f7,5170ec511fb50cdf10d648416d508574d70e9781ddf156a1b2a86d2b385e94dc,100,1729,maximum_information_gain,2000.0,3000.0
kata1-b28c512nbt-s12313658112-d5687582971,48,4217.145702839199,4106.430701919228,4327.860703759169,4200.90243921563,16.243263623568964,2,a5803f8a5d9d87202b43d709cb328cedaf18c446af448f705c33d553e8c2e9f7,5170ec511fb50cdf10d648416d508574d70e9781ddf156a1b2a86d2b385e94dc,100,1729,maximum_information_gain,2000.0,3000.0
kata1-b28c512nbt-s12313658112-d5687582971,50,4209.206600834351,4100.953690553815,4317.4595111148865,4200.90243921563,8.304161618721082,2,a5803f8a5d9d87202b43d709cb328cedaf18c446af448f705c33d553e8c2e9f7,5170ec511fb50cdf10d648416d508574d70e9781ddf156a1b2a86d2b385e94dc,100,1729,maximum_information_gain,2000.0,3000.0
kata1-b28c512nbt-s12313658112-d5687582971,52,4200.902876545232,4094.8979729666653,4306.907780123799,4200.90243921563,0.00043732960239140084,2,a5803f8a5d9d87202b43d709cb328cedaf18c446af448f705c33d553e8c2e9f7,5170ec511fb50cdf10d648416d508574d70e9781ddf156a1b2a86d2b385e94dc,100,1729,maximum_information_gain,2000.0,3000.0
kata1-b28c512nbt-s12313658112-d5687582971,54,4207.916122937649,4103.854056570865,4311.978189304432,4200.90243921563,7.013683722018868,2,a5803f8a5d9d87202b43d709cb328cedaf18c446af448f705c33d553e8c2e9f7,5170ec511fb50cdf10d648416d508574d70e9781ddf156a1b2a86d2b385e94dc,100,1729,maximum_information_gain,2000.0,3000.0
kata1-b28c512nbt-s12313658112-d5687582971,56,4208.334594363613,4106.156118358418,4310.513070368808,4200.90243921563,7.432155147983394,2,a5803f8a5d9d87202b43d709cb328cedaf18c446af448f705c33d553e8c2e9f7,5170ec511fb50cdf10d648416d508574d70e9781ddf156a1b2a86d2b385e94dc,100,1729,maximum_information_gain,2000.0,3000.0
kata1-b28c512nbt-s12313658112-d5687582971,58,4214.532417978708,4114.044102415067,4315.020733542348,4200.90243921563,13.629978763077816,2,a5803f8a5d9d87202b43d709cb328cedaf18c446af448f705c33d553e8c2e9f7,5170ec511fb50cdf10d648416d508574d70e9781ddf156a1b2a86d2b385e94dc,100,1729,maximum_information_gain,2000.0,3000.0
kata1-b28c512nbt-s12313658112-d5687582971,60,4214.677873386336,4115.863764117563,4313.491982655109,4200.90243921563,13.775434170705921,2,a5803f8a5d9d87202b43d709cb328cedaf18c446af448f705c33d553e8c2e9f7,5170ec511fb50cdf10d648416d508574d70e9781ddf156a1b2a86d2b385e94dc,100,1729,maximum_information_gain,2000.0,3000.0
kata1-b28c512nbt-s12313658112-d5687582971,62,4213.92452029515,4116.702685439105,4311.146355151194,4200.90243921563,13.022081079519921,2,a5803f8a5d9d87202b43d709cb328cedaf18c446af448f705c33d553e8c2e9f7,5170ec511fb50cdf10d648416d508574d70e9781ddf156a1b2a86d2b385e94dc,100,1729,maximum_information_gain,2000.0,3000.0
kata1-b28c512nbt-s12313658112-d5687582971,64,4208.02956748444,4112.3695619394175,4303.689573029463,4200.90243921563,7.127128268810338,2,a5803f8a5d9d87202b43d709cb328cedaf18c446af448f705c33d553e8c2e9f7,5170ec511fb50cdf10d648416d508574d70e9781ddf156a1b2a86d2b385e94dc,100,1729,maximum_information_gain,2000.0,3000.0
kata1-b28c512nbt-s12313658112-d5687582971,66,4206.510288220324,4112.281391947727,4300.739184492921,4200.90243921563,5.60784900469389,2,a5803f8a5d9d87202b43d709cb328cedaf18c446af448f705c33d553e8c2e9f7,5170ec511fb50cdf10d648416d508574d70e9781ddf156a1b2a86d2b385e94dc,100,1729,maximum_information_gain,2000.0,3000.0
kata1-b28c512nbt-s12313658112-d5687582971,68,4211.762298776284,4118.822680341393,4304.701917211176,4200.90243921563,10.859859560654513,2,a5803f8a5d9d87202b43d709cb328cedaf18c446af448f705c33d553e8c2e9f7,5170ec511fb50cdf10d648416d508574d70e9781ddf156a1b2a86d2b385e94dc,100,1729,maximum_information_gain,2000.0,3000.0
kata1-b28c512nbt-s12313658112-d5687582971,70,4205.69820780171,4114.0997985955555,4297.296617007864,4200.90243921563,4.7957685860801575,2,a5803f8a5d9d87202b43d709cb328cedaf18c446af448f705c33d553e8c2e9f7,5170ec511fb50cdf10d648416d508574d70e9781ddf156a1b2a86d2b385e94dc,100,1729,maximum_information_gain,2000.0,3000.0
kata1-b28c512nbt-s12313658112-d5687582971,72,4204.387852025271,4114.020241659909,4294.7554623906335,4200.90243921563,3.485412809641275,2,a5803f8a5d9d87202b43d709cb328cedaf18c446af448f705c33d553e8c2e9f7,5170ec511fb50cdf10d648416d508574d70e9781ddf156a1b2a86d2b385e94dc,100,1729,maximum_information_gain,2000.0,3000.0
kata1-b28c512nbt-s12313658112-d5687582971,74,4203.151658262445,4113.957346069987,4292.345970454904,4200.90243921563,2.249219046815597,2,a5803f8a5d9d87202b43d709cb328cedaf18c446af448f705c33d553e8c2e9f7,5170ec511fb50cdf10d648416d508574d70e9781ddf156a1b2a86d2b385e94dc,100,1729,maximum_information_gain,2000.0,3000.0
kata1-b28c512nbt-s12313658112-d5687582971,76,4201.991697254737,4113.9160303914405,4290.067364118034,4200.90243921563,1.0892580391073352,2,a5803f8a5d9d87202b43d709cb328cedaf18c446af448f705c33d553e8c2e9f7,5170ec511fb50cdf10d648416d508574d70e9781ddf156a1b2a86d2b385e94dc,100,1729,maximum_information_gain,2000.0,3000.0
kata1-b28c512nbt-s12313658112-d5687582971,78,4206.6349477179465,4119.580694336153,4293.68920109974,4200.90243921563,5.732508502316705,2,a5803f8a5d9d87202b43d709cb328cedaf18c446af448f705c33d553e8c2e9f7,5170ec511fb50cdf10d648416d508574d70e9781ddf156a1b2a86d2b385e94dc,100,1729,maximum_information_gain,2000.0,3000.0
kata1-b28c512nbt-s12313658112-d5687582971,80,4206.9574699786535,4120.916113515448,4292.998826441859,4200.90243921563,6.055030763023751,2,a5803f8a5d9d87202b43d709cb328cedaf18c446af448f705c33d553e8c2e9f7,5170ec511fb50cdf10d648416d508574d70e9781ddf156a1b2a86d2b385e94dc,100,1729,maximum_information_gain,2000.0,3000.0
kata1-b28c512nbt-s12313658112-d5687582971,82,4211.228892740504,4126.116416278145,4296.3413692028635,4200.90243921563,10.326453524874523,2,a5803f8a5d9d87202b43d709cb328cedaf18c446af448f705c33d553e8c2e9f7,5170ec511fb50cdf10d648416d508574d70e9781ddf156a1b2a86d2b385e94dc,100,1729,maximum_information_gain,2000.0,3000.0
kata1-b28c512nbt-s12313658112-d5687582971,84,4206.913140314248,4122.778156851648,4291.048123776848,4200.90243921563,6.010701098618483,2,a5803f8a5d9d87202b43d709cb328cedaf18c446af448f705c33d553e8c2e9f7,5170ec511fb50cdf10d648416d508574d70e9781ddf156a1b2a86d2b385e94dc,100,1729,maximum_information_gain,2000.0,3000.0
kata1-b28c512nbt-s12313658112-d5687582971,86,4205.804137622973,4122.577454989291,4289.030820256655,4200.90243921563,4.901698407343247,2,a5803f8a5d9d87202b43d709cb328cedaf18c446af448f705c33d553e8c2e9f7,5170ec511fb50cdf10d648416d508574d70e9781ddf156a1b2a86d2b385e94dc,100,1729,maximum_information_gain,2000.0,3000.0
kata1-b28c512nbt-s12313658112-d5687582971,88,4205.4964832390415,4123.1356050586255,4287.857361419457,4200.90243921563,4.594044023411698,2,a5803f8a5d9d87202b43d709cb328cedaf18c446af448f705c33d553e8c2e9f7,5170ec511fb50cdf10d648416d508574d70e9781ddf156a1b2a86d2b385e94dc,100,1729,maximum_information_gain,2000.0,3000.0
kata1-b28c512nbt-s12313658112-d5687582971,90,4204.479270996094,4122.957558905981,4286.000983086206,4200.90243921563,3.57683178046409,2,a5803f8a5d9d87202b43d709cb328cedaf18c446af448f705c33d553e8c2e9f7,5170ec511fb50cdf10d648416d508574d70e9781ddf156a1b2a86d2b385e94dc,100,1729,maximum_information_gain,2000.0,3000.0
kata1-b28c512nbt-s12313658112-d5687582971,92,4207.617645293427,4126.868028699596,4288.367261887258,4200.90243921563,6.71520607779712,2,a5803f8a5d9d87202b43d709cb328cedaf18c446af448f705c33d553e8c2e9f7,5170ec511fb50cdf10d648416d508574d70e9781ddf156a1b2a86d2b385e94dc,100,1729,maximum_information_gain,2000.0,3000.0
kata1-b28c512nbt-s12313658112-d5687582971,94,4207.2905004641625,4127.3158797583255,4287.2651211699995,4200.90243921563,6.388061248532722,2,a5803f8a5d9d87202b43d709cb328cedaf18c446af448f705c33d553e8c2e9f7,5170ec511fb50cdf10d648416d508574d70e9781ddf156a1b2a86d2b385e94dc,100,1729,maximum_information_gain,2000.0,3000.0
kata1-b28c512nbt-s12313658112-d5687582971,96,4207.5464997916515,4128.313780030561,4286.779219552742,4200.90243921563,6.6440605760217295,2,a5803f8a5d9d87202b43d709cb328cedaf18c446af448f705c33d553e8c2e9f7,5170ec511fb50cdf10d648416d508574d70e9781ddf156a1b2a86d2b385e94dc,100,1729,maximum_information_gain,2000.0,3000.0
kata1-b28c512nbt-s12313658112-d5687582971,98,4211.062482585815,4132.51356371217,4289.61140145946,4200.90243921563,10.160043370185122,2,a5803f8a5d9d87202b43d709cb328cedaf18c446af448f705c33d553e8c2e9f7,5170ec511fb50cdf10d648416d508574d70e9781ddf156a1b2a86d2b385e94dc,100,1729,maximum_information_gain,2000.0,3000.0
kata1-b28c512nbt-s12313658112-d5687582971,100,4211.228602058617,4133.372692048087,4289.084512069147,4200.90243921563,10.326162842987287,2,a5803f8a5d9d87202b43d709cb328cedaf18c446af448f705c33d553e8c2e9f7,5170ec511fb50cdf10d648416d508574d70e9781ddf156a1b2a86d2b385e94dc,100,1729,maximum_information_gain,2000.0,3000.0
kata1-b28c512nbt-s7229617920-d4333415784-playouts60,2,3987.774352581349,2305.524759272603,5670.023945890094,4309.451041532548,-321.6766889511987,2,a5803f8a5d9d87202b43d709cb328cedaf18c446af448f705c33d553e8c2e9f7,5170ec511fb50cdf10d648416d508574d70e9781ddf156a1b2a86d2b385e94dc,100,1729,maximum_information_gain,2000.0,3000.0
kata1-b28c512nbt-s7229617920-d4333415784-playouts60,4,4165.188536966472,3627.92105497552,4702.456018957425,4309.451041532548,-144.26250456607522,2,a5803f8a5d9d87202b43d709cb328cedaf18c446af448f705c33d553e8c2e9f7,5170ec511fb50cdf10d648416d508574d70e9781ddf156a1b2a86d2b385e94dc,100,1729,maximum_information_gain,2000.0,3000.0
kata1-b28c512nbt-s7229617920-d4333415784-playouts60,6,4265.994222464367,3868.728548345003,4663.2598965837315,4309.451041532548,-43.456819068180266,2,a5803f8a5d9d87202b43d709cb328cedaf18c446af448f705c33d553e8c2e9f7,5170ec511fb50cdf10d648416d508574d70e9781ddf156a1b2a86d2b385e94dc,100,1729,maximum_information_gain,2000.0,3000.0
kata1-b28c512nbt-s7229617920-d4333415784-playouts60,8,4344.232811726217,4012.2286477844245,4676.236975668009,4309.451041532548,34.78177019366922,2,a5803f8a5d9d87202b43d709cb328cedaf18c446af448f705c33d553e8c2e9f7,5170ec511fb50cdf10d648416d508574d70e9781ddf156a1b2a86d2b385e94dc,100,1729,maximum_information_gain,2000.0,3000.0
kata1-b28c512nbt-s7229617920-d4333415784-playouts60,10,4289.426077018466,4024.084165619547,4554.767988417384,4309.451041532548,-20.024964514082058,2,a5803f8a5d9d87202b43d709cb328cedaf18c446af448f705c33d553e8c2e9f7,5170ec511fb50cdf10d648416d508574d70e9781ddf156a1b2a86d2b385e94dc,100,1729,maximum_information_gain,2000.0,3000.0
kata1-b28c512nbt-s7229617920-d4333415784-playouts60,12,4285.5262845196985,4052.1774606985114,4518.875108340886,4309.451041532548,-23.924757012849113,2,a5803f8a5d9d87202b43d709cb328cedaf18c446af448f705c33d553e8c2e9f7,5170ec511fb50cdf10d648416d508574d70e9781ddf156a1b2a86d2b385e94dc,100,1729,maximum_information_gain,2000.0,3000.0
kata1-b28c512nbt-s7229617920-d4333415784-playouts60,14,4316.050221368252,4102.107473501321,4529.992969235183,4309.451041532548,6.59917983570449,2,a5803f8a5d9d87202b43d709cb328cedaf18c446af448f705c33d553e8c2e9f7,5170ec511fb50cdf10d648416d508574d70e9781ddf156a1b2a86d2b385e94dc,100,1729,maximum_information_gain,2000.0,3000.0
kata1-b28c512nbt-s7229617920-d4333415784-playouts60,16,4289.52137855387,4094.8238985383905,4484.218858569349,4309.451041532548,-19.929662978677698,2,a5803f8a5d9d87202b43d709cb328cedaf18c446af448f705c33d553e8c2e9f7,5170ec511fb50cdf10d648416d508574d70e9781ddf156a1b2a86d2b385e94dc,100,1729,maximum_information_gain,2000.0,3000.0
kata1-b28c512nbt-s7229617920-d4333415784-playouts60,18,4263.4510565588735,4082.7511751811517,4444.150937936595,4309.451041532548,-45.999984973674145,2,a5803f8a5d9d87202b43d709cb328cedaf18c446af448f705c33d553e8c2e9f7,5170ec511fb50cdf10d648416d508574d70e9781ddf156a1b2a86d2b385e94dc,100,1729,maximum_information_gain,2000.0,3000.0
kata1-b28c512nbt-s7229617920-d4333415784-playouts60,20,4243.6654030339705,4073.598983372335,4413.731822695606,4309.451041532548,-65.7856384985771,2,a5803f8a5d9d87202b43d709cb328cedaf18c446af448f705c33d553e8c2e9f7,5170ec511fb50cdf10d648416d508574d70e9781ddf156a1b2a86d2b385e94dc,100,1729,maximum_information_gain,2000.0,3000.0
kata1-b28c512nbt-s7229617920-d4333415784-playouts60,22,4257.454990567517,4096.183344810177,4418.726636324856,4309.451041532548,-51.99605096503092,2,a5803f8a5d9d87202b43d709cb328cedaf18c446af448f705c33d553e8c2e9f7,5170ec511fb50cdf10d648416d508574d70e9781ddf156a1b2a86d2b385e94dc,100,1729,maximum_information_gain,2000.0,3000.0
kata1-b28c512nbt-s7229617920-d4333415784-playouts60,24,4258.886647927566,4105.180383733039,4412.5929121220925,4309.451041532548,-50.56439360498189,2,a5803f8a5d9d87202b43d709cb328cedaf18c446af448f705c33d553e8c2e9f7,5170ec511fb50cdf10d648416d508574d70e9781ddf156a1b2a86d2b385e94dc,100,1729,maximum_information_gain,2000.0,3000.0
kata1-b28c512nbt-s7229617920-d4333415784-playouts60,26,4260.067037439198,4112.896498084888,4407.237576793509,4309.451041532548,-49.384004093349176,2,a5803f8a5d9d87202b43d709cb328cedaf18c446af448f705c33d553e8c2e9f7,5170ec511fb50cdf10d648416d508574d70e9781ddf156a1b2a86d2b385e94dc,100,1729,maximum_information_gain,2000.0,3000.0
kata1-b28c512nbt-s7229617920-d4333415784-playouts60,28,4261.056872172183,4119.603631116706,4402.5101132276595,4309.451041532548,-48.394169360364685,2,a5803f8a5d9d87202b43d709cb328cedaf18c446af448f705c33d553e8c2e9f7,5170ec511fb50cdf10d648416d508574d70e9781ddf156a1b2a86d2b385e94dc,100,1729,maximum_information_gain,2000.0,3000.0
kata1-b28c512nbt-s7229617920-d4333415784-playouts60,30,4261.898782807588,4125.499833370539,4398.297732244637,4309.451041532548,-47.552258724959756,2,a5803f8a5d9d87202b43d709cb328cedaf18c446af448f705c33d553e8c2e9f7,5170ec511fb50cdf10d648416d508574d70e9781ddf156a1b2a86d2b385e94dc,100,1729,maximum_information_gain,2000.0,3000.0
kata1-b28c512nbt-s7229617920-d4333415784-playouts60,32,4262.623560828916,4130.733079271348,4394.514042386484,4309.451041532548,-46.82748070363141,2,a5803f8a5d9d87202b43d709cb328cedaf18c446af448f705c33d553e8c2e9f7,5170ec511fb50cdf10d648416d508574d70e9781ddf156a1b2a86d2b385e94dc,100,1729,maximum_information_gain,2000.0,3000.0
kata1-b28c512nbt-s7229617920-d4333415784-playouts60,34,4263.254069249214,4135.416446595717,4391.09169190271,4309.451041532548,-46.19697228333371,2,a5803f8a5d9d87202b43d709cb328cedaf18c446af448f705c33d553e8c2e9f7,5170ec511fb50cdf10d648416d508574d70e9781ddf156a1b2a86d2b385e94dc,100,1729,maximum_information_gain,2000.0,3000.0
kata1-b28c512nbt-s7229617920-d4333415784-playouts60,36,4263.807513380071,4139.637856461389,4387.977170298754,4309.451041532548,-45.64352815247639,2,a5803f8a5d9d87202b43d709cb328cedaf18c446af448f705c33d553e8c2e9f7,5170ec511fb50cdf10d648416d508574d70e9781ddf156a1b2a86d2b385e94dc,100,1729,maximum_information_gain,2000.0,3000.0
kata1-b28c512nbt-s7229617920-d4333415784-playouts60,38,4264.297198555421,4143.466921798795,4385.127475312048,4309.451041532548,-45.15384297712626,2,a5803f8a5d9d87202b43d709cb328cedaf18c446af448f705c33d553e8c2e9f7,5170ec511fb50cdf10d648416d508574d70e9781ddf156a1b2a86d2b385e94dc,100,1729,maximum_information_gain,2000.0,3000.0
kata1-b28c512nbt-s7229617920-d4333415784-playouts60,40,4264.733525511869,4146.959501931207,4382.50754909253,4309.451041532548,-44.717516020678886,2,a5803f8a5d9d87202b43d709cb328cedaf18c446af448f705c33d553e8c2e9f7,5170ec511fb50cdf10d648416d508574d70e9781ddf156a1b2a86d2b385e94dc,100,1729,maximum_information_gain,2000.0,3000.0
kata1-b28c512nbt-s7229617920-d4333415784-playouts60,42,4265.124750515622,4150.161004559829,4380.088496471414,4309.451041532548,-44.32629101692601,2,a5803f8a5d9d87202b43d709cb328cedaf18c446af448f705c33d553e8c2e9f7,5170ec511fb50cdf10d648416d508574d70e9781ddf156a1b2a86d2b385e94dc,100,1729,maximum_information_gain,2000.0,3000.0
kata1-b28c512nbt-s7229617920-d4333415784-playouts60,44,4265.477510731523,4153.108762252105,4377.84625921094,4309.451041532548,-43.973530801024935,2,a5803f8a5d9d87202b43d709cb328cedaf18c446af448f705c33d553e8c2e9f7,5170ec511fb50cdf10d648416d508574d70e9781ddf156a1b2a86d2b385e94dc,100,1729,maximum_information_gain,2000.0,3000.0
kata1-b28c512nbt-s7229617920-d4333415784-playouts60,46,4265.797202416267,4155.8337820785755,4375.760622753959,4309.451041532548,-43.653839116280324,2,a5803f8a5d9d87202b43d709cb328cedaf18c446af448f705c33d553e8c2e9f7,5170ec511fb50cdf10d648416d508574d70e9781ddf156a1b2a86d2b385e94dc,100,1729,maximum_information_gain,2000.0,3000.0
kata1-b28c512nbt-s7229617920-d4333415784-playouts60,48,4273.92739525658,4166.155611298901,4381.699179214259,4309.451041532548,-35.52364627596762,2,a5803f8a5d9d87202b43d709cb328cedaf18c446af448f705c33d553e8c2e9f7,5170ec511fb50cdf10d648416d508574d70e9781ddf156a1b2a86d2b385e94dc,100,1729,maximum_information_gain,2000.0,3000.0
kata1-b28c512nbt-s7229617920-d4333415784-playouts60,50,4283.724579499792,4177.962616885689,4389.486542113894,4309.451041532548,-25.72646203275599,2,a5803f8a5d9d87202b43d709cb328cedaf18c446af448f705c33d553e8c2e9f7,5170ec511fb50cdf10d648416d508574d70e9781ddf156a1b2a86d2b385e94dc,100,1729,maximum_information_gain,2000.0,3000.0
kata1-b28c512nbt-s7229617920-d4333415784-playouts60,52,4285.412979744608,4181.619439585993,4389.206519903222,4309.451041532548,-24.038061787940023,2,a5803f8a5d9d87202b43d709cb328cedaf18c446af448f705c33d553e8c2e9f7,5170ec511fb50cdf10d648416d508574d70e9781ddf156a1b2a86d2b385e94dc,100,1729,maximum_information_gain,2000.0,3000.0
kata1-b28c512nbt-s7229617920-d4333415784-playouts60,54,4286.966297756378,4185.021813406874,4388.9107821058815,4309.451041532548,-22.484743776170035,2,a5803f8a5d9d87202b43d709cb328cedaf18c446af448f705c33d553e8c2e9f7,5170ec511fb50cdf10d648416d508574d70e9781ddf156a1b2a86d2b385e94dc,100,1729,maximum_information_gain,2000.0,3000.0
kata1-b28c512nbt-s7229617920-d4333415784-playouts60,56,4288.39993663098,4188.196098976658,4388.603774285302,4309.451041532548,-21.05110490156767,2,a5803f8a5d9d87202b43d709cb328cedaf18c446af448f705c33d553e8c2e9f7,5170ec511fb50cdf10d648416d508574d70e9781ddf156a1b2a86d2b385e94dc,100,1729,maximum_information_gain,2000.0,3000.0
kata1-b28c512nbt-s7229617920-d4333415784-playouts60,58,4296.234169407067,4197.591832910972,4394.876505903163,4309.451041532548,-13.216872125480222,2,a5803f8a5d9d87202b43d709cb328cedaf18c446af448f705c33d553e8c2e9f7,5170ec511fb50cdf10d648416d508574d70e9781ddf156a1b2a86d2b385e94dc,100,1729,maximum_information_gain,2000.0,3000.0
kata1-b28c512nbt-s7229617920-d4333415784-playouts60,60,4297.233253321784,4200.149821777757,4394.316684865811,4309.451041532548,-12.217788210763501,2,a5803f8a5d9d87202b43d709cb328cedaf18c446af448f705c33d553e8c2e9f7,5170ec511fb50cdf10d648416d508574d70e9781ddf156a1b2a86d2b385e94dc,100,1729,maximum_information_gain,2000.0,3000.0
kata1-b28c512nbt-s7229617920-d4333415784-playouts60,62,4292.650158317023,4197.104244750412,4388.1960718836335,4309.451041532548,-16.800883215524664,2,a5803f8a5d9d87202b43d709cb328cedaf18c446af448f705c33d553e8c2e9f7,5170ec511fb50cdf10d648416d508574d70e9781ddf156a1b2a86d2b385e94dc,100,1729,maximum_information_gain,2000.0,3000.0
kata1-b28c512nbt-s7229617920-d4333415784-playouts60,64,4293.698828733252,4199.549348996098,4387.848308470407,4309.451041532548,-15.752212799295194,2,a5803f8a5d9d87202b43d709cb328cedaf18c446af448f705c33d553e8c2e9f7,5170ec511fb50cdf10d648416d508574d70e9781ddf156a1b2a86d2b385e94dc,100,1729,maximum_information_gain,2000.0,3000.0
kata1-b28c512nbt-s7229617920-d4333415784-playouts60,66,4295.219519824445,4202.393221532744,4388.045818116147,4309.451041532548,-14.231521708102264,2,a5803f8a5d9d87202b43d709cb328cedaf18c446af448f705c33d553e8c2e9f7,5170ec511fb50cdf10d648416d508574d70e9781ddf156a1b2a86d2b385e94dc,100,1729,maximum_information_gain,2000.0,3000.0
kata1-b28c512nbt-s7229617920-d4333415784-playouts60,68,4296.123126985403,4204.56097491839,4387.685279052417,4309.451041532548,-13.327914547144246,2,a5803f8a5d9d87202b43d709cb328cedaf18c446af448f705c33d553e8c2e9f7,5170ec511fb50cdf10d648416d508574d70e9781ddf156a1b2a86d2b385e94dc,100,1729,maximum_information_gain,2000.0,3000.0
kata1-b28c512nbt-s7229617920-d4333415784-playouts60,70,4297.478570506721,4207.118679166868,4387.838461846573,4309.451041532548,-11.972471025826962,2,a5803f8a5d9d87202b43d709cb328cedaf18c446af448f705c33d553e8c2e9f7,5170ec511fb50cdf10d648416d508574d70e9781ddf156a1b2a86d2b385e94dc,100,1729,maximum_information_gain,2000.0,3000.0
kata1-b28c512nbt-s7229617920-d4333415784-playouts60,72,4298.753269149875,4209.540897185757,4387.965641113994,4309.451041532548,-10.697772382672156,2,a5803f8a5d9d87202b43d709cb328cedaf18c446af448f705c33d553e8c2e9f7,5170ec511fb50cdf10d648416d508574d70e9781ddf156a1b2a86d2b385e94dc,100,1729,maximum_information_gain,2000.0,3000.0
kata1-b28c512nbt-s7229617920-d4333415784-playouts60,74,4299.4864914314185,4211.374051623681,4387.598931239156,4309.451041532548,-9.964550101129134,2,a5803f8a5d9d87202b43d709cb328cedaf18c446af448f705c33d553e8c2e9f7,5170ec511fb50cdf10d648416d508574d70e9781ddf156a1b2a86d2b385e94dc,100,1729,maximum_information_gain,2000.0,3000.0
kata1-b28c512nbt-s7229617920-d4333415784-playouts60,76,4295.733216100474,4208.695010217753,4382.771421983195,4309.451041532548,-13.717825432073369,2,a5803f8a5d9d87202b43d709cb328cedaf18c446af448f705c33d553e8c2e9f7,5170ec511fb50cdf10d648416d508574d70e9781ddf156a1b2a86d2b385e94dc,100,1729,maximum_information_gain,2000.0,3000.0
kata1-b28c512nbt-s7229617920-d4333415784-playouts60,78,4296.5066986430365,4210.475023769067,4382.538373517006,4309.451041532548,-12.944342889511063,2,a5803f8a5d9d87202b43d709cb328cedaf18c446af448f705c33d553e8c2e9f7,5170ec511fb50cdf10d648416d508574d70e9781ddf156a1b2a86d2b385e94dc,100,1729,maximum_information_gain,2000.0,3000.0
kata1-b28c512nbt-s7229617920-d4333415784-playouts60,80,4292.606271222193,4207.549604817923,4377.662937626463,4309.451041532548,-16.84477031035476,2,a5803f8a5d9d87202b43d709cb328cedaf18c446af448f705c33d553e8c2e9f7,5170ec511fb50cdf10d648416d508574d70e9781ddf156a1b2a86d2b385e94dc,100,1729,maximum_information_gain,2000.0,3000.0
kata1-b28c512nbt-s7229617920-d4333415784-playouts60,82,4298.3676846609405,4214.227961644779,4382.5074076771025,4309.451041532548,-11.083356871607066,2,a5803f8a5d9d87202b43d709cb328cedaf18c446af448f705c33d553e8c2e9f7,5170ec511fb50cdf10d648416d508574d70e9781ddf156a1b2a86d2b385e94dc,100,1729,maximum_information_gain,2000.0,3000.0
kata1-b28c512nbt-s7229617920-d4333415784-playouts60,84,4299.426296831907,4216.176159033277,4382.676434630537,4309.451041532548,-10.02474470064044,2,a5803f8a5d9d87202b43d709cb328cedaf18c446af448f705c33d553e8c2e9f7,5170ec511fb50cdf10d648416d508574d70e9781ddf156a1b2a86d2b385e94dc,100,1729,maximum_information_gain,2000.0,3000.0
kata1-b28c512nbt-s7229617920-d4333415784-playouts60,86,4295.742007321423,4213.35696310486,4378.1270515379865,4309.451041532548,-13.709034211124163,2,a5803f8a5d9d87202b43d709cb328cedaf18c446af448f705c33d553e8c2e9f7,5170ec511fb50cdf10d648416d508574d70e9781ddf156a1b2a86d2b385e94dc,100,1729,maximum_information_gain,2000.0,3000.0
kata1-b28c512nbt-s7229617920-d4333415784-playouts60,88,4292.23656115165,4210.673647256234,4373.799475047065,4309.451041532548,-17.21448038089784,2,a5803f8a5d9d87202b43d709cb328cedaf18c446af448f705c33d553e8c2e9f7,5170ec511fb50cdf10d648416d508574d70e9781ddf156a1b2a86d2b385e94dc,100,1729,maximum_information_gain,2000.0,3000.0
kata1-b28c512nbt-s7229617920-d4333415784-playouts60,90,4291.780651963443,4211.010768489513,4372.550535437374,4309.451041532548,-17.670389569104373,2,a5803f8a5d9d87202b43d709cb328cedaf18c446af448f705c33d553e8c2e9f7,5170ec511fb50cdf10d648416d508574d70e9781ddf156a1b2a86d2b385e94dc,100,1729,maximum_information_gain,2000.0,3000.0
kata1-b28c512nbt-s7229617920-d4333415784-playouts60,92,4291.345709702093,4211.339795429496,4371.35162397469,4309.451041532548,-18.105331830454816,2,a5803f8a5d9d87202b43d709cb328cedaf18c446af448f705c33d553e8c2e9f7,5170ec511fb50cdf10d648416d508574d70e9781ddf156a1b2a86d2b385e94dc,100,1729,maximum_information_gain,2000.0,3000.0
kata1-b28c512nbt-s7229617920-d4333415784-playouts60,94,4292.44002026493,4213.173435970833,4371.706604559027,4309.451041532548,-17.011021267617252,2,a5803f8a5d9d87202b43d709cb328cedaf18c446af448f705c33d553e8c2e9f7,5170ec511fb50cdf10d648416d508574d70e9781ddf156a1b2a86d2b385e94dc,100,1729,maximum_information_gain,2000.0,3000.0
kata1-b28c512nbt-s7229617920-d4333415784-playouts60,96,4293.13511075709,4214.581983026662,4371.688238487518,4309.451041532548,-16.315930775457673,2,a5803f8a5d9d87202b43d709cb328cedaf18c446af448f705c33d553e8c2e9f7,5170ec511fb50cdf10d648416d508574d70e9781ddf156a1b2a86d2b385e94dc,100,1729,maximum_information_gain,2000.0,3000.0
kata1-b28c512nbt-s7229617920-d4333415784-playouts60,98,4294.144480978982,4216.281546134514,4372.007415823449,4309.451041532548,-15.30656055356576,2,a5803f8a5d9d87202b43d709cb328cedaf18c446af448f705c33d553e8c2e9f7,5170ec511fb50cdf10d648416d508574d70e9781ddf156a1b2a86d2b385e94dc,100,1729,maximum_information_gain,2000.0,3000.0
kata1-b28c512nbt-s7229617920-d4333415784-playouts60,100,4291.108378789843,4213.904610857944,4368.3121467217425,4309.451041532548,-18.342662742704306,2,a5803f8a5d9d87202b43d709cb328cedaf18c446af448f705c33d553e8c2e9f7,5170ec511fb50cdf10d648416d508574d70e9781ddf156a1b2a86d2b385e94dc,100,1729,maximum_information_gain,2000.0,3000.0
kata1-b28c512nbt-s8566598912-d4691918754-playouts600,2,3987.8210849562,2305.579999605944,5670.062170306456,4428.2401356648315,-440.4190507086314,2,a5803f8a5d9d87202b43d709cb328cedaf18c446af448f705c33d553e8c2e9f7,5170ec511fb50cdf10d648416d508574d70e9781ddf156a1b2a86d2b385e94dc,100,1729,maximum_information_gain,2000.0,3000.0
kata1-b28c512nbt-s8566598912-d4691918754-playouts600,4,4165.086605417854,3627.7040937893153,4702.469117046393,4428.2401356648315,-263.1535302469774,2,a5803f8a5d9d87202b43d709cb328cedaf18c446af448f705c33d553e8c2e9f7,5170ec511fb50cdf10d648416d508574d70e9781ddf156a1b2a86d2b385e94dc,100,1729,maximum_information_gain,2000.0,3000.0
kata1-b28c512nbt-s8566598912-d4691918754-playouts600,6,4267.3181306854685,3869.7132860243455,4664.922975346592,4428.2401356648315,-160.922004979363,2,a5803f8a5d9d87202b43d709cb328cedaf18c446af448f705c33d553e8c2e9f7,5170ec511fb50cdf10d648416d508574d70e9781ddf156a1b2a86d2b385e94dc,100,1729,maximum_information_gain,2000.0,3000.0
kata1-b28c512nbt-s8566598912-d4691918754-playouts600,8,4441.4100967853965,4062.6572076816356,4820.162985889157,4428.2401356648315,13.169961120564949,2,a5803f8a5d9d87202b43d709cb328cedaf18c446af448f705c33d553e8c2e9f7,5170ec511fb50cdf10d648416d508574d70e9781ddf156a1b2a86d2b385e94dc,100,1729,maximum_information_gain,2000.0,3000.0
kata1-b28c512nbt-s8566598912-d4691918754-playouts600,10,4421.206227739073,4126.959855932066,4715.452599546081,4428.2401356648315,-7.033907925758285,2,a5803f8a5d9d87202b43d709cb328cedaf18c446af448f705c33d553e8c2e9f7,5170ec511fb50cdf10d648416d508574d70e9781ddf156a1b2a86d2b385e94dc,100,1729,maximum_information_gain,2000.0,3000.0
kata1-b28c512nbt-s8566598912-d4691918754-playouts600,12,4514.959770582453,4234.148218117317,4795.771323047588,4428.2401356648315,86.71963491762108,2,a5803f8a5d9d87202b43d709cb328cedaf18c446af448f705c33d553e8c2e9f7,5170ec511fb50cdf10d648416d508574d70e9781ddf156a1b2a86d2b385e94dc,100,1729,maximum_information_gain,2000.0,3000.0
kata1-b28c512nbt-s8566598912-d4691918754-playouts600,14,4444.357711758676,4214.644783515331,4674.07064000202,4428.2401356648315,16.117576093844036,2,a5803f8a5d9d87202b43d709cb328cedaf18c446af448f705c33d553e8c2e9f7,5170ec511fb50cdf10d648416d508574d70e9781ddf156a1b2a86d2b385e94dc,100,1729,maximum_information_gain,2000.0,3000.0
kata1-b28c512nbt-s8566598912-d4691918754-playouts600,16,4434.0978438723005,4226.68998850599,4641.505699238611,4428.2401356648315,5.8577082074689315,2,a5803f8a5d9d87202b43d709cb328cedaf18c446af448f705c33d553e8c2e9f7,5170ec511fb50cdf10d648416d508574d70e9781ddf156a1b2a86d2b385e94dc,100,1729,maximum_information_gain,2000.0,3000.0
kata1-b28c512nbt-s8566598912-d4691918754-playouts600,18,4399.690066440574,4211.624014786149,4587.756118094999,4428.2401356648315,-28.55006922425764,2,a5803f8a5d9d87202b43d709cb328cedaf18c446af448f705c33d553e8c2e9f7,5170ec511fb50cdf10d648416d508574d70e9781ddf156a1b2a86d2b385e94dc,100,1729,maximum_information_gain,2000.0,3000.0
kata1-b28c512nbt-s8566598912-d4691918754-playouts600,20,4397.047007951576,4221.12455582681,4572.969460076342,4428.2401356648315,-31.193127713255308,2,a5803f8a5d9d87202b43d709cb328cedaf18c446af448f705c33d553e8c2e9f7,5170ec511fb50cdf10d648416d508574d70e9781ddf156a1b2a86d2b385e94dc,100,1729,maximum_information_gain,2000.0,3000.0
kata1-b28c512nbt-s8566598912-d4691918754-playouts600,22,4413.971997406824,4246.618238178494,4581.325756635154,4428.2401356648315,-14.268138258007639,2,a5803f8a5d9d87202b43d709cb328cedaf18c446af448f705c33d553e8c2e9f7,5170ec511fb50cdf10d648416d508574d70e9781ddf156a1b2a86d2b385e94dc,100,1729,maximum_information_gain,2000.0,3000.0
kata1-b28c512nbt-s8566598912-d4691918754-playouts600,24,4410.386648544682,4251.694767252164,4569.078529837201,4428.2401356648315,-17.85348712014911,2,a5803f8a5d9d87202b43d709cb328cedaf18c446af448f705c33d553e8c2e9f7,5170ec511fb50cdf10d648416d508574d70e9781ddf156a1b2a86d2b385e94dc,100,1729,maximum_information_gain,2000.0,3000.0
kata1-b28c512nbt-s8566598912-d4691918754-playouts600,26,4424.659232239693,4272.1145794024815,4577.203885076904,4428.2401356648315,-3.5809034251387857,2,a5803f8a5d9d87202b43d709cb328cedaf18c446af448f705c33d553e8c2e9f7,5170ec511fb50cdf10d648416d508574d70e9781ddf156a1b2a86d2b385e94dc,100,1729,maximum_information_gain,2000.0,3000.0
kata1-b28c512nbt-s8566598912-d4691918754-playouts600,28,4421.38799309529,4275.379592551152,4567.3963936394275,4428.2401356648315,-6.852142569541684,2,a5803f8a5d9d87202b43d709cb328cedaf18c446af448f705c33d553e8c2e9f7,5170ec511fb50cdf10d648416d508574d70e9781ddf156a1b2a86d2b385e94dc,100,1729,maximum_information_gain,2000.0,3000.0
kata1-b28c512nbt-s8566598912-d4691918754-playouts600,30,4418.04654417642,4277.769186349506,4558.323902003334,4428.2401356648315,-10.193591488411585,2,a5803f8a5d9d87202b43d709cb328cedaf18c446af448f705c33d553e8c2e9f7,5170ec511fb50cdf10d648416d508574d70e9781ddf156a1b2a86d2b385e94dc,100,1729,maximum_information_gain,2000.0,3000.0
kata1-b28c512nbt-s8566598912-d4691918754-playouts600,32,4415.744283785201,4280.476277738855,4551.012289831548,4428.2401356648315,-12.495851879630209,2,a5803f8a5d9d87202b43d709cb328cedaf18c446af448f705c33d553e8c2e9f7,5170ec511fb50cdf10d648416d508574d70e9781ddf156a1b2a86d2b385e94dc,100,1729,maximum_information_gain,2000.0,3000.0
kata1-b28c512nbt-s8566598912-d4691918754-playouts600,34,4401.297951010029,4271.049180739141,4531.546721280916,4428.2401356648315,-26.942184654802986,2,a5803f8a5d9d87202b43d709cb328cedaf18c446af448f705c33d553e8c2e9f7,5170ec511fb50cdf10d648416d508574d70e9781ddf156a1b2a86d2b385e94dc,100,1729,maximum_information_gain,2000.0,3000.0
kata1-b28c512nbt-s8566598912-d4691918754-playouts600,36,4388.137188180953,4262.211155793619,4514.063220568287,4428.2401356648315,-40.10294748387878,2,a5803f8a5d9d87202b43d709cb328cedaf18c446af448f705c33d553e8c2e9f7,5170ec511fb50cdf10d648416d508574d70e9781ddf156a1b2a86d2b385e94dc,100,1729,maximum_information_gain,2000.0,3000.0
kata1-b28c512nbt-s8566598912-d4691918754-playouts600,38,4387.032188883095,4264.655906351584,4509.408471414606,4428.2401356648315,-41.20794678173661,2,a5803f8a5d9d87202b43d709cb328cedaf18c446af448f705c33d553e8c2e9f7,5170ec511fb50cdf10d648416d508574d70e9781ddf156a1b2a86d2b385e94dc,100,1729,maximum_information_gain,2000.0,3000.0
kata1-b28c512nbt-s8566598912-d4691918754-playouts600,40,4386.052219352785,4266.90899675204,4505.19544195353,4428.2401356648315,-42.18791631204658,2,a5803f8a5d9d87202b43d709cb328cedaf18c446af448f705c33d553e8c2e9f7,5170ec511fb50cdf10d648416d508574d70e9781ddf156a1b2a86d2b385e94dc,100,1729,maximum_information_gain,2000.0,3000.0
kata1-b28c512nbt-s8566598912-d4691918754-playouts600,42,4385.177148281963,4268.994134942123,4501.360161621803,4428.2401356648315,-43.062987382868414,2,a5803f8a5d9d87202b43d709cb328cedaf18c446af448f705c33d553e8c2e9f7,5170ec511fb50cdf10d648416d508574d70e9781ddf156a1b2a86d2b385e94dc,100,1729,maximum_information_gain,2000.0,3000.0
kata1-b28c512nbt-s8566598912-d4691918754-playouts600,44,4367.227582344557,4253.976190014519,4480.4789746745955,4428.2401356648315,-61.01255332027449,2,a5803f8a5d9d87202b43d709cb328cedaf18c446af448f705c33d553e8c2e9f7,5170ec511fb50cdf10d648416d508574d70e9781ddf156a1b2a86d2b385e94dc,100,1729,maximum_information_gain,2000.0,3000.0
kata1-b28c512nbt-s8566598912-d4691918754-playouts600,46,4366.318611095464,4255.587214232153,4477.050007958775,4428.2401356648315,-61.92152456936765,2,a5803f8a5d9d87202b43d709cb328cedaf18c446af448f705c33d553e8c2e9f7,5170ec511fb50cdf10d648416d508574d70e9781ddf156a1b2a86d2b385e94dc,100,1729,maximum_information_gain,2000.0,3000.0
kata1-b28c512nbt-s8566598912-d4691918754-playouts600,48,4365.493738983335,4257.099669501458,4473.8878084652115,4428.2401356648315,-62.74639668149666,2,a5803f8a5d9d87202b43d709cb328cedaf18c446af448f705c33d553e8c2e9f7,5170ec511fb50cdf10d648416d508574d70e9781ddf156a1b2a86d2b385e94dc,100,1729,maximum_information_gain,2000.0,3000.0
kata1-b28c512nbt-s8566598912-d4691918754-playouts600,50,4372.091878886463,4265.819679692236,4478.36407808069,4428.2401356648315,-56.148256778368705,2,a5803f8a5d9d87202b43d709cb328cedaf18c446af448f705c33d553e8c2e9f7,5170ec511fb50cdf10d648416d508574d70e9781ddf156a1b2a86d2b385e94dc,100,1729,maximum_information_gain,2000.0,3000.0
kata1-b28c512nbt-s8566598912-d4691918754-playouts600,52,4378.467662714043,4274.145981468208,4482.789343959878,4428.2401356648315,-49.77247295078814,2,a5803f8a5d9d87202b43d709cb328cedaf18c446af448f705c33d553e8c2e9f7,5170ec511fb50cdf10d648416d508574d70e9781ddf156a1b2a86d2b385e94dc,100,1729,maximum_information_gain,2000.0,3000.0
kata1-b28c512nbt-s8566598912-d4691918754-playouts600,54,4385.175769340475,4282.6476035081705,4487.70393517278,4428.2401356648315,-43.06436632435634,2,a5803f8a5d9d87202b43d709cb328cedaf18c446af448f705c33d553e8c2e9f7,5170ec511fb50cdf10d648416d508574d70e9781ddf156a1b2a86d2b385e94dc,100,1729,maximum_information_gain,2000.0,3000.0
kata1-b28c512nbt-s8566598912-d4691918754-playouts600,56,4384.951891319667,4284.2196612445105,4485.684121394824,4428.2401356648315,-43.28824434516446,2,a5803f8a5d9d87202b43d709cb328cedaf18c446af448f705c33d553e8c2e9f7,5170ec511fb50cdf10d648416d508574d70e9781ddf156a1b2a86d2b385e94dc,100,1729,maximum_information_gain,2000.0,3000.0
kata1-b28c512nbt-s8566598912-d4691918754-playouts600,58,4390.928015617915,4291.768779538924,4490.087251696906,4428.2401356648315,-37.31212004691679,2,a5803f8a5d9d87202b43d709cb328cedaf18c446af448f705c33d553e8c2e9f7,5170ec511fb50cdf10d648416d508574d70e9781ddf156a1b2a86d2b385e94dc,100,1729,maximum_information_gain,2000.0,3000.0
kata1-b28c512nbt-s8566598912-d4691918754-playouts600,60,4390.750687222594,4293.193697214772,4488.307677230416,4428.2401356648315,-37.48944844223752,2,a5803f8a5d9d87202b43d709cb328cedaf18c446af448f705c33d553e8c2e9f7,5170ec511fb50cdf10d648416d508574d70e9781ddf156a1b2a86d2b385e94dc,100,1729,maximum_information_gain,2000.0,3000.0
kata1-b28c512nbt-s8566598912-d4691918754-playouts600,62,4390.35736036951,4294.318127942183,4486.3965927968375,4428.2401356648315,-37.88277529532115,2,a5803f8a5d9d87202b43d709cb328cedaf18c446af448f705c33d553e8c2e9f7,5170ec511fb50cdf10d648416d508574d70e9781ddf156a1b2a86d2b385e94dc,100,1729,maximum_information_gain,2000.0,3000.0
kata1-b28c512nbt-s8566598912-d4691918754-playouts600,64,4390.219667109664,4295.612596680077,4484.826737539252,4428.2401356648315,-38.0204685551671,2,a5803f8a5d9d87202b43d709cb328cedaf18c446af448f705c33d553e8c2e9f7,5170ec511fb50cdf10d648416d508574d70e9781ddf156a1b2a86d2b385e94dc,100,1729,maximum_information_gain,2000.0,3000.0
kata1-b28c512nbt-s8566598912-d4691918754-playouts600,66,4389.869282518545,4296.624945342866,4483.113619694224,4428.2401356648315,-38.37085314628621,2,a5803f8a5d9d87202b43d709cb328cedaf18c446af448f705c33d553e8c2e9f7,5170ec511fb50cdf10d648416d508574d70e9781ddf156a1b2a86d2b385e94dc,100,1729,maximum_information_gain,2000.0,3000.0
kata1-b28c512nbt-s8566598912-d4691918754-playouts600,68,4394.770219672063,4302.726259702485,4486.814179641641,4428.2401356648315,-33.46991599276862,2,a5803f8a5d9d87202b43d709cb328cedaf18c446af448f705c33d553e8c2e9f7,5170ec511fb50cdf10d648416d508574d70e9781ddf156a1b2a86d2b385e94dc,100,1729,maximum_information_gain,2000.0,3000.0
kata1-b28c512nbt-s8566598912-d4691918754-playouts600,70,4394.511700891591,4303.703810873646,4485.319590909537,4428.2401356648315,-33.728434773240224,2,a5803f8a5d9d87202b43d709cb328cedaf18c446af448f705c33d553e8c2e9f7,5170ec511fb50cdf10d648416d508574d70e9781ddf156a1b2a86d2b385e94dc,100,1729,maximum_information_gain,2000.0,3000.0
kata1-b28c512nbt-s8566598912-d4691918754-playouts600,72,4394.066377928143,4304.439625279491,4483.693130576795,4428.2401356648315,-34.17375773668846,2,a5803f8a5d9d87202b43d709cb328cedaf18c446af448f705c33d553e8c2e9f7,5170ec511fb50cdf10d648416d508574d70e9781ddf156a1b2a86d2b385e94dc,100,1729,maximum_information_gain,2000.0,3000.0
kata1-b28c512nbt-s8566598912-d4691918754-playouts600,74,4393.8429436022925,4305.339540811018,4482.346346393567,4428.2401356648315,-34.397192062539034,2,a5803f8a5d9d87202b43d709cb328cedaf18c446af448f705c33d553e8c2e9f7,5170ec511fb50cdf10d648416d508574d70e9781ddf156a1b2a86d2b385e94dc,100,1729,maximum_information_gain,2000.0,3000.0
kata1-b28c512nbt-s8566598912-d4691918754-playouts600,76,4393.150867232507,4305.729727996846,4480.572006468168,4428.2401356648315,-35.08926843232439,2,a5803f8a5d9d87202b43d709cb328cedaf18c446af448f705c33d553e8c2e9f7,5170ec511fb50cdf10d648416d508574d70e9781ddf156a1b2a86d2b385e94dc,100,1729,maximum_information_gain,2000.0,3000.0
kata1-b28c512nbt-s8566598912-d4691918754-playouts600,78,4396.757158486192,4310.296982097396,4483.2173348749875,4428.2401356648315,-31.482977178639885,2,a5803f8a5d9d87202b43d709cb328cedaf18c446af448f705c33d553e8c2e9f7,5170ec511fb50cdf10d648416d508574d70e9781ddf156a1b2a86d2b385e94dc,100,1729,maximum_information_gain,2000.0,3000.0
kata1-b28c512nbt-s8566598912-d4691918754-playouts600,80,4396.299922292331,4310.8314817758455,4481.768362808816,4428.2401356648315,-31.940213372500693,2,a5803f8a5d9d87202b43d709cb328cedaf18c446af448f705c33d553e8c2e9f7,5170ec511fb50cdf10d648416d508574d70e9781ddf156a1b2a86d2b385e94dc,100,1729,maximum_information_gain,2000.0,3000.0
kata1-b28c512nbt-s8566598912-d4691918754-playouts600,82,4391.5060277587245,4307.056291604026,4475.955763913423,4428.2401356648315,-36.734107906107056,2,a5803f8a5d9d87202b43d709cb328cedaf18c446af448f705c33d553e8c2e9f7,5170ec511fb50cdf10d648416d508574d70e9781ddf156a1b2a86d2b385e94dc,100,1729,maximum_information_gain,2000.0,3000.0
kata1-b28c512nbt-s8566598912-d4691918754-playouts600,84,4390.411714526105,4306.882160152795,4473.941268899415,4428.2401356648315,-37.8284211387263,2,a5803f8a5d9d87202b43d709cb328cedaf18c446af448f705c33d553e8c2e9f7,5170ec511fb50cdf10d648416d508574d70e9781ddf156a1b2a86d2b385e94dc,100,1729,maximum_information_gain,2000.0,3000.0
kata1-b28c512nbt-s8566598912-d4691918754-playouts600,86,4389.1726544129115,4306.530231369259,4471.815077456564,4428.2401356648315,-39.06748125192007,2,a5803f8a5d9d87202b43d709cb328cedaf18c446af448f705c33d553e8c2e9f7,5170ec511fb50cdf10d648416d508574d70e9781ddf156a1b2a86d2b385e94dc,100,1729,maximum_information_gain,2000.0,3000.0
kata1-b28c512nbt-s8566598912-d4691918754-playouts600,88,4392.919023927753,4311.059178709517,4474.778869145989,4428.2401356648315,-35.321111737078354,2,a5803f8a5d9d87202b43d709cb328cedaf18c446af448f705c33d553e8c2e9f7,5170ec511fb50cdf10d648416d508574d70e9781ddf156a1b2a86d2b385e94dc,100,1729,maximum_information_gain,2000.0,3000.0
kata1-b28c512nbt-s8566598912-d4691918754-playouts600,90,4392.604466066165,4311.555400272055,4473.653531860275,4428.2401356648315,-35.63566959866694,2,a5803f8a5d9d87202b43d709cb328cedaf18c446af448f705c33d553e8c2e9f7,5170ec511fb50cdf10d648416d508574d70e9781ddf156a1b2a86d2b385e94dc,100,1729,maximum_information_gain,2000.0,3000.0
kata1-b28c512nbt-s8566598912-d4691918754-playouts600,92,4396.093521044487,4315.767677994307,4476.419364094667,4428.2401356648315,-32.146614620344735,2,a5803f8a5d9d87202b43d709cb328cedaf18c446af448f705c33d553e8c2e9f7,5170ec511fb50cdf10d648416d508574d70e9781ddf156a1b2a86d2b385e94dc,100,1729,maximum_information_gain,2000.0,3000.0
kata1-b28c512nbt-s8566598912-d4691918754-playouts600,94,4395.87862181364,4316.306973308682,4475.450270318598,4428.2401356648315,-32.361513851191376,2,a5803f8a5d9d87202b43d709cb328cedaf18c446af448f705c33d553e8c2e9f7,5170ec511fb50cdf10d648416d508574d70e9781ddf156a1b2a86d2b385e94dc,100,1729,maximum_information_gain,2000.0,3000.0
kata1-b28c512nbt-s8566598912-d4691918754-playouts600,96,4395.52049995858,4316.678451008881,4474.36254890828,4428.2401356648315,-32.71963570625121,2,a5803f8a5d9d87202b43d709cb328cedaf18c446af448f705c33d553e8c2e9f7,5170ec511fb50cdf10d648416d508574d70e9781ddf156a1b2a86d2b385e94dc,100,1729,maximum_information_gain,2000.0,3000.0
kata1-b28c512nbt-s8566598912-d4691918754-playouts600,98,4398.3120221089075,4320.124523966362,4476.499520251453,4428.2401356648315,-29.92811355592403,2,a5803f8a5d9d87202b43d709cb328cedaf18c446af448f705c33d553e8c2e9f7,5170ec511fb50cdf10d648416d508574d70e9781ddf156a1b2a86d2b385e94dc,100,1729,maximum_information_gain,2000.0,3000.0
kata1-b28c512nbt-s8566598912-d4691918754-playouts600,100,4401.7600219344695,4324.19169431723,4479.328349551709,4428.2401356648315,-26.480113730362064,2,a5803f8a5d9d87202b43d709cb328cedaf18c446af448f705c33d553e8c2e9f7,5170ec511fb50cdf10d648416d508574d70e9781ddf156a1b2a86d2b385e94dc,100,1729,maximum_information_gain,2000.0,3000.0
