player,num_games,elo,ci_95_low,ci_95_high,old_elo,elo_diff,checkpoint_schema_version,history_sha256,selection_sha256,max_games,seed,matchmaking_algorithm,new_player_prior_mean,new_player_prior_sd
kata1-b6c96-s1248000-d550347-temp-0.3,2,1149.476343857962,-1281.4046163561266,3580.3573040720507,113.3151130072046,1036.1612308507574,2,a5803f8a5d9d87202b43d709cb328cedaf18c446af448f705c33d553e8c2e9f7,5170ec511fb50cdf10d648416d508574d70e9781ddf156a1b2a86d2b385e94dc,100,1729,maximum_nontransitivity_disagreement_gain,2000.0,3000.0
kata1-b6c96-s1248000-d550347-temp-0.3,4,402.71436202402134,-1454.36853997973,2259.7972640277726,113.3151130072046,289.3992490168167,2,a5803f8a5d9d87202b43d709cb328cedaf18c446af448f705c33d553e8c2e9f7,5170ec511fb50cdf10d648416d508574d70e9781ddf156a1b2a86d2b385e94dc,100,1729,maximum_nontransitivity_disagreement_gain,2000.0,3000.0
kata1-b6c96-s1248000-d550347-temp-0.3,6,292.2354926232985,-1502.6794512727022,2087.150436519299,113.3151130072046,178.9203796160939,2,a5803f8a5d9d87202b43d709cb328cedaf18c446af448f705c33d553e8c2e9f7,5170ec511fb50cdf10d648416d508574d70e9781ddf156a1b2a86d2b385e94dc,100,1729,maximum_nontransitivity_disagreement_gain,2000.0,3000.0
kata1-b6c96-s1248000-d550347-temp-0.3,8,268.5945467380334,-217.75192675056945,754.9410202266363,113.3151130072046,155.27943373082877,2,a5803f8a5d9d87202b43d709cb328cedaf18c446af448f705c33d553e8c2e9f7,5170ec511fb50cdf10d648416d508574d70e9781ddf156a1b2a86d2b385e94dc,100,1729,maximum_nontransitivity_disagreement_gain,2000.0,3000.0
kata1-b6c96-s1248000-d550347-temp-0.3,10,267.7713278216917,-82.10178219932743,617.6444378427109,113.3151130072046,154.4562148144871,2,a5803f8a5d9d87202b43d709cb328cedaf18c446af448f705c33d553e8c2e9f7,5170ec511fb50cdf10d648416d508574d70e9781ddf156a1b2a86d2b385e94dc,100,1729,maximum_nontransitivity_disagreement_gain,2000.0,3000.0
kata1-b6c96-s1248000-d550347-temp-0.3,12,138.8530349468851,-165.2740635299142,442.9801334236844,113.3151130072046,25.537921939680487,2,a5803f8a5d9d87202b43d709cb328cedaf18c446af448f705c33d553e8c2e9f7,5170ec511fb50cdf10d648416d508574d70e9781ddf156a1b2a86d2b385e94dc,100,1729,maximum_nontransitivity_disagreement_gain,2000.0,3000.0
kata1-b6c96-s1248000-d550347-temp-0.3,14,29.88488463998443,-257.8837508908386,317.65352017080744,113.3151130072046,-83.43022836722017,2,a5803f8a5d9d87202b43d709cb328cedaf18c446af448f705c33d553e8c2e9f7,5170ec511fb50cdf10d648416d508574d70e9781ddf156a1b2a86d2b385e94dc,100,1729,maximum_nontransitivity_disagreement_gain,2000.0,3000.0
kata1-b6c96-s1248000-d550347-temp-0.3,16,82.79481750433418,-161.96212725713525,327.5517622658036,113.3151130072046,-30.520295502870425,2,a5803f8a5d9d87202b43d709cb328cedaf18c446af448f705c33d553e8c2e9f7,5170ec511fb50cdf10d648416d508574d70e9781ddf156a1b2a86d2b385e94dc,100,1729,maximum_nontransitivity_disagreement_gain,2000.0,3000.0
kata1-b6c96-s1248000-d550347-temp-0.3,18,39.55694522383107,-195.71945515683728,274.8333456044994,113.3151130072046,-73.75816778337352,2,a5803f8a5d9d87202b43d709cb328cedaf18c446af448f705c33d553e8c2e9f7,5170ec511fb50cdf10d648416d508574d70e9781ddf156a1b2a86d2b385e94dc,100,1729,maximum_nontransitivity_disagreement_gain,2000.0,3000.0
kata1-b6c96-s1248000-d550347-temp-0.3,20,76.5146496571641,-133.1824490009476,286.2117483152758,113.3151130072046,-36.8004633500405,2,a5803f8a5d9d87202b43d709cb328cedaf18c446af448f705c33d553e8c2e9f7,5170ec511fb50cdf10d648416d508574d70e9781ddf156a1b2a86d2b385e94dc,100,1729,maximum_nontransitivity_disagreement_gain,2000.0,3000.0
kata1-b6c96-s1248000-d550347-temp-0.3,22,102.69486462707638,-89.00850113380312,294.3982303879559,113.3151130072046,-10.620248380128217,2,a5803f8a5d9d87202b43d709cb328cedaf18c446af448f705c33d553e8c2e9f7,5170ec511fb50cdf10d648416d508574d70e9781ddf156a1b2a86d2b385e94dc,100,1729,maximum_nontransitivity_disagreement_gain,2000.0,3000.0
kata1-b6c96-s1248000-d550347-temp-0.3,24,58.34457837788639,-128.78806222704887,245.47721898282165,113.3151130072046,-54.97053462931821,2,a5803f8a5d9d87202b43d709cb328cedaf18c446af448f705c33d553e8c2e9f7,5170ec511fb50cdf10d648416d508574d70e9781ddf156a1b2a86d2b385e94dc,100,1729,maximum_nontransitivity_disagreement_gain,2000.0,3000.0
kata1-b6c96-s1248000-d550347-temp-0.3,26,124.91868021033956,-42.78937073869348,292.6267311593726,113.3151130072046,11.603567203134958,2,a5803f8a5d9d87202b43d709cb328cedaf18c446af448f705c33d553e8c2e9f7,5170ec511fb50cdf10d648416d508574d70e9781ddf156a1b2a86d2b385e94dc,100,1729,maximum_nontransitivity_disagreement_gain,2000.0,3000.0
kata1-b6c96-s1248000-d550347-temp-0.3,28,127.1131985937738,-31.968315688212414,286.19471287576005,113.3151130072046,13.7980855865692,2,a5803f8a5d9d87202b43d709cb328cedaf18c446af448f705c33d553e8c2e9f7,5170ec511fb50cdf10d648416d508574d70e9781ddf156a1b2a86d2b385e94dc,100,1729,maximum_nontransitivity_disagreement_gain,2000.0,3000.0
kata1-b6c96-s1248000-d550347-temp-0.3,30,162.45608415158927,13.227090094733683,311.68507820844485,113.3151130072046,49.140971144384665,2,a5803f8a5d9d87202b43d709cb328cedaf18c446af448f705c33d553e8c2e9f7,5170ec511fb50cdf10d648416d508574d70e9781ddf156a1b2a86d2b385e94dc,100,1729,maximum_nontransitivity_disagreement_gain,2000.0,3000.0
kata1-b6c96-s1248000-d550347-temp-0.3,32,161.20688341560668,17.88742678247027,304.5263400487431,113.3151130072046,47.89177040840208,2,a5803f8a5d9d87202b43d709cb328cedaf18c446af448f705c33d553e8c2e9f7,5170ec511fb50cdf10d648416d508574d70e9781ddf156a1b2a86d2b385e94dc,100,1729,maximum_nontransitivity_disagreement_gain,2000.0,3000.0
kata1-b6c96-s1248000-d550347-temp-0.3,34,188.04938184748582,50.98046558559116,325.1182981093805,113.3151130072046,74.73426884028122,2,a5803f8a5d9d87202b43d709cb328cedaf18c446af448f705c33d553e8c2e9f7,5170ec511fb50cdf10d648416d508574d70e9781ddf156a1b2a86d2b385e94dc,100,1729,maximum_nontransitivity_disagreement_gain,2000.0,3000.0
kata1-b6c96-s1248000-d550347-temp-0.3,36,185.24170428253652,52.71272169218227,317.7706868728908,113.3151130072046,71.92659127533192,2,a5803f8a5d9d87202b43d709cb328cedaf18c446af448f705c33d553e8c2e9f7,5170ec511fb50cdf10d648416d508574d70e9781ddf156a1b2a86d2b385e94dc,100,1729,maximum_nontransitivity_disagreement_gain,2000.0,3000.0
kata1-b6c96-s1248000-d550347-temp-0.3,38,182.79159778500556,54.37493538082373,311.2082601891874,113.3151130072046,69.47648477780096,2,a5803f8a5d9d87202b43d709cb328cedaf18c446af448f705c33d553e8c2e9f7,5170ec511fb50cdf10d648416d508574d70e9781ddf156a1b2a86d2b385e94dc,100,1729,maximum_nontransitivity_disagreement_gain,2000.0,3000.0
kata1-b6c96-s1248000-d550347-temp-0.3,40,164.7324496345115,39.517955378154966,289.94694389086806,113.3151130072046,51.41733662730691,2,a5803f8a5d9d87202b43d709cb328cedaf18c446af448f705c33d553e8c2e9f7,5170ec511fb50cdf10d648416d508574d70e9781ddf156a1b2a86d2b385e94dc,100,1729,maximum_nontransitivity_disagreement_gain,2000.0,3000.0
kata1-b6c96-s1248000-d550347-temp-0.3,42,141.7859052327965,19.203537686965845,264.36827277862716,113.3151130072046,28.470792225591893,2,a5803f8a5d9d87202b43d709cb328cedaf18c446af448f705c33d553e8c2e9f7,5170ec511fb50cdf10d648416d508574d70e9781ddf156a1b2a86d2b385e94dc,100,1729,maximum_nontransitivity_disagreement_gain,2000.0,3000.0
kata1-b6c96-s1248000-d550347-temp-0.3,44,148.504152170491,29.317208570158925,267.6910957708231,113.3151130072046,35.18903916328641,2,a5803f8a5d9d87202b43d709cb328cedaf18c446af448f705c33d553e8c2e9f7,5170ec511fb50cdf10d648416d508574d70e9781ddf156a1b2a86d2b385e94dc,100,1729,maximum_nontransitivity_disagreement_gain,2000.0,3000.0
kata1-b6c96-s1248000-d550347-temp-0.3,46,134.4729838664343,17.44840963383271,251.4975580990359,113.3151130072046,21.157870859229703,2,a5803f8a5d9d87202b43d709cb328cedaf18c446af448f705c33d553e8c2e9f7,5170ec511fb50cdf10d648416d508574d70e9781ddf156a1b2a86d2b385e94dc,100,1729,maximum_nontransitivity_disagreement_gain,2000.0,3000.0
kata1-b6c96-s1248000-d550347-temp-0.3,48,135.07955509110815,20.969097319544588,249.19001286267172,113.3151130072046,21.764442083903546,2,a5803f8a5d9d87202b43d709cb328cedaf18c446af448f705c33d553e8c2e9f7,5170ec511fb50cdf10d648416d508574d70e9781ddf156a1b2a86d2b385e94dc,100,1729,maximum_nontransitivity_disagreement_gain,2000.0,3000.0
kata1-b6c96-s1248000-d550347-temp-0.3,50,135.62846171624543,24.211541892973486,247.04538153951736,113.3151130072046,22.313348709040824,2,a5803f8a5d9d87202b43d709cb328cedaf18c446af448f705c33d553e8c2e9f7,5170ec511fb50cdf10d648416d508574d70e9781ddf156a1b2a86d2b385e94dc,100,1729,maximum_nontransitivity_disagreement_gain,2000.0,3000.0
kata1-b6c96-s1248000-d550347-temp-0.3,52,136.12773122408893,27.210249980949413,245.04521246722845,113.3151130072046,22.81261821688433,2,a5803f8a5d9d87202b43d709cb328cedaf18c446af448f705c33d553e8c2e9f7,5170ec511fb50cdf10d648416d508574d70e9781ddf156a1b2a86d2b385e94dc,100,1729,maximum_nontransitivity_disagreement_gain,2000.0,3000.0
kata1-b6c96-s1248000-d550347-temp-0.3,54,136.58396284682763,29.994026743864637,243.1738989497906,113.3151130072046,23.26884983962303,2,a5803f8a5d9d87202b43d709cb328cedaf18c446af448f705c33d553e8c2e9f7,5170ec511fb50cdf10d648416d508574d70e9781ddf156a1b2a86d2b385e94dc,100,1729,maximum_nontransitivity_disagreement_gain,2000.0,3000.0
kata1-b6c96-s1248000-d550347-temp-0.3,56,137.00263252565867,32.5871336981437,241.41813135317364,113.3151130072046,23.687519518454067,2,a5803f8a5d9d87202b43d709cb328cedaf18c446af448f705c33d553e8c2e9f7,5170ec511fb50cdf10d648416d508574d70e9781ddf156a1b2a86d2b385e94dc,100,1729,maximum_nontransitivity_disagreement_gain,2000.0,3000.0
kata1-b6c96-s1248000-d550347-temp-0.3,58,142.11121688636726,39.783415007477316,244.4390187652572,113.3151130072046,28.796103879162658,2,a5803f8a5d9d87202b43d709cb328cedaf18c446af448f705c33d553e8c2e9f7,5170ec511fb50cdf10d648416d508574d70e9781ddf156a1b2a86d2b385e94dc,100,1729,maximum_nontransitivity_disagreement_gain,2000.0,3000.0
kata1-b6c96-s1248000-d550347-temp-0.3,60,146.83831678907612,46.474350910110076,247.20228266804216,113.3151130072046,33.523203781871516,2,a5803f8a5d9d87202b43d709cb328cedaf18c446af448f705c33d553e8c2e9f7,5170ec511fb50cdf10d648416d508574d70e9781ddf156a1b2a86d2b385e94dc,100,1729,maximum_nontransitivity_disagreement_gain,2000.0,3000.0
kata1-b6c96-s1248000-d550347-temp-0.3,62,151.22460891277422,52.712185798687926,249.7370320268605,113.3151130072046,37.909495905569614,2,a5803f8a5d9d87202b43d709cb328cedaf18c446af448f705c33d553e8c2e9f7,5170ec511fb50cdf10d648416d508574d70e9781ddf156a1b2a86d2b385e94dc,100,1729,maximum_nontransitivity_disagreement_gain,2000.0,3000.0
kata1-b6c96-s1248000-d550347-temp-0.3,64,155.30527364361384,58.54222246906424,252.06832481816343,113.3151130072046,41.99016063640924,2,a5803f8a5d9d87202b43d709cb328cedaf18c446af448f705c33d553e8c2e9f7,5170ec511fb50cdf10d648416d508574d70e9781ddf156a1b2a86d2b385e94dc,100,1729,maximum_nontransitivity_disagreement_gain,2000.0,3000.0
kata1-b6c96-s1248000-d550347-temp-0.3,66,172.28819481343768,77.53917599432988,267.0372136325455,113.3151130072046,58.97308180623308,2,a5803f8a5d9d87202b43d709cb328cedaf18c446af448f705c33d553e8c2e9f7,5170ec511fb50cdf10d648416d508574d70e9781ddf156a1b2a86d2b385e94dc,100,1729,maximum_nontransitivity_disagreement_gain,2000.0,3000.0
kata1-b6c96-s1248000-d550347-temp-0.3,68,175.40090955862692,82.19513860265249,268.60668051460135,113.3151130072046,62.08579655142232,2,a5803f8a5d9d87202b43d709cb328cedaf18c446af448f705c33d553e8c2e9f7,5170ec511fb50cdf10d648416d508574d70e9781ddf156a1b2a86d2b385e94dc,100,1729,maximum_nontransitivity_disagreement_gain,2000.0,3000.0
kata1-b6c96-s1248000-d550347-temp-0.3,70,178.31742420588893,86.57934479821631,270.05550361356154,113.3151130072046,65.00231119868432,2,a5803f8a5d9d87202b43d709cb328cedaf18c446af448f705c33d553e8c2e9f7,5170ec511fb50cdf10d648416d508574d70e9781ddf156a1b2a86d2b385e94dc,100,1729,maximum_nontransitivity_disagreement_gain,2000.0,3000.0
kata1-b6c96-s1248000-d550347-temp-0.3,72,177.37492268500216,86.98347223097896,267.76637313902535,113.3151130072046,64.05980967779756,2,a5803f8a5d9d87202b43d709cb328cedaf18c446af448f705c33d553e8c2e9f7,5170ec511fb50cdf10d648416d508574d70e9781ddf156a1b2a86d2b385e94dc,100,1729,maximum_nontransitivity_disagreement_gain,2000.0,3000.0
kata1-b6c96-s1248000-d550347-temp-0.3,74,180.06218346752215,91.0053398370683,269.11902709797596,113.3151130072046,66.74707046031754,2,a5803f8a5d9d87202b43d709cb328cedaf18c446af448f705c33d553e8c2e9f7,5170ec511fb50cdf10d648416d508574d70e9781ddf156a1b2a86d2b385e94dc,100,1729,maximum_nontransitivity_disagreement_gain,2000.0,3000.0
kata1-b6c96-s1248000-d550347-temp-0.3,76,179.12817106758231,91.29795457943595,266.9583875557287,113.3151130072046,65.81305806037771,2,a5803f8a5d9d87202b43d709cb328cedaf18c446af448f705c33d553e8c2e9f7,5170ec511fb50cdf10d648416d508574d70e9781ddf156a1b2a86d2b385e94dc,100,1729,maximum_nontransitivity_disagreement_gain,2000.0,3000.0
kata1-b6c96-s1248000-d550347-temp-0.3,78,181.6180236679658,95.00840265326613,268.2276446826654,113.3151130072046,68.30291066076119,2,a5803f8a5d9d87202b43d709cb328cedaf18c446af448f705c33d553e8c2e9f7,5170ec511fb50cdf10d648416d508574d70e9781ddf156a1b2a86d2b385e94dc,100,1729,maximum_nontransitivity_disagreement_gain,2000.0,3000.0
kata1-b6c96-s1248000-d550347-temp-0.3,80,180.69677559665345,95.21047841743108,266.1830727758758,113.3151130072046,67.38166258944885,2,a5803f8a5d9d87202b43d709cb328cedaf18c446af448f705c33d553e8c2e9f7,5170ec511fb50cdf10d648416d508574d70e9781ddf156a1b2a86d2b385e94dc,100,1729,maximum_nontransitivity_disagreement_gain,2000.0,3000.0
kata1-b6c96-s1248000-d550347-temp-0.3,82,172.62740025297663,88.06997977042211,257.18482073553116,113.3151130072046,59.312287245772026,2,a5803f8a5d9d87202b43d709cb328cedaf18c446af448f705c33d553e8c2e9f7,5170ec511fb50cdf10d648416d508574d70e9781ddf156a1b2a86d2b385e94dc,100,1729,maximum_nontransitivity_disagreement_gain,2000.0,3000.0
kata1-b6c96-s1248000-d550347-temp-0.3,84,171.98022110609725,88.46800983390263,255.49243237829188,113.3151130072046,58.665108098892645,2,a5803f8a5d9d87202b43d709cb328cedaf18c446af448f705c33d553e8c2e9f7,5170ec511fb50cdf10d648416d508574d70e9781ddf156a1b2a86d2b385e94dc,100,1729,maximum_nontransitivity_disagreement_gain,2000.0,3000.0
kata1-b6c96-s1248000-d550347-temp-0.3,86,174.41010033318756,91.94510147393511,256.87509919244,113.3151130072046,61.094987325982956,2,a5803f8a5d9d87202b43d709cb328cedaf18c446af448f705c33d553e8c2e9f7,5170ec511fb50cdf10d648416d508574d70e9781ddf156a1b2a86d2b385e94dc,100,1729,maximum_nontransitivity_disagreement_gain,2000.0,3000.0
kata1-b6c96-s1248000-d550347-temp-0.3,88,173.7545927707328,92.25439950845511,255.25478603301053,113.3151130072046,60.43947976352821,2,a5803f8a5d9d87202b43d709cb328cedaf18c446af448f705c33d553e8c2e9f7,5170ec511fb50cdf10d648416d508574d70e9781ddf156a1b2a86d2b385e94dc,100,1729,maximum_nontransitivity_disagreement_gain,2000.0,3000.0
kata1-b6c96-s1248000-d550347-temp-0.3,90,166.58581399577784,85.86376539476443,247.30786259679127,113.3151130072046,53.27070098857324,2,a5803f8a5d9d87202b43d709cb328cedaf18c446af448f705c33d553e8c2e9f7,5170ec511fb50cdf10d648416d508574d70e9781ddf156a1b2a86d2b385e94dc,100,1729,maximum_nontransitivity_disagreement_gain,2000.0,3000.0
kata1-b6c96-s1248000-d550347-temp-0.3,92,178.15565013942594,98.56968204092094,257.74161823793094,113.3151130072046,64.84053713222134,2,a5803f8a5d9d87202b43d709cb328cedaf18c446af448f705c33d553e8c2e9f7,5170ec511fb50cdf10d648416d508574d70e9781ddf156a1b2a86d2b385e94dc,100,1729,maximum_nontransitivity_disagreement_gain,2000.0,3000.0
kata1-b6c96-s1248000-d550347-temp-0.3,94,177.46402175543324,98.73959870608635,256.18844480478015,113.3151130072046,64.14890874822864,2,a5803f8a5d9d87202b43d709cb328cedaf18c446af448f705c33d553e8c2e9f7,5170ec511fb50cdf10d648416d508574d70e9781ddf156a1b2a86d2b385e94dc,100,1729,maximum_nontransitivity_disagreement_gain,2000.0,3000.0
kata1-b6c96-s1248000-d550347-temp-0.3,96,176.8049690079551,98.91206656820712,254.69787144770305,113.3151130072046,63.48985600075049,2,a5803f8a5d9d87202b43d709cb328cedaf18c446af448f705c33d553e8c2e9f7,5170ec511fb50cdf10d648416d508574d70e9781ddf156a1b2a86d2b385e94dc,100,1729,maximum_nontransitivity_disagreement_gain,2000.0,3000.0
kata1-b6c96-s1248000-d550347-temp-0.3,98,170.19950364595746,92.99454206396311,247.40446522795182,113.3151130072046,56.88439063875286,2,a5803f8a5d9d87202b43d709cb328cedaf18c446af448f705c33d553e8c2e9f7,5170ec511fb50cdf10d648416d508574d70e9781ddf156a1b2a86d2b385e94dc,100,1729,maximum_nontransitivity_disagreement_gain,2000.0,3000.0
kata1-b6c96-s1248000-d550347-temp-0.3,100,172.31179252632245,95.92810568791681,248.6954793647281,113.3151130072046,58.99667951911785,2,a5803f8a5d9d87202b43d709cb328cedaf18c446af448f705c33d553e8c2e9f7,5170ec511fb50cdf10d648416d508574d70e9781ddf156a1b2a86d2b385e94dc,100,1729,maximum_nontransitivity_disagreement_gain,2000.0,3000.0
kata1-b6c96-s938496-d1208807-temp-0.3,2,1150.5806657435978,-1281.5361734018907,3582.6975048890863,235.0968993003707,915.4837664432271,2,a5803f8a5d9d87202b43d709cb328cedaf18c446af448f705c33d553e8c2e9f7,5170ec511fb50cdf10d648416d508574d70e9781ddf156a1b2a86d2b385e94dc,100,1729,maximum_nontransitivity_disagreement_gain,2000.0,3000.0
kata1-b6c96-s938496-d1208807-temp-0.3,4,426.04244689937667,-1442.927603846706,2295.0124976454595,235.0968993003707,190.94554759900598,2,a5803f8a5d9d87202b43d709cb328cedaf18c446af448f705c33d553e8c2e9f7,5170ec511fb50cdf10d648416d508574d70e9781ddf156a1b2a86d2b385e94dc,100,1729,maximum_nontransitivity_disagreement_gain,2000.0,3000.0
kata1-b6c96-s938496-d1208807-temp-0.3,6,315.9263326482366,-1490.17845270695,2122.031118003423,235.0968993003707,80.82943334786592,2,a5803f8a5d9d87202b43d709cb328cedaf18c446af448f705c33d553e8c2e9f7,5170ec511fb50cdf10d648416d508574d70e9781ddf156a1b2a86d2b385e94dc,100,1729,maximum_nontransitivity_disagreement_gain,2000.0,3000.0
kata1-b6c96-s938496-d1208807-temp-0.3,8,324.97876957748605,-156.79042844023184,806.7479675952039,235.0968993003707,89.88187027711535,2,a5803f8a5d9d87202b43d709cb328cedaf18c446af448f705c33d553e8c2e9f7,5170ec511fb50cdf10d648416d508574d70e9781ddf156a1b2a86d2b385e94dc,100,1729,maximum_nontransitivity_disagreement_gain,2000.0,3000.0
kata1-b6c96-s938496-d1208807-temp-0.3,10,326.66680132200213,-20.49597994542239,673.8295825894266,235.0968993003707,91.56990202163144,2,a5803f8a5d9d87202b43d709cb328cedaf18c446af448f705c33d553e8c2e9f7,5170ec511fb50cdf10d648416d508574d70e9781ddf156a1b2a86d2b385e94dc,100,1729,maximum_nontransitivity_disagreement_gain,2000.0,3000.0
kata1-b6c96-s938496-d1208807-temp-0.3,12,327.2699593594526,41.843507987406156,612.6964107314991,235.0968993003707,92.17306005908193,2,a5803f8a5d9d87202b43d709cb328cedaf18c446af448f705c33d553e8c2e9f7,5170ec511fb50cdf10d648416d508574d70e9781ddf156a1b2a86d2b385e94dc,100,1729,maximum_nontransitivity_disagreement_gain,2000.0,3000.0
kata1-b6c96-s938496-d1208807-temp-0.3,14,326.9086166918616,78.72592004301342,575.0913133407098,235.0968993003707,91.8117173914909,2,a5803f8a5d9d87202b43d709cb328cedaf18c446af448f705c33d553e8c2e9f7,5170ec511fb50cdf10d648416d508574d70e9781ddf156a1b2a86d2b385e94dc,100,1729,maximum_nontransitivity_disagreement_gain,2000.0,3000.0
kata1-b6c96-s938496-d1208807-temp-0.3,16,252.16193054903806,24.906580635793148,479.417280462283,235.0968993003707,17.065031248667367,2,a5803f8a5d9d87202b43d709cb328cedaf18c446af448f705c33d553e8c2e9f7,5170ec511fb50cdf10d648416d508574d70e9781ddf156a1b2a86d2b385e94dc,100,1729,maximum_nontransitivity_disagreement_gain,2000.0,3000.0
kata1-b6c96-s938496-d1208807-temp-0.3,18,265.0403758942079,58.522525464357756,471.55822632405807,235.0968993003707,29.943476593837204,2,a5803f8a5d9d87202b43d709cb328cedaf18c446af448f705c33d553e8c2e9f7,5170ec511fb50cdf10d648416d508574d70e9781ddf156a1b2a86d2b385e94dc,100,1729,maximum_nontransitivity_disagreement_gain,2000.0,3000.0
kata1-b6c96-s938496-d1208807-temp-0.3,20,218.42730008788874,21.846704975351486,415.007895200426,235.0968993003707,-16.669599212481955,2,a5803f8a5d9d87202b43d709cb328cedaf18c446af448f705c33d553e8c2e9f7,5170ec511fb50cdf10d648416d508574d70e9781ddf156a1b2a86d2b385e94dc,100,1729,maximum_nontransitivity_disagreement_gain,2000.0,3000.0
kata1-b6c96-s938496-d1208807-temp-0.3,22,181.25478149168686,-8.515105136833427,371.02466812020714,235.0968993003707,-53.84211780868384,2,a5803f8a5d9d87202b43d709cb328cedaf18c446af448f705c33d553e8c2e9f7,5170ec511fb50cdf10d648416d508574d70e9781ddf156a1b2a86d2b385e94dc,100,1729,maximum_nontransitivity_disagreement_gain,2000.0,3000.0
kata1-b6c96-s938496-d1208807-temp-0.3,24,243.6620244926133,72.72281718436136,414.60123180086526,235.0968993003707,8.565125192242618,2,a5803f8a5d9d87202b43d709cb328cedaf18c446af448f705c33d553e8c2e9f7,5170ec511fb50cdf10d648416d508574d70e9781ddf156a1b2a86d2b385e94dc,100,1729,maximum_nontransitivity_disagreement_gain,2000.0,3000.0
kata1-b6c96-s938496-d1208807-temp-0.3,26,212.60879735379402,47.007807865713545,378.20978684187446,235.0968993003707,-22.488101946576677,2,a5803f8a5d9d87202b43d709cb328cedaf18c446af448f705c33d553e8c2e9f7,5170ec511fb50cdf10d648416d508574d70e9781ddf156a1b2a86d2b385e94dc,100,1729,maximum_nontransitivity_disagreement_gain,2000.0,3000.0
kata1-b6c96-s938496-d1208807-temp-0.3,28,186.05143946393756,24.55674392740599,347.5461350004691,235.0968993003707,-49.04545983643314,2,a5803f8a5d9d87202b43d709cb328cedaf18c446af448f705c33d553e8c2e9f7,5170ec511fb50cdf10d648416d508574d70e9781ddf156a1b2a86d2b385e94dc,100,1729,maximum_nontransitivity_disagreement_gain,2000.0,3000.0
kata1-b6c96-s938496-d1208807-temp-0.3,30,162.57751761211483,4.3623750880875605,320.7926601361421,235.0968993003707,-72.51938168825586,2,a5803f8a5d9d87202b43d709cb328cedaf18c446af448f705c33d553e8c2e9f7,5170ec511fb50cdf10d648416d508574d70e9781ddf156a1b2a86d2b385e94dc,100,1729,maximum_nontransitivity_disagreement_gain,2000.0,3000.0
kata1-b6c96-s938496-d1208807-temp-0.3,32,162.23901179513973,11.209103014981395,313.26892057529807,235.0968993003707,-72.85788750523096,2,a5803f8a5d9d87202b43d709cb328cedaf18c446af448f705c33d553e8c2e9f7,5170ec511fb50cdf10d648416d508574d70e9781ddf156a1b2a86d2b385e94dc,100,1729,maximum_nontransitivity_disagreement_gain,2000.0,3000.0
kata1-b6c96-s938496-d1208807-temp-0.3,34,192.4439281471694,51.085525792337705,333.8023305020011,235.0968993003707,-42.65297115320129,2,a5803f8a5d9d87202b43d709cb328cedaf18c446af448f705c33d553e8c2e9f7,5170ec511fb50cdf10d648416d508574d70e9781ddf156a1b2a86d2b385e94dc,100,1729,maximum_nontransitivity_disagreement_gain,2000.0,3000.0
kata1-b6c96-s938496-d1208807-temp-0.3,36,203.68956569113308,68.4209099972874,338.95822138497874,235.0968993003707,-31.40733360923761,2,a5803f8a5d9d87202b43d709cb328cedaf18c446af448f705c33d553e8c2e9f7,5170ec511fb50cdf10d648416d508574d70e9781ddf156a1b2a86d2b385e94dc,100,1729,maximum_nontransitivity_disagreement_gain,2000.0,3000.0
kata1-b6c96-s938496-d1208807-temp-0.3,38,225.83733971314908,96.37360558736594,355.3010738389322,235.0968993003707,-9.259559587221617,2,a5803f8a5d9d87202b43d709cb328cedaf18c446af448f705c33d553e8c2e9f7,5170ec511fb50cdf10d648416d508574d70e9781ddf156a1b2a86d2b385e94dc,100,1729,maximum_nontransitivity_disagreement_gain,2000.0,3000.0
kata1-b6c96-s938496-d1208807-temp-0.3,40,197.98045657754454,70.99027676997436,324.97063638511474,235.0968993003707,-37.11644272282615,2,a5803f8a5d9d87202b43d709cb328cedaf18c446af448f705c33d553e8c2e9f7,5170ec511fb50cdf10d648416d508574d70e9781ddf156a1b2a86d2b385e94dc,100,1729,maximum_nontransitivity_disagreement_gain,2000.0,3000.0
kata1-b6c96-s938496-d1208807-temp-0.3,42,195.60676764476668,72.25553905468621,318.95799623484714,235.0968993003707,-39.49013165560402,2,a5803f8a5d9d87202b43d709cb328cedaf18c446af448f705c33d553e8c2e9f7,5170ec511fb50cdf10d648416d508574d70e9781ddf156a1b2a86d2b385e94dc,100,1729,maximum_nontransitivity_disagreement_gain,2000.0,3000.0
kata1-b6c96-s938496-d1208807-temp-0.3,44,193.52866001334323,73.52019158298302,313.5371284437034,235.0968993003707,-41.56823928702747,2,a5803f8a5d9d87202b43d709cb328cedaf18c446af448f705c33d553e8c2e9f7,5170ec511fb50cdf10d648416d508574d70e9781ddf156a1b2a86d2b385e94dc,100,1729,maximum_nontransitivity_disagreement_gain,2000.0,3000.0
kata1-b6c96-s938496-d1208807-temp-0.3,46,191.67085997860335,74.75398609551286,308.58773386169383,235.0968993003707,-43.42603932176735,2,a5803f8a5d9d87202b43d709cb328cedaf18c446af448f705c33d553e8c2e9f7,5170ec511fb50cdf10d648416d508574d70e9781ddf156a1b2a86d2b385e94dc,100,1729,maximum_nontransitivity_disagreement_gain,2000.0,3000.0
kata1-b6c96-s938496-d1208807-temp-0.3,48,189.96584141769281,75.92889956614249,304.00278326924314,235.0968993003707,-45.13105788267788,2,a5803f8a5d9d87202b43d709cb328cedaf18c446af448f705c33d553e8c2e9f7,5170ec511fb50cdf10d648416d508574d70e9781ddf156a1b2a86d2b385e94dc,100,1729,maximum_nontransitivity_disagreement_gain,2000.0,3000.0
kata1-b6c96-s938496-d1208807-temp-0.3,50,188.45705864674886,77.08974011669613,299.8243771768016,235.0968993003707,-46.63984065362183,2,a5803f8a5d9d87202b43d709cb328cedaf18c446af448f705c33d553e8c2e9f7,5170ec511fb50cdf10d648416d508574d70e9781ddf156a1b2a86d2b385e94dc,100,1729,maximum_nontransitivity_disagreement_gain,2000.0,3000.0
kata1-b6c96-s938496-d1208807-temp-0.3,52,187.08770349085378,78.21211942480844,295.9632875568991,235.0968993003707,-48.00919580951691,2,a5803f8a5d9d87202b43d709cb328cedaf18c446af448f705c33d553e8c2e9f7,5170ec511fb50cdf10d648416d508574d70e9781ddf156a1b2a86d2b385e94dc,100,1729,maximum_nontransitivity_disagreement_gain,2000.0,3000.0
kata1-b6c96-s938496-d1208807-temp-0.3,54,185.83967048544667,79.2960211434902,292.38331982740317,235.0968993003707,-49.25722881492402,2,a5803f8a5d9d87202b43d709cb328cedaf18c446af448f705c33d553e8c2e9f7,5170ec511fb50cdf10d648416d508574d70e9781ddf156a1b2a86d2b385e94dc,100,1729,maximum_nontransitivity_disagreement_gain,2000.0,3000.0
kata1-b6c96-s938496-d1208807-temp-0.3,56,200.6346446533532,96.7427176129633,304.5265716937431,235.0968993003707,-34.46225464701749,2,a5803f8a5d9d87202b43d709cb328cedaf18c446af448f705c33d553e8c2e9f7,5170ec511fb50cdf10d648416d508574d70e9781ddf156a1b2a86d2b385e94dc,100,1729,maximum_nontransitivity_disagreement_gain,2000.0,3000.0
kata1-b6c96-s938496-d1208807-temp-0.3,58,190.31439018547277,88.01247907959277,292.6163012913528,235.0968993003707,-44.78250911489792,2,a5803f8a5d9d87202b43d709cb328cedaf18c446af448f705c33d553e8c2e9f7,5170ec511fb50cdf10d648416d508574d70e9781ddf156a1b2a86d2b385e94dc,100,1729,maximum_nontransitivity_disagreement_gain,2000.0,3000.0
kata1-b6c96-s938496-d1208807-temp-0.3,60,180.6583141766418,79.78030563180246,281.53632272148116,235.0968993003707,-54.4385851237289,2,a5803f8a5d9d87202b43d709cb328cedaf18c446af448f705c33d553e8c2e9f7,5170ec511fb50cdf10d648416d508574d70e9781ddf156a1b2a86d2b385e94dc,100,1729,maximum_nontransitivity_disagreement_gain,2000.0,3000.0
kata1-b6c96-s938496-d1208807-temp-0.3,62,186.1118829347682,87.11234432610924,285.1114215434272,235.0968993003707,-48.98501636560249,2,a5803f8a5d9d87202b43d709cb328cedaf18c446af448f705c33d553e8c2e9f7,5170ec511fb50cdf10d648416d508574d70e9781ddf156a1b2a86d2b385e94dc,100,1729,maximum_nontransitivity_disagreement_gain,2000.0,3000.0
kata1-b6c96-s938496-d1208807-temp-0.3,64,191.18776694595184,93.96457333256593,288.41096055933775,235.0968993003707,-43.90913235441886,2,a5803f8a5d9d87202b43d709cb328cedaf18c446af448f705c33d553e8c2e9f7,5170ec511fb50cdf10d648416d508574d70e9781ddf156a1b2a86d2b385e94dc,100,1729,maximum_nontransitivity_disagreement_gain,2000.0,3000.0
kata1-b6c96-s938496-d1208807-temp-0.3,66,195.92294314422992,100.38258545940825,291.4633008290516,235.0968993003707,-39.173956156140775,2,a5803f8a5d9d87202b43d709cb328cedaf18c446af448f705c33d553e8c2e9f7,5170ec511fb50cdf10d648416d508574d70e9781ddf156a1b2a86d2b385e94dc,100,1729,maximum_nontransitivity_disagreement_gain,2000.0,3000.0
kata1-b6c96-s938496-d1208807-temp-0.3,68,181.61117982006604,87.18212309967272,276.0402365404594,235.0968993003707,-53.48571948030465,2,a5803f8a5d9d87202b43d709cb328cedaf18c446af448f705c33d553e8c2e9f7,5170ec511fb50cdf10d648416d508574d70e9781ddf156a1b2a86d2b385e94dc,100,1729,maximum_nontransitivity_disagreement_gain,2000.0,3000.0
kata1-b6c96-s938496-d1208807-temp-0.3,70,180.85339296715,87.94553722134391,273.7612487129561,235.0968993003707,-54.243506333220694,2,a5803f8a5d9d87202b43d709cb328cedaf18c446af448f705c33d553e8c2e9f7,5170ec511fb50cdf10d648416d508574d70e9781ddf156a1b2a86d2b385e94dc,100,1729,maximum_nontransitivity_disagreement_gain,2000.0,3000.0
kata1-b6c96-s938496-d1208807-temp-0.3,72,192.3277754967205,101.25628731849694,283.39926367494405,235.0968993003707,-42.76912380365019,2,a5803f8a5d9d87202b43d709cb328cedaf18c446af448f705c33d553e8c2e9f7,5170ec511fb50cdf10d648416d508574d70e9781ddf156a1b2a86d2b385e94dc,100,1729,maximum_nontransitivity_disagreement_gain,2000.0,3000.0
kata1-b6c96-s938496-d1208807-temp-0.3,74,184.6070832890052,94.53947466347748,274.6746919145329,235.0968993003707,-50.48981601136549,2,a5803f8a5d9d87202b43d709cb328cedaf18c446af448f705c33d553e8c2e9f7,5170ec511fb50cdf10d648416d508574d70e9781ddf156a1b2a86d2b385e94dc,100,1729,maximum_nontransitivity_disagreement_gain,2000.0,3000.0
kata1-b6c96-s938496-d1208807-temp-0.3,76,188.85831864397431,100.121808314181,277.5948289737676,235.0968993003707,-46.23858065639638,2,a5803f8a5d9d87202b43d709cb328cedaf18c446af448f705c33d553e8c2e9f7,5170ec511fb50cdf10d648416d508574d70e9781ddf156a1b2a86d2b385e94dc,100,1729,maximum_nontransitivity_disagreement_gain,2000.0,3000.0
kata1-b6c96-s938496-d1208807-temp-0.3,78,181.62049468471244,93.7772268457504,269.46376252367446,235.0968993003707,-53.476404615658254,2,a5803f8a5d9d87202b43d709cb328cedaf18c446af448f705c33d553e8c2e9f7,5170ec511fb50cdf10d648416d508574d70e9781ddf156a1b2a86d2b385e94dc,100,1729,maximum_nontransitivity_disagreement_gain,2000.0,3000.0
kata1-b6c96-s938496-d1208807-temp-0.3,80,185.74050753092865,99.14050440194573,272.34051065991156,235.0968993003707,-49.35639176944204,2,a5803f8a5d9d87202b43d709cb328cedaf18c446af448f705c33d553e8c2e9f7,5170ec511fb50cdf10d648416d508574d70e9781ddf156a1b2a86d2b385e94dc,100,1729,maximum_nontransitivity_disagreement_gain,2000.0,3000.0
kata1-b6c96-s938496-d1208807-temp-0.3,82,178.92686120183694,93.12779952497422,264.72592287869963,235.0968993003707,-56.17003809853375,2,a5803f8a5d9d87202b43d709cb328cedaf18c446af448f705c33d553e8c2e9f7,5170ec511fb50cdf10d648416d508574d70e9781ddf156a1b2a86d2b385e94dc,100,1729,maximum_nontransitivity_disagreement_gain,2000.0,3000.0
kata1-b6c96-s938496-d1208807-temp-0.3,84,182.9218641250732,98.28827403384578,267.55545421630063,235.0968993003707,-52.175035175297495,2,a5803f8a5d9d87202b43d709cb328cedaf18c446af448f705c33d553e8c2e9f7,5170ec511fb50cdf10d648416d508574d70e9781ddf156a1b2a86d2b385e94dc,100,1729,maximum_nontransitivity_disagreement_gain,2000.0,3000.0
kata1-b6c96-s938496-d1208807-temp-0.3,86,186.71297223301096,103.19639094249386,270.22955352352807,235.0968993003707,-48.383927067359735,2,a5803f8a5d9d87202b43d709cb328cedaf18c446af448f705c33d553e8c2e9f7,5170ec511fb50cdf10d648416d508574d70e9781ddf156a1b2a86d2b385e94dc,100,1729,maximum_nontransitivity_disagreement_gain,2000.0,3000.0
kata1-b6c96-s938496-d1208807-temp-0.3,88,185.98524097415202,103.50809889750545,268.4623830507986,235.0968993003707,-49.111658326218674,2,a5803f8a5d9d87202b43d709cb328cedaf18c446af448f705c33d553e8c2e9f7,5170ec511fb50cdf10d648416d508574d70e9781ddf156a1b2a86d2b385e94dc,100,1729,maximum_nontransitivity_disagreement_gain,2000.0,3000.0
kata1-b6c96-s938496-d1208807-temp-0.3,90,175.5580088144842,93.74600962006869,257.37000800889973,235.0968993003707,-59.5388904858865,2,a5803f8a5d9d87202b43d709cb328cedaf18c446af448f705c33d553e8c2e9f7,5170ec511fb50cdf10d648416d508574d70e9781ddf156a1b2a86d2b385e94dc,100,1729,maximum_nontransitivity_disagreement_gain,2000.0,3000.0
kata1-b6c96-s938496-d1208807-temp-0.3,92,175.143977784494,94.31714479914018,255.97081076984784,235.0968993003707,-59.95292151587668,2,a5803f8a5d9d87202b43d709cb328cedaf18c446af448f705c33d553e8c2e9f7,5170ec511fb50cdf10d648416d508574d70e9781ddf156a1b2a86d2b385e94dc,100,1729,maximum_nontransitivity_disagreement_gain,2000.0,3000.0
kata1-b6c96-s938496-d1208807-temp-0.3,94,183.98370772729845,104.40995604342271,263.5574594111742,235.0968993003707,-51.11319157307224,2,a5803f8a5d9d87202b43d709cb328cedaf18c446af448f705c33d553e8c2e9f7,5170ec511fb50cdf10d648416d508574d70e9781ddf156a1b2a86d2b385e94dc,100,1729,maximum_nontransitivity_disagreement_gain,2000.0,3000.0
kata1-b6c96-s938496-d1208807-temp-0.3,96,187.3137840913975,108.65287388572904,265.974694297066,235.0968993003707,-47.783115208973186,2,a5803f8a5d9d87202b43d709cb328cedaf18c446af448f705c33d553e8c2e9f7,5170ec511fb50cdf10d648416d508574d70e9781ddf156a1b2a86d2b385e94dc,100,1729,maximum_nontransitivity_disagreement_gain,2000.0,3000.0
kata1-b6c96-s938496-d1208807-temp-0.3,98,186.6594918817112,108.86244018573018,264.45654357769223,235.0968993003707,-48.43740741865949,2,a5803f8a5d9d87202b43d709cb328cedaf18c446af448f705c33d553e8c2e9f7,5170ec511fb50cdf10d648416d508574d70e9781ddf156a1b2a86d2b385e94dc,100,1729,maximum_nontransitivity_disagreement_gain,2000.0,3000.0
kata1-b6c96-s938496-d1208807-temp-0.3,100,177.39392262539033,100.18388071810915,254.6039645326715,235.0968993003707,-57.70297667498036,2,a5803f8a5d9d87202b43d709cb328cedaf18c446af448f705c33d553e8c2e9f7,5170ec511fb50cdf10d648416d508574d70e9781ddf156a1b2a86d2b385e94dc,100,1729,maximum_nontransitivity_disagreement_gain,2000.0,3000.0
kata1-b6c96-s1995008-d1329786-temp-0.3,2,1160.089901804973,-1283.2410928932466,3603.420896503192,327.86273469538617,832.2271671095867,2,a5803f8a5d9d87202b43d709cb328cedaf18c446af448f705c33d553e8c2e9f7,5170ec511fb50cdf10d648416d508574d70e9781ddf156a1b2a86d2b385e94dc,100,1729,maximum_nontransitivity_disagreement_gain,2000.0,3000.0
kata1-b6c96-s1995008-d1329786-temp-0.3,4,409.5728467938666,-1451.027330151313,2270.173023739046,327.86273469538617,81.71011209848041,2,a5803f8a5d9d87202b43d709cb328cedaf18c446af448f705c33d553e8c2e9f7,5170ec511fb50cdf10d648416d508574d70e9781ddf156a1b2a86d2b385e94dc,100,1729,maximum_nontransitivity_disagreement_gain,2000.0,3000.0
kata1-b6c96-s1995008-d1329786-temp-0.3,6,299.07444412404635,-1499.0849629779439,2097.2338512260367,327.86273469538617,-28.788290571339815,2,a5803f8a5d9d87202b43d709cb328cedaf18c446af448f705c33d553e8c2e9f7,5170ec511fb50cdf10d648416d508574d70e9781ddf156a1b2a86d2b385e94dc,100,1729,maximum_nontransitivity_disagreement_gain,2000.0,3000.0
kata1-b6c96-s1995008-d1329786-temp-0.3,8,-353.90966724971315,-1911.4936154227285,1203.674280923302,327.86273469538617,-681.7724019450993,2,a5803f8a5d9d87202b43d709cb328cedaf18c446af448f705c33d553e8c2e9f7,5170ec511fb50cdf10d648416d508574d70e9781ddf156a1b2a86d2b385e94dc,100,1729,maximum_nontransitivity_disagreement_gain,2000.0,3000.0
kata1-b6c96-s1995008-d1329786-temp-0.3,10,102.10489545429975,-297.3727502203486,501.58254112894815,327.86273469538617,-225.7578392410864,2,a5803f8a5d9d87202b43d709cb328cedaf18c446af448f705c33d553e8c2e9f7,5170ec511fb50cdf10d648416d508574d70e9781ddf156a1b2a86d2b385e94dc,100,1729,maximum_nontransitivity_disagreement_gain,2000.0,3000.0
kata1-b6c96-s1995008-d1329786-temp-0.3,12,234.8447539089861,-62.38164093454384,532.071148752516,327.86273469538617,-93.01798078640007,2,a5803f8a5d9d87202b43d709cb328cedaf18c446af448f705c33d553e8c2e9f7,5170ec511fb50cdf10d648416d508574d70e9781ddf156a1b2a86d2b385e94dc,100,1729,maximum_nontransitivity_disagreement_gain,2000.0,3000.0
kata1-b6c96-s1995008-d1329786-temp-0.3,14,151.63593184114401,-113.80946615276449,417.08132983505254,327.86273469538617,-176.22680285424215,2,a5803f8a5d9d87202b43d709cb328cedaf18c446af448f705c33d553e8c2e9f7,5170ec511fb50cdf10d648416d508574d70e9781ddf156a1b2a86d2b385e94dc,100,1729,maximum_nontransitivity_disagreement_gain,2000.0,3000.0
kata1-b6c96-s1995008-d1329786-temp-0.3,16,183.34949486889522,-50.85545402789555,417.55444376568596,327.86273469538617,-144.51323982649095,2,a5803f8a5d9d87202b43d709cb328cedaf18c446af448f705c33d553e8c2e9f7,5170ec511fb50cdf10d648416d508574d70e9781ddf156a1b2a86d2b385e94dc,100,1729,maximum_nontransitivity_disagreement_gain,2000.0,3000.0
kata1-b6c96-s1995008-d1329786-temp-0.3,18,234.28844353567143,22.687651890174465,445.8892351811684,327.86273469538617,-93.57429115971473,2,a5803f8a5d9d87202b43d709cb328cedaf18c446af448f705c33d553e8c2e9f7,5170ec511fb50cdf10d648416d508574d70e9781ddf156a1b2a86d2b385e94dc,100,1729,maximum_nontransitivity_disagreement_gain,2000.0,3000.0
kata1-b6c96-s1995008-d1329786-temp-0.3,20,213.08324383611168,16.121321982882392,410.04516568934093,327.86273469538617,-114.77949085927449,2,a5803f8a5d9d87202b43d709cb328cedaf18c446af448f705c33d553e8c2e9f7,5170ec511fb50cdf10d648416d508574d70e9781ddf156a1b2a86d2b385e94dc,100,1729,maximum_nontransitivity_disagreement_gain,2000.0,3000.0
kata1-b6c96-s1995008-d1329786-temp-0.3,22,224.86549727469765,40.80278448322298,408.9282100661723,327.86273469538617,-102.99723742068852,2,a5803f8a5d9d87202b43d709cb328cedaf18c446af448f705c33d553e8c2e9f7,5170ec511fb50cdf10d648416d508574d70e9781ddf156a1b2a86d2b385e94dc,100,1729,maximum_nontransitivity_disagreement_gain,2000.0,3000.0
kata1-b6c96-s1995008-d1329786-temp-0.3,24,189.17362488462072,14.559504974897663,363.7877447943438,327.86273469538617,-138.68910981076544,2,a5803f8a5d9d87202b43d709cb328cedaf18c446af448f705c33d553e8c2e9f7,5170ec511fb50cdf10d648416d508574d70e9781ddf156a1b2a86d2b385e94dc,100,1729,maximum_nontransitivity_disagreement_gain,2000.0,3000.0
kata1-b6c96-s1995008-d1329786-temp-0.3,26,178.58846534015402,12.561198454475402,344.61573222583263,327.86273469538617,-149.27426935523215,2,a5803f8a5d9d87202b43d709cb328cedaf18c446af448f705c33d553e8c2e9f7,5170ec511fb50cdf10d648416d508574d70e9781ddf156a1b2a86d2b385e94dc,100,1729,maximum_nontransitivity_disagreement_gain,2000.0,3000.0
kata1-b6c96-s1995008-d1329786-temp-0.3,28,152.9824500435855,-7.037480947174345,313.0023810343453,327.86273469538617,-174.88028465180068,2,a5803f8a5d9d87202b43d709cb328cedaf18c446af448f705c33d553e8c2e9f7,5170ec511fb50cdf10d648416d508574d70e9781ddf156a1b2a86d2b385e94dc,100,1729,maximum_nontransitivity_disagreement_gain,2000.0,3000.0
kata1-b6c96-s1995008-d1329786-temp-0.3,30,166.1239141082333,13.393975773292425,318.85385244317416,327.86273469538617,-161.73882058715287,2,a5803f8a5d9d87202b43d709cb328cedaf18c446af448f705c33d553e8c2e9f7,5170ec511fb50cdf10d648416d508574d70e9781ddf156a1b2a86d2b385e94dc,100,1729,maximum_nontransitivity_disagreement_gain,2000.0,3000.0
kata1-b6c96-s1995008-d1329786-temp-0.3,32,191.46349909799528,45.90305993321681,337.02393826277375,327.86273469538617,-136.39923559739088,2,a5803f8a5d9d87202b43d709cb328cedaf18c446af448f705c33d553e8c2e9f7,5170ec511fb50cdf10d648416d508574d70e9781ddf156a1b2a86d2b385e94dc,100,1729,maximum_nontransitivity_disagreement_gain,2000.0,3000.0
kata1-b6c96-s1995008-d1329786-temp-0.3,34,212.917823841308,72.86657545211193,352.9690722305041,327.86273469538617,-114.94491085407816,2,a5803f8a5d9d87202b43d709cb328cedaf18c446af448f705c33d553e8c2e9f7,5170ec511fb50cdf10d648416d508574d70e9781ddf156a1b2a86d2b385e94dc,100,1729,maximum_nontransitivity_disagreement_gain,2000.0,3000.0
kata1-b6c96-s1995008-d1329786-temp-0.3,36,204.30722054589742,68.83608162339561,339.77835946839923,327.86273469538617,-123.55551414948874,2,a5803f8a5d9d87202b43d709cb328cedaf18c446af448f705c33d553e8c2e9f7,5170ec511fb50cdf10d648416d508574d70e9781ddf156a1b2a86d2b385e94dc,100,1729,maximum_nontransitivity_disagreement_gain,2000.0,3000.0
kata1-b6c96-s1995008-d1329786-temp-0.3,38,222.29715343254438,90.8566882712517,353.73761859383706,327.86273469538617,-105.56558126284179,2,a5803f8a5d9d87202b43d709cb328cedaf18c446af448f705c33d553e8c2e9f7,5170ec511fb50cdf10d648416d508574d70e9781ddf156a1b2a86d2b385e94dc,100,1729,maximum_nontransitivity_disagreement_gain,2000.0,3000.0
kata1-b6c96-s1995008-d1329786-temp-0.3,40,238.28426897565558,110.18432326294035,366.3842146883708,327.86273469538617,-89.57846571973059,2,a5803f8a5d9d87202b43d709cb328cedaf18c446af448f705c33d553e8c2e9f7,5170ec511fb50cdf10d648416d508574d70e9781ddf156a1b2a86d2b385e94dc,100,1729,maximum_nontransitivity_disagreement_gain,2000.0,3000.0
kata1-b6c96-s1995008-d1329786-temp-0.3,42,229.6615640154994,105.20071598436341,354.1224120466354,327.86273469538617,-98.20117067988676,2,a5803f8a5d9d87202b43d709cb328cedaf18c446af448f705c33d553e8c2e9f7,5170ec511fb50cdf10d648416d508574d70e9781ddf156a1b2a86d2b385e94dc,100,1729,maximum_nontransitivity_disagreement_gain,2000.0,3000.0
kata1-b6c96-s1995008-d1329786-temp-0.3,44,221.94528065354126,100.84494354956983,343.0456177575127,327.86273469538617,-105.9174540418449,2,a5803f8a5d9d87202b43d709cb328cedaf18c446af448f705c33d553e8c2e9f7,5170ec511fb50cdf10d648416d508574d70e9781ddf156a1b2a86d2b385e94dc,100,1729,maximum_nontransitivity_disagreement_gain,2000.0,3000.0
kata1-b6c96-s1995008-d1329786-temp-0.3,46,226.32443635410755,108.2411296183726,344.4077430898425,327.86273469538617,-101.53829834127862,2,a5803f8a5d9d87202b43d709cb328cedaf18c446af448f705c33d553e8c2e9f7,5170ec511fb50cdf10d648416d508574d70e9781ddf156a1b2a86d2b385e94dc,100,1729,maximum_nontransitivity_disagreement_gain,2000.0,3000.0
kata1-b6c96-s1995008-d1329786-temp-0.3,48,249.78676402765768,134.00163644320065,365.5718916121147,327.86273469538617,-78.07597066772848,2,a5803f8a5d9d87202b43d709cb328cedaf18c446af448f705c33d553e8c2e9f7,5170ec511fb50cdf10d648416d508574d70e9781ddf156a1b2a86d2b385e94dc,100,1729,maximum_nontransitivity_disagreement_gain,2000.0,3000.0
kata1-b6c96-s1995008-d1329786-temp-0.3,50,233.80840948027327,121.17959664560257,346.43722231494394,327.86273469538617,-94.0543252151129,2,a5803f8a5d9d87202b43d709cb328cedaf18c446af448f705c33d553e8c2e9f7,5170ec511fb50cdf10d648416d508574d70e9781ddf156a1b2a86d2b385e94dc,100,1729,maximum_nontransitivity_disagreement_gain,2000.0,3000.0
kata1-b6c96-s1995008-d1329786-temp-0.3,52,227.27294341346547,117.09855851212752,337.4473283148034,327.86273469538617,-100.5897912819207,2,a5803f8a5d9d87202b43d709cb328cedaf18c446af448f705c33d553e8c2e9f7,5170ec511fb50cdf10d648416d508574d70e9781ddf156a1b2a86d2b385e94dc,100,1729,maximum_nontransitivity_disagreement_gain,2000.0,3000.0
kata1-b6c96-s1995008-d1329786-temp-0.3,54,230.62982852201918,122.7561260273996,338.50353101663876,327.86273469538617,-97.23290617336698,2,a5803f8a5d9d87202b43d709cb328cedaf18c446af448f705c33d553e8c2e9f7,5170ec511fb50cdf10d648416d508574d70e9781ddf156a1b2a86d2b385e94dc,100,1729,maximum_nontransitivity_disagreement_gain,2000.0,3000.0
kata1-b6c96-s1995008-d1329786-temp-0.3,56,241.22613251655335,135.15478980282637,347.2974752302803,327.86273469538617,-86.63660217883282,2,a5803f8a5d9d87202b43d709cb328cedaf18c446af448f705c33d553e8c2e9f7,5170ec511fb50cdf10d648416d508574d70e9781ddf156a1b2a86d2b385e94dc,100,1729,maximum_nontransitivity_disagreement_gain,2000.0,3000.0
kata1-b6c96-s1995008-d1329786-temp-0.3,58,235.14431026597052,131.1418091225823,339.14681140935875,327.86273469538617,-92.71842442941565,2,a5803f8a5d9d87202b43d709cb328cedaf18c446af448f705c33d553e8c2e9f7,5170ec511fb50cdf10d648416d508574d70e9781ddf156a1b2a86d2b385e94dc,100,1729,maximum_nontransitivity_disagreement_gain,2000.0,3000.0
kata1-b6c96-s1995008-d1329786-temp-0.3,60,222.73517752810648,120.93198568297903,324.53836937323393,327.86273469538617,-105.12755716727969,2,a5803f8a5d9d87202b43d709cb328cedaf18c446af448f705c33d553e8c2e9f7,5170ec511fb50cdf10d648416d508574d70e9781ddf156a1b2a86d2b385e94dc,100,1729,maximum_nontransitivity_disagreement_gain,2000.0,3000.0
kata1-b6c96-s1995008-d1329786-temp-0.3,62,232.45075304738606,132.1958973110643,332.7056087837078,327.86273469538617,-95.41198164800011,2,a5803f8a5d9d87202b43d709cb328cedaf18c446af448f705c33d553e8c2e9f7,5170ec511fb50cdf10d648416d508574d70e9781ddf156a1b2a86d2b385e94dc,100,1729,maximum_nontransitivity_disagreement_gain,2000.0,3000.0
kata1-b6c96-s1995008-d1329786-temp-0.3,64,213.07447696228445,114.82666770165297,311.3222862229159,327.86273469538617,-114.78825773310172,2,a5803f8a5d9d87202b43d709cb328cedaf18c446af448f705c33d553e8c2e9f7,5170ec511fb50cdf10d648416d508574d70e9781ddf156a1b2a86d2b385e94dc,100,1729,maximum_nontransitivity_disagreement_gain,2000.0,3000.0
kata1-b6c96-s1995008-d1329786-temp-0.3,66,229.84857851176423,132.99722413181308,326.6999328917154,327.86273469538617,-98.01415618362194,2,a5803f8a5d9d87202b43d709cb328cedaf18c446af448f705c33d553e8c2e9f7,5170ec511fb50cdf10d648416d508574d70e9781ddf156a1b2a86d2b385e94dc,100,1729,maximum_nontransitivity_disagreement_gain,2000.0,3000.0
kata1-b6c96-s1995008-d1329786-temp-0.3,68,219.23171888204064,124.11626349144811,314.3471742726332,327.86273469538617,-108.63101581334553,2,a5803f8a5d9d87202b43d709cb328cedaf18c446af448f705c33d553e8c2e9f7,5170ec511fb50cdf10d648416d508574d70e9781ddf156a1b2a86d2b385e94dc,100,1729,maximum_nontransitivity_disagreement_gain,2000.0,3000.0
kata1-b6c96-s1995008-d1329786-temp-0.3,70,222.0318936645709,128.37346292262882,315.690324406513,327.86273469538617,-105.83084103081526,2,a5803f8a5d9d87202b43d709cb328cedaf18c446af448f705c33d553e8c2e9f7,5170ec511fb50cdf10d648416d508574d70e9781ddf156a1b2a86d2b385e94dc,100,1729,maximum_nontransitivity_disagreement_gain,2000.0,3000.0
kata1-b6c96-s1995008-d1329786-temp-0.3,72,224.65702295055283,132.39162457752062,316.922421323585,327.86273469538617,-103.20571174483334,2,a5803f8a5d9d87202b43d709cb328cedaf18c446af448f705c33d553e8c2e9f7,5170ec511fb50cdf10d648416d508574d70e9781ddf156a1b2a86d2b385e94dc,100,1729,maximum_nontransitivity_disagreement_gain,2000.0,3000.0
kata1-b6c96-s1995008-d1329786-temp-0.3,74,227.12257034622874,136.19020804229356,318.0549326501639,327.86273469538617,-100.74016434915742,2,a5803f8a5d9d87202b43d709cb328cedaf18c446af448f705c33d553e8c2e9f7,5170ec511fb50cdf10d648416d508574d70e9781ddf156a1b2a86d2b385e94dc,100,1729,maximum_nontransitivity_disagreement_gain,2000.0,3000.0
kata1-b6c96-s1995008-d1329786-temp-0.3,76,223.02091378379836,133.362519312912,312.6793082546847,327.86273469538617,-104.8418209115878,2,a5803f8a5d9d87202b43d709cb328cedaf18c446af448f705c33d553e8c2e9f7,5170ec511fb50cdf10d648416d508574d70e9781ddf156a1b2a86d2b385e94dc,100,1729,maximum_nontransitivity_disagreement_gain,2000.0,3000.0
kata1-b6c96-s1995008-d1329786-temp-0.3,78,214.12139448657223,125.75034261514587,302.4924463579986,327.86273469538617,-113.74134020881394,2,a5803f8a5d9d87202b43d709cb328cedaf18c446af448f705c33d553e8c2e9f7,5170ec511fb50cdf10d648416d508574d70e9781ddf156a1b2a86d2b385e94dc,100,1729,maximum_nontransitivity_disagreement_gain,2000.0,3000.0
kata1-b6c96-s1995008-d1329786-temp-0.3,80,221.69130236094435,134.40757549505886,308.97502922682986,327.86273469538617,-106.17143233444182,2,a5803f8a5d9d87202b43d709cb328cedaf18c446af448f705c33d553e8c2e9f7,5170ec511fb50cdf10d648416d508574d70e9781ddf156a1b2a86d2b385e94dc,100,1729,maximum_nontransitivity_disagreement_gain,2000.0,3000.0
kata1-b6c96-s1995008-d1329786-temp-0.3,82,228.88043445951234,142.59839927511757,315.1624696439071,327.86273469538617,-98.98230023587382,2,a5803f8a5d9d87202b43d709cb328cedaf18c446af448f705c33d553e8c2e9f7,5170ec511fb50cdf10d648416d508574d70e9781ddf156a1b2a86d2b385e94dc,100,1729,maximum_nontransitivity_disagreement_gain,2000.0,3000.0
kata1-b6c96-s1995008-d1329786-temp-0.3,84,225.14266919453308,139.95548893152161,310.3298494575446,327.86273469538617,-102.72006550085308,2,a5803f8a5d9d87202b43d709cb328cedaf18c446af448f705c33d553e8c2e9f7,5170ec511fb50cdf10d648416d508574d70e9781ddf156a1b2a86d2b385e94dc,100,1729,maximum_nontransitivity_disagreement_gain,2000.0,3000.0
kata1-b6c96-s1995008-d1329786-temp-0.3,86,231.90317430282576,147.6128508852355,316.193497720416,327.86273469538617,-95.9595603925604,2,a5803f8a5d9d87202b43d709cb328cedaf18c446af448f705c33d553e8c2e9f7,5170ec511fb50cdf10d648416d508574d70e9781ddf156a1b2a86d2b385e94dc,100,1729,maximum_nontransitivity_disagreement_gain,2000.0,3000.0
kata1-b6c96-s1995008-d1329786-temp-0.3,88,228.26858466122638,145.00594169588422,311.5312276265686,327.86273469538617,-99.59415003415978,2,a5803f8a5d9d87202b43d709cb328cedaf18c446af448f705c33d553e8c2e9f7,5170ec511fb50cdf10d648416d508574d70e9781ddf156a1b2a86d2b385e94dc,100,1729,maximum_nontransitivity_disagreement_gain,2000.0,3000.0
kata1-b6c96-s1995008-d1329786-temp-0.3,90,230.2009970075994,147.90120802327846,312.50078599192034,327.86273469538617,-97.66173768778677,2,a5803f8a5d9d87202b43d709cb328cedaf18c446af448f705c33d553e8c2e9f7,5170ec511fb50cdf10d648416d508574d70e9781ddf156a1b2a86d2b385e94dc,100,1729,maximum_nontransitivity_disagreement_gain,2000.0,3000.0
kata1-b6c96-s1995008-d1329786-temp-0.3,92,232.03965705203993,150.66985496748987,313.40945913659,327.86273469538617,-95.82307764334624,2,a5803f8a5d9d87202b43d709cb328cedaf18c446af448f705c33d553e8c2e9f7,5170ec511fb50cdf10d648416d508574d70e9781ddf156a1b2a86d2b385e94dc,100,1729,maximum_nontransitivity_disagreement_gain,2000.0,3000.0
kata1-b6c96-s1995008-d1329786-temp-0.3,94,228.65345240301824,148.20213104336605,309.10477376267045,327.86273469538617,-99.20928229236793,2,a5803f8a5d9d87202b43d709cb328cedaf18c446af448f705c33d553e8c2e9f7,5170ec511fb50cdf10d648416d508574d70e9781ddf156a1b2a86d2b385e94dc,100,1729,maximum_nontransitivity_disagreement_gain,2000.0,3000.0
kata1-b6c96-s1995008-d1329786-temp-0.3,96,230.39977113519083,150.82067571101544,309.9788665593662,327.86273469538617,-97.46296356019533,2,a5803f8a5d9d87202b43d709cb328cedaf18c446af448f705c33d553e8c2e9f7,5170ec511fb50cdf10d648416d508574d70e9781ddf156a1b2a86d2b385e94dc,100,1729,maximum_nontransitivity_disagreement_gain,2000.0,3000.0
kata1-b6c96-s1995008-d1329786-temp-0.3,98,232.10729548657687,153.3654842483007,310.8491067248531,327.86273469538617,-95.75543920880929,2,a5803f8a5d9d87202b43d709cb328cedaf18c446af448f705c33d553e8c2e9f7,5170ec511fb50cdf10d648416d508574d70e9781ddf156a1b2a86d2b385e94dc,100,1729,maximum_nontransitivity_disagreement_gain,2000.0,3000.0
kata1-b6c96-s1995008-d1329786-temp-0.3,100,233.73896191262818,155.8078867344362,311.6700370908202,327.86273469538617,-94.12377278275798,2,a5803f8a5d9d87202b43d709cb328cedaf18c446af448f705c33d553e8c2e9f7,5170ec511fb50cdf10d648416d508574d70e9781ddf156a1b2a86d2b385e94dc,100,1729,maximum_nontransitivity_disagreement_gain,2000.0,3000.0
kata1-b6c96-s4136960-d1510003-temp-0.9,2,1154.7920931582207,-1282.208635603714,3591.7928219201553,440.2639553606597,714.528137797561,2,a5803f8a5d9d87202b43d709cb328cedaf18c446af448f705c33d553e8c2e9f7,5170ec511fb50cdf10d648416d508574d70e9781ddf156a1b2a86d2b385e94dc,100,1729,maximum_nontransitivity_disagreement_gain,2000.0,3000.0
kata1-b6c96-s4136960-d1510003-temp-0.9,4,403.99924540389543,-1454.0658261389212,2262.064316946712,440.2639553606597,-36.26470995676425,2,a5803f8a5d9d87202b43d709cb328cedaf18c446af448f705c33d553e8c2e9f7,5170ec511fb50cdf10d648416d508574d70e9781ddf156a1b2a86d2b385e94dc,100,1729,maximum_nontransitivity_disagreement_gain,2000.0,3000.0
kata1-b6c96-s4136960-d1510003-temp-0.9,6,293.1366822338071,-1502.4068266806992,2088.6801911483135,440.2639553606597,-147.12727312685257,2,a5803f8a5d9d87202b43d709cb328cedaf18c446af448f705c33d553e8c2e9f7,5170ec511fb50cdf10d648416d508574d70e9781ddf156a1b2a86d2b385e94dc,100,1729,maximum_nontransitivity_disagreement_gain,2000.0,3000.0
kata1-b6c96-s4136960-d1510003-temp-0.9,8,313.00946049192913,-173.367947288808,799.3868682726663,440.2639553606597,-127.25449486873055,2,a5803f8a5d9d87202b43d709cb328cedaf18c446af448f705c33d553e8c2e9f7,5170ec511fb50cdf10d648416d508574d70e9781ddf156a1b2a86d2b385e94dc,100,1729,maximum_nontransitivity_disagreement_gain,2000.0,3000.0
kata1-b6c96-s4136960-d1510003-temp-0.9,10,506.79059264774963,135.49738360239127,878.083801693108,440.2639553606597,66.52663728708995,2,a5803f8a5d9d87202b43d709cb328cedaf18c446af448f705c33d553e8c2e9f7,5170ec511fb50cdf10d648416d508574d70e9781ddf156a1b2a86d2b385e94dc,100,1729,maximum_nontransitivity_disagreement_gain,2000.0,3000.0
kata1-b6c96-s4136960-d1510003-temp-0.9,12,454.81563635432593,159.01938589118544,750.6118868174665,440.2639553606597,14.551680993666253,2,a5803f8a5d9d87202b43d709cb328cedaf18c446af448f705c33d553e8c2e9f7,5170ec511fb50cdf10d648416d508574d70e9781ddf156a1b2a86d2b385e94dc,100,1729,maximum_nontransitivity_disagreement_gain,2000.0,3000.0
kata1-b6c96-s4136960-d1510003-temp-0.9,14,421.57373149566894,164.64099079987574,678.5064721914621,440.2639553606597,-18.69022386499074,2,a5803f8a5d9d87202b43d709cb328cedaf18c446af448f705c33d553e8c2e9f7,5170ec511fb50cdf10d648416d508574d70e9781ddf156a1b2a86d2b385e94dc,100,1729,maximum_nontransitivity_disagreement_gain,2000.0,3000.0
kata1-b6c96-s4136960-d1510003-temp-0.9,16,322.6568006907548,91.77962610382656,553.533975277683,440.2639553606597,-117.6071546699049,2,a5803f8a5d9d87202b43d709cb328cedaf18c446af448f705c33d553e8c2e9f7,5170ec511fb50cdf10d648416d508574d70e9781ddf156a1b2a86d2b385e94dc,100,1729,maximum_nontransitivity_disagreement_gain,2000.0,3000.0
kata1-b6c96-s4136960-d1510003-temp-0.9,18,386.7524926980219,177.06622319223922,596.4387622038046,440.2639553606597,-53.51146266263777,2,a5803f8a5d9d87202b43d709cb328cedaf18c446af448f705c33d553e8c2e9f7,5170ec511fb50cdf10d648416d508574d70e9781ddf156a1b2a86d2b385e94dc,100,1729,maximum_nontransitivity_disagreement_gain,2000.0,3000.0
kata1-b6c96-s4136960-d1510003-temp-0.9,20,433.964675684325,237.21401731800225,630.7153340506478,440.2639553606597,-6.299279676334663,2,a5803f8a5d9d87202b43d709cb328cedaf18c446af448f705c33d553e8c2e9f7,5170ec511fb50cdf10d648416d508574d70e9781ddf156a1b2a86d2b385e94dc,100,1729,maximum_nontransitivity_disagreement_gain,2000.0,3000.0
kata1-b6c96-s4136960-d1510003-temp-0.9,22,494.1198861264427,305.5030385715317,682.7367336813536,440.2639553606597,53.855930765783,2,a5803f8a5d9d87202b43d709cb328cedaf18c446af448f705c33d553e8c2e9f7,5170ec511fb50cdf10d648416d508574d70e9781ddf156a1b2a86d2b385e94dc,100,1729,maximum_nontransitivity_disagreement_gain,2000.0,3000.0
kata1-b6c96-s4136960-d1510003-temp-0.9,24,471.89657984933456,296.8658146708128,646.9273450278563,440.2639553606597,31.632624488674878,2,a5803f8a5d9d87202b43d709cb328cedaf18c446af448f705c33d553e8c2e9f7,5170ec511fb50cdf10d648416d508574d70e9781ddf156a1b2a86d2b385e94dc,100,1729,maximum_nontransitivity_disagreement_gain,2000.0,3000.0
kata1-b6c96-s4136960-d1510003-temp-0.9,26,434.7005298538379,270.6397528839962,598.7613068236797,440.2639553606597,-5.563425506821773,2,a5803f8a5d9d87202b43d709cb328cedaf18c446af448f705c33d553e8c2e9f7,5170ec511fb50cdf10d648416d508574d70e9781ddf156a1b2a86d2b385e94dc,100,1729,maximum_nontransitivity_disagreement_gain,2000.0,3000.0
kata1-b6c96-s4136960-d1510003-temp-0.9,28,404.7545405376235,248.48572930719618,561.0233517680508,440.2639553606597,-35.509414823036195,2,a5803f8a5d9d87202b43d709cb328cedaf18c446af448f705c33d553e8c2e9f7,5170ec511fb50cdf10d648416d508574d70e9781ddf156a1b2a86d2b385e94dc,100,1729,maximum_nontransitivity_disagreement_gain,2000.0,3000.0
kata1-b6c96-s4136960-d1510003-temp-0.9,30,397.0092775179299,247.24849087509696,546.7700641607628,440.2639553606597,-43.25467784272979,2,a5803f8a5d9d87202b43d709cb328cedaf18c446af448f705c33d553e8c2e9f7,5170ec511fb50cdf10d648416d508574d70e9781ddf156a1b2a86d2b385e94dc,100,1729,maximum_nontransitivity_disagreement_gain,2000.0,3000.0
kata1-b6c96-s4136960-d1510003-temp-0.9,32,359.7029059702122,215.2090645377255,504.1967474026989,440.2639553606597,-80.56104939044747,2,a5803f8a5d9d87202b43d709cb328cedaf18c446af448f705c33d553e8c2e9f7,5170ec511fb50cdf10d648416d508574d70e9781ddf156a1b2a86d2b385e94dc,100,1729,maximum_nontransitivity_disagreement_gain,2000.0,3000.0
kata1-b6c96-s4136960-d1510003-temp-0.9,34,356.88367031805575,217.7246005330822,496.0427401030293,440.2639553606597,-83.38028504260393,2,a5803f8a5d9d87202b43d709cb328cedaf18c446af448f705c33d553e8c2e9f7,5170ec511fb50cdf10d648416d508574d70e9781ddf156a1b2a86d2b385e94dc,100,1729,maximum_nontransitivity_disagreement_gain,2000.0,3000.0
kata1-b6c96-s4136960-d1510003-temp-0.9,36,354.4564419511295,220.0857764486418,488.82710745361715,440.2639553606597,-85.8075134095302,2,a5803f8a5d9d87202b43d709cb328cedaf18c446af448f705c33d553e8c2e9f7,5170ec511fb50cdf10d648416d508574d70e9781ddf156a1b2a86d2b385e94dc,100,1729,maximum_nontransitivity_disagreement_gain,2000.0,3000.0
kata1-b6c96-s4136960-d1510003-temp-0.9,38,352.34587985134027,222.3021436357138,482.3896160669667,440.2639553606597,-87.91807550931941,2,a5803f8a5d9d87202b43d709cb328cedaf18c446af448f705c33d553e8c2e9f7,5170ec511fb50cdf10d648416d508574d70e9781ddf156a1b2a86d2b385e94dc,100,1729,maximum_nontransitivity_disagreement_gain,2000.0,3000.0
kata1-b6c96-s4136960-d1510003-temp-0.9,40,326.4469717476534,199.68712142905702,453.20682206624974,440.2639553606597,-113.8169836130063,2,a5803f8a5d9d87202b43d709cb328cedaf18c446af448f705c33d553e8c2e9f7,5170ec511fb50cdf10d648416d508574d70e9781ddf156a1b2a86d2b385e94dc,100,1729,maximum_nontransitivity_disagreement_gain,2000.0,3000.0
kata1-b6c96-s4136960-d1510003-temp-0.9,42,348.0219871955815,225.44616397777753,470.5978104133855,440.2639553606597,-92.24196816507816,2,a5803f8a5d9d87202b43d709cb328cedaf18c446af448f705c33d553e8c2e9f7,5170ec511fb50cdf10d648416d508574d70e9781ddf156a1b2a86d2b385e94dc,100,1729,maximum_nontransitivity_disagreement_gain,2000.0,3000.0
kata1-b6c96-s4136960-d1510003-temp-0.9,44,356.6817115307069,237.50433193606867,475.8590911253451,440.2639553606597,-83.5822438299528,2,a5803f8a5d9d87202b43d709cb328cedaf18c446af448f705c33d553e8c2e9f7,5170ec511fb50cdf10d648416d508574d70e9781ddf156a1b2a86d2b385e94dc,100,1729,maximum_nontransitivity_disagreement_gain,2000.0,3000.0
kata1-b6c96-s4136960-d1510003-temp-0.9,46,374.76902095267457,258.6865882246834,490.8514536806657,440.2639553606597,-65.49493440798511,2,a5803f8a5d9d87202b43d709cb328cedaf18c446af448f705c33d553e8c2e9f7,5170ec511fb50cdf10d648416d508574d70e9781ddf156a1b2a86d2b385e94dc,100,1729,maximum_nontransitivity_disagreement_gain,2000.0,3000.0
kata1-b6c96-s4136960-d1510003-temp-0.9,48,372.18619179515053,258.9199640403385,485.45241954996254,440.2639553606597,-68.07776356550914,2,a5803f8a5d9d87202b43d709cb328cedaf18c446af448f705c33d553e8c2e9f7,5170ec511fb50cdf10d648416d508574d70e9781ddf156a1b2a86d2b385e94dc,100,1729,maximum_nontransitivity_disagreement_gain,2000.0,3000.0
kata1-b6c96-s4136960-d1510003-temp-0.9,50,369.8460976118346,259.19800670187385,480.4941885217953,440.2639553606597,-70.4178577488251,2,a5803f8a5d9d87202b43d709cb328cedaf18c446af448f705c33d553e8c2e9f7,5170ec511fb50cdf10d648416d508574d70e9781ddf156a1b2a86d2b385e94dc,100,1729,maximum_nontransitivity_disagreement_gain,2000.0,3000.0
kata1-b6c96-s4136960-d1510003-temp-0.9,52,384.9350075803074,276.58959189065206,493.28042326996274,440.2639553606597,-55.32894778035228,2,a5803f8a5d9d87202b43d709cb328cedaf18c446af448f705c33d553e8c2e9f7,5170ec511fb50cdf10d648416d508574d70e9781ddf156a1b2a86d2b385e94dc,100,1729,maximum_nontransitivity_disagreement_gain,2000.0,3000.0
kata1-b6c96-s4136960-d1510003-temp-0.9,54,398.7860537928437,292.4566245039427,505.1154830817447,440.2639553606597,-41.47790156781599,2,a5803f8a5d9d87202b43d709cb328cedaf18c446af448f705c33d553e8c2e9f7,5170ec511fb50cdf10d648416d508574d70e9781ddf156a1b2a86d2b385e94dc,100,1729,maximum_nontransitivity_disagreement_gain,2000.0,3000.0
kata1-b6c96-s4136960-d1510003-temp-0.9,56,395.63845246675544,291.4911979354516,499.78570699805925,440.2639553606597,-44.62550289390424,2,a5803f8a5d9d87202b43d709cb328cedaf18c446af448f705c33d553e8c2e9f7,5170ec511fb50cdf10d648416d508574d70e9781ddf156a1b2a86d2b385e94dc,100,1729,maximum_nontransitivity_disagreement_gain,2000.0,3000.0
kata1-b6c96-s4136960-d1510003-temp-0.9,58,408.04267104379545,305.58233290420935,510.50300918338155,440.2639553606597,-32.22128431686423,2,a5803f8a5d9d87202b43d709cb328cedaf18c446af448f705c33d553e8c2e9f7,5170ec511fb50cdf10d648416d508574d70e9781ddf156a1b2a86d2b385e94dc,100,1729,maximum_nontransitivity_disagreement_gain,2000.0,3000.0
kata1-b6c96-s4136960-d1510003-temp-0.9,60,404.7743403598708,304.2763687804855,505.2723119392561,440.2639553606597,-35.48961500078889,2,a5803f8a5d9d87202b43d709cb328cedaf18c446af448f705c33d553e8c2e9f7,5170ec511fb50cdf10d648416d508574d70e9781ddf156a1b2a86d2b385e94dc,100,1729,maximum_nontransitivity_disagreement_gain,2000.0,3000.0
kata1-b6c96-s4136960-d1510003-temp-0.9,62,401.7473897612112,303.0987822376558,500.39599728476657,440.2639553606597,-38.516565599448484,2,a5803f8a5d9d87202b43d709cb328cedaf18c446af448f705c33d553e8c2e9f7,5170ec511fb50cdf10d648416d508574d70e9781ddf156a1b2a86d2b385e94dc,100,1729,maximum_nontransitivity_disagreement_gain,2000.0,3000.0
kata1-b6c96-s4136960-d1510003-temp-0.9,64,412.67793640324436,315.39909330345733,509.9567795030314,440.2639553606597,-27.58601895741532,2,a5803f8a5d9d87202b43d709cb328cedaf18c446af448f705c33d553e8c2e9f7,5170ec511fb50cdf10d648416d508574d70e9781ddf156a1b2a86d2b385e94dc,100,1729,maximum_nontransitivity_disagreement_gain,2000.0,3000.0
kata1-b6c96-s4136960-d1510003-temp-0.9,66,422.9445094163794,326.9069825226174,518.9820363101414,440.2639553606597,-17.31944594428029,2,a5803f8a5d9d87202b43d709cb328cedaf18c446af448f705c33d553e8c2e9f7,5170ec511fb50cdf10d648416d508574d70e9781ddf156a1b2a86d2b385e94dc,100,1729,maximum_nontransitivity_disagreement_gain,2000.0,3000.0
kata1-b6c96-s4136960-d1510003-temp-0.9,68,432.6212352624215,337.71447016199613,527.5280003628469,440.2639553606597,-7.642720098238158,2,a5803f8a5d9d87202b43d709cb328cedaf18c446af448f705c33d553e8c2e9f7,5170ec511fb50cdf10d648416d508574d70e9781ddf156a1b2a86d2b385e94dc,100,1729,maximum_nontransitivity_disagreement_gain,2000.0,3000.0
kata1-b6c96-s4136960-d1510003-temp-0.9,70,429.0468299195962,335.7269864698394,522.366673369353,440.2639553606597,-11.217125441063502,2,a5803f8a5d9d87202b43d709cb328cedaf18c446af448f705c33d553e8c2e9f7,5170ec511fb50cdf10d648416d508574d70e9781ddf156a1b2a86d2b385e94dc,100,1729,maximum_nontransitivity_disagreement_gain,2000.0,3000.0
kata1-b6c96-s4136960-d1510003-temp-0.9,72,437.9990876421214,345.6750206010951,530.3231546831477,440.2639553606597,-2.2648677185382553,2,a5803f8a5d9d87202b43d709cb328cedaf18c446af448f705c33d553e8c2e9f7,5170ec511fb50cdf10d648416d508574d70e9781ddf156a1b2a86d2b385e94dc,100,1729,maximum_nontransitivity_disagreement_gain,2000.0,3000.0
kata1-b6c96-s4136960-d1510003-temp-0.9,74,446.4987289340083,355.09172414527006,537.9057337227465,440.2639553606597,6.234773573348605,2,a5803f8a5d9d87202b43d709cb328cedaf18c446af448f705c33d553e8c2e9f7,5170ec511fb50cdf10d648416d508574d70e9781ddf156a1b2a86d2b385e94dc,100,1729,maximum_nontransitivity_disagreement_gain,2000.0,3000.0
kata1-b6c96-s4136960-d1510003-temp-0.9,76,454.5883237078982,364.02893932627177,545.1477080895247,440.2639553606597,14.324368347238533,2,a5803f8a5d9d87202b43d709cb328cedaf18c446af448f705c33d553e8c2e9f7,5170ec511fb50cdf10d648416d508574d70e9781ddf156a1b2a86d2b385e94dc,100,1729,maximum_nontransitivity_disagreement_gain,2000.0,3000.0
kata1-b6c96-s4136960-d1510003-temp-0.9,78,462.3047945995888,372.5314291755021,552.0781600236754,440.2639553606597,22.040839238929095,2,a5803f8a5d9d87202b43d709cb328cedaf18c446af448f705c33d553e8c2e9f7,5170ec511fb50cdf10d648416d508574d70e9781ddf156a1b2a86d2b385e94dc,100,1729,maximum_nontransitivity_disagreement_gain,2000.0,3000.0
kata1-b6c96-s4136960-d1510003-temp-0.9,80,469.68036526818787,380.6380964230181,558.7226341133576,440.2639553606597,29.41640990752819,2,a5803f8a5d9d87202b43d709cb328cedaf18c446af448f705c33d553e8c2e9f7,5170ec511fb50cdf10d648416d508574d70e9781ddf156a1b2a86d2b385e94dc,100,1729,maximum_nontransitivity_disagreement_gain,2000.0,3000.0
kata1-b6c96-s4136960-d1510003-temp-0.9,82,476.74331670676605,388.38295061310225,565.1036828004299,440.2639553606597,36.47936134610637,2,a5803f8a5d9d87202b43d709cb328cedaf18c446af448f705c33d553e8c2e9f7,5170ec511fb50cdf10d648416d508574d70e9781ddf156a1b2a86d2b385e94dc,100,1729,maximum_nontransitivity_disagreement_gain,2000.0,3000.0
kata1-b6c96-s4136960-d1510003-temp-0.9,84,483.5186012080833,395.79588782554094,571.2413145906256,440.2639553606597,43.2546458474236,2,a5803f8a5d9d87202b43d709cb328cedaf18c446af448f705c33d553e8c2e9f7,5170ec511fb50cdf10d648416d508574d70e9781ddf156a1b2a86d2b385e94dc,100,1729,maximum_nontransitivity_disagreement_gain,2000.0,3000.0
kata1-b6c96-s4136960-d1510003-temp-0.9,86,490.0283392100327,402.90331949653245,577.153358923533,440.2639553606597,49.76438384937302,2,a5803f8a5d9d87202b43d709cb328cedaf18c446af448f705c33d553e8c2e9f7,5170ec511fb50cdf10d648416d508574d70e9781ddf156a1b2a86d2b385e94dc,100,1729,maximum_nontransitivity_disagreement_gain,2000.0,3000.0
kata1-b6c96-s4136960-d1510003-temp-0.9,88,475.0024574155234,389.866740759147,560.1381740718998,440.2639553606597,34.738502054863716,2,a5803f8a5d9d87202b43d709cb328cedaf18c446af448f705c33d553e8c2e9f7,5170ec511fb50cdf10d648416d508574d70e9781ddf156a1b2a86d2b385e94dc,100,1729,maximum_nontransitivity_disagreement_gain,2000.0,3000.0
kata1-b6c96-s4136960-d1510003-temp-0.9,90,471.11450046567893,387.17584748721265,555.0531534441452,440.2639553606597,30.85054510501925,2,a5803f8a5d9d87202b43d709cb328cedaf18c446af448f705c33d553e8c2e9f7,5170ec511fb50cdf10d648416d508574d70e9781ddf156a1b2a86d2b385e94dc,100,1729,maximum_nontransitivity_disagreement_gain,2000.0,3000.0
kata1-b6c96-s4136960-d1510003-temp-0.9,92,467.4258473205053,384.6284894332506,550.22320520776,440.2639553606597,27.161891959845605,2,a5803f8a5d9d87202b43d709cb328cedaf18c446af448f705c33d553e8c2e9f7,5170ec511fb50cdf10d648416d508574d70e9781ddf156a1b2a86d2b385e94dc,100,1729,maximum_nontransitivity_disagreement_gain,2000.0,3000.0
kata1-b6c96-s4136960-d1510003-temp-0.9,94,473.5668408776641,391.3082849758145,555.8253967795138,440.2639553606597,33.30288551700443,2,a5803f8a5d9d87202b43d709cb328cedaf18c446af448f705c33d553e8c2e9f7,5170ec511fb50cdf10d648416d508574d70e9781ddf156a1b2a86d2b385e94dc,100,1729,maximum_nontransitivity_disagreement_gain,2000.0,3000.0
kata1-b6c96-s4136960-d1510003-temp-0.9,96,479.491275313393,397.7410841642208,561.2414664625652,440.2639553606597,39.227319952733296,2,a5803f8a5d9d87202b43d709cb328cedaf18c446af448f705c33d553e8c2e9f7,5170ec511fb50cdf10d648416d508574d70e9781ddf156a1b2a86d2b385e94dc,100,1729,maximum_nontransitivity_disagreement_gain,2000.0,3000.0
kata1-b6c96-s4136960-d1510003-temp-0.9,98,485.21361924344836,403.9439292906349,566.4833091962619,440.2639553606597,44.949663882788684,2,a5803f8a5d9d87202b43d709cb328cedaf18c446af448f705c33d553e8c2e9f7,5170ec511fb50cdf10d648416d508574d70e9781ddf156a1b2a86d2b385e94dc,100,1729,maximum_nontransitivity_disagreement_gain,2000.0,3000.0
kata1-b6c96-s4136960-d1510003-temp-0.9,100,481.46601514181975,401.25006922847564,561.6819610551638,440.2639553606597,41.202059781160074,2,a5803f8a5d9d87202b43d709cb328cedaf18c446af448f705c33d553e8c2e9f7,5170ec511fb50cdf10d648416d508574d70e9781ddf156a1b2a86d2b385e94dc,100,1729,maximum_nontransitivity_disagreement_gain,2000.0,3000.0
kata1-b6c96-s4136960-d1510003-temp-0.7,2,1156.8241182923489,-1282.590051443041,3596.2382880277387,563.7077469756265,593.1163713167224,2,a5803f8a5d9d87202b43d709cb328cedaf18c446af448f705c33d553e8c2e9f7,5170ec511fb50cdf10d648416d508574d70e9781ddf156a1b2a86d2b385e94dc,100,1729,maximum_nontransitivity_disagreement_gain,2000.0,3000.0
kata1-b6c96-s4136960-d1510003-temp-0.7,4,405.8035955842689,-1453.2558143559845,2264.8630055245226,563.7077469756265,-157.90415139135757,2,a5803f8a5d9d87202b43d709cb328cedaf18c446af448f705c33d553e8c2e9f7,5170ec511fb50cdf10d648416d508574d70e9781ddf156a1b2a86d2b385e94dc,100,1729,maximum_nontransitivity_disagreement_gain,2000.0,3000.0
kata1-b6c96-s4136960-d1510003-temp-0.7,6,294.90409554772333,-1501.510677226054,2091.3188683215008,563.7077469756265,-268.80365142790316,2,a5803f8a5d9d87202b43d709cb328cedaf18c446af448f705c33d553e8c2e9f7,5170ec511fb50cdf10d648416d508574d70e9781ddf156a1b2a86d2b385e94dc,100,1729,maximum_nontransitivity_disagreement_gain,2000.0,3000.0
kata1-b6c96-s4136960-d1510003-temp-0.7,8,320.22896501187967,-166.21496411798074,806.67289414174,563.7077469756265,-243.47878196374683,2,a5803f8a5d9d87202b43d709cb328cedaf18c446af448f705c33d553e8c2e9f7,5170ec511fb50cdf10d648416d508574d70e9781ddf156a1b2a86d2b385e94dc,100,1729,maximum_nontransitivity_disagreement_gain,2000.0,3000.0
kata1-b6c96-s4136960-d1510003-temp-0.7,10,512.7369072698855,141.85875568844864,883.6150588513224,563.7077469756265,-50.970839705741014,2,a5803f8a5d9d87202b43d709cb328cedaf18c446af448f705c33d553e8c2e9f7,5170ec511fb50cdf10d648416d508574d70e9781ddf156a1b2a86d2b385e94dc,100,1729,maximum_nontransitivity_disagreement_gain,2000.0,3000.0
kata1-b6c96-s4136960-d1510003-temp-0.7,12,510.28806320677825,211.6442288053222,808.9318976082343,563.7077469756265,-53.419683768848245,2,a5803f8a5d9d87202b43d709cb328cedaf18c446af448f705c33d553e8c2e9f7,5170ec511fb50cdf10d648416d508574d70e9781ddf156a1b2a86d2b385e94dc,100,1729,maximum_nontransitivity_disagreement_gain,2000.0,3000.0
kata1-b6c96-s4136960-d1510003-temp-0.7,14,412.2119637207734,157.30082553897265,667.1231019025741,563.7077469756265,-151.4957832548531,2,a5803f8a5d9d87202b43d709cb328cedaf18c446af448f705c33d553e8c2e9f7,5170ec511fb50cdf10d648416d508574d70e9781ddf156a1b2a86d2b385e94dc,100,1729,maximum_nontransitivity_disagreement_gain,2000.0,3000.0
kata1-b6c96-s4136960-d1510003-temp-0.7,16,473.40896738644125,242.6621035777377,704.1558311951449,563.7077469756265,-90.29877958918524,2,a5803f8a5d9d87202b43d709cb328cedaf18c446af448f705c33d553e8c2e9f7,5170ec511fb50cdf10d648416d508574d70e9781ddf156a1b2a86d2b385e94dc,100,1729,maximum_nontransitivity_disagreement_gain,2000.0,3000.0
kata1-b6c96-s4136960-d1510003-temp-0.7,18,448.93360637349423,238.23242250197563,659.6347902450128,563.7077469756265,-114.77414060213226,2,a5803f8a5d9d87202b43d709cb328cedaf18c446af448f705c33d553e8c2e9f7,5170ec511fb50cdf10d648416d508574d70e9781ddf156a1b2a86d2b385e94dc,100,1729,maximum_nontransitivity_disagreement_gain,2000.0,3000.0
kata1-b6c96-s4136960-d1510003-temp-0.7,20,488.85787210149283,289.7100370381177,688.005707164868,563.7077469756265,-74.84987487413366,2,a5803f8a5d9d87202b43d709cb328cedaf18c446af448f705c33d553e8c2e9f7,5170ec511fb50cdf10d648416d508574d70e9781ddf156a1b2a86d2b385e94dc,100,1729,maximum_nontransitivity_disagreement_gain,2000.0,3000.0
kata1-b6c96-s4136960-d1510003-temp-0.7,22,468.0513352165376,282.75149299233954,653.3511774407357,563.7077469756265,-95.65641175908888,2,a5803f8a5d9d87202b43d709cb328cedaf18c446af448f705c33d553e8c2e9f7,5170ec511fb50cdf10d648416d508574d70e9781ddf156a1b2a86d2b385e94dc,100,1729,maximum_nontransitivity_disagreement_gain,2000.0,3000.0
kata1-b6c96-s4136960-d1510003-temp-0.7,24,451.9819977033093,277.9578642820386,626.00613112458,563.7077469756265,-111.72574927231722,2,a5803f8a5d9d87202b43d709cb328cedaf18c446af448f705c33d553e8c2e9f7,5170ec511fb50cdf10d648416d508574d70e9781ddf156a1b2a86d2b385e94dc,100,1729,maximum_nontransitivity_disagreement_gain,2000.0,3000.0
kata1-b6c96-s4136960-d1510003-temp-0.7,26,480.0336193965773,312.1321653567263,647.9350734364283,563.7077469756265,-83.67412757904918,2,a5803f8a5d9d87202b43d709cb328cedaf18c446af448f705c33d553e8c2e9f7,5170ec511fb50cdf10d648416d508574d70e9781ddf156a1b2a86d2b385e94dc,100,1729,maximum_nontransitivity_disagreement_gain,2000.0,3000.0
kata1-b6c96-s4136960-d1510003-temp-0.7,28,465.5679612315999,306.3779416480295,624.7579808151703,563.7077469756265,-98.1397857440266,2,a5803f8a5d9d87202b43d709cb328cedaf18c446af448f705c33d553e8c2e9f7,5170ec511fb50cdf10d648416d508574d70e9781ddf156a1b2a86d2b385e94dc,100,1729,maximum_nontransitivity_disagreement_gain,2000.0,3000.0
kata1-b6c96-s4136960-d1510003-temp-0.7,30,453.60534253491755,301.84480178233275,605.3658832875024,563.7077469756265,-110.10240444070894,2,a5803f8a5d9d87202b43d709cb328cedaf18c446af448f705c33d553e8c2e9f7,5170ec511fb50cdf10d648416d508574d70e9781ddf156a1b2a86d2b385e94dc,100,1729,maximum_nontransitivity_disagreement_gain,2000.0,3000.0
kata1-b6c96-s4136960-d1510003-temp-0.7,32,475.22257571855636,327.36124437702864,623.0839070600841,563.7077469756265,-88.48517125707014,2,a5803f8a5d9d87202b43d709cb328cedaf18c446af448f705c33d553e8c2e9f7,5170ec511fb50cdf10d648416d508574d70e9781ddf156a1b2a86d2b385e94dc,100,1729,maximum_nontransitivity_disagreement_gain,2000.0,3000.0
kata1-b6c96-s4136960-d1510003-temp-0.7,34,494.3271583784704,349.67853075001466,638.9757860069262,563.7077469756265,-69.38058859715608,2,a5803f8a5d9d87202b43d709cb328cedaf18c446af448f705c33d553e8c2e9f7,5170ec511fb50cdf10d648416d508574d70e9781ddf156a1b2a86d2b385e94dc,100,1729,maximum_nontransitivity_disagreement_gain,2000.0,3000.0
kata1-b6c96-s4136960-d1510003-temp-0.7,36,511.4336298423179,369.4845284933658,653.38273119127,563.7077469756265,-52.27411713330861,2,a5803f8a5d9d87202b43d709cb328cedaf18c446af448f705c33d553e8c2e9f7,5170ec511fb50cdf10d648416d508574d70e9781ddf156a1b2a86d2b385e94dc,100,1729,maximum_nontransitivity_disagreement_gain,2000.0,3000.0
kata1-b6c96-s4136960-d1510003-temp-0.7,38,526.9146122891602,387.27044894648975,666.5587756318307,563.7077469756265,-36.79313468646626,2,a5803f8a5d9d87202b43d709cb328cedaf18c446af448f705c33d553e8c2e9f7,5170ec511fb50cdf10d648416d508574d70e9781ddf156a1b2a86d2b385e94dc,100,1729,maximum_nontransitivity_disagreement_gain,2000.0,3000.0
kata1-b6c96-s4136960-d1510003-temp-0.7,40,541.0483210679873,403.3986215005108,678.6980206354639,563.7077469756265,-22.65942590763916,2,a5803f8a5d9d87202b43d709cb328cedaf18c446af448f705c33d553e8c2e9f7,5170ec511fb50cdf10d648416d508574d70e9781ddf156a1b2a86d2b385e94dc,100,1729,maximum_nontransitivity_disagreement_gain,2000.0,3000.0
kata1-b6c96-s4136960-d1510003-temp-0.7,42,527.6902945595782,395.4471167449841,659.9334723741723,563.7077469756265,-36.017452416048286,2,a5803f8a5d9d87202b43d709cb328cedaf18c446af448f705c33d553e8c2e9f7,5170ec511fb50cdf10d648416d508574d70e9781ddf156a1b2a86d2b385e94dc,100,1729,maximum_nontransitivity_disagreement_gain,2000.0,3000.0
kata1-b6c96-s4136960-d1510003-temp-0.7,44,540.3657358071686,409.7754655499433,670.9560060643938,563.7077469756265,-23.34201116845793,2,a5803f8a5d9d87202b43d709cb328cedaf18c446af448f705c33d553e8c2e9f7,5170ec511fb50cdf10d648416d508574d70e9781ddf156a1b2a86d2b385e94dc,100,1729,maximum_nontransitivity_disagreement_gain,2000.0,3000.0
kata1-b6c96-s4136960-d1510003-temp-0.7,46,552.1281543972918,423.0041772305265,681.2521315640572,563.7077469756265,-11.579592578334655,2,a5803f8a5d9d87202b43d709cb328cedaf18c446af448f705c33d553e8c2e9f7,5170ec511fb50cdf10d648416d508574d70e9781ddf156a1b2a86d2b385e94dc,100,1729,maximum_nontransitivity_disagreement_gain,2000.0,3000.0
kata1-b6c96-s4136960-d1510003-temp-0.7,48,563.0987367609304,435.28570816509375,690.911765356767,563.7077469756265,-0.6090102146961272,2,a5803f8a5d9d87202b43d709cb328cedaf18c446af448f705c33d553e8c2e9f7,5170ec511fb50cdf10d648416d508574d70e9781ddf156a1b2a86d2b385e94dc,100,1729,maximum_nontransitivity_disagreement_gain,2000.0,3000.0
kata1-b6c96-s4136960-d1510003-temp-0.7,50,573.3762443819107,446.74338312562475,700.0091056381967,563.7077469756265,9.668497406284246,2,a5803f8a5d9d87202b43d709cb328cedaf18c446af448f705c33d553e8c2e9f7,5170ec511fb50cdf10d648416d508574d70e9781ddf156a1b2a86d2b385e94dc,100,1729,maximum_nontransitivity_disagreement_gain,2000.0,3000.0
kata1-b6c96-s4136960-d1510003-temp-0.7,52,560.5547201468976,438.413203534161,682.6962367596341,563.7077469756265,-3.153026828728912,2,a5803f8a5d9d87202b43d709cb328cedaf18c446af448f705c33d553e8c2e9f7,5170ec511fb50cdf10d648416d508574d70e9781ddf156a1b2a86d2b385e94dc,100,1729,maximum_nontransitivity_disagreement_gain,2000.0,3000.0
kata1-b6c96-s4136960-d1510003-temp-0.7,54,570.0496276840271,448.9352149693163,691.1640403987378,563.7077469756265,6.341880708400595,2,a5803f8a5d9d87202b43d709cb328cedaf18c446af448f705c33d553e8c2e9f7,5170ec511fb50cdf10d648416d508574d70e9781ddf156a1b2a86d2b385e94dc,100,1729,maximum_nontransitivity_disagreement_gain,2000.0,3000.0
kata1-b6c96-s4136960-d1510003-temp-0.7,56,579.023562074344,458.84646139609947,699.2006627525885,563.7077469756265,15.315815098717508,2,a5803f8a5d9d87202b43d709cb328cedaf18c446af448f705c33d553e8c2e9f7,5170ec511fb50cdf10d648416d508574d70e9781ddf156a1b2a86d2b385e94dc,100,1729,maximum_nontransitivity_disagreement_gain,2000.0,3000.0
kata1-b6c96-s4136960-d1510003-temp-0.7,58,587.5301555850301,468.2124136146926,706.8478975553676,563.7077469756265,23.822408609403624,2,a5803f8a5d9d87202b43d709cb328cedaf18c446af448f705c33d553e8c2e9f7,5170ec511fb50cdf10d648416d508574d70e9781ddf156a1b2a86d2b385e94dc,100,1729,maximum_nontransitivity_disagreement_gain,2000.0,3000.0
kata1-b6c96-s4136960-d1510003-temp-0.7,60,595.6152253693436,477.08870986867737,714.1417408700099,563.7077469756265,31.907478393717156,2,a5803f8a5d9d87202b43d709cb328cedaf18c446af448f705c33d553e8c2e9f7,5170ec511fb50cdf10d648416d508574d70e9781ddf156a1b2a86d2b385e94dc,100,1729,maximum_nontransitivity_disagreement_gain,2000.0,3000.0
kata1-b6c96-s4136960-d1510003-temp-0.7,62,583.6405341885054,468.96352688573796,698.3175414912728,563.7077469756265,19.932787212878907,2,a5803f8a5d9d87202b43d709cb328cedaf18c446af448f705c33d553e8c2e9f7,5170ec511fb50cdf10d648416d508574d70e9781ddf156a1b2a86d2b385e94dc,100,1729,maximum_nontransitivity_disagreement_gain,2000.0,3000.0
kata1-b6c96-s4136960-d1510003-temp-0.7,64,591.2383453552638,477.27035868325845,705.2063320272692,563.7077469756265,27.530598379637354,2,a5803f8a5d9d87202b43d709cb328cedaf18c446af448f705c33d553e8c2e9f7,5170ec511fb50cdf10d648416d508574d70e9781ddf156a1b2a86d2b385e94dc,100,1729,maximum_nontransitivity_disagreement_gain,2000.0,3000.0
kata1-b6c96-s4136960-d1510003-temp-0.7,66,598.4996212504235,485.19005011015383,711.8091923906932,563.7077469756265,34.79187427479701,2,a5803f8a5d9d87202b43d709cb328cedaf18c446af448f705c33d553e8c2e9f7,5170ec511fb50cdf10d648416d508574d70e9781ddf156a1b2a86d2b385e94dc,100,1729,maximum_nontransitivity_disagreement_gain,2000.0,3000.0
kata1-b6c96-s4136960-d1510003-temp-0.7,68,605.4526460576286,492.75639279173953,718.1488993235178,563.7077469756265,41.74489908200212,2,a5803f8a5d9d87202b43d709cb328cedaf18c446af448f705c33d553e8c2e9f7,5170ec511fb50cdf10d648416d508574d70e9781ddf156a1b2a86d2b385e94dc,100,1729,maximum_nontransitivity_disagreement_gain,2000.0,3000.0
kata1-b6c96-s4136960-d1510003-temp-0.7,70,612.122302117212,499.99899737869595,724.245606855728,563.7077469756265,48.41455514158554,2,a5803f8a5d9d87202b43d709cb328cedaf18c446af448f705c33d553e8c2e9f7,5170ec511fb50cdf10d648416d508574d70e9781ddf156a1b2a86d2b385e94dc,100,1729,maximum_nontransitivity_disagreement_gain,2000.0,3000.0
kata1-b6c96-s4136960-d1510003-temp-0.7,72,618.5306066382758,506.9439617348518,730.1172515416997,563.7077469756265,54.82285966264931,2,a5803f8a5d9d87202b43d709cb328cedaf18c446af448f705c33d553e8c2e9f7,5170ec511fb50cdf10d648416d508574d70e9781ddf156a1b2a86d2b385e94dc,100,1729,maximum_nontransitivity_disagreement_gain,2000.0,3000.0
kata1-b6c96-s4136960-d1510003-temp-0.7,74,615.8144241390243,506.2061403353831,725.4227079426654,563.7077469756265,52.10667716339776,2,a5803f8a5d9d87202b43d709cb328cedaf18c446af448f705c33d553e8c2e9f7,5170ec511fb50cdf10d648416d508574d70e9781ddf156a1b2a86d2b385e94dc,100,1729,maximum_nontransitivity_disagreement_gain,2000.0,3000.0
kata1-b6c96-s4136960-d1510003-temp-0.7,76,621.8360585728783,512.7104692098005,730.9616479359561,563.7077469756265,58.12831159725181,2,a5803f8a5d9d87202b43d709cb328cedaf18c446af448f705c33d553e8c2e9f7,5170ec511fb50cdf10d648416d508574d70e9781ddf156a1b2a86d2b385e94dc,100,1729,maximum_nontransitivity_disagreement_gain,2000.0,3000.0
kata1-b6c96-s4136960-d1510003-temp-0.7,78,627.6440983052115,518.9734261392787,736.3147704711444,563.7077469756265,63.93635132958502,2,a5803f8a5d9d87202b43d709cb328cedaf18c446af448f705c33d553e8c2e9f7,5170ec511fb50cdf10d648416d508574d70e9781ddf156a1b2a86d2b385e94dc,100,1729,maximum_nontransitivity_disagreement_gain,2000.0,3000.0
kata1-b6c96-s4136960-d1510003-temp-0.7,80,622.580238809724,516.8842679537946,728.2762096656535,563.7077469756265,58.87249183409756,2,a5803f8a5d9d87202b43d709cb328cedaf18c446af448f705c33d553e8c2e9f7,5170ec511fb50cdf10d648416d508574d70e9781ddf156a1b2a86d2b385e94dc,100,1729,maximum_nontransitivity_disagreement_gain,2000.0,3000.0
kata1-b6c96-s4136960-d1510003-temp-0.7,82,628.0094595319281,522.7403498887173,733.2785691751388,563.7077469756265,64.3017125563016,2,a5803f8a5d9d87202b43d709cb328cedaf18c446af448f705c33d553e8c2e9f7,5170ec511fb50cdf10d648416d508574d70e9781ddf156a1b2a86d2b385e94dc,100,1729,maximum_nontransitivity_disagreement_gain,2000.0,3000.0
kata1-b6c96-s4136960-d1510003-temp-0.7,84,608.2186336409836,507.80526114309237,708.6320061388749,563.7077469756265,44.510886665357134,2,a5803f8a5d9d87202b43d709cb328cedaf18c446af448f705c33d553e8c2e9f7,5170ec511fb50cdf10d648416d508574d70e9781ddf156a1b2a86d2b385e94dc,100,1729,maximum_nontransitivity_disagreement_gain,2000.0,3000.0
kata1-b6c96-s4136960-d1510003-temp-0.7,86,590.8000617168456,494.3785916518103,687.2215317818808,563.7077469756265,27.09231474121907,2,a5803f8a5d9d87202b43d709cb328cedaf18c446af448f705c33d553e8c2e9f7,5170ec511fb50cdf10d648416d508574d70e9781ddf156a1b2a86d2b385e94dc,100,1729,maximum_nontransitivity_disagreement_gain,2000.0,3000.0
kata1-b6c96-s4136960-d1510003-temp-0.7,88,601.1653455339806,505.0521391263717,697.2785519415895,563.7077469756265,37.45759855835411,2,a5803f8a5d9d87202b43d709cb328cedaf18c446af448f705c33d553e8c2e9f7,5170ec511fb50cdf10d648416d508574d70e9781ddf156a1b2a86d2b385e94dc,100,1729,maximum_nontransitivity_disagreement_gain,2000.0,3000.0
kata1-b6c96-s4136960-d1510003-temp-0.7,90,591.6832982196236,498.2269375860218,685.1396588532253,563.7077469756265,27.975551243997074,2,a5803f8a5d9d87202b43d709cb328cedaf18c446af448f705c33d553e8c2e9f7,5170ec511fb50cdf10d648416d508574d70e9781ddf156a1b2a86d2b385e94dc,100,1729,maximum_nontransitivity_disagreement_gain,2000.0,3000.0
kata1-b6c96-s4136960-d1510003-temp-0.7,92,583.0087827560217,491.9196737348217,674.0978917772217,563.7077469756265,19.301035780395182,2,a5803f8a5d9d87202b43d709cb328cedaf18c446af448f705c33d553e8c2e9f7,5170ec511fb50cdf10d648416d508574d70e9781ddf156a1b2a86d2b385e94dc,100,1729,maximum_nontransitivity_disagreement_gain,2000.0,3000.0
kata1-b6c96-s4136960-d1510003-temp-0.7,94,592.4583715782585,501.6949973077046,683.2217458488124,563.7077469756265,28.750624602632,2,a5803f8a5d9d87202b43d709cb328cedaf18c446af448f705c33d553e8c2e9f7,5170ec511fb50cdf10d648416d508574d70e9781ddf156a1b2a86d2b385e94dc,100,1729,maximum_nontransitivity_disagreement_gain,2000.0,3000.0
kata1-b6c96-s4136960-d1510003-temp-0.7,96,589.8957767488511,500.69055202502244,679.1010014726796,563.7077469756265,26.18802977322457,2,a5803f8a5d9d87202b43d709cb328cedaf18c446af448f705c33d553e8c2e9f7,5170ec511fb50cdf10d648416d508574d70e9781ddf156a1b2a86d2b385e94dc,100,1729,maximum_nontransitivity_disagreement_gain,2000.0,3000.0
kata1-b6c96-s4136960-d1510003-temp-0.7,98,583.0619250182439,495.3999055991287,670.723944437359,563.7077469756265,19.354178042617377,2,a5803f8a5d9d87202b43d709cb328cedaf18c446af448f705c33d553e8c2e9f7,5170ec511fb50cdf10d648416d508574d70e9781ddf156a1b2a86d2b385e94dc,100,1729,maximum_nontransitivity_disagreement_gain,2000.0,3000.0
kata1-b6c96-s4136960-d1510003-temp-0.7,100,580.9909149215988,494.69912578824085,667.2827040549568,563.7077469756265,17.28316794597231,2,a5803f8a5d9d87202b43d709cb328cedaf18c446af448f705c33d553e8c2e9f7,5170ec511fb50cdf10d648416d508574d70e9781ddf156a1b2a86d2b385e94dc,100,1729,maximum_nontransitivity_disagreement_gain,2000.0,3000.0
kata1-b6c96-s6127360-d1754797-temp-0.9,2,1161.8508788363115,-1283.5566522896484,3607.2584099622713,640.4095810886414,521.4412977476701,2,a5803f8a5d9d87202b43d709cb328cedaf18c446af448f705c33d553e8c2e9f7,5170ec511fb50cdf10d648416d508574d70e9781ddf156a1b2a86d2b385e94dc,100,1729,maximum_nontransitivity_disagreement_gain,2000.0,3000.0
kata1-b6c96-s6127360-d1754797-temp-0.9,4,411.4919025669111,-1450.4212173754927,2273.405022509315,640.4095810886414,-228.9176785217303,2,a5803f8a5d9d87202b43d709cb328cedaf18c446af448f705c33d553e8c2e9f7,5170ec511fb50cdf10d648416d508574d70e9781ddf156a1b2a86d2b385e94dc,100,1729,maximum_nontransitivity_disagreement_gain,2000.0,3000.0
kata1-b6c96-s6127360-d1754797-temp-0.9,6,300.7099074648199,-1498.4090884140126,2099.828903343652,640.4095810886414,-339.6996736238215,2,a5803f8a5d9d87202b43d709cb328cedaf18c446af448f705c33d553e8c2e9f7,5170ec511fb50cdf10d648416d508574d70e9781ddf156a1b2a86d2b385e94dc,100,1729,maximum_nontransitivity_disagreement_gain,2000.0,3000.0
kata1-b6c96-s6127360-d1754797-temp-0.9,8,687.7794154563421,189.82635728529016,1185.732473627394,640.4095810886414,47.36983436770072,2,a5803f8a5d9d87202b43d709cb328cedaf18c446af448f705c33d553e8c2e9f7,5170ec511fb50cdf10d648416d508574d70e9781ddf156a1b2a86d2b385e94dc,100,1729,maximum_nontransitivity_disagreement_gain,2000.0,3000.0
kata1-b6c96-s6127360-d1754797-temp-0.9,10,888.0885689726911,540.4132260410056,1235.7639119043765,640.4095810886414,247.67898788404966,2,a5803f8a5d9d87202b43d709cb328cedaf18c446af448f705c33d553e8c2e9f7,5170ec511fb50cdf10d648416d508574d70e9781ddf156a1b2a86d2b385e94dc,100,1729,maximum_nontransitivity_disagreement_gain,2000.0,3000.0
kata1-b6c96-s6127360-d1754797-temp-0.9,12,755.0678302272818,427.49729404178305,1082.6383664127804,640.4095810886414,114.65824913864037,2,a5803f8a5d9d87202b43d709cb328cedaf18c446af448f705c33d553e8c2e9f7,5170ec511fb50cdf10d648416d508574d70e9781ddf156a1b2a86d2b385e94dc,100,1729,maximum_nontransitivity_disagreement_gain,2000.0,3000.0
kata1-b6c96-s6127360-d1754797-temp-0.9,14,727.1251124609403,411.99446308120616,1042.2557618406745,640.4095810886414,86.71553137229887,2,a5803f8a5d9d87202b43d709cb328cedaf18c446af448f705c33d553e8c2e9f7,5170ec511fb50cdf10d648416d508574d70e9781ddf156a1b2a86d2b385e94dc,100,1729,maximum_nontransitivity_disagreement_gain,2000.0,3000.0
kata1-b6c96-s6127360-d1754797-temp-0.9,16,774.4593432340298,515.3517792308769,1033.5669072371827,640.4095810886414,134.0497621453884,2,a5803f8a5d9d87202b43d709cb328cedaf18c446af448f705c33d553e8c2e9f7,5170ec511fb50cdf10d648416d508574d70e9781ddf156a1b2a86d2b385e94dc,100,1729,maximum_nontransitivity_disagreement_gain,2000.0,3000.0
kata1-b6c96-s6127360-d1754797-temp-0.9,18,872.2943573653779,660.0518964473949,1084.5368182833608,640.4095810886414,231.8847762767365,2,a5803f8a5d9d87202b43d709cb328cedaf18c446af448f705c33d553e8c2e9f7,5170ec511fb50cdf10d648416d508574d70e9781ddf156a1b2a86d2b385e94dc,100,1729,maximum_nontransitivity_disagreement_gain,2000.0,3000.0
kata1-b6c96-s6127360-d1754797-temp-0.9,20,818.0968298437743,613.837157411838,1022.3565022757107,640.4095810886414,177.68724875513294,2,a5803f8a5d9d87202b43d709cb328cedaf18c446af448f705c33d553e8c2e9f7,5170ec511fb50cdf10d648416d508574d70e9781ddf156a1b2a86d2b385e94dc,100,1729,maximum_nontransitivity_disagreement_gain,2000.0,3000.0
kata1-b6c96-s6127360-d1754797-temp-0.9,22,766.3281195689738,568.0986299411863,964.5576091967612,640.4095810886414,125.91853848033236,2,a5803f8a5d9d87202b43d709cb328cedaf18c446af448f705c33d553e8c2e9f7,5170ec511fb50cdf10d648416d508574d70e9781ddf156a1b2a86d2b385e94dc,100,1729,maximum_nontransitivity_disagreement_gain,2000.0,3000.0
kata1-b6c96-s6127360-d1754797-temp-0.9,24,724.3713928292009,531.4990350242927,917.2437506341091,640.4095810886414,83.96181174055948,2,a5803f8a5d9d87202b43d709cb328cedaf18c446af448f705c33d553e8c2e9f7,5170ec511fb50cdf10d648416d508574d70e9781ddf156a1b2a86d2b385e94dc,100,1729,maximum_nontransitivity_disagreement_gain,2000.0,3000.0
kata1-b6c96-s6127360-d1754797-temp-0.9,26,689.6012095853903,501.3255915646824,877.8768276060982,640.4095810886414,49.191628496748876,2,a5803f8a5d9d87202b43d709cb328cedaf18c446af448f705c33d553e8c2e9f7,5170ec511fb50cdf10d648416d508574d70e9781ddf156a1b2a86d2b385e94dc,100,1729,maximum_nontransitivity_disagreement_gain,2000.0,3000.0
kata1-b6c96-s6127360-d1754797-temp-0.9,28,660.171346739597,475.80485036796176,844.5378431112322,640.4095810886414,19.761765650955567,2,a5803f8a5d9d87202b43d709cb328cedaf18c446af448f705c33d553e8c2e9f7,5170ec511fb50cdf10d648416d508574d70e9781ddf156a1b2a86d2b385e94dc,100,1729,maximum_nontransitivity_disagreement_gain,2000.0,3000.0
kata1-b6c96-s6127360-d1754797-temp-0.9,30,634.7973538692383,453.76287784079545,815.8318298976812,640.4095810886414,-5.612227219403053,2,a5803f8a5d9d87202b43d709cb328cedaf18c446af448f705c33d553e8c2e9f7,5170ec511fb50cdf10d648416d508574d70e9781ddf156a1b2a86d2b385e94dc,100,1729,maximum_nontransitivity_disagreement_gain,2000.0,3000.0
kata1-b6c96-s6127360-d1754797-temp-0.9,32,612.5746593479602,434.3998615306328,790.7494571652876,640.4095810886414,-27.83492174068124,2,a5803f8a5d9d87202b43d709cb328cedaf18c446af448f705c33d553e8c2e9f7,5170ec511fb50cdf10d648416d508574d70e9781ddf156a1b2a86d2b385e94dc,100,1729,maximum_nontransitivity_disagreement_gain,2000.0,3000.0
kata1-b6c96-s6127360-d1754797-temp-0.9,34,592.8531975485249,417.15344400367553,768.5529510933743,640.4095810886414,-47.556383540116485,2,a5803f8a5d9d87202b43d709cb328cedaf18c446af448f705c33d553e8c2e9f7,5170ec511fb50cdf10d648416d508574d70e9781ddf156a1b2a86d2b385e94dc,100,1729,maximum_nontransitivity_disagreement_gain,2000.0,3000.0
kata1-b6c96-s6127360-d1754797-temp-0.9,36,654.8277676660731,499.3645213442758,810.2910139878704,640.4095810886414,14.418186577431698,2,a5803f8a5d9d87202b43d709cb328cedaf18c446af448f705c33d553e8c2e9f7,5170ec511fb50cdf10d648416d508574d70e9781ddf156a1b2a86d2b385e94dc,100,1729,maximum_nontransitivity_disagreement_gain,2000.0,3000.0
kata1-b6c96-s6127360-d1754797-temp-0.9,38,636.9027149598595,483.4377827862115,790.3676471335075,640.4095810886414,-3.506866128781894,2,a5803f8a5d9d87202b43d709cb328cedaf18c446af448f705c33d553e8c2e9f7,5170ec511fb50cdf10d648416d508574d70e9781ddf156a1b2a86d2b385e94dc,100,1729,maximum_nontransitivity_disagreement_gain,2000.0,3000.0
kata1-b6c96-s6127360-d1754797-temp-0.9,40,620.605857443562,468.9022423430795,772.3094725440444,640.4095810886414,-19.803723645079458,2,a5803f8a5d9d87202b43d709cb328cedaf18c446af448f705c33d553e8c2e9f7,5170ec511fb50cdf10d648416d508574d70e9781ddf156a1b2a86d2b385e94dc,100,1729,maximum_nontransitivity_disagreement_gain,2000.0,3000.0
kata1-b6c96-s6127360-d1754797-temp-0.9,42,605.6811280368745,455.54153223334936,755.8207238403996,640.4095810886414,-34.728453051766905,2,a5803f8a5d9d87202b43d709cb328cedaf18c446af448f705c33d553e8c2e9f7,5170ec511fb50cdf10d648416d508574d70e9781ddf156a1b2a86d2b385e94dc,100,1729,maximum_nontransitivity_disagreement_gain,2000.0,3000.0
kata1-b6c96-s6127360-d1754797-temp-0.9,44,623.2039946347415,480.8888069950785,765.5191822744046,640.4095810886414,-17.205586453899855,2,a5803f8a5d9d87202b43d709cb328cedaf18c446af448f705c33d553e8c2e9f7,5170ec511fb50cdf10d648416d508574d70e9781ddf156a1b2a86d2b385e94dc,100,1729,maximum_nontransitivity_disagreement_gain,2000.0,3000.0
kata1-b6c96-s6127360-d1754797-temp-0.9,46,609.90043215903,468.8884861885946,750.9123781294653,640.4095810886414,-30.509148929611456,2,a5803f8a5d9d87202b43d709cb328cedaf18c446af448f705c33d553e8c2e9f7,5170ec511fb50cdf10d648416d508574d70e9781ddf156a1b2a86d2b385e94dc,100,1729,maximum_nontransitivity_disagreement_gain,2000.0,3000.0
kata1-b6c96-s6127360-d1754797-temp-0.9,48,577.4239300360969,435.5087172460429,719.3391428261508,640.4095810886414,-62.98565105254454,2,a5803f8a5d9d87202b43d709cb328cedaf18c446af448f705c33d553e8c2e9f7,5170ec511fb50cdf10d648416d508574d70e9781ddf156a1b2a86d2b385e94dc,100,1729,maximum_nontransitivity_disagreement_gain,2000.0,3000.0
kata1-b6c96-s6127360-d1754797-temp-0.9,50,576.1949954766455,439.28280525472144,713.1071856985697,640.4095810886414,-64.21458561199586,2,a5803f8a5d9d87202b43d709cb328cedaf18c446af448f705c33d553e8c2e9f7,5170ec511fb50cdf10d648416d508574d70e9781ddf156a1b2a86d2b385e94dc,100,1729,maximum_nontransitivity_disagreement_gain,2000.0,3000.0
kata1-b6c96-s6127360-d1754797-temp-0.9,52,575.0797060400769,442.69560854059375,707.46380353956,640.4095810886414,-65.32987504856453,2,a5803f8a5d9d87202b43d709cb328cedaf18c446af448f705c33d553e8c2e9f7,5170ec511fb50cdf10d648416d508574d70e9781ddf156a1b2a86d2b385e94dc,100,1729,maximum_nontransitivity_disagreement_gain,2000.0,3000.0
kata1-b6c96-s6127360-d1754797-temp-0.9,54,574.101963174085,445.83472421518644,702.3692021329834,640.4095810886414,-66.30761791455643,2,a5803f8a5d9d87202b43d709cb328cedaf18c446af448f705c33d553e8c2e9f7,5170ec511fb50cdf10d648416d508574d70e9781ddf156a1b2a86d2b385e94dc,100,1729,maximum_nontransitivity_disagreement_gain,2000.0,3000.0
kata1-b6c96-s6127360-d1754797-temp-0.9,56,595.6807270778617,473.9326253240291,717.4288288316942,640.4095810886414,-44.72885401077974,2,a5803f8a5d9d87202b43d709cb328cedaf18c446af448f705c33d553e8c2e9f7,5170ec511fb50cdf10d648416d508574d70e9781ddf156a1b2a86d2b385e94dc,100,1729,maximum_nontransitivity_disagreement_gain,2000.0,3000.0
kata1-b6c96-s6127360-d1754797-temp-0.9,58,593.703508482721,475.0375402941249,712.3694766713171,640.4095810886414,-46.70607260592044,2,a5803f8a5d9d87202b43d709cb328cedaf18c446af448f705c33d553e8c2e9f7,5170ec511fb50cdf10d648416d508574d70e9781ddf156a1b2a86d2b385e94dc,100,1729,maximum_nontransitivity_disagreement_gain,2000.0,3000.0
kata1-b6c96-s6127360-d1754797-temp-0.9,60,591.980384335803,476.1861929030907,707.7745757685153,640.4095810886414,-48.42919675283838,2,a5803f8a5d9d87202b43d709cb328cedaf18c446af448f705c33d553e8c2e9f7,5170ec511fb50cdf10d648416d508574d70e9781ddf156a1b2a86d2b385e94dc,100,1729,maximum_nontransitivity_disagreement_gain,2000.0,3000.0
kata1-b6c96-s6127360-d1754797-temp-0.9,62,590.4265866149593,477.31632014594334,703.5368530839753,640.4095810886414,-49.98299447368208,2,a5803f8a5d9d87202b43d709cb328cedaf18c446af448f705c33d553e8c2e9f7,5170ec511fb50cdf10d648416d508574d70e9781ddf156a1b2a86d2b385e94dc,100,1729,maximum_nontransitivity_disagreement_gain,2000.0,3000.0
kata1-b6c96-s6127360-d1754797-temp-0.9,64,570.7548148809572,458.54097802065434,682.96865174126,640.4095810886414,-69.65476620768425,2,a5803f8a5d9d87202b43d709cb328cedaf18c446af448f705c33d553e8c2e9f7,5170ec511fb50cdf10d648416d508574d70e9781ddf156a1b2a86d2b385e94dc,100,1729,maximum_nontransitivity_disagreement_gain,2000.0,3000.0
kata1-b6c96-s6127360-d1754797-temp-0.9,66,570.2944342800164,460.6192766944987,679.9695918655341,640.4095810886414,-70.11514680862501,2,a5803f8a5d9d87202b43d709cb328cedaf18c446af448f705c33d553e8c2e9f7,5170ec511fb50cdf10d648416d508574d70e9781ddf156a1b2a86d2b385e94dc,100,1729,maximum_nontransitivity_disagreement_gain,2000.0,3000.0
kata1-b6c96-s6127360-d1754797-temp-0.9,68,586.513025683306,480.4949233910079,692.531127975604,640.4095810886414,-53.89655540533545,2,a5803f8a5d9d87202b43d709cb328cedaf18c446af448f705c33d553e8c2e9f7,5170ec511fb50cdf10d648416d508574d70e9781ddf156a1b2a86d2b385e94dc,100,1729,maximum_nontransitivity_disagreement_gain,2000.0,3000.0
kata1-b6c96-s6127360-d1754797-temp-0.9,70,585.4424330386865,481.5125604411544,689.3723056362187,640.4095810886414,-54.96714804995486,2,a5803f8a5d9d87202b43d709cb328cedaf18c446af448f705c33d553e8c2e9f7,5170ec511fb50cdf10d648416d508574d70e9781ddf156a1b2a86d2b385e94dc,100,1729,maximum_nontransitivity_disagreement_gain,2000.0,3000.0
kata1-b6c96-s6127360-d1754797-temp-0.9,72,584.4584206892584,482.4990936628751,686.4177477156418,640.4095810886414,-55.95116039938296,2,a5803f8a5d9d87202b43d709cb328cedaf18c446af448f705c33d553e8c2e9f7,5170ec511fb50cdf10d648416d508574d70e9781ddf156a1b2a86d2b385e94dc,100,1729,maximum_nontransitivity_disagreement_gain,2000.0,3000.0
kata1-b6c96-s6127360-d1754797-temp-0.9,74,583.5512473926808,483.4547086814444,683.6477861039172,640.4095810886414,-56.858333695960596,2,a5803f8a5d9d87202b43d709cb328cedaf18c446af448f705c33d553e8c2e9f7,5170ec511fb50cdf10d648416d508574d70e9781ddf156a1b2a86d2b385e94dc,100,1729,maximum_nontransitivity_disagreement_gain,2000.0,3000.0
kata1-b6c96-s6127360-d1754797-temp-0.9,76,596.6443398276426,499.07489902653015,694.2137806287551,640.4095810886414,-43.76524126099878,2,a5803f8a5d9d87202b43d709cb328cedaf18c446af448f705c33d553e8c2e9f7,5170ec511fb50cdf10d648416d508574d70e9781ddf156a1b2a86d2b385e94dc,100,1729,maximum_nontransitivity_disagreement_gain,2000.0,3000.0
kata1-b6c96-s6127360-d1754797-temp-0.9,78,608.6414271059235,513.295853418669,703.987000793178,640.4095810886414,-31.768153982717877,2,a5803f8a5d9d87202b43d709cb328cedaf18c446af448f705c33d553e8c2e9f7,5170ec511fb50cdf10d648416d508574d70e9781ddf156a1b2a86d2b385e94dc,100,1729,maximum_nontransitivity_disagreement_gain,2000.0,3000.0
kata1-b6c96-s6127360-d1754797-temp-0.9,80,615.9032076963646,521.9991297832745,709.8072856094547,640.4095810886414,-24.506373392276828,2,a5803f8a5d9d87202b43d709cb328cedaf18c446af448f705c33d553e8c2e9f7,5170ec511fb50cdf10d648416d508574d70e9781ddf156a1b2a86d2b385e94dc,100,1729,maximum_nontransitivity_disagreement_gain,2000.0,3000.0
kata1-b6c96-s6127360-d1754797-temp-0.9,82,614.0523962906449,521.5463788178572,706.5584137634326,640.4095810886414,-26.357184797996524,2,a5803f8a5d9d87202b43d709cb328cedaf18c446af448f705c33d553e8c2e9f7,5170ec511fb50cdf10d648416d508574d70e9781ddf156a1b2a86d2b385e94dc,100,1729,maximum_nontransitivity_disagreement_gain,2000.0,3000.0
kata1-b6c96-s6127360-d1754797-temp-0.9,84,612.3132519037702,521.1478131970736,703.4786906104667,640.4095810886414,-28.09632918487125,2,a5803f8a5d9d87202b43d709cb328cedaf18c446af448f705c33d553e8c2e9f7,5170ec511fb50cdf10d648416d508574d70e9781ddf156a1b2a86d2b385e94dc,100,1729,maximum_nontransitivity_disagreement_gain,2000.0,3000.0
kata1-b6c96-s6127360-d1754797-temp-0.9,86,610.6761121544149,520.7970103579652,700.5552139508646,640.4095810886414,-29.733468934226494,2,a5803f8a5d9d87202b43d709cb328cedaf18c446af448f705c33d553e8c2e9f7,5170ec511fb50cdf10d648416d508574d70e9781ddf156a1b2a86d2b385e94dc,100,1729,maximum_nontransitivity_disagreement_gain,2000.0,3000.0
kata1-b6c96-s6127360-d1754797-temp-0.9,88,609.1323580881646,520.4884120843228,697.7763040920063,640.4095810886414,-31.27722300047685,2,a5803f8a5d9d87202b43d709cb328cedaf18c446af448f705c33d553e8c2e9f7,5170ec511fb50cdf10d648416d508574d70e9781ddf156a1b2a86d2b385e94dc,100,1729,maximum_nontransitivity_disagreement_gain,2000.0,3000.0
kata1-b6c96-s6127360-d1754797-temp-0.9,90,607.6742827367507,520.2171927847994,695.131372688702,640.4095810886414,-32.73529835189072,2,a5803f8a5d9d87202b43d709cb328cedaf18c446af448f705c33d553e8c2e9f7,5170ec511fb50cdf10d648416d508574d70e9781ddf156a1b2a86d2b385e94dc,100,1729,maximum_nontransitivity_disagreement_gain,2000.0,3000.0
kata1-b6c96-s6127360-d1754797-temp-0.9,92,617.0023708041441,530.9975481820823,703.007193426206,640.4095810886414,-23.407210284497296,2,a5803f8a5d9d87202b43d709cb328cedaf18c446af448f705c33d553e8c2e9f7,5170ec511fb50cdf10d648416d508574d70e9781ddf156a1b2a86d2b385e94dc,100,1729,maximum_nontransitivity_disagreement_gain,2000.0,3000.0
kata1-b6c96-s6127360-d1754797-temp-0.9,94,615.4732380622801,530.5407703714562,700.4057057531039,640.4095810886414,-24.936343026361328,2,a5803f8a5d9d87202b43d709cb328cedaf18c446af448f705c33d553e8c2e9f7,5170ec511fb50cdf10d648416d508574d70e9781ddf156a1b2a86d2b385e94dc,100,1729,maximum_nontransitivity_disagreement_gain,2000.0,3000.0
kata1-b6c96-s6127360-d1754797-temp-0.9,96,613.9651572871405,530.0697415389631,697.860573035318,640.4095810886414,-26.444423801500875,2,a5803f8a5d9d87202b43d709cb328cedaf18c446af448f705c33d553e8c2e9f7,5170ec511fb50cdf10d648416d508574d70e9781ddf156a1b2a86d2b385e94dc,100,1729,maximum_nontransitivity_disagreement_gain,2000.0,3000.0
kata1-b6c96-s6127360-d1754797-temp-0.9,98,612.5318110548768,529.6368977578649,695.4267243518888,640.4095810886414,-27.87777003376459,2,a5803f8a5d9d87202b43d709cb328cedaf18c446af448f705c33d553e8c2e9f7,5170ec511fb50cdf10d648416d508574d70e9781ddf156a1b2a86d2b385e94dc,100,1729,maximum_nontransitivity_disagreement_gain,2000.0,3000.0
kata1-b6c96-s6127360-d1754797-temp-0.9,100,611.167798202941,529.2386958397776,693.0969005661043,640.4095810886414,-29.241782885700445,2,a5803f8a5d9d87202b43d709cb328cedaf18c446af448f705c33d553e8c2e9f7,5170ec511fb50cdf10d648416d508574d70e9781ddf156a1b2a86d2b385e94dc,100,1729,maximum_nontransitivity_disagreement_gain,2000.0,3000.0
kata1-b6c96-s4136960-d1510003-temp-0.5,2,1157.806807115204,-1282.7878390423286,3598.401453272737,731.184037384491,426.622769730713,2,a5803f8a5d9d87202b43d709cb328cedaf18c446af448f705c33d553e8c2e9f7,5170ec511fb50cdf10d648416d508574d70e9781ddf156a1b2a86d2b385e94dc,100,1729,maximum_nontransitivity_disagreement_gain,2000.0,3000.0
kata1-b6c96-s4136960-d1510003-temp-0.5,4,407.4707878019053,-1452.3955450009387,2267.3371206047495,731.184037384491,-323.7132495825857,2,a5803f8a5d9d87202b43d709cb328cedaf18c446af448f705c33d553e8c2e9f7,5170ec511fb50cdf10d648416d508574d70e9781ddf156a1b2a86d2b385e94dc,100,1729,maximum_nontransitivity_disagreement_gain,2000.0,3000.0
kata1-b6c96-s4136960-d1510003-temp-0.5,6,296.64288018070613,-1500.5651429920945,2093.8509033535065,731.184037384491,-434.5411572037849,2,a5803f8a5d9d87202b43d709cb328cedaf18c446af448f705c33d553e8c2e9f7,5170ec511fb50cdf10d648416d508574d70e9781ddf156a1b2a86d2b385e94dc,100,1729,maximum_nontransitivity_disagreement_gain,2000.0,3000.0
kata1-b6c96-s4136960-d1510003-temp-0.5,8,325.549756535943,-159.77677710049744,810.8762901723835,731.184037384491,-405.63428084854803,2,a5803f8a5d9d87202b43d709cb328cedaf18c446af448f705c33d553e8c2e9f7,5170ec511fb50cdf10d648416d508574d70e9781ddf156a1b2a86d2b385e94dc,100,1729,maximum_nontransitivity_disagreement_gain,2000.0,3000.0
kata1-b6c96-s4136960-d1510003-temp-0.5,10,515.8669784030822,145.5646504599191,886.1693063462452,731.184037384491,-215.31705898140888,2,a5803f8a5d9d87202b43d709cb328cedaf18c446af448f705c33d553e8c2e9f7,5170ec511fb50cdf10d648416d508574d70e9781ddf156a1b2a86d2b385e94dc,100,1729,maximum_nontransitivity_disagreement_gain,2000.0,3000.0
kata1-b6c96-s4136960-d1510003-temp-0.5,12,659.347410185481,335.7047528825515,982.9900674884104,731.184037384491,-71.83662719901008,2,a5803f8a5d9d87202b43d709cb328cedaf18c446af448f705c33d553e8c2e9f7,5170ec511fb50cdf10d648416d508574d70e9781ddf156a1b2a86d2b385e94dc,100,1729,maximum_nontransitivity_disagreement_gain,2000.0,3000.0
kata1-b6c96-s4136960-d1510003-temp-0.5,14,697.6594611868416,394.23083666831303,1001.0880857053701,731.184037384491,-33.52457619764948,2,a5803f8a5d9d87202b43d709cb328cedaf18c446af448f705c33d553e8c2e9f7,5170ec511fb50cdf10d648416d508574d70e9781ddf156a1b2a86d2b385e94dc,100,1729,maximum_nontransitivity_disagreement_gain,2000.0,3000.0
kata1-b6c96-s4136960-d1510003-temp-0.5,16,726.7146125358444,437.0719924563598,1016.3572326153289,731.184037384491,-4.469424848646668,2,a5803f8a5d9d87202b43d709cb328cedaf18c446af448f705c33d553e8c2e9f7,5170ec511fb50cdf10d648416d508574d70e9781ddf156a1b2a86d2b385e94dc,100,1729,maximum_nontransitivity_disagreement_gain,2000.0,3000.0
kata1-b6c96-s4136960-d1510003-temp-0.5,18,707.6580545413055,436.21697761104895,979.0991314715621,731.184037384491,-23.52598284318549,2,a5803f8a5d9d87202b43d709cb328cedaf18c446af448f705c33d553e8c2e9f7,5170ec511fb50cdf10d648416d508574d70e9781ddf156a1b2a86d2b385e94dc,100,1729,maximum_nontransitivity_disagreement_gain,2000.0,3000.0
kata1-b6c96-s4136960-d1510003-temp-0.5,20,692.1101792651166,433.8488566734094,950.3715018568238,731.184037384491,-39.07385811937445,2,a5803f8a5d9d87202b43d709cb328cedaf18c446af448f705c33d553e8c2e9f7,5170ec511fb50cdf10d648416d508574d70e9781ddf156a1b2a86d2b385e94dc,100,1729,maximum_nontransitivity_disagreement_gain,2000.0,3000.0
kata1-b6c96-s4136960-d1510003-temp-0.5,22,681.1007185177806,452.14987743044446,910.0515596051167,731.184037384491,-50.08331886671044,2,a5803f8a5d9d87202b43d709cb328cedaf18c446af448f705c33d553e8c2e9f7,5170ec511fb50cdf10d648416d508574d70e9781ddf156a1b2a86d2b385e94dc,100,1729,maximum_nontransitivity_disagreement_gain,2000.0,3000.0
kata1-b6c96-s4136960-d1510003-temp-0.5,24,740.0008420611535,526.0580527621825,953.9436313601246,731.184037384491,8.816804676662514,2,a5803f8a5d9d87202b43d709cb328cedaf18c446af448f705c33d553e8c2e9f7,5170ec511fb50cdf10d648416d508574d70e9781ddf156a1b2a86d2b385e94dc,100,1729,maximum_nontransitivity_disagreement_gain,2000.0,3000.0
kata1-b6c96-s4136960-d1510003-temp-0.5,26,728.312828609726,521.491737259764,935.133919959688,731.184037384491,-2.871208774765023,2,a5803f8a5d9d87202b43d709cb328cedaf18c446af448f705c33d553e8c2e9f7,5170ec511fb50cdf10d648416d508574d70e9781ddf156a1b2a86d2b385e94dc,100,1729,maximum_nontransitivity_disagreement_gain,2000.0,3000.0
kata1-b6c96-s4136960-d1510003-temp-0.5,28,715.5498273909773,524.2910446117786,906.8086101701759,731.184037384491,-15.634209993513764,2,a5803f8a5d9d87202b43d709cb328cedaf18c446af448f705c33d553e8c2e9f7,5170ec511fb50cdf10d648416d508574d70e9781ddf156a1b2a86d2b385e94dc,100,1729,maximum_nontransitivity_disagreement_gain,2000.0,3000.0
kata1-b6c96-s4136960-d1510003-temp-0.5,30,754.0452855100071,572.393067796045,935.6975032239693,731.184037384491,22.861248125516113,2,a5803f8a5d9d87202b43d709cb328cedaf18c446af448f705c33d553e8c2e9f7,5170ec511fb50cdf10d648416d508574d70e9781ddf156a1b2a86d2b385e94dc,100,1729,maximum_nontransitivity_disagreement_gain,2000.0,3000.0
kata1-b6c96-s4136960-d1510003-temp-0.5,32,744.8928991384065,567.8593136652325,921.9264846115805,731.184037384491,13.708861753915471,2,a5803f8a5d9d87202b43d709cb328cedaf18c446af448f705c33d553e8c2e9f7,5170ec511fb50cdf10d648416d508574d70e9781ddf156a1b2a86d2b385e94dc,100,1729,maximum_nontransitivity_disagreement_gain,2000.0,3000.0
kata1-b6c96-s4136960-d1510003-temp-0.5,34,736.5581488610443,563.4879656602415,909.6283320618471,731.184037384491,5.374111476553253,2,a5803f8a5d9d87202b43d709cb328cedaf18c446af448f705c33d553e8c2e9f7,5170ec511fb50cdf10d648416d508574d70e9781ddf156a1b2a86d2b385e94dc,100,1729,maximum_nontransitivity_disagreement_gain,2000.0,3000.0
kata1-b6c96-s4136960-d1510003-temp-0.5,36,766.4276150279202,601.2556162095434,931.599613846297,731.184037384491,35.24357764342915,2,a5803f8a5d9d87202b43d709cb328cedaf18c446af448f705c33d553e8c2e9f7,5170ec511fb50cdf10d648416d508574d70e9781ddf156a1b2a86d2b385e94dc,100,1729,maximum_nontransitivity_disagreement_gain,2000.0,3000.0
kata1-b6c96-s4136960-d1510003-temp-0.5,38,758.3466034827277,596.6453508845161,920.0478560809393,731.184037384491,27.162566098236653,2,a5803f8a5d9d87202b43d709cb328cedaf18c446af448f705c33d553e8c2e9f7,5170ec511fb50cdf10d648416d508574d70e9781ddf156a1b2a86d2b385e94dc,100,1729,maximum_nontransitivity_disagreement_gain,2000.0,3000.0
kata1-b6c96-s4136960-d1510003-temp-0.5,40,750.8892878534573,592.2367851322688,909.5417905746458,731.184037384491,19.705250468966256,2,a5803f8a5d9d87202b43d709cb328cedaf18c446af448f705c33d553e8c2e9f7,5170ec511fb50cdf10d648416d508574d70e9781ddf156a1b2a86d2b385e94dc,100,1729,maximum_nontransitivity_disagreement_gain,2000.0,3000.0
kata1-b6c96-s4136960-d1510003-temp-0.5,42,740.9722561222421,589.1523572118201,892.7921550326641,731.184037384491,9.788218737751095,2,a5803f8a5d9d87202b43d709cb328cedaf18c446af448f705c33d553e8c2e9f7,5170ec511fb50cdf10d648416d508574d70e9781ddf156a1b2a86d2b385e94dc,100,1729,maximum_nontransitivity_disagreement_gain,2000.0,3000.0
kata1-b6c96-s4136960-d1510003-temp-0.5,44,764.0204750736308,617.7673767445143,910.2735734027473,731.184037384491,32.83643768913976,2,a5803f8a5d9d87202b43d709cb328cedaf18c446af448f705c33d553e8c2e9f7,5170ec511fb50cdf10d648416d508574d70e9781ddf156a1b2a86d2b385e94dc,100,1729,maximum_nontransitivity_disagreement_gain,2000.0,3000.0
kata1-b6c96-s4136960-d1510003-temp-0.5,46,757.731413846257,613.8220850524917,901.6407426400224,731.184037384491,26.54737646176602,2,a5803f8a5d9d87202b43d709cb328cedaf18c446af448f705c33d553e8c2e9f7,5170ec511fb50cdf10d648416d508574d70e9781ddf156a1b2a86d2b385e94dc,100,1729,maximum_nontransitivity_disagreement_gain,2000.0,3000.0
kata1-b6c96-s4136960-d1510003-temp-0.5,48,751.8246309676961,610.0311605991625,893.6181013362296,731.184037384491,20.640593583205032,2,a5803f8a5d9d87202b43d709cb328cedaf18c446af448f705c33d553e8c2e9f7,5170ec511fb50cdf10d648416d508574d70e9781ddf156a1b2a86d2b385e94dc,100,1729,maximum_nontransitivity_disagreement_gain,2000.0,3000.0
kata1-b6c96-s4136960-d1510003-temp-0.5,50,716.1183856706715,579.2960337556108,852.9407375857322,731.184037384491,-15.065651713819534,2,a5803f8a5d9d87202b43d709cb328cedaf18c446af448f705c33d553e8c2e9f7,5170ec511fb50cdf10d648416d508574d70e9781ddf156a1b2a86d2b385e94dc,100,1729,maximum_nontransitivity_disagreement_gain,2000.0,3000.0
kata1-b6c96-s4136960-d1510003-temp-0.5,52,736.6160448596489,604.1471973414523,869.0848923778456,731.184037384491,5.432007475157889,2,a5803f8a5d9d87202b43d709cb328cedaf18c446af448f705c33d553e8c2e9f7,5170ec511fb50cdf10d648416d508574d70e9781ddf156a1b2a86d2b385e94dc,100,1729,maximum_nontransitivity_disagreement_gain,2000.0,3000.0
kata1-b6c96-s4136960-d1510003-temp-0.5,54,754.6529720318327,625.9319721594587,883.3739719042068,731.184037384491,23.46893464734171,2,a5803f8a5d9d87202b43d709cb328cedaf18c446af448f705c33d553e8c2e9f7,5170ec511fb50cdf10d648416d508574d70e9781ddf156a1b2a86d2b385e94dc,100,1729,maximum_nontransitivity_disagreement_gain,2000.0,3000.0
kata1-b6c96-s4136960-d1510003-temp-0.5,56,749.9922021410733,622.8045792194243,877.1798250627223,731.184037384491,18.8081647565823,2,a5803f8a5d9d87202b43d709cb328cedaf18c446af448f705c33d553e8c2e9f7,5170ec511fb50cdf10d648416d508574d70e9781ddf156a1b2a86d2b385e94dc,100,1729,maximum_nontransitivity_disagreement_gain,2000.0,3000.0
kata1-b6c96-s4136960-d1510003-temp-0.5,58,743.5225081850717,619.9027544317725,867.142261938371,731.184037384491,12.338470800580694,2,a5803f8a5d9d87202b43d709cb328cedaf18c446af448f705c33d553e8c2e9f7,5170ec511fb50cdf10d648416d508574d70e9781ddf156a1b2a86d2b385e94dc,100,1729,maximum_nontransitivity_disagreement_gain,2000.0,3000.0
kata1-b6c96-s4136960-d1510003-temp-0.5,60,737.7483035675733,617.4406548664759,858.0559522686707,731.184037384491,6.564266183082282,2,a5803f8a5d9d87202b43d709cb328cedaf18c446af448f705c33d553e8c2e9f7,5170ec511fb50cdf10d648416d508574d70e9781ddf156a1b2a86d2b385e94dc,100,1729,maximum_nontransitivity_disagreement_gain,2000.0,3000.0
kata1-b6c96-s4136960-d1510003-temp-0.5,62,732.5679491074488,615.3378507158627,849.798047499035,731.184037384491,1.383911722957805,2,a5803f8a5d9d87202b43d709cb328cedaf18c446af448f705c33d553e8c2e9f7,5170ec511fb50cdf10d648416d508574d70e9781ddf156a1b2a86d2b385e94dc,100,1729,maximum_nontransitivity_disagreement_gain,2000.0,3000.0
kata1-b6c96-s4136960-d1510003-temp-0.5,64,746.9929559270302,632.2767535000655,861.7091583539948,731.184037384491,15.808918542539118,2,a5803f8a5d9d87202b43d709cb328cedaf18c446af448f705c33d553e8c2e9f7,5170ec511fb50cdf10d648416d508574d70e9781ddf156a1b2a86d2b385e94dc,100,1729,maximum_nontransitivity_disagreement_gain,2000.0,3000.0
kata1-b6c96-s4136960-d1510003-temp-0.5,66,743.4314716236403,629.7848695810538,857.0780736662267,731.184037384491,12.247434239149243,2,a5803f8a5d9d87202b43d709cb328cedaf18c446af448f705c33d553e8c2e9f7,5170ec511fb50cdf10d648416d508574d70e9781ddf156a1b2a86d2b385e94dc,100,1729,maximum_nontransitivity_disagreement_gain,2000.0,3000.0
kata1-b6c96-s4136960-d1510003-temp-0.5,68,738.5413513769917,627.4779510090326,849.6047517449507,731.184037384491,7.357313992500622,2,a5803f8a5d9d87202b43d709cb328cedaf18c446af448f705c33d553e8c2e9f7,5170ec511fb50cdf10d648416d508574d70e9781ddf156a1b2a86d2b385e94dc,100,1729,maximum_nontransitivity_disagreement_gain,2000.0,3000.0
kata1-b6c96-s4136960-d1510003-temp-0.5,70,751.2541312159597,642.2914918243669,860.2167706075525,731.184037384491,20.070093831468625,2,a5803f8a5d9d87202b43d709cb328cedaf18c446af448f705c33d553e8c2e9f7,5170ec511fb50cdf10d648416d508574d70e9781ddf156a1b2a86d2b385e94dc,100,1729,maximum_nontransitivity_disagreement_gain,2000.0,3000.0
kata1-b6c96-s4136960-d1510003-temp-0.5,72,747.9784938048582,639.9498076450465,856.00717996467,731.184037384491,16.79445642036717,2,a5803f8a5d9d87202b43d709cb328cedaf18c446af448f705c33d553e8c2e9f7,5170ec511fb50cdf10d648416d508574d70e9781ddf156a1b2a86d2b385e94dc,100,1729,maximum_nontransitivity_disagreement_gain,2000.0,3000.0
kata1-b6c96-s4136960-d1510003-temp-0.5,74,759.6316657855729,653.5119196009662,865.7514119701796,731.184037384491,28.44762840108183,2,a5803f8a5d9d87202b43d709cb328cedaf18c446af448f705c33d553e8c2e9f7,5170ec511fb50cdf10d648416d508574d70e9781ddf156a1b2a86d2b385e94dc,100,1729,maximum_nontransitivity_disagreement_gain,2000.0,3000.0
kata1-b6c96-s4136960-d1510003-temp-0.5,76,756.3997529553139,651.1705265473302,861.6289793632977,731.184037384491,25.21571557082291,2,a5803f8a5d9d87202b43d709cb328cedaf18c446af448f705c33d553e8c2e9f7,5170ec511fb50cdf10d648416d508574d70e9781ddf156a1b2a86d2b385e94dc,100,1729,maximum_nontransitivity_disagreement_gain,2000.0,3000.0
kata1-b6c96-s4136960-d1510003-temp-0.5,78,753.274958881828,648.8869048492205,857.6630129144354,731.184037384491,22.09092149733692,2,a5803f8a5d9d87202b43d709cb328cedaf18c446af448f705c33d553e8c2e9f7,5170ec511fb50cdf10d648416d508574d70e9781ddf156a1b2a86d2b385e94dc,100,1729,maximum_nontransitivity_disagreement_gain,2000.0,3000.0
kata1-b6c96-s4136960-d1510003-temp-0.5,80,750.2498384003309,646.658103551934,853.8415732487277,731.184037384491,19.06580101583984,2,a5803f8a5d9d87202b43d709cb328cedaf18c446af448f705c33d553e8c2e9f7,5170ec511fb50cdf10d648416d508574d70e9781ddf156a1b2a86d2b385e94dc,100,1729,maximum_nontransitivity_disagreement_gain,2000.0,3000.0
kata1-b6c96-s4136960-d1510003-temp-0.5,82,760.8794760102151,659.0446587810188,862.7142932394113,731.184037384491,29.695438625724023,2,a5803f8a5d9d87202b43d709cb328cedaf18c446af448f705c33d553e8c2e9f7,5170ec511fb50cdf10d648416d508574d70e9781ddf156a1b2a86d2b385e94dc,100,1729,maximum_nontransitivity_disagreement_gain,2000.0,3000.0
kata1-b6c96-s4136960-d1510003-temp-0.5,84,757.8969149753572,656.8229506725927,858.9708792781216,731.184037384491,26.71287759086613,2,a5803f8a5d9d87202b43d709cb328cedaf18c446af448f705c33d553e8c2e9f7,5170ec511fb50cdf10d648416d508574d70e9781ddf156a1b2a86d2b385e94dc,100,1729,maximum_nontransitivity_disagreement_gain,2000.0,3000.0
kata1-b6c96-s4136960-d1510003-temp-0.5,86,755.0044781812971,654.6531240787391,855.3558322838552,731.184037384491,23.82044079680611,2,a5803f8a5d9d87202b43d709cb328cedaf18c446af448f705c33d553e8c2e9f7,5170ec511fb50cdf10d648416d508574d70e9781ddf156a1b2a86d2b385e94dc,100,1729,maximum_nontransitivity_disagreement_gain,2000.0,3000.0
kata1-b6c96-s4136960-d1510003-temp-0.5,88,750.7678284373205,652.1232610291638,849.4123958454772,731.184037384491,19.583791052829497,2,a5803f8a5d9d87202b43d709cb328cedaf18c446af448f705c33d553e8c2e9f7,5170ec511fb50cdf10d648416d508574d70e9781ddf156a1b2a86d2b385e94dc,100,1729,maximum_nontransitivity_disagreement_gain,2000.0,3000.0
kata1-b6c96-s4136960-d1510003-temp-0.5,90,746.8202866763878,649.80781059569,843.8327627570857,731.184037384491,15.636249291896775,2,a5803f8a5d9d87202b43d709cb328cedaf18c446af448f705c33d553e8c2e9f7,5170ec511fb50cdf10d648416d508574d70e9781ddf156a1b2a86d2b385e94dc,100,1729,maximum_nontransitivity_disagreement_gain,2000.0,3000.0
kata1-b6c96-s4136960-d1510003-temp-0.5,92,749.6869320259688,654.1799901098003,845.1938739421372,731.184037384491,18.502894641477724,2,a5803f8a5d9d87202b43d709cb328cedaf18c446af448f705c33d553e8c2e9f7,5170ec511fb50cdf10d648416d508574d70e9781ddf156a1b2a86d2b385e94dc,100,1729,maximum_nontransitivity_disagreement_gain,2000.0,3000.0
kata1-b6c96-s4136960-d1510003-temp-0.5,94,745.9660504975668,651.9510802511597,839.9810207439739,731.184037384491,14.782013113075777,2,a5803f8a5d9d87202b43d709cb328cedaf18c446af448f705c33d553e8c2e9f7,5170ec511fb50cdf10d648416d508574d70e9781ddf156a1b2a86d2b385e94dc,100,1729,maximum_nontransitivity_disagreement_gain,2000.0,3000.0
kata1-b6c96-s4136960-d1510003-temp-0.5,96,754.8386990027323,662.1049422253127,847.5724557801518,731.184037384491,23.65466161824122,2,a5803f8a5d9d87202b43d709cb328cedaf18c446af448f705c33d553e8c2e9f7,5170ec511fb50cdf10d648416d508574d70e9781ddf156a1b2a86d2b385e94dc,100,1729,maximum_nontransitivity_disagreement_gain,2000.0,3000.0
kata1-b6c96-s4136960-d1510003-temp-0.5,98,752.4498363159971,660.2766458518767,844.6230267801176,731.184037384491,21.265798931506083,2,a5803f8a5d9d87202b43d709cb328cedaf18c446af448f705c33d553e8c2e9f7,5170ec511fb50cdf10d648416d508574d70e9781ddf156a1b2a86d2b385e94dc,100,1729,maximum_nontransitivity_disagreement_gain,2000.0,3000.0
kata1-b6c96-s4136960-d1510003-temp-0.5,100,760.7841279872099,669.802968918274,851.7652870561458,731.184037384491,29.600090602718865,2,a5803f8a5d9d87202b43d709cb328cedaf18c446af448f705c33d553e8c2e9f7,5170ec511fb50cdf10d648416d508574d70e9781ddf156a1b2a86d2b385e94dc,100,1729,maximum_nontransitivity_disagreement_gain,2000.0,3000.0
kata1-b6c96-s5214720-d1690538-temp-0.5,2,1145.3735346803142,-1280.5720744393034,3571.3191437999317,859.747739648877,285.6257950314372,2,a5803f8a5d9d87202b43d709cb328cedaf18c446af448f705c33d553e8c2e9f7,5170ec511fb50cdf10d648416d508574d70e9781ddf156a1b2a86d2b385e94dc,100,1729,maximum_nontransitivity_disagreement_gain,2000.0,3000.0
kata1-b6c96-s5214720-d1690538-temp-0.5,4,393.03062939202295,-1459.4035916600844,2245.46485044413,859.747739648877,-466.717110256854,2,a5803f8a5d9d87202b43d709cb328cedaf18c446af448f705c33d553e8c2e9f7,5170ec511fb50cdf10d648416d508574d70e9781ddf156a1b2a86d2b385e94dc,100,1729,maximum_nontransitivity_disagreement_gain,2000.0,3000.0
kata1-b6c96-s5214720-d1690538-temp-0.5,6,282.11944956517686,-1508.2330605894815,2072.4719597198355,859.747739648877,-577.6282900837001,2,a5803f8a5d9d87202b43d709cb328cedaf18c446af448f705c33d553e8c2e9f7,5170ec511fb50cdf10d648416d508574d70e9781ddf156a1b2a86d2b385e94dc,100,1729,maximum_nontransitivity_disagreement_gain,2000.0,3000.0
kata1-b6c96-s5214720-d1690538-temp-0.5,8,677.5733131760694,191.56603189516642,1163.5805944569724,859.747739648877,-182.17442647280757,2,a5803f8a5d9d87202b43d709cb328cedaf18c446af448f705c33d553e8c2e9f7,5170ec511fb50cdf10d648416d508574d70e9781ddf156a1b2a86d2b385e94dc,100,1729,maximum_nontransitivity_disagreement_gain,2000.0,3000.0
kata1-b6c96-s5214720-d1690538-temp-0.5,10,635.9335506060628,191.81016695090756,1080.056934261218,859.747739648877,-223.81418904281418,2,a5803f8a5d9d87202b43d709cb328cedaf18c446af448f705c33d553e8c2e9f7,5170ec511fb50cdf10d648416d508574d70e9781ddf156a1b2a86d2b385e94dc,100,1729,maximum_nontransitivity_disagreement_gain,2000.0,3000.0
kata1-b6c96-s5214720-d1690538-temp-0.5,12,638.210467852927,306.0078702191842,970.4130654866697,859.747739648877,-221.53727179595,2,a5803f8a5d9d87202b43d709cb328cedaf18c446af448f705c33d553e8c2e9f7,5170ec511fb50cdf10d648416d508574d70e9781ddf156a1b2a86d2b385e94dc,100,1729,maximum_nontransitivity_disagreement_gain,2000.0,3000.0
kata1-b6c96-s5214720-d1690538-temp-0.5,14,639.1059959949943,362.10768098278646,916.1043110072021,859.747739648877,-220.6417436538827,2,a5803f8a5d9d87202b43d709cb328cedaf18c446af448f705c33d553e8c2e9f7,5170ec511fb50cdf10d648416d508574d70e9781ddf156a1b2a86d2b385e94dc,100,1729,maximum_nontransitivity_disagreement_gain,2000.0,3000.0
kata1-b6c96-s5214720-d1690538-temp-0.5,16,639.5914049804386,396.98437540349437,882.1984345573828,859.747739648877,-220.15633466843838,2,a5803f8a5d9d87202b43d709cb328cedaf18c446af448f705c33d553e8c2e9f7,5170ec511fb50cdf10d648416d508574d70e9781ddf156a1b2a86d2b385e94dc,100,1729,maximum_nontransitivity_disagreement_gain,2000.0,3000.0
kata1-b6c96-s5214720-d1690538-temp-0.5,18,639.8449594730461,421.288758532504,858.4011604135881,859.747739648877,-219.9027801758309,2,a5803f8a5d9d87202b43d709cb328cedaf18c446af448f705c33d553e8c2e9f7,5170ec511fb50cdf10d648416d508574d70e9781ddf156a1b2a86d2b385e94dc,100,1729,maximum_nontransitivity_disagreement_gain,2000.0,3000.0
kata1-b6c96-s5214720-d1690538-temp-0.5,20,699.5266135066666,499.32797017874316,899.7252568345901,859.747739648877,-160.22112614221032,2,a5803f8a5d9d87202b43d709cb328cedaf18c446af448f705c33d553e8c2e9f7,5170ec511fb50cdf10d648416d508574d70e9781ddf156a1b2a86d2b385e94dc,100,1729,maximum_nontransitivity_disagreement_gain,2000.0,3000.0
kata1-b6c96-s5214720-d1690538-temp-0.5,22,743.3138350394773,555.3628180985943,931.2648519803604,859.747739648877,-116.43390460939963,2,a5803f8a5d9d87202b43d709cb328cedaf18c446af448f705c33d553e8c2e9f7,5170ec511fb50cdf10d648416d508574d70e9781ddf156a1b2a86d2b385e94dc,100,1729,maximum_nontransitivity_disagreement_gain,2000.0,3000.0
kata1-b6c96-s5214720-d1690538-temp-0.5,24,733.2478441644475,550.3532756024745,916.1424127264206,859.747739648877,-126.49989548442943,2,a5803f8a5d9d87202b43d709cb328cedaf18c446af448f705c33d553e8c2e9f7,5170ec511fb50cdf10d648416d508574d70e9781ddf156a1b2a86d2b385e94dc,100,1729,maximum_nontransitivity_disagreement_gain,2000.0,3000.0
kata1-b6c96-s5214720-d1690538-temp-0.5,26,771.4136021602861,592.515916626112,950.3112876944602,859.747739648877,-88.33413748859084,2,a5803f8a5d9d87202b43d709cb328cedaf18c446af448f705c33d553e8c2e9f7,5170ec511fb50cdf10d648416d508574d70e9781ddf156a1b2a86d2b385e94dc,100,1729,maximum_nontransitivity_disagreement_gain,2000.0,3000.0
kata1-b6c96-s5214720-d1690538-temp-0.5,28,808.5911241826624,639.0149119059524,978.1673364593723,859.747739648877,-51.15661546621459,2,a5803f8a5d9d87202b43d709cb328cedaf18c446af448f705c33d553e8c2e9f7,5170ec511fb50cdf10d648416d508574d70e9781ddf156a1b2a86d2b385e94dc,100,1729,maximum_nontransitivity_disagreement_gain,2000.0,3000.0
kata1-b6c96-s5214720-d1690538-temp-0.5,30,838.7157340580663,676.4626269271018,1000.9688411890309,859.747739648877,-21.032005590810627,2,a5803f8a5d9d87202b43d709cb328cedaf18c446af448f705c33d553e8c2e9f7,5170ec511fb50cdf10d648416d508574d70e9781ddf156a1b2a86d2b385e94dc,100,1729,maximum_nontransitivity_disagreement_gain,2000.0,3000.0
kata1-b6c96-s5214720-d1690538-temp-0.5,32,828.1940720349247,673.6430663479309,982.7450777219185,859.747739648877,-31.553667613952257,2,a5803f8a5d9d87202b43d709cb328cedaf18c446af448f705c33d553e8c2e9f7,5170ec511fb50cdf10d648416d508574d70e9781ddf156a1b2a86d2b385e94dc,100,1729,maximum_nontransitivity_disagreement_gain,2000.0,3000.0
kata1-b6c96-s5214720-d1690538-temp-0.5,34,852.0015945647707,702.5573602439418,1001.4458288855996,859.747739648877,-7.746145084106274,2,a5803f8a5d9d87202b43d709cb328cedaf18c446af448f705c33d553e8c2e9f7,5170ec511fb50cdf10d648416d508574d70e9781ddf156a1b2a86d2b385e94dc,100,1729,maximum_nontransitivity_disagreement_gain,2000.0,3000.0
kata1-b6c96-s5214720-d1690538-temp-0.5,36,872.6018644993254,727.4167057546584,1017.7870232439924,859.747739648877,12.854124850448443,2,a5803f8a5d9d87202b43d709cb328cedaf18c446af448f705c33d553e8c2e9f7,5170ec511fb50cdf10d648416d508574d70e9781ddf156a1b2a86d2b385e94dc,100,1729,maximum_nontransitivity_disagreement_gain,2000.0,3000.0
kata1-b6c96-s5214720-d1690538-temp-0.5,38,861.6342646475169,722.0970081292234,1001.1715211658105,859.747739648877,1.8865249986399704,2,a5803f8a5d9d87202b43d709cb328cedaf18c446af448f705c33d553e8c2e9f7,5170ec511fb50cdf10d648416d508574d70e9781ddf156a1b2a86d2b385e94dc,100,1729,maximum_nontransitivity_disagreement_gain,2000.0,3000.0
kata1-b6c96-s5214720-d1690538-temp-0.5,40,852.1621302083956,717.6847568211399,986.6395035956514,859.747739648877,-7.585609440481335,2,a5803f8a5d9d87202b43d709cb328cedaf18c446af448f705c33d553e8c2e9f7,5170ec511fb50cdf10d648416d508574d70e9781ddf156a1b2a86d2b385e94dc,100,1729,maximum_nontransitivity_disagreement_gain,2000.0,3000.0
kata1-b6c96-s5214720-d1690538-temp-0.5,42,868.9856830473301,737.4386608696193,1000.5327052250409,859.747739648877,9.237943398453126,2,a5803f8a5d9d87202b43d709cb328cedaf18c446af448f705c33d553e8c2e9f7,5170ec511fb50cdf10d648416d508574d70e9781ddf156a1b2a86d2b385e94dc,100,1729,maximum_nontransitivity_disagreement_gain,2000.0,3000.0
kata1-b6c96-s5214720-d1690538-temp-0.5,44,836.7023405494065,710.8952780647427,962.5094030340703,859.747739648877,-23.0453990994705,2,a5803f8a5d9d87202b43d709cb328cedaf18c446af448f705c33d553e8c2e9f7,5170ec511fb50cdf10d648416d508574d70e9781ddf156a1b2a86d2b385e94dc,100,1729,maximum_nontransitivity_disagreement_gain,2000.0,3000.0
kata1-b6c96-s5214720-d1690538-temp-0.5,46,852.3013158073018,728.9467572978408,975.6558743167627,859.747739648877,-7.446423841575211,2,a5803f8a5d9d87202b43d709cb328cedaf18c446af448f705c33d553e8c2e9f7,5170ec511fb50cdf10d648416d508574d70e9781ddf156a1b2a86d2b385e94dc,100,1729,maximum_nontransitivity_disagreement_gain,2000.0,3000.0
kata1-b6c96-s5214720-d1690538-temp-0.5,48,845.3574804355075,725.5563244778298,965.1586363931851,859.747739648877,-14.390259213369518,2,a5803f8a5d9d87202b43d709cb328cedaf18c446af448f705c33d553e8c2e9f7,5170ec511fb50cdf10d648416d508574d70e9781ddf156a1b2a86d2b385e94dc,100,1729,maximum_nontransitivity_disagreement_gain,2000.0,3000.0
kata1-b6c96-s5214720-d1690538-temp-0.5,50,859.1104291190284,741.3166264833792,976.9042317546775,859.747739648877,-0.6373105298486053,2,a5803f8a5d9d87202b43d709cb328cedaf18c446af448f705c33d553e8c2e9f7,5170ec511fb50cdf10d648416d508574d70e9781ddf156a1b2a86d2b385e94dc,100,1729,maximum_nontransitivity_disagreement_gain,2000.0,3000.0
kata1-b6c96-s5214720-d1690538-temp-0.5,52,852.4514288035928,737.7751474597668,967.1277101474187,859.747739648877,-7.296310845284211,2,a5803f8a5d9d87202b43d709cb328cedaf18c446af448f705c33d553e8c2e9f7,5170ec511fb50cdf10d648416d508574d70e9781ddf156a1b2a86d2b385e94dc,100,1729,maximum_nontransitivity_disagreement_gain,2000.0,3000.0
kata1-b6c96-s5214720-d1690538-temp-0.5,54,864.752901952496,751.7543579694906,977.7514459355015,859.747739648877,5.005162303619045,2,a5803f8a5d9d87202b43d709cb328cedaf18c446af448f705c33d553e8c2e9f7,5170ec511fb50cdf10d648416d508574d70e9781ddf156a1b2a86d2b385e94dc,100,1729,maximum_nontransitivity_disagreement_gain,2000.0,3000.0
kata1-b6c96-s5214720-d1690538-temp-0.5,56,876.1793700942434,764.6953212982999,987.6634188901869,859.747739648877,16.43163044536641,2,a5803f8a5d9d87202b43d709cb328cedaf18c446af448f705c33d553e8c2e9f7,5170ec511fb50cdf10d648416d508574d70e9781ddf156a1b2a86d2b385e94dc,100,1729,maximum_nontransitivity_disagreement_gain,2000.0,3000.0
kata1-b6c96-s5214720-d1690538-temp-0.5,58,869.5106803430924,760.7083984814623,978.3129622047226,859.747739648877,9.762940694215445,2,a5803f8a5d9d87202b43d709cb328cedaf18c446af448f705c33d553e8c2e9f7,5170ec511fb50cdf10d648416d508574d70e9781ddf156a1b2a86d2b385e94dc,100,1729,maximum_nontransitivity_disagreement_gain,2000.0,3000.0
kata1-b6c96-s5214720-d1690538-temp-0.5,60,863.3609249613932,757.0472036108305,969.6746463119558,859.747739648877,3.6131853125161797,2,a5803f8a5d9d87202b43d709cb328cedaf18c446af448f705c33d553e8c2e9f7,5170ec511fb50cdf10d648416d508574d70e9781ddf156a1b2a86d2b385e94dc,100,1729,maximum_nontransitivity_disagreement_gain,2000.0,3000.0
kata1-b6c96-s5214720-d1690538-temp-0.5,62,873.525304429497,768.4414294147589,978.6091794442352,859.747739648877,13.777564780620082,2,a5803f8a5d9d87202b43d709cb328cedaf18c446af448f705c33d553e8c2e9f7,5170ec511fb50cdf10d648416d508574d70e9781ddf156a1b2a86d2b385e94dc,100,1729,maximum_nontransitivity_disagreement_gain,2000.0,3000.0
kata1-b6c96-s5214720-d1690538-temp-0.5,64,883.0878523710951,779.1317079330836,987.0439968091066,859.747739648877,23.340112722218123,2,a5803f8a5d9d87202b43d709cb328cedaf18c446af448f705c33d553e8c2e9f7,5170ec511fb50cdf10d648416d508574d70e9781ddf156a1b2a86d2b385e94dc,100,1729,maximum_nontransitivity_disagreement_gain,2000.0,3000.0
kata1-b6c96-s5214720-d1690538-temp-0.5,66,877.0489220625863,775.2885292457094,978.8093148794632,859.747739648877,17.301182413709284,2,a5803f8a5d9d87202b43d709cb328cedaf18c446af448f705c33d553e8c2e9f7,5170ec511fb50cdf10d648416d508574d70e9781ddf156a1b2a86d2b385e94dc,100,1729,maximum_nontransitivity_disagreement_gain,2000.0,3000.0
kata1-b6c96-s5214720-d1690538-temp-0.5,68,885.8925808790049,785.1223424650256,986.6628192929842,859.747739648877,26.144841230127895,2,a5803f8a5d9d87202b43d709cb328cedaf18c446af448f705c33d553e8c2e9f7,5170ec511fb50cdf10d648416d508574d70e9781ddf156a1b2a86d2b385e94dc,100,1729,maximum_nontransitivity_disagreement_gain,2000.0,3000.0
kata1-b6c96-s5214720-d1690538-temp-0.5,70,894.2760465868096,794.4226477559024,994.1294454177167,859.747739648877,34.5283069379326,2,a5803f8a5d9d87202b43d709cb328cedaf18c446af448f705c33d553e8c2e9f7,5170ec511fb50cdf10d648416d508574d70e9781ddf156a1b2a86d2b385e94dc,100,1729,maximum_nontransitivity_disagreement_gain,2000.0,3000.0
kata1-b6c96-s5214720-d1690538-temp-0.5,72,902.2430446913052,803.2414129472928,1001.2446764353175,859.747739648877,42.495305042428186,2,a5803f8a5d9d87202b43d709cb328cedaf18c446af448f705c33d553e8c2e9f7,5170ec511fb50cdf10d648416d508574d70e9781ddf156a1b2a86d2b385e94dc,100,1729,maximum_nontransitivity_disagreement_gain,2000.0,3000.0
kata1-b6c96-s5214720-d1690538-temp-0.5,74,909.8315236311022,811.6236108967003,1008.0394363655041,859.747739648877,50.08378398222521,2,a5803f8a5d9d87202b43d709cb328cedaf18c446af448f705c33d553e8c2e9f7,5170ec511fb50cdf10d648416d508574d70e9781ddf156a1b2a86d2b385e94dc,100,1729,maximum_nontransitivity_disagreement_gain,2000.0,3000.0
kata1-b6c96-s5214720-d1690538-temp-0.5,76,903.6503695561596,807.3431554058669,999.9575837064523,859.747739648877,43.90262990728263,2,a5803f8a5d9d87202b43d709cb328cedaf18c446af448f705c33d553e8c2e9f7,5170ec511fb50cdf10d648416d508574d70e9781ddf156a1b2a86d2b385e94dc,100,1729,maximum_nontransitivity_disagreement_gain,2000.0,3000.0
kata1-b6c96-s5214720-d1690538-temp-0.5,78,910.7831869892852,815.1889013787057,1006.3774725998647,859.747739648877,51.03544734040827,2,a5803f8a5d9d87202b43d709cb328cedaf18c446af448f705c33d553e8c2e9f7,5170ec511fb50cdf10d648416d508574d70e9781ddf156a1b2a86d2b385e94dc,100,1729,maximum_nontransitivity_disagreement_gain,2000.0,3000.0
kata1-b6c96-s5214720-d1690538-temp-0.5,80,917.6112799286326,822.6857243532804,1012.5368355039848,859.747739648877,57.863540279755625,2,a5803f8a5d9d87202b43d709cb328cedaf18c446af448f705c33d553e8c2e9f7,5170ec511fb50cdf10d648416d508574d70e9781ddf156a1b2a86d2b385e94dc,100,1729,maximum_nontransitivity_disagreement_gain,2000.0,3000.0
kata1-b6c96-s5214720-d1690538-temp-0.5,82,924.1588081904204,829.8619709186247,1018.455645462216,859.747739648877,64.41106854154339,2,a5803f8a5d9d87202b43d709cb328cedaf18c446af448f705c33d553e8c2e9f7,5170ec511fb50cdf10d648416d508574d70e9781ddf156a1b2a86d2b385e94dc,100,1729,maximum_nontransitivity_disagreement_gain,2000.0,3000.0
kata1-b6c96-s5214720-d1690538-temp-0.5,84,918.0943727617797,825.5076825520546,1010.6810629715048,859.747739648877,58.34663311290274,2,a5803f8a5d9d87202b43d709cb328cedaf18c446af448f705c33d553e8c2e9f7,5170ec511fb50cdf10d648416d508574d70e9781ddf156a1b2a86d2b385e94dc,100,1729,maximum_nontransitivity_disagreement_gain,2000.0,3000.0
kata1-b6c96-s5214720-d1690538-temp-0.5,86,924.302127764689,832.2875758620108,1016.3166796673671,859.747739648877,64.554388115812,2,a5803f8a5d9d87202b43d709cb328cedaf18c446af448f705c33d553e8c2e9f7,5170ec511fb50cdf10d648416d508574d70e9781ddf156a1b2a86d2b385e94dc,100,1729,maximum_nontransitivity_disagreement_gain,2000.0,3000.0
kata1-b6c96-s5214720-d1690538-temp-0.5,88,918.476541002899,828.053979482842,1008.899102522956,859.747739648877,58.72880135402204,2,a5803f8a5d9d87202b43d709cb328cedaf18c446af448f705c33d553e8c2e9f7,5170ec511fb50cdf10d648416d508574d70e9781ddf156a1b2a86d2b385e94dc,100,1729,maximum_nontransitivity_disagreement_gain,2000.0,3000.0
kata1-b6c96-s5214720-d1690538-temp-0.5,90,912.9917700305294,824.0706734631503,1001.9128665979085,859.747739648877,53.244030381652465,2,a5803f8a5d9d87202b43d709cb328cedaf18c446af448f705c33d553e8c2e9f7,5170ec511fb50cdf10d648416d508574d70e9781ddf156a1b2a86d2b385e94dc,100,1729,maximum_nontransitivity_disagreement_gain,2000.0,3000.0
kata1-b6c96-s5214720-d1690538-temp-0.5,92,918.8194245706068,830.4054117290036,1007.2334374122099,859.747739648877,59.0716849217298,2,a5803f8a5d9d87202b43d709cb328cedaf18c446af448f705c33d553e8c2e9f7,5170ec511fb50cdf10d648416d508574d70e9781ddf156a1b2a86d2b385e94dc,100,1729,maximum_nontransitivity_disagreement_gain,2000.0,3000.0
kata1-b6c96-s5214720-d1690538-temp-0.5,94,913.5717576134077,826.5615944737223,1000.5819207530932,859.747739648877,53.82401796453075,2,a5803f8a5d9d87202b43d709cb328cedaf18c446af448f705c33d553e8c2e9f7,5170ec511fb50cdf10d648416d508574d70e9781ddf156a1b2a86d2b385e94dc,100,1729,maximum_nontransitivity_disagreement_gain,2000.0,3000.0
kata1-b6c96-s5214720-d1690538-temp-0.5,96,917.5631974925429,830.9873482177231,1004.1390467673627,859.747739648877,57.81545784366597,2,a5803f8a5d9d87202b43d709cb328cedaf18c446af448f705c33d553e8c2e9f7,5170ec511fb50cdf10d648416d508574d70e9781ddf156a1b2a86d2b385e94dc,100,1729,maximum_nontransitivity_disagreement_gain,2000.0,3000.0
kata1-b6c96-s5214720-d1690538-temp-0.5,98,922.9788561179291,836.8481523359528,1009.1095598999054,859.747739648877,63.231116469052154,2,a5803f8a5d9d87202b43d709cb328cedaf18c446af448f705c33d553e8c2e9f7,5170ec511fb50cdf10d648416d508574d70e9781ddf156a1b2a86d2b385e94dc,100,1729,maximum_nontransitivity_disagreement_gain,2000.0,3000.0
kata1-b6c96-s5214720-d1690538-temp-0.5,100,917.9703655525665,833.1454984061955,1002.7952326989374,859.747739648877,58.222625903689504,2,a5803f8a5d9d87202b43d709cb328cedaf18c446af448f705c33d553e8c2e9f7,5170ec511fb50cdf10d648416d508574d70e9781ddf156a1b2a86d2b385e94dc,100,1729,maximum_nontransitivity_disagreement_gain,2000.0,3000.0
kata1-b6c96-s8080640-d1961030-temp-0.7,2,1154.4686339615703,-1282.1647683017293,3591.10203622487,997.4564556464111,157.0121783151592,2,a5803f8a5d9d87202b43d709cb328cedaf18c446af448f705c33d553e8c2e9f7,5170ec511fb50cdf10d648416d508574d70e9781ddf156a1b2a86d2b385e94dc,100,1729,maximum_nontransitivity_disagreement_gain,2000.0,3000.0
kata1-b6c96-s8080640-d1961030-temp-0.7,4,1146.8193055627783,662.974242761884,1630.6643683636726,997.4564556464111,149.36284991636717,2,a5803f8a5d9d87202b43d709cb328cedaf18c446af448f705c33d553e8c2e9f7,5170ec511fb50cdf10d648416d508574d70e9781ddf156a1b2a86d2b385e94dc,100,1729,maximum_nontransitivity_disagreement_gain,2000.0,3000.0
kata1-b6c96-s8080640-d1961030-temp-0.7,6,1146.6483143109947,800.8238401422675,1492.4727884797219,997.4564556464111,149.1918586645836,2,a5803f8a5d9d87202b43d709cb328cedaf18c446af448f705c33d553e8c2e9f7,5170ec511fb50cdf10d648416d508574d70e9781ddf156a1b2a86d2b385e94dc,100,1729,maximum_nontransitivity_disagreement_gain,2000.0,3000.0
kata1-b6c96-s8080640-d1961030-temp-0.7,8,1021.7967430242458,721.2617775360086,1322.331708512483,997.4564556464111,24.34028737783467,2,a5803f8a5d9d87202b43d709cb328cedaf18c446af448f705c33d553e8c2e9f7,5170ec511fb50cdf10d648416d508574d70e9781ddf156a1b2a86d2b385e94dc,100,1729,maximum_nontransitivity_disagreement_gain,2000.0,3000.0
kata1-b6c96-s8080640-d1961030-temp-0.7,10,1128.6206571539585,881.3939966099715,1375.8473176979455,997.4564556464111,131.16420150754743,2,a5803f8a5d9d87202b43d709cb328cedaf18c446af448f705c33d553e8c2e9f7,5170ec511fb50cdf10d648416d508574d70e9781ddf156a1b2a86d2b385e94dc,100,1729,maximum_nontransitivity_disagreement_gain,2000.0,3000.0
kata1-b6c96-s8080640-d1961030-temp-0.7,12,1117.5261966135672,895.7051755380727,1339.3472176890618,997.4564556464111,120.06974096715612,2,a5803f8a5d9d87202b43d709cb328cedaf18c446af448f705c33d553e8c2e9f7,5170ec511fb50cdf10d648416d508574d70e9781ddf156a1b2a86d2b385e94dc,100,1729,maximum_nontransitivity_disagreement_gain,2000.0,3000.0
kata1-b6c96-s8080640-d1961030-temp-0.7,14,1110.0996486225813,907.2155300113012,1312.9837672338615,997.4564556464111,112.64319297617021,2,a5803f8a5d9d87202b43d709cb328cedaf18c446af448f705c33d553e8c2e9f7,5170ec511fb50cdf10d648416d508574d70e9781ddf156a1b2a86d2b385e94dc,100,1729,maximum_nontransitivity_disagreement_gain,2000.0,3000.0
kata1-b6c96-s8080640-d1961030-temp-0.7,16,1115.321065720721,927.2872629948964,1303.3548684465454,997.4564556464111,117.8646100743099,2,a5803f8a5d9d87202b43d709cb328cedaf18c446af448f705c33d553e8c2e9f7,5170ec511fb50cdf10d648416d508574d70e9781ddf156a1b2a86d2b385e94dc,100,1729,maximum_nontransitivity_disagreement_gain,2000.0,3000.0
kata1-b6c96-s8080640-d1961030-temp-0.7,18,1119.2662666523427,943.2038975934197,1295.3286357112656,997.4564556464111,121.80981100593158,2,a5803f8a5d9d87202b43d709cb328cedaf18c446af448f705c33d553e8c2e9f7,5170ec511fb50cdf10d648416d508574d70e9781ddf156a1b2a86d2b385e94dc,100,1729,maximum_nontransitivity_disagreement_gain,2000.0,3000.0
kata1-b6c96-s8080640-d1961030-temp-0.7,20,1073.1465859114794,905.8380009135631,1240.4551709093957,997.4564556464111,75.69013026506832,2,a5803f8a5d9d87202b43d709cb328cedaf18c446af448f705c33d553e8c2e9f7,5170ec511fb50cdf10d648416d508574d70e9781ddf156a1b2a86d2b385e94dc,100,1729,maximum_nontransitivity_disagreement_gain,2000.0,3000.0
kata1-b6c96-s8080640-d1961030-temp-0.7,22,1035.506715591653,874.4303774961377,1196.583053687168,997.4564556464111,38.050259945241805,2,a5803f8a5d9d87202b43d709cb328cedaf18c446af448f705c33d553e8c2e9f7,5170ec511fb50cdf10d648416d508574d70e9781ddf156a1b2a86d2b385e94dc,100,1729,maximum_nontransitivity_disagreement_gain,2000.0,3000.0
kata1-b6c96-s8080640-d1961030-temp-0.7,24,1039.074329626748,885.8531352068053,1192.2955240466908,997.4564556464111,41.61787398033698,2,a5803f8a5d9d87202b43d709cb328cedaf18c446af448f705c33d553e8c2e9f7,5170ec511fb50cdf10d648416d508574d70e9781ddf156a1b2a86d2b385e94dc,100,1729,maximum_nontransitivity_disagreement_gain,2000.0,3000.0
kata1-b6c96-s8080640-d1961030-temp-0.7,26,1009.984477045604,860.9957060738025,1158.9732480174055,997.4564556464111,12.52802139919288,2,a5803f8a5d9d87202b43d709cb328cedaf18c446af448f705c33d553e8c2e9f7,5170ec511fb50cdf10d648416d508574d70e9781ddf156a1b2a86d2b385e94dc,100,1729,maximum_nontransitivity_disagreement_gain,2000.0,3000.0
kata1-b6c96-s8080640-d1961030-temp-0.7,28,984.6573706278186,839.0287650427648,1130.2859762128726,997.4564556464111,-12.79908501859245,2,a5803f8a5d9d87202b43d709cb328cedaf18c446af448f705c33d553e8c2e9f7,5170ec511fb50cdf10d648416d508574d70e9781ddf156a1b2a86d2b385e94dc,100,1729,maximum_nontransitivity_disagreement_gain,2000.0,3000.0
kata1-b6c96-s8080640-d1961030-temp-0.7,30,996.6956152719463,857.1674840742996,1136.223746469593,997.4564556464111,-0.7608403744648058,2,a5803f8a5d9d87202b43d709cb328cedaf18c446af448f705c33d553e8c2e9f7,5170ec511fb50cdf10d648416d508574d70e9781ddf156a1b2a86d2b385e94dc,100,1729,maximum_nontransitivity_disagreement_gain,2000.0,3000.0
kata1-b6c96-s8080640-d1961030-temp-0.7,32,1007.0430115989053,872.8401679267706,1141.24585527104,997.4564556464111,9.586555952494223,2,a5803f8a5d9d87202b43d709cb328cedaf18c446af448f705c33d553e8c2e9f7,5170ec511fb50cdf10d648416d508574d70e9781ddf156a1b2a86d2b385e94dc,100,1729,maximum_nontransitivity_disagreement_gain,2000.0,3000.0
kata1-b6c96-s8080640-d1961030-temp-0.7,34,991.0738204537844,859.2517029806638,1122.895937926905,997.4564556464111,-6.382635192626708,2,a5803f8a5d9d87202b43d709cb328cedaf18c446af448f705c33d553e8c2e9f7,5170ec511fb50cdf10d648416d508574d70e9781ddf156a1b2a86d2b385e94dc,100,1729,maximum_nontransitivity_disagreement_gain,2000.0,3000.0
kata1-b6c96-s8080640-d1961030-temp-0.7,36,976.525463823191,846.7193797924126,1106.3315478539694,997.4564556464111,-20.930991823220097,2,a5803f8a5d9d87202b43d709cb328cedaf18c446af448f705c33d553e8c2e9f7,5170ec511fb50cdf10d648416d508574d70e9781ddf156a1b2a86d2b385e94dc,100,1729,maximum_nontransitivity_disagreement_gain,2000.0,3000.0
kata1-b6c96-s8080640-d1961030-temp-0.7,38,959.0475506375979,830.9695068735107,1087.125594401685,997.4564556464111,-38.408905008813235,2,a5803f8a5d9d87202b43d709cb328cedaf18c446af448f705c33d553e8c2e9f7,5170ec511fb50cdf10d648416d508574d70e9781ddf156a1b2a86d2b385e94dc,100,1729,maximum_nontransitivity_disagreement_gain,2000.0,3000.0
kata1-b6c96-s8080640-d1961030-temp-0.7,40,946.8701482475716,820.2937803057456,1073.4465161893975,997.4564556464111,-50.586307398839494,2,a5803f8a5d9d87202b43d709cb328cedaf18c446af448f705c33d553e8c2e9f7,5170ec511fb50cdf10d648416d508574d70e9781ddf156a1b2a86d2b385e94dc,100,1729,maximum_nontransitivity_disagreement_gain,2000.0,3000.0
kata1-b6c96-s8080640-d1961030-temp-0.7,42,931.8356437092558,806.5750670897154,1057.0962203287963,997.4564556464111,-65.62081193715528,2,a5803f8a5d9d87202b43d709cb328cedaf18c446af448f705c33d553e8c2e9f7,5170ec511fb50cdf10d648416d508574d70e9781ddf156a1b2a86d2b385e94dc,100,1729,maximum_nontransitivity_disagreement_gain,2000.0,3000.0
kata1-b6c96-s8080640-d1961030-temp-0.7,44,964.1492741894244,845.6862976602936,1082.6122507185553,997.4564556464111,-33.307181456986655,2,a5803f8a5d9d87202b43d709cb328cedaf18c446af448f705c33d553e8c2e9f7,5170ec511fb50cdf10d648416d508574d70e9781ddf156a1b2a86d2b385e94dc,100,1729,maximum_nontransitivity_disagreement_gain,2000.0,3000.0
kata1-b6c96-s8080640-d1961030-temp-0.7,46,973.0696629798531,858.0388329069386,1088.1004930527674,997.4564556464111,-24.386792666557994,2,a5803f8a5d9d87202b43d709cb328cedaf18c446af448f705c33d553e8c2e9f7,5170ec511fb50cdf10d648416d508574d70e9781ddf156a1b2a86d2b385e94dc,100,1729,maximum_nontransitivity_disagreement_gain,2000.0,3000.0
kata1-b6c96-s8080640-d1961030-temp-0.7,48,962.683499896814,848.8213282768169,1076.5456715168114,997.4564556464111,-34.77295574959703,2,a5803f8a5d9d87202b43d709cb328cedaf18c446af448f705c33d553e8c2e9f7,5170ec511fb50cdf10d648416d508574d70e9781ddf156a1b2a86d2b385e94dc,100,1729,maximum_nontransitivity_disagreement_gain,2000.0,3000.0
kata1-b6c96-s8080640-d1961030-temp-0.7,50,971.0185511025287,860.2162245449349,1081.8208776601225,997.4564556464111,-26.437904543882382,2,a5803f8a5d9d87202b43d709cb328cedaf18c446af448f705c33d553e8c2e9f7,5170ec511fb50cdf10d648416d508574d70e9781ddf156a1b2a86d2b385e94dc,100,1729,maximum_nontransitivity_disagreement_gain,2000.0,3000.0
kata1-b6c96-s8080640-d1961030-temp-0.7,52,975.670930100369,867.649460451699,1083.692399749039,997.4564556464111,-21.785525546042095,2,a5803f8a5d9d87202b43d709cb328cedaf18c446af448f705c33d553e8c2e9f7,5170ec511fb50cdf10d648416d508574d70e9781ddf156a1b2a86d2b385e94dc,100,1729,maximum_nontransitivity_disagreement_gain,2000.0,3000.0
kata1-b6c96-s8080640-d1961030-temp-0.7,54,963.5885652567799,856.5425531872702,1070.6345773262897,997.4564556464111,-33.86789038963116,2,a5803f8a5d9d87202b43d709cb328cedaf18c446af448f705c33d553e8c2e9f7,5170ec511fb50cdf10d648416d508574d70e9781ddf156a1b2a86d2b385e94dc,100,1729,maximum_nontransitivity_disagreement_gain,2000.0,3000.0
kata1-b6c96-s8080640-d1961030-temp-0.7,56,954.9280909354202,848.7654458542498,1061.0907360165904,997.4564556464111,-42.5283647109909,2,a5803f8a5d9d87202b43d709cb328cedaf18c446af448f705c33d553e8c2e9f7,5170ec511fb50cdf10d648416d508574d70e9781ddf156a1b2a86d2b385e94dc,100,1729,maximum_nontransitivity_disagreement_gain,2000.0,3000.0
kata1-b6c96-s8080640-d1961030-temp-0.7,58,946.7014994001843,841.3432523093285,1052.0597464910402,997.4564556464111,-50.75495624622681,2,a5803f8a5d9d87202b43d709cb328cedaf18c446af448f705c33d553e8c2e9f7,5170ec511fb50cdf10d648416d508574d70e9781ddf156a1b2a86d2b385e94dc,100,1729,maximum_nontransitivity_disagreement_gain,2000.0,3000.0
kata1-b6c96-s8080640-d1961030-temp-0.7,60,951.8369655377078,848.9439937427214,1054.7299373326941,997.4564556464111,-45.6194901087033,2,a5803f8a5d9d87202b43d709cb328cedaf18c446af448f705c33d553e8c2e9f7,5170ec511fb50cdf10d648416d508574d70e9781ddf156a1b2a86d2b385e94dc,100,1729,maximum_nontransitivity_disagreement_gain,2000.0,3000.0
kata1-b6c96-s8080640-d1961030-temp-0.7,62,949.2073434699353,847.8329382973692,1050.5817486425012,997.4564556464111,-48.24911217647582,2,a5803f8a5d9d87202b43d709cb328cedaf18c446af448f705c33d553e8c2e9f7,5170ec511fb50cdf10d648416d508574d70e9781ddf156a1b2a86d2b385e94dc,100,1729,maximum_nontransitivity_disagreement_gain,2000.0,3000.0
kata1-b6c96-s8080640-d1961030-temp-0.7,64,956.202381456273,857.0050509118886,1055.3997120006575,997.4564556464111,-41.25407419013811,2,a5803f8a5d9d87202b43d709cb328cedaf18c446af448f705c33d553e8c2e9f7,5170ec511fb50cdf10d648416d508574d70e9781ddf156a1b2a86d2b385e94dc,100,1729,maximum_nontransitivity_disagreement_gain,2000.0,3000.0
kata1-b6c96-s8080640-d1961030-temp-0.7,66,973.7666171199511,877.7735395118725,1069.7596947280297,997.4564556464111,-23.689838526459994,2,a5803f8a5d9d87202b43d709cb328cedaf18c446af448f705c33d553e8c2e9f7,5170ec511fb50cdf10d648416d508574d70e9781ddf156a1b2a86d2b385e94dc,100,1729,maximum_nontransitivity_disagreement_gain,2000.0,3000.0
kata1-b6c96-s8080640-d1961030-temp-0.7,68,977.1623733705629,882.9346990685173,1071.3900476726087,997.4564556464111,-20.294082275848154,2,a5803f8a5d9d87202b43d709cb328cedaf18c446af448f705c33d553e8c2e9f7,5170ec511fb50cdf10d648416d508574d70e9781ddf156a1b2a86d2b385e94dc,100,1729,maximum_nontransitivity_disagreement_gain,2000.0,3000.0
kata1-b6c96-s8080640-d1961030-temp-0.7,70,992.3762005380746,900.6853958322612,1084.067005243888,997.4564556464111,-5.080255108336473,2,a5803f8a5d9d87202b43d709cb328cedaf18c446af448f705c33d553e8c2e9f7,5170ec511fb50cdf10d648416d508574d70e9781ddf156a1b2a86d2b385e94dc,100,1729,maximum_nontransitivity_disagreement_gain,2000.0,3000.0
kata1-b6c96-s8080640-d1961030-temp-0.7,72,983.2417766140499,892.2253323823451,1074.2582208457545,997.4564556464111,-14.214679032361232,2,a5803f8a5d9d87202b43d709cb328cedaf18c446af448f705c33d553e8c2e9f7,5170ec511fb50cdf10d648416d508574d70e9781ddf156a1b2a86d2b385e94dc,100,1729,maximum_nontransitivity_disagreement_gain,2000.0,3000.0
kata1-b6c96-s8080640-d1961030-temp-0.7,74,986.0074246499735,896.4563946934671,1075.5584546064797,997.4564556464111,-11.449030996437614,2,a5803f8a5d9d87202b43d709cb328cedaf18c446af448f705c33d553e8c2e9f7,5170ec511fb50cdf10d648416d508574d70e9781ddf156a1b2a86d2b385e94dc,100,1729,maximum_nontransitivity_disagreement_gain,2000.0,3000.0
kata1-b6c96-s8080640-d1961030-temp-0.7,76,977.4969585102536,888.5539990098868,1066.4399180106204,997.4564556464111,-19.959497136157438,2,a5803f8a5d9d87202b43d709cb328cedaf18c446af448f705c33d553e8c2e9f7,5170ec511fb50cdf10d648416d508574d70e9781ddf156a1b2a86d2b385e94dc,100,1729,maximum_nontransitivity_disagreement_gain,2000.0,3000.0
kata1-b6c96-s8080640-d1961030-temp-0.7,78,971.2499324918497,882.8733618900965,1059.6265030936029,997.4564556464111,-26.20652315456141,2,a5803f8a5d9d87202b43d709cb328cedaf18c446af448f705c33d553e8c2e9f7,5170ec511fb50cdf10d648416d508574d70e9781ddf156a1b2a86d2b385e94dc,100,1729,maximum_nontransitivity_disagreement_gain,2000.0,3000.0
kata1-b6c96-s8080640-d1961030-temp-0.7,80,968.8022988397373,881.3779868599042,1056.2266108195704,997.4564556464111,-28.654156806673768,2,a5803f8a5d9d87202b43d709cb328cedaf18c446af448f705c33d553e8c2e9f7,5170ec511fb50cdf10d648416d508574d70e9781ddf156a1b2a86d2b385e94dc,100,1729,maximum_nontransitivity_disagreement_gain,2000.0,3000.0
kata1-b6c96-s8080640-d1961030-temp-0.7,82,973.5723763822019,887.464941626585,1059.679811137819,997.4564556464111,-23.884079264209163,2,a5803f8a5d9d87202b43d709cb328cedaf18c446af448f705c33d553e8c2e9f7,5170ec511fb50cdf10d648416d508574d70e9781ddf156a1b2a86d2b385e94dc,100,1729,maximum_nontransitivity_disagreement_gain,2000.0,3000.0
kata1-b6c96-s8080640-d1961030-temp-0.7,84,988.1239006641446,903.9481856769438,1072.2996156513452,997.4564556464111,-9.332554982266515,2,a5803f8a5d9d87202b43d709cb328cedaf18c446af448f705c33d553e8c2e9f7,5170ec511fb50cdf10d648416d508574d70e9781ddf156a1b2a86d2b385e94dc,100,1729,maximum_nontransitivity_disagreement_gain,2000.0,3000.0
kata1-b6c96-s8080640-d1961030-temp-0.7,86,982.324139711329,898.6504746327612,1065.997804789897,997.4564556464111,-15.132315935082033,2,a5803f8a5d9d87202b43d709cb328cedaf18c446af448f705c33d553e8c2e9f7,5170ec511fb50cdf10d648416d508574d70e9781ddf156a1b2a86d2b385e94dc,100,1729,maximum_nontransitivity_disagreement_gain,2000.0,3000.0
kata1-b6c96-s8080640-d1961030-temp-0.7,88,976.7252045911356,893.5227931636135,1059.9276160186578,997.4564556464111,-20.731251055275493,2,a5803f8a5d9d87202b43d709cb328cedaf18c446af448f705c33d553e8c2e9f7,5170ec511fb50cdf10d648416d508574d70e9781ddf156a1b2a86d2b385e94dc,100,1729,maximum_nontransitivity_disagreement_gain,2000.0,3000.0
kata1-b6c96-s8080640-d1961030-temp-0.7,90,979.1509217356393,897.0624813574208,1061.2393621138579,997.4564556464111,-18.30553391077183,2,a5803f8a5d9d87202b43d709cb328cedaf18c446af448f705c33d553e8c2e9f7,5170ec511fb50cdf10d648416d508574d70e9781ddf156a1b2a86d2b385e94dc,100,1729,maximum_nontransitivity_disagreement_gain,2000.0,3000.0
kata1-b6c96-s8080640-d1961030-temp-0.7,92,981.4867157182148,900.4579401015952,1062.5154913348342,997.4564556464111,-15.969739928196304,2,a5803f8a5d9d87202b43d709cb328cedaf18c446af448f705c33d553e8c2e9f7,5170ec511fb50cdf10d648416d508574d70e9781ddf156a1b2a86d2b385e94dc,100,1729,maximum_nontransitivity_disagreement_gain,2000.0,3000.0
kata1-b6c96-s8080640-d1961030-temp-0.7,94,992.5522428006332,913.0706938639764,1072.03379173729,997.4564556464111,-4.90421284577792,2,a5803f8a5d9d87202b43d709cb328cedaf18c446af448f705c33d553e8c2e9f7,5170ec511fb50cdf10d648416d508574d70e9781ddf156a1b2a86d2b385e94dc,100,1729,maximum_nontransitivity_disagreement_gain,2000.0,3000.0
kata1-b6c96-s8080640-d1961030-temp-0.7,96,1002.9349560914643,924.8474981372992,1081.0224140456294,997.4564556464111,5.478500445053214,2,a5803f8a5d9d87202b43d709cb328cedaf18c446af448f705c33d553e8c2e9f7,5170ec511fb50cdf10d648416d508574d70e9781ddf156a1b2a86d2b385e94dc,100,1729,maximum_nontransitivity_disagreement_gain,2000.0,3000.0
kata1-b6c96-s8080640-d1961030-temp-0.7,98,992.6900401996454,914.9089834377352,1070.4710969615558,997.4564556464111,-4.766415446765677,2,a5803f8a5d9d87202b43d709cb328cedaf18c446af448f705c33d553e8c2e9f7,5170ec511fb50cdf10d648416d508574d70e9781ddf156a1b2a86d2b385e94dc,100,1729,maximum_nontransitivity_disagreement_gain,2000.0,3000.0
kata1-b6c96-s8080640-d1961030-temp-0.7,100,991.2650152541503,914.230408289035,1068.2996222192655,997.4564556464111,-6.191440392260802,2,a5803f8a5d9d87202b43d709cb328cedaf18c446af448f705c33d553e8c2e9f7,5170ec511fb50cdf10d648416d508574d70e9781ddf156a1b2a86d2b385e94dc,100,1729,maximum_nontransitivity_disagreement_gain,2000.0,3000.0
kata1-b6c96-s4136960-d1510003,2,1152.7974656342496,-1281.8293236752222,3587.4242549437213,1103.3176616901274,49.479803944122295,2,a5803f8a5d9d87202b43d709cb328cedaf18c446af448f705c33d553e8c2e9f7,5170ec511fb50cdf10d648416d508574d70e9781ddf156a1b2a86d2b385e94dc,100,1729,maximum_nontransitivity_disagreement_gain,2000.0,3000.0
kata1-b6c96-s4136960-d1510003,4,1582.647066054958,974.7194306433557,2190.5747014665603,1103.3176616901274,479.3294043648307,2,a5803f8a5d9d87202b43d709cb328cedaf18c446af448f705c33d553e8c2e9f7,5170ec511fb50cdf10d648416d508574d70e9781ddf156a1b2a86d2b385e94dc,100,1729,maximum_nontransitivity_disagreement_gain,2000.0,3000.0
kata1-b6c96-s4136960-d1510003,6,1515.4282610176526,1000.7818066474132,2030.074715387892,1103.3176616901274,412.1105993275253,2,a5803f8a5d9d87202b43d709cb328cedaf18c446af448f705c33d553e8c2e9f7,5170ec511fb50cdf10d648416d508574d70e9781ddf156a1b2a86d2b385e94dc,100,1729,maximum_nontransitivity_disagreement_gain,2000.0,3000.0
kata1-b6c96-s4136960-d1510003,8,1475.8402910640073,1006.416054513591,1945.2645276144235,1103.3176616901274,372.5226293738799,2,a5803f8a5d9d87202b43d709cb328cedaf18c446af448f705c33d553e8c2e9f7,5170ec511fb50cdf10d648416d508574d70e9781ddf156a1b2a86d2b385e94dc,100,1729,maximum_nontransitivity_disagreement_gain,2000.0,3000.0
kata1-b6c96-s4136960-d1510003,10,1307.2963268662788,946.3293260881114,1668.2633276444462,1103.3176616901274,203.97866517615148,2,a5803f8a5d9d87202b43d709cb328cedaf18c446af448f705c33d553e8c2e9f7,5170ec511fb50cdf10d648416d508574d70e9781ddf156a1b2a86d2b385e94dc,100,1729,maximum_nontransitivity_disagreement_gain,2000.0,3000.0
kata1-b6c96-s4136960-d1510003,12,1187.4245329978407,873.4275798719466,1501.421486123735,1103.3176616901274,84.10687130771339,2,a5803f8a5d9d87202b43d709cb328cedaf18c446af448f705c33d553e8c2e9f7,5170ec511fb50cdf10d648416d508574d70e9781ddf156a1b2a86d2b385e94dc,100,1729,maximum_nontransitivity_disagreement_gain,2000.0,3000.0
kata1-b6c96-s4136960-d1510003,14,1062.7790334472525,768.3827008903198,1357.175366004185,1103.3176616901274,-40.53862824287489,2,a5803f8a5d9d87202b43d709cb328cedaf18c446af448f705c33d553e8c2e9f7,5170ec511fb50cdf10d648416d508574d70e9781ddf156a1b2a86d2b385e94dc,100,1729,maximum_nontransitivity_disagreement_gain,2000.0,3000.0
kata1-b6c96-s4136960-d1510003,16,983.3500750862481,702.251344162737,1264.4488060097592,1103.3176616901274,-119.96758660387923,2,a5803f8a5d9d87202b43d709cb328cedaf18c446af448f705c33d553e8c2e9f7,5170ec511fb50cdf10d648416d508574d70e9781ddf156a1b2a86d2b385e94dc,100,1729,maximum_nontransitivity_disagreement_gain,2000.0,3000.0
kata1-b6c96-s4136960-d1510003,18,966.7692037760119,717.0106648192,1216.5277427328238,1103.3176616901274,-136.5484579141155,2,a5803f8a5d9d87202b43d709cb328cedaf18c446af448f705c33d553e8c2e9f7,5170ec511fb50cdf10d648416d508574d70e9781ddf156a1b2a86d2b385e94dc,100,1729,maximum_nontransitivity_disagreement_gain,2000.0,3000.0
kata1-b6c96-s4136960-d1510003,20,1028.4761863762003,813.3781058955398,1243.574266856861,1103.3176616901274,-74.84147531392705,2,a5803f8a5d9d87202b43d709cb328cedaf18c446af448f705c33d553e8c2e9f7,5170ec511fb50cdf10d648416d508574d70e9781ddf156a1b2a86d2b385e94dc,100,1729,maximum_nontransitivity_disagreement_gain,2000.0,3000.0
kata1-b6c96-s4136960-d1510003,22,1032.3206363690051,835.1307072508803,1229.51056548713,1103.3176616901274,-70.99702532112224,2,a5803f8a5d9d87202b43d709cb328cedaf18c446af448f705c33d553e8c2e9f7,5170ec511fb50cdf10d648416d508574d70e9781ddf156a1b2a86d2b385e94dc,100,1729,maximum_nontransitivity_disagreement_gain,2000.0,3000.0
kata1-b6c96-s4136960-d1510003,24,1059.7500276786154,878.0323439238207,1241.4677114334102,1103.3176616901274,-43.56763401151193,2,a5803f8a5d9d87202b43d709cb328cedaf18c446af448f705c33d553e8c2e9f7,5170ec511fb50cdf10d648416d508574d70e9781ddf156a1b2a86d2b385e94dc,100,1729,maximum_nontransitivity_disagreement_gain,2000.0,3000.0
kata1-b6c96-s4136960-d1510003,26,1015.1156989417937,841.6336038380978,1188.5977940454895,1103.3176616901274,-88.2019627483337,2,a5803f8a5d9d87202b43d709cb328cedaf18c446af448f705c33d553e8c2e9f7,5170ec511fb50cdf10d648416d508574d70e9781ddf156a1b2a86d2b385e94dc,100,1729,maximum_nontransitivity_disagreement_gain,2000.0,3000.0
kata1-b6c96-s4136960-d1510003,28,1019.1612543098458,855.4225258587585,1182.8999827609332,1103.3176616901274,-84.15640738028151,2,a5803f8a5d9d87202b43d709cb328cedaf18c446af448f705c33d553e8c2e9f7,5170ec511fb50cdf10d648416d508574d70e9781ddf156a1b2a86d2b385e94dc,100,1729,maximum_nontransitivity_disagreement_gain,2000.0,3000.0
kata1-b6c96-s4136960-d1510003,30,1022.4042738780705,866.8713989908292,1177.9371487653118,1103.3176616901274,-80.91338781205684,2,a5803f8a5d9d87202b43d709cb328cedaf18c446af448f705c33d553e8c2e9f7,5170ec511fb50cdf10d648416d508574d70e9781ddf156a1b2a86d2b385e94dc,100,1729,maximum_nontransitivity_disagreement_gain,2000.0,3000.0
kata1-b6c96-s4136960-d1510003,32,1025.1000966222834,876.6017557760856,1173.5984374684813,1103.3176616901274,-78.2175650678439,2,a5803f8a5d9d87202b43d709cb328cedaf18c446af448f705c33d553e8c2e9f7,5170ec511fb50cdf10d648416d508574d70e9781ddf156a1b2a86d2b385e94dc,100,1729,maximum_nontransitivity_disagreement_gain,2000.0,3000.0
kata1-b6c96-s4136960-d1510003,34,991.8238171354016,847.4853880004271,1136.162246270376,1103.3176616901274,-111.4938445547258,2,a5803f8a5d9d87202b43d709cb328cedaf18c446af448f705c33d553e8c2e9f7,5170ec511fb50cdf10d648416d508574d70e9781ddf156a1b2a86d2b385e94dc,100,1729,maximum_nontransitivity_disagreement_gain,2000.0,3000.0
kata1-b6c96-s4136960-d1510003,36,991.6668665397434,852.9117608478803,1130.4219722316066,1103.3176616901274,-111.65079515038394,2,a5803f8a5d9d87202b43d709cb328cedaf18c446af448f705c33d553e8c2e9f7,5170ec511fb50cdf10d648416d508574d70e9781ddf156a1b2a86d2b385e94dc,100,1729,maximum_nontransitivity_disagreement_gain,2000.0,3000.0
kata1-b6c96-s4136960-d1510003,38,991.4943791489442,857.7056864110507,1125.2830718868377,1103.3176616901274,-111.82328254118318,2,a5803f8a5d9d87202b43d709cb328cedaf18c446af448f705c33d553e8c2e9f7,5170ec511fb50cdf10d648416d508574d70e9781ddf156a1b2a86d2b385e94dc,100,1729,maximum_nontransitivity_disagreement_gain,2000.0,3000.0
kata1-b6c96-s4136960-d1510003,40,966.5366105228591,835.7181760655604,1097.3550449801578,1103.3176616901274,-136.7810511672683,2,a5803f8a5d9d87202b43d709cb328cedaf18c446af448f705c33d553e8c2e9f7,5170ec511fb50cdf10d648416d508574d70e9781ddf156a1b2a86d2b385e94dc,100,1729,maximum_nontransitivity_disagreement_gain,2000.0,3000.0
kata1-b6c96-s4136960-d1510003,42,991.2458988322035,865.9280235255324,1116.5637741388746,1103.3176616901274,-112.07176285792389,2,a5803f8a5d9d87202b43d709cb328cedaf18c446af448f705c33d553e8c2e9f7,5170ec511fb50cdf10d648416d508574d70e9781ddf156a1b2a86d2b385e94dc,100,1729,maximum_nontransitivity_disagreement_gain,2000.0,3000.0
kata1-b6c96-s4136960-d1510003,44,991.1633183189356,869.4971899674285,1112.8294466704426,1103.3176616901274,-112.15434337119177,2,a5803f8a5d9d87202b43d709cb328cedaf18c446af448f705c33d553e8c2e9f7,5170ec511fb50cdf10d648416d508574d70e9781ddf156a1b2a86d2b385e94dc,100,1729,maximum_nontransitivity_disagreement_gain,2000.0,3000.0
kata1-b6c96-s4136960-d1510003,46,991.0917967737291,872.7629534092339,1109.4206401382244,1103.3176616901274,-112.22586491639822,2,a5803f8a5d9d87202b43d709cb328cedaf18c446af448f705c33d553e8c2e9f7,5170ec511fb50cdf10d648416d508574d70e9781ddf156a1b2a86d2b385e94dc,100,1729,maximum_nontransitivity_disagreement_gain,2000.0,3000.0
kata1-b6c96-s4136960-d1510003,48,971.5401278974059,855.458105774894,1087.6221500199179,1103.3176616901274,-131.77753379272144,2,a5803f8a5d9d87202b43d709cb328cedaf18c446af448f705c33d553e8c2e9f7,5170ec511fb50cdf10d648416d508574d70e9781ddf156a1b2a86d2b385e94dc,100,1729,maximum_nontransitivity_disagreement_gain,2000.0,3000.0
kata1-b6c96-s4136960-d1510003,50,990.9345018351854,878.5009140579771,1103.3680896123938,1103.3176616901274,-112.38315985494194,2,a5803f8a5d9d87202b43d709cb328cedaf18c446af448f705c33d553e8c2e9f7,5170ec511fb50cdf10d648416d508574d70e9781ddf156a1b2a86d2b385e94dc,100,1729,maximum_nontransitivity_disagreement_gain,2000.0,3000.0
kata1-b6c96-s4136960-d1510003,52,990.8868911188254,881.0724222844493,1100.7013599532013,1103.3176616901274,-112.43077057130199,2,a5803f8a5d9d87202b43d709cb328cedaf18c446af448f705c33d553e8c2e9f7,5170ec511fb50cdf10d648416d508574d70e9781ddf156a1b2a86d2b385e94dc,100,1729,maximum_nontransitivity_disagreement_gain,2000.0,3000.0
kata1-b6c96-s4136960-d1510003,54,1007.4279886689625,900.4346288173883,1114.4213485205366,1103.3176616901274,-95.88967302116487,2,a5803f8a5d9d87202b43d709cb328cedaf18c446af448f705c33d553e8c2e9f7,5170ec511fb50cdf10d648416d508574d70e9781ddf156a1b2a86d2b385e94dc,100,1729,maximum_nontransitivity_disagreement_gain,2000.0,3000.0
kata1-b6c96-s4136960-d1510003,56,1006.6281352704245,901.8676260517128,1111.3886444891364,1103.3176616901274,-96.68952641970282,2,a5803f8a5d9d87202b43d709cb328cedaf18c446af448f705c33d553e8c2e9f7,5170ec511fb50cdf10d648416d508574d70e9781ddf156a1b2a86d2b385e94dc,100,1729,maximum_nontransitivity_disagreement_gain,2000.0,3000.0
kata1-b6c96-s4136960-d1510003,58,1021.0534790145383,918.5512192716079,1123.5557387574686,1103.3176616901274,-82.26418267558904,2,a5803f8a5d9d87202b43d709cb328cedaf18c446af448f705c33d553e8c2e9f7,5170ec511fb50cdf10d648416d508574d70e9781ddf156a1b2a86d2b385e94dc,100,1729,maximum_nontransitivity_disagreement_gain,2000.0,3000.0
kata1-b6c96-s4136960-d1510003,60,1019.7739977815983,919.2203188427115,1120.327676720485,1103.3176616901274,-83.54366390852908,2,a5803f8a5d9d87202b43d709cb328cedaf18c446af448f705c33d553e8c2e9f7,5170ec511fb50cdf10d648416d508574d70e9781ddf156a1b2a86d2b385e94dc,100,1729,maximum_nontransitivity_disagreement_gain,2000.0,3000.0
kata1-b6c96-s4136960-d1510003,62,1032.5678416092385,933.8701087855369,1131.2655744329402,1103.3176616901274,-70.74982008088887,2,a5803f8a5d9d87202b43d709cb328cedaf18c446af448f705c33d553e8c2e9f7,5170ec511fb50cdf10d648416d508574d70e9781ddf156a1b2a86d2b385e94dc,100,1729,maximum_nontransitivity_disagreement_gain,2000.0,3000.0
kata1-b6c96-s4136960-d1510003,64,1033.3250242236704,936.3918482759992,1130.2582001713417,1103.3176616901274,-69.99263746645693,2,a5803f8a5d9d87202b43d709cb328cedaf18c446af448f705c33d553e8c2e9f7,5170ec511fb50cdf10d648416d508574d70e9781ddf156a1b2a86d2b385e94dc,100,1729,maximum_nontransitivity_disagreement_gain,2000.0,3000.0
kata1-b6c96-s4136960-d1510003,66,1047.0412914816013,951.7047026971056,1142.377880266097,1103.3176616901274,-56.27637020852603,2,a5803f8a5d9d87202b43d709cb328cedaf18c446af448f705c33d553e8c2e9f7,5170ec511fb50cdf10d648416d508574d70e9781ddf156a1b2a86d2b385e94dc,100,1729,maximum_nontransitivity_disagreement_gain,2000.0,3000.0
kata1-b6c96-s4136960-d1510003,68,1047.2420364141683,953.4898511520178,1140.9942216763188,1103.3176616901274,-56.075625275959055,2,a5803f8a5d9d87202b43d709cb328cedaf18c446af448f705c33d553e8c2e9f7,5170ec511fb50cdf10d648416d508574d70e9781ddf156a1b2a86d2b385e94dc,100,1729,maximum_nontransitivity_disagreement_gain,2000.0,3000.0
kata1-b6c96-s4136960-d1510003,70,1047.4302189671646,955.1799571646327,1139.6804807696965,1103.3176616901274,-55.88744272296276,2,a5803f8a5d9d87202b43d709cb328cedaf18c446af448f705c33d553e8c2e9f7,5170ec511fb50cdf10d648416d508574d70e9781ddf156a1b2a86d2b385e94dc,100,1729,maximum_nontransitivity_disagreement_gain,2000.0,3000.0
kata1-b6c96-s4136960-d1510003,72,1047.5684147724523,956.7463728491086,1138.390456695796,1103.3176616901274,-55.74924691767501,2,a5803f8a5d9d87202b43d709cb328cedaf18c446af448f705c33d553e8c2e9f7,5170ec511fb50cdf10d648416d508574d70e9781ddf156a1b2a86d2b385e94dc,100,1729,maximum_nontransitivity_disagreement_gain,2000.0,3000.0
kata1-b6c96-s4136960-d1510003,74,1047.6963876706702,958.2328958724597,1137.1598794688807,1103.3176616901274,-55.62127401945713,2,a5803f8a5d9d87202b43d709cb328cedaf18c446af448f705c33d553e8c2e9f7,5170ec511fb50cdf10d648416d508574d70e9781ddf156a1b2a86d2b385e94dc,100,1729,maximum_nontransitivity_disagreement_gain,2000.0,3000.0
kata1-b6c96-s4136960-d1510003,76,1058.886985486237,970.6069463525512,1147.167024619923,1103.3176616901274,-44.43067620389024,2,a5803f8a5d9d87202b43d709cb328cedaf18c446af448f705c33d553e8c2e9f7,5170ec511fb50cdf10d648416d508574d70e9781ddf156a1b2a86d2b385e94dc,100,1729,maximum_nontransitivity_disagreement_gain,2000.0,3000.0
kata1-b6c96-s4136960-d1510003,78,1047.96390602048,961.0276387924114,1134.9001732485485,1103.3176616901274,-55.3537556696474,2,a5803f8a5d9d87202b43d709cb328cedaf18c446af448f705c33d553e8c2e9f7,5170ec511fb50cdf10d648416d508574d70e9781ddf156a1b2a86d2b385e94dc,100,1729,maximum_nontransitivity_disagreement_gain,2000.0,3000.0
kata1-b6c96-s4136960-d1510003,80,1048.0664029872346,962.3099040117156,1133.8229019627536,1103.3176616901274,-55.251258702892756,2,a5803f8a5d9d87202b43d709cb328cedaf18c446af448f705c33d553e8c2e9f7,5170ec511fb50cdf10d648416d508574d70e9781ddf156a1b2a86d2b385e94dc,100,1729,maximum_nontransitivity_disagreement_gain,2000.0,3000.0
kata1-b6c96-s4136960-d1510003,82,1048.2003989410234,963.570626745816,1132.830171136231,1103.3176616901274,-55.11726274910393,2,a5803f8a5d9d87202b43d709cb328cedaf18c446af448f705c33d553e8c2e9f7,5170ec511fb50cdf10d648416d508574d70e9781ddf156a1b2a86d2b385e94dc,100,1729,maximum_nontransitivity_disagreement_gain,2000.0,3000.0
kata1-b6c96-s4136960-d1510003,84,1058.1504377355366,974.5188422086867,1141.7820332623864,1103.3176616901274,-45.16722395459078,2,a5803f8a5d9d87202b43d709cb328cedaf18c446af448f705c33d553e8c2e9f7,5170ec511fb50cdf10d648416d508574d70e9781ddf156a1b2a86d2b385e94dc,100,1729,maximum_nontransitivity_disagreement_gain,2000.0,3000.0
kata1-b6c96-s4136960-d1510003,86,1048.4108187184363,965.896687893737,1130.9249495431357,1103.3176616901274,-54.90684297169105,2,a5803f8a5d9d87202b43d709cb328cedaf18c446af448f705c33d553e8c2e9f7,5170ec511fb50cdf10d648416d508574d70e9781ddf156a1b2a86d2b385e94dc,100,1729,maximum_nontransitivity_disagreement_gain,2000.0,3000.0
kata1-b6c96-s4136960-d1510003,88,1048.4882504133948,966.9691090788833,1130.0073917479062,1103.3176616901274,-54.82941127673257,2,a5803f8a5d9d87202b43d709cb328cedaf18c446af448f705c33d553e8c2e9f7,5170ec511fb50cdf10d648416d508574d70e9781ddf156a1b2a86d2b385e94dc,100,1729,maximum_nontransitivity_disagreement_gain,2000.0,3000.0
kata1-b6c96-s4136960-d1510003,90,1057.6744913512377,977.0435608022135,1138.305421900262,1103.3176616901274,-45.643170338889604,2,a5803f8a5d9d87202b43d709cb328cedaf18c446af448f705c33d553e8c2e9f7,5170ec511fb50cdf10d648416d508574d70e9781ddf156a1b2a86d2b385e94dc,100,1729,maximum_nontransitivity_disagreement_gain,2000.0,3000.0
kata1-b6c96-s4136960-d1510003,92,1066.4242555465596,986.614771076578,1146.2337400165413,1103.3176616901274,-36.893406143567745,2,a5803f8a5d9d87202b43d709cb328cedaf18c446af448f705c33d553e8c2e9f7,5170ec511fb50cdf10d648416d508574d70e9781ddf156a1b2a86d2b385e94dc,100,1729,maximum_nontransitivity_disagreement_gain,2000.0,3000.0
kata1-b6c96-s4136960-d1510003,94,1066.0974856099326,987.1814422047491,1145.013529015116,1103.3176616901274,-37.22017608019473,2,a5803f8a5d9d87202b43d709cb328cedaf18c446af448f705c33d553e8c2e9f7,5170ec511fb50cdf10d648416d508574d70e9781ddf156a1b2a86d2b385e94dc,100,1729,maximum_nontransitivity_disagreement_gain,2000.0,3000.0
kata1-b6c96-s4136960-d1510003,96,1065.7482655083056,987.6944079855328,1143.8021230310785,1103.3176616901274,-37.56939618182173,2,a5803f8a5d9d87202b43d709cb328cedaf18c446af448f705c33d553e8c2e9f7,5170ec511fb50cdf10d648416d508574d70e9781ddf156a1b2a86d2b385e94dc,100,1729,maximum_nontransitivity_disagreement_gain,2000.0,3000.0
kata1-b6c96-s4136960-d1510003,98,1065.4140893087826,988.1913647760471,1142.6368138415182,1103.3176616901274,-37.9035723813447,2,a5803f8a5d9d87202b43d709cb328cedaf18c446af448f705c33d553e8c2e9f7,5170ec511fb50cdf10d648416d508574d70e9781ddf156a1b2a86d2b385e94dc,100,1729,maximum_nontransitivity_disagreement_gain,2000.0,3000.0
kata1-b6c96-s4136960-d1510003,100,1069.1728119846514,992.6990273216871,1145.6465966476155,1103.3176616901274,-34.14484970547596,2,a5803f8a5d9d87202b43d709cb328cedaf18c446af448f705c33d553e8c2e9f7,5170ec511fb50cdf10d648416d508574d70e9781ddf156a1b2a86d2b385e94dc,100,1729,maximum_nontransitivity_disagreement_gain,2000.0,3000.0
kata1-b6c96-s8080640-d1961030-temp-0.5,2,1157.9973964294559,-1282.7848681513078,3598.7796610102196,1246.7245142338181,-88.72711780436225,2,a5803f8a5d9d87202b43d709cb328cedaf18c446af448f705c33d553e8c2e9f7,5170ec511fb50cdf10d648416d508574d70e9781ddf156a1b2a86d2b385e94dc,100,1729,maximum_nontransitivity_disagreement_gain,2000.0,3000.0
kata1-b6c96-s8080640-d1961030-temp-0.5,4,1163.1425346559106,680.1161776875742,1646.168891624247,1246.7245142338181,-83.58197957790753,2,a5803f8a5d9d87202b43d709cb328cedaf18c446af448f705c33d553e8c2e9f7,5170ec511fb50cdf10d648416d508574d70e9781ddf156a1b2a86d2b385e94dc,100,1729,maximum_nontransitivity_disagreement_gain,2000.0,3000.0
kata1-b6c96-s8080640-d1961030-temp-0.5,6,1352.6029382830939,970.130498083122,1735.0753784830658,1246.7245142338181,105.87842404927574,2,a5803f8a5d9d87202b43d709cb328cedaf18c446af448f705c33d553e8c2e9f7,5170ec511fb50cdf10d648416d508574d70e9781ddf156a1b2a86d2b385e94dc,100,1729,maximum_nontransitivity_disagreement_gain,2000.0,3000.0
kata1-b6c96-s8080640-d1961030-temp-0.5,8,1353.002268717798,1050.9747720217988,1655.0297654137971,1246.7245142338181,106.27775448397983,2,a5803f8a5d9d87202b43d709cb328cedaf18c446af448f705c33d553e8c2e9f7,5170ec511fb50cdf10d648416d508574d70e9781ddf156a1b2a86d2b385e94dc,100,1729,maximum_nontransitivity_disagreement_gain,2000.0,3000.0
kata1-b6c96-s8080640-d1961030-temp-0.5,10,1257.3099332771885,1004.6782196917002,1509.9416468626769,1246.7245142338181,10.585419043370393,2,a5803f8a5d9d87202b43d709cb328cedaf18c446af448f705c33d553e8c2e9f7,5170ec511fb50cdf10d648416d508574d70e9781ddf156a1b2a86d2b385e94dc,100,1729,maximum_nontransitivity_disagreement_gain,2000.0,3000.0
kata1-b6c96-s8080640-d1961030-temp-0.5,12,1237.9762918901658,1011.4629695442115,1464.4896142361201,1246.7245142338181,-8.748222343652287,2,a5803f8a5d9d87202b43d709cb328cedaf18c446af448f705c33d553e8c2e9f7,5170ec511fb50cdf10d648416d508574d70e9781ddf156a1b2a86d2b385e94dc,100,1729,maximum_nontransitivity_disagreement_gain,2000.0,3000.0
kata1-b6c96-s8080640-d1961030-temp-0.5,14,1161.2594364697668,951.648870507415,1370.8700024321186,1246.7245142338181,-85.46507776405133,2,a5803f8a5d9d87202b43d709cb328cedaf18c446af448f705c33d553e8c2e9f7,5170ec511fb50cdf10d648416d508574d70e9781ddf156a1b2a86d2b385e94dc,100,1729,maximum_nontransitivity_disagreement_gain,2000.0,3000.0
kata1-b6c96-s8080640-d1961030-temp-0.5,16,1211.6472235949536,1019.9431991527704,1403.3512480371369,1246.7245142338181,-35.0772906388645,2,a5803f8a5d9d87202b43d709cb328cedaf18c446af448f705c33d553e8c2e9f7,5170ec511fb50cdf10d648416d508574d70e9781ddf156a1b2a86d2b385e94dc,100,1729,maximum_nontransitivity_disagreement_gain,2000.0,3000.0
kata1-b6c96-s8080640-d1961030-temp-0.5,18,1201.3366809656704,1021.9694414227547,1380.7039205085862,1246.7245142338181,-45.38783326814769,2,a5803f8a5d9d87202b43d709cb328cedaf18c446af448f705c33d553e8c2e9f7,5170ec511fb50cdf10d648416d508574d70e9781ddf156a1b2a86d2b385e94dc,100,1729,maximum_nontransitivity_disagreement_gain,2000.0,3000.0
kata1-b6c96-s8080640-d1961030-temp-0.5,20,1235.6918699171122,1065.6333783144867,1405.7503615197377,1246.7245142338181,-11.032644316705955,2,a5803f8a5d9d87202b43d709cb328cedaf18c446af448f705c33d553e8c2e9f7,5170ec511fb50cdf10d648416d508574d70e9781ddf156a1b2a86d2b385e94dc,100,1729,maximum_nontransitivity_disagreement_gain,2000.0,3000.0
kata1-b6c96-s8080640-d1961030-temp-0.5,22,1205.936478964507,1045.3541882023685,1366.5187697266454,1246.7245142338181,-40.788035269311194,2,a5803f8a5d9d87202b43d709cb328cedaf18c446af448f705c33d553e8c2e9f7,5170ec511fb50cdf10d648416d508574d70e9781ddf156a1b2a86d2b385e94dc,100,1729,maximum_nontransitivity_disagreement_gain,2000.0,3000.0
kata1-b6c96-s8080640-d1961030-temp-0.5,24,1199.001901092408,1045.9477444676866,1352.0560577171293,1246.7245142338181,-47.72261314141019,2,a5803f8a5d9d87202b43d709cb328cedaf18c446af448f705c33d553e8c2e9f7,5170ec511fb50cdf10d648416d508574d70e9781ddf156a1b2a86d2b385e94dc,100,1729,maximum_nontransitivity_disagreement_gain,2000.0,3000.0
kata1-b6c96-s8080640-d1961030-temp-0.5,26,1224.8701160105836,1077.3977560725298,1372.3424759486375,1246.7245142338181,-21.85439822323451,2,a5803f8a5d9d87202b43d709cb328cedaf18c446af448f705c33d553e8c2e9f7,5170ec511fb50cdf10d648416d508574d70e9781ddf156a1b2a86d2b385e94dc,100,1729,maximum_nontransitivity_disagreement_gain,2000.0,3000.0
kata1-b6c96-s8080640-d1961030-temp-0.5,28,1247.0809602531597,1103.955742644212,1390.2061778621073,1246.7245142338181,0.35644601934154707,2,a5803f8a5d9d87202b43d709cb328cedaf18c446af448f705c33d553e8c2e9f7,5170ec511fb50cdf10d648416d508574d70e9781ddf156a1b2a86d2b385e94dc,100,1729,maximum_nontransitivity_disagreement_gain,2000.0,3000.0
kata1-b6c96-s8080640-d1961030-temp-0.5,30,1266.5405114086068,1126.9077868391703,1406.1732359780433,1246.7245142338181,19.815997174788663,2,a5803f8a5d9d87202b43d709cb328cedaf18c446af448f705c33d553e8c2e9f7,5170ec511fb50cdf10d648416d508574d70e9781ddf156a1b2a86d2b385e94dc,100,1729,maximum_nontransitivity_disagreement_gain,2000.0,3000.0
kata1-b6c96-s8080640-d1961030-temp-0.5,32,1257.1115874329596,1122.7148544240845,1391.5083204418347,1246.7245142338181,10.387073199141469,2,a5803f8a5d9d87202b43d709cb328cedaf18c446af448f705c33d553e8c2e9f7,5170ec511fb50cdf10d648416d508574d70e9781ddf156a1b2a86d2b385e94dc,100,1729,maximum_nontransitivity_disagreement_gain,2000.0,3000.0
kata1-b6c96-s8080640-d1961030-temp-0.5,34,1273.7424435933756,1142.0086317259825,1405.4762554607687,1246.7245142338181,27.017929359557456,2,a5803f8a5d9d87202b43d709cb328cedaf18c446af448f705c33d553e8c2e9f7,5170ec511fb50cdf10d648416d508574d70e9781ddf156a1b2a86d2b385e94dc,100,1729,maximum_nontransitivity_disagreement_gain,2000.0,3000.0
kata1-b6c96-s8080640-d1961030-temp-0.5,36,1288.796932051138,1159.315742465053,1418.2781216372227,1246.7245142338181,42.072417817319774,2,a5803f8a5d9d87202b43d709cb328cedaf18c446af448f705c33d553e8c2e9f7,5170ec511fb50cdf10d648416d508574d70e9781ddf156a1b2a86d2b385e94dc,100,1729,maximum_nontransitivity_disagreement_gain,2000.0,3000.0
kata1-b6c96-s8080640-d1961030-temp-0.5,38,1279.4376590266968,1154.27827374508,1404.5970443083136,1246.7245142338181,32.713144792878666,2,a5803f8a5d9d87202b43d709cb328cedaf18c446af448f705c33d553e8c2e9f7,5170ec511fb50cdf10d648416d508574d70e9781ddf156a1b2a86d2b385e94dc,100,1729,maximum_nontransitivity_disagreement_gain,2000.0,3000.0
kata1-b6c96-s8080640-d1961030-temp-0.5,40,1271.1514443915444,1149.8655725792246,1392.4373162038642,1246.7245142338181,24.426930157726247,2,a5803f8a5d9d87202b43d709cb328cedaf18c446af448f705c33d553e8c2e9f7,5170ec511fb50cdf10d648416d508574d70e9781ddf156a1b2a86d2b385e94dc,100,1729,maximum_nontransitivity_disagreement_gain,2000.0,3000.0
kata1-b6c96-s8080640-d1961030-temp-0.5,42,1284.0612957231801,1164.4972656974871,1403.6253257488731,1246.7245142338181,37.33678148936201,2,a5803f8a5d9d87202b43d709cb328cedaf18c446af448f705c33d553e8c2e9f7,5170ec511fb50cdf10d648416d508574d70e9781ddf156a1b2a86d2b385e94dc,100,1729,maximum_nontransitivity_disagreement_gain,2000.0,3000.0
kata1-b6c96-s8080640-d1961030-temp-0.5,44,1257.095312390713,1142.4934337636073,1371.6971910178186,1246.7245142338181,10.370798156894807,2,a5803f8a5d9d87202b43d709cb328cedaf18c446af448f705c33d553e8c2e9f7,5170ec511fb50cdf10d648416d508574d70e9781ddf156a1b2a86d2b385e94dc,100,1729,maximum_nontransitivity_disagreement_gain,2000.0,3000.0
kata1-b6c96-s8080640-d1961030-temp-0.5,46,1251.1092865514322,1139.4192270322108,1362.7993460706537,1246.7245142338181,4.384772317614079,2,a5803f8a5d9d87202b43d709cb328cedaf18c446af448f705c33d553e8c2e9f7,5170ec511fb50cdf10d648416d508574d70e9781ddf156a1b2a86d2b385e94dc,100,1729,maximum_nontransitivity_disagreement_gain,2000.0,3000.0
kata1-b6c96-s8080640-d1961030-temp-0.5,48,1245.6785179674234,1136.6665512540212,1354.6904846808256,1246.7245142338181,-1.0459962663946953,2,a5803f8a5d9d87202b43d709cb328cedaf18c446af448f705c33d553e8c2e9f7,5170ec511fb50cdf10d648416d508574d70e9781ddf156a1b2a86d2b385e94dc,100,1729,maximum_nontransitivity_disagreement_gain,2000.0,3000.0
kata1-b6c96-s8080640-d1961030-temp-0.5,50,1257.1106443952497,1149.4957077679733,1364.725581022526,1246.7245142338181,10.386130161431538,2,a5803f8a5d9d87202b43d709cb328cedaf18c446af448f705c33d553e8c2e9f7,5170ec511fb50cdf10d648416d508574d70e9781ddf156a1b2a86d2b385e94dc,100,1729,maximum_nontransitivity_disagreement_gain,2000.0,3000.0
kata1-b6c96-s8080640-d1961030-temp-0.5,52,1267.8002780270792,1161.4322634419643,1374.1682926121941,1246.7245142338181,21.075763793261103,2,a5803f8a5d9d87202b43d709cb328cedaf18c446af448f705c33d553e8c2e9f7,5170ec511fb50cdf10d648416d508574d70e9781ddf156a1b2a86d2b385e94dc,100,1729,maximum_nontransitivity_disagreement_gain,2000.0,3000.0
kata1-b6c96-s8080640-d1961030-temp-0.5,54,1254.5419714789766,1151.0744168481601,1358.0095261097931,1246.7245142338181,7.817457245158494,2,a5803f8a5d9d87202b43d709cb328cedaf18c446af448f705c33d553e8c2e9f7,5170ec511fb50cdf10d648416d508574d70e9781ddf156a1b2a86d2b385e94dc,100,1729,maximum_nontransitivity_disagreement_gain,2000.0,3000.0
kata1-b6c96-s8080640-d1961030-temp-0.5,56,1235.2681069281384,1134.7935963322964,1335.7426175239805,1246.7245142338181,-11.456407305679704,2,a5803f8a5d9d87202b43d709cb328cedaf18c446af448f705c33d553e8c2e9f7,5170ec511fb50cdf10d648416d508574d70e9781ddf156a1b2a86d2b385e94dc,100,1729,maximum_nontransitivity_disagreement_gain,2000.0,3000.0
kata1-b6c96-s8080640-d1961030-temp-0.5,58,1245.3126983637303,1145.9653578788987,1344.660038848562,1246.7245142338181,-1.4118158700878212,2,a5803f8a5d9d87202b43d709cb328cedaf18c446af448f705c33d553e8c2e9f7,5170ec511fb50cdf10d648416d508574d70e9781ddf156a1b2a86d2b385e94dc,100,1729,maximum_nontransitivity_disagreement_gain,2000.0,3000.0
kata1-b6c96-s8080640-d1961030-temp-0.5,60,1254.7860974519067,1156.4594190336954,1353.112775870118,1246.7245142338181,8.061583218088572,2,a5803f8a5d9d87202b43d709cb328cedaf18c446af448f705c33d553e8c2e9f7,5170ec511fb50cdf10d648416d508574d70e9781ddf156a1b2a86d2b385e94dc,100,1729,maximum_nontransitivity_disagreement_gain,2000.0,3000.0
kata1-b6c96-s8080640-d1961030-temp-0.5,62,1237.3910812835015,1141.6528704461775,1333.1292921208255,1246.7245142338181,-9.333432950316592,2,a5803f8a5d9d87202b43d709cb328cedaf18c446af448f705c33d553e8c2e9f7,5170ec511fb50cdf10d648416d508574d70e9781ddf156a1b2a86d2b385e94dc,100,1729,maximum_nontransitivity_disagreement_gain,2000.0,3000.0
kata1-b6c96-s8080640-d1961030-temp-0.5,64,1233.8183739867636,1139.7261774574963,1327.910570516031,1246.7245142338181,-12.906140247054509,2,a5803f8a5d9d87202b43d709cb328cedaf18c446af448f705c33d553e8c2e9f7,5170ec511fb50cdf10d648416d508574d70e9781ddf156a1b2a86d2b385e94dc,100,1729,maximum_nontransitivity_disagreement_gain,2000.0,3000.0
kata1-b6c96-s8080640-d1961030-temp-0.5,66,1243.7492455143877,1150.6053746917967,1336.8931163369787,1246.7245142338181,-2.97526871943046,2,a5803f8a5d9d87202b43d709cb328cedaf18c446af448f705c33d553e8c2e9f7,5170ec511fb50cdf10d648416d508574d70e9781ddf156a1b2a86d2b385e94dc,100,1729,maximum_nontransitivity_disagreement_gain,2000.0,3000.0
kata1-b6c96-s8080640-d1961030-temp-0.5,68,1235.340465656136,1143.971376302306,1326.7095550099662,1246.7245142338181,-11.384048577682051,2,a5803f8a5d9d87202b43d709cb328cedaf18c446af448f705c33d553e8c2e9f7,5170ec511fb50cdf10d648416d508574d70e9781ddf156a1b2a86d2b385e94dc,100,1729,maximum_nontransitivity_disagreement_gain,2000.0,3000.0
kata1-b6c96-s8080640-d1961030-temp-0.5,70,1239.000404936157,1148.742999749338,1329.2578101229763,1246.7245142338181,-7.724109297661016,2,a5803f8a5d9d87202b43d709cb328cedaf18c446af448f705c33d553e8c2e9f7,5170ec511fb50cdf10d648416d508574d70e9781ddf156a1b2a86d2b385e94dc,100,1729,maximum_nontransitivity_disagreement_gain,2000.0,3000.0
kata1-b6c96-s8080640-d1961030-temp-0.5,72,1231.246882778528,1142.5087432379432,1319.9850223191129,1246.7245142338181,-15.477631455290066,2,a5803f8a5d9d87202b43d709cb328cedaf18c446af448f705c33d553e8c2e9f7,5170ec511fb50cdf10d648416d508574d70e9781ddf156a1b2a86d2b385e94dc,100,1729,maximum_nontransitivity_disagreement_gain,2000.0,3000.0
kata1-b6c96-s8080640-d1961030-temp-0.5,74,1234.8293733855724,1147.1166569300246,1322.54208984112,1246.7245142338181,-11.895140848245774,2,a5803f8a5d9d87202b43d709cb328cedaf18c446af448f705c33d553e8c2e9f7,5170ec511fb50cdf10d648416d508574d70e9781ddf156a1b2a86d2b385e94dc,100,1729,maximum_nontransitivity_disagreement_gain,2000.0,3000.0
kata1-b6c96-s8080640-d1961030-temp-0.5,76,1238.227813406164,1151.5154611766966,1324.9401656356313,1246.7245142338181,-8.496700827654195,2,a5803f8a5d9d87202b43d709cb328cedaf18c446af448f705c33d553e8c2e9f7,5170ec511fb50cdf10d648416d508574d70e9781ddf156a1b2a86d2b385e94dc,100,1729,maximum_nontransitivity_disagreement_gain,2000.0,3000.0
kata1-b6c96-s8080640-d1961030-temp-0.5,78,1231.1107858839673,1145.6698544494923,1316.5517173184423,1246.7245142338181,-15.613728349850817,2,a5803f8a5d9d87202b43d709cb328cedaf18c446af448f705c33d553e8c2e9f7,5170ec511fb50cdf10d648416d508574d70e9781ddf156a1b2a86d2b385e94dc,100,1729,maximum_nontransitivity_disagreement_gain,2000.0,3000.0
kata1-b6c96-s8080640-d1961030-temp-0.5,80,1224.3846303922082,1140.0998956234491,1308.6693651609673,1246.7245142338181,-22.33988384160989,2,a5803f8a5d9d87202b43d709cb328cedaf18c446af448f705c33d553e8c2e9f7,5170ec511fb50cdf10d648416d508574d70e9781ddf156a1b2a86d2b385e94dc,100,1729,maximum_nontransitivity_disagreement_gain,2000.0,3000.0
kata1-b6c96-s8080640-d1961030-temp-0.5,82,1218.006888222279,1134.7791092134769,1301.2346672310812,1246.7245142338181,-28.717626011539096,2,a5803f8a5d9d87202b43d709cb328cedaf18c446af448f705c33d553e8c2e9f7,5170ec511fb50cdf10d648416d508574d70e9781ddf156a1b2a86d2b385e94dc,100,1729,maximum_nontransitivity_disagreement_gain,2000.0,3000.0
kata1-b6c96-s8080640-d1961030-temp-0.5,84,1211.9417262709064,1129.6847219592653,1294.1987305825476,1246.7245142338181,-34.7827879629117,2,a5803f8a5d9d87202b43d709cb328cedaf18c446af448f705c33d553e8c2e9f7,5170ec511fb50cdf10d648416d508574d70e9781ddf156a1b2a86d2b385e94dc,100,1729,maximum_nontransitivity_disagreement_gain,2000.0,3000.0
kata1-b6c96-s8080640-d1961030-temp-0.5,86,1215.4445467759824,1134.0176369268486,1296.8714566251163,1246.7245142338181,-31.27996745783571,2,a5803f8a5d9d87202b43d709cb328cedaf18c446af448f705c33d553e8c2e9f7,5170ec511fb50cdf10d648416d508574d70e9781ddf156a1b2a86d2b385e94dc,100,1729,maximum_nontransitivity_disagreement_gain,2000.0,3000.0
kata1-b6c96-s8080640-d1961030-temp-0.5,88,1214.2500662052005,1133.6677486567255,1294.8323837536755,1246.7245142338181,-32.474448028617644,2,a5803f8a5d9d87202b43d709cb328cedaf18c446af448f705c33d553e8c2e9f7,5170ec511fb50cdf10d648416d508574d70e9781ddf156a1b2a86d2b385e94dc,100,1729,maximum_nontransitivity_disagreement_gain,2000.0,3000.0
kata1-b6c96-s8080640-d1961030-temp-0.5,90,1208.6657564749798,1128.9094415280829,1288.4220714218768,1246.7245142338181,-38.05875775883828,2,a5803f8a5d9d87202b43d709cb328cedaf18c446af448f705c33d553e8c2e9f7,5170ec511fb50cdf10d648416d508574d70e9781ddf156a1b2a86d2b385e94dc,100,1729,maximum_nontransitivity_disagreement_gain,2000.0,3000.0
kata1-b6c96-s8080640-d1961030-temp-0.5,92,1212.0147794851366,1133.0230544753833,1291.00650449489,1246.7245142338181,-34.70973474868151,2,a5803f8a5d9d87202b43d709cb328cedaf18c446af448f705c33d553e8c2e9f7,5170ec511fb50cdf10d648416d508574d70e9781ddf156a1b2a86d2b385e94dc,100,1729,maximum_nontransitivity_disagreement_gain,2000.0,3000.0
kata1-b6c96-s8080640-d1961030-temp-0.5,94,1215.2251594799839,1136.979221963539,1293.4710969964287,1246.7245142338181,-31.499354753834268,2,a5803f8a5d9d87202b43d709cb328cedaf18c446af448f705c33d553e8c2e9f7,5170ec511fb50cdf10d648416d508574d70e9781ddf156a1b2a86d2b385e94dc,100,1729,maximum_nontransitivity_disagreement_gain,2000.0,3000.0
kata1-b6c96-s8080640-d1961030-temp-0.5,96,1209.9622919514113,1132.4441860751658,1287.4803978276568,1246.7245142338181,-36.76222228240681,2,a5803f8a5d9d87202b43d709cb328cedaf18c446af448f705c33d553e8c2e9f7,5170ec511fb50cdf10d648416d508574d70e9781ddf156a1b2a86d2b385e94dc,100,1729,maximum_nontransitivity_disagreement_gain,2000.0,3000.0
kata1-b6c96-s8080640-d1961030-temp-0.5,98,1221.234070722418,1144.4265584620016,1298.0415829828344,1246.7245142338181,-25.490443511400144,2,a5803f8a5d9d87202b43d709cb328cedaf18c446af448f705c33d553e8c2e9f7,5170ec511fb50cdf10d648416d508574d70e9781ddf156a1b2a86d2b385e94dc,100,1729,maximum_nontransitivity_disagreement_gain,2000.0,3000.0
kata1-b6c96-s8080640-d1961030-temp-0.5,100,1224.0720699765986,1147.9564850312645,1300.1876549219328,1246.7245142338181,-22.652444257219486,2,a5803f8a5d9d87202b43d709cb328cedaf18c446af448f705c33d553e8c2e9f7,5170ec511fb50cdf10d648416d508574d70e9781ddf156a1b2a86d2b385e94dc,100,1729,maximum_nontransitivity_disagreement_gain,2000.0,3000.0
kata1-b6c96-s8982784-d2082583-temp-0.5,2,1165.632923629068,-1284.290667931155,3615.556515189291,1364.6826124924817,-199.04968886341362,2,a5803f8a5d9d87202b43d709cb328cedaf18c446af448f705c33d553e8c2e9f7,5170ec511fb50cdf10d648416d508574d70e9781ddf156a1b2a86d2b385e94dc,100,1729,maximum_nontransitivity_disagreement_gain,2000.0,3000.0
kata1-b6c96-s8982784-d2082583-temp-0.5,4,1170.3022065524428,687.1331674089674,1653.4712456959182,1364.6826124924817,-194.38040594003883,2,a5803f8a5d9d87202b43d709cb328cedaf18c446af448f705c33d553e8c2e9f7,5170ec511fb50cdf10d648416d508574d70e9781ddf156a1b2a86d2b385e94dc,100,1729,maximum_nontransitivity_disagreement_gain,2000.0,3000.0
kata1-b6c96-s8982784-d2082583-temp-0.5,6,1359.8877823324576,977.2224816614671,1742.5530830034481,1364.6826124924817,-4.794830160024048,2,a5803f8a5d9d87202b43d709cb328cedaf18c446af448f705c33d553e8c2e9f7,5170ec511fb50cdf10d648416d508574d70e9781ddf156a1b2a86d2b385e94dc,100,1729,maximum_nontransitivity_disagreement_gain,2000.0,3000.0
kata1-b6c96-s8982784-d2082583-temp-0.5,8,1536.4338870068414,1186.604594533711,1886.2631794799718,1364.6826124924817,171.7512745143597,2,a5803f8a5d9d87202b43d709cb328cedaf18c446af448f705c33d553e8c2e9f7,5170ec511fb50cdf10d648416d508574d70e9781ddf156a1b2a86d2b385e94dc,100,1729,maximum_nontransitivity_disagreement_gain,2000.0,3000.0
kata1-b6c96-s8982784-d2082583-temp-0.5,10,1324.862344112643,1063.8584925433615,1585.8661956819246,1364.6826124924817,-39.82026837983858,2,a5803f8a5d9d87202b43d709cb328cedaf18c446af448f705c33d553e8c2e9f7,5170ec511fb50cdf10d648416d508574d70e9781ddf156a1b2a86d2b385e94dc,100,1729,maximum_nontransitivity_disagreement_gain,2000.0,3000.0
kata1-b6c96-s8982784-d2082583-temp-0.5,12,1292.600650380797,1061.6561711192699,1523.5451296423244,1364.6826124924817,-72.08196211168456,2,a5803f8a5d9d87202b43d709cb328cedaf18c446af448f705c33d553e8c2e9f7,5170ec511fb50cdf10d648416d508574d70e9781ddf156a1b2a86d2b385e94dc,100,1729,maximum_nontransitivity_disagreement_gain,2000.0,3000.0
kata1-b6c96-s8982784-d2082583-temp-0.5,14,1313.5701744403611,1101.2044865050184,1525.935862375704,1364.6826124924817,-51.112438052120524,2,a5803f8a5d9d87202b43d709cb328cedaf18c446af448f705c33d553e8c2e9f7,5170ec511fb50cdf10d648416d508574d70e9781ddf156a1b2a86d2b385e94dc,100,1729,maximum_nontransitivity_disagreement_gain,2000.0,3000.0
kata1-b6c96-s8982784-d2082583-temp-0.5,16,1271.7467621502353,1076.1857489307667,1467.307775369704,1364.6826124924817,-92.93585034224634,2,a5803f8a5d9d87202b43d709cb328cedaf18c446af448f705c33d553e8c2e9f7,5170ec511fb50cdf10d648416d508574d70e9781ddf156a1b2a86d2b385e94dc,100,1729,maximum_nontransitivity_disagreement_gain,2000.0,3000.0
kata1-b6c96-s8982784-d2082583-temp-0.5,18,1240.023571623806,1055.138507298182,1424.90863594943,1364.6826124924817,-124.65904086867567,2,a5803f8a5d9d87202b43d709cb328cedaf18c446af448f705c33d553e8c2e9f7,5170ec511fb50cdf10d648416d508574d70e9781ddf156a1b2a86d2b385e94dc,100,1729,maximum_nontransitivity_disagreement_gain,2000.0,3000.0
kata1-b6c96-s8982784-d2082583-temp-0.5,20,1214.3666131723608,1036.9666565979192,1391.7665697468024,1364.6826124924817,-150.3159993201209,2,a5803f8a5d9d87202b43d709cb328cedaf18c446af448f705c33d553e8c2e9f7,5170ec511fb50cdf10d648416d508574d70e9781ddf156a1b2a86d2b385e94dc,100,1729,maximum_nontransitivity_disagreement_gain,2000.0,3000.0
kata1-b6c96-s8982784-d2082583-temp-0.5,22,1250.1455094833532,1084.7558692211185,1415.535149745588,1364.6826124924817,-114.53710300912849,2,a5803f8a5d9d87202b43d709cb328cedaf18c446af448f705c33d553e8c2e9f7,5170ec511fb50cdf10d648416d508574d70e9781ddf156a1b2a86d2b385e94dc,100,1729,maximum_nontransitivity_disagreement_gain,2000.0,3000.0
kata1-b6c96-s8982784-d2082583-temp-0.5,24,1286.2604835499544,1129.975208497547,1442.5457586023617,1364.6826124924817,-78.42212894252725,2,a5803f8a5d9d87202b43d709cb328cedaf18c446af448f705c33d553e8c2e9f7,5170ec511fb50cdf10d648416d508574d70e9781ddf156a1b2a86d2b385e94dc,100,1729,maximum_nontransitivity_disagreement_gain,2000.0,3000.0
kata1-b6c96-s8982784-d2082583-temp-0.5,26,1315.7448483685337,1166.1806899750202,1465.3090067620471,1364.6826124924817,-48.937764123948,2,a5803f8a5d9d87202b43d709cb328cedaf18c446af448f705c33d553e8c2e9f7,5170ec511fb50cdf10d648416d508574d70e9781ddf156a1b2a86d2b385e94dc,100,1729,maximum_nontransitivity_disagreement_gain,2000.0,3000.0
kata1-b6c96-s8982784-d2082583-temp-0.5,28,1340.6029864147897,1196.2187825387082,1484.9871902908712,1364.6826124924817,-24.079626077691955,2,a5803f8a5d9d87202b43d709cb328cedaf18c446af448f705c33d553e8c2e9f7,5170ec511fb50cdf10d648416d508574d70e9781ddf156a1b2a86d2b385e94dc,100,1729,maximum_nontransitivity_disagreement_gain,2000.0,3000.0
kata1-b6c96-s8982784-d2082583-temp-0.5,30,1333.6007391624491,1194.8467834339192,1472.354694890979,1364.6826124924817,-31.081873330032522,2,a5803f8a5d9d87202b43d709cb328cedaf18c446af448f705c33d553e8c2e9f7,5170ec511fb50cdf10d648416d508574d70e9781ddf156a1b2a86d2b385e94dc,100,1729,maximum_nontransitivity_disagreement_gain,2000.0,3000.0
kata1-b6c96-s8982784-d2082583-temp-0.5,32,1353.952468927306,1218.9245051652968,1488.9804326893152,1364.6826124924817,-10.730143565175695,2,a5803f8a5d9d87202b43d709cb328cedaf18c446af448f705c33d553e8c2e9f7,5170ec511fb50cdf10d648416d508574d70e9781ddf156a1b2a86d2b385e94dc,100,1729,maximum_nontransitivity_disagreement_gain,2000.0,3000.0
kata1-b6c96-s8982784-d2082583-temp-0.5,34,1371.9842892727797,1240.0335860469772,1503.9349924985822,1364.6826124924817,7.301676780298067,2,a5803f8a5d9d87202b43d709cb328cedaf18c446af448f705c33d553e8c2e9f7,5170ec511fb50cdf10d648416d508574d70e9781ddf156a1b2a86d2b385e94dc,100,1729,maximum_nontransitivity_disagreement_gain,2000.0,3000.0
kata1-b6c96-s8982784-d2082583-temp-0.5,36,1364.2042925610162,1236.66955476134,1491.7390303606926,1364.6826124924817,-0.4783199314654212,2,a5803f8a5d9d87202b43d709cb328cedaf18c446af448f705c33d553e8c2e9f7,5170ec511fb50cdf10d648416d508574d70e9781ddf156a1b2a86d2b385e94dc,100,1729,maximum_nontransitivity_disagreement_gain,2000.0,3000.0
kata1-b6c96-s8982784-d2082583-temp-0.5,38,1379.7664665821044,1254.630816675709,1504.9021164884998,1364.6826124924817,15.083854089622719,2,a5803f8a5d9d87202b43d709cb328cedaf18c446af448f705c33d553e8c2e9f7,5170ec511fb50cdf10d648416d508574d70e9781ddf156a1b2a86d2b385e94dc,100,1729,maximum_nontransitivity_disagreement_gain,2000.0,3000.0
kata1-b6c96-s8982784-d2082583-temp-0.5,40,1393.9398168316889,1270.8662779919005,1517.0133556714773,1364.6826124924817,29.257204339207192,2,a5803f8a5d9d87202b43d709cb328cedaf18c446af448f705c33d553e8c2e9f7,5170ec511fb50cdf10d648416d508574d70e9781ddf156a1b2a86d2b385e94dc,100,1729,maximum_nontransitivity_disagreement_gain,2000.0,3000.0
kata1-b6c96-s8982784-d2082583-temp-0.5,42,1406.950200023169,1285.6693788134767,1528.2310212328612,1364.6826124924817,42.26758753068725,2,a5803f8a5d9d87202b43d709cb328cedaf18c446af448f705c33d553e8c2e9f7,5170ec511fb50cdf10d648416d508574d70e9781ddf156a1b2a86d2b385e94dc,100,1729,maximum_nontransitivity_disagreement_gain,2000.0,3000.0
kata1-b6c96-s8982784-d2082583-temp-0.5,44,1418.9732153370257,1299.266191639434,1538.6802390346174,1364.6826124924817,54.29060284454408,2,a5803f8a5d9d87202b43d709cb328cedaf18c446af448f705c33d553e8c2e9f7,5170ec511fb50cdf10d648416d508574d70e9781ddf156a1b2a86d2b385e94dc,100,1729,maximum_nontransitivity_disagreement_gain,2000.0,3000.0
kata1-b6c96-s8982784-d2082583-temp-0.5,46,1430.1478230208947,1311.8341777946252,1548.4614682471642,1364.6826124924817,65.46521052841308,2,a5803f8a5d9d87202b43d709cb328cedaf18c446af448f705c33d553e8c2e9f7,5170ec511fb50cdf10d648416d508574d70e9781ddf156a1b2a86d2b385e94dc,100,1729,maximum_nontransitivity_disagreement_gain,2000.0,3000.0
kata1-b6c96-s8982784-d2082583-temp-0.5,48,1421.2044925103557,1306.3161729008168,1536.0928121198947,1364.6826124924817,56.52188001787408,2,a5803f8a5d9d87202b43d709cb328cedaf18c446af448f705c33d553e8c2e9f7,5170ec511fb50cdf10d648416d508574d70e9781ddf156a1b2a86d2b385e94dc,100,1729,maximum_nontransitivity_disagreement_gain,2000.0,3000.0
kata1-b6c96-s8982784-d2082583-temp-0.5,50,1431.4011357357983,1317.6989213171225,1545.1033501544741,1364.6826124924817,66.71852324331667,2,a5803f8a5d9d87202b43d709cb328cedaf18c446af448f705c33d553e8c2e9f7,5170ec511fb50cdf10d648416d508574d70e9781ddf156a1b2a86d2b385e94dc,100,1729,maximum_nontransitivity_disagreement_gain,2000.0,3000.0
kata1-b6c96-s8982784-d2082583-temp-0.5,52,1423.0868056675772,1312.4392892925093,1533.734322042645,1364.6826124924817,58.40419317509554,2,a5803f8a5d9d87202b43d709cb328cedaf18c446af448f705c33d553e8c2e9f7,5170ec511fb50cdf10d648416d508574d70e9781ddf156a1b2a86d2b385e94dc,100,1729,maximum_nontransitivity_disagreement_gain,2000.0,3000.0
kata1-b6c96-s8982784-d2082583-temp-0.5,54,1432.464031577704,1322.840874640549,1542.087188514859,1364.6826124924817,67.7814190852223,2,a5803f8a5d9d87202b43d709cb328cedaf18c446af448f705c33d553e8c2e9f7,5170ec511fb50cdf10d648416d508574d70e9781ddf156a1b2a86d2b385e94dc,100,1729,maximum_nontransitivity_disagreement_gain,2000.0,3000.0
kata1-b6c96-s8982784-d2082583-temp-0.5,56,1424.7266903849497,1317.8477375945945,1531.605643175305,1364.6826124924817,60.04407789246807,2,a5803f8a5d9d87202b43d709cb328cedaf18c446af448f705c33d553e8c2e9f7,5170ec511fb50cdf10d648416d508574d70e9781ddf156a1b2a86d2b385e94dc,100,1729,maximum_nontransitivity_disagreement_gain,2000.0,3000.0
kata1-b6c96-s8982784-d2082583-temp-0.5,58,1417.6434849574705,1313.281784304508,1522.005185610433,1364.6826124924817,52.960872464988825,2,a5803f8a5d9d87202b43d709cb328cedaf18c446af448f705c33d553e8c2e9f7,5170ec511fb50cdf10d648416d508574d70e9781ddf156a1b2a86d2b385e94dc,100,1729,maximum_nontransitivity_disagreement_gain,2000.0,3000.0
kata1-b6c96-s8982784-d2082583-temp-0.5,60,1411.1327520450036,1309.0915705188704,1513.1739335711368,1364.6826124924817,46.45013955252193,2,a5803f8a5d9d87202b43d709cb328cedaf18c446af448f705c33d553e8c2e9f7,5170ec511fb50cdf10d648416d508574d70e9781ddf156a1b2a86d2b385e94dc,100,1729,maximum_nontransitivity_disagreement_gain,2000.0,3000.0
kata1-b6c96-s8982784-d2082583-temp-0.5,62,1412.2317219553775,1311.7032230206726,1512.7602208900823,1364.6826124924817,47.549109462895785,2,a5803f8a5d9d87202b43d709cb328cedaf18c446af448f705c33d553e8c2e9f7,5170ec511fb50cdf10d648416d508574d70e9781ddf156a1b2a86d2b385e94dc,100,1729,maximum_nontransitivity_disagreement_gain,2000.0,3000.0
kata1-b6c96-s8982784-d2082583-temp-0.5,64,1406.3702005947732,1307.8977076710323,1504.8426935185141,1364.6826124924817,41.687588102291556,2,a5803f8a5d9d87202b43d709cb328cedaf18c446af448f705c33d553e8c2e9f7,5170ec511fb50cdf10d648416d508574d70e9781ddf156a1b2a86d2b385e94dc,100,1729,maximum_nontransitivity_disagreement_gain,2000.0,3000.0
kata1-b6c96-s8982784-d2082583-temp-0.5,66,1400.9320765412479,1304.3741827079155,1497.4899703745803,1364.6826124924817,36.249464048766185,2,a5803f8a5d9d87202b43d709cb328cedaf18c446af448f705c33d553e8c2e9f7,5170ec511fb50cdf10d648416d508574d70e9781ddf156a1b2a86d2b385e94dc,100,1729,maximum_nontransitivity_disagreement_gain,2000.0,3000.0
kata1-b6c96-s8982784-d2082583-temp-0.5,68,1395.8720564065652,1301.103179104023,1490.6409337091075,1364.6826124924817,31.18944391408354,2,a5803f8a5d9d87202b43d709cb328cedaf18c446af448f705c33d553e8c2e9f7,5170ec511fb50cdf10d648416d508574d70e9781ddf156a1b2a86d2b385e94dc,100,1729,maximum_nontransitivity_disagreement_gain,2000.0,3000.0
kata1-b6c96-s8982784-d2082583-temp-0.5,70,1391.1205804000817,1298.0305265151158,1484.2106342850477,1364.6826124924817,26.43796790760007,2,a5803f8a5d9d87202b43d709cb328cedaf18c446af448f705c33d553e8c2e9f7,5170ec511fb50cdf10d648416d508574d70e9781ddf156a1b2a86d2b385e94dc,100,1729,maximum_nontransitivity_disagreement_gain,2000.0,3000.0
kata1-b6c96-s8982784-d2082583-temp-0.5,72,1398.5658510267172,1306.1619344090452,1490.969767644389,1364.6826124924817,33.88323853423549,2,a5803f8a5d9d87202b43d709cb328cedaf18c446af448f705c33d553e8c2e9f7,5170ec511fb50cdf10d648416d508574d70e9781ddf156a1b2a86d2b385e94dc,100,1729,maximum_nontransitivity_disagreement_gain,2000.0,3000.0
kata1-b6c96-s8982784-d2082583-temp-0.5,74,1393.9803410041009,1303.1333305251542,1484.8273514830476,1364.6826124924817,29.297728511619198,2,a5803f8a5d9d87202b43d709cb328cedaf18c446af448f705c33d553e8c2e9f7,5170ec511fb50cdf10d648416d508574d70e9781ddf156a1b2a86d2b385e94dc,100,1729,maximum_nontransitivity_disagreement_gain,2000.0,3000.0
kata1-b6c96-s8982784-d2082583-temp-0.5,76,1389.7059513764746,1300.3241983727805,1479.0877043801686,1364.6826124924817,25.023338883992892,2,a5803f8a5d9d87202b43d709cb328cedaf18c446af448f705c33d553e8c2e9f7,5170ec511fb50cdf10d648416d508574d70e9781ddf156a1b2a86d2b385e94dc,100,1729,maximum_nontransitivity_disagreement_gain,2000.0,3000.0
kata1-b6c96-s8982784-d2082583-temp-0.5,78,1396.5796354012605,1307.7981399370692,1485.3611308654517,1364.6826124924817,31.89702290877881,2,a5803f8a5d9d87202b43d709cb328cedaf18c446af448f705c33d553e8c2e9f7,5170ec511fb50cdf10d648416d508574d70e9781ddf156a1b2a86d2b385e94dc,100,1729,maximum_nontransitivity_disagreement_gain,2000.0,3000.0
kata1-b6c96-s8982784-d2082583-temp-0.5,80,1392.4093689929675,1304.9967667013082,1479.821971284627,1364.6826124924817,27.726756500485862,2,a5803f8a5d9d87202b43d709cb328cedaf18c446af448f705c33d553e8c2e9f7,5170ec511fb50cdf10d648416d508574d70e9781ddf156a1b2a86d2b385e94dc,100,1729,maximum_nontransitivity_disagreement_gain,2000.0,3000.0
kata1-b6c96-s8982784-d2082583-temp-0.5,82,1398.8996132416457,1312.03211716269,1485.7671093206015,1364.6826124924817,34.21700074916407,2,a5803f8a5d9d87202b43d709cb328cedaf18c446af448f705c33d553e8c2e9f7,5170ec511fb50cdf10d648416d508574d70e9781ddf156a1b2a86d2b385e94dc,100,1729,maximum_nontransitivity_disagreement_gain,2000.0,3000.0
kata1-b6c96-s8982784-d2082583-temp-0.5,84,1399.9774134294244,1314.0152617006584,1485.9395651581904,1364.6826124924817,35.29480093694269,2,a5803f8a5d9d87202b43d709cb328cedaf18c446af448f705c33d553e8c2e9f7,5170ec511fb50cdf10d648416d508574d70e9781ddf156a1b2a86d2b385e94dc,100,1729,maximum_nontransitivity_disagreement_gain,2000.0,3000.0
kata1-b6c96-s8982784-d2082583-temp-0.5,86,1406.0608539768239,1320.5871258459085,1491.5345821077392,1364.6826124924817,41.3782414843422,2,a5803f8a5d9d87202b43d709cb328cedaf18c446af448f705c33d553e8c2e9f7,5170ec511fb50cdf10d648416d508574d70e9781ddf156a1b2a86d2b385e94dc,100,1729,maximum_nontransitivity_disagreement_gain,2000.0,3000.0
kata1-b6c96-s8982784-d2082583-temp-0.5,88,1402.0179901927738,1317.771497789944,1486.2644825956036,1364.6826124924817,37.335377700292156,2,a5803f8a5d9d87202b43d709cb328cedaf18c446af448f705c33d553e8c2e9f7,5170ec511fb50cdf10d648416d508574d70e9781ddf156a1b2a86d2b385e94dc,100,1729,maximum_nontransitivity_disagreement_gain,2000.0,3000.0
kata1-b6c96-s8982784-d2082583-temp-0.5,90,1407.799897461291,1324.0018452349475,1491.5979496876346,1364.6826124924817,43.11728496880937,2,a5803f8a5d9d87202b43d709cb328cedaf18c446af448f705c33d553e8c2e9f7,5170ec511fb50cdf10d648416d508574d70e9781ddf156a1b2a86d2b385e94dc,100,1729,maximum_nontransitivity_disagreement_gain,2000.0,3000.0
kata1-b6c96-s8982784-d2082583-temp-0.5,92,1413.3878591616788,1330.0126971404898,1496.7630211828678,1364.6826124924817,48.705246669197095,2,a5803f8a5d9d87202b43d709cb328cedaf18c446af448f705c33d553e8c2e9f7,5170ec511fb50cdf10d648416d508574d70e9781ddf156a1b2a86d2b385e94dc,100,1729,maximum_nontransitivity_disagreement_gain,2000.0,3000.0
kata1-b6c96-s8982784-d2082583-temp-0.5,94,1409.3633636642965,1327.1348957739083,1491.5918315546846,1364.6826124924817,44.68075117181479,2,a5803f8a5d9d87202b43d709cb328cedaf18c446af448f705c33d553e8c2e9f7,5170ec511fb50cdf10d648416d508574d70e9781ddf156a1b2a86d2b385e94dc,100,1729,maximum_nontransitivity_disagreement_gain,2000.0,3000.0
kata1-b6c96-s8982784-d2082583-temp-0.5,96,1405.5696874360071,1324.4297509425546,1486.7096239294597,1364.6826124924817,40.88707494352548,2,a5803f8a5d9d87202b43d709cb328cedaf18c446af448f705c33d553e8c2e9f7,5170ec511fb50cdf10d648416d508574d70e9781ddf156a1b2a86d2b385e94dc,100,1729,maximum_nontransitivity_disagreement_gain,2000.0,3000.0
kata1-b6c96-s8982784-d2082583-temp-0.5,98,1401.9299941698066,1321.8283856212197,1482.0316027183935,1364.6826124924817,37.24738167732494,2,a5803f8a5d9d87202b43d709cb328cedaf18c446af448f705c33d553e8c2e9f7,5170ec511fb50cdf10d648416d508574d70e9781ddf156a1b2a86d2b385e94dc,100,1729,maximum_nontransitivity_disagreement_gain,2000.0,3000.0
kata1-b6c96-s8982784-d2082583-temp-0.5,100,1407.1203130385043,1327.3933882302906,1486.847237846718,1364.6826124924817,42.4377005460226,2,a5803f8a5d9d87202b43d709cb328cedaf18c446af448f705c33d553e8c2e9f7,5170ec511fb50cdf10d648416d508574d70e9781ddf156a1b2a86d2b385e94dc,100,1729,maximum_nontransitivity_disagreement_gain,2000.0,3000.0
kata1-b6c96-s8080640-d1961030-temp-0.3,2,1158.5092776030658,-1282.8992259777863,3599.917781183918,1413.0572710896483,-254.54799348658253,2,a5803f8a5d9d87202b43d709cb328cedaf18c446af448f705c33d553e8c2e9f7,5170ec511fb50cdf10d648416d508574d70e9781ddf156a1b2a86d2b385e94dc,100,1729,maximum_nontransitivity_disagreement_gain,2000.0,3000.0
kata1-b6c96-s8080640-d1961030-temp-0.3,4,1168.0723441882378,685.1986799033473,1650.9460084731284,1413.0572710896483,-244.98492690141052,2,a5803f8a5d9d87202b43d709cb328cedaf18c446af448f705c33d553e8c2e9f7,5170ec511fb50cdf10d648416d508574d70e9781ddf156a1b2a86d2b385e94dc,100,1729,maximum_nontransitivity_disagreement_gain,2000.0,3000.0
kata1-b6c96-s8080640-d1961030-temp-0.3,6,1168.2791978264238,822.8215726089778,1513.7368230438697,1413.0572710896483,-244.77807326322454,2,a5803f8a5d9d87202b43d709cb328cedaf18c446af448f705c33d553e8c2e9f7,5170ec511fb50cdf10d648416d508574d70e9781ddf156a1b2a86d2b385e94dc,100,1729,maximum_nontransitivity_disagreement_gain,2000.0,3000.0
kata1-b6c96-s8080640-d1961030-temp-0.3,8,1290.9825002128434,994.5131386983376,1587.4518617273493,1413.0572710896483,-122.0747708768049,2,a5803f8a5d9d87202b43d709cb328cedaf18c446af448f705c33d553e8c2e9f7,5170ec511fb50cdf10d648416d508574d70e9781ddf156a1b2a86d2b385e94dc,100,1729,maximum_nontransitivity_disagreement_gain,2000.0,3000.0
kata1-b6c96-s8080640-d1961030-temp-0.3,10,1188.539119817435,941.625841242719,1435.4523983921508,1413.0572710896483,-224.51815127221334,2,a5803f8a5d9d87202b43d709cb328cedaf18c446af448f705c33d553e8c2e9f7,5170ec511fb50cdf10d648416d508574d70e9781ddf156a1b2a86d2b385e94dc,100,1729,maximum_nontransitivity_disagreement_gain,2000.0,3000.0
kata1-b6c96-s8080640-d1961030-temp-0.3,12,1274.393094601156,1049.5506102678391,1499.2355789344729,1413.0572710896483,-138.66417648849233,2,a5803f8a5d9d87202b43d709cb328cedaf18c446af448f705c33d553e8c2e9f7,5170ec511fb50cdf10d648416d508574d70e9781ddf156a1b2a86d2b385e94dc,100,1729,maximum_nontransitivity_disagreement_gain,2000.0,3000.0
kata1-b6c96-s8080640-d1961030-temp-0.3,14,1270.4315762722085,1065.8176541076955,1475.0454984367216,1413.0572710896483,-142.6256948174398,2,a5803f8a5d9d87202b43d709cb328cedaf18c446af448f705c33d553e8c2e9f7,5170ec511fb50cdf10d648416d508574d70e9781ddf156a1b2a86d2b385e94dc,100,1729,maximum_nontransitivity_disagreement_gain,2000.0,3000.0
kata1-b6c96-s8080640-d1961030-temp-0.3,16,1267.6388747823348,1078.4847054552536,1456.793044109416,1413.0572710896483,-145.41839630731351,2,a5803f8a5d9d87202b43d709cb328cedaf18c446af448f705c33d553e8c2e9f7,5170ec511fb50cdf10d648416d508574d70e9781ddf156a1b2a86d2b385e94dc,100,1729,maximum_nontransitivity_disagreement_gain,2000.0,3000.0
kata1-b6c96-s8080640-d1961030-temp-0.3,18,1312.29151084349,1131.8434656255558,1492.739556061424,1413.0572710896483,-100.76576024615838,2,a5803f8a5d9d87202b43d709cb328cedaf18c446af448f705c33d553e8c2e9f7,5170ec511fb50cdf10d648416d508574d70e9781ddf156a1b2a86d2b385e94dc,100,1729,maximum_nontransitivity_disagreement_gain,2000.0,3000.0
kata1-b6c96-s8080640-d1961030-temp-0.3,20,1362.180115762671,1186.9859061026052,1537.3743254227368,1413.0572710896483,-50.877155326977345,2,a5803f8a5d9d87202b43d709cb328cedaf18c446af448f705c33d553e8c2e9f7,5170ec511fb50cdf10d648416d508574d70e9781ddf156a1b2a86d2b385e94dc,100,1729,maximum_nontransitivity_disagreement_gain,2000.0,3000.0
kata1-b6c96-s8080640-d1961030-temp-0.3,22,1362.2836564553988,1197.0263182754722,1527.5409946353254,1413.0572710896483,-50.7736146342495,2,a5803f8a5d9d87202b43d709cb328cedaf18c446af448f705c33d553e8c2e9f7,5170ec511fb50cdf10d648416d508574d70e9781ddf156a1b2a86d2b385e94dc,100,1729,maximum_nontransitivity_disagreement_gain,2000.0,3000.0
kata1-b6c96-s8080640-d1961030-temp-0.3,24,1399.4189781009845,1238.2542881806908,1560.5836680212783,1413.0572710896483,-13.638292988663807,2,a5803f8a5d9d87202b43d709cb328cedaf18c446af448f705c33d553e8c2e9f7,5170ec511fb50cdf10d648416d508574d70e9781ddf156a1b2a86d2b385e94dc,100,1729,maximum_nontransitivity_disagreement_gain,2000.0,3000.0
kata1-b6c96-s8080640-d1961030-temp-0.3,26,1395.9407530351316,1242.9096473542431,1548.97185871602,1413.0572710896483,-17.116518054516746,2,a5803f8a5d9d87202b43d709cb328cedaf18c446af448f705c33d553e8c2e9f7,5170ec511fb50cdf10d648416d508574d70e9781ddf156a1b2a86d2b385e94dc,100,1729,maximum_nontransitivity_disagreement_gain,2000.0,3000.0
kata1-b6c96-s8080640-d1961030-temp-0.3,28,1425.0401357203398,1275.207969485619,1574.8723019550605,1413.0572710896483,11.982864630691438,2,a5803f8a5d9d87202b43d709cb328cedaf18c446af448f705c33d553e8c2e9f7,5170ec511fb50cdf10d648416d508574d70e9781ddf156a1b2a86d2b385e94dc,100,1729,maximum_nontransitivity_disagreement_gain,2000.0,3000.0
kata1-b6c96-s8080640-d1961030-temp-0.3,30,1450.5832629453369,1303.456053568081,1597.7104723225928,1413.0572710896483,37.52599185568852,2,a5803f8a5d9d87202b43d709cb328cedaf18c446af448f705c33d553e8c2e9f7,5170ec511fb50cdf10d648416d508574d70e9781ddf156a1b2a86d2b385e94dc,100,1729,maximum_nontransitivity_disagreement_gain,2000.0,3000.0
kata1-b6c96-s8080640-d1961030-temp-0.3,32,1473.2551983354592,1328.4439446401575,1618.066452030761,1413.0572710896483,60.19792724581089,2,a5803f8a5d9d87202b43d709cb328cedaf18c446af448f705c33d553e8c2e9f7,5170ec511fb50cdf10d648416d508574d70e9781ddf156a1b2a86d2b385e94dc,100,1729,maximum_nontransitivity_disagreement_gain,2000.0,3000.0
kata1-b6c96-s8080640-d1961030-temp-0.3,34,1464.8528999536397,1326.4636618727552,1603.2421380345243,1413.0572710896483,51.795628863991396,2,a5803f8a5d9d87202b43d709cb328cedaf18c446af448f705c33d553e8c2e9f7,5170ec511fb50cdf10d648416d508574d70e9781ddf156a1b2a86d2b385e94dc,100,1729,maximum_nontransitivity_disagreement_gain,2000.0,3000.0
kata1-b6c96-s8080640-d1961030-temp-0.3,36,1457.6742324212992,1324.8177825323164,1590.530682310282,1413.0572710896483,44.61696133165083,2,a5803f8a5d9d87202b43d709cb328cedaf18c446af448f705c33d553e8c2e9f7,5170ec511fb50cdf10d648416d508574d70e9781ddf156a1b2a86d2b385e94dc,100,1729,maximum_nontransitivity_disagreement_gain,2000.0,3000.0
kata1-b6c96-s8080640-d1961030-temp-0.3,38,1451.477658262204,1323.4571214473158,1579.498195077092,1413.0572710896483,38.42038717255559,2,a5803f8a5d9d87202b43d709cb328cedaf18c446af448f705c33d553e8c2e9f7,5170ec511fb50cdf10d648416d508574d70e9781ddf156a1b2a86d2b385e94dc,100,1729,maximum_nontransitivity_disagreement_gain,2000.0,3000.0
kata1-b6c96-s8080640-d1961030-temp-0.3,40,1468.6557332824384,1342.327822974927,1594.98364358995,1413.0572710896483,55.598462192790066,2,a5803f8a5d9d87202b43d709cb328cedaf18c446af448f705c33d553e8c2e9f7,5170ec511fb50cdf10d648416d508574d70e9781ddf156a1b2a86d2b385e94dc,100,1729,maximum_nontransitivity_disagreement_gain,2000.0,3000.0
kata1-b6c96-s8080640-d1961030-temp-0.3,42,1441.3266230557135,1321.406089558863,1561.247156552564,1413.0572710896483,28.269351966065187,2,a5803f8a5d9d87202b43d709cb328cedaf18c446af448f705c33d553e8c2e9f7,5170ec511fb50cdf10d648416d508574d70e9781ddf156a1b2a86d2b385e94dc,100,1729,maximum_nontransitivity_disagreement_gain,2000.0,3000.0
kata1-b6c96-s8080640-d1961030-temp-0.3,44,1456.9240561514484,1338.5294633592666,1575.3186489436303,1413.0572710896483,43.8667850618001,2,a5803f8a5d9d87202b43d709cb328cedaf18c446af448f705c33d553e8c2e9f7,5170ec511fb50cdf10d648416d508574d70e9781ddf156a1b2a86d2b385e94dc,100,1729,maximum_nontransitivity_disagreement_gain,2000.0,3000.0
kata1-b6c96-s8080640-d1961030-temp-0.3,46,1452.0054540892988,1336.9841874419988,1567.026720736599,1413.0572710896483,38.9481829996505,2,a5803f8a5d9d87202b43d709cb328cedaf18c446af448f705c33d553e8c2e9f7,5170ec511fb50cdf10d648416d508574d70e9781ddf156a1b2a86d2b385e94dc,100,1729,maximum_nontransitivity_disagreement_gain,2000.0,3000.0
kata1-b6c96-s8080640-d1961030-temp-0.3,48,1447.6171612746712,1335.6551625693144,1559.579159980028,1413.0572710896483,34.55989018502282,2,a5803f8a5d9d87202b43d709cb328cedaf18c446af448f705c33d553e8c2e9f7,5170ec511fb50cdf10d648416d508574d70e9781ddf156a1b2a86d2b385e94dc,100,1729,maximum_nontransitivity_disagreement_gain,2000.0,3000.0
kata1-b6c96-s8080640-d1961030-temp-0.3,50,1426.8361495914448,1318.9776650904696,1534.69463409242,1413.0572710896483,13.778878501796498,2,a5803f8a5d9d87202b43d709cb328cedaf18c446af448f705c33d553e8c2e9f7,5170ec511fb50cdf10d648416d508574d70e9781ddf156a1b2a86d2b385e94dc,100,1729,maximum_nontransitivity_disagreement_gain,2000.0,3000.0
kata1-b6c96-s8080640-d1961030-temp-0.3,52,1424.017792895994,1318.5866090607767,1529.4489767312114,1413.0572710896483,10.960521806345696,2,a5803f8a5d9d87202b43d709cb328cedaf18c446af448f705c33d553e8c2e9f7,5170ec511fb50cdf10d648416d508574d70e9781ddf156a1b2a86d2b385e94dc,100,1729,maximum_nontransitivity_disagreement_gain,2000.0,3000.0
kata1-b6c96-s8080640-d1961030-temp-0.3,54,1436.7333604983849,1332.5075497197458,1540.9591712770239,1413.0572710896483,23.676089408736516,2,a5803f8a5d9d87202b43d709cb328cedaf18c446af448f705c33d553e8c2e9f7,5170ec511fb50cdf10d648416d508574d70e9781ddf156a1b2a86d2b385e94dc,100,1729,maximum_nontransitivity_disagreement_gain,2000.0,3000.0
kata1-b6c96-s8080640-d1961030-temp-0.3,56,1419.0988337584245,1318.0116300855884,1520.1860374312605,1413.0572710896483,6.041562668776123,2,a5803f8a5d9d87202b43d709cb328cedaf18c446af448f705c33d553e8c2e9f7,5170ec511fb50cdf10d648416d508574d70e9781ddf156a1b2a86d2b385e94dc,100,1729,maximum_nontransitivity_disagreement_gain,2000.0,3000.0
kata1-b6c96-s8080640-d1961030-temp-0.3,58,1430.9475066910877,1330.9661484132682,1530.9288649689072,1413.0572710896483,17.89023560143937,2,a5803f8a5d9d87202b43d709cb328cedaf18c446af448f705c33d553e8c2e9f7,5170ec511fb50cdf10d648416d508574d70e9781ddf156a1b2a86d2b385e94dc,100,1729,maximum_nontransitivity_disagreement_gain,2000.0,3000.0
kata1-b6c96-s8080640-d1961030-temp-0.3,60,1414.9242285247622,1317.626443655803,1512.2220133937212,1413.0572710896483,1.866957435113818,2,a5803f8a5d9d87202b43d709cb328cedaf18c446af448f705c33d553e8c2e9f7,5170ec511fb50cdf10d648416d508574d70e9781ddf156a1b2a86d2b385e94dc,100,1729,maximum_nontransitivity_disagreement_gain,2000.0,3000.0
kata1-b6c96-s8080640-d1961030-temp-0.3,62,1406.6630893215824,1311.3960012174305,1501.9301774257344,1413.0572710896483,-6.3941817680658914,2,a5803f8a5d9d87202b43d709cb328cedaf18c446af448f705c33d553e8c2e9f7,5170ec511fb50cdf10d648416d508574d70e9781ddf156a1b2a86d2b385e94dc,100,1729,maximum_nontransitivity_disagreement_gain,2000.0,3000.0
kata1-b6c96-s8080640-d1961030-temp-0.3,64,1417.560907952279,1323.299530296413,1511.822285608145,1413.0572710896483,4.5036368626306285,2,a5803f8a5d9d87202b43d709cb328cedaf18c446af448f705c33d553e8c2e9f7,5170ec511fb50cdf10d648416d508574d70e9781ddf156a1b2a86d2b385e94dc,100,1729,maximum_nontransitivity_disagreement_gain,2000.0,3000.0
kata1-b6c96-s8080640-d1961030-temp-0.3,66,1427.8620671955448,1334.5185671095148,1521.2055672815748,1413.0572710896483,14.804796105896457,2,a5803f8a5d9d87202b43d709cb328cedaf18c446af448f705c33d553e8c2e9f7,5170ec511fb50cdf10d648416d508574d70e9781ddf156a1b2a86d2b385e94dc,100,1729,maximum_nontransitivity_disagreement_gain,2000.0,3000.0
kata1-b6c96-s8080640-d1961030-temp-0.3,68,1437.625300531566,1345.122956862339,1530.127644200793,1413.0572710896483,24.568029441917588,2,a5803f8a5d9d87202b43d709cb328cedaf18c446af448f705c33d553e8c2e9f7,5170ec511fb50cdf10d648416d508574d70e9781ddf156a1b2a86d2b385e94dc,100,1729,maximum_nontransitivity_disagreement_gain,2000.0,3000.0
kata1-b6c96-s8080640-d1961030-temp-0.3,70,1446.9013278922578,1355.1727222411134,1538.629933543402,1413.0572710896483,33.84405680260943,2,a5803f8a5d9d87202b43d709cb328cedaf18c446af448f705c33d553e8c2e9f7,5170ec511fb50cdf10d648416d508574d70e9781ddf156a1b2a86d2b385e94dc,100,1729,maximum_nontransitivity_disagreement_gain,2000.0,3000.0
kata1-b6c96-s8080640-d1961030-temp-0.3,72,1441.145304711237,1350.8611330338624,1531.4294763886116,1413.0572710896483,28.088033621588693,2,a5803f8a5d9d87202b43d709cb328cedaf18c446af448f705c33d553e8c2e9f7,5170ec511fb50cdf10d648416d508574d70e9781ddf156a1b2a86d2b385e94dc,100,1729,maximum_nontransitivity_disagreement_gain,2000.0,3000.0
kata1-b6c96-s8080640-d1961030-temp-0.3,74,1446.9760755272328,1357.3544441426209,1536.5977069118446,1413.0572710896483,33.91880443758441,2,a5803f8a5d9d87202b43d709cb328cedaf18c446af448f705c33d553e8c2e9f7,5170ec511fb50cdf10d648416d508574d70e9781ddf156a1b2a86d2b385e94dc,100,1729,maximum_nontransitivity_disagreement_gain,2000.0,3000.0
kata1-b6c96-s8080640-d1961030-temp-0.3,76,1449.9136597593138,1361.3104921013758,1538.5168274172518,1413.0572710896483,36.85638866966542,2,a5803f8a5d9d87202b43d709cb328cedaf18c446af448f705c33d553e8c2e9f7,5170ec511fb50cdf10d648416d508574d70e9781ddf156a1b2a86d2b385e94dc,100,1729,maximum_nontransitivity_disagreement_gain,2000.0,3000.0
kata1-b6c96-s8080640-d1961030-temp-0.3,78,1436.8840193824076,1350.2432399683914,1523.5247987964237,1413.0572710896483,23.826748292759248,2,a5803f8a5d9d87202b43d709cb328cedaf18c446af448f705c33d553e8c2e9f7,5170ec511fb50cdf10d648416d508574d70e9781ddf156a1b2a86d2b385e94dc,100,1729,maximum_nontransitivity_disagreement_gain,2000.0,3000.0
kata1-b6c96-s8080640-d1961030-temp-0.3,80,1434.8048015668105,1349.3775280804134,1520.2320750532076,1413.0572710896483,21.747530477162172,2,a5803f8a5d9d87202b43d709cb328cedaf18c446af448f705c33d553e8c2e9f7,5170ec511fb50cdf10d648416d508574d70e9781ddf156a1b2a86d2b385e94dc,100,1729,maximum_nontransitivity_disagreement_gain,2000.0,3000.0
kata1-b6c96-s8080640-d1961030-temp-0.3,82,1428.4301650379882,1344.0452178635721,1512.8151122124043,1413.0572710896483,15.372893948339879,2,a5803f8a5d9d87202b43d709cb328cedaf18c446af448f705c33d553e8c2e9f7,5170ec511fb50cdf10d648416d508574d70e9781ddf156a1b2a86d2b385e94dc,100,1729,maximum_nontransitivity_disagreement_gain,2000.0,3000.0
kata1-b6c96-s8080640-d1961030-temp-0.3,84,1422.3325771849695,1338.9483900797056,1505.7167642902334,1413.0572710896483,9.275306095321184,2,a5803f8a5d9d87202b43d709cb328cedaf18c446af448f705c33d553e8c2e9f7,5170ec511fb50cdf10d648416d508574d70e9781ddf156a1b2a86d2b385e94dc,100,1729,maximum_nontransitivity_disagreement_gain,2000.0,3000.0
kata1-b6c96-s8080640-d1961030-temp-0.3,86,1426.1141406251472,1343.206154432011,1509.0221268182834,1413.0572710896483,13.05686953549889,2,a5803f8a5d9d87202b43d709cb328cedaf18c446af448f705c33d553e8c2e9f7,5170ec511fb50cdf10d648416d508574d70e9781ddf156a1b2a86d2b385e94dc,100,1729,maximum_nontransitivity_disagreement_gain,2000.0,3000.0
kata1-b6c96-s8080640-d1961030-temp-0.3,88,1429.7827090030219,1347.3247153812943,1512.2407026247495,1413.0572710896483,16.725437913373526,2,a5803f8a5d9d87202b43d709cb328cedaf18c446af448f705c33d553e8c2e9f7,5170ec511fb50cdf10d648416d508574d70e9781ddf156a1b2a86d2b385e94dc,100,1729,maximum_nontransitivity_disagreement_gain,2000.0,3000.0
kata1-b6c96-s8080640-d1961030-temp-0.3,90,1433.3453635517633,1351.3133576941943,1515.3773694093322,1413.0572710896483,20.288092462114946,2,a5803f8a5d9d87202b43d709cb328cedaf18c446af448f705c33d553e8c2e9f7,5170ec511fb50cdf10d648416d508574d70e9781ddf156a1b2a86d2b385e94dc,100,1729,maximum_nontransitivity_disagreement_gain,2000.0,3000.0
kata1-b6c96-s8080640-d1961030-temp-0.3,92,1440.6674808136966,1359.1253374693772,1522.209624158016,1413.0572710896483,27.610209724048218,2,a5803f8a5d9d87202b43d709cb328cedaf18c446af448f705c33d553e8c2e9f7,5170ec511fb50cdf10d648416d508574d70e9781ddf156a1b2a86d2b385e94dc,100,1729,maximum_nontransitivity_disagreement_gain,2000.0,3000.0
kata1-b6c96-s8080640-d1961030-temp-0.3,94,1438.7402840817758,1358.2108387794012,1519.2697293841504,1413.0572710896483,25.683012992127487,2,a5803f8a5d9d87202b43d709cb328cedaf18c446af448f705c33d553e8c2e9f7,5170ec511fb50cdf10d648416d508574d70e9781ddf156a1b2a86d2b385e94dc,100,1729,maximum_nontransitivity_disagreement_gain,2000.0,3000.0
kata1-b6c96-s8080640-d1961030-temp-0.3,96,1436.9079113828714,1357.3468293871576,1516.468993378585,1413.0572710896483,23.850640293223023,2,a5803f8a5d9d87202b43d709cb328cedaf18c446af448f705c33d553e8c2e9f7,5170ec511fb50cdf10d648416d508574d70e9781ddf156a1b2a86d2b385e94dc,100,1729,maximum_nontransitivity_disagreement_gain,2000.0,3000.0
kata1-b6c96-s8080640-d1961030-temp-0.3,98,1435.1894090562027,1356.5537623030934,1513.825055809312,1413.0572710896483,22.13213796655441,2,a5803f8a5d9d87202b43d709cb328cedaf18c446af448f705c33d553e8c2e9f7,5170ec511fb50cdf10d648416d508574d70e9781ddf156a1b2a86d2b385e94dc,100,1729,maximum_nontransitivity_disagreement_gain,2000.0,3000.0
kata1-b6c96-s8080640-d1961030-temp-0.3,100,1433.5261712612892,1355.7795687696664,1511.272773752912,1413.0572710896483,20.468900171640826,2,a5803f8a5d9d87202b43d709cb328cedaf18c446af448f705c33d553e8c2e9f7,5170ec511fb50cdf10d648416d508574d70e9781ddf156a1b2a86d2b385e94dc,100,1729,maximum_nontransitivity_disagreement_gain,2000.0,3000.0
kata1-b6c96-s8982784-d2082583,2,1165.5048542597435,-1284.3022468376091,3615.311955357096,1573.370050307006,-407.86519604726254,2,a5803f8a5d9d87202b43d709cb328cedaf18c446af448f705c33d553e8c2e9f7,5170ec511fb50cdf10d648416d508574d70e9781ddf156a1b2a86d2b385e94dc,100,1729,maximum_nontransitivity_disagreement_gain,2000.0,3000.0
kata1-b6c96-s8982784-d2082583,4,1597.4859417583373,988.5825716707502,2206.3893118459246,1573.370050307006,24.11589145133121,2,a5803f8a5d9d87202b43d709cb328cedaf18c446af448f705c33d553e8c2e9f7,5170ec511fb50cdf10d648416d508574d70e9781ddf156a1b2a86d2b385e94dc,100,1729,maximum_nontransitivity_disagreement_gain,2000.0,3000.0
kata1-b6c96-s8982784-d2082583,6,1530.2890529842089,1014.8121521977422,2045.7659537706754,1573.370050307006,-43.0809973227972,2,a5803f8a5d9d87202b43d709cb328cedaf18c446af448f705c33d553e8c2e9f7,5170ec511fb50cdf10d648416d508574d70e9781ddf156a1b2a86d2b385e94dc,100,1729,maximum_nontransitivity_disagreement_gain,2000.0,3000.0
kata1-b6c96-s8982784-d2082583,8,1637.08377298267,1228.7144482502126,2045.4530977151276,1573.370050307006,63.71372267566403,2,a5803f8a5d9d87202b43d709cb328cedaf18c446af448f705c33d553e8c2e9f7,5170ec511fb50cdf10d648416d508574d70e9781ddf156a1b2a86d2b385e94dc,100,1729,maximum_nontransitivity_disagreement_gain,2000.0,3000.0
kata1-b6c96-s8982784-d2082583,10,1665.0238671653156,1297.8622134679945,2032.1855208626366,1573.370050307006,91.65381685830948,2,a5803f8a5d9d87202b43d709cb328cedaf18c446af448f705c33d553e8c2e9f7,5170ec511fb50cdf10d648416d508574d70e9781ddf156a1b2a86d2b385e94dc,100,1729,maximum_nontransitivity_disagreement_gain,2000.0,3000.0
kata1-b6c96-s8982784-d2082583,12,1668.791794704248,1375.653284539454,1961.9303048690422,1573.370050307006,95.42174439724204,2,a5803f8a5d9d87202b43d709cb328cedaf18c446af448f705c33d553e8c2e9f7,5170ec511fb50cdf10d648416d508574d70e9781ddf156a1b2a86d2b385e94dc,100,1729,maximum_nontransitivity_disagreement_gain,2000.0,3000.0
kata1-b6c96-s8982784-d2082583,14,1622.3929669744998,1364.6370635335186,1880.148870415481,1573.370050307006,49.022916667493746,2,a5803f8a5d9d87202b43d709cb328cedaf18c446af448f705c33d553e8c2e9f7,5170ec511fb50cdf10d648416d508574d70e9781ddf156a1b2a86d2b385e94dc,100,1729,maximum_nontransitivity_disagreement_gain,2000.0,3000.0
kata1-b6c96-s8982784-d2082583,16,1553.6164721843413,1315.5318892585121,1791.7010551101705,1573.370050307006,-19.75357812266475,2,a5803f8a5d9d87202b43d709cb328cedaf18c446af448f705c33d553e8c2e9f7,5170ec511fb50cdf10d648416d508574d70e9781ddf156a1b2a86d2b385e94dc,100,1729,maximum_nontransitivity_disagreement_gain,2000.0,3000.0
kata1-b6c96-s8982784-d2082583,18,1569.7147978787862,1342.976439415472,1796.4531563421003,1573.370050307006,-3.65525242821991,2,a5803f8a5d9d87202b43d709cb328cedaf18c446af448f705c33d553e8c2e9f7,5170ec511fb50cdf10d648416d508574d70e9781ddf156a1b2a86d2b385e94dc,100,1729,maximum_nontransitivity_disagreement_gain,2000.0,3000.0
kata1-b6c96-s8982784-d2082583,20,1583.3548709084328,1365.251115720241,1801.4586260966246,1573.370050307006,9.98482060142669,2,a5803f8a5d9d87202b43d709cb328cedaf18c446af448f705c33d553e8c2e9f7,5170ec511fb50cdf10d648416d508574d70e9781ddf156a1b2a86d2b385e94dc,100,1729,maximum_nontransitivity_disagreement_gain,2000.0,3000.0
kata1-b6c96-s8982784-d2082583,22,1595.2297875508145,1384.00666278482,1806.452912316809,1573.370050307006,21.859737243808468,2,a5803f8a5d9d87202b43d709cb328cedaf18c446af448f705c33d553e8c2e9f7,5170ec511fb50cdf10d648416d508574d70e9781ddf156a1b2a86d2b385e94dc,100,1729,maximum_nontransitivity_disagreement_gain,2000.0,3000.0
kata1-b6c96-s8982784-d2082583,24,1551.2996185477134,1355.0433067139368,1747.55593038149,1573.370050307006,-22.07043175929266,2,a5803f8a5d9d87202b43d709cb328cedaf18c446af448f705c33d553e8c2e9f7,5170ec511fb50cdf10d648416d508574d70e9781ddf156a1b2a86d2b385e94dc,100,1729,maximum_nontransitivity_disagreement_gain,2000.0,3000.0
kata1-b6c96-s8982784-d2082583,26,1562.6582352788516,1372.1030805505222,1753.213390007181,1573.370050307006,-10.711815028154433,2,a5803f8a5d9d87202b43d709cb328cedaf18c446af448f705c33d553e8c2e9f7,5170ec511fb50cdf10d648416d508574d70e9781ddf156a1b2a86d2b385e94dc,100,1729,maximum_nontransitivity_disagreement_gain,2000.0,3000.0
kata1-b6c96-s8982784-d2082583,28,1572.8185275593614,1387.028187083485,1758.608868035238,1573.370050307006,-0.5515227476446398,2,a5803f8a5d9d87202b43d709cb328cedaf18c446af448f705c33d553e8c2e9f7,5170ec511fb50cdf10d648416d508574d70e9781ddf156a1b2a86d2b385e94dc,100,1729,maximum_nontransitivity_disagreement_gain,2000.0,3000.0
kata1-b6c96-s8982784-d2082583,30,1533.8295350259016,1353.9626532562859,1713.6964167955173,1573.370050307006,-39.54051528110449,2,a5803f8a5d9d87202b43d709cb328cedaf18c446af448f705c33d553e8c2e9f7,5170ec511fb50cdf10d648416d508574d70e9781ddf156a1b2a86d2b385e94dc,100,1729,maximum_nontransitivity_disagreement_gain,2000.0,3000.0
kata1-b6c96-s8982784-d2082583,32,1544.3109374297667,1368.5406686883339,1720.0812061711995,1573.370050307006,-29.059112877239386,2,a5803f8a5d9d87202b43d709cb328cedaf18c446af448f705c33d553e8c2e9f7,5170ec511fb50cdf10d648416d508574d70e9781ddf156a1b2a86d2b385e94dc,100,1729,maximum_nontransitivity_disagreement_gain,2000.0,3000.0
kata1-b6c96-s8982784-d2082583,34,1553.8383643846678,1381.6067928695122,1726.0699358998233,1573.370050307006,-19.531685922338283,2,a5803f8a5d9d87202b43d709cb328cedaf18c446af448f705c33d553e8c2e9f7,5170ec511fb50cdf10d648416d508574d70e9781ddf156a1b2a86d2b385e94dc,100,1729,maximum_nontransitivity_disagreement_gain,2000.0,3000.0
kata1-b6c96-s8982784-d2082583,36,1527.6790643694442,1365.1548796468655,1690.2032490920228,1573.370050307006,-45.69098593756189,2,a5803f8a5d9d87202b43d709cb328cedaf18c446af448f705c33d553e8c2e9f7,5170ec511fb50cdf10d648416d508574d70e9781ddf156a1b2a86d2b385e94dc,100,1729,maximum_nontransitivity_disagreement_gain,2000.0,3000.0
kata1-b6c96-s8982784-d2082583,38,1536.5369459701135,1377.0448445667193,1696.0290473735076,1573.370050307006,-36.833104336892575,2,a5803f8a5d9d87202b43d709cb328cedaf18c446af448f705c33d553e8c2e9f7,5170ec511fb50cdf10d648416d508574d70e9781ddf156a1b2a86d2b385e94dc,100,1729,maximum_nontransitivity_disagreement_gain,2000.0,3000.0
kata1-b6c96-s8982784-d2082583,40,1544.7132680989407,1387.9034735337127,1701.5230626641687,1573.370050307006,-28.65678220806535,2,a5803f8a5d9d87202b43d709cb328cedaf18c446af448f705c33d553e8c2e9f7,5170ec511fb50cdf10d648416d508574d70e9781ddf156a1b2a86d2b385e94dc,100,1729,maximum_nontransitivity_disagreement_gain,2000.0,3000.0
kata1-b6c96-s8982784-d2082583,42,1539.8519851034273,1389.6521834439734,1690.0517867628812,1573.370050307006,-33.51806520357877,2,a5803f8a5d9d87202b43d709cb328cedaf18c446af448f705c33d553e8c2e9f7,5170ec511fb50cdf10d648416d508574d70e9781ddf156a1b2a86d2b385e94dc,100,1729,maximum_nontransitivity_disagreement_gain,2000.0,3000.0
kata1-b6c96-s8982784-d2082583,44,1546.995618901791,1399.052734297681,1694.938503505901,1573.370050307006,-26.37443140521509,2,a5803f8a5d9d87202b43d709cb328cedaf18c446af448f705c33d553e8c2e9f7,5170ec511fb50cdf10d648416d508574d70e9781ddf156a1b2a86d2b385e94dc,100,1729,maximum_nontransitivity_disagreement_gain,2000.0,3000.0
kata1-b6c96-s8982784-d2082583,46,1527.7718119525239,1385.9637692608092,1669.5798546442386,1573.370050307006,-45.59823835448219,2,a5803f8a5d9d87202b43d709cb328cedaf18c446af448f705c33d553e8c2e9f7,5170ec511fb50cdf10d648416d508574d70e9781ddf156a1b2a86d2b385e94dc,100,1729,maximum_nontransitivity_disagreement_gain,2000.0,3000.0
kata1-b6c96-s8982784-d2082583,48,1534.528142064984,1394.7335425861384,1674.3227415438296,1573.370050307006,-38.8419082420221,2,a5803f8a5d9d87202b43d709cb328cedaf18c446af448f705c33d553e8c2e9f7,5170ec511fb50cdf10d648416d508574d70e9781ddf156a1b2a86d2b385e94dc,100,1729,maximum_nontransitivity_disagreement_gain,2000.0,3000.0
kata1-b6c96-s8982784-d2082583,50,1558.0369713661921,1421.9139573677294,1694.1599853646549,1573.370050307006,-15.333078940813948,2,a5803f8a5d9d87202b43d709cb328cedaf18c446af448f705c33d553e8c2e9f7,5170ec511fb50cdf10d648416d508574d70e9781ddf156a1b2a86d2b385e94dc,100,1729,maximum_nontransitivity_disagreement_gain,2000.0,3000.0
kata1-b6c96-s8982784-d2082583,52,1566.119487884357,1434.0855511085988,1698.1534246601154,1573.370050307006,-7.2505624226489545,2,a5803f8a5d9d87202b43d709cb328cedaf18c446af448f705c33d553e8c2e9f7,5170ec511fb50cdf10d648416d508574d70e9781ddf156a1b2a86d2b385e94dc,100,1729,maximum_nontransitivity_disagreement_gain,2000.0,3000.0
kata1-b6c96-s8982784-d2082583,54,1549.5224170188897,1421.6649661365564,1677.379867901223,1573.370050307006,-23.847633288116413,2,a5803f8a5d9d87202b43d709cb328cedaf18c446af448f705c33d553e8c2e9f7,5170ec511fb50cdf10d648416d508574d70e9781ddf156a1b2a86d2b385e94dc,100,1729,maximum_nontransitivity_disagreement_gain,2000.0,3000.0
kata1-b6c96-s8982784-d2082583,56,1554.4602550882917,1428.0537062587023,1680.866803917881,1573.370050307006,-18.909795218714407,2,a5803f8a5d9d87202b43d709cb328cedaf18c446af448f705c33d553e8c2e9f7,5170ec511fb50cdf10d648416d508574d70e9781ddf156a1b2a86d2b385e94dc,100,1729,maximum_nontransitivity_disagreement_gain,2000.0,3000.0
kata1-b6c96-s8982784-d2082583,58,1561.6418729232741,1438.5322769869063,1684.751468859642,1573.370050307006,-11.728177383731918,2,a5803f8a5d9d87202b43d709cb328cedaf18c446af448f705c33d553e8c2e9f7,5170ec511fb50cdf10d648416d508574d70e9781ddf156a1b2a86d2b385e94dc,100,1729,maximum_nontransitivity_disagreement_gain,2000.0,3000.0
kata1-b6c96-s8982784-d2082583,60,1547.3878435227164,1427.5239312792157,1667.251755766217,1573.370050307006,-25.9822067842897,2,a5803f8a5d9d87202b43d709cb328cedaf18c446af448f705c33d553e8c2e9f7,5170ec511fb50cdf10d648416d508574d70e9781ddf156a1b2a86d2b385e94dc,100,1729,maximum_nontransitivity_disagreement_gain,2000.0,3000.0
kata1-b6c96-s8982784-d2082583,62,1551.7676103008707,1433.1345368758507,1670.4006837258908,1573.370050307006,-21.60244000613534,2,a5803f8a5d9d87202b43d709cb328cedaf18c446af448f705c33d553e8c2e9f7,5170ec511fb50cdf10d648416d508574d70e9781ddf156a1b2a86d2b385e94dc,100,1729,maximum_nontransitivity_disagreement_gain,2000.0,3000.0
kata1-b6c96-s8982784-d2082583,64,1548.6168873705935,1432.7701910493063,1664.4635836918808,1573.370050307006,-24.753162936412537,2,a5803f8a5d9d87202b43d709cb328cedaf18c446af448f705c33d553e8c2e9f7,5170ec511fb50cdf10d648416d508574d70e9781ddf156a1b2a86d2b385e94dc,100,1729,maximum_nontransitivity_disagreement_gain,2000.0,3000.0
kata1-b6c96-s8982784-d2082583,66,1552.6777387577602,1437.9334947332786,1667.4219827822417,1573.370050307006,-20.692311549245915,2,a5803f8a5d9d87202b43d709cb328cedaf18c446af448f705c33d553e8c2e9f7,5170ec511fb50cdf10d648416d508574d70e9781ddf156a1b2a86d2b385e94dc,100,1729,maximum_nontransitivity_disagreement_gain,2000.0,3000.0
kata1-b6c96-s8982784-d2082583,68,1540.6819223369334,1428.493011864214,1652.870832809653,1573.370050307006,-32.68812797007263,2,a5803f8a5d9d87202b43d709cb328cedaf18c446af448f705c33d553e8c2e9f7,5170ec511fb50cdf10d648416d508574d70e9781ddf156a1b2a86d2b385e94dc,100,1729,maximum_nontransitivity_disagreement_gain,2000.0,3000.0
kata1-b6c96-s8982784-d2082583,70,1544.6361309686752,1433.4811691365169,1655.7910928008334,1573.370050307006,-28.733919338330907,2,a5803f8a5d9d87202b43d709cb328cedaf18c446af448f705c33d553e8c2e9f7,5170ec511fb50cdf10d648416d508574d70e9781ddf156a1b2a86d2b385e94dc,100,1729,maximum_nontransitivity_disagreement_gain,2000.0,3000.0
kata1-b6c96-s8982784-d2082583,72,1548.4388471401817,1438.25415942888,1658.6235348514833,1573.370050307006,-24.93120316682439,2,a5803f8a5d9d87202b43d709cb328cedaf18c446af448f705c33d553e8c2e9f7,5170ec511fb50cdf10d648416d508574d70e9781ddf156a1b2a86d2b385e94dc,100,1729,maximum_nontransitivity_disagreement_gain,2000.0,3000.0
kata1-b6c96-s8982784-d2082583,74,1537.5594439659073,1429.6463909270112,1645.4724970048035,1573.370050307006,-35.81060634109872,2,a5803f8a5d9d87202b43d709cb328cedaf18c446af448f705c33d553e8c2e9f7,5170ec511fb50cdf10d648416d508574d70e9781ddf156a1b2a86d2b385e94dc,100,1729,maximum_nontransitivity_disagreement_gain,2000.0,3000.0
kata1-b6c96-s8982784-d2082583,76,1541.2638891068111,1434.2641976727728,1648.2635805408495,1573.370050307006,-32.10616120019495,2,a5803f8a5d9d87202b43d709cb328cedaf18c446af448f705c33d553e8c2e9f7,5170ec511fb50cdf10d648416d508574d70e9781ddf156a1b2a86d2b385e94dc,100,1729,maximum_nontransitivity_disagreement_gain,2000.0,3000.0
kata1-b6c96-s8982784-d2082583,78,1544.8361284202374,1438.6976104355608,1650.974646404914,1573.370050307006,-28.533921886768667,2,a5803f8a5d9d87202b43d709cb328cedaf18c446af448f705c33d553e8c2e9f7,5170ec511fb50cdf10d648416d508574d70e9781ddf156a1b2a86d2b385e94dc,100,1729,maximum_nontransitivity_disagreement_gain,2000.0,3000.0
kata1-b6c96-s8982784-d2082583,80,1565.7694343754702,1461.3272140447207,1670.2116547062196,1573.370050307006,-7.600615931535913,2,a5803f8a5d9d87202b43d709cb328cedaf18c446af448f705c33d553e8c2e9f7,5170ec511fb50cdf10d648416d508574d70e9781ddf156a1b2a86d2b385e94dc,100,1729,maximum_nontransitivity_disagreement_gain,2000.0,3000.0
kata1-b6c96-s8982784-d2082583,82,1570.271542276091,1467.6909464069079,1672.852138145274,1573.370050307006,-3.098508030915127,2,a5803f8a5d9d87202b43d709cb328cedaf18c446af448f705c33d553e8c2e9f7,5170ec511fb50cdf10d648416d508574d70e9781ddf156a1b2a86d2b385e94dc,100,1729,maximum_nontransitivity_disagreement_gain,2000.0,3000.0
kata1-b6c96-s8982784-d2082583,84,1574.4420916791044,1473.6428067049794,1675.2413766532293,1573.370050307006,1.0720413720982833,2,a5803f8a5d9d87202b43d709cb328cedaf18c446af448f705c33d553e8c2e9f7,5170ec511fb50cdf10d648416d508574d70e9781ddf156a1b2a86d2b385e94dc,100,1729,maximum_nontransitivity_disagreement_gain,2000.0,3000.0
kata1-b6c96-s8982784-d2082583,86,1578.3136694765576,1479.217469315753,1677.4098696373621,1573.370050307006,4.943619169551539,2,a5803f8a5d9d87202b43d709cb328cedaf18c446af448f705c33d553e8c2e9f7,5170ec511fb50cdf10d648416d508574d70e9781ddf156a1b2a86d2b385e94dc,100,1729,maximum_nontransitivity_disagreement_gain,2000.0,3000.0
kata1-b6c96-s8982784-d2082583,88,1581.8976984638432,1484.431154210528,1679.3642427171585,1573.370050307006,8.527648156837131,2,a5803f8a5d9d87202b43d709cb328cedaf18c446af448f705c33d553e8c2e9f7,5170ec511fb50cdf10d648416d508574d70e9781ddf156a1b2a86d2b385e94dc,100,1729,maximum_nontransitivity_disagreement_gain,2000.0,3000.0
kata1-b6c96-s8982784-d2082583,90,1572.3455123990518,1476.4330912228556,1668.257933575248,1573.370050307006,-1.0245379079542545,2,a5803f8a5d9d87202b43d709cb328cedaf18c446af448f705c33d553e8c2e9f7,5170ec511fb50cdf10d648416d508574d70e9781ddf156a1b2a86d2b385e94dc,100,1729,maximum_nontransitivity_disagreement_gain,2000.0,3000.0
kata1-b6c96-s8982784-d2082583,92,1563.4084315669727,1468.917243444653,1657.8996196892924,1573.370050307006,-9.961618740033373,2,a5803f8a5d9d87202b43d709cb328cedaf18c446af448f705c33d553e8c2e9f7,5170ec511fb50cdf10d648416d508574d70e9781ddf156a1b2a86d2b385e94dc,100,1729,maximum_nontransitivity_disagreement_gain,2000.0,3000.0
kata1-b6c96-s8982784-d2082583,94,1555.0153890139163,1461.8302643252364,1648.2005137025963,1573.370050307006,-18.354661293089748,2,a5803f8a5d9d87202b43d709cb328cedaf18c446af448f705c33d553e8c2e9f7,5170ec511fb50cdf10d648416d508574d70e9781ddf156a1b2a86d2b385e94dc,100,1729,maximum_nontransitivity_disagreement_gain,2000.0,3000.0
kata1-b6c96-s8982784-d2082583,96,1557.5272425718479,1464.9134500052874,1650.1410351384084,1573.370050307006,-15.842807735158203,2,a5803f8a5d9d87202b43d709cb328cedaf18c446af448f705c33d553e8c2e9f7,5170ec511fb50cdf10d648416d508574d70e9781ddf156a1b2a86d2b385e94dc,100,1729,maximum_nontransitivity_disagreement_gain,2000.0,3000.0
kata1-b6c96-s8982784-d2082583,98,1572.8816035490524,1481.6351170969638,1664.1280900011411,1573.370050307006,-0.4884467579536249,2,a5803f8a5d9d87202b43d709cb328cedaf18c446af448f705c33d553e8c2e9f7,5170ec511fb50cdf10d648416d508574d70e9781ddf156a1b2a86d2b385e94dc,100,1729,maximum_nontransitivity_disagreement_gain,2000.0,3000.0
kata1-b6c96-s8982784-d2082583,100,1564.812775490053,1474.750325049062,1654.8752259310438,1573.370050307006,-8.557274816953168,2,a5803f8a5d9d87202b43d709cb328cedaf18c446af448f705c33d553e8c2e9f7,5170ec511fb50cdf10d648416d508574d70e9781ddf156a1b2a86d2b385e94dc,100,1729,maximum_nontransitivity_disagreement_gain,2000.0,3000.0
kata1-b6c96-s10014464-d2201128,2,1168.6766672139572,-1284.9024775648352,3622.25581199275,1655.0650946473024,-486.3884274333452,2,a5803f8a5d9d87202b43d709cb328cedaf18c446af448f705c33d553e8c2e9f7,5170ec511fb50cdf10d648416d508574d70e9781ddf156a1b2a86d2b385e94dc,100,1729,maximum_nontransitivity_disagreement_gain,2000.0,3000.0
kata1-b6c96-s10014464-d2201128,4,1598.2699416077355,985.3952189611571,2211.144664254314,1655.0650946473024,-56.79515303956691,2,a5803f8a5d9d87202b43d709cb328cedaf18c446af448f705c33d553e8c2e9f7,5170ec511fb50cdf10d648416d508574d70e9781ddf156a1b2a86d2b385e94dc,100,1729,maximum_nontransitivity_disagreement_gain,2000.0,3000.0
kata1-b6c96-s10014464-d2201128,6,1531.2081833611107,1012.416382211499,2049.9999845107222,1655.0650946473024,-123.85691128619169,2,a5803f8a5d9d87202b43d709cb328cedaf18c446af448f705c33d553e8c2e9f7,5170ec511fb50cdf10d648416d508574d70e9781ddf156a1b2a86d2b385e94dc,100,1729,maximum_nontransitivity_disagreement_gain,2000.0,3000.0
kata1-b6c96-s10014464-d2201128,8,1746.6466655723248,1396.2864880692814,2097.006843075368,1655.0650946473024,91.58157092502233,2,a5803f8a5d9d87202b43d709cb328cedaf18c446af448f705c33d553e8c2e9f7,5170ec511fb50cdf10d648416d508574d70e9781ddf156a1b2a86d2b385e94dc,100,1729,maximum_nontransitivity_disagreement_gain,2000.0,3000.0
kata1-b6c96-s10014464-d2201128,10,1606.6088936009667,1274.4980722378973,1938.719714964036,1655.0650946473024,-48.456201046335764,2,a5803f8a5d9d87202b43d709cb328cedaf18c446af448f705c33d553e8c2e9f7,5170ec511fb50cdf10d648416d508574d70e9781ddf156a1b2a86d2b385e94dc,100,1729,maximum_nontransitivity_disagreement_gain,2000.0,3000.0
kata1-b6c96-s10014464-d2201128,12,1580.0260724743366,1259.829345277196,1900.2227996714773,1655.0650946473024,-75.03902217296582,2,a5803f8a5d9d87202b43d709cb328cedaf18c446af448f705c33d553e8c2e9f7,5170ec511fb50cdf10d648416d508574d70e9781ddf156a1b2a86d2b385e94dc,100,1729,maximum_nontransitivity_disagreement_gain,2000.0,3000.0
kata1-b6c96-s10014464-d2201128,14,1626.7573035986056,1366.2824294407715,1887.2321777564398,1655.0650946473024,-28.3077910486968,2,a5803f8a5d9d87202b43d709cb328cedaf18c446af448f705c33d553e8c2e9f7,5170ec511fb50cdf10d648416d508574d70e9781ddf156a1b2a86d2b385e94dc,100,1729,maximum_nontransitivity_disagreement_gain,2000.0,3000.0
kata1-b6c96-s10014464-d2201128,16,1652.13807001334,1425.6392750385735,1878.6368649881065,1655.0650946473024,-2.9270246339624464,2,a5803f8a5d9d87202b43d709cb328cedaf18c446af448f705c33d553e8c2e9f7,5170ec511fb50cdf10d648416d508574d70e9781ddf156a1b2a86d2b385e94dc,100,1729,maximum_nontransitivity_disagreement_gain,2000.0,3000.0
kata1-b6c96-s10014464-d2201128,18,1716.0115600943357,1520.1037354238856,1911.9193847647857,1655.0650946473024,60.94646544703323,2,a5803f8a5d9d87202b43d709cb328cedaf18c446af448f705c33d553e8c2e9f7,5170ec511fb50cdf10d648416d508574d70e9781ddf156a1b2a86d2b385e94dc,100,1729,maximum_nontransitivity_disagreement_gain,2000.0,3000.0
kata1-b6c96-s10014464-d2201128,20,1659.847783238427,1470.8957511741853,1848.7998153026685,1655.0650946473024,4.782688591124497,2,a5803f8a5d9d87202b43d709cb328cedaf18c446af448f705c33d553e8c2e9f7,5170ec511fb50cdf10d648416d508574d70e9781ddf156a1b2a86d2b385e94dc,100,1729,maximum_nontransitivity_disagreement_gain,2000.0,3000.0
kata1-b6c96-s10014464-d2201128,22,1670.794560345281,1494.9793636409177,1846.6097570496445,1655.0650946473024,15.72946569797864,2,a5803f8a5d9d87202b43d709cb328cedaf18c446af448f705c33d553e8c2e9f7,5170ec511fb50cdf10d648416d508574d70e9781ddf156a1b2a86d2b385e94dc,100,1729,maximum_nontransitivity_disagreement_gain,2000.0,3000.0
kata1-b6c96-s10014464-d2201128,24,1671.62216259857,1505.9773712085898,1837.26695398855,1655.0650946473024,16.557067951267527,2,a5803f8a5d9d87202b43d709cb328cedaf18c446af448f705c33d553e8c2e9f7,5170ec511fb50cdf10d648416d508574d70e9781ddf156a1b2a86d2b385e94dc,100,1729,maximum_nontransitivity_disagreement_gain,2000.0,3000.0
kata1-b6c96-s10014464-d2201128,26,1707.8024376813094,1553.2739734855882,1862.3309018770306,1655.0650946473024,52.737343034006926,2,a5803f8a5d9d87202b43d709cb328cedaf18c446af448f705c33d553e8c2e9f7,5170ec511fb50cdf10d648416d508574d70e9781ddf156a1b2a86d2b385e94dc,100,1729,maximum_nontransitivity_disagreement_gain,2000.0,3000.0
kata1-b6c96-s10014464-d2201128,28,1705.1315520566022,1557.335661387263,1852.9274427259415,1655.0650946473024,50.0664574092998,2,a5803f8a5d9d87202b43d709cb328cedaf18c446af448f705c33d553e8c2e9f7,5170ec511fb50cdf10d648416d508574d70e9781ddf156a1b2a86d2b385e94dc,100,1729,maximum_nontransitivity_disagreement_gain,2000.0,3000.0
kata1-b6c96-s10014464-d2201128,30,1731.977428840307,1591.0333726353042,1872.92148504531,1655.0650946473024,76.91233419300465,2,a5803f8a5d9d87202b43d709cb328cedaf18c446af448f705c33d553e8c2e9f7,5170ec511fb50cdf10d648416d508574d70e9781ddf156a1b2a86d2b385e94dc,100,1729,maximum_nontransitivity_disagreement_gain,2000.0,3000.0
kata1-b6c96-s10014464-d2201128,32,1727.905815370668,1592.033040581592,1863.778590159744,1655.0650946473024,72.84072072336562,2,a5803f8a5d9d87202b43d709cb328cedaf18c446af448f705c33d553e8c2e9f7,5170ec511fb50cdf10d648416d508574d70e9781ddf156a1b2a86d2b385e94dc,100,1729,maximum_nontransitivity_disagreement_gain,2000.0,3000.0
kata1-b6c96-s10014464-d2201128,34,1699.33437336606,1567.4122147367548,1831.256531995365,1655.0650946473024,44.269278718757505,2,a5803f8a5d9d87202b43d709cb328cedaf18c446af448f705c33d553e8c2e9f7,5170ec511fb50cdf10d648416d508574d70e9781ddf156a1b2a86d2b385e94dc,100,1729,maximum_nontransitivity_disagreement_gain,2000.0,3000.0
kata1-b6c96-s10014464-d2201128,36,1674.1952245310845,1545.580840209373,1802.809608852796,1655.0650946473024,19.130129883782047,2,a5803f8a5d9d87202b43d709cb328cedaf18c446af448f705c33d553e8c2e9f7,5170ec511fb50cdf10d648416d508574d70e9781ddf156a1b2a86d2b385e94dc,100,1729,maximum_nontransitivity_disagreement_gain,2000.0,3000.0
kata1-b6c96-s10014464-d2201128,38,1696.6681240060068,1572.8140334718412,1820.5222145401724,1655.0650946473024,41.60302935870436,2,a5803f8a5d9d87202b43d709cb328cedaf18c446af448f705c33d553e8c2e9f7,5170ec511fb50cdf10d648416d508574d70e9781ddf156a1b2a86d2b385e94dc,100,1729,maximum_nontransitivity_disagreement_gain,2000.0,3000.0
kata1-b6c96-s10014464-d2201128,40,1695.5790146737338,1575.220394247312,1815.9376351001556,1655.0650946473024,40.51392002643138,2,a5803f8a5d9d87202b43d709cb328cedaf18c446af448f705c33d553e8c2e9f7,5170ec511fb50cdf10d648416d508574d70e9781ddf156a1b2a86d2b385e94dc,100,1729,maximum_nontransitivity_disagreement_gain,2000.0,3000.0
kata1-b6c96-s10014464-d2201128,42,1698.3925100452957,1581.2907862373172,1815.4942338532742,1655.0650946473024,43.32741539799326,2,a5803f8a5d9d87202b43d709cb328cedaf18c446af448f705c33d553e8c2e9f7,5170ec511fb50cdf10d648416d508574d70e9781ddf156a1b2a86d2b385e94dc,100,1729,maximum_nontransitivity_disagreement_gain,2000.0,3000.0
kata1-b6c96-s10014464-d2201128,44,1697.3304184015344,1583.1684965414445,1811.4923402616243,1655.0650946473024,42.265323754231986,2,a5803f8a5d9d87202b43d709cb328cedaf18c446af448f705c33d553e8c2e9f7,5170ec511fb50cdf10d648416d508574d70e9781ddf156a1b2a86d2b385e94dc,100,1729,maximum_nontransitivity_disagreement_gain,2000.0,3000.0
kata1-b6c96-s10014464-d2201128,46,1696.3533327751009,1584.9117647270205,1807.7949008231813,1655.0650946473024,41.28823812779842,2,a5803f8a5d9d87202b43d709cb328cedaf18c446af448f705c33d553e8c2e9f7,5170ec511fb50cdf10d648416d508574d70e9781ddf156a1b2a86d2b385e94dc,100,1729,maximum_nontransitivity_disagreement_gain,2000.0,3000.0
kata1-b6c96-s10014464-d2201128,48,1695.4893972491122,1586.5695476858841,1804.4092468123404,1655.0650946473024,40.42430260180981,2,a5803f8a5d9d87202b43d709cb328cedaf18c446af448f705c33d553e8c2e9f7,5170ec511fb50cdf10d648416d508574d70e9781ddf156a1b2a86d2b385e94dc,100,1729,maximum_nontransitivity_disagreement_gain,2000.0,3000.0
kata1-b6c96-s10014464-d2201128,50,1694.7046016993122,1588.132374430826,1801.2768289677983,1655.0650946473024,39.639507052009776,2,a5803f8a5d9d87202b43d709cb328cedaf18c446af448f705c33d553e8c2e9f7,5170ec511fb50cdf10d648416d508574d70e9781ddf156a1b2a86d2b385e94dc,100,1729,maximum_nontransitivity_disagreement_gain,2000.0,3000.0
kata1-b6c96-s10014464-d2201128,52,1693.9886903403162,1589.6086921339568,1798.3686885466757,1655.0650946473024,38.923595693013795,2,a5803f8a5d9d87202b43d709cb328cedaf18c446af448f705c33d553e8c2e9f7,5170ec511fb50cdf10d648416d508574d70e9781ddf156a1b2a86d2b385e94dc,100,1729,maximum_nontransitivity_disagreement_gain,2000.0,3000.0
kata1-b6c96-s10014464-d2201128,54,1696.173116191888,1593.8733412646477,1798.4728911191285,1655.0650946473024,41.108021544585654,2,a5803f8a5d9d87202b43d709cb328cedaf18c446af448f705c33d553e8c2e9f7,5170ec511fb50cdf10d648416d508574d70e9781ddf156a1b2a86d2b385e94dc,100,1729,maximum_nontransitivity_disagreement_gain,2000.0,3000.0
kata1-b6c96-s10014464-d2201128,56,1681.2213630022645,1580.5861782495285,1781.8565477550005,1655.0650946473024,26.156268354962094,2,a5803f8a5d9d87202b43d709cb328cedaf18c446af448f705c33d553e8c2e9f7,5170ec511fb50cdf10d648416d508574d70e9781ddf156a1b2a86d2b385e94dc,100,1729,maximum_nontransitivity_disagreement_gain,2000.0,3000.0
kata1-b6c96-s10014464-d2201128,58,1681.1100980213466,1582.3120540017048,1779.9081420409884,1655.0650946473024,26.0450033740442,2,a5803f8a5d9d87202b43d709cb328cedaf18c446af448f705c33d553e8c2e9f7,5170ec511fb50cdf10d648416d508574d70e9781ddf156a1b2a86d2b385e94dc,100,1729,maximum_nontransitivity_disagreement_gain,2000.0,3000.0
kata1-b6c96-s10014464-d2201128,60,1681.0078169483857,1583.9410435736363,1778.074590323135,1655.0650946473024,25.942722301083222,2,a5803f8a5d9d87202b43d709cb328cedaf18c446af448f705c33d553e8c2e9f7,5170ec511fb50cdf10d648416d508574d70e9781ddf156a1b2a86d2b385e94dc,100,1729,maximum_nontransitivity_disagreement_gain,2000.0,3000.0
kata1-b6c96-s10014464-d2201128,62,1680.9135507366507,1585.4817999518198,1776.3453015214816,1655.0650946473024,25.848456089348247,2,a5803f8a5d9d87202b43d709cb328cedaf18c446af448f705c33d553e8c2e9f7,5170ec511fb50cdf10d648416d508574d70e9781ddf156a1b2a86d2b385e94dc,100,1729,maximum_nontransitivity_disagreement_gain,2000.0,3000.0
kata1-b6c96-s10014464-d2201128,64,1680.8264647442732,1586.9419343580728,1774.7109951304735,1655.0650946473024,25.761370096970722,2,a5803f8a5d9d87202b43d709cb328cedaf18c446af448f705c33d553e8c2e9f7,5170ec511fb50cdf10d648416d508574d70e9781ddf156a1b2a86d2b385e94dc,100,1729,maximum_nontransitivity_disagreement_gain,2000.0,3000.0
kata1-b6c96-s10014464-d2201128,66,1680.7247171922936,1588.3092398636293,1773.140194520958,1655.0650946473024,25.65962254499118,2,a5803f8a5d9d87202b43d709cb328cedaf18c446af448f705c33d553e8c2e9f7,5170ec511fb50cdf10d648416d508574d70e9781ddf156a1b2a86d2b385e94dc,100,1729,maximum_nontransitivity_disagreement_gain,2000.0,3000.0
kata1-b6c96-s10014464-d2201128,68,1692.10666214975,1601.2378701460327,1782.9754541534674,1655.0650946473024,37.041567502447606,2,a5803f8a5d9d87202b43d709cb328cedaf18c446af448f705c33d553e8c2e9f7,5170ec511fb50cdf10d648416d508574d70e9781ddf156a1b2a86d2b385e94dc,100,1729,maximum_nontransitivity_disagreement_gain,2000.0,3000.0
kata1-b6c96-s10014464-d2201128,70,1682.4670504161825,1592.8067928716905,1772.1273079606744,1655.0650946473024,27.401955768880043,2,a5803f8a5d9d87202b43d709cb328cedaf18c446af448f705c33d553e8c2e9f7,5170ec511fb50cdf10d648416d508574d70e9781ddf156a1b2a86d2b385e94dc,100,1729,maximum_nontransitivity_disagreement_gain,2000.0,3000.0
kata1-b6c96-s10014464-d2201128,72,1684.3731994816028,1596.0113800492552,1772.7350189139504,1655.0650946473024,29.308104834300366,2,a5803f8a5d9d87202b43d709cb328cedaf18c446af448f705c33d553e8c2e9f7,5170ec511fb50cdf10d648416d508574d70e9781ddf156a1b2a86d2b385e94dc,100,1729,maximum_nontransitivity_disagreement_gain,2000.0,3000.0
kata1-b6c96-s10014464-d2201128,74,1686.144485838343,1599.0224973622237,1773.2664743144621,1655.0650946473024,31.079391191040486,2,a5803f8a5d9d87202b43d709cb328cedaf18c446af448f705c33d553e8c2e9f7,5170ec511fb50cdf10d648416d508574d70e9781ddf156a1b2a86d2b385e94dc,100,1729,maximum_nontransitivity_disagreement_gain,2000.0,3000.0
kata1-b6c96-s10014464-d2201128,76,1677.4947059506271,1591.3769669285266,1763.6124449727276,1655.0650946473024,22.42961130332469,2,a5803f8a5d9d87202b43d709cb328cedaf18c446af448f705c33d553e8c2e9f7,5170ec511fb50cdf10d648416d508574d70e9781ddf156a1b2a86d2b385e94dc,100,1729,maximum_nontransitivity_disagreement_gain,2000.0,3000.0
kata1-b6c96-s10014464-d2201128,78,1689.4036659991887,1604.5946040140952,1774.212727984282,1655.0650946473024,34.33857135188623,2,a5803f8a5d9d87202b43d709cb328cedaf18c446af448f705c33d553e8c2e9f7,5170ec511fb50cdf10d648416d508574d70e9781ddf156a1b2a86d2b385e94dc,100,1729,maximum_nontransitivity_disagreement_gain,2000.0,3000.0
kata1-b6c96-s10014464-d2201128,80,1690.9083314265008,1607.180009669427,1774.6366531835747,1655.0650946473024,35.84323677919838,2,a5803f8a5d9d87202b43d709cb328cedaf18c446af448f705c33d553e8c2e9f7,5170ec511fb50cdf10d648416d508574d70e9781ddf156a1b2a86d2b385e94dc,100,1729,maximum_nontransitivity_disagreement_gain,2000.0,3000.0
kata1-b6c96-s10014464-d2201128,82,1682.8395521348252,1599.9994593385954,1765.679644931055,1655.0650946473024,27.774457487522795,2,a5803f8a5d9d87202b43d709cb328cedaf18c446af448f705c33d553e8c2e9f7,5170ec511fb50cdf10d648416d508574d70e9781ddf156a1b2a86d2b385e94dc,100,1729,maximum_nontransitivity_disagreement_gain,2000.0,3000.0
kata1-b6c96-s10014464-d2201128,84,1684.4411421796733,1602.6025738247522,1766.2797105345944,1655.0650946473024,29.376047532370876,2,a5803f8a5d9d87202b43d709cb328cedaf18c446af448f705c33d553e8c2e9f7,5170ec511fb50cdf10d648416d508574d70e9781ddf156a1b2a86d2b385e94dc,100,1729,maximum_nontransitivity_disagreement_gain,2000.0,3000.0
kata1-b6c96-s10014464-d2201128,86,1676.9205174998417,1595.8705090106262,1757.9705259890573,1655.0650946473024,21.855422852539277,2,a5803f8a5d9d87202b43d709cb328cedaf18c446af448f705c33d553e8c2e9f7,5170ec511fb50cdf10d648416d508574d70e9781ddf156a1b2a86d2b385e94dc,100,1729,maximum_nontransitivity_disagreement_gain,2000.0,3000.0
kata1-b6c96-s10014464-d2201128,88,1678.574113386288,1598.459147371214,1758.689079401362,1655.0650946473024,23.50901873898556,2,a5803f8a5d9d87202b43d709cb328cedaf18c446af448f705c33d553e8c2e9f7,5170ec511fb50cdf10d648416d508574d70e9781ddf156a1b2a86d2b385e94dc,100,1729,maximum_nontransitivity_disagreement_gain,2000.0,3000.0
kata1-b6c96-s10014464-d2201128,90,1671.5311529378014,1592.1215279726143,1750.9407779029884,1655.0650946473024,16.46605829049895,2,a5803f8a5d9d87202b43d709cb328cedaf18c446af448f705c33d553e8c2e9f7,5170ec511fb50cdf10d648416d508574d70e9781ddf156a1b2a86d2b385e94dc,100,1729,maximum_nontransitivity_disagreement_gain,2000.0,3000.0
kata1-b6c96-s10014464-d2201128,92,1664.7847014545277,1586.0310160591,1743.5383868499555,1655.0650946473024,9.719606807225318,2,a5803f8a5d9d87202b43d709cb328cedaf18c446af448f705c33d553e8c2e9f7,5170ec511fb50cdf10d648416d508574d70e9781ddf156a1b2a86d2b385e94dc,100,1729,maximum_nontransitivity_disagreement_gain,2000.0,3000.0
kata1-b6c96-s10014464-d2201128,94,1666.634817994591,1588.7339332424078,1744.5357027467742,1655.0650946473024,11.569723347288573,2,a5803f8a5d9d87202b43d709cb328cedaf18c446af448f705c33d553e8c2e9f7,5170ec511fb50cdf10d648416d508574d70e9781ddf156a1b2a86d2b385e94dc,100,1729,maximum_nontransitivity_disagreement_gain,2000.0,3000.0
kata1-b6c96-s10014464-d2201128,96,1672.4247515150796,1595.4482393842416,1749.4012636459177,1655.0650946473024,17.359656867777176,2,a5803f8a5d9d87202b43d709cb328cedaf18c446af448f705c33d553e8c2e9f7,5170ec511fb50cdf10d648416d508574d70e9781ddf156a1b2a86d2b385e94dc,100,1729,maximum_nontransitivity_disagreement_gain,2000.0,3000.0
kata1-b6c96-s10014464-d2201128,98,1666.1047947516909,1589.7140658337307,1742.495523669651,1655.0650946473024,11.03970010438843,2,a5803f8a5d9d87202b43d709cb328cedaf18c446af448f705c33d553e8c2e9f7,5170ec511fb50cdf10d648416d508574d70e9781ddf156a1b2a86d2b385e94dc,100,1729,maximum_nontransitivity_disagreement_gain,2000.0,3000.0
kata1-b6c96-s10014464-d2201128,100,1667.8075123514516,1592.185399088179,1743.429625614724,1655.0650946473024,12.742417704149148,2,a5803f8a5d9d87202b43d709cb328cedaf18c446af448f705c33d553e8c2e9f7,5170ec511fb50cdf10d648416d508574d70e9781ddf156a1b2a86d2b385e94dc,100,1729,maximum_nontransitivity_disagreement_gain,2000.0,3000.0
kata1-b6c96-s10825472-d2300510,2,1167.119422671085,-1284.6062048658277,3618.8450502079977,1744.6194606988875,-577.5000380278025,2,a5803f8a5d9d87202b43d709cb328cedaf18c446af448f705c33d553e8c2e9f7,5170ec511fb50cdf10d648416d508574d70e9781ddf156a1b2a86d2b385e94dc,100,1729,maximum_nontransitivity_disagreement_gain,2000.0,3000.0
kata1-b6c96-s10825472-d2300510,4,1596.6806339084849,983.9910932469504,2209.370174570019,1744.6194606988875,-147.93882679040257,2,a5803f8a5d9d87202b43d709cb328cedaf18c446af448f705c33d553e8c2e9f7,5170ec511fb50cdf10d648416d508574d70e9781ddf156a1b2a86d2b385e94dc,100,1729,maximum_nontransitivity_disagreement_gain,2000.0,3000.0
kata1-b6c96-s10825472-d2300510,6,1705.8217134059382,1263.0954923928703,2148.547934419006,1744.6194606988875,-38.797747292949225,2,a5803f8a5d9d87202b43d709cb328cedaf18c446af448f705c33d553e8c2e9f7,5170ec511fb50cdf10d648416d508574d70e9781ddf156a1b2a86d2b385e94dc,100,1729,maximum_nontransitivity_disagreement_gain,2000.0,3000.0
kata1-b6c96-s10825472-d2300510,8,1843.4437688067471,1535.7956469803803,2151.091890633114,1744.6194606988875,98.82430810785968,2,a5803f8a5d9d87202b43d709cb328cedaf18c446af448f705c33d553e8c2e9f7,5170ec511fb50cdf10d648416d508574d70e9781ddf156a1b2a86d2b385e94dc,100,1729,maximum_nontransitivity_disagreement_gain,2000.0,3000.0
kata1-b6c96-s10825472-d2300510,10,1782.0864946290653,1503.3941850432007,2060.77880421493,1744.6194606988875,37.46703393017788,2,a5803f8a5d9d87202b43d709cb328cedaf18c446af448f705c33d553e8c2e9f7,5170ec511fb50cdf10d648416d508574d70e9781ddf156a1b2a86d2b385e94dc,100,1729,maximum_nontransitivity_disagreement_gain,2000.0,3000.0
kata1-b6c96-s10825472-d2300510,12,1740.206846623775,1477.6135877903748,2002.800105457175,1744.6194606988875,-4.412614075112515,2,a5803f8a5d9d87202b43d709cb328cedaf18c446af448f705c33d553e8c2e9f7,5170ec511fb50cdf10d648416d508574d70e9781ddf156a1b2a86d2b385e94dc,100,1729,maximum_nontransitivity_disagreement_gain,2000.0,3000.0
kata1-b6c96-s10825472-d2300510,14,1708.2797736408868,1456.2574030529984,1960.3021442287752,1744.6194606988875,-36.33968705800066,2,a5803f8a5d9d87202b43d709cb328cedaf18c446af448f705c33d553e8c2e9f7,5170ec511fb50cdf10d648416d508574d70e9781ddf156a1b2a86d2b385e94dc,100,1729,maximum_nontransitivity_disagreement_gain,2000.0,3000.0
kata1-b6c96-s10825472-d2300510,16,1682.4157464391685,1438.0103020381932,1926.8211908401438,1744.6194606988875,-62.203714259718936,2,a5803f8a5d9d87202b43d709cb328cedaf18c446af448f705c33d553e8c2e9f7,5170ec511fb50cdf10d648416d508574d70e9781ddf156a1b2a86d2b385e94dc,100,1729,maximum_nontransitivity_disagreement_gain,2000.0,3000.0
kata1-b6c96-s10825472-d2300510,18,1660.64188943054,1422.0633701762208,1899.2204086848592,1744.6194606988875,-83.97757126834745,2,a5803f8a5d9d87202b43d709cb328cedaf18c446af448f705c33d553e8c2e9f7,5170ec511fb50cdf10d648416d508574d70e9781ddf156a1b2a86d2b385e94dc,100,1729,maximum_nontransitivity_disagreement_gain,2000.0,3000.0
kata1-b6c96-s10825472-d2300510,20,1641.8184956370694,1407.8884390266924,1875.7485522474465,1744.6194606988875,-102.80096506181803,2,a5803f8a5d9d87202b43d709cb328cedaf18c446af448f705c33d553e8c2e9f7,5170ec511fb50cdf10d648416d508574d70e9781ddf156a1b2a86d2b385e94dc,100,1729,maximum_nontransitivity_disagreement_gain,2000.0,3000.0
kata1-b6c96-s10825472-d2300510,22,1625.2271159980871,1395.1224963731236,1855.3317356230507,1744.6194606988875,-119.39234470080032,2,a5803f8a5d9d87202b43d709cb328cedaf18c446af448f705c33d553e8c2e9f7,5170ec511fb50cdf10d648416d508574d70e9781ddf156a1b2a86d2b385e94dc,100,1729,maximum_nontransitivity_disagreement_gain,2000.0,3000.0
kata1-b6c96-s10825472-d2300510,24,1610.384337465542,1383.5039690931985,1837.2647058378857,1744.6194606988875,-134.23512323334535,2,a5803f8a5d9d87202b43d709cb328cedaf18c446af448f705c33d553e8c2e9f7,5170ec511fb50cdf10d648416d508574d70e9781ddf156a1b2a86d2b385e94dc,100,1729,maximum_nontransitivity_disagreement_gain,2000.0,3000.0
kata1-b6c96-s10825472-d2300510,26,1596.9505951714245,1372.8401795783502,1821.0610107644989,1744.6194606988875,-147.6688655274629,2,a5803f8a5d9d87202b43d709cb328cedaf18c446af448f705c33d553e8c2e9f7,5170ec511fb50cdf10d648416d508574d70e9781ddf156a1b2a86d2b385e94dc,100,1729,maximum_nontransitivity_disagreement_gain,2000.0,3000.0
kata1-b6c96-s10825472-d2300510,28,1584.6767310434323,1362.9830309254367,1806.3704311614279,1744.6194606988875,-159.9427296554552,2,a5803f8a5d9d87202b43d709cb328cedaf18c446af448f705c33d553e8c2e9f7,5170ec511fb50cdf10d648416d508574d70e9781ddf156a1b2a86d2b385e94dc,100,1729,maximum_nontransitivity_disagreement_gain,2000.0,3000.0
kata1-b6c96-s10825472-d2300510,30,1653.652580572127,1470.2680599855753,1837.0371011586785,1744.6194606988875,-90.96688012676054,2,a5803f8a5d9d87202b43d709cb328cedaf18c446af448f705c33d553e8c2e9f7,5170ec511fb50cdf10d648416d508574d70e9781ddf156a1b2a86d2b385e94dc,100,1729,maximum_nontransitivity_disagreement_gain,2000.0,3000.0
kata1-b6c96-s10825472-d2300510,32,1687.9219452898801,1518.0995978262818,1857.7442927534785,1744.6194606988875,-56.69751540900734,2,a5803f8a5d9d87202b43d709cb328cedaf18c446af448f705c33d553e8c2e9f7,5170ec511fb50cdf10d648416d508574d70e9781ddf156a1b2a86d2b385e94dc,100,1729,maximum_nontransitivity_disagreement_gain,2000.0,3000.0
kata1-b6c96-s10825472-d2300510,34,1696.9106557948026,1533.702499839927,1860.1188117496781,1744.6194606988875,-47.7088049040849,2,a5803f8a5d9d87202b43d709cb328cedaf18c446af448f705c33d553e8c2e9f7,5170ec511fb50cdf10d648416d508574d70e9781ddf156a1b2a86d2b385e94dc,100,1729,maximum_nontransitivity_disagreement_gain,2000.0,3000.0
kata1-b6c96-s10825472-d2300510,36,1722.3955424326778,1568.9226022652008,1875.8684826001547,1744.6194606988875,-22.223918266209694,2,a5803f8a5d9d87202b43d709cb328cedaf18c446af448f705c33d553e8c2e9f7,5170ec511fb50cdf10d648416d508574d70e9781ddf156a1b2a86d2b385e94dc,100,1729,maximum_nontransitivity_disagreement_gain,2000.0,3000.0
kata1-b6c96-s10825472-d2300510,38,1711.7184308218652,1559.7655057508523,1863.6713558928782,1744.6194606988875,-32.90102987702221,2,a5803f8a5d9d87202b43d709cb328cedaf18c446af448f705c33d553e8c2e9f7,5170ec511fb50cdf10d648416d508574d70e9781ddf156a1b2a86d2b385e94dc,100,1729,maximum_nontransitivity_disagreement_gain,2000.0,3000.0
kata1-b6c96-s10825472-d2300510,40,1701.7549563529594,1551.1604927113822,1852.3494199945367,1744.6194606988875,-42.864504345928026,2,a5803f8a5d9d87202b43d709cb328cedaf18c446af448f705c33d553e8c2e9f7,5170ec511fb50cdf10d648416d508574d70e9781ddf156a1b2a86d2b385e94dc,100,1729,maximum_nontransitivity_disagreement_gain,2000.0,3000.0
kata1-b6c96-s10825472-d2300510,42,1692.4141535586484,1543.0424834681849,1841.785823649112,1744.6194606988875,-52.20530714023903,2,a5803f8a5d9d87202b43d709cb328cedaf18c446af448f705c33d553e8c2e9f7,5170ec511fb50cdf10d648416d508574d70e9781ddf156a1b2a86d2b385e94dc,100,1729,maximum_nontransitivity_disagreement_gain,2000.0,3000.0
kata1-b6c96-s10825472-d2300510,44,1714.0889378063684,1572.5105352084374,1855.6673404042995,1744.6194606988875,-30.530522892519002,2,a5803f8a5d9d87202b43d709cb328cedaf18c446af448f705c33d553e8c2e9f7,5170ec511fb50cdf10d648416d508574d70e9781ddf156a1b2a86d2b385e94dc,100,1729,maximum_nontransitivity_disagreement_gain,2000.0,3000.0
kata1-b6c96-s10825472-d2300510,46,1705.3414942827299,1564.7990144678552,1845.8839740976046,1744.6194606988875,-39.2779664161576,2,a5803f8a5d9d87202b43d709cb328cedaf18c446af448f705c33d553e8c2e9f7,5170ec511fb50cdf10d648416d508574d70e9781ddf156a1b2a86d2b385e94dc,100,1729,maximum_nontransitivity_disagreement_gain,2000.0,3000.0
kata1-b6c96-s10825472-d2300510,48,1697.0688366784916,1557.471830765504,1836.6658425914793,1744.6194606988875,-47.550624020395844,2,a5803f8a5d9d87202b43d709cb328cedaf18c446af448f705c33d553e8c2e9f7,5170ec511fb50cdf10d648416d508574d70e9781ddf156a1b2a86d2b385e94dc,100,1729,maximum_nontransitivity_disagreement_gain,2000.0,3000.0
kata1-b6c96-s10825472-d2300510,50,1695.5691406541198,1560.7890281268883,1830.3492531813513,1744.6194606988875,-49.05032004476766,2,a5803f8a5d9d87202b43d709cb328cedaf18c446af448f705c33d553e8c2e9f7,5170ec511fb50cdf10d648416d508574d70e9781ddf156a1b2a86d2b385e94dc,100,1729,maximum_nontransitivity_disagreement_gain,2000.0,3000.0
kata1-b6c96-s10825472-d2300510,52,1688.314797604231,1554.4250087580765,1822.2045864503855,1744.6194606988875,-56.30466309465646,2,a5803f8a5d9d87202b43d709cb328cedaf18c446af448f705c33d553e8c2e9f7,5170ec511fb50cdf10d648416d508574d70e9781ddf156a1b2a86d2b385e94dc,100,1729,maximum_nontransitivity_disagreement_gain,2000.0,3000.0
kata1-b6c96-s10825472-d2300510,54,1687.5323577129666,1558.009737653183,1817.0549777727501,1744.6194606988875,-57.087102985920865,2,a5803f8a5d9d87202b43d709cb328cedaf18c446af448f705c33d553e8c2e9f7,5170ec511fb50cdf10d648416d508574d70e9781ddf156a1b2a86d2b385e94dc,100,1729,maximum_nontransitivity_disagreement_gain,2000.0,3000.0
kata1-b6c96-s10825472-d2300510,56,1663.2705926227102,1533.8624055618668,1792.6787796835536,1744.6194606988875,-81.34886807617727,2,a5803f8a5d9d87202b43d709cb328cedaf18c446af448f705c33d553e8c2e9f7,5170ec511fb50cdf10d648416d508574d70e9781ddf156a1b2a86d2b385e94dc,100,1729,maximum_nontransitivity_disagreement_gain,2000.0,3000.0
kata1-b6c96-s10825472-d2300510,58,1686.23111717867,1564.2862274944227,1808.1760068629173,1744.6194606988875,-58.388343520217404,2,a5803f8a5d9d87202b43d709cb328cedaf18c446af448f705c33d553e8c2e9f7,5170ec511fb50cdf10d648416d508574d70e9781ddf156a1b2a86d2b385e94dc,100,1729,maximum_nontransitivity_disagreement_gain,2000.0,3000.0
kata1-b6c96-s10825472-d2300510,60,1720.6310316143476,1605.014239802119,1836.2478234265764,1744.6194606988875,-23.988429084539803,2,a5803f8a5d9d87202b43d709cb328cedaf18c446af448f705c33d553e8c2e9f7,5170ec511fb50cdf10d648416d508574d70e9781ddf156a1b2a86d2b385e94dc,100,1729,maximum_nontransitivity_disagreement_gain,2000.0,3000.0
kata1-b6c96-s10825472-d2300510,62,1733.0646177304184,1620.5753697099476,1845.5538657508891,1744.6194606988875,-11.554842968469075,2,a5803f8a5d9d87202b43d709cb328cedaf18c446af448f705c33d553e8c2e9f7,5170ec511fb50cdf10d648416d508574d70e9781ddf156a1b2a86d2b385e94dc,100,1729,maximum_nontransitivity_disagreement_gain,2000.0,3000.0
kata1-b6c96-s10825472-d2300510,64,1727.0847666107964,1615.3582484201886,1838.811284801404,1744.6194606988875,-17.5346940880911,2,a5803f8a5d9d87202b43d709cb328cedaf18c446af448f705c33d553e8c2e9f7,5170ec511fb50cdf10d648416d508574d70e9781ddf156a1b2a86d2b385e94dc,100,1729,maximum_nontransitivity_disagreement_gain,2000.0,3000.0
kata1-b6c96-s10825472-d2300510,66,1741.5389439389307,1633.9271277432285,1849.150760134633,1744.6194606988875,-3.0805167599567085,2,a5803f8a5d9d87202b43d709cb328cedaf18c446af448f705c33d553e8c2e9f7,5170ec511fb50cdf10d648416d508574d70e9781ddf156a1b2a86d2b385e94dc,100,1729,maximum_nontransitivity_disagreement_gain,2000.0,3000.0
kata1-b6c96-s10825472-d2300510,68,1738.6638544135421,1633.0054468811904,1844.3222619458938,1744.6194606988875,-5.955606285345311,2,a5803f8a5d9d87202b43d709cb328cedaf18c446af448f705c33d553e8c2e9f7,5170ec511fb50cdf10d648416d508574d70e9781ddf156a1b2a86d2b385e94dc,100,1729,maximum_nontransitivity_disagreement_gain,2000.0,3000.0
kata1-b6c96-s10825472-d2300510,70,1751.1474333195574,1648.6903540978744,1853.6045125412404,1744.6194606988875,6.527972620669971,2,a5803f8a5d9d87202b43d709cb328cedaf18c446af448f705c33d553e8c2e9f7,5170ec511fb50cdf10d648416d508574d70e9781ddf156a1b2a86d2b385e94dc,100,1729,maximum_nontransitivity_disagreement_gain,2000.0,3000.0
kata1-b6c96-s10825472-d2300510,72,1748.1879352954868,1647.3874991038754,1848.9883714870982,1744.6194606988875,3.5684745965993443,2,a5803f8a5d9d87202b43d709cb328cedaf18c446af448f705c33d553e8c2e9f7,5170ec511fb50cdf10d648416d508574d70e9781ddf156a1b2a86d2b385e94dc,100,1729,maximum_nontransitivity_disagreement_gain,2000.0,3000.0
kata1-b6c96-s10825472-d2300510,74,1743.0928668651452,1642.98606254308,1843.1996711872105,1744.6194606988875,-1.526593833742254,2,a5803f8a5d9d87202b43d709cb328cedaf18c446af448f705c33d553e8c2e9f7,5170ec511fb50cdf10d648416d508574d70e9781ddf156a1b2a86d2b385e94dc,100,1729,maximum_nontransitivity_disagreement_gain,2000.0,3000.0
kata1-b6c96-s10825472-d2300510,76,1747.378622403744,1649.3629944671147,1845.3942503403732,1744.6194606988875,2.759161704856524,2,a5803f8a5d9d87202b43d709cb328cedaf18c446af448f705c33d553e8c2e9f7,5170ec511fb50cdf10d648416d508574d70e9781ddf156a1b2a86d2b385e94dc,100,1729,maximum_nontransitivity_disagreement_gain,2000.0,3000.0
kata1-b6c96-s10825472-d2300510,78,1744.811726141057,1648.2641929162976,1841.3592593658166,1744.6194606988875,0.19226544216962793,2,a5803f8a5d9d87202b43d709cb328cedaf18c446af448f705c33d553e8c2e9f7,5170ec511fb50cdf10d648416d508574d70e9781ddf156a1b2a86d2b385e94dc,100,1729,maximum_nontransitivity_disagreement_gain,2000.0,3000.0
kata1-b6c96-s10825472-d2300510,80,1740.2287725383721,1644.3064102886842,1836.15113478806,1744.6194606988875,-4.39068816051531,2,a5803f8a5d9d87202b43d709cb328cedaf18c446af448f705c33d553e8c2e9f7,5170ec511fb50cdf10d648416d508574d70e9781ddf156a1b2a86d2b385e94dc,100,1729,maximum_nontransitivity_disagreement_gain,2000.0,3000.0
kata1-b6c96-s10825472-d2300510,82,1754.5253180819122,1660.5799515163305,1848.470684647494,1744.6194606988875,9.905857383024795,2,a5803f8a5d9d87202b43d709cb328cedaf18c446af448f705c33d553e8c2e9f7,5170ec511fb50cdf10d648416d508574d70e9781ddf156a1b2a86d2b385e94dc,100,1729,maximum_nontransitivity_disagreement_gain,2000.0,3000.0
kata1-b6c96-s10825472-d2300510,84,1751.9224520278242,1659.2398380758987,1844.6050659797497,1744.6194606988875,7.302991328936741,2,a5803f8a5d9d87202b43d709cb328cedaf18c446af448f705c33d553e8c2e9f7,5170ec511fb50cdf10d648416d508574d70e9781ddf156a1b2a86d2b385e94dc,100,1729,maximum_nontransitivity_disagreement_gain,2000.0,3000.0
kata1-b6c96-s10825472-d2300510,86,1737.6933261841511,1645.5016040086496,1829.8850483596527,1744.6194606988875,-6.9261345147363045,2,a5803f8a5d9d87202b43d709cb328cedaf18c446af448f705c33d553e8c2e9f7,5170ec511fb50cdf10d648416d508574d70e9781ddf156a1b2a86d2b385e94dc,100,1729,maximum_nontransitivity_disagreement_gain,2000.0,3000.0
kata1-b6c96-s10825472-d2300510,88,1733.6613738633278,1642.0037051532895,1825.319042573366,1744.6194606988875,-10.958086835559698,2,a5803f8a5d9d87202b43d709cb328cedaf18c446af448f705c33d553e8c2e9f7,5170ec511fb50cdf10d648416d508574d70e9781ddf156a1b2a86d2b385e94dc,100,1729,maximum_nontransitivity_disagreement_gain,2000.0,3000.0
kata1-b6c96-s10825472-d2300510,90,1741.1740163988468,1650.8174228476535,1831.5306099500401,1744.6194606988875,-3.4454443000406627,2,a5803f8a5d9d87202b43d709cb328cedaf18c446af448f705c33d553e8c2e9f7,5170ec511fb50cdf10d648416d508574d70e9781ddf156a1b2a86d2b385e94dc,100,1729,maximum_nontransitivity_disagreement_gain,2000.0,3000.0
kata1-b6c96-s10825472-d2300510,92,1737.249408964108,1647.3887909941145,1827.1100269341014,1744.6194606988875,-7.3700517347795085,2,a5803f8a5d9d87202b43d709cb328cedaf18c446af448f705c33d553e8c2e9f7,5170ec511fb50cdf10d648416d508574d70e9781ddf156a1b2a86d2b385e94dc,100,1729,maximum_nontransitivity_disagreement_gain,2000.0,3000.0
kata1-b6c96-s10825472-d2300510,94,1724.360289756089,1634.9189983680699,1813.8015811441082,1744.6194606988875,-20.25917094279839,2,a5803f8a5d9d87202b43d709cb328cedaf18c446af448f705c33d553e8c2e9f7,5170ec511fb50cdf10d648416d508574d70e9781ddf156a1b2a86d2b385e94dc,100,1729,maximum_nontransitivity_disagreement_gain,2000.0,3000.0
kata1-b6c96-s10825472-d2300510,96,1722.9392626750891,1634.654250985058,1811.2242743651202,1744.6194606988875,-21.68019802379831,2,a5803f8a5d9d87202b43d709cb328cedaf18c446af448f705c33d553e8c2e9f7,5170ec511fb50cdf10d648416d508574d70e9781ddf156a1b2a86d2b385e94dc,100,1729,maximum_nontransitivity_disagreement_gain,2000.0,3000.0
kata1-b6c96-s10825472-d2300510,98,1710.9701280221332,1623.1371049296574,1798.803151114609,1744.6194606988875,-33.649332676754284,2,a5803f8a5d9d87202b43d709cb328cedaf18c446af448f705c33d553e8c2e9f7,5170ec511fb50cdf10d648416d508574d70e9781ddf156a1b2a86d2b385e94dc,100,1729,maximum_nontransitivity_disagreement_gain,2000.0,3000.0
kata1-b6c96-s10825472-d2300510,100,1711.8773852819727,1625.3128271506498,1798.4419434132956,1744.6194606988875,-32.74207541691476,2,a5803f8a5d9d87202b43d709cb328cedaf18c446af448f705c33d553e8c2e9f7,5170ec511fb50cdf10d648416d508574d70e9781ddf156a1b2a86d2b385e94dc,100,1729,maximum_nontransitivity_disagreement_gain,2000.0,3000.0
kata1-b6c96-s12849664-d2510774-temp-0.5,2,2013.5637084514226,1529.4336272963976,2497.6937896064474,1856.5744740796683,156.98923437175426,2,a5803f8a5d9d87202b43d709cb328cedaf18c446af448f705c33d553e8c2e9f7,5170ec511fb50cdf10d648416d508574d70e9781ddf156a1b2a86d2b385e94dc,100,1729,maximum_nontransitivity_disagreement_gain,2000.0,3000.0
kata1-b6c96-s12849664-d2510774-temp-0.5,4,1820.6492098095564,1425.3986684139923,2215.8997512051205,1856.5744740796683,-35.92526427011194,2,a5803f8a5d9d87202b43d709cb328cedaf18c446af448f705c33d553e8c2e9f7,5170ec511fb50cdf10d648416d508574d70e9781ddf156a1b2a86d2b385e94dc,100,1729,maximum_nontransitivity_disagreement_gain,2000.0,3000.0
kata1-b6c96-s12849664-d2510774-temp-0.5,6,1730.9169340245483,1356.601664155382,2105.2322038937145,1856.5744740796683,-125.65754005512008,2,a5803f8a5d9d87202b43d709cb328cedaf18c446af448f705c33d553e8c2e9f7,5170ec511fb50cdf10d648416d508574d70e9781ddf156a1b2a86d2b385e94dc,100,1729,maximum_nontransitivity_disagreement_gain,2000.0,3000.0
kata1-b6c96-s12849664-d2510774-temp-0.5,8,1671.8935652648615,1307.0703822264472,2036.7167483032758,1856.5744740796683,-184.6809088148068,2,a5803f8a5d9d87202b43d709cb328cedaf18c446af448f705c33d553e8c2e9f7,5170ec511fb50cdf10d648416d508574d70e9781ddf156a1b2a86d2b385e94dc,100,1729,maximum_nontransitivity_disagreement_gain,2000.0,3000.0
kata1-b6c96-s12849664-d2510774-temp-0.5,10,1627.8562806281204,1268.479953114401,1987.2326081418398,1856.5744740796683,-228.7181934515479,2,a5803f8a5d9d87202b43d709cb328cedaf18c446af448f705c33d553e8c2e9f7,5170ec511fb50cdf10d648416d508574d70e9781ddf156a1b2a86d2b385e94dc,100,1729,maximum_nontransitivity_disagreement_gain,2000.0,3000.0
kata1-b6c96-s12849664-d2510774-temp-0.5,12,1730.377944479989,1464.455366374559,1996.3005225854192,1856.5744740796683,-126.19652959967925,2,a5803f8a5d9d87202b43d709cb328cedaf18c446af448f705c33d553e8c2e9f7,5170ec511fb50cdf10d648416d508574d70e9781ddf156a1b2a86d2b385e94dc,100,1729,maximum_nontransitivity_disagreement_gain,2000.0,3000.0
kata1-b6c96-s12849664-d2510774-temp-0.5,14,1698.33881956359,1436.2613961536827,1960.4162429734974,1856.5744740796683,-158.23565451607828,2,a5803f8a5d9d87202b43d709cb328cedaf18c446af448f705c33d553e8c2e9f7,5170ec511fb50cdf10d648416d508574d70e9781ddf156a1b2a86d2b385e94dc,100,1729,maximum_nontransitivity_disagreement_gain,2000.0,3000.0
kata1-b6c96-s12849664-d2510774-temp-0.5,16,1671.267366494256,1411.9852390616084,1930.5494939269038,1856.5744740796683,-185.30710758541227,2,a5803f8a5d9d87202b43d709cb328cedaf18c446af448f705c33d553e8c2e9f7,5170ec511fb50cdf10d648416d508574d70e9781ddf156a1b2a86d2b385e94dc,100,1729,maximum_nontransitivity_disagreement_gain,2000.0,3000.0
kata1-b6c96-s12849664-d2510774-temp-0.5,18,1730.1835427653782,1512.3395369679527,1948.0275485628038,1856.5744740796683,-126.39093131429013,2,a5803f8a5d9d87202b43d709cb328cedaf18c446af448f705c33d553e8c2e9f7,5170ec511fb50cdf10d648416d508574d70e9781ddf156a1b2a86d2b385e94dc,100,1729,maximum_nontransitivity_disagreement_gain,2000.0,3000.0
kata1-b6c96-s12849664-d2510774-temp-0.5,20,1769.351410992787,1576.183462269261,1962.5193597163127,1856.5744740796683,-87.22306308688144,2,a5803f8a5d9d87202b43d709cb328cedaf18c446af448f705c33d553e8c2e9f7,5170ec511fb50cdf10d648416d508574d70e9781ddf156a1b2a86d2b385e94dc,100,1729,maximum_nontransitivity_disagreement_gain,2000.0,3000.0
kata1-b6c96-s12849664-d2510774-temp-0.5,22,1748.6188443498952,1557.6333589328328,1939.6043297669576,1856.5744740796683,-107.95562972977314,2,a5803f8a5d9d87202b43d709cb328cedaf18c446af448f705c33d553e8c2e9f7,5170ec511fb50cdf10d648416d508574d70e9781ddf156a1b2a86d2b385e94dc,100,1729,maximum_nontransitivity_disagreement_gain,2000.0,3000.0
kata1-b6c96-s12849664-d2510774-temp-0.5,24,1778.3430806040017,1604.1899292797732,1952.4962319282301,1856.5744740796683,-78.23139347566666,2,a5803f8a5d9d87202b43d709cb328cedaf18c446af448f705c33d553e8c2e9f7,5170ec511fb50cdf10d648416d508574d70e9781ddf156a1b2a86d2b385e94dc,100,1729,maximum_nontransitivity_disagreement_gain,2000.0,3000.0
kata1-b6c96-s12849664-d2510774-temp-0.5,26,1801.403271783325,1639.713314336687,1963.0932292299628,1856.5744740796683,-55.17120229634338,2,a5803f8a5d9d87202b43d709cb328cedaf18c446af448f705c33d553e8c2e9f7,5170ec511fb50cdf10d648416d508574d70e9781ddf156a1b2a86d2b385e94dc,100,1729,maximum_nontransitivity_disagreement_gain,2000.0,3000.0
kata1-b6c96-s12849664-d2510774-temp-0.5,28,1819.9402263450004,1667.9863287837418,1971.894123906259,1856.5744740796683,-36.63424773466795,2,a5803f8a5d9d87202b43d709cb328cedaf18c446af448f705c33d553e8c2e9f7,5170ec511fb50cdf10d648416d508574d70e9781ddf156a1b2a86d2b385e94dc,100,1729,maximum_nontransitivity_disagreement_gain,2000.0,3000.0
kata1-b6c96-s12849664-d2510774-temp-0.5,30,1864.2284331992728,1724.9735463716356,2003.48332002691,1856.5744740796683,7.653959119604451,2,a5803f8a5d9d87202b43d709cb328cedaf18c446af448f705c33d553e8c2e9f7,5170ec511fb50cdf10d648416d508574d70e9781ddf156a1b2a86d2b385e94dc,100,1729,maximum_nontransitivity_disagreement_gain,2000.0,3000.0
kata1-b6c96-s12849664-d2510774-temp-0.5,32,1899.6128480466052,1769.104887314254,2030.1208087789564,1856.5744740796683,43.03837396693689,2,a5803f8a5d9d87202b43d709cb328cedaf18c446af448f705c33d553e8c2e9f7,5170ec511fb50cdf10d648416d508574d70e9781ddf156a1b2a86d2b385e94dc,100,1729,maximum_nontransitivity_disagreement_gain,2000.0,3000.0
kata1-b6c96-s12849664-d2510774-temp-0.5,34,1906.7400956984643,1780.6861418355184,2032.7940495614102,1856.5744740796683,50.16562161879597,2,a5803f8a5d9d87202b43d709cb328cedaf18c446af448f705c33d553e8c2e9f7,5170ec511fb50cdf10d648416d508574d70e9781ddf156a1b2a86d2b385e94dc,100,1729,maximum_nontransitivity_disagreement_gain,2000.0,3000.0
kata1-b6c96-s12849664-d2510774-temp-0.5,36,1913.0036238769408,1790.9163663611382,2035.0908813927433,1856.5744740796683,56.42914979727243,2,a5803f8a5d9d87202b43d709cb328cedaf18c446af448f705c33d553e8c2e9f7,5170ec511fb50cdf10d648416d508574d70e9781ddf156a1b2a86d2b385e94dc,100,1729,maximum_nontransitivity_disagreement_gain,2000.0,3000.0
kata1-b6c96-s12849664-d2510774-temp-0.5,38,1898.2923714842527,1777.9031384373807,2018.6816045311248,1856.5744740796683,41.71789740458439,2,a5803f8a5d9d87202b43d709cb328cedaf18c446af448f705c33d553e8c2e9f7,5170ec511fb50cdf10d648416d508574d70e9781ddf156a1b2a86d2b385e94dc,100,1729,maximum_nontransitivity_disagreement_gain,2000.0,3000.0
kata1-b6c96-s12849664-d2510774-temp-0.5,40,1904.4540359872678,1787.5407216782494,2021.3673502962863,1856.5744740796683,47.87956190759951,2,a5803f8a5d9d87202b43d709cb328cedaf18c446af448f705c33d553e8c2e9f7,5170ec511fb50cdf10d648416d508574d70e9781ddf156a1b2a86d2b385e94dc,100,1729,maximum_nontransitivity_disagreement_gain,2000.0,3000.0
kata1-b6c96-s12849664-d2510774-temp-0.5,42,1891.3785054380771,1775.865789553287,2006.8912213228673,1856.5744740796683,34.80403135840879,2,a5803f8a5d9d87202b43d709cb328cedaf18c446af448f705c33d553e8c2e9f7,5170ec511fb50cdf10d648416d508574d70e9781ddf156a1b2a86d2b385e94dc,100,1729,maximum_nontransitivity_disagreement_gain,2000.0,3000.0
kata1-b6c96-s12849664-d2510774-temp-0.5,44,1879.2058390688012,1764.9228229641826,1993.4888551734198,1856.5744740796683,22.631364989132862,2,a5803f8a5d9d87202b43d709cb328cedaf18c446af448f705c33d553e8c2e9f7,5170ec511fb50cdf10d648416d508574d70e9781ddf156a1b2a86d2b385e94dc,100,1729,maximum_nontransitivity_disagreement_gain,2000.0,3000.0
kata1-b6c96-s12849664-d2510774-temp-0.5,46,1902.7575045141234,1793.1370690925978,2012.377939935649,1856.5744740796683,46.18303043445508,2,a5803f8a5d9d87202b43d709cb328cedaf18c446af448f705c33d553e8c2e9f7,5170ec511fb50cdf10d648416d508574d70e9781ddf156a1b2a86d2b385e94dc,100,1729,maximum_nontransitivity_disagreement_gain,2000.0,3000.0
kata1-b6c96-s12849664-d2510774-temp-0.5,48,1891.3699192052256,1782.8815506175945,1999.8582877928568,1856.5744740796683,34.79544512555731,2,a5803f8a5d9d87202b43d709cb328cedaf18c446af448f705c33d553e8c2e9f7,5170ec511fb50cdf10d648416d508574d70e9781ddf156a1b2a86d2b385e94dc,100,1729,maximum_nontransitivity_disagreement_gain,2000.0,3000.0
kata1-b6c96-s12849664-d2510774-temp-0.5,50,1880.673224222804,1773.195045515862,1988.1514029297462,1856.5744740796683,24.098750143135703,2,a5803f8a5d9d87202b43d709cb328cedaf18c446af448f705c33d553e8c2e9f7,5170ec511fb50cdf10d648416d508574d70e9781ddf156a1b2a86d2b385e94dc,100,1729,maximum_nontransitivity_disagreement_gain,2000.0,3000.0
kata1-b6c96-s12849664-d2510774-temp-0.5,52,1870.5886160413177,1764.0176231792493,1977.159608903386,1856.5744740796683,14.01414196164933,2,a5803f8a5d9d87202b43d709cb328cedaf18c446af448f705c33d553e8c2e9f7,5170ec511fb50cdf10d648416d508574d70e9781ddf156a1b2a86d2b385e94dc,100,1729,maximum_nontransitivity_disagreement_gain,2000.0,3000.0
kata1-b6c96-s12849664-d2510774-temp-0.5,54,1861.0500477809871,1755.298377695254,1966.8017178667203,1856.5744740796683,4.475573701318808,2,a5803f8a5d9d87202b43d709cb328cedaf18c446af448f705c33d553e8c2e9f7,5170ec511fb50cdf10d648416d508574d70e9781ddf156a1b2a86d2b385e94dc,100,1729,maximum_nontransitivity_disagreement_gain,2000.0,3000.0
kata1-b6c96-s12849664-d2510774-temp-0.5,56,1852.0015653205833,1746.9936422067394,1957.009488434427,1856.5744740796683,-4.572908759085067,2,a5803f8a5d9d87202b43d709cb328cedaf18c446af448f705c33d553e8c2e9f7,5170ec511fb50cdf10d648416d508574d70e9781ddf156a1b2a86d2b385e94dc,100,1729,maximum_nontransitivity_disagreement_gain,2000.0,3000.0
kata1-b6c96-s12849664-d2510774-temp-0.5,58,1872.7722129110748,1771.6982751518447,1973.846150670305,1856.5744740796683,16.19773883140647,2,a5803f8a5d9d87202b43d709cb328cedaf18c446af448f705c33d553e8c2e9f7,5170ec511fb50cdf10d648416d508574d70e9781ddf156a1b2a86d2b385e94dc,100,1729,maximum_nontransitivity_disagreement_gain,2000.0,3000.0
kata1-b6c96-s12849664-d2510774-temp-0.5,60,1877.9620719886657,1778.9572290787657,1976.9669148985656,1856.5744740796683,21.38759790899735,2,a5803f8a5d9d87202b43d709cb328cedaf18c446af448f705c33d553e8c2e9f7,5170ec511fb50cdf10d648416d508574d70e9781ddf156a1b2a86d2b385e94dc,100,1729,maximum_nontransitivity_disagreement_gain,2000.0,3000.0
kata1-b6c96-s12849664-d2510774-temp-0.5,62,1882.7680211928619,1785.6828805359794,1979.8531618497443,1856.5744740796683,26.193547113193517,2,a5803f8a5d9d87202b43d709cb328cedaf18c446af448f705c33d553e8c2e9f7,5170ec511fb50cdf10d648416d508574d70e9781ddf156a1b2a86d2b385e94dc,100,1729,maximum_nontransitivity_disagreement_gain,2000.0,3000.0
kata1-b6c96-s12849664-d2510774-temp-0.5,64,1874.55960715665,1778.1389948122037,1970.9802195010961,1856.5744740796683,17.985133076981583,2,a5803f8a5d9d87202b43d709cb328cedaf18c446af448f705c33d553e8c2e9f7,5170ec511fb50cdf10d648416d508574d70e9781ddf156a1b2a86d2b385e94dc,100,1729,maximum_nontransitivity_disagreement_gain,2000.0,3000.0
kata1-b6c96-s12849664-d2510774-temp-0.5,66,1866.7165288247584,1770.9073116715306,1962.5257459779862,1856.5744740796683,10.142054745090036,2,a5803f8a5d9d87202b43d709cb328cedaf18c446af448f705c33d553e8c2e9f7,5170ec511fb50cdf10d648416d508574d70e9781ddf156a1b2a86d2b385e94dc,100,1729,maximum_nontransitivity_disagreement_gain,2000.0,3000.0
kata1-b6c96-s12849664-d2510774-temp-0.5,68,1871.5377293749434,1777.4825321599803,1965.5929265899065,1856.5744740796683,14.963255295275076,2,a5803f8a5d9d87202b43d709cb328cedaf18c446af448f705c33d553e8c2e9f7,5170ec511fb50cdf10d648416d508574d70e9781ddf156a1b2a86d2b385e94dc,100,1729,maximum_nontransitivity_disagreement_gain,2000.0,3000.0
kata1-b6c96-s12849664-d2510774-temp-0.5,70,1876.038742060381,1783.6218617699506,1968.4556223508116,1856.5744740796683,19.464267980712748,2,a5803f8a5d9d87202b43d709cb328cedaf18c446af448f705c33d553e8c2e9f7,5170ec511fb50cdf10d648416d508574d70e9781ddf156a1b2a86d2b385e94dc,100,1729,maximum_nontransitivity_disagreement_gain,2000.0,3000.0
kata1-b6c96-s12849664-d2510774-temp-0.5,72,1868.8357256238503,1776.956590922763,1960.7148603249375,1856.5744740796683,12.26125154418196,2,a5803f8a5d9d87202b43d709cb328cedaf18c446af448f705c33d553e8c2e9f7,5170ec511fb50cdf10d648416d508574d70e9781ddf156a1b2a86d2b385e94dc,100,1729,maximum_nontransitivity_disagreement_gain,2000.0,3000.0
kata1-b6c96-s12849664-d2510774-temp-0.5,74,1861.915619272483,1770.5361266336067,1953.295111911359,1856.5744740796683,5.341145192814565,2,a5803f8a5d9d87202b43d709cb328cedaf18c446af448f705c33d553e8c2e9f7,5170ec511fb50cdf10d648416d508574d70e9781ddf156a1b2a86d2b385e94dc,100,1729,maximum_nontransitivity_disagreement_gain,2000.0,3000.0
kata1-b6c96-s12849664-d2510774-temp-0.5,76,1866.384016161538,1776.516752033858,1956.2512802892181,1856.5744740796683,9.809542081869722,2,a5803f8a5d9d87202b43d709cb328cedaf18c446af448f705c33d553e8c2e9f7,5170ec511fb50cdf10d648416d508574d70e9781ddf156a1b2a86d2b385e94dc,100,1729,maximum_nontransitivity_disagreement_gain,2000.0,3000.0
kata1-b6c96-s12849664-d2510774-temp-0.5,78,1870.581657590113,1782.134814250663,1959.028500929563,1856.5744740796683,14.007183510444747,2,a5803f8a5d9d87202b43d709cb328cedaf18c446af448f705c33d553e8c2e9f7,5170ec511fb50cdf10d648416d508574d70e9781ddf156a1b2a86d2b385e94dc,100,1729,maximum_nontransitivity_disagreement_gain,2000.0,3000.0
kata1-b6c96-s12849664-d2510774-temp-0.5,80,1884.700097545102,1798.3968122158287,1971.0033828743751,1856.5744740796683,28.12562346543359,2,a5803f8a5d9d87202b43d709cb328cedaf18c446af448f705c33d553e8c2e9f7,5170ec511fb50cdf10d648416d508574d70e9781ddf156a1b2a86d2b385e94dc,100,1729,maximum_nontransitivity_disagreement_gain,2000.0,3000.0
kata1-b6c96-s12849664-d2510774-temp-0.5,82,1888.1085938903243,1803.0108777638538,1973.2063100167948,1856.5744740796683,31.534119810655966,2,a5803f8a5d9d87202b43d709cb328cedaf18c446af448f705c33d553e8c2e9f7,5170ec511fb50cdf10d648416d508574d70e9781ddf156a1b2a86d2b385e94dc,100,1729,maximum_nontransitivity_disagreement_gain,2000.0,3000.0
kata1-b6c96-s12849664-d2510774-temp-0.5,84,1881.8055917189035,1797.1541684146448,1966.4570150231623,1856.5744740796683,25.231117639235208,2,a5803f8a5d9d87202b43d709cb328cedaf18c446af448f705c33d553e8c2e9f7,5170ec511fb50cdf10d648416d508574d70e9781ddf156a1b2a86d2b385e94dc,100,1729,maximum_nontransitivity_disagreement_gain,2000.0,3000.0
kata1-b6c96-s12849664-d2510774-temp-0.5,86,1875.7201685616142,1791.487238377807,1959.9530987454214,1856.5744740796683,19.14569448194584,2,a5803f8a5d9d87202b43d709cb328cedaf18c446af448f705c33d553e8c2e9f7,5170ec511fb50cdf10d648416d508574d70e9781ddf156a1b2a86d2b385e94dc,100,1729,maximum_nontransitivity_disagreement_gain,2000.0,3000.0
kata1-b6c96-s12849664-d2510774-temp-0.5,88,1879.179836583844,1796.0708811097174,1962.2887920579706,1856.5744740796683,22.605362504175673,2,a5803f8a5d9d87202b43d709cb328cedaf18c446af448f705c33d553e8c2e9f7,5170ec511fb50cdf10d648416d508574d70e9781ddf156a1b2a86d2b385e94dc,100,1729,maximum_nontransitivity_disagreement_gain,2000.0,3000.0
kata1-b6c96-s12849664-d2510774-temp-0.5,90,1873.3937424591334,1790.6702233751676,1956.1172615430992,1856.5744740796683,16.81926837946503,2,a5803f8a5d9d87202b43d709cb328cedaf18c446af448f705c33d553e8c2e9f7,5170ec511fb50cdf10d648416d508574d70e9781ddf156a1b2a86d2b385e94dc,100,1729,maximum_nontransitivity_disagreement_gain,2000.0,3000.0
kata1-b6c96-s12849664-d2510774-temp-0.5,92,1867.7915811410944,1785.431310675507,1950.151851606682,1856.5744740796683,11.217107061426077,2,a5803f8a5d9d87202b43d709cb328cedaf18c446af448f705c33d553e8c2e9f7,5170ec511fb50cdf10d648416d508574d70e9781ddf156a1b2a86d2b385e94dc,100,1729,maximum_nontransitivity_disagreement_gain,2000.0,3000.0
kata1-b6c96-s12849664-d2510774-temp-0.5,94,1871.255746414211,1789.948804360685,1952.562688467737,1856.5744740796683,14.681272334542655,2,a5803f8a5d9d87202b43d709cb328cedaf18c446af448f705c33d553e8c2e9f7,5170ec511fb50cdf10d648416d508574d70e9781ddf156a1b2a86d2b385e94dc,100,1729,maximum_nontransitivity_disagreement_gain,2000.0,3000.0
kata1-b6c96-s12849664-d2510774-temp-0.5,96,1865.9082652407785,1784.938122266041,1946.878408215516,1856.5744740796683,9.333791161110184,2,a5803f8a5d9d87202b43d709cb328cedaf18c446af448f705c33d553e8c2e9f7,5170ec511fb50cdf10d648416d508574d70e9781ddf156a1b2a86d2b385e94dc,100,1729,maximum_nontransitivity_disagreement_gain,2000.0,3000.0
kata1-b6c96-s12849664-d2510774-temp-0.5,98,1869.262899073645,1789.289803113539,1949.2359950337511,1856.5744740796683,12.688424993976696,2,a5803f8a5d9d87202b43d709cb328cedaf18c446af448f705c33d553e8c2e9f7,5170ec511fb50cdf10d648416d508574d70e9781ddf156a1b2a86d2b385e94dc,100,1729,maximum_nontransitivity_disagreement_gain,2000.0,3000.0
kata1-b6c96-s12849664-d2510774-temp-0.5,100,1864.148036222321,1784.4882664948634,1943.8078059497786,1856.5744740796683,7.5735621426526905,2,a5803f8a5d9d87202b43d709cb328cedaf18c446af448f705c33d553e8c2e9f7,5170ec511fb50cdf10d648416d508574d70e9781ddf156a1b2a86d2b385e94dc,100,1729,maximum_nontransitivity_disagreement_gain,2000.0,3000.0
kata1-b6c96-s13733120-d2631546-temp-0.3,2,2843.334262864967,404.7504286237727,5281.918097106161,1986.3808289415451,856.9534339234219,2,a5803f8a5d9d87202b43d709cb328cedaf18c446af448f705c33d553e8c2e9f7,5170ec511fb50cdf10d648416d508574d70e9781ddf156a1b2a86d2b385e94dc,100,1729,maximum_nontransitivity_disagreement_gain,2000.0,3000.0
kata1-b6c96-s13733120-d2631546-temp-0.3,4,2416.8412222338757,1810.3802970600627,3023.3021474076886,1986.3808289415451,430.46039329233054,2,a5803f8a5d9d87202b43d709cb328cedaf18c446af448f705c33d553e8c2e9f7,5170ec511fb50cdf10d648416d508574d70e9781ddf156a1b2a86d2b385e94dc,100,1729,maximum_nontransitivity_disagreement_gain,2000.0,3000.0
kata1-b6c96-s13733120-d2631546-temp-0.3,6,2188.2260852328704,1810.9529239646831,2565.4992465010578,1986.3808289415451,201.8452562913253,2,a5803f8a5d9d87202b43d709cb328cedaf18c446af448f705c33d553e8c2e9f7,5170ec511fb50cdf10d648416d508574d70e9781ddf156a1b2a86d2b385e94dc,100,1729,maximum_nontransitivity_disagreement_gain,2000.0,3000.0
kata1-b6c96-s13733120-d2631546-temp-0.3,8,2055.825712676755,1771.4593779414026,2340.192047412107,1986.3808289415451,69.44488373520971,2,a5803f8a5d9d87202b43d709cb328cedaf18c446af448f705c33d553e8c2e9f7,5170ec511fb50cdf10d648416d508574d70e9781ddf156a1b2a86d2b385e94dc,100,1729,maximum_nontransitivity_disagreement_gain,2000.0,3000.0
kata1-b6c96-s13733120-d2631546-temp-0.3,10,2043.439808901753,1797.0211161444997,2289.8585016590064,1986.3808289415451,57.05897996020781,2,a5803f8a5d9d87202b43d709cb328cedaf18c446af448f705c33d553e8c2e9f7,5170ec511fb50cdf10d648416d508574d70e9781ddf156a1b2a86d2b385e94dc,100,1729,maximum_nontransitivity_disagreement_gain,2000.0,3000.0
kata1-b6c96-s13733120-d2631546-temp-0.3,12,2108.5892292191584,1884.3828344616234,2332.7956239766936,1986.3808289415451,122.20840027761324,2,a5803f8a5d9d87202b43d709cb328cedaf18c446af448f705c33d553e8c2e9f7,5170ec511fb50cdf10d648416d508574d70e9781ddf156a1b2a86d2b385e94dc,100,1729,maximum_nontransitivity_disagreement_gain,2000.0,3000.0
kata1-b6c96-s13733120-d2631546-temp-0.3,14,2031.1588372749836,1829.8291328351884,2232.488541714779,1986.3808289415451,44.77800833343849,2,a5803f8a5d9d87202b43d709cb328cedaf18c446af448f705c33d553e8c2e9f7,5170ec511fb50cdf10d648416d508574d70e9781ddf156a1b2a86d2b385e94dc,100,1729,maximum_nontransitivity_disagreement_gain,2000.0,3000.0
kata1-b6c96-s13733120-d2631546-temp-0.3,16,2027.6651637663745,1841.1611091435136,2214.1692183892355,1986.3808289415451,41.28433482482933,2,a5803f8a5d9d87202b43d709cb328cedaf18c446af448f705c33d553e8c2e9f7,5170ec511fb50cdf10d648416d508574d70e9781ddf156a1b2a86d2b385e94dc,100,1729,maximum_nontransitivity_disagreement_gain,2000.0,3000.0
kata1-b6c96-s13733120-d2631546-temp-0.3,18,2025.0732250348228,1850.4817553990117,2199.664694670634,1986.3808289415451,38.692396093277694,2,a5803f8a5d9d87202b43d709cb328cedaf18c446af448f705c33d553e8c2e9f7,5170ec511fb50cdf10d648416d508574d70e9781ddf156a1b2a86d2b385e94dc,100,1729,maximum_nontransitivity_disagreement_gain,2000.0,3000.0
kata1-b6c96-s13733120-d2631546-temp-0.3,20,1983.2900344496813,1817.5302663668174,2149.0498025325455,1986.3808289415451,-3.0907944918637895,2,a5803f8a5d9d87202b43d709cb328cedaf18c446af448f705c33d553e8c2e9f7,5170ec511fb50cdf10d648416d508574d70e9781ddf156a1b2a86d2b385e94dc,100,1729,maximum_nontransitivity_disagreement_gain,2000.0,3000.0
kata1-b6c96-s13733120-d2631546-temp-0.3,22,1985.7343740634324,1828.5072074088362,2142.9615407180286,1986.3808289415451,-0.6464548781127633,2,a5803f8a5d9d87202b43d709cb328cedaf18c446af448f705c33d553e8c2e9f7,5170ec511fb50cdf10d648416d508574d70e9781ddf156a1b2a86d2b385e94dc,100,1729,maximum_nontransitivity_disagreement_gain,2000.0,3000.0
kata1-b6c96-s13733120-d2631546-temp-0.3,24,1987.7046958441417,1837.7636551646997,2137.6457365235838,1986.3808289415451,1.323866902596592,2,a5803f8a5d9d87202b43d709cb328cedaf18c446af448f705c33d553e8c2e9f7,5170ec511fb50cdf10d648416d508574d70e9781ddf156a1b2a86d2b385e94dc,100,1729,maximum_nontransitivity_disagreement_gain,2000.0,3000.0
kata1-b6c96-s13733120-d2631546-temp-0.3,26,2019.0323292799324,1875.896610872529,2162.1680476873357,1986.3808289415451,32.65150033838722,2,a5803f8a5d9d87202b43d709cb328cedaf18c446af448f705c33d553e8c2e9f7,5170ec511fb50cdf10d648416d508574d70e9781ddf156a1b2a86d2b385e94dc,100,1729,maximum_nontransitivity_disagreement_gain,2000.0,3000.0
kata1-b6c96-s13733120-d2631546-temp-0.3,28,2018.0961453768375,1880.4141617925782,2155.7781289610966,1986.3808289415451,31.71531643529238,2,a5803f8a5d9d87202b43d709cb328cedaf18c446af448f705c33d553e8c2e9f7,5170ec511fb50cdf10d648416d508574d70e9781ddf156a1b2a86d2b385e94dc,100,1729,maximum_nontransitivity_disagreement_gain,2000.0,3000.0
kata1-b6c96-s13733120-d2631546-temp-0.3,30,2017.3148983952256,1884.4786276589928,2150.151169131458,1986.3808289415451,30.934069453680422,2,a5803f8a5d9d87202b43d709cb328cedaf18c446af448f705c33d553e8c2e9f7,5170ec511fb50cdf10d648416d508574d70e9781ddf156a1b2a86d2b385e94dc,100,1729,maximum_nontransitivity_disagreement_gain,2000.0,3000.0
kata1-b6c96-s13733120-d2631546-temp-0.3,32,2016.6179822649958,1888.1260443432852,2145.1099201867064,1986.3808289415451,30.237153323450684,2,a5803f8a5d9d87202b43d709cb328cedaf18c446af448f705c33d553e8c2e9f7,5170ec511fb50cdf10d648416d508574d70e9781ddf156a1b2a86d2b385e94dc,100,1729,maximum_nontransitivity_disagreement_gain,2000.0,3000.0
kata1-b6c96-s13733120-d2631546-temp-0.3,34,2016.007277054873,1891.4372998184965,2140.5772542912496,1986.3808289415451,29.626448113327797,2,a5803f8a5d9d87202b43d709cb328cedaf18c446af448f705c33d553e8c2e9f7,5170ec511fb50cdf10d648416d508574d70e9781ddf156a1b2a86d2b385e94dc,100,1729,maximum_nontransitivity_disagreement_gain,2000.0,3000.0
kata1-b6c96-s13733120-d2631546-temp-0.3,36,2015.467471340618,1894.460673380433,2136.474269300803,1986.3808289415451,29.086642399072844,2,a5803f8a5d9d87202b43d709cb328cedaf18c446af448f705c33d553e8c2e9f7,5170ec511fb50cdf10d648416d508574d70e9781ddf156a1b2a86d2b385e94dc,100,1729,maximum_nontransitivity_disagreement_gain,2000.0,3000.0
kata1-b6c96-s13733120-d2631546-temp-0.3,38,2014.9866858631938,1897.2352631553922,2132.7381085709953,1986.3808289415451,28.605856921648638,2,a5803f8a5d9d87202b43d709cb328cedaf18c446af448f705c33d553e8c2e9f7,5170ec511fb50cdf10d648416d508574d70e9781ddf156a1b2a86d2b385e94dc,100,1729,maximum_nontransitivity_disagreement_gain,2000.0,3000.0
kata1-b6c96-s13733120-d2631546-temp-0.3,40,2014.5773706922466,1899.8136618634696,2129.341079521024,1986.3808289415451,28.1965417507015,2,a5803f8a5d9d87202b43d709cb328cedaf18c446af448f705c33d553e8c2e9f7,5170ec511fb50cdf10d648416d508574d70e9781ddf156a1b2a86d2b385e94dc,100,1729,maximum_nontransitivity_disagreement_gain,2000.0,3000.0
kata1-b6c96-s13733120-d2631546-temp-0.3,42,1996.4833615784048,1884.3368283977754,2108.629894759034,1986.3808289415451,10.102532636859678,2,a5803f8a5d9d87202b43d709cb328cedaf18c446af448f705c33d553e8c2e9f7,5170ec511fb50cdf10d648416d508574d70e9781ddf156a1b2a86d2b385e94dc,100,1729,maximum_nontransitivity_disagreement_gain,2000.0,3000.0
kata1-b6c96-s13733120-d2631546-temp-0.3,44,1980.0438112063953,1870.111696310614,2089.9759261021763,1986.3808289415451,-6.337017735149857,2,a5803f8a5d9d87202b43d709cb328cedaf18c446af448f705c33d553e8c2e9f7,5170ec511fb50cdf10d648416d508574d70e9781ddf156a1b2a86d2b385e94dc,100,1729,maximum_nontransitivity_disagreement_gain,2000.0,3000.0
kata1-b6c96-s13733120-d2631546-temp-0.3,46,1997.4521449911792,1890.2579641641921,2104.6463258181666,1986.3808289415451,11.071316049634106,2,a5803f8a5d9d87202b43d709cb328cedaf18c446af448f705c33d553e8c2e9f7,5170ec511fb50cdf10d648416d508574d70e9781ddf156a1b2a86d2b385e94dc,100,1729,maximum_nontransitivity_disagreement_gain,2000.0,3000.0
kata1-b6c96-s13733120-d2631546-temp-0.3,48,1997.8618556996921,1892.8906749022165,2102.833036497168,1986.3808289415451,11.481026758146982,2,a5803f8a5d9d87202b43d709cb328cedaf18c446af448f705c33d553e8c2e9f7,5170ec511fb50cdf10d648416d508574d70e9781ddf156a1b2a86d2b385e94dc,100,1729,maximum_nontransitivity_disagreement_gain,2000.0,3000.0
kata1-b6c96-s13733120-d2631546-temp-0.3,50,1998.2578068709781,1895.3634884206513,2101.152125321305,1986.3808289415451,11.876977929432996,2,a5803f8a5d9d87202b43d709cb328cedaf18c446af448f705c33d553e8c2e9f7,5170ec511fb50cdf10d648416d508574d70e9781ddf156a1b2a86d2b385e94dc,100,1729,maximum_nontransitivity_disagreement_gain,2000.0,3000.0
kata1-b6c96-s13733120-d2631546-temp-0.3,52,1984.4117323278304,1883.2369013531365,2085.586563302524,1986.3808289415451,-1.9690966137147825,2,a5803f8a5d9d87202b43d709cb328cedaf18c446af448f705c33d553e8c2e9f7,5170ec511fb50cdf10d648416d508574d70e9781ddf156a1b2a86d2b385e94dc,100,1729,maximum_nontransitivity_disagreement_gain,2000.0,3000.0
kata1-b6c96-s13733120-d2631546-temp-0.3,54,1985.3016225061438,1885.9777580127723,2084.625486999515,1986.3808289415451,-1.0792064354013746,2,a5803f8a5d9d87202b43d709cb328cedaf18c446af448f705c33d553e8c2e9f7,5170ec511fb50cdf10d648416d508574d70e9781ddf156a1b2a86d2b385e94dc,100,1729,maximum_nontransitivity_disagreement_gain,2000.0,3000.0
kata1-b6c96-s13733120-d2631546-temp-0.3,56,1986.1255701156479,1888.5438996816931,2083.7072405496024,1986.3808289415451,-0.2552588258972719,2,a5803f8a5d9d87202b43d709cb328cedaf18c446af448f705c33d553e8c2e9f7,5170ec511fb50cdf10d648416d508574d70e9781ddf156a1b2a86d2b385e94dc,100,1729,maximum_nontransitivity_disagreement_gain,2000.0,3000.0
kata1-b6c96-s13733120-d2631546-temp-0.3,58,1986.89073097422,1890.9526167803558,2082.8288451680846,1986.3808289415451,0.5099020326749724,2,a5803f8a5d9d87202b43d709cb328cedaf18c446af448f705c33d553e8c2e9f7,5170ec511fb50cdf10d648416d508574d70e9781ddf156a1b2a86d2b385e94dc,100,1729,maximum_nontransitivity_disagreement_gain,2000.0,3000.0
kata1-b6c96-s13733120-d2631546-temp-0.3,60,1987.6032601084023,1893.2189219166312,2081.9875983001734,1986.3808289415451,1.2224311668571772,2,a5803f8a5d9d87202b43d709cb328cedaf18c446af448f705c33d553e8c2e9f7,5170ec511fb50cdf10d648416d508574d70e9781ddf156a1b2a86d2b385e94dc,100,1729,maximum_nontransitivity_disagreement_gain,2000.0,3000.0
kata1-b6c96-s13733120-d2631546-temp-0.3,62,2000.0678259664255,1907.3000523460666,2092.835599586784,1986.3808289415451,13.686997024880384,2,a5803f8a5d9d87202b43d709cb328cedaf18c446af448f705c33d553e8c2e9f7,5170ec511fb50cdf10d648416d508574d70e9781ddf156a1b2a86d2b385e94dc,100,1729,maximum_nontransitivity_disagreement_gain,2000.0,3000.0
kata1-b6c96-s13733120-d2631546-temp-0.3,64,2005.146148532028,1913.6021273988013,2096.690169665255,1986.3808289415451,18.76531959048293,2,a5803f8a5d9d87202b43d709cb328cedaf18c446af448f705c33d553e8c2e9f7,5170ec511fb50cdf10d648416d508574d70e9781ddf156a1b2a86d2b385e94dc,100,1729,maximum_nontransitivity_disagreement_gain,2000.0,3000.0
kata1-b6c96-s13733120-d2631546-temp-0.3,66,2015.7772230266264,1925.6518880026385,2105.902558050614,1986.3808289415451,29.396394085081283,2,a5803f8a5d9d87202b43d709cb328cedaf18c446af448f705c33d553e8c2e9f7,5170ec511fb50cdf10d648416d508574d70e9781ddf156a1b2a86d2b385e94dc,100,1729,maximum_nontransitivity_disagreement_gain,2000.0,3000.0
kata1-b6c96-s13733120-d2631546-temp-0.3,68,2025.724044472983,1936.8689046324612,2114.579184313505,1986.3808289415451,39.34321553143786,2,a5803f8a5d9d87202b43d709cb328cedaf18c446af448f705c33d553e8c2e9f7,5170ec511fb50cdf10d648416d508574d70e9781ddf156a1b2a86d2b385e94dc,100,1729,maximum_nontransitivity_disagreement_gain,2000.0,3000.0
kata1-b6c96-s13733120-d2631546-temp-0.3,70,2024.4340568308337,1936.8228658128523,2112.045247848815,1986.3808289415451,38.053227889288564,2,a5803f8a5d9d87202b43d709cb328cedaf18c446af448f705c33d553e8c2e9f7,5170ec511fb50cdf10d648416d508574d70e9781ddf156a1b2a86d2b385e94dc,100,1729,maximum_nontransitivity_disagreement_gain,2000.0,3000.0
kata1-b6c96-s13733120-d2631546-temp-0.3,72,2018.0616749375129,1931.6599162325206,2104.463433642505,1986.3808289415451,31.68084599596773,2,a5803f8a5d9d87202b43d709cb328cedaf18c446af448f705c33d553e8c2e9f7,5170ec511fb50cdf10d648416d508574d70e9781ddf156a1b2a86d2b385e94dc,100,1729,maximum_nontransitivity_disagreement_gain,2000.0,3000.0
kata1-b6c96-s13733120-d2631546-temp-0.3,74,2027.0728336113407,1941.7433727416535,2112.402294481028,1986.3808289415451,40.69200466979555,2,a5803f8a5d9d87202b43d709cb328cedaf18c446af448f705c33d553e8c2e9f7,5170ec511fb50cdf10d648416d508574d70e9781ddf156a1b2a86d2b385e94dc,100,1729,maximum_nontransitivity_disagreement_gain,2000.0,3000.0
kata1-b6c96-s13733120-d2631546-temp-0.3,76,2035.5900113808655,1951.235414373304,2119.944608388427,1986.3808289415451,49.20918243932033,2,a5803f8a5d9d87202b43d709cb328cedaf18c446af448f705c33d553e8c2e9f7,5170ec511fb50cdf10d648416d508574d70e9781ddf156a1b2a86d2b385e94dc,100,1729,maximum_nontransitivity_disagreement_gain,2000.0,3000.0
kata1-b6c96-s13733120-d2631546-temp-0.3,78,2024.682963865722,1941.4755549972224,2107.8903727342217,1986.3808289415451,38.302134924176926,2,a5803f8a5d9d87202b43d709cb328cedaf18c446af448f705c33d553e8c2e9f7,5170ec511fb50cdf10d648416d508574d70e9781ddf156a1b2a86d2b385e94dc,100,1729,maximum_nontransitivity_disagreement_gain,2000.0,3000.0
kata1-b6c96-s13733120-d2631546-temp-0.3,80,2023.595518747864,1941.3815654426824,2105.8094720530457,1986.3808289415451,37.2146898063188,2,a5803f8a5d9d87202b43d709cb328cedaf18c446af448f705c33d553e8c2e9f7,5170ec511fb50cdf10d648416d508574d70e9781ddf156a1b2a86d2b385e94dc,100,1729,maximum_nontransitivity_disagreement_gain,2000.0,3000.0
kata1-b6c96-s13733120-d2631546-temp-0.3,82,2031.5297396624003,1950.1783811016735,2112.881098223127,1986.3808289415451,45.148910720855156,2,a5803f8a5d9d87202b43d709cb328cedaf18c446af448f705c33d553e8c2e9f7,5170ec511fb50cdf10d648416d508574d70e9781ddf156a1b2a86d2b385e94dc,100,1729,maximum_nontransitivity_disagreement_gain,2000.0,3000.0
kata1-b6c96-s13733120-d2631546-temp-0.3,84,2030.3223346035338,1949.8908049433549,2110.753864263713,1986.3808289415451,43.941505661988685,2,a5803f8a5d9d87202b43d709cb328cedaf18c446af448f705c33d553e8c2e9f7,5170ec511fb50cdf10d648416d508574d70e9781ddf156a1b2a86d2b385e94dc,100,1729,maximum_nontransitivity_disagreement_gain,2000.0,3000.0
kata1-b6c96-s13733120-d2631546-temp-0.3,86,2029.1756184428223,1949.6277029781327,2108.723533907512,1986.3808289415451,42.79478950127714,2,a5803f8a5d9d87202b43d709cb328cedaf18c446af448f705c33d553e8c2e9f7,5170ec511fb50cdf10d648416d508574d70e9781ddf156a1b2a86d2b385e94dc,100,1729,maximum_nontransitivity_disagreement_gain,2000.0,3000.0
kata1-b6c96-s13733120-d2631546-temp-0.3,88,2036.4129079642391,1957.6018949804893,2115.223920947989,1986.3808289415451,50.032079022694006,2,a5803f8a5d9d87202b43d709cb328cedaf18c446af448f705c33d553e8c2e9f7,5170ec511fb50cdf10d648416d508574d70e9781ddf156a1b2a86d2b385e94dc,100,1729,maximum_nontransitivity_disagreement_gain,2000.0,3000.0
kata1-b6c96-s13733120-d2631546-temp-0.3,90,2027.0246500827102,1949.144907377792,2104.9043927876282,1986.3808289415451,40.64382114116506,2,a5803f8a5d9d87202b43d709cb328cedaf18c446af448f705c33d553e8c2e9f7,5170ec511fb50cdf10d648416d508574d70e9781ddf156a1b2a86d2b385e94dc,100,1729,maximum_nontransitivity_disagreement_gain,2000.0,3000.0
kata1-b6c96-s13733120-d2631546-temp-0.3,92,2033.9722092021227,1956.7797013250565,2111.164717079189,1986.3808289415451,47.59138026057758,2,a5803f8a5d9d87202b43d709cb328cedaf18c446af448f705c33d553e8c2e9f7,5170ec511fb50cdf10d648416d508574d70e9781ddf156a1b2a86d2b385e94dc,100,1729,maximum_nontransitivity_disagreement_gain,2000.0,3000.0
kata1-b6c96-s13733120-d2631546-temp-0.3,94,2032.8461585400294,1956.4184564217865,2109.2738606582725,1986.3808289415451,46.46532959848423,2,a5803f8a5d9d87202b43d709cb328cedaf18c446af448f705c33d553e8c2e9f7,5170ec511fb50cdf10d648416d508574d70e9781ddf156a1b2a86d2b385e94dc,100,1729,maximum_nontransitivity_disagreement_gain,2000.0,3000.0
kata1-b6c96-s13733120-d2631546-temp-0.3,96,2039.3755222443085,1963.5654185631997,2115.1856259254173,1986.3808289415451,52.99469330276338,2,a5803f8a5d9d87202b43d709cb328cedaf18c446af448f705c33d553e8c2e9f7,5170ec511fb50cdf10d648416d508574d70e9781ddf156a1b2a86d2b385e94dc,100,1729,maximum_nontransitivity_disagreement_gain,2000.0,3000.0
kata1-b6c96-s13733120-d2631546-temp-0.3,98,2041.8972304942133,1966.7382023304583,2117.0562586579686,1986.3808289415451,55.516401552668185,2,a5803f8a5d9d87202b43d709cb328cedaf18c446af448f705c33d553e8c2e9f7,5170ec511fb50cdf10d648416d508574d70e9781ddf156a1b2a86d2b385e94dc,100,1729,maximum_nontransitivity_disagreement_gain,2000.0,3000.0
kata1-b6c96-s13733120-d2631546-temp-0.3,100,2040.6717983437732,1966.2100713427808,2115.1335253447655,1986.3808289415451,54.29096940222803,2,a5803f8a5d9d87202b43d709cb328cedaf18c446af448f705c33d553e8c2e9f7,5170ec511fb50cdf10d648416d508574d70e9781ddf156a1b2a86d2b385e94dc,100,1729,maximum_nontransitivity_disagreement_gain,2000.0,3000.0
kata1-b6c96-s14649344-d2727367,2,2202.3337029825266,1647.269480173264,2757.397925791789,2110.739855958135,91.59384702439138,2,a5803f8a5d9d87202b43d709cb328cedaf18c446af448f705c33d553e8c2e9f7,5170ec511fb50cdf10d648416d508574d70e9781ddf156a1b2a86d2b385e94dc,100,1729,maximum_nontransitivity_disagreement_gain,2000.0,3000.0
kata1-b6c96-s14649344-d2727367,4,2100.820878592911,1746.830275763143,2454.811481422679,2110.739855958135,-9.918977365224237,2,a5803f8a5d9d87202b43d709cb328cedaf18c446af448f705c33d553e8c2e9f7,5170ec511fb50cdf10d648416d508574d70e9781ddf156a1b2a86d2b385e94dc,100,1729,maximum_nontransitivity_disagreement_gain,2000.0,3000.0
kata1-b6c96-s14649344-d2727367,6,2132.828657122118,1835.6279964332193,2430.0293178110164,2110.739855958135,22.08880116398268,2,a5803f8a5d9d87202b43d709cb328cedaf18c446af448f705c33d553e8c2e9f7,5170ec511fb50cdf10d648416d508574d70e9781ddf156a1b2a86d2b385e94dc,100,1729,maximum_nontransitivity_disagreement_gain,2000.0,3000.0
kata1-b6c96-s14649344-d2727367,8,2100.9836987034028,1849.6850756994045,2352.282321707401,2110.739855958135,-9.756157254732443,2,a5803f8a5d9d87202b43d709cb328cedaf18c446af448f705c33d553e8c2e9f7,5170ec511fb50cdf10d648416d508574d70e9781ddf156a1b2a86d2b385e94dc,100,1729,maximum_nontransitivity_disagreement_gain,2000.0,3000.0
kata1-b6c96-s14649344-d2727367,10,2159.908042126859,1922.5103488073462,2397.305735446372,2110.739855958135,49.16818616872388,2,a5803f8a5d9d87202b43d709cb328cedaf18c446af448f705c33d553e8c2e9f7,5170ec511fb50cdf10d648416d508574d70e9781ddf156a1b2a86d2b385e94dc,100,1729,maximum_nontransitivity_disagreement_gain,2000.0,3000.0
kata1-b6c96-s14649344-d2727367,12,2132.9712725404293,1921.7799509807614,2344.162594100097,2110.739855958135,22.23141658229406,2,a5803f8a5d9d87202b43d709cb328cedaf18c446af448f705c33d553e8c2e9f7,5170ec511fb50cdf10d648416d508574d70e9781ddf156a1b2a86d2b385e94dc,100,1729,maximum_nontransitivity_disagreement_gain,2000.0,3000.0
kata1-b6c96-s14649344-d2727367,14,2061.8886797440077,1874.9722252141974,2248.805134273818,2110.739855958135,-48.85117621412746,2,a5803f8a5d9d87202b43d709cb328cedaf18c446af448f705c33d553e8c2e9f7,5170ec511fb50cdf10d648416d508574d70e9781ddf156a1b2a86d2b385e94dc,100,1729,maximum_nontransitivity_disagreement_gain,2000.0,3000.0
kata1-b6c96-s14649344-d2727367,16,2055.495759209144,1880.780925923572,2230.2105924947164,2110.739855958135,-55.24409674899107,2,a5803f8a5d9d87202b43d709cb328cedaf18c446af448f705c33d553e8c2e9f7,5170ec511fb50cdf10d648416d508574d70e9781ddf156a1b2a86d2b385e94dc,100,1729,maximum_nontransitivity_disagreement_gain,2000.0,3000.0
kata1-b6c96-s14649344-d2727367,18,2090.7344462841393,1923.0037476774003,2258.465144890878,2110.739855958135,-20.005409673995928,2,a5803f8a5d9d87202b43d709cb328cedaf18c446af448f705c33d553e8c2e9f7,5170ec511fb50cdf10d648416d508574d70e9781ddf156a1b2a86d2b385e94dc,100,1729,maximum_nontransitivity_disagreement_gain,2000.0,3000.0
kata1-b6c96-s14649344-d2727367,20,2082.564553430169,1923.943846758881,2241.185260101457,2110.739855958135,-28.175302527966323,2,a5803f8a5d9d87202b43d709cb328cedaf18c446af448f705c33d553e8c2e9f7,5170ec511fb50cdf10d648416d508574d70e9781ddf156a1b2a86d2b385e94dc,100,1729,maximum_nontransitivity_disagreement_gain,2000.0,3000.0
kata1-b6c96-s14649344-d2727367,22,2075.9313907895926,1924.980905809999,2226.881875769186,2110.739855958135,-34.808465168542625,2,a5803f8a5d9d87202b43d709cb328cedaf18c446af448f705c33d553e8c2e9f7,5170ec511fb50cdf10d648416d508574d70e9781ddf156a1b2a86d2b385e94dc,100,1729,maximum_nontransitivity_disagreement_gain,2000.0,3000.0
kata1-b6c96-s14649344-d2727367,24,2101.0512837636265,1954.1838616245122,2247.918705902741,2110.739855958135,-9.688572194508652,2,a5803f8a5d9d87202b43d709cb328cedaf18c446af448f705c33d553e8c2e9f7,5170ec511fb50cdf10d648416d508574d70e9781ddf156a1b2a86d2b385e94dc,100,1729,maximum_nontransitivity_disagreement_gain,2000.0,3000.0
kata1-b6c96-s14649344-d2727367,26,2093.9030170625256,1953.2440970751975,2234.561937049854,2110.739855958135,-16.836838895609617,2,a5803f8a5d9d87202b43d709cb328cedaf18c446af448f705c33d553e8c2e9f7,5170ec511fb50cdf10d648416d508574d70e9781ddf156a1b2a86d2b385e94dc,100,1729,maximum_nontransitivity_disagreement_gain,2000.0,3000.0
kata1-b6c96-s14649344-d2727367,28,2087.8286101765457,1952.5793955289964,2223.077824824095,2110.739855958135,-22.911245781589514,2,a5803f8a5d9d87202b43d709cb328cedaf18c446af448f705c33d553e8c2e9f7,5170ec511fb50cdf10d648416d508574d70e9781ddf156a1b2a86d2b385e94dc,100,1729,maximum_nontransitivity_disagreement_gain,2000.0,3000.0
kata1-b6c96-s14649344-d2727367,30,2107.3486629707436,1974.8435715645958,2239.853754376891,2110.739855958135,-3.391192987391605,2,a5803f8a5d9d87202b43d709cb328cedaf18c446af448f705c33d553e8c2e9f7,5170ec511fb50cdf10d648416d508574d70e9781ddf156a1b2a86d2b385e94dc,100,1729,maximum_nontransitivity_disagreement_gain,2000.0,3000.0
kata1-b6c96-s14649344-d2727367,32,2101.095453683157,1973.1691967807658,2229.021710585548,2110.739855958135,-9.644402274978347,2,a5803f8a5d9d87202b43d709cb328cedaf18c446af448f705c33d553e8c2e9f7,5170ec511fb50cdf10d648416d508574d70e9781ddf156a1b2a86d2b385e94dc,100,1729,maximum_nontransitivity_disagreement_gain,2000.0,3000.0
kata1-b6c96-s14649344-d2727367,34,2117.8156345685406,1992.01724481577,2243.6140243213113,2110.739855958135,7.07577861040545,2,a5803f8a5d9d87202b43d709cb328cedaf18c446af448f705c33d553e8c2e9f7,5170ec511fb50cdf10d648416d508574d70e9781ddf156a1b2a86d2b385e94dc,100,1729,maximum_nontransitivity_disagreement_gain,2000.0,3000.0
kata1-b6c96-s14649344-d2727367,36,2133.0707233679323,2009.075621641073,2257.0658250947913,2110.739855958135,22.330867409797065,2,a5803f8a5d9d87202b43d709cb328cedaf18c446af448f705c33d553e8c2e9f7,5170ec511fb50cdf10d648416d508574d70e9781ddf156a1b2a86d2b385e94dc,100,1729,maximum_nontransitivity_disagreement_gain,2000.0,3000.0
kata1-b6c96-s14649344-d2727367,38,2147.0960508309445,2024.6491882651671,2269.542913396722,2110.739855958135,36.35619487280928,2,a5803f8a5d9d87202b43d709cb328cedaf18c446af448f705c33d553e8c2e9f7,5170ec511fb50cdf10d648416d508574d70e9781ddf156a1b2a86d2b385e94dc,100,1729,maximum_nontransitivity_disagreement_gain,2000.0,3000.0
kata1-b6c96-s14649344-d2727367,40,2160.074560084932,2038.9717664187708,2281.1773537510926,2110.739855958135,49.33470412679662,2,a5803f8a5d9d87202b43d709cb328cedaf18c446af448f705c33d553e8c2e9f7,5170ec511fb50cdf10d648416d508574d70e9781ddf156a1b2a86d2b385e94dc,100,1729,maximum_nontransitivity_disagreement_gain,2000.0,3000.0
kata1-b6c96-s14649344-d2727367,42,2152.2174130948115,2034.8469751329717,2269.5878510566513,2110.739855958135,41.477557136676296,2,a5803f8a5d9d87202b43d709cb328cedaf18c446af448f705c33d553e8c2e9f7,5170ec511fb50cdf10d648416d508574d70e9781ddf156a1b2a86d2b385e94dc,100,1729,maximum_nontransitivity_disagreement_gain,2000.0,3000.0
kata1-b6c96-s14649344-d2727367,44,2145.188125713408,2031.163672264028,2259.212579162788,2110.739855958135,34.44826975527303,2,a5803f8a5d9d87202b43d709cb328cedaf18c446af448f705c33d553e8c2e9f7,5170ec511fb50cdf10d648416d508574d70e9781ddf156a1b2a86d2b385e94dc,100,1729,maximum_nontransitivity_disagreement_gain,2000.0,3000.0
kata1-b6c96-s14649344-d2727367,46,2138.8351361926134,2027.8359333969304,2249.834338988296,2110.739855958135,28.095280234478196,2,a5803f8a5d9d87202b43d709cb328cedaf18c446af448f705c33d553e8c2e9f7,5170ec511fb50cdf10d648416d508574d70e9781ddf156a1b2a86d2b385e94dc,100,1729,maximum_nontransitivity_disagreement_gain,2000.0,3000.0
kata1-b6c96-s14649344-d2727367,48,2124.9400801339457,2017.4399224606477,2232.4402378072436,2110.739855958135,14.20022417581049,2,a5803f8a5d9d87202b43d709cb328cedaf18c446af448f705c33d553e8c2e9f7,5170ec511fb50cdf10d648416d508574d70e9781ddf156a1b2a86d2b385e94dc,100,1729,maximum_nontransitivity_disagreement_gain,2000.0,3000.0
kata1-b6c96-s14649344-d2727367,50,2104.8722008456307,2000.9734590670714,2208.77094262419,2110.739855958135,-5.867655112504508,2,a5803f8a5d9d87202b43d709cb328cedaf18c446af448f705c33d553e8c2e9f7,5170ec511fb50cdf10d648416d508574d70e9781ddf156a1b2a86d2b385e94dc,100,1729,maximum_nontransitivity_disagreement_gain,2000.0,3000.0
kata1-b6c96-s14649344-d2727367,52,2115.6720648326004,2012.86246193972,2218.4816677254807,2110.739855958135,4.932208874465232,2,a5803f8a5d9d87202b43d709cb328cedaf18c446af448f705c33d553e8c2e9f7,5170ec511fb50cdf10d648416d508574d70e9781ddf156a1b2a86d2b385e94dc,100,1729,maximum_nontransitivity_disagreement_gain,2000.0,3000.0
kata1-b6c96-s14649344-d2727367,54,2125.8414202406366,2024.0087385657446,2227.6741019155284,2110.739855958135,15.101564282501386,2,a5803f8a5d9d87202b43d709cb328cedaf18c446af448f705c33d553e8c2e9f7,5170ec511fb50cdf10d648416d508574d70e9781ddf156a1b2a86d2b385e94dc,100,1729,maximum_nontransitivity_disagreement_gain,2000.0,3000.0
kata1-b6c96-s14649344-d2727367,56,2121.470333210526,2021.690464939824,2221.2502014812276,2110.739855958135,10.730477252390756,2,a5803f8a5d9d87202b43d709cb328cedaf18c446af448f705c33d553e8c2e9f7,5170ec511fb50cdf10d648416d508574d70e9781ddf156a1b2a86d2b385e94dc,100,1729,maximum_nontransitivity_disagreement_gain,2000.0,3000.0
kata1-b6c96-s14649344-d2727367,58,2130.8238441755184,2031.8957230941548,2229.7519652568817,2110.739855958135,20.083988217383194,2,a5803f8a5d9d87202b43d709cb328cedaf18c446af448f705c33d553e8c2e9f7,5170ec511fb50cdf10d648416d508574d70e9781ddf156a1b2a86d2b385e94dc,100,1729,maximum_nontransitivity_disagreement_gain,2000.0,3000.0
kata1-b6c96-s14649344-d2727367,60,2126.562920068087,2029.5161369586408,2223.609703177533,2110.739855958135,15.823064109951702,2,a5803f8a5d9d87202b43d709cb328cedaf18c446af448f705c33d553e8c2e9f7,5170ec511fb50cdf10d648416d508574d70e9781ddf156a1b2a86d2b385e94dc,100,1729,maximum_nontransitivity_disagreement_gain,2000.0,3000.0
kata1-b6c96-s14649344-d2727367,62,2128.866990558474,2033.0913919230466,2224.642589193901,2110.739855958135,18.12713460033865,2,a5803f8a5d9d87202b43d709cb328cedaf18c446af448f705c33d553e8c2e9f7,5170ec511fb50cdf10d648416d508574d70e9781ddf156a1b2a86d2b385e94dc,100,1729,maximum_nontransitivity_disagreement_gain,2000.0,3000.0
kata1-b6c96-s14649344-d2727367,64,2124.9466064807084,2030.8587262704448,2219.034486690972,2110.739855958135,14.206750522573202,2,a5803f8a5d9d87202b43d709cb328cedaf18c446af448f705c33d553e8c2e9f7,5170ec511fb50cdf10d648416d508574d70e9781ddf156a1b2a86d2b385e94dc,100,1729,maximum_nontransitivity_disagreement_gain,2000.0,3000.0
kata1-b6c96-s14649344-d2727367,66,2109.6838909446483,2017.9653619088886,2201.402419980408,2110.739855958135,-1.0559650134869116,2,a5803f8a5d9d87202b43d709cb328cedaf18c446af448f705c33d553e8c2e9f7,5170ec511fb50cdf10d648416d508574d70e9781ddf156a1b2a86d2b385e94dc,100,1729,maximum_nontransitivity_disagreement_gain,2000.0,3000.0
kata1-b6c96-s14649344-d2727367,68,2117.8446898446887,2026.8298201331572,2208.85955955622,2110.739855958135,7.104833886553479,2,a5803f8a5d9d87202b43d709cb328cedaf18c446af448f705c33d553e8c2e9f7,5170ec511fb50cdf10d648416d508574d70e9781ddf156a1b2a86d2b385e94dc,100,1729,maximum_nontransitivity_disagreement_gain,2000.0,3000.0
kata1-b6c96-s14649344-d2727367,70,2114.6367351233725,2025.026267982045,2204.2472022647003,2110.739855958135,3.896879165237351,2,a5803f8a5d9d87202b43d709cb328cedaf18c446af448f705c33d553e8c2e9f7,5170ec511fb50cdf10d648416d508574d70e9781ddf156a1b2a86d2b385e94dc,100,1729,maximum_nontransitivity_disagreement_gain,2000.0,3000.0
kata1-b6c96-s14649344-d2727367,72,2122.263810852173,2033.2826451162127,2211.244976588133,2110.739855958135,11.523954894037615,2,a5803f8a5d9d87202b43d709cb328cedaf18c446af448f705c33d553e8c2e9f7,5170ec511fb50cdf10d648416d508574d70e9781ddf156a1b2a86d2b385e94dc,100,1729,maximum_nontransitivity_disagreement_gain,2000.0,3000.0
kata1-b6c96-s14649344-d2727367,74,2119.065754867038,2031.3954145045336,2206.736095229542,2110.739855958135,8.325898908902673,2,a5803f8a5d9d87202b43d709cb328cedaf18c446af448f705c33d553e8c2e9f7,5170ec511fb50cdf10d648416d508574d70e9781ddf156a1b2a86d2b385e94dc,100,1729,maximum_nontransitivity_disagreement_gain,2000.0,3000.0
kata1-b6c96-s14649344-d2727367,76,2116.0732094745213,2029.6437814996134,2202.502637449429,2110.739855958135,5.333353516386069,2,a5803f8a5d9d87202b43d709cb328cedaf18c446af448f705c33d553e8c2e9f7,5170ec511fb50cdf10d648416d508574d70e9781ddf156a1b2a86d2b385e94dc,100,1729,maximum_nontransitivity_disagreement_gain,2000.0,3000.0
kata1-b6c96-s14649344-d2727367,78,2113.2479624970015,2027.9963591361611,2198.499565857842,2110.739855958135,2.5081065388662864,2,a5803f8a5d9d87202b43d709cb328cedaf18c446af448f705c33d553e8c2e9f7,5170ec511fb50cdf10d648416d508574d70e9781ddf156a1b2a86d2b385e94dc,100,1729,maximum_nontransitivity_disagreement_gain,2000.0,3000.0
kata1-b6c96-s14649344-d2727367,80,2110.5760696805955,2026.4445135871056,2194.7076257740855,2110.739855958135,-0.16378627753965702,2,a5803f8a5d9d87202b43d709cb328cedaf18c446af448f705c33d553e8c2e9f7,5170ec511fb50cdf10d648416d508574d70e9781ddf156a1b2a86d2b385e94dc,100,1729,maximum_nontransitivity_disagreement_gain,2000.0,3000.0
kata1-b6c96-s14649344-d2727367,82,2112.6565858413455,2029.3284516689064,2195.9847200137847,2110.739855958135,1.916729883210337,2,a5803f8a5d9d87202b43d709cb328cedaf18c446af448f705c33d553e8c2e9f7,5170ec511fb50cdf10d648416d508574d70e9781ddf156a1b2a86d2b385e94dc,100,1729,maximum_nontransitivity_disagreement_gain,2000.0,3000.0
kata1-b6c96-s14649344-d2727367,84,2110.1285540425106,2027.835736138987,2192.421371946034,2110.739855958135,-0.6113019156246082,2,a5803f8a5d9d87202b43d709cb328cedaf18c446af448f705c33d553e8c2e9f7,5170ec511fb50cdf10d648416d508574d70e9781ddf156a1b2a86d2b385e94dc,100,1729,maximum_nontransitivity_disagreement_gain,2000.0,3000.0
kata1-b6c96-s14649344-d2727367,86,2107.70519661182,2026.4016728994386,2189.008720324202,2110.739855958135,-3.0346593463150384,2,a5803f8a5d9d87202b43d709cb328cedaf18c446af448f705c33d553e8c2e9f7,5170ec511fb50cdf10d648416d508574d70e9781ddf156a1b2a86d2b385e94dc,100,1729,maximum_nontransitivity_disagreement_gain,2000.0,3000.0
kata1-b6c96-s14649344-d2727367,88,2114.028380810751,2033.2006854960564,2194.8560761254457,2110.739855958135,3.288524852615865,2,a5803f8a5d9d87202b43d709cb328cedaf18c446af448f705c33d553e8c2e9f7,5170ec511fb50cdf10d648416d508574d70e9781ddf156a1b2a86d2b385e94dc,100,1729,maximum_nontransitivity_disagreement_gain,2000.0,3000.0
kata1-b6c96-s14649344-d2727367,90,2111.611242690463,2031.7181534291542,2191.5043319517713,2110.739855958135,0.8713867323276645,2,a5803f8a5d9d87202b43d709cb328cedaf18c446af448f705c33d553e8c2e9f7,5170ec511fb50cdf10d648416d508574d70e9781ddf156a1b2a86d2b385e94dc,100,1729,maximum_nontransitivity_disagreement_gain,2000.0,3000.0
kata1-b6c96-s14649344-d2727367,92,2109.3069784456707,2030.3087439987144,2188.305212892627,2110.739855958135,-1.432877512464529,2,a5803f8a5d9d87202b43d709cb328cedaf18c446af448f705c33d553e8c2e9f7,5170ec511fb50cdf10d648416d508574d70e9781ddf156a1b2a86d2b385e94dc,100,1729,maximum_nontransitivity_disagreement_gain,2000.0,3000.0
kata1-b6c96-s14649344-d2727367,94,2107.130042805769,2028.9889973186662,2185.271088292872,2110.739855958135,-3.609813152366314,2,a5803f8a5d9d87202b43d709cb328cedaf18c446af448f705c33d553e8c2e9f7,5170ec511fb50cdf10d648416d508574d70e9781ddf156a1b2a86d2b385e94dc,100,1729,maximum_nontransitivity_disagreement_gain,2000.0,3000.0
kata1-b6c96-s14649344-d2727367,96,2112.930737258572,2035.2061402744414,2190.6553342427032,2110.739855958135,2.190881300437013,2,a5803f8a5d9d87202b43d709cb328cedaf18c446af448f705c33d553e8c2e9f7,5170ec511fb50cdf10d648416d508574d70e9781ddf156a1b2a86d2b385e94dc,100,1729,maximum_nontransitivity_disagreement_gain,2000.0,3000.0
kata1-b6c96-s14649344-d2727367,98,2110.7576475857163,2033.8466059949287,2187.668689176504,2110.739855958135,0.01779162758111852,2,a5803f8a5d9d87202b43d709cb328cedaf18c446af448f705c33d553e8c2e9f7,5170ec511fb50cdf10d648416d508574d70e9781ddf156a1b2a86d2b385e94dc,100,1729,maximum_nontransitivity_disagreement_gain,2000.0,3000.0
kata1-b6c96-s14649344-d2727367,100,2116.283527826484,2039.7565819483139,2192.8104737046538,2110.739855958135,5.543671868348611,2,a5803f8a5d9d87202b43d709cb328cedaf18c446af448f705c33d553e8c2e9f7,5170ec511fb50cdf10d648416d508574d70e9781ddf156a1b2a86d2b385e94dc,100,1729,maximum_nontransitivity_disagreement_gain,2000.0,3000.0
kata1-b6c96-s16525312-d2925067,2,2846.916119383727,412.5543821373617,5281.277856630093,2246.7033645254683,600.2127548582589,2,a5803f8a5d9d87202b43d709cb328cedaf18c446af448f705c33d553e8c2e9f7,5170ec511fb50cdf10d648416d508574d70e9781ddf156a1b2a86d2b385e94dc,100,1729,maximum_nontransitivity_disagreement_gain,2000.0,3000.0
kata1-b6c96-s16525312-d2925067,4,2419.6051109440464,1815.4334892715606,3023.776732616532,2246.7033645254683,172.9017464185781,2,a5803f8a5d9d87202b43d709cb328cedaf18c446af448f705c33d553e8c2e9f7,5170ec511fb50cdf10d648416d508574d70e9781ddf156a1b2a86d2b385e94dc,100,1729,maximum_nontransitivity_disagreement_gain,2000.0,3000.0
kata1-b6c96-s16525312-d2925067,6,2486.448823904453,1975.0758237543116,2997.821824054595,2246.7033645254683,239.74545937898483,2,a5803f8a5d9d87202b43d709cb328cedaf18c446af448f705c33d553e8c2e9f7,5170ec511fb50cdf10d648416d508574d70e9781ddf156a1b2a86d2b385e94dc,100,1729,maximum_nontransitivity_disagreement_gain,2000.0,3000.0
kata1-b6c96-s16525312-d2925067,8,2276.681672837364,1928.1570442349407,2625.2063014397877,2246.7033645254683,29.978308311895944,2,a5803f8a5d9d87202b43d709cb328cedaf18c446af448f705c33d553e8c2e9f7,5170ec511fb50cdf10d648416d508574d70e9781ddf156a1b2a86d2b385e94dc,100,1729,maximum_nontransitivity_disagreement_gain,2000.0,3000.0
kata1-b6c96-s16525312-d2925067,10,2288.1273898012364,2001.4790027722242,2574.7757768302486,2246.7033645254683,41.424025275768145,2,a5803f8a5d9d87202b43d709cb328cedaf18c446af448f705c33d553e8c2e9f7,5170ec511fb50cdf10d648416d508574d70e9781ddf156a1b2a86d2b385e94dc,100,1729,maximum_nontransitivity_disagreement_gain,2000.0,3000.0
kata1-b6c96-s16525312-d2925067,12,2206.8115781401675,1968.8646441127858,2444.7585121675493,2246.7033645254683,-39.89178638530075,2,a5803f8a5d9d87202b43d709cb328cedaf18c446af448f705c33d553e8c2e9f7,5170ec511fb50cdf10d648416d508574d70e9781ddf156a1b2a86d2b385e94dc,100,1729,maximum_nontransitivity_disagreement_gain,2000.0,3000.0
kata1-b6c96-s16525312-d2925067,14,2103.737655333051,1890.7151077708659,2316.760202895236,2246.7033645254683,-142.9657091924173,2,a5803f8a5d9d87202b43d709cb328cedaf18c446af448f705c33d553e8c2e9f7,5170ec511fb50cdf10d648416d508574d70e9781ddf156a1b2a86d2b385e94dc,100,1729,maximum_nontransitivity_disagreement_gain,2000.0,3000.0
kata1-b6c96-s16525312-d2925067,16,2160.8934755525233,1963.2886240460816,2358.498327058965,2246.7033645254683,-85.80988897294492,2,a5803f8a5d9d87202b43d709cb328cedaf18c446af448f705c33d553e8c2e9f7,5170ec511fb50cdf10d648416d508574d70e9781ddf156a1b2a86d2b385e94dc,100,1729,maximum_nontransitivity_disagreement_gain,2000.0,3000.0
kata1-b6c96-s16525312-d2925067,18,2153.2020557417777,1969.9396362784835,2336.4644752050717,2246.7033645254683,-93.50130878369055,2,a5803f8a5d9d87202b43d709cb328cedaf18c446af448f705c33d553e8c2e9f7,5170ec511fb50cdf10d648416d508574d70e9781ddf156a1b2a86d2b385e94dc,100,1729,maximum_nontransitivity_disagreement_gain,2000.0,3000.0
kata1-b6c96-s16525312-d2925067,20,2125.931776400619,1954.9959785236738,2296.8675742775645,2246.7033645254683,-120.77158812484913,2,a5803f8a5d9d87202b43d709cb328cedaf18c446af448f705c33d553e8c2e9f7,5170ec511fb50cdf10d648416d508574d70e9781ddf156a1b2a86d2b385e94dc,100,1729,maximum_nontransitivity_disagreement_gain,2000.0,3000.0
kata1-b6c96-s16525312-d2925067,22,2123.75673717779,1962.1513479735106,2285.3621263820696,2246.7033645254683,-122.94662734767826,2,a5803f8a5d9d87202b43d709cb328cedaf18c446af448f705c33d553e8c2e9f7,5170ec511fb50cdf10d648416d508574d70e9781ddf156a1b2a86d2b385e94dc,100,1729,maximum_nontransitivity_disagreement_gain,2000.0,3000.0
kata1-b6c96-s16525312-d2925067,24,2087.7489612197755,1934.176953030754,2241.3209694087973,2246.7033645254683,-158.95440330569272,2,a5803f8a5d9d87202b43d709cb328cedaf18c446af448f705c33d553e8c2e9f7,5170ec511fb50cdf10d648416d508574d70e9781ddf156a1b2a86d2b385e94dc,100,1729,maximum_nontransitivity_disagreement_gain,2000.0,3000.0
kata1-b6c96-s16525312-d2925067,26,2089.3933745493323,1942.583072261111,2236.2036768375538,2246.7033645254683,-157.30998997613597,2,a5803f8a5d9d87202b43d709cb328cedaf18c446af448f705c33d553e8c2e9f7,5170ec511fb50cdf10d648416d508574d70e9781ddf156a1b2a86d2b385e94dc,100,1729,maximum_nontransitivity_disagreement_gain,2000.0,3000.0
kata1-b6c96-s16525312-d2925067,28,2105.0855190590555,1964.2278971987444,2245.9431409193667,2246.7033645254683,-141.61784546641275,2,a5803f8a5d9d87202b43d709cb328cedaf18c446af448f705c33d553e8c2e9f7,5170ec511fb50cdf10d648416d508574d70e9781ddf156a1b2a86d2b385e94dc,100,1729,maximum_nontransitivity_disagreement_gain,2000.0,3000.0
kata1-b6c96-s16525312-d2925067,30,2103.4724503023344,1967.888994729259,2239.05590587541,2246.7033645254683,-143.23091422313382,2,a5803f8a5d9d87202b43d709cb328cedaf18c446af448f705c33d553e8c2e9f7,5170ec511fb50cdf10d648416d508574d70e9781ddf156a1b2a86d2b385e94dc,100,1729,maximum_nontransitivity_disagreement_gain,2000.0,3000.0
kata1-b6c96-s16525312-d2925067,32,2126.9072330368426,1995.6913084703872,2258.1231576032983,2246.7033645254683,-119.79613148862563,2,a5803f8a5d9d87202b43d709cb328cedaf18c446af448f705c33d553e8c2e9f7,5170ec511fb50cdf10d648416d508574d70e9781ddf156a1b2a86d2b385e94dc,100,1729,maximum_nontransitivity_disagreement_gain,2000.0,3000.0
kata1-b6c96-s16525312-d2925067,34,2124.0587307506066,1997.105358516131,2251.0121029850825,2246.7033645254683,-122.64463377486163,2,a5803f8a5d9d87202b43d709cb328cedaf18c446af448f705c33d553e8c2e9f7,5170ec511fb50cdf10d648416d508574d70e9781ddf156a1b2a86d2b385e94dc,100,1729,maximum_nontransitivity_disagreement_gain,2000.0,3000.0
kata1-b6c96-s16525312-d2925067,36,2121.565844086896,1998.4622121973455,2244.669475976447,2246.7033645254683,-125.13752043857221,2,a5803f8a5d9d87202b43d709cb328cedaf18c446af448f705c33d553e8c2e9f7,5170ec511fb50cdf10d648416d508574d70e9781ddf156a1b2a86d2b385e94dc,100,1729,maximum_nontransitivity_disagreement_gain,2000.0,3000.0
kata1-b6c96-s16525312-d2925067,38,2119.366188748175,1999.7612538093276,2238.971123687022,2246.7033645254683,-127.3371757772934,2,a5803f8a5d9d87202b43d709cb328cedaf18c446af448f705c33d553e8c2e9f7,5170ec511fb50cdf10d648416d508574d70e9781ddf156a1b2a86d2b385e94dc,100,1729,maximum_nontransitivity_disagreement_gain,2000.0,3000.0
kata1-b6c96-s16525312-d2925067,40,2117.411141589786,2001.0034975809172,2233.818785598655,2246.7033645254683,-129.29222293568228,2,a5803f8a5d9d87202b43d709cb328cedaf18c446af448f705c33d553e8c2e9f7,5170ec511fb50cdf10d648416d508574d70e9781ddf156a1b2a86d2b385e94dc,100,1729,maximum_nontransitivity_disagreement_gain,2000.0,3000.0
kata1-b6c96-s16525312-d2925067,42,2134.0573093384182,2020.1613204404314,2247.9532982364053,2246.7033645254683,-112.64605518705002,2,a5803f8a5d9d87202b43d709cb328cedaf18c446af448f705c33d553e8c2e9f7,5170ec511fb50cdf10d648416d508574d70e9781ddf156a1b2a86d2b385e94dc,100,1729,maximum_nontransitivity_disagreement_gain,2000.0,3000.0
kata1-b6c96-s16525312-d2925067,44,2122.7852681832087,2011.8642260435875,2233.70631032283,2246.7033645254683,-123.91809634225956,2,a5803f8a5d9d87202b43d709cb328cedaf18c446af448f705c33d553e8c2e9f7,5170ec511fb50cdf10d648416d508574d70e9781ddf156a1b2a86d2b385e94dc,100,1729,maximum_nontransitivity_disagreement_gain,2000.0,3000.0
kata1-b6c96-s16525312-d2925067,46,2129.2735231628017,2020.6851215055628,2237.8619248200407,2246.7033645254683,-117.4298413626666,2,a5803f8a5d9d87202b43d709cb328cedaf18c446af448f705c33d553e8c2e9f7,5170ec511fb50cdf10d648416d508574d70e9781ddf156a1b2a86d2b385e94dc,100,1729,maximum_nontransitivity_disagreement_gain,2000.0,3000.0
kata1-b6c96-s16525312-d2925067,48,2111.327974427741,2005.4066179264694,2217.249330929013,2246.7033645254683,-135.37539009772718,2,a5803f8a5d9d87202b43d709cb328cedaf18c446af448f705c33d553e8c2e9f7,5170ec511fb50cdf10d648416d508574d70e9781ddf156a1b2a86d2b385e94dc,100,1729,maximum_nontransitivity_disagreement_gain,2000.0,3000.0
kata1-b6c96-s16525312-d2925067,50,2110.125645081603,2006.3790950892762,2213.87219507393,2246.7033645254683,-136.57771944386513,2,a5803f8a5d9d87202b43d709cb328cedaf18c446af448f705c33d553e8c2e9f7,5170ec511fb50cdf10d648416d508574d70e9781ddf156a1b2a86d2b385e94dc,100,1729,maximum_nontransitivity_disagreement_gain,2000.0,3000.0
kata1-b6c96-s16525312-d2925067,52,2123.583166333111,2021.626961700024,2225.539370966198,2246.7033645254683,-123.1201981923573,2,a5803f8a5d9d87202b43d709cb328cedaf18c446af448f705c33d553e8c2e9f7,5170ec511fb50cdf10d648416d508574d70e9781ddf156a1b2a86d2b385e94dc,100,1729,maximum_nontransitivity_disagreement_gain,2000.0,3000.0
kata1-b6c96-s16525312-d2925067,54,2121.9821039415865,2021.9564643669557,2222.0077435162175,2246.7033645254683,-124.72126058388176,2,a5803f8a5d9d87202b43d709cb328cedaf18c446af448f705c33d553e8c2e9f7,5170ec511fb50cdf10d648416d508574d70e9781ddf156a1b2a86d2b385e94dc,100,1729,maximum_nontransitivity_disagreement_gain,2000.0,3000.0
kata1-b6c96-s16525312-d2925067,56,2120.503420368645,2022.2914385501724,2218.7154021871174,2246.7033645254683,-126.19994415682322,2,a5803f8a5d9d87202b43d709cb328cedaf18c446af448f705c33d553e8c2e9f7,5170ec511fb50cdf10d648416d508574d70e9781ddf156a1b2a86d2b385e94dc,100,1729,maximum_nontransitivity_disagreement_gain,2000.0,3000.0
kata1-b6c96-s16525312-d2925067,58,2132.138176977094,2035.3384934329927,2228.937860521196,2246.7033645254683,-114.56518754837407,2,a5803f8a5d9d87202b43d709cb328cedaf18c446af448f705c33d553e8c2e9f7,5170ec511fb50cdf10d648416d508574d70e9781ddf156a1b2a86d2b385e94dc,100,1729,maximum_nontransitivity_disagreement_gain,2000.0,3000.0
kata1-b6c96-s16525312-d2925067,60,2130.3950729834287,2035.2325956292134,2225.557550337644,2246.7033645254683,-116.30829154203957,2,a5803f8a5d9d87202b43d709cb328cedaf18c446af448f705c33d553e8c2e9f7,5170ec511fb50cdf10d648416d508574d70e9781ddf156a1b2a86d2b385e94dc,100,1729,maximum_nontransitivity_disagreement_gain,2000.0,3000.0
kata1-b6c96-s16525312-d2925067,62,2140.95078419852,2046.9906310284923,2234.910937368548,2246.7033645254683,-105.75258032694819,2,a5803f8a5d9d87202b43d709cb328cedaf18c446af448f705c33d553e8c2e9f7,5170ec511fb50cdf10d648416d508574d70e9781ddf156a1b2a86d2b385e94dc,100,1729,maximum_nontransitivity_disagreement_gain,2000.0,3000.0
kata1-b6c96-s16525312-d2925067,64,2150.882726450806,2058.0066473136635,2243.7588055879482,2246.7033645254683,-95.82063807466238,2,a5803f8a5d9d87202b43d709cb328cedaf18c446af448f705c33d553e8c2e9f7,5170ec511fb50cdf10d648416d508574d70e9781ddf156a1b2a86d2b385e94dc,100,1729,maximum_nontransitivity_disagreement_gain,2000.0,3000.0
kata1-b6c96-s16525312-d2925067,66,2148.702775290864,2057.271950323089,2240.1336002586386,2246.7033645254683,-98.00058923460438,2,a5803f8a5d9d87202b43d709cb328cedaf18c446af448f705c33d553e8c2e9f7,5170ec511fb50cdf10d648416d508574d70e9781ddf156a1b2a86d2b385e94dc,100,1729,maximum_nontransitivity_disagreement_gain,2000.0,3000.0
kata1-b6c96-s16525312-d2925067,68,2146.6621408862875,2056.6013104212434,2236.7229713513316,2246.7033645254683,-100.04122363918077,2,a5803f8a5d9d87202b43d709cb328cedaf18c446af448f705c33d553e8c2e9f7,5170ec511fb50cdf10d648416d508574d70e9781ddf156a1b2a86d2b385e94dc,100,1729,maximum_nontransitivity_disagreement_gain,2000.0,3000.0
kata1-b6c96-s16525312-d2925067,70,2155.5672230344667,2066.4127800335364,2244.721666035397,2246.7033645254683,-91.13614149100158,2,a5803f8a5d9d87202b43d709cb328cedaf18c446af448f705c33d553e8c2e9f7,5170ec511fb50cdf10d648416d508574d70e9781ddf156a1b2a86d2b385e94dc,100,1729,maximum_nontransitivity_disagreement_gain,2000.0,3000.0
kata1-b6c96-s16525312-d2925067,72,2153.434028991939,2065.546014045514,2241.3220439383645,2246.7033645254683,-93.2693355335291,2,a5803f8a5d9d87202b43d709cb328cedaf18c446af448f705c33d553e8c2e9f7,5170ec511fb50cdf10d648416d508574d70e9781ddf156a1b2a86d2b385e94dc,100,1729,maximum_nontransitivity_disagreement_gain,2000.0,3000.0
kata1-b6c96-s16525312-d2925067,74,2151.426116865972,2064.743237414501,2238.1089963174427,2246.7033645254683,-95.27724765949642,2,a5803f8a5d9d87202b43d709cb328cedaf18c446af448f705c33d553e8c2e9f7,5170ec511fb50cdf10d648416d508574d70e9781ddf156a1b2a86d2b385e94dc,100,1729,maximum_nontransitivity_disagreement_gain,2000.0,3000.0
kata1-b6c96-s16525312-d2925067,76,2149.532750527899,2063.99848960672,2235.0670114490786,2246.7033645254683,-97.17061399756903,2,a5803f8a5d9d87202b43d709cb328cedaf18c446af448f705c33d553e8c2e9f7,5170ec511fb50cdf10d648416d508574d70e9781ddf156a1b2a86d2b385e94dc,100,1729,maximum_nontransitivity_disagreement_gain,2000.0,3000.0
kata1-b6c96-s16525312-d2925067,78,2157.423962516961,2072.634356283246,2242.2135687506766,2246.7033645254683,-89.27940200850708,2,a5803f8a5d9d87202b43d709cb328cedaf18c446af448f705c33d553e8c2e9f7,5170ec511fb50cdf10d648416d508574d70e9781ddf156a1b2a86d2b385e94dc,100,1729,maximum_nontransitivity_disagreement_gain,2000.0,3000.0
kata1-b6c96-s16525312-d2925067,80,2146.0302103174117,2062.6409734668023,2229.419447168021,2246.7033645254683,-100.67315420805653,2,a5803f8a5d9d87202b43d709cb328cedaf18c446af448f705c33d553e8c2e9f7,5170ec511fb50cdf10d648416d508574d70e9781ddf156a1b2a86d2b385e94dc,100,1729,maximum_nontransitivity_disagreement_gain,2000.0,3000.0
kata1-b6c96-s16525312-d2925067,82,2153.583627237898,2070.8900819083815,2236.2771725674143,2246.7033645254683,-93.11973728757039,2,a5803f8a5d9d87202b43d709cb328cedaf18c446af448f705c33d553e8c2e9f7,5170ec511fb50cdf10d648416d508574d70e9781ddf156a1b2a86d2b385e94dc,100,1729,maximum_nontransitivity_disagreement_gain,2000.0,3000.0
kata1-b6c96-s16525312-d2925067,84,2142.8840609101553,2061.459559485899,2224.308562334412,2246.7033645254683,-103.81930361531295,2,a5803f8a5d9d87202b43d709cb328cedaf18c446af448f705c33d553e8c2e9f7,5170ec511fb50cdf10d648416d508574d70e9781ddf156a1b2a86d2b385e94dc,100,1729,maximum_nontransitivity_disagreement_gain,2000.0,3000.0
kata1-b6c96-s16525312-d2925067,86,2132.7883737285097,2052.5137277813888,2213.0630196756306,2246.7033645254683,-113.91499079695859,2,a5803f8a5d9d87202b43d709cb328cedaf18c446af448f705c33d553e8c2e9f7,5170ec511fb50cdf10d648416d508574d70e9781ddf156a1b2a86d2b385e94dc,100,1729,maximum_nontransitivity_disagreement_gain,2000.0,3000.0
kata1-b6c96-s16525312-d2925067,88,2140.0422697065133,2060.4259673238475,2219.658572089179,2246.7033645254683,-106.66109481895501,2,a5803f8a5d9d87202b43d709cb328cedaf18c446af448f705c33d553e8c2e9f7,5170ec511fb50cdf10d648416d508574d70e9781ddf156a1b2a86d2b385e94dc,100,1729,maximum_nontransitivity_disagreement_gain,2000.0,3000.0
kata1-b6c96-s16525312-d2925067,90,2138.7331087363914,2059.9681130240983,2217.4981044486844,2246.7033645254683,-107.97025578907687,2,a5803f8a5d9d87202b43d709cb328cedaf18c446af448f705c33d553e8c2e9f7,5170ec511fb50cdf10d648416d508574d70e9781ddf156a1b2a86d2b385e94dc,100,1729,maximum_nontransitivity_disagreement_gain,2000.0,3000.0
kata1-b6c96-s16525312-d2925067,92,2141.5131556858987,2063.4592291575054,2219.567082214292,2246.7033645254683,-105.19020883956955,2,a5803f8a5d9d87202b43d709cb328cedaf18c446af448f705c33d553e8c2e9f7,5170ec511fb50cdf10d648416d508574d70e9781ddf156a1b2a86d2b385e94dc,100,1729,maximum_nontransitivity_disagreement_gain,2000.0,3000.0
kata1-b6c96-s16525312-d2925067,94,2148.137190257442,2070.648524487628,2225.625856027256,2246.7033645254683,-98.56617426802632,2,a5803f8a5d9d87202b43d709cb328cedaf18c446af448f705c33d553e8c2e9f7,5170ec511fb50cdf10d648416d508574d70e9781ddf156a1b2a86d2b385e94dc,100,1729,maximum_nontransitivity_disagreement_gain,2000.0,3000.0
kata1-b6c96-s16525312-d2925067,96,2154.512238430944,2077.5522776421344,2231.4721992197533,2246.7033645254683,-92.1911260945244,2,a5803f8a5d9d87202b43d709cb328cedaf18c446af448f705c33d553e8c2e9f7,5170ec511fb50cdf10d648416d508574d70e9781ddf156a1b2a86d2b385e94dc,100,1729,maximum_nontransitivity_disagreement_gain,2000.0,3000.0
kata1-b6c96-s16525312-d2925067,98,2152.9918486920087,2076.796472259434,2229.1872251245836,2246.7033645254683,-93.71151583345954,2,a5803f8a5d9d87202b43d709cb328cedaf18c446af448f705c33d553e8c2e9f7,5170ec511fb50cdf10d648416d508574d70e9781ddf156a1b2a86d2b385e94dc,100,1729,maximum_nontransitivity_disagreement_gain,2000.0,3000.0
kata1-b6c96-s16525312-d2925067,100,2159.030547844541,2083.3177862218377,2234.7433094672447,2246.7033645254683,-87.6728166809271,2,a5803f8a5d9d87202b43d709cb328cedaf18c446af448f705c33d553e8c2e9f7,5170ec511fb50cdf10d648416d508574d70e9781ddf156a1b2a86d2b385e94dc,100,1729,maximum_nontransitivity_disagreement_gain,2000.0,3000.0
kata1-b6c96-s17434112-d3038653,2,2847.589278018737,414.02881099093156,5281.149745046542,2312.3963974188023,535.1928805999346,2,a5803f8a5d9d87202b43d709cb328cedaf18c446af448f705c33d553e8c2e9f7,5170ec511fb50cdf10d648416d508574d70e9781ddf156a1b2a86d2b385e94dc,100,1729,maximum_nontransitivity_disagreement_gain,2000.0,3000.0
kata1-b6c96-s17434112-d3038653,4,2837.749278678562,2364.649958940314,3310.84859841681,2312.3963974188023,525.3528812597597,2,a5803f8a5d9d87202b43d709cb328cedaf18c446af448f705c33d553e8c2e9f7,5170ec511fb50cdf10d648416d508574d70e9781ddf156a1b2a86d2b385e94dc,100,1729,maximum_nontransitivity_disagreement_gain,2000.0,3000.0
kata1-b6c96-s17434112-d3038653,6,2654.585335714126,2276.952948403996,3032.217723024256,2312.3963974188023,342.1889382953236,2,a5803f8a5d9d87202b43d709cb328cedaf18c446af448f705c33d553e8c2e9f7,5170ec511fb50cdf10d648416d508574d70e9781ddf156a1b2a86d2b385e94dc,100,1729,maximum_nontransitivity_disagreement_gain,2000.0,3000.0
kata1-b6c96-s17434112-d3038653,8,2495.71845637199,2149.0523396884387,2842.3845730555418,2312.3963974188023,183.32205895318793,2,a5803f8a5d9d87202b43d709cb328cedaf18c446af448f705c33d553e8c2e9f7,5170ec511fb50cdf10d648416d508574d70e9781ddf156a1b2a86d2b385e94dc,100,1729,maximum_nontransitivity_disagreement_gain,2000.0,3000.0
kata1-b6c96-s17434112-d3038653,10,2457.7590797415523,2127.6162878381715,2787.901871644933,2312.3963974188023,145.36268232275006,2,a5803f8a5d9d87202b43d709cb328cedaf18c446af448f705c33d553e8c2e9f7,5170ec511fb50cdf10d648416d508574d70e9781ddf156a1b2a86d2b385e94dc,100,1729,maximum_nontransitivity_disagreement_gain,2000.0,3000.0
kata1-b6c96-s17434112-d3038653,12,2388.823652105095,2077.7124855356897,2699.9348186745,2312.3963974188023,76.4272546862926,2,a5803f8a5d9d87202b43d709cb328cedaf18c446af448f705c33d553e8c2e9f7,5170ec511fb50cdf10d648416d508574d70e9781ddf156a1b2a86d2b385e94dc,100,1729,maximum_nontransitivity_disagreement_gain,2000.0,3000.0
kata1-b6c96-s17434112-d3038653,14,2341.3052658931324,2044.3751934348684,2638.2353383513964,2312.3963974188023,28.90886847433012,2,a5803f8a5d9d87202b43d709cb328cedaf18c446af448f705c33d553e8c2e9f7,5170ec511fb50cdf10d648416d508574d70e9781ddf156a1b2a86d2b385e94dc,100,1729,maximum_nontransitivity_disagreement_gain,2000.0,3000.0
kata1-b6c96-s17434112-d3038653,16,2247.997570385034,1966.207709002159,2529.7874317679093,2312.3963974188023,-64.39882703376816,2,a5803f8a5d9d87202b43d709cb328cedaf18c446af448f705c33d553e8c2e9f7,5170ec511fb50cdf10d648416d508574d70e9781ddf156a1b2a86d2b385e94dc,100,1729,maximum_nontransitivity_disagreement_gain,2000.0,3000.0
kata1-b6c96-s17434112-d3038653,18,2329.841639542712,2100.680516642066,2559.0027624433583,2312.3963974188023,17.445242123909793,2,a5803f8a5d9d87202b43d709cb328cedaf18c446af448f705c33d553e8c2e9f7,5170ec511fb50cdf10d648416d508574d70e9781ddf156a1b2a86d2b385e94dc,100,1729,maximum_nontransitivity_disagreement_gain,2000.0,3000.0
kata1-b6c96-s17434112-d3038653,20,2370.4548037816476,2167.721409990102,2573.188197573193,2312.3963974188023,58.05840636284529,2,a5803f8a5d9d87202b43d709cb328cedaf18c446af448f705c33d553e8c2e9f7,5170ec511fb50cdf10d648416d508574d70e9781ddf156a1b2a86d2b385e94dc,100,1729,maximum_nontransitivity_disagreement_gain,2000.0,3000.0
kata1-b6c96-s17434112-d3038653,22,2350.6098283955935,2154.453465989482,2546.766190801705,2312.3963974188023,38.21343097679119,2,a5803f8a5d9d87202b43d709cb328cedaf18c446af448f705c33d553e8c2e9f7,5170ec511fb50cdf10d648416d508574d70e9781ddf156a1b2a86d2b385e94dc,100,1729,maximum_nontransitivity_disagreement_gain,2000.0,3000.0
kata1-b6c96-s17434112-d3038653,24,2384.7333217333157,2201.635015093632,2567.8316283729996,2312.3963974188023,72.33692431451345,2,a5803f8a5d9d87202b43d709cb328cedaf18c446af448f705c33d553e8c2e9f7,5170ec511fb50cdf10d648416d508574d70e9781ddf156a1b2a86d2b385e94dc,100,1729,maximum_nontransitivity_disagreement_gain,2000.0,3000.0
kata1-b6c96-s17434112-d3038653,26,2362.7450185907287,2188.3848807575387,2537.1051564239187,2312.3963974188023,50.348621171926425,2,a5803f8a5d9d87202b43d709cb328cedaf18c446af448f705c33d553e8c2e9f7,5170ec511fb50cdf10d648416d508574d70e9781ddf156a1b2a86d2b385e94dc,100,1729,maximum_nontransitivity_disagreement_gain,2000.0,3000.0
kata1-b6c96-s17434112-d3038653,28,2365.1365602276915,2200.878302311876,2529.394818143507,2312.3963974188023,52.74016280888918,2,a5803f8a5d9d87202b43d709cb328cedaf18c446af448f705c33d553e8c2e9f7,5170ec511fb50cdf10d648416d508574d70e9781ddf156a1b2a86d2b385e94dc,100,1729,maximum_nontransitivity_disagreement_gain,2000.0,3000.0
kata1-b6c96-s17434112-d3038653,30,2330.919071513989,2171.3193088166167,2490.518834211361,2312.3963974188023,18.52267409518663,2,a5803f8a5d9d87202b43d709cb328cedaf18c446af448f705c33d553e8c2e9f7,5170ec511fb50cdf10d648416d508574d70e9781ddf156a1b2a86d2b385e94dc,100,1729,maximum_nontransitivity_disagreement_gain,2000.0,3000.0
kata1-b6c96-s17434112-d3038653,32,2301.776636084516,2146.2204523280066,2457.332819841026,2312.3963974188023,-10.619761334286068,2,a5803f8a5d9d87202b43d709cb328cedaf18c446af448f705c33d553e8c2e9f7,5170ec511fb50cdf10d648416d508574d70e9781ddf156a1b2a86d2b385e94dc,100,1729,maximum_nontransitivity_disagreement_gain,2000.0,3000.0
kata1-b6c96-s17434112-d3038653,34,2309.1536715496586,2161.13309680704,2457.174246292277,2312.3963974188023,-3.242725869143669,2,a5803f8a5d9d87202b43d709cb328cedaf18c446af448f705c33d553e8c2e9f7,5170ec511fb50cdf10d648416d508574d70e9781ddf156a1b2a86d2b385e94dc,100,1729,maximum_nontransitivity_disagreement_gain,2000.0,3000.0
kata1-b6c96-s17434112-d3038653,36,2315.2835443606537,2173.702857510678,2456.8642312106294,2312.3963974188023,2.8871469418513698,2,a5803f8a5d9d87202b43d709cb328cedaf18c446af448f705c33d553e8c2e9f7,5170ec511fb50cdf10d648416d508574d70e9781ddf156a1b2a86d2b385e94dc,100,1729,maximum_nontransitivity_disagreement_gain,2000.0,3000.0
kata1-b6c96-s17434112-d3038653,38,2293.3590150388554,2154.593499574732,2432.124530502979,2312.3963974188023,-19.03738237994685,2,a5803f8a5d9d87202b43d709cb328cedaf18c446af448f705c33d553e8c2e9f7,5170ec511fb50cdf10d648416d508574d70e9781ddf156a1b2a86d2b385e94dc,100,1729,maximum_nontransitivity_disagreement_gain,2000.0,3000.0
kata1-b6c96-s17434112-d3038653,40,2315.2766586316834,2183.3886518521367,2447.16466541123,2312.3963974188023,2.8802612128811234,2,a5803f8a5d9d87202b43d709cb328cedaf18c446af448f705c33d553e8c2e9f7,5170ec511fb50cdf10d648416d508574d70e9781ddf156a1b2a86d2b385e94dc,100,1729,maximum_nontransitivity_disagreement_gain,2000.0,3000.0
kata1-b6c96-s17434112-d3038653,42,2319.8267575914256,2192.3911407823657,2447.2623744004854,2312.3963974188023,7.4303601726232955,2,a5803f8a5d9d87202b43d709cb328cedaf18c446af448f705c33d553e8c2e9f7,5170ec511fb50cdf10d648416d508574d70e9781ddf156a1b2a86d2b385e94dc,100,1729,maximum_nontransitivity_disagreement_gain,2000.0,3000.0
kata1-b6c96-s17434112-d3038653,44,2345.221886202956,2223.111755164083,2467.3320172418285,2312.3963974188023,32.82548878415355,2,a5803f8a5d9d87202b43d709cb328cedaf18c446af448f705c33d553e8c2e9f7,5170ec511fb50cdf10d648416d508574d70e9781ddf156a1b2a86d2b385e94dc,100,1729,maximum_nontransitivity_disagreement_gain,2000.0,3000.0
kata1-b6c96-s17434112-d3038653,46,2347.438000203678,2228.7537586399076,2466.122241767448,2312.3963974188023,35.04160278487552,2,a5803f8a5d9d87202b43d709cb328cedaf18c446af448f705c33d553e8c2e9f7,5170ec511fb50cdf10d648416d508574d70e9781ddf156a1b2a86d2b385e94dc,100,1729,maximum_nontransitivity_disagreement_gain,2000.0,3000.0
kata1-b6c96-s17434112-d3038653,48,2351.4997945648997,2235.8579365498053,2467.141652579994,2312.3963974188023,39.10339714609745,2,a5803f8a5d9d87202b43d709cb328cedaf18c446af448f705c33d553e8c2e9f7,5170ec511fb50cdf10d648416d508574d70e9781ddf156a1b2a86d2b385e94dc,100,1729,maximum_nontransitivity_disagreement_gain,2000.0,3000.0
kata1-b6c96-s17434112-d3038653,50,2355.153321847874,2242.259354795887,2468.047288899861,2312.3963974188023,42.75692442907166,2,a5803f8a5d9d87202b43d709cb328cedaf18c446af448f705c33d553e8c2e9f7,5170ec511fb50cdf10d648416d508574d70e9781ddf156a1b2a86d2b385e94dc,100,1729,maximum_nontransitivity_disagreement_gain,2000.0,3000.0
kata1-b6c96-s17434112-d3038653,52,2349.8082877608776,2239.1973143638033,2460.419261157952,2312.3963974188023,37.41189034207537,2,a5803f8a5d9d87202b43d709cb328cedaf18c446af448f705c33d553e8c2e9f7,5170ec511fb50cdf10d648416d508574d70e9781ddf156a1b2a86d2b385e94dc,100,1729,maximum_nontransitivity_disagreement_gain,2000.0,3000.0
kata1-b6c96-s17434112-d3038653,54,2351.413125816981,2243.2807730047352,2459.5454786292266,2312.3963974188023,39.01672839817866,2,a5803f8a5d9d87202b43d709cb328cedaf18c446af448f705c33d553e8c2e9f7,5170ec511fb50cdf10d648416d508574d70e9781ddf156a1b2a86d2b385e94dc,100,1729,maximum_nontransitivity_disagreement_gain,2000.0,3000.0
kata1-b6c96-s17434112-d3038653,56,2346.6741664717647,2240.5628024871303,2452.785530456399,2312.3963974188023,34.27776905296241,2,a5803f8a5d9d87202b43d709cb328cedaf18c446af448f705c33d553e8c2e9f7,5170ec511fb50cdf10d648416d508574d70e9781ddf156a1b2a86d2b385e94dc,100,1729,maximum_nontransitivity_disagreement_gain,2000.0,3000.0
kata1-b6c96-s17434112-d3038653,58,2333.1713105102062,2228.8141881297042,2437.5284328907082,2312.3963974188023,20.77491309140396,2,a5803f8a5d9d87202b43d709cb328cedaf18c446af448f705c33d553e8c2e9f7,5170ec511fb50cdf10d648416d508574d70e9781ddf156a1b2a86d2b385e94dc,100,1729,maximum_nontransitivity_disagreement_gain,2000.0,3000.0
kata1-b6c96-s17434112-d3038653,60,2335.294019847541,2232.9976190776283,2437.590420617454,2312.3963974188023,22.89762242873894,2,a5803f8a5d9d87202b43d709cb328cedaf18c446af448f705c33d553e8c2e9f7,5170ec511fb50cdf10d648416d508574d70e9781ddf156a1b2a86d2b385e94dc,100,1729,maximum_nontransitivity_disagreement_gain,2000.0,3000.0
kata1-b6c96-s17434112-d3038653,62,2323.2233953158743,2222.4031195455527,2424.043671086196,2312.3963974188023,10.826997897072033,2,a5803f8a5d9d87202b43d709cb328cedaf18c446af448f705c33d553e8c2e9f7,5170ec511fb50cdf10d648416d508574d70e9781ddf156a1b2a86d2b385e94dc,100,1729,maximum_nontransitivity_disagreement_gain,2000.0,3000.0
kata1-b6c96-s17434112-d3038653,64,2311.964239725793,2212.471836004673,2411.456643446913,2312.3963974188023,-0.43215769300923057,2,a5803f8a5d9d87202b43d709cb328cedaf18c446af448f705c33d553e8c2e9f7,5170ec511fb50cdf10d648416d508574d70e9781ddf156a1b2a86d2b385e94dc,100,1729,maximum_nontransitivity_disagreement_gain,2000.0,3000.0
kata1-b6c96-s17434112-d3038653,66,2295.9498913721723,2197.5143974795606,2394.385385264784,2312.3963974188023,-16.44650604663002,2,a5803f8a5d9d87202b43d709cb328cedaf18c446af448f705c33d553e8c2e9f7,5170ec511fb50cdf10d648416d508574d70e9781ddf156a1b2a86d2b385e94dc,100,1729,maximum_nontransitivity_disagreement_gain,2000.0,3000.0
kata1-b6c96-s17434112-d3038653,68,2294.016842614597,2197.181722857943,2390.851962371251,2312.3963974188023,-18.379554804205327,2,a5803f8a5d9d87202b43d709cb328cedaf18c446af448f705c33d553e8c2e9f7,5170ec511fb50cdf10d648416d508574d70e9781ddf156a1b2a86d2b385e94dc,100,1729,maximum_nontransitivity_disagreement_gain,2000.0,3000.0
kata1-b6c96-s17434112-d3038653,70,2292.217994394737,2196.907135228591,2387.5288535608834,2312.3963974188023,-20.17840302406512,2,a5803f8a5d9d87202b43d709cb328cedaf18c446af448f705c33d553e8c2e9f7,5170ec511fb50cdf10d648416d508574d70e9781ddf156a1b2a86d2b385e94dc,100,1729,maximum_nontransitivity_disagreement_gain,2000.0,3000.0
kata1-b6c96-s17434112-d3038653,72,2290.5588820250578,2196.7006452404203,2384.4171188096952,2312.3963974188023,-21.837515393744525,2,a5803f8a5d9d87202b43d709cb328cedaf18c446af448f705c33d553e8c2e9f7,5170ec511fb50cdf10d648416d508574d70e9781ddf156a1b2a86d2b385e94dc,100,1729,maximum_nontransitivity_disagreement_gain,2000.0,3000.0
kata1-b6c96-s17434112-d3038653,74,2288.9907112306646,2196.5189734967603,2381.462448964569,2312.3963974188023,-23.40568618813768,2,a5803f8a5d9d87202b43d709cb328cedaf18c446af448f705c33d553e8c2e9f7,5170ec511fb50cdf10d648416d508574d70e9781ddf156a1b2a86d2b385e94dc,100,1729,maximum_nontransitivity_disagreement_gain,2000.0,3000.0
kata1-b6c96-s17434112-d3038653,76,2298.907246014754,2208.1105923673094,2389.7038996621986,2312.3963974188023,-13.489151404048243,2,a5803f8a5d9d87202b43d709cb328cedaf18c446af448f705c33d553e8c2e9f7,5170ec511fb50cdf10d648416d508574d70e9781ddf156a1b2a86d2b385e94dc,100,1729,maximum_nontransitivity_disagreement_gain,2000.0,3000.0
kata1-b6c96-s17434112-d3038653,78,2290.578966005099,2200.741773035476,2380.4161589747223,2312.3963974188023,-21.81743141370316,2,a5803f8a5d9d87202b43d709cb328cedaf18c446af448f705c33d553e8c2e9f7,5170ec511fb50cdf10d648416d508574d70e9781ddf156a1b2a86d2b385e94dc,100,1729,maximum_nontransitivity_disagreement_gain,2000.0,3000.0
kata1-b6c96-s17434112-d3038653,80,2299.8567837789155,2211.522925809817,2388.190641748014,2312.3963974188023,-12.539613639886738,2,a5803f8a5d9d87202b43d709cb328cedaf18c446af448f705c33d553e8c2e9f7,5170ec511fb50cdf10d648416d508574d70e9781ddf156a1b2a86d2b385e94dc,100,1729,maximum_nontransitivity_disagreement_gain,2000.0,3000.0
kata1-b6c96-s17434112-d3038653,82,2302.2904558946243,2215.138347606938,2389.4425641823104,2312.3963974188023,-10.105941524177979,2,a5803f8a5d9d87202b43d709cb328cedaf18c446af448f705c33d553e8c2e9f7,5170ec511fb50cdf10d648416d508574d70e9781ddf156a1b2a86d2b385e94dc,100,1729,maximum_nontransitivity_disagreement_gain,2000.0,3000.0
kata1-b6c96-s17434112-d3038653,84,2304.5864445362163,2218.563250409836,2390.6096386625964,2312.3963974188023,-7.809952882586003,2,a5803f8a5d9d87202b43d709cb328cedaf18c446af448f705c33d553e8c2e9f7,5170ec511fb50cdf10d648416d508574d70e9781ddf156a1b2a86d2b385e94dc,100,1729,maximum_nontransitivity_disagreement_gain,2000.0,3000.0
kata1-b6c96-s17434112-d3038653,86,2297.037136287406,2211.833743757515,2382.240528817297,2312.3963974188023,-15.359261131396124,2,a5803f8a5d9d87202b43d709cb328cedaf18c446af448f705c33d553e8c2e9f7,5170ec511fb50cdf10d648416d508574d70e9781ddf156a1b2a86d2b385e94dc,100,1729,maximum_nontransitivity_disagreement_gain,2000.0,3000.0
kata1-b6c96-s17434112-d3038653,88,2295.592826514549,2211.3900649462776,2379.7955880828204,2312.3963974188023,-16.80357090425332,2,a5803f8a5d9d87202b43d709cb328cedaf18c446af448f705c33d553e8c2e9f7,5170ec511fb50cdf10d648416d508574d70e9781ddf156a1b2a86d2b385e94dc,100,1729,maximum_nontransitivity_disagreement_gain,2000.0,3000.0
kata1-b6c96-s17434112-d3038653,90,2294.2056969902383,2210.967224911155,2377.4441690693216,2312.3963974188023,-18.190700428564014,2,a5803f8a5d9d87202b43d709cb328cedaf18c446af448f705c33d553e8c2e9f7,5170ec511fb50cdf10d648416d508574d70e9781ddf156a1b2a86d2b385e94dc,100,1729,maximum_nontransitivity_disagreement_gain,2000.0,3000.0
kata1-b6c96-s17434112-d3038653,92,2292.907430976297,2210.597975089104,2375.21688686349,2312.3963974188023,-19.488966442505443,2,a5803f8a5d9d87202b43d709cb328cedaf18c446af448f705c33d553e8c2e9f7,5170ec511fb50cdf10d648416d508574d70e9781ddf156a1b2a86d2b385e94dc,100,1729,maximum_nontransitivity_disagreement_gain,2000.0,3000.0
kata1-b6c96-s17434112-d3038653,94,2296.1023510923487,2214.786601013527,2377.4181011711703,2312.3963974188023,-16.294046326453554,2,a5803f8a5d9d87202b43d709cb328cedaf18c446af448f705c33d553e8c2e9f7,5170ec511fb50cdf10d648416d508574d70e9781ddf156a1b2a86d2b385e94dc,100,1729,maximum_nontransitivity_disagreement_gain,2000.0,3000.0
kata1-b6c96-s17434112-d3038653,96,2306.800376035351,2226.540187500405,2387.0605645702967,2312.3963974188023,-5.596021383451443,2,a5803f8a5d9d87202b43d709cb328cedaf18c446af448f705c33d553e8c2e9f7,5170ec511fb50cdf10d648416d508574d70e9781ddf156a1b2a86d2b385e94dc,100,1729,maximum_nontransitivity_disagreement_gain,2000.0,3000.0
kata1-b6c96-s17434112-d3038653,98,2304.441339759208,2224.948971488333,2383.933708030083,2312.3963974188023,-7.955057659594331,2,a5803f8a5d9d87202b43d709cb328cedaf18c446af448f705c33d553e8c2e9f7,5170ec511fb50cdf10d648416d508574d70e9781ddf156a1b2a86d2b385e94dc,100,1729,maximum_nontransitivity_disagreement_gain,2000.0,3000.0
kata1-b6c96-s17434112-d3038653,100,2314.4232115929462,2235.886400400266,2392.9600227856263,2312.3963974188023,2.026814174143965,2,a5803f8a5d9d87202b43d709cb328cedaf18c446af448f705c33d553e8c2e9f7,5170ec511fb50cdf10d648416d508574d70e9781ddf156a1b2a86d2b385e94dc,100,1729,maximum_nontransitivity_disagreement_gain,2000.0,3000.0
kata1-b6c96-s19408128-d3280178,2,2847.312576127993,413.4219148984598,5281.203237357526,2459.07069597184,388.241880156153,2,a5803f8a5d9d87202b43d709cb328cedaf18c446af448f705c33d553e8c2e9f7,5170ec511fb50cdf10d648416d508574d70e9781ddf156a1b2a86d2b385e94dc,100,1729,maximum_nontransitivity_disagreement_gain,2000.0,3000.0
kata1-b6c96-s19408128-d3280178,4,2677.697627374789,2160.212672988844,3195.182581760734,2459.07069597184,218.62693140294914,2,a5803f8a5d9d87202b43d709cb328cedaf18c446af448f705c33d553e8c2e9f7,5170ec511fb50cdf10d648416d508574d70e9781ddf156a1b2a86d2b385e94dc,100,1729,maximum_nontransitivity_disagreement_gain,2000.0,3000.0
kata1-b6c96-s19408128-d3280178,6,2466.074756063284,2041.7227614376866,2890.4267506888814,2459.07069597184,7.004060091443989,2,a5803f8a5d9d87202b43d709cb328cedaf18c446af448f705c33d553e8c2e9f7,5170ec511fb50cdf10d648416d508574d70e9781ddf156a1b2a86d2b385e94dc,100,1729,maximum_nontransitivity_disagreement_gain,2000.0,3000.0
kata1-b6c96-s19408128-d3280178,8,2422.954111535852,2025.9370606962361,2819.971162375468,2459.07069597184,-36.11658443598799,2,a5803f8a5d9d87202b43d709cb328cedaf18c446af448f705c33d553e8c2e9f7,5170ec511fb50cdf10d648416d508574d70e9781ddf156a1b2a86d2b385e94dc,100,1729,maximum_nontransitivity_disagreement_gain,2000.0,3000.0
kata1-b6c96-s19408128-d3280178,10,2357.427020726517,1992.0415154127998,2722.812526040235,2459.07069597184,-101.64367524532281,2,a5803f8a5d9d87202b43d709cb328cedaf18c446af448f705c33d553e8c2e9f7,5170ec511fb50cdf10d648416d508574d70e9781ddf156a1b2a86d2b385e94dc,100,1729,maximum_nontransitivity_disagreement_gain,2000.0,3000.0
kata1-b6c96-s19408128-d3280178,12,2313.8940147760723,1969.1968804722546,2658.59114907989,2459.07069597184,-145.17668119576774,2,a5803f8a5d9d87202b43d709cb328cedaf18c446af448f705c33d553e8c2e9f7,5170ec511fb50cdf10d648416d508574d70e9781ddf156a1b2a86d2b385e94dc,100,1729,maximum_nontransitivity_disagreement_gain,2000.0,3000.0
kata1-b6c96-s19408128-d3280178,14,2312.6622567454515,2031.0778344238465,2594.2466790670564,2459.07069597184,-146.4084392263885,2,a5803f8a5d9d87202b43d709cb328cedaf18c446af448f705c33d553e8c2e9f7,5170ec511fb50cdf10d648416d508574d70e9781ddf156a1b2a86d2b385e94dc,100,1729,maximum_nontransitivity_disagreement_gain,2000.0,3000.0
kata1-b6c96-s19408128-d3280178,16,2396.1635725914766,2162.9671726022048,2629.3599725807485,2459.07069597184,-62.90712338036337,2,a5803f8a5d9d87202b43d709cb328cedaf18c446af448f705c33d553e8c2e9f7,5170ec511fb50cdf10d648416d508574d70e9781ddf156a1b2a86d2b385e94dc,100,1729,maximum_nontransitivity_disagreement_gain,2000.0,3000.0
kata1-b6c96-s19408128-d3280178,18,2373.3093961569743,2149.55509353629,2597.063698777659,2459.07069597184,-85.76129981486565,2,a5803f8a5d9d87202b43d709cb328cedaf18c446af448f705c33d553e8c2e9f7,5170ec511fb50cdf10d648416d508574d70e9781ddf156a1b2a86d2b385e94dc,100,1729,maximum_nontransitivity_disagreement_gain,2000.0,3000.0
kata1-b6c96-s19408128-d3280178,20,2449.987506302326,2249.1014773794095,2650.8735352252424,2459.07069597184,-9.083189669514013,2,a5803f8a5d9d87202b43d709cb328cedaf18c446af448f705c33d553e8c2e9f7,5170ec511fb50cdf10d648416d508574d70e9781ddf156a1b2a86d2b385e94dc,100,1729,maximum_nontransitivity_disagreement_gain,2000.0,3000.0
kata1-b6c96-s19408128-d3280178,22,2427.939542721105,2233.4086806754663,2622.470404766744,2459.07069597184,-31.13115325073477,2,a5803f8a5d9d87202b43d709cb328cedaf18c446af448f705c33d553e8c2e9f7,5170ec511fb50cdf10d648416d508574d70e9781ddf156a1b2a86d2b385e94dc,100,1729,maximum_nontransitivity_disagreement_gain,2000.0,3000.0
kata1-b6c96-s19408128-d3280178,24,2434.678483096754,2249.7617600991316,2619.5952060943764,2459.07069597184,-24.39221287508599,2,a5803f8a5d9d87202b43d709cb328cedaf18c446af448f705c33d553e8c2e9f7,5170ec511fb50cdf10d648416d508574d70e9781ddf156a1b2a86d2b385e94dc,100,1729,maximum_nontransitivity_disagreement_gain,2000.0,3000.0
kata1-b6c96-s19408128-d3280178,26,2462.4598671008266,2289.69835359238,2635.221380609273,2459.07069597184,3.389171128986618,2,a5803f8a5d9d87202b43d709cb328cedaf18c446af448f705c33d553e8c2e9f7,5170ec511fb50cdf10d648416d508574d70e9781ddf156a1b2a86d2b385e94dc,100,1729,maximum_nontransitivity_disagreement_gain,2000.0,3000.0
kata1-b6c96-s19408128-d3280178,28,2484.7958812777883,2322.210250649305,2647.3815119062715,2459.07069597184,25.725185305948344,2,a5803f8a5d9d87202b43d709cb328cedaf18c446af448f705c33d553e8c2e9f7,5170ec511fb50cdf10d648416d508574d70e9781ddf156a1b2a86d2b385e94dc,100,1729,maximum_nontransitivity_disagreement_gain,2000.0,3000.0
kata1-b6c96-s19408128-d3280178,30,2449.5195029754364,2290.0823040816554,2608.9567018692173,2459.07069597184,-9.551192996403643,2,a5803f8a5d9d87202b43d709cb328cedaf18c446af448f705c33d553e8c2e9f7,5170ec511fb50cdf10d648416d508574d70e9781ddf156a1b2a86d2b385e94dc,100,1729,maximum_nontransitivity_disagreement_gain,2000.0,3000.0
kata1-b6c96-s19408128-d3280178,32,2453.4350514693197,2302.01463861545,2604.855464323189,2459.07069597184,-5.635644502520336,2,a5803f8a5d9d87202b43d709cb328cedaf18c446af448f705c33d553e8c2e9f7,5170ec511fb50cdf10d648416d508574d70e9781ddf156a1b2a86d2b385e94dc,100,1729,maximum_nontransitivity_disagreement_gain,2000.0,3000.0
kata1-b6c96-s19408128-d3280178,34,2425.6101903660915,2277.1268781036624,2574.0935026285206,2459.07069597184,-33.460505605748494,2,a5803f8a5d9d87202b43d709cb328cedaf18c446af448f705c33d553e8c2e9f7,5170ec511fb50cdf10d648416d508574d70e9781ddf156a1b2a86d2b385e94dc,100,1729,maximum_nontransitivity_disagreement_gain,2000.0,3000.0
kata1-b6c96-s19408128-d3280178,36,2401.165545802565,2255.408460505661,2546.9226310994686,2459.07069597184,-57.9051501692752,2,a5803f8a5d9d87202b43d709cb328cedaf18c446af448f705c33d553e8c2e9f7,5170ec511fb50cdf10d648416d508574d70e9781ddf156a1b2a86d2b385e94dc,100,1729,maximum_nontransitivity_disagreement_gain,2000.0,3000.0
kata1-b6c96-s19408128-d3280178,38,2408.2615425875715,2268.8442355001584,2547.6788496749846,2459.07069597184,-50.809153384268484,2,a5803f8a5d9d87202b43d709cb328cedaf18c446af448f705c33d553e8c2e9f7,5170ec511fb50cdf10d648416d508574d70e9781ddf156a1b2a86d2b385e94dc,100,1729,maximum_nontransitivity_disagreement_gain,2000.0,3000.0
kata1-b6c96-s19408128-d3280178,40,2414.2763439665373,2280.3430503486316,2548.209637584443,2459.07069597184,-44.7943520053027,2,a5803f8a5d9d87202b43d709cb328cedaf18c446af448f705c33d553e8c2e9f7,5170ec511fb50cdf10d648416d508574d70e9781ddf156a1b2a86d2b385e94dc,100,1729,maximum_nontransitivity_disagreement_gain,2000.0,3000.0
kata1-b6c96-s19408128-d3280178,42,2395.137785566249,2263.2658270683237,2527.0097440641744,2459.07069597184,-63.932910405590974,2,a5803f8a5d9d87202b43d709cb328cedaf18c446af448f705c33d553e8c2e9f7,5170ec511fb50cdf10d648416d508574d70e9781ddf156a1b2a86d2b385e94dc,100,1729,maximum_nontransitivity_disagreement_gain,2000.0,3000.0
kata1-b6c96-s19408128-d3280178,44,2389.7090358395,2261.150007388596,2518.268064290404,2459.07069597184,-69.36166013234015,2,a5803f8a5d9d87202b43d709cb328cedaf18c446af448f705c33d553e8c2e9f7,5170ec511fb50cdf10d648416d508574d70e9781ddf156a1b2a86d2b385e94dc,100,1729,maximum_nontransitivity_disagreement_gain,2000.0,3000.0
kata1-b6c96-s19408128-d3280178,46,2395.942043914938,2271.6944471102634,2520.1896407196127,2459.07069597184,-63.128652056901956,2,a5803f8a5d9d87202b43d709cb328cedaf18c446af448f705c33d553e8c2e9f7,5170ec511fb50cdf10d648416d508574d70e9781ddf156a1b2a86d2b385e94dc,100,1729,maximum_nontransitivity_disagreement_gain,2000.0,3000.0
kata1-b6c96-s19408128-d3280178,48,2421.5379807755553,2303.0643450162756,2540.011616534835,2459.07069597184,-37.5327151962847,2,a5803f8a5d9d87202b43d709cb328cedaf18c446af448f705c33d553e8c2e9f7,5170ec511fb50cdf10d648416d508574d70e9781ddf156a1b2a86d2b385e94dc,100,1729,maximum_nontransitivity_disagreement_gain,2000.0,3000.0
kata1-b6c96-s19408128-d3280178,50,2425.210657580842,2309.95738863615,2540.463926525534,2459.07069597184,-33.86003839099794,2,a5803f8a5d9d87202b43d709cb328cedaf18c446af448f705c33d553e8c2e9f7,5170ec511fb50cdf10d648416d508574d70e9781ddf156a1b2a86d2b385e94dc,100,1729,maximum_nontransitivity_disagreement_gain,2000.0,3000.0
kata1-b6c96-s19408128-d3280178,52,2410.61174228976,2296.797031379301,2524.426453200219,2459.07069597184,-48.45895368207994,2,a5803f8a5d9d87202b43d709cb328cedaf18c446af448f705c33d553e8c2e9f7,5170ec511fb50cdf10d648416d508574d70e9781ddf156a1b2a86d2b385e94dc,100,1729,maximum_nontransitivity_disagreement_gain,2000.0,3000.0
kata1-b6c96-s19408128-d3280178,54,2414.5016285834167,2303.5406211234717,2525.4626360433617,2459.07069597184,-44.569067388423264,2,a5803f8a5d9d87202b43d709cb328cedaf18c446af448f705c33d553e8c2e9f7,5170ec511fb50cdf10d648416d508574d70e9781ddf156a1b2a86d2b385e94dc,100,1729,maximum_nontransitivity_disagreement_gain,2000.0,3000.0
kata1-b6c96-s19408128-d3280178,56,2434.1355338878884,2326.977158432938,2541.293909342839,2459.07069597184,-24.93516208395158,2,a5803f8a5d9d87202b43d709cb328cedaf18c446af448f705c33d553e8c2e9f7,5170ec511fb50cdf10d648416d508574d70e9781ddf156a1b2a86d2b385e94dc,100,1729,maximum_nontransitivity_disagreement_gain,2000.0,3000.0
kata1-b6c96-s19408128-d3280178,58,2436.5741443752245,2331.703478793053,2541.444809957396,2459.07069597184,-22.496551596615518,2,a5803f8a5d9d87202b43d709cb328cedaf18c446af448f705c33d553e8c2e9f7,5170ec511fb50cdf10d648416d508574d70e9781ddf156a1b2a86d2b385e94dc,100,1729,maximum_nontransitivity_disagreement_gain,2000.0,3000.0
kata1-b6c96-s19408128-d3280178,60,2438.8188252435207,2336.0716357185165,2541.566014768525,2459.07069597184,-20.251870728319318,2,a5803f8a5d9d87202b43d709cb328cedaf18c446af448f705c33d553e8c2e9f7,5170ec511fb50cdf10d648416d508574d70e9781ddf156a1b2a86d2b385e94dc,100,1729,maximum_nontransitivity_disagreement_gain,2000.0,3000.0
kata1-b6c96-s19408128-d3280178,62,2440.866909386191,2340.0984183415203,2541.6354004308614,2459.07069597184,-18.20378658564914,2,a5803f8a5d9d87202b43d709cb328cedaf18c446af448f705c33d553e8c2e9f7,5170ec511fb50cdf10d648416d508574d70e9781ddf156a1b2a86d2b385e94dc,100,1729,maximum_nontransitivity_disagreement_gain,2000.0,3000.0
kata1-b6c96-s19408128-d3280178,64,2442.754361590679,2343.8353371382746,2541.673386043083,2459.07069597184,-16.31633438116114,2,a5803f8a5d9d87202b43d709cb328cedaf18c446af448f705c33d553e8c2e9f7,5170ec511fb50cdf10d648416d508574d70e9781ddf156a1b2a86d2b385e94dc,100,1729,maximum_nontransitivity_disagreement_gain,2000.0,3000.0
kata1-b6c96-s19408128-d3280178,66,2457.2534636457867,2360.68953952167,2553.8173877699032,2459.07069597184,-1.8172323260532721,2,a5803f8a5d9d87202b43d709cb328cedaf18c446af448f705c33d553e8c2e9f7,5170ec511fb50cdf10d648416d508574d70e9781ddf156a1b2a86d2b385e94dc,100,1729,maximum_nontransitivity_disagreement_gain,2000.0,3000.0
kata1-b6c96-s19408128-d3280178,68,2470.5440505841116,2376.0398220040474,2565.0482791641757,2459.07069597184,11.473354612271578,2,a5803f8a5d9d87202b43d709cb328cedaf18c446af448f705c33d553e8c2e9f7,5170ec511fb50cdf10d648416d508574d70e9781ddf156a1b2a86d2b385e94dc,100,1729,maximum_nontransitivity_disagreement_gain,2000.0,3000.0
kata1-b6c96-s19408128-d3280178,70,2465.3609502804534,2372.0959048183727,2558.625995742534,2459.07069597184,6.290254308613385,2,a5803f8a5d9d87202b43d709cb328cedaf18c446af448f705c33d553e8c2e9f7,5170ec511fb50cdf10d648416d508574d70e9781ddf156a1b2a86d2b385e94dc,100,1729,maximum_nontransitivity_disagreement_gain,2000.0,3000.0
kata1-b6c96-s19408128-d3280178,72,2454.7911409156563,2362.471825157699,2547.1104566736135,2459.07069597184,-4.2795550561836535,2,a5803f8a5d9d87202b43d709cb328cedaf18c446af448f705c33d553e8c2e9f7,5170ec511fb50cdf10d648416d508574d70e9781ddf156a1b2a86d2b385e94dc,100,1729,maximum_nontransitivity_disagreement_gain,2000.0,3000.0
kata1-b6c96-s19408128-d3280178,74,2444.7875877661468,2353.3394765104035,2536.23569902189,2459.07069597184,-14.283108205693225,2,a5803f8a5d9d87202b43d709cb328cedaf18c446af448f705c33d553e8c2e9f7,5170ec511fb50cdf10d648416d508574d70e9781ddf156a1b2a86d2b385e94dc,100,1729,maximum_nontransitivity_disagreement_gain,2000.0,3000.0
kata1-b6c96-s19408128-d3280178,76,2456.979902909404,2367.2980614786743,2546.6617443401333,2459.07069597184,-2.090793062436205,2,a5803f8a5d9d87202b43d709cb328cedaf18c446af448f705c33d553e8c2e9f7,5170ec511fb50cdf10d648416d508574d70e9781ddf156a1b2a86d2b385e94dc,100,1729,maximum_nontransitivity_disagreement_gain,2000.0,3000.0
kata1-b6c96-s19408128-d3280178,78,2457.981896156724,2369.5206186594187,2546.443173654029,2459.07069597184,-1.08879981511609,2,a5803f8a5d9d87202b43d709cb328cedaf18c446af448f705c33d553e8c2e9f7,5170ec511fb50cdf10d648416d508574d70e9781ddf156a1b2a86d2b385e94dc,100,1729,maximum_nontransitivity_disagreement_gain,2000.0,3000.0
kata1-b6c96-s19408128-d3280178,80,2453.863173076599,2366.3784169051064,2541.347929248092,2459.07069597184,-5.2075228952408,2,a5803f8a5d9d87202b43d709cb328cedaf18c446af448f705c33d553e8c2e9f7,5170ec511fb50cdf10d648416d508574d70e9781ddf156a1b2a86d2b385e94dc,100,1729,maximum_nontransitivity_disagreement_gain,2000.0,3000.0
kata1-b6c96-s19408128-d3280178,82,2464.6816042457453,2378.6512950177566,2550.711913473734,2459.07069597184,5.610908273905352,2,a5803f8a5d9d87202b43d709cb328cedaf18c446af448f705c33d553e8c2e9f7,5170ec511fb50cdf10d648416d508574d70e9781ddf156a1b2a86d2b385e94dc,100,1729,maximum_nontransitivity_disagreement_gain,2000.0,3000.0
kata1-b6c96-s19408128-d3280178,84,2460.635591925265,2375.5031739343017,2545.7680099162285,2459.07069597184,1.5648959534250935,2,a5803f8a5d9d87202b43d709cb328cedaf18c446af448f705c33d553e8c2e9f7,5170ec511fb50cdf10d648416d508574d70e9781ddf156a1b2a86d2b385e94dc,100,1729,maximum_nontransitivity_disagreement_gain,2000.0,3000.0
kata1-b6c96-s19408128-d3280178,86,2461.41772489115,2377.297389845004,2545.538059937296,2459.07069597184,2.3470289193101053,2,a5803f8a5d9d87202b43d709cb328cedaf18c446af448f705c33d553e8c2e9f7,5170ec511fb50cdf10d648416d508574d70e9781ddf156a1b2a86d2b385e94dc,100,1729,maximum_nontransitivity_disagreement_gain,2000.0,3000.0
kata1-b6c96-s19408128-d3280178,88,2462.1584686095803,2379.007084989548,2545.3098522296127,2459.07069597184,3.0877726377402723,2,a5803f8a5d9d87202b43d709cb328cedaf18c446af448f705c33d553e8c2e9f7,5170ec511fb50cdf10d648416d508574d70e9781ddf156a1b2a86d2b385e94dc,100,1729,maximum_nontransitivity_disagreement_gain,2000.0,3000.0
kata1-b6c96-s19408128-d3280178,90,2462.8750975227995,2380.652184415471,2545.098010630128,2459.07069597184,3.804401550959483,2,a5803f8a5d9d87202b43d709cb328cedaf18c446af448f705c33d553e8c2e9f7,5170ec511fb50cdf10d648416d508574d70e9781ddf156a1b2a86d2b385e94dc,100,1729,maximum_nontransitivity_disagreement_gain,2000.0,3000.0
kata1-b6c96-s19408128-d3280178,92,2463.5565613359854,2382.224590493429,2544.888532178542,2459.07069597184,4.485865364145411,2,a5803f8a5d9d87202b43d709cb328cedaf18c446af448f705c33d553e8c2e9f7,5170ec511fb50cdf10d648416d508574d70e9781ddf156a1b2a86d2b385e94dc,100,1729,maximum_nontransitivity_disagreement_gain,2000.0,3000.0
kata1-b6c96-s19408128-d3280178,94,2455.8228655441794,2375.1015425361506,2536.544188552208,2459.07069597184,-3.247830427660574,2,a5803f8a5d9d87202b43d709cb328cedaf18c446af448f705c33d553e8c2e9f7,5170ec511fb50cdf10d648416d508574d70e9781ddf156a1b2a86d2b385e94dc,100,1729,maximum_nontransitivity_disagreement_gain,2000.0,3000.0
kata1-b6c96-s19408128-d3280178,96,2464.8089819586476,2385.1560203618355,2544.4619435554596,2459.07069597184,5.738285986807568,2,a5803f8a5d9d87202b43d709cb328cedaf18c446af448f705c33d553e8c2e9f7,5170ec511fb50cdf10d648416d508574d70e9781ddf156a1b2a86d2b385e94dc,100,1729,maximum_nontransitivity_disagreement_gain,2000.0,3000.0
kata1-b6c96-s19408128-d3280178,98,2457.410112386885,2378.330786380867,2536.489438392903,2459.07069597184,-1.6605835849550203,2,a5803f8a5d9d87202b43d709cb328cedaf18c446af448f705c33d553e8c2e9f7,5170ec511fb50cdf10d648416d508574d70e9781ddf156a1b2a86d2b385e94dc,100,1729,maximum_nontransitivity_disagreement_gain,2000.0,3000.0
kata1-b6c96-s19408128-d3280178,100,2450.298922920118,2371.757796283245,2528.840049556991,2459.07069597184,-8.771773051721993,2,a5803f8a5d9d87202b43d709cb328cedaf18c446af448f705c33d553e8c2e9f7,5170ec511fb50cdf10d648416d508574d70e9781ddf156a1b2a86d2b385e94dc,100,1729,maximum_nontransitivity_disagreement_gain,2000.0,3000.0
kata1-b6c96-s21371392-d3529696,2,2012.454449830115,1528.4941640190732,2496.4147356411568,2583.1844176865825,-570.7299678564675,2,a5803f8a5d9d87202b43d709cb328cedaf18c446af448f705c33d553e8c2e9f7,5170ec511fb50cdf10d648416d508574d70e9781ddf156a1b2a86d2b385e94dc,100,1729,maximum_nontransitivity_disagreement_gain,2000.0,3000.0
kata1-b6c96-s21371392-d3529696,4,2204.4777903206723,1810.1066840360033,2598.848896605341,2583.1844176865825,-378.7066273659102,2,a5803f8a5d9d87202b43d709cb328cedaf18c446af448f705c33d553e8c2e9f7,5170ec511fb50cdf10d648416d508574d70e9781ddf156a1b2a86d2b385e94dc,100,1729,maximum_nontransitivity_disagreement_gain,2000.0,3000.0
kata1-b6c96-s21371392-d3529696,6,2293.387118524124,1919.9417370808226,2666.8324999674255,2583.1844176865825,-289.79729916245833,2,a5803f8a5d9d87202b43d709cb328cedaf18c446af448f705c33d553e8c2e9f7,5170ec511fb50cdf10d648416d508574d70e9781ddf156a1b2a86d2b385e94dc,100,1729,maximum_nontransitivity_disagreement_gain,2000.0,3000.0
kata1-b6c96-s21371392-d3529696,8,2351.8108469171284,1987.7881837423406,2715.833510091916,2583.1844176865825,-231.3735707694541,2,a5803f8a5d9d87202b43d709cb328cedaf18c446af448f705c33d553e8c2e9f7,5170ec511fb50cdf10d648416d508574d70e9781ddf156a1b2a86d2b385e94dc,100,1729,maximum_nontransitivity_disagreement_gain,2000.0,3000.0
kata1-b6c96-s21371392-d3529696,10,2395.388414800931,2036.7451568275096,2754.0316727743525,2583.1844176865825,-187.79600288565143,2,a5803f8a5d9d87202b43d709cb328cedaf18c446af448f705c33d553e8c2e9f7,5170ec511fb50cdf10d648416d508574d70e9781ddf156a1b2a86d2b385e94dc,100,1729,maximum_nontransitivity_disagreement_gain,2000.0,3000.0
kata1-b6c96-s21371392-d3529696,12,2430.1540963025745,2074.998292634419,2785.30989997073,2583.1844176865825,-153.03032138400795,2,a5803f8a5d9d87202b43d709cb328cedaf18c446af448f705c33d553e8c2e9f7,5170ec511fb50cdf10d648416d508574d70e9781ddf156a1b2a86d2b385e94dc,100,1729,maximum_nontransitivity_disagreement_gain,2000.0,3000.0
kata1-b6c96-s21371392-d3529696,14,2459.0784861555603,2106.3717715112407,2811.78520079988,2583.1844176865825,-124.10593153102218,2,a5803f8a5d9d87202b43d709cb328cedaf18c446af448f705c33d553e8c2e9f7,5170ec511fb50cdf10d648416d508574d70e9781ddf156a1b2a86d2b385e94dc,100,1729,maximum_nontransitivity_disagreement_gain,2000.0,3000.0
kata1-b6c96-s21371392-d3529696,16,2483.844816855042,2132.9554260722,2834.734207637884,2583.1844176865825,-99.33960083154034,2,a5803f8a5d9d87202b43d709cb328cedaf18c446af448f705c33d553e8c2e9f7,5170ec511fb50cdf10d648416d508574d70e9781ddf156a1b2a86d2b385e94dc,100,1729,maximum_nontransitivity_disagreement_gain,2000.0,3000.0
kata1-b6c96-s21371392-d3529696,18,2644.3016904696888,2268.68643025775,3019.9169506816274,2583.1844176865825,61.11727278310627,2,a5803f8a5d9d87202b43d709cb328cedaf18c446af448f705c33d553e8c2e9f7,5170ec511fb50cdf10d648416d508574d70e9781ddf156a1b2a86d2b385e94dc,100,1729,maximum_nontransitivity_disagreement_gain,2000.0,3000.0
kata1-b6c96-s21371392-d3529696,20,2641.029204926258,2345.1518004343598,2936.906609418156,2583.1844176865825,57.8447872396755,2,a5803f8a5d9d87202b43d709cb328cedaf18c446af448f705c33d553e8c2e9f7,5170ec511fb50cdf10d648416d508574d70e9781ddf156a1b2a86d2b385e94dc,100,1729,maximum_nontransitivity_disagreement_gain,2000.0,3000.0
kata1-b6c96-s21371392-d3529696,22,2551.5887718163326,2314.9293379867318,2788.2482056459335,2583.1844176865825,-31.595645870249882,2,a5803f8a5d9d87202b43d709cb328cedaf18c446af448f705c33d553e8c2e9f7,5170ec511fb50cdf10d648416d508574d70e9781ddf156a1b2a86d2b385e94dc,100,1729,maximum_nontransitivity_disagreement_gain,2000.0,3000.0
kata1-b6c96-s21371392-d3529696,24,2610.19325615587,2387.755008887853,2832.6315034238874,2583.1844176865825,27.00883846928764,2,a5803f8a5d9d87202b43d709cb328cedaf18c446af448f705c33d553e8c2e9f7,5170ec511fb50cdf10d648416d508574d70e9781ddf156a1b2a86d2b385e94dc,100,1729,maximum_nontransitivity_disagreement_gain,2000.0,3000.0
kata1-b6c96-s21371392-d3529696,26,2590.880787948873,2389.510661081522,2792.2509148162244,2583.1844176865825,7.696370262290657,2,a5803f8a5d9d87202b43d709cb328cedaf18c446af448f705c33d553e8c2e9f7,5170ec511fb50cdf10d648416d508574d70e9781ddf156a1b2a86d2b385e94dc,100,1729,maximum_nontransitivity_disagreement_gain,2000.0,3000.0
kata1-b6c96-s21371392-d3529696,28,2577.221947824804,2391.6128755716,2762.831020078008,2583.1844176865825,-5.9624698617785725,2,a5803f8a5d9d87202b43d709cb328cedaf18c446af448f705c33d553e8c2e9f7,5170ec511fb50cdf10d648416d508574d70e9781ddf156a1b2a86d2b385e94dc,100,1729,maximum_nontransitivity_disagreement_gain,2000.0,3000.0
kata1-b6c96-s21371392-d3529696,30,2567.0309356471157,2393.784364028606,2740.2775072656254,2583.1844176865825,-16.15348203946678,2,a5803f8a5d9d87202b43d709cb328cedaf18c446af448f705c33d553e8c2e9f7,5170ec511fb50cdf10d648416d508574d70e9781ddf156a1b2a86d2b385e94dc,100,1729,maximum_nontransitivity_disagreement_gain,2000.0,3000.0
kata1-b6c96-s21371392-d3529696,32,2598.7460234611654,2431.1622486810156,2766.329798241315,2583.1844176865825,15.561605774582858,2,a5803f8a5d9d87202b43d709cb328cedaf18c446af448f705c33d553e8c2e9f7,5170ec511fb50cdf10d648416d508574d70e9781ddf156a1b2a86d2b385e94dc,100,1729,maximum_nontransitivity_disagreement_gain,2000.0,3000.0
kata1-b6c96-s21371392-d3529696,34,2588.177209884244,2429.9019872897634,2746.4524324787244,2583.1844176865825,4.992792197661402,2,a5803f8a5d9d87202b43d709cb328cedaf18c446af448f705c33d553e8c2e9f7,5170ec511fb50cdf10d648416d508574d70e9781ddf156a1b2a86d2b385e94dc,100,1729,maximum_nontransitivity_disagreement_gain,2000.0,3000.0
kata1-b6c96-s21371392-d3529696,36,2579.592566993414,2429.1042106421874,2730.0809233446407,2583.1844176865825,-3.5918506931684533,2,a5803f8a5d9d87202b43d709cb328cedaf18c446af448f705c33d553e8c2e9f7,5170ec511fb50cdf10d648416d508574d70e9781ddf156a1b2a86d2b385e94dc,100,1729,maximum_nontransitivity_disagreement_gain,2000.0,3000.0
kata1-b6c96-s21371392-d3529696,38,2557.788779551231,2415.1621111599657,2700.4154479424965,2583.1844176865825,-25.39563813535142,2,a5803f8a5d9d87202b43d709cb328cedaf18c446af448f705c33d553e8c2e9f7,5170ec511fb50cdf10d648416d508574d70e9781ddf156a1b2a86d2b385e94dc,100,1729,maximum_nontransitivity_disagreement_gain,2000.0,3000.0
kata1-b6c96-s21371392-d3529696,40,2580.244860305616,2440.968415655467,2719.5213049557647,2583.1844176865825,-2.939557380966562,2,a5803f8a5d9d87202b43d709cb328cedaf18c446af448f705c33d553e8c2e9f7,5170ec511fb50cdf10d648416d508574d70e9781ddf156a1b2a86d2b385e94dc,100,1729,maximum_nontransitivity_disagreement_gain,2000.0,3000.0
kata1-b6c96-s21371392-d3529696,42,2600.125612430285,2463.6258578609495,2736.6253669996204,2583.1844176865825,16.941194743702454,2,a5803f8a5d9d87202b43d709cb328cedaf18c446af448f705c33d553e8c2e9f7,5170ec511fb50cdf10d648416d508574d70e9781ddf156a1b2a86d2b385e94dc,100,1729,maximum_nontransitivity_disagreement_gain,2000.0,3000.0
kata1-b6c96-s21371392-d3529696,44,2602.669367828385,2470.6657174542343,2734.673018202536,2583.1844176865825,19.48495014180253,2,a5803f8a5d9d87202b43d709cb328cedaf18c446af448f705c33d553e8c2e9f7,5170ec511fb50cdf10d648416d508574d70e9781ddf156a1b2a86d2b385e94dc,100,1729,maximum_nontransitivity_disagreement_gain,2000.0,3000.0
kata1-b6c96-s21371392-d3529696,46,2604.889912194967,2476.9728038397225,2732.8070205502117,2583.1844176865825,21.705494508384618,2,a5803f8a5d9d87202b43d709cb328cedaf18c446af448f705c33d553e8c2e9f7,5170ec511fb50cdf10d648416d508574d70e9781ddf156a1b2a86d2b385e94dc,100,1729,maximum_nontransitivity_disagreement_gain,2000.0,3000.0
kata1-b6c96-s21371392-d3529696,48,2606.8364562047627,2482.6489847632606,2731.023927646265,2583.1844176865825,23.652038518180234,2,a5803f8a5d9d87202b43d709cb328cedaf18c446af448f705c33d553e8c2e9f7,5170ec511fb50cdf10d648416d508574d70e9781ddf156a1b2a86d2b385e94dc,100,1729,maximum_nontransitivity_disagreement_gain,2000.0,3000.0
kata1-b6c96-s21371392-d3529696,50,2588.0696538121597,2468.5480846465725,2707.591222977747,2583.1844176865825,4.885236125577194,2,a5803f8a5d9d87202b43d709cb328cedaf18c446af448f705c33d553e8c2e9f7,5170ec511fb50cdf10d648416d508574d70e9781ddf156a1b2a86d2b385e94dc,100,1729,maximum_nontransitivity_disagreement_gain,2000.0,3000.0
kata1-b6c96-s21371392-d3529696,52,2564.2339749066928,2448.7216980934786,2679.746251719907,2583.1844176865825,-18.950442779889727,2,a5803f8a5d9d87202b43d709cb328cedaf18c446af448f705c33d553e8c2e9f7,5170ec511fb50cdf10d648416d508574d70e9781ddf156a1b2a86d2b385e94dc,100,1729,maximum_nontransitivity_disagreement_gain,2000.0,3000.0
kata1-b6c96-s21371392-d3529696,54,2543.097587491768,2430.9251801703426,2655.2699948131935,2583.1844176865825,-40.08683019481441,2,a5803f8a5d9d87202b43d709cb328cedaf18c446af448f705c33d553e8c2e9f7,5170ec511fb50cdf10d648416d508574d70e9781ddf156a1b2a86d2b385e94dc,100,1729,maximum_nontransitivity_disagreement_gain,2000.0,3000.0
kata1-b6c96-s21371392-d3529696,56,2557.5948315438477,2447.4909675665604,2667.698695521135,2583.1844176865825,-25.589586142734788,2,a5803f8a5d9d87202b43d709cb328cedaf18c446af448f705c33d553e8c2e9f7,5170ec511fb50cdf10d648416d508574d70e9781ddf156a1b2a86d2b385e94dc,100,1729,maximum_nontransitivity_disagreement_gain,2000.0,3000.0
kata1-b6c96-s21371392-d3529696,58,2570.903022427009,2462.6052142825015,2679.2008305715167,2583.1844176865825,-12.2813952595734,2,a5803f8a5d9d87202b43d709cb328cedaf18c446af448f705c33d553e8c2e9f7,5170ec511fb50cdf10d648416d508574d70e9781ddf156a1b2a86d2b385e94dc,100,1729,maximum_nontransitivity_disagreement_gain,2000.0,3000.0
kata1-b6c96-s21371392-d3529696,60,2583.1983169457176,2476.489572087046,2689.9070618043893,2583.1844176865825,0.01389925913508705,2,a5803f8a5d9d87202b43d709cb328cedaf18c446af448f705c33d553e8c2e9f7,5170ec511fb50cdf10d648416d508574d70e9781ddf156a1b2a86d2b385e94dc,100,1729,maximum_nontransitivity_disagreement_gain,2000.0,3000.0
kata1-b6c96-s21371392-d3529696,62,2594.6216090607027,2489.320888128221,2699.922329993184,2583.1844176865825,11.437191374120175,2,a5803f8a5d9d87202b43d709cb328cedaf18c446af448f705c33d553e8c2e9f7,5170ec511fb50cdf10d648416d508574d70e9781ddf156a1b2a86d2b385e94dc,100,1729,maximum_nontransitivity_disagreement_gain,2000.0,3000.0
kata1-b6c96-s21371392-d3529696,64,2588.973996792698,2486.038097578678,2691.909896006718,2583.1844176865825,5.789579106115525,2,a5803f8a5d9d87202b43d709cb328cedaf18c446af448f705c33d553e8c2e9f7,5170ec511fb50cdf10d648416d508574d70e9781ddf156a1b2a86d2b385e94dc,100,1729,maximum_nontransitivity_disagreement_gain,2000.0,3000.0
kata1-b6c96-s21371392-d3529696,66,2576.7817423189163,2476.2564777529383,2677.3070068848942,2583.1844176865825,-6.402675367666234,2,a5803f8a5d9d87202b43d709cb328cedaf18c446af448f705c33d553e8c2e9f7,5170ec511fb50cdf10d648416d508574d70e9781ddf156a1b2a86d2b385e94dc,100,1729,maximum_nontransitivity_disagreement_gain,2000.0,3000.0
kata1-b6c96-s21371392-d3529696,68,2579.057529678875,2480.2228424373448,2677.8922169204056,2583.1844176865825,-4.126888007707294,2,a5803f8a5d9d87202b43d709cb328cedaf18c446af448f705c33d553e8c2e9f7,5170ec511fb50cdf10d648416d508574d70e9781ddf156a1b2a86d2b385e94dc,100,1729,maximum_nontransitivity_disagreement_gain,2000.0,3000.0
kata1-b6c96-s21371392-d3529696,70,2588.9114246547465,2491.2857206545086,2686.5371286549844,2583.1844176865825,5.727006968164005,2,a5803f8a5d9d87202b43d709cb328cedaf18c446af448f705c33d553e8c2e9f7,5170ec511fb50cdf10d648416d508574d70e9781ddf156a1b2a86d2b385e94dc,100,1729,maximum_nontransitivity_disagreement_gain,2000.0,3000.0
kata1-b6c96-s21371392-d3529696,72,2584.2945170987705,2488.4488119941543,2680.1402222033867,2583.1844176865825,1.1100994121879921,2,a5803f8a5d9d87202b43d709cb328cedaf18c446af448f705c33d553e8c2e9f7,5170ec511fb50cdf10d648416d508574d70e9781ddf156a1b2a86d2b385e94dc,100,1729,maximum_nontransitivity_disagreement_gain,2000.0,3000.0
kata1-b6c96-s21371392-d3529696,74,2581.2483393974126,2486.92860438856,2675.568074406265,2583.1844176865825,-1.9360782891699273,2,a5803f8a5d9d87202b43d709cb328cedaf18c446af448f705c33d553e8c2e9f7,5170ec511fb50cdf10d648416d508574d70e9781ddf156a1b2a86d2b385e94dc,100,1729,maximum_nontransitivity_disagreement_gain,2000.0,3000.0
kata1-b6c96-s21371392-d3529696,76,2571.3419030006103,2478.719102192688,2663.9647038085327,2583.1844176865825,-11.842514685972219,2,a5803f8a5d9d87202b43d709cb328cedaf18c446af448f705c33d553e8c2e9f7,5170ec511fb50cdf10d648416d508574d70e9781ddf156a1b2a86d2b385e94dc,100,1729,maximum_nontransitivity_disagreement_gain,2000.0,3000.0
kata1-b6c96-s21371392-d3529696,78,2584.8293809316638,2493.208593349186,2676.4501685141418,2583.1844176865825,1.6449632450812715,2,a5803f8a5d9d87202b43d709cb328cedaf18c446af448f705c33d553e8c2e9f7,5170ec511fb50cdf10d648416d508574d70e9781ddf156a1b2a86d2b385e94dc,100,1729,maximum_nontransitivity_disagreement_gain,2000.0,3000.0
kata1-b6c96-s21371392-d3529696,80,2576.574570386525,2486.4082371060736,2666.7409036669765,2583.1844176865825,-6.609847300057481,2,a5803f8a5d9d87202b43d709cb328cedaf18c446af448f705c33d553e8c2e9f7,5170ec511fb50cdf10d648416d508574d70e9781ddf156a1b2a86d2b385e94dc,100,1729,maximum_nontransitivity_disagreement_gain,2000.0,3000.0
kata1-b6c96-s21371392-d3529696,82,2584.7368310230195,2495.5065920249535,2673.9670700210854,2583.1844176865825,1.5524133364369845,2,a5803f8a5d9d87202b43d709cb328cedaf18c446af448f705c33d553e8c2e9f7,5170ec511fb50cdf10d648416d508574d70e9781ddf156a1b2a86d2b385e94dc,100,1729,maximum_nontransitivity_disagreement_gain,2000.0,3000.0
kata1-b6c96-s21371392-d3529696,84,2596.7894870433684,2508.391965574334,2685.187008512403,2583.1844176865825,13.605069356785862,2,a5803f8a5d9d87202b43d709cb328cedaf18c446af448f705c33d553e8c2e9f7,5170ec511fb50cdf10d648416d508574d70e9781ddf156a1b2a86d2b385e94dc,100,1729,maximum_nontransitivity_disagreement_gain,2000.0,3000.0
kata1-b6c96-s21371392-d3529696,86,2597.9343518522155,2510.666447892356,2685.2022558120752,2583.1844176865825,14.749934165633022,2,a5803f8a5d9d87202b43d709cb328cedaf18c446af448f705c33d553e8c2e9f7,5170ec511fb50cdf10d648416d508574d70e9781ddf156a1b2a86d2b385e94dc,100,1729,maximum_nontransitivity_disagreement_gain,2000.0,3000.0
kata1-b6c96-s21371392-d3529696,88,2595.095454265628,2508.93632210197,2681.2545864292865,2583.1844176865825,11.911036579045685,2,a5803f8a5d9d87202b43d709cb328cedaf18c446af448f705c33d553e8c2e9f7,5170ec511fb50cdf10d648416d508574d70e9781ddf156a1b2a86d2b385e94dc,100,1729,maximum_nontransitivity_disagreement_gain,2000.0,3000.0
kata1-b6c96-s21371392-d3529696,90,2596.233952729348,2511.1087518804684,2681.3591535782275,2583.1844176865825,13.049535042765456,2,a5803f8a5d9d87202b43d709cb328cedaf18c446af448f705c33d553e8c2e9f7,5170ec511fb50cdf10d648416d508574d70e9781ddf156a1b2a86d2b385e94dc,100,1729,maximum_nontransitivity_disagreement_gain,2000.0,3000.0
kata1-b6c96-s21371392-d3529696,92,2597.3115558190384,2513.1798271755533,2681.4432844625235,2583.1844176865825,14.127138132455912,2,a5803f8a5d9d87202b43d709cb328cedaf18c446af448f705c33d553e8c2e9f7,5170ec511fb50cdf10d648416d508574d70e9781ddf156a1b2a86d2b385e94dc,100,1729,maximum_nontransitivity_disagreement_gain,2000.0,3000.0
kata1-b6c96-s21371392-d3529696,94,2598.3329385143675,2515.156542796324,2681.5093342324108,2583.1844176865825,15.148520827784978,2,a5803f8a5d9d87202b43d709cb328cedaf18c446af448f705c33d553e8c2e9f7,5170ec511fb50cdf10d648416d508574d70e9781ddf156a1b2a86d2b385e94dc,100,1729,maximum_nontransitivity_disagreement_gain,2000.0,3000.0
kata1-b6c96-s21371392-d3529696,96,2599.3023198071273,2517.0452747311538,2681.559364883101,2583.1844176865825,16.11790212054484,2,a5803f8a5d9d87202b43d709cb328cedaf18c446af448f705c33d553e8c2e9f7,5170ec511fb50cdf10d648416d508574d70e9781ddf156a1b2a86d2b385e94dc,100,1729,maximum_nontransitivity_disagreement_gain,2000.0,3000.0
kata1-b6c96-s21371392-d3529696,98,2591.498037842487,2510.3206705442235,2672.6754051407506,2583.1844176865825,8.313620155904573,2,a5803f8a5d9d87202b43d709cb328cedaf18c446af448f705c33d553e8c2e9f7,5170ec511fb50cdf10d648416d508574d70e9781ddf156a1b2a86d2b385e94dc,100,1729,maximum_nontransitivity_disagreement_gain,2000.0,3000.0
kata1-b6c96-s21371392-d3529696,100,2585.0058085402834,2504.763582172803,2665.2480349077637,2583.1844176865825,1.8213908537009047,2,a5803f8a5d9d87202b43d709cb328cedaf18c446af448f705c33d553e8c2e9f7,5170ec511fb50cdf10d648416d508574d70e9781ddf156a1b2a86d2b385e94dc,100,1729,maximum_nontransitivity_disagreement_gain,2000.0,3000.0
kata1-b6c96-s23401472-d3742377,2,2012.2987609418992,1528.398940374731,2496.1985815090675,2641.1801735242348,-628.8814125823355,2,a5803f8a5d9d87202b43d709cb328cedaf18c446af448f705c33d553e8c2e9f7,5170ec511fb50cdf10d648416d508574d70e9781ddf156a1b2a86d2b385e94dc,100,1729,maximum_nontransitivity_disagreement_gain,2000.0,3000.0
kata1-b6c96-s23401472-d3742377,4,2204.278599152718,1809.9423618553633,2598.6148364500727,2641.1801735242348,-436.90157437151674,2,a5803f8a5d9d87202b43d709cb328cedaf18c446af448f705c33d553e8c2e9f7,5170ec511fb50cdf10d648416d508574d70e9781ddf156a1b2a86d2b385e94dc,100,1729,maximum_nontransitivity_disagreement_gain,2000.0,3000.0
kata1-b6c96-s23401472-d3742377,6,2293.1750332330867,1919.7533988715973,2666.596667594576,2641.1801735242348,-348.0051402911481,2,a5803f8a5d9d87202b43d709cb328cedaf18c446af448f705c33d553e8c2e9f7,5170ec511fb50cdf10d648416d508574d70e9781ddf156a1b2a86d2b385e94dc,100,1729,maximum_nontransitivity_disagreement_gain,2000.0,3000.0
kata1-b6c96-s23401472-d3742377,8,2351.592772442257,1987.5880647062254,2715.597480178288,2641.1801735242348,-289.587401081978,2,a5803f8a5d9d87202b43d709cb328cedaf18c446af448f705c33d553e8c2e9f7,5170ec511fb50cdf10d648416d508574d70e9781ddf156a1b2a86d2b385e94dc,100,1729,maximum_nontransitivity_disagreement_gain,2000.0,3000.0
kata1-b6c96-s23401472-d3742377,10,2395.167008551477,2036.5381800038601,2753.7958370990937,2641.1801735242348,-246.01316497275775,2,a5803f8a5d9d87202b43d709cb328cedaf18c446af448f705c33d553e8c2e9f7,5170ec511fb50cdf10d648416d508574d70e9781ddf156a1b2a86d2b385e94dc,100,1729,maximum_nontransitivity_disagreement_gain,2000.0,3000.0
kata1-b6c96-s23401472-d3742377,12,2429.930631065386,2074.786894441222,2785.07436768955,2641.1801735242348,-211.24954245884874,2,a5803f8a5d9d87202b43d709cb328cedaf18c446af448f705c33d553e8c2e9f7,5170ec511fb50cdf10d648416d508574d70e9781ddf156a1b2a86d2b385e94dc,100,1729,maximum_nontransitivity_disagreement_gain,2000.0,3000.0
kata1-b6c96-s23401472-d3742377,14,2458.853661556922,2106.1573249516214,2811.5499981622224,2641.1801735242348,-182.32651196731285,2,a5803f8a5d9d87202b43d709cb328cedaf18c446af448f705c33d553e8c2e9f7,5170ec511fb50cdf10d648416d508574d70e9781ddf156a1b2a86d2b385e94dc,100,1729,maximum_nontransitivity_disagreement_gain,2000.0,3000.0
kata1-b6c96-s23401472-d3742377,16,2483.619054789639,2132.738776230877,2834.499333348401,2641.1801735242348,-157.56111873459577,2,a5803f8a5d9d87202b43d709cb328cedaf18c446af448f705c33d553e8c2e9f7,5170ec511fb50cdf10d648416d508574d70e9781ddf156a1b2a86d2b385e94dc,100,1729,maximum_nontransitivity_disagreement_gain,2000.0,3000.0
kata1-b6c96-s23401472-d3742377,18,2383.769815430087,2140.2167764238434,2627.3228544363305,2641.1801735242348,-257.4103580941478,2,a5803f8a5d9d87202b43d709cb328cedaf18c446af448f705c33d553e8c2e9f7,5170ec511fb50cdf10d648416d508574d70e9781ddf156a1b2a86d2b385e94dc,100,1729,maximum_nontransitivity_disagreement_gain,2000.0,3000.0
kata1-b6c96-s23401472-d3742377,20,2401.3347895912893,2161.9938408502226,2640.675738332356,2641.1801735242348,-239.84538393294542,2,a5803f8a5d9d87202b43d709cb328cedaf18c446af448f705c33d553e8c2e9f7,5170ec511fb50cdf10d648416d508574d70e9781ddf156a1b2a86d2b385e94dc,100,1729,maximum_nontransitivity_disagreement_gain,2000.0,3000.0
kata1-b6c96-s23401472-d3742377,22,2416.935048273535,2181.0980622402726,2652.772034306797,2641.1801735242348,-224.24512525069986,2,a5803f8a5d9d87202b43d709cb328cedaf18c446af448f705c33d553e8c2e9f7,5170ec511fb50cdf10d648416d508574d70e9781ddf156a1b2a86d2b385e94dc,100,1729,maximum_nontransitivity_disagreement_gain,2000.0,3000.0
kata1-b6c96-s23401472-d3742377,24,2367.2212571006185,2166.4916973290065,2567.9508168722305,2641.1801735242348,-273.9589164236163,2,a5803f8a5d9d87202b43d709cb328cedaf18c446af448f705c33d553e8c2e9f7,5170ec511fb50cdf10d648416d508574d70e9781ddf156a1b2a86d2b385e94dc,100,1729,maximum_nontransitivity_disagreement_gain,2000.0,3000.0
kata1-b6c96-s23401472-d3742377,26,2380.3032154190473,2182.830362172026,2577.7760686660686,2641.1801735242348,-260.87695810518744,2,a5803f8a5d9d87202b43d709cb328cedaf18c446af448f705c33d553e8c2e9f7,5170ec511fb50cdf10d648416d508574d70e9781ddf156a1b2a86d2b385e94dc,100,1729,maximum_nontransitivity_disagreement_gain,2000.0,3000.0
kata1-b6c96-s23401472-d3742377,28,2392.1958149138545,2197.536114884541,2586.855514943168,2641.1801735242348,-248.98435861038024,2,a5803f8a5d9d87202b43d709cb328cedaf18c446af448f705c33d553e8c2e9f7,5170ec511fb50cdf10d648416d508574d70e9781ddf156a1b2a86d2b385e94dc,100,1729,maximum_nontransitivity_disagreement_gain,2000.0,3000.0
kata1-b6c96-s23401472-d3742377,30,2403.102876525626,2210.9025599068837,2595.3031931443684,2641.1801735242348,-238.07729699860874,2,a5803f8a5d9d87202b43d709cb328cedaf18c446af448f705c33d553e8c2e9f7,5170ec511fb50cdf10d648416d508574d70e9781ddf156a1b2a86d2b385e94dc,100,1729,maximum_nontransitivity_disagreement_gain,2000.0,3000.0
kata1-b6c96-s23401472-d3742377,32,2415.0417251605513,2232.8080646930075,2597.275385628095,2641.1801735242348,-226.13844836368344,2,a5803f8a5d9d87202b43d709cb328cedaf18c446af448f705c33d553e8c2e9f7,5170ec511fb50cdf10d648416d508574d70e9781ddf156a1b2a86d2b385e94dc,100,1729,maximum_nontransitivity_disagreement_gain,2000.0,3000.0
kata1-b6c96-s23401472-d3742377,34,2403.0210463155054,2233.446998618333,2572.5950940126777,2641.1801735242348,-238.1591272087294,2,a5803f8a5d9d87202b43d709cb328cedaf18c446af448f705c33d553e8c2e9f7,5170ec511fb50cdf10d648416d508574d70e9781ddf156a1b2a86d2b385e94dc,100,1729,maximum_nontransitivity_disagreement_gain,2000.0,3000.0
kata1-b6c96-s23401472-d3742377,36,2451.8919936635043,2284.611987710467,2619.1719996165416,2641.1801735242348,-189.28817986073045,2,a5803f8a5d9d87202b43d709cb328cedaf18c446af448f705c33d553e8c2e9f7,5170ec511fb50cdf10d648416d508574d70e9781ddf156a1b2a86d2b385e94dc,100,1729,maximum_nontransitivity_disagreement_gain,2000.0,3000.0
kata1-b6c96-s23401472-d3742377,38,2456.0315045622547,2296.900759298774,2615.162249825735,2641.1801735242348,-185.1486689619801,2,a5803f8a5d9d87202b43d709cb328cedaf18c446af448f705c33d553e8c2e9f7,5170ec511fb50cdf10d648416d508574d70e9781ddf156a1b2a86d2b385e94dc,100,1729,maximum_nontransitivity_disagreement_gain,2000.0,3000.0
kata1-b6c96-s23401472-d3742377,40,2459.417948188772,2307.4028396120148,2611.433056765529,2641.1801735242348,-181.76222533546297,2,a5803f8a5d9d87202b43d709cb328cedaf18c446af448f705c33d553e8c2e9f7,5170ec511fb50cdf10d648416d508574d70e9781ddf156a1b2a86d2b385e94dc,100,1729,maximum_nontransitivity_disagreement_gain,2000.0,3000.0
kata1-b6c96-s23401472-d3742377,42,2493.3638372395717,2344.78958237092,2641.9380921082234,2641.1801735242348,-147.81633628466307,2,a5803f8a5d9d87202b43d709cb328cedaf18c446af448f705c33d553e8c2e9f7,5170ec511fb50cdf10d648416d508574d70e9781ddf156a1b2a86d2b385e94dc,100,1729,maximum_nontransitivity_disagreement_gain,2000.0,3000.0
kata1-b6c96-s23401472-d3742377,44,2522.8978731269876,2377.5188161951237,2668.2769300588516,2641.1801735242348,-118.28230039724713,2,a5803f8a5d9d87202b43d709cb328cedaf18c446af448f705c33d553e8c2e9f7,5170ec511fb50cdf10d648416d508574d70e9781ddf156a1b2a86d2b385e94dc,100,1729,maximum_nontransitivity_disagreement_gain,2000.0,3000.0
kata1-b6c96-s23401472-d3742377,46,2520.369485079558,2380.8856357889103,2659.853334370206,2641.1801735242348,-120.81068844467654,2,a5803f8a5d9d87202b43d709cb328cedaf18c446af448f705c33d553e8c2e9f7,5170ec511fb50cdf10d648416d508574d70e9781ddf156a1b2a86d2b385e94dc,100,1729,maximum_nontransitivity_disagreement_gain,2000.0,3000.0
kata1-b6c96-s23401472-d3742377,48,2518.2331645116187,2383.916778975189,2652.5495500480483,2641.1801735242348,-122.94700901261604,2,a5803f8a5d9d87202b43d709cb328cedaf18c446af448f705c33d553e8c2e9f7,5170ec511fb50cdf10d648416d508574d70e9781ddf156a1b2a86d2b385e94dc,100,1729,maximum_nontransitivity_disagreement_gain,2000.0,3000.0
kata1-b6c96-s23401472-d3742377,50,2516.3954360165785,2386.659204705461,2646.131667327696,2641.1801735242348,-124.78473750765625,2,a5803f8a5d9d87202b43d709cb328cedaf18c446af448f705c33d553e8c2e9f7,5170ec511fb50cdf10d648416d508574d70e9781ddf156a1b2a86d2b385e94dc,100,1729,maximum_nontransitivity_disagreement_gain,2000.0,3000.0
kata1-b6c96-s23401472-d3742377,52,2537.423980676284,2409.977376024234,2664.8705853283336,2641.1801735242348,-103.75619284795084,2,a5803f8a5d9d87202b43d709cb328cedaf18c446af448f705c33d553e8c2e9f7,5170ec511fb50cdf10d648416d508574d70e9781ddf156a1b2a86d2b385e94dc,100,1729,maximum_nontransitivity_disagreement_gain,2000.0,3000.0
kata1-b6c96-s23401472-d3742377,54,2534.5860240354446,2411.0898787956344,2658.0821692752547,2641.1801735242348,-106.59414948879021,2,a5803f8a5d9d87202b43d709cb328cedaf18c446af448f705c33d553e8c2e9f7,5170ec511fb50cdf10d648416d508574d70e9781ddf156a1b2a86d2b385e94dc,100,1729,maximum_nontransitivity_disagreement_gain,2000.0,3000.0
kata1-b6c96-s23401472-d3742377,56,2552.566488889513,2430.9535261543306,2674.1794516246955,2641.1801735242348,-88.61368463472172,2,a5803f8a5d9d87202b43d709cb328cedaf18c446af448f705c33d553e8c2e9f7,5170ec511fb50cdf10d648416d508574d70e9781ddf156a1b2a86d2b385e94dc,100,1729,maximum_nontransitivity_disagreement_gain,2000.0,3000.0
kata1-b6c96-s23401472-d3742377,58,2564.1922451998526,2444.953424549865,2683.4310658498403,2641.1801735242348,-76.98792832438221,2,a5803f8a5d9d87202b43d709cb328cedaf18c446af448f705c33d553e8c2e9f7,5170ec511fb50cdf10d648416d508574d70e9781ddf156a1b2a86d2b385e94dc,100,1729,maximum_nontransitivity_disagreement_gain,2000.0,3000.0
kata1-b6c96-s23401472-d3742377,60,2584.5045170427547,2466.647753992534,2702.3612800929754,2641.1801735242348,-56.67565648148002,2,a5803f8a5d9d87202b43d709cb328cedaf18c446af448f705c33d553e8c2e9f7,5170ec511fb50cdf10d648416d508574d70e9781ddf156a1b2a86d2b385e94dc,100,1729,maximum_nontransitivity_disagreement_gain,2000.0,3000.0
kata1-b6c96-s23401472-d3742377,62,2565.8112238546164,2452.508605043366,2679.1138426658667,2641.1801735242348,-75.36894966961836,2,a5803f8a5d9d87202b43d709cb328cedaf18c446af448f705c33d553e8c2e9f7,5170ec511fb50cdf10d648416d508574d70e9781ddf156a1b2a86d2b385e94dc,100,1729,maximum_nontransitivity_disagreement_gain,2000.0,3000.0
kata1-b6c96-s23401472-d3742377,64,2549.398477978496,2439.806675377605,2658.9902805793868,2641.1801735242348,-91.78169554573878,2,a5803f8a5d9d87202b43d709cb328cedaf18c446af448f705c33d553e8c2e9f7,5170ec511fb50cdf10d648416d508574d70e9781ddf156a1b2a86d2b385e94dc,100,1729,maximum_nontransitivity_disagreement_gain,2000.0,3000.0
kata1-b6c96-s23401472-d3742377,66,2550.816701132135,2443.548471806593,2658.0849304576773,2641.1801735242348,-90.36347239209954,2,a5803f8a5d9d87202b43d709cb328cedaf18c446af448f705c33d553e8c2e9f7,5170ec511fb50cdf10d648416d508574d70e9781ddf156a1b2a86d2b385e94dc,100,1729,maximum_nontransitivity_disagreement_gain,2000.0,3000.0
kata1-b6c96-s23401472-d3742377,68,2567.6962306407295,2461.7585527300575,2673.6339085514014,2641.1801735242348,-73.48394288350528,2,a5803f8a5d9d87202b43d709cb328cedaf18c446af448f705c33d553e8c2e9f7,5170ec511fb50cdf10d648416d508574d70e9781ddf156a1b2a86d2b385e94dc,100,1729,maximum_nontransitivity_disagreement_gain,2000.0,3000.0
kata1-b6c96-s23401472-d3742377,70,2568.2080361216395,2464.4014005553026,2672.0146716879763,2641.1801735242348,-72.97213740259531,2,a5803f8a5d9d87202b43d709cb328cedaf18c446af448f705c33d553e8c2e9f7,5170ec511fb50cdf10d648416d508574d70e9781ddf156a1b2a86d2b385e94dc,100,1729,maximum_nontransitivity_disagreement_gain,2000.0,3000.0
kata1-b6c96-s23401472-d3742377,72,2568.6767084827125,2466.866376753397,2670.4870402120278,2641.1801735242348,-72.5034650415223,2,a5803f8a5d9d87202b43d709cb328cedaf18c446af448f705c33d553e8c2e9f7,5170ec511fb50cdf10d648416d508574d70e9781ddf156a1b2a86d2b385e94dc,100,1729,maximum_nontransitivity_disagreement_gain,2000.0,3000.0
kata1-b6c96-s23401472-d3742377,74,2555.3540895206397,2456.0293076856215,2654.678871355658,2641.1801735242348,-85.82608400359504,2,a5803f8a5d9d87202b43d709cb328cedaf18c446af448f705c33d553e8c2e9f7,5170ec511fb50cdf10d648416d508574d70e9781ddf156a1b2a86d2b385e94dc,100,1729,maximum_nontransitivity_disagreement_gain,2000.0,3000.0
kata1-b6c96-s23401472-d3742377,76,2566.0798071317895,2467.9451526458165,2664.2144616177625,2641.1801735242348,-75.10036639244527,2,a5803f8a5d9d87202b43d709cb328cedaf18c446af448f705c33d553e8c2e9f7,5170ec511fb50cdf10d648416d508574d70e9781ddf156a1b2a86d2b385e94dc,100,1729,maximum_nontransitivity_disagreement_gain,2000.0,3000.0
kata1-b6c96-s23401472-d3742377,78,2579.504323083824,2482.415895622029,2676.5927505456193,2641.1801735242348,-61.67585044041061,2,a5803f8a5d9d87202b43d709cb328cedaf18c446af448f705c33d553e8c2e9f7,5170ec511fb50cdf10d648416d508574d70e9781ddf156a1b2a86d2b385e94dc,100,1729,maximum_nontransitivity_disagreement_gain,2000.0,3000.0
kata1-b6c96-s23401472-d3742377,80,2585.7968463717343,2490.0135550679847,2681.580137675484,2641.1801735242348,-55.38332715250044,2,a5803f8a5d9d87202b43d709cb328cedaf18c446af448f705c33d553e8c2e9f7,5170ec511fb50cdf10d648416d508574d70e9781ddf156a1b2a86d2b385e94dc,100,1729,maximum_nontransitivity_disagreement_gain,2000.0,3000.0
kata1-b6c96-s23401472-d3742377,82,2585.5873002507856,2491.363740276989,2679.810860224582,2641.1801735242348,-55.592873273449186,2,a5803f8a5d9d87202b43d709cb328cedaf18c446af448f705c33d553e8c2e9f7,5170ec511fb50cdf10d648416d508574d70e9781ddf156a1b2a86d2b385e94dc,100,1729,maximum_nontransitivity_disagreement_gain,2000.0,3000.0
kata1-b6c96-s23401472-d3742377,84,2573.706587598401,2481.467935751632,2665.9452394451696,2641.1801735242348,-67.47358592583396,2,a5803f8a5d9d87202b43d709cb328cedaf18c446af448f705c33d553e8c2e9f7,5170ec511fb50cdf10d648416d508574d70e9781ddf156a1b2a86d2b385e94dc,100,1729,maximum_nontransitivity_disagreement_gain,2000.0,3000.0
kata1-b6c96-s23401472-d3742377,86,2585.1994533005804,2493.8493594921033,2676.5495471090576,2641.1801735242348,-55.980720223654316,2,a5803f8a5d9d87202b43d709cb328cedaf18c446af448f705c33d553e8c2e9f7,5170ec511fb50cdf10d648416d508574d70e9781ddf156a1b2a86d2b385e94dc,100,1729,maximum_nontransitivity_disagreement_gain,2000.0,3000.0
kata1-b6c96-s23401472-d3742377,88,2585.0299392656616,2495.0069708934457,2675.0529076378775,2641.1801735242348,-56.150234258573164,2,a5803f8a5d9d87202b43d709cb328cedaf18c446af448f705c33d553e8c2e9f7,5170ec511fb50cdf10d648416d508574d70e9781ddf156a1b2a86d2b385e94dc,100,1729,maximum_nontransitivity_disagreement_gain,2000.0,3000.0
kata1-b6c96-s23401472-d3742377,90,2590.2091798395977,2501.22294652157,2679.1954131576254,2641.1801735242348,-50.97099368463705,2,a5803f8a5d9d87202b43d709cb328cedaf18c446af448f705c33d553e8c2e9f7,5170ec511fb50cdf10d648416d508574d70e9781ddf156a1b2a86d2b385e94dc,100,1729,maximum_nontransitivity_disagreement_gain,2000.0,3000.0
kata1-b6c96-s23401472-d3742377,92,2579.5610848565934,2492.1950790010815,2666.9270907121054,2641.1801735242348,-61.619088667641336,2,a5803f8a5d9d87202b43d709cb328cedaf18c446af448f705c33d553e8c2e9f7,5170ec511fb50cdf10d648416d508574d70e9781ddf156a1b2a86d2b385e94dc,100,1729,maximum_nontransitivity_disagreement_gain,2000.0,3000.0
kata1-b6c96-s23401472-d3742377,94,2589.594454550768,2502.9881122787965,2676.20079682274,2641.1801735242348,-51.585718973466555,2,a5803f8a5d9d87202b43d709cb328cedaf18c446af448f705c33d553e8c2e9f7,5170ec511fb50cdf10d648416d508574d70e9781ddf156a1b2a86d2b385e94dc,100,1729,maximum_nontransitivity_disagreement_gain,2000.0,3000.0
kata1-b6c96-s23401472-d3742377,96,2589.3191979079465,2503.821128076124,2674.8172677397692,2641.1801735242348,-51.860975616288215,2,a5803f8a5d9d87202b43d709cb328cedaf18c446af448f705c33d553e8c2e9f7,5170ec511fb50cdf10d648416d508574d70e9781ddf156a1b2a86d2b385e94dc,100,1729,maximum_nontransitivity_disagreement_gain,2000.0,3000.0
kata1-b6c96-s23401472-d3742377,98,2579.5806491304947,2495.4657292131005,2663.695569047889,2641.1801735242348,-61.59952439374001,2,a5803f8a5d9d87202b43d709cb328cedaf18c446af448f705c33d553e8c2e9f7,5170ec511fb50cdf10d648416d508574d70e9781ddf156a1b2a86d2b385e94dc,100,1729,maximum_nontransitivity_disagreement_gain,2000.0,3000.0
kata1-b6c96-s23401472-d3742377,100,2581.893837560088,2498.6316421796796,2665.156032940496,2641.1801735242348,-59.28633596414693,2,a5803f8a5d9d87202b43d709cb328cedaf18c446af448f705c33d553e8c2e9f7,5170ec511fb50cdf10d648416d508574d70e9781ddf156a1b2a86d2b385e94dc,100,1729,maximum_nontransitivity_disagreement_gain,2000.0,3000.0
kata1-b6c96-s27415296-d4256697,2,2847.848182528185,414.60892769056863,5281.087437365802,2790.4567509140643,57.39143161412085,2,a5803f8a5d9d87202b43d709cb328cedaf18c446af448f705c33d553e8c2e9f7,5170ec511fb50cdf10d648416d508574d70e9781ddf156a1b2a86d2b385e94dc,100,1729,maximum_nontransitivity_disagreement_gain,2000.0,3000.0
kata1-b6c96-s27415296-d4256697,4,2431.0060757974466,1811.5078613063802,3050.504290288513,2790.4567509140643,-359.45067511661773,2,a5803f8a5d9d87202b43d709cb328cedaf18c446af448f705c33d553e8c2e9f7,5170ec511fb50cdf10d648416d508574d70e9781ddf156a1b2a86d2b385e94dc,100,1729,maximum_nontransitivity_disagreement_gain,2000.0,3000.0
kata1-b6c96-s27415296-d4256697,6,2497.567150374602,1973.348800819932,3021.785499929272,2790.4567509140643,-292.8896005394622,2,a5803f8a5d9d87202b43d709cb328cedaf18c446af448f705c33d553e8c2e9f7,5170ec511fb50cdf10d648416d508574d70e9781ddf156a1b2a86d2b385e94dc,100,1729,maximum_nontransitivity_disagreement_gain,2000.0,3000.0
kata1-b6c96-s27415296-d4256697,8,2536.668776167526,2058.9000723273266,3014.4374800077258,2790.4567509140643,-253.7879747465381,2,a5803f8a5d9d87202b43d709cb328cedaf18c446af448f705c33d553e8c2e9f7,5170ec511fb50cdf10d648416d508574d70e9781ddf156a1b2a86d2b385e94dc,100,1729,maximum_nontransitivity_disagreement_gain,2000.0,3000.0
kata1-b6c96-s27415296-d4256697,10,2699.159774784762,2336.223191846974,3062.09635772255,2790.4567509140643,-91.2969761293025,2,a5803f8a5d9d87202b43d709cb328cedaf18c446af448f705c33d553e8c2e9f7,5170ec511fb50cdf10d648416d508574d70e9781ddf156a1b2a86d2b385e94dc,100,1729,maximum_nontransitivity_disagreement_gain,2000.0,3000.0
kata1-b6c96-s27415296-d4256697,12,2829.747273149515,2518.466694051319,3141.027852247711,2790.4567509140643,39.29052223545068,2,a5803f8a5d9d87202b43d709cb328cedaf18c446af448f705c33d553e8c2e9f7,5170ec511fb50cdf10d648416d508574d70e9781ddf156a1b2a86d2b385e94dc,100,1729,maximum_nontransitivity_disagreement_gain,2000.0,3000.0
kata1-b6c96-s27415296-d4256697,14,2738.8933040590528,2483.005237823681,2994.7813702944245,2790.4567509140643,-51.563446855011534,2,a5803f8a5d9d87202b43d709cb328cedaf18c446af448f705c33d553e8c2e9f7,5170ec511fb50cdf10d648416d508574d70e9781ddf156a1b2a86d2b385e94dc,100,1729,maximum_nontransitivity_disagreement_gain,2000.0,3000.0
kata1-b6c96-s27415296-d4256697,16,2764.3079133100655,2535.2825971216616,2993.3332294984693,2790.4567509140643,-26.1488376039988,2,a5803f8a5d9d87202b43d709cb328cedaf18c446af448f705c33d553e8c2e9f7,5170ec511fb50cdf10d648416d508574d70e9781ddf156a1b2a86d2b385e94dc,100,1729,maximum_nontransitivity_disagreement_gain,2000.0,3000.0
kata1-b6c96-s27415296-d4256697,18,2781.0270020184903,2572.4919470628533,2989.5620569741272,2790.4567509140643,-9.429748895573994,2,a5803f8a5d9d87202b43d709cb328cedaf18c446af448f705c33d553e8c2e9f7,5170ec511fb50cdf10d648416d508574d70e9781ddf156a1b2a86d2b385e94dc,100,1729,maximum_nontransitivity_disagreement_gain,2000.0,3000.0
kata1-b6c96-s27415296-d4256697,20,2738.0993784673815,2543.339812774242,2932.858944160521,2790.4567509140643,-52.3573724466828,2,a5803f8a5d9d87202b43d709cb328cedaf18c446af448f705c33d553e8c2e9f7,5170ec511fb50cdf10d648416d508574d70e9781ddf156a1b2a86d2b385e94dc,100,1729,maximum_nontransitivity_disagreement_gain,2000.0,3000.0
kata1-b6c96-s27415296-d4256697,22,2754.0487191428306,2572.5902890355874,2935.507149250074,2790.4567509140643,-36.40803177123371,2,a5803f8a5d9d87202b43d709cb328cedaf18c446af448f705c33d553e8c2e9f7,5170ec511fb50cdf10d648416d508574d70e9781ddf156a1b2a86d2b385e94dc,100,1729,maximum_nontransitivity_disagreement_gain,2000.0,3000.0
kata1-b6c96-s27415296-d4256697,24,2808.024986424194,2638.871036434991,2977.1789364133974,2790.4567509140643,17.568235510129853,2,a5803f8a5d9d87202b43d709cb328cedaf18c446af448f705c33d553e8c2e9f7,5170ec511fb50cdf10d648416d508574d70e9781ddf156a1b2a86d2b385e94dc,100,1729,maximum_nontransitivity_disagreement_gain,2000.0,3000.0
kata1-b6c96-s27415296-d4256697,26,2775.9695084271348,2614.5532824436928,2937.385734410577,2790.4567509140643,-14.487242486929517,2,a5803f8a5d9d87202b43d709cb328cedaf18c446af448f705c33d553e8c2e9f7,5170ec511fb50cdf10d648416d508574d70e9781ddf156a1b2a86d2b385e94dc,100,1729,maximum_nontransitivity_disagreement_gain,2000.0,3000.0
kata1-b6c96-s27415296-d4256697,28,2749.4219334600925,2593.715900622848,2905.127966297337,2790.4567509140643,-41.034817453971755,2,a5803f8a5d9d87202b43d709cb328cedaf18c446af448f705c33d553e8c2e9f7,5170ec511fb50cdf10d648416d508574d70e9781ddf156a1b2a86d2b385e94dc,100,1729,maximum_nontransitivity_disagreement_gain,2000.0,3000.0
kata1-b6c96-s27415296-d4256697,30,2726.774251416104,2575.4876445751797,2878.0608582570285,2790.4567509140643,-63.68249949796018,2,a5803f8a5d9d87202b43d709cb328cedaf18c446af448f705c33d553e8c2e9f7,5170ec511fb50cdf10d648416d508574d70e9781ddf156a1b2a86d2b385e94dc,100,1729,maximum_nontransitivity_disagreement_gain,2000.0,3000.0
kata1-b6c96-s27415296-d4256697,32,2737.610595059028,2592.9381572894067,2882.2830328286495,2790.4567509140643,-52.84615585503616,2,a5803f8a5d9d87202b43d709cb328cedaf18c446af448f705c33d553e8c2e9f7,5170ec511fb50cdf10d648416d508574d70e9781ddf156a1b2a86d2b385e94dc,100,1729,maximum_nontransitivity_disagreement_gain,2000.0,3000.0
kata1-b6c96-s27415296-d4256697,34,2718.7906214000923,2577.326451424174,2860.2547913760104,2790.4567509140643,-71.66612951397201,2,a5803f8a5d9d87202b43d709cb328cedaf18c446af448f705c33d553e8c2e9f7,5170ec511fb50cdf10d648416d508574d70e9781ddf156a1b2a86d2b385e94dc,100,1729,maximum_nontransitivity_disagreement_gain,2000.0,3000.0
kata1-b6c96-s27415296-d4256697,36,2701.9977592623795,2563.1986070252124,2840.7969114995467,2790.4567509140643,-88.45899165168476,2,a5803f8a5d9d87202b43d709cb328cedaf18c446af448f705c33d553e8c2e9f7,5170ec511fb50cdf10d648416d508574d70e9781ddf156a1b2a86d2b385e94dc,100,1729,maximum_nontransitivity_disagreement_gain,2000.0,3000.0
kata1-b6c96-s27415296-d4256697,38,2686.8390133540047,2550.2960394159004,2823.381987292109,2790.4567509140643,-103.6177375600596,2,a5803f8a5d9d87202b43d709cb328cedaf18c446af448f705c33d553e8c2e9f7,5170ec511fb50cdf10d648416d508574d70e9781ddf156a1b2a86d2b385e94dc,100,1729,maximum_nontransitivity_disagreement_gain,2000.0,3000.0
kata1-b6c96-s27415296-d4256697,40,2673.0252738988343,2538.4223102537526,2807.628237543916,2790.4567509140643,-117.43147701523003,2,a5803f8a5d9d87202b43d709cb328cedaf18c446af448f705c33d553e8c2e9f7,5170ec511fb50cdf10d648416d508574d70e9781ddf156a1b2a86d2b385e94dc,100,1729,maximum_nontransitivity_disagreement_gain,2000.0,3000.0
kata1-b6c96-s27415296-d4256697,42,2660.337725991673,2527.4247181866212,2793.2507337967245,2790.4567509140643,-130.11902492239142,2,a5803f8a5d9d87202b43d709cb328cedaf18c446af448f705c33d553e8c2e9f7,5170ec511fb50cdf10d648416d508574d70e9781ddf156a1b2a86d2b385e94dc,100,1729,maximum_nontransitivity_disagreement_gain,2000.0,3000.0
kata1-b6c96-s27415296-d4256697,44,2660.6618001292845,2530.9962737603373,2790.3273264982317,2790.4567509140643,-129.79495078477976,2,a5803f8a5d9d87202b43d709cb328cedaf18c446af448f705c33d553e8c2e9f7,5170ec511fb50cdf10d648416d508574d70e9781ddf156a1b2a86d2b385e94dc,100,1729,maximum_nontransitivity_disagreement_gain,2000.0,3000.0
kata1-b6c96-s27415296-d4256697,46,2672.1150280618926,2546.9625908462676,2797.2674652775177,2790.4567509140643,-118.34172285217164,2,a5803f8a5d9d87202b43d709cb328cedaf18c446af448f705c33d553e8c2e9f7,5170ec511fb50cdf10d648416d508574d70e9781ddf156a1b2a86d2b385e94dc,100,1729,maximum_nontransitivity_disagreement_gain,2000.0,3000.0
kata1-b6c96-s27415296-d4256697,48,2661.2206942183434,2537.3475576612286,2785.093830775458,2790.4567509140643,-129.2360566957209,2,a5803f8a5d9d87202b43d709cb328cedaf18c446af448f705c33d553e8c2e9f7,5170ec511fb50cdf10d648416d508574d70e9781ddf156a1b2a86d2b385e94dc,100,1729,maximum_nontransitivity_disagreement_gain,2000.0,3000.0
kata1-b6c96-s27415296-d4256697,50,2651.0295381865903,2528.303001087516,2773.756075285665,2790.4567509140643,-139.42721272747394,2,a5803f8a5d9d87202b43d709cb328cedaf18c446af448f705c33d553e8c2e9f7,5170ec511fb50cdf10d648416d508574d70e9781ddf156a1b2a86d2b385e94dc,100,1729,maximum_nontransitivity_disagreement_gain,2000.0,3000.0
kata1-b6c96-s27415296-d4256697,52,2680.9622972671978,2564.551280921668,2797.3733136127275,2790.4567509140643,-109.49445364686653,2,a5803f8a5d9d87202b43d709cb328cedaf18c446af448f705c33d553e8c2e9f7,5170ec511fb50cdf10d648416d508574d70e9781ddf156a1b2a86d2b385e94dc,100,1729,maximum_nontransitivity_disagreement_gain,2000.0,3000.0
kata1-b6c96-s27415296-d4256697,54,2681.613565646792,2568.1729048488137,2795.05422644477,2790.4567509140643,-108.84318526727247,2,a5803f8a5d9d87202b43d709cb328cedaf18c446af448f705c33d553e8c2e9f7,5170ec511fb50cdf10d648416d508574d70e9781ddf156a1b2a86d2b385e94dc,100,1729,maximum_nontransitivity_disagreement_gain,2000.0,3000.0
kata1-b6c96-s27415296-d4256697,56,2664.6804747806955,2552.1146667379085,2777.2462828234825,2790.4567509140643,-125.77627613336881,2,a5803f8a5d9d87202b43d709cb328cedaf18c446af448f705c33d553e8c2e9f7,5170ec511fb50cdf10d648416d508574d70e9781ddf156a1b2a86d2b385e94dc,100,1729,maximum_nontransitivity_disagreement_gain,2000.0,3000.0
kata1-b6c96-s27415296-d4256697,58,2680.2403082116653,2571.798678753045,2788.6819376702856,2790.4567509140643,-110.21644270239904,2,a5803f8a5d9d87202b43d709cb328cedaf18c446af448f705c33d553e8c2e9f7,5170ec511fb50cdf10d648416d508574d70e9781ddf156a1b2a86d2b385e94dc,100,1729,maximum_nontransitivity_disagreement_gain,2000.0,3000.0
kata1-b6c96-s27415296-d4256697,60,2694.0124491613888,2588.977013467511,2799.0478848552666,2790.4567509140643,-96.44430175267553,2,a5803f8a5d9d87202b43d709cb328cedaf18c446af448f705c33d553e8c2e9f7,5170ec511fb50cdf10d648416d508574d70e9781ddf156a1b2a86d2b385e94dc,100,1729,maximum_nontransitivity_disagreement_gain,2000.0,3000.0
kata1-b6c96-s27415296-d4256697,62,2684.2268318277766,2580.531755804633,2787.92190785092,2790.4567509140643,-106.22991908628774,2,a5803f8a5d9d87202b43d709cb328cedaf18c446af448f705c33d553e8c2e9f7,5170ec511fb50cdf10d648416d508574d70e9781ddf156a1b2a86d2b385e94dc,100,1729,maximum_nontransitivity_disagreement_gain,2000.0,3000.0
kata1-b6c96-s27415296-d4256697,64,2696.6477905149854,2595.7508878506055,2797.5446931793654,2790.4567509140643,-93.80896039907884,2,a5803f8a5d9d87202b43d709cb328cedaf18c446af448f705c33d553e8c2e9f7,5170ec511fb50cdf10d648416d508574d70e9781ddf156a1b2a86d2b385e94dc,100,1729,maximum_nontransitivity_disagreement_gain,2000.0,3000.0
kata1-b6c96-s27415296-d4256697,66,2707.9293622755345,2609.434859380327,2806.423865170742,2790.4567509140643,-82.52738863852983,2,a5803f8a5d9d87202b43d709cb328cedaf18c446af448f705c33d553e8c2e9f7,5170ec511fb50cdf10d648416d508574d70e9781ddf156a1b2a86d2b385e94dc,100,1729,maximum_nontransitivity_disagreement_gain,2000.0,3000.0
kata1-b6c96-s27415296-d4256697,68,2718.265618963379,2621.859867546185,2814.671370380573,2790.4567509140643,-72.1911319506853,2,a5803f8a5d9d87202b43d709cb328cedaf18c446af448f705c33d553e8c2e9f7,5170ec511fb50cdf10d648416d508574d70e9781ddf156a1b2a86d2b385e94dc,100,1729,maximum_nontransitivity_disagreement_gain,2000.0,3000.0
kata1-b6c96-s27415296-d4256697,70,2727.8052132744383,2633.235003284892,2822.3754232639844,2790.4567509140643,-62.651537639625985,2,a5803f8a5d9d87202b43d709cb328cedaf18c446af448f705c33d553e8c2e9f7,5170ec511fb50cdf10d648416d508574d70e9781ddf156a1b2a86d2b385e94dc,100,1729,maximum_nontransitivity_disagreement_gain,2000.0,3000.0
kata1-b6c96-s27415296-d4256697,72,2736.6644418542305,2643.722093576027,2829.606790132434,2790.4567509140643,-53.79230905983377,2,a5803f8a5d9d87202b43d709cb328cedaf18c446af448f705c33d553e8c2e9f7,5170ec511fb50cdf10d648416d508574d70e9781ddf156a1b2a86d2b385e94dc,100,1729,maximum_nontransitivity_disagreement_gain,2000.0,3000.0
kata1-b6c96-s27415296-d4256697,74,2733.5146965980534,2641.798833210541,2825.230559985566,2790.4567509140643,-56.942054316010854,2,a5803f8a5d9d87202b43d709cb328cedaf18c446af448f705c33d553e8c2e9f7,5170ec511fb50cdf10d648416d508574d70e9781ddf156a1b2a86d2b385e94dc,100,1729,maximum_nontransitivity_disagreement_gain,2000.0,3000.0
kata1-b6c96-s27415296-d4256697,76,2741.6458489971196,2651.320355213651,2831.971342780588,2790.4567509140643,-48.81090191694466,2,a5803f8a5d9d87202b43d709cb328cedaf18c446af448f705c33d553e8c2e9f7,5170ec511fb50cdf10d648416d508574d70e9781ddf156a1b2a86d2b385e94dc,100,1729,maximum_nontransitivity_disagreement_gain,2000.0,3000.0
kata1-b6c96-s27415296-d4256697,78,2749.285462901693,2660.2152517312797,2838.355674072106,2790.4567509140643,-41.171288012371406,2,a5803f8a5d9d87202b43d709cb328cedaf18c446af448f705c33d553e8c2e9f7,5170ec511fb50cdf10d648416d508574d70e9781ddf156a1b2a86d2b385e94dc,100,1729,maximum_nontransitivity_disagreement_gain,2000.0,3000.0
kata1-b6c96-s27415296-d4256697,80,2756.490981475064,2668.5606396256308,2844.4213233244973,2790.4567509140643,-33.96576943900027,2,a5803f8a5d9d87202b43d709cb328cedaf18c446af448f705c33d553e8c2e9f7,5170ec511fb50cdf10d648416d508574d70e9781ddf156a1b2a86d2b385e94dc,100,1729,maximum_nontransitivity_disagreement_gain,2000.0,3000.0
kata1-b6c96-s27415296-d4256697,82,2753.1555771592184,2666.2515503079785,2840.0596040104583,2790.4567509140643,-37.30117375484588,2,a5803f8a5d9d87202b43d709cb328cedaf18c446af448f705c33d553e8c2e9f7,5170ec511fb50cdf10d648416d508574d70e9781ddf156a1b2a86d2b385e94dc,100,1729,maximum_nontransitivity_disagreement_gain,2000.0,3000.0
kata1-b6c96-s27415296-d4256697,84,2745.047875336967,2659.1157121559936,2830.9800385179406,2790.4567509140643,-45.408875577097206,2,a5803f8a5d9d87202b43d709cb328cedaf18c446af448f705c33d553e8c2e9f7,5170ec511fb50cdf10d648416d508574d70e9781ddf156a1b2a86d2b385e94dc,100,1729,maximum_nontransitivity_disagreement_gain,2000.0,3000.0
kata1-b6c96-s27415296-d4256697,86,2751.8151256094266,2666.872289871801,2836.757961347052,2790.4567509140643,-38.64162530463773,2,a5803f8a5d9d87202b43d709cb328cedaf18c446af448f705c33d553e8c2e9f7,5170ec511fb50cdf10d648416d508574d70e9781ddf156a1b2a86d2b385e94dc,100,1729,maximum_nontransitivity_disagreement_gain,2000.0,3000.0
kata1-b6c96-s27415296-d4256697,88,2753.548140546351,2669.528624401487,2837.5676566912152,2790.4567509140643,-36.90861036771321,2,a5803f8a5d9d87202b43d709cb328cedaf18c446af448f705c33d553e8c2e9f7,5170ec511fb50cdf10d648416d508574d70e9781ddf156a1b2a86d2b385e94dc,100,1729,maximum_nontransitivity_disagreement_gain,2000.0,3000.0
kata1-b6c96-s27415296-d4256697,90,2759.7859749189543,2676.625177840754,2842.9467719971544,2790.4567509140643,-30.670775995110034,2,a5803f8a5d9d87202b43d709cb328cedaf18c446af448f705c33d553e8c2e9f7,5170ec511fb50cdf10d648416d508574d70e9781ddf156a1b2a86d2b385e94dc,100,1729,maximum_nontransitivity_disagreement_gain,2000.0,3000.0
kata1-b6c96-s27415296-d4256697,92,2756.771112504916,2674.477495107813,2839.064729902019,2790.4567509140643,-33.685638409148396,2,a5803f8a5d9d87202b43d709cb328cedaf18c446af448f705c33d553e8c2e9f7,5170ec511fb50cdf10d648416d508574d70e9781ddf156a1b2a86d2b385e94dc,100,1729,maximum_nontransitivity_disagreement_gain,2000.0,3000.0
kata1-b6c96-s27415296-d4256697,94,2758.272867662637,2676.7879031931525,2839.7578321321216,2790.4567509140643,-32.18388325142723,2,a5803f8a5d9d87202b43d709cb328cedaf18c446af448f705c33d553e8c2e9f7,5170ec511fb50cdf10d648416d508574d70e9781ddf156a1b2a86d2b385e94dc,100,1729,maximum_nontransitivity_disagreement_gain,2000.0,3000.0
kata1-b6c96-s27415296-d4256697,96,2763.994842867475,2683.239650644413,2844.7500350905375,2790.4567509140643,-26.461908046589087,2,a5803f8a5d9d87202b43d709cb328cedaf18c446af448f705c33d553e8c2e9f7,5170ec511fb50cdf10d648416d508574d70e9781ddf156a1b2a86d2b385e94dc,100,1729,maximum_nontransitivity_disagreement_gain,2000.0,3000.0
kata1-b6c96-s27415296-d4256697,98,2761.0821285854595,2681.118698750154,2841.045558420765,2790.4567509140643,-29.3746223286048,2,a5803f8a5d9d87202b43d709cb328cedaf18c446af448f705c33d553e8c2e9f7,5170ec511fb50cdf10d648416d508574d70e9781ddf156a1b2a86d2b385e94dc,100,1729,maximum_nontransitivity_disagreement_gain,2000.0,3000.0
kata1-b6c96-s27415296-d4256697,100,2766.507338039358,2687.2037956009185,2845.810880477797,2790.4567509140643,-23.949412874706468,2,a5803f8a5d9d87202b43d709cb328cedaf18c446af448f705c33d553e8c2e9f7,5170ec511fb50cdf10d648416d508574d70e9781ddf156a1b2a86d2b385e94dc,100,1729,maximum_nontransitivity_disagreement_gain,2000.0,3000.0
kata1-b6c96-s30394624-d4635675,2,2203.4902865635536,1648.3949497802712,2758.5856233468357,2868.748124563376,-665.2578379998226,2,a5803f8a5d9d87202b43d709cb328cedaf18c446af448f705c33d553e8c2e9f7,5170ec511fb50cdf10d648416d508574d70e9781ddf156a1b2a86d2b385e94dc,100,1729,maximum_nontransitivity_disagreement_gain,2000.0,3000.0
kata1-b6c96-s30394624-d4635675,4,2350.387905914831,1838.724311859422,2862.0514999702405,2868.748124563376,-518.360218648545,2,a5803f8a5d9d87202b43d709cb328cedaf18c446af448f705c33d553e8c2e9f7,5170ec511fb50cdf10d648416d508574d70e9781ddf156a1b2a86d2b385e94dc,100,1729,maximum_nontransitivity_disagreement_gain,2000.0,3000.0
kata1-b6c96-s30394624-d4635675,6,2428.509899990471,1929.7109420590418,2927.3088579218997,2868.748124563376,-440.23822457290544,2,a5803f8a5d9d87202b43d709cb328cedaf18c446af448f705c33d553e8c2e9f7,5170ec511fb50cdf10d648416d508574d70e9781ddf156a1b2a86d2b385e94dc,100,1729,maximum_nontransitivity_disagreement_gain,2000.0,3000.0
kata1-b6c96-s30394624-d4635675,8,2482.0477978242075,1989.5122085284597,2974.583387119955,2868.748124563376,-386.70032673916876,2,a5803f8a5d9d87202b43d709cb328cedaf18c446af448f705c33d553e8c2e9f7,5170ec511fb50cdf10d648416d508574d70e9781ddf156a1b2a86d2b385e94dc,100,1729,maximum_nontransitivity_disagreement_gain,2000.0,3000.0
kata1-b6c96-s30394624-d4635675,10,2522.823623411385,2034.0325327586784,3011.614714064092,2868.748124563376,-345.9245011519911,2,a5803f8a5d9d87202b43d709cb328cedaf18c446af448f705c33d553e8c2e9f7,5170ec511fb50cdf10d648416d508574d70e9781ddf156a1b2a86d2b385e94dc,100,1729,maximum_nontransitivity_disagreement_gain,2000.0,3000.0
kata1-b6c96-s30394624-d4635675,12,2751.535634510036,2240.8746368074144,3262.1966322126573,2868.748124563376,-117.21249005334039,2,a5803f8a5d9d87202b43d709cb328cedaf18c446af448f705c33d553e8c2e9f7,5170ec511fb50cdf10d648416d508574d70e9781ddf156a1b2a86d2b385e94dc,100,1729,maximum_nontransitivity_disagreement_gain,2000.0,3000.0
kata1-b6c96-s30394624-d4635675,14,2993.044598720155,2482.3261813881136,3503.7630160521967,2868.748124563376,124.29647415677891,2,a5803f8a5d9d87202b43d709cb328cedaf18c446af448f705c33d553e8c2e9f7,5170ec511fb50cdf10d648416d508574d70e9781ddf156a1b2a86d2b385e94dc,100,1729,maximum_nontransitivity_disagreement_gain,2000.0,3000.0
kata1-b6c96-s30394624-d4635675,16,2990.236575463341,2639.904997227943,3340.568153698739,2868.748124563376,121.48845089996485,2,a5803f8a5d9d87202b43d709cb328cedaf18c446af448f705c33d553e8c2e9f7,5170ec511fb50cdf10d648416d508574d70e9781ddf156a1b2a86d2b385e94dc,100,1729,maximum_nontransitivity_disagreement_gain,2000.0,3000.0
kata1-b6c96-s30394624-d4635675,18,2876.052627148038,2604.111493553052,3147.9937607430243,2868.748124563376,7.304502584661805,2,a5803f8a5d9d87202b43d709cb328cedaf18c446af448f705c33d553e8c2e9f7,5170ec511fb50cdf10d648416d508574d70e9781ddf156a1b2a86d2b385e94dc,100,1729,maximum_nontransitivity_disagreement_gain,2000.0,3000.0
kata1-b6c96-s30394624-d4635675,20,2914.912536319807,2675.1363739149083,3154.6886987247053,2868.748124563376,46.16441175643058,2,a5803f8a5d9d87202b43d709cb328cedaf18c446af448f705c33d553e8c2e9f7,5170ec511fb50cdf10d648416d508574d70e9781ddf156a1b2a86d2b385e94dc,100,1729,maximum_nontransitivity_disagreement_gain,2000.0,3000.0
kata1-b6c96-s30394624-d4635675,22,2912.7263348752404,2697.554306100646,3127.8983636498347,2868.748124563376,43.97821031186413,2,a5803f8a5d9d87202b43d709cb328cedaf18c446af448f705c33d553e8c2e9f7,5170ec511fb50cdf10d648416d508574d70e9781ddf156a1b2a86d2b385e94dc,100,1729,maximum_nontransitivity_disagreement_gain,2000.0,3000.0
kata1-b6c96-s30394624-d4635675,24,2913.908818828164,2716.794357990705,3111.023279665623,2868.748124563376,45.16069426478771,2,a5803f8a5d9d87202b43d709cb328cedaf18c446af448f705c33d553e8c2e9f7,5170ec511fb50cdf10d648416d508574d70e9781ddf156a1b2a86d2b385e94dc,100,1729,maximum_nontransitivity_disagreement_gain,2000.0,3000.0
kata1-b6c96-s30394624-d4635675,26,2912.485651854713,2729.5283597570738,3095.4429439523524,2868.748124563376,43.737527291336846,2,a5803f8a5d9d87202b43d709cb328cedaf18c446af448f705c33d553e8c2e9f7,5170ec511fb50cdf10d648416d508574d70e9781ddf156a1b2a86d2b385e94dc,100,1729,maximum_nontransitivity_disagreement_gain,2000.0,3000.0
kata1-b6c96-s30394624-d4635675,28,2870.647207003869,2699.2933986268495,3042.0010153808885,2868.748124563376,1.899082440492748,2,a5803f8a5d9d87202b43d709cb328cedaf18c446af448f705c33d553e8c2e9f7,5170ec511fb50cdf10d648416d508574d70e9781ddf156a1b2a86d2b385e94dc,100,1729,maximum_nontransitivity_disagreement_gain,2000.0,3000.0
kata1-b6c96-s30394624-d4635675,30,2869.790502692632,2707.8168456176104,3031.7641597676534,2868.748124563376,1.0423781292556669,2,a5803f8a5d9d87202b43d709cb328cedaf18c446af448f705c33d553e8c2e9f7,5170ec511fb50cdf10d648416d508574d70e9781ddf156a1b2a86d2b385e94dc,100,1729,maximum_nontransitivity_disagreement_gain,2000.0,3000.0
kata1-b6c96-s30394624-d4635675,32,2851.914981720272,2697.5420154101007,3006.287948030443,2868.748124563376,-16.83314284310427,2,a5803f8a5d9d87202b43d709cb328cedaf18c446af448f705c33d553e8c2e9f7,5170ec511fb50cdf10d648416d508574d70e9781ddf156a1b2a86d2b385e94dc,100,1729,maximum_nontransitivity_disagreement_gain,2000.0,3000.0
kata1-b6c96-s30394624-d4635675,34,2850.6947271965005,2703.199195795939,2998.190258597062,2868.748124563376,-18.053397366875743,2,a5803f8a5d9d87202b43d709cb328cedaf18c446af448f705c33d553e8c2e9f7,5170ec511fb50cdf10d648416d508574d70e9781ddf156a1b2a86d2b385e94dc,100,1729,maximum_nontransitivity_disagreement_gain,2000.0,3000.0
kata1-b6c96-s30394624-d4635675,36,2849.6781495733985,2708.1785012269365,2991.1777979198605,2868.748124563376,-19.06997498997771,2,a5803f8a5d9d87202b43d709cb328cedaf18c446af448f705c33d553e8c2e9f7,5170ec511fb50cdf10d648416d508574d70e9781ddf156a1b2a86d2b385e94dc,100,1729,maximum_nontransitivity_disagreement_gain,2000.0,3000.0
kata1-b6c96-s30394624-d4635675,38,2822.050394500545,2685.0508057281327,2959.049983272957,2868.748124563376,-46.6977300628314,2,a5803f8a5d9d87202b43d709cb328cedaf18c446af448f705c33d553e8c2e9f7,5170ec511fb50cdf10d648416d508574d70e9781ddf156a1b2a86d2b385e94dc,100,1729,maximum_nontransitivity_disagreement_gain,2000.0,3000.0
kata1-b6c96-s30394624-d4635675,40,2848.0762854659524,2716.5649853324585,2979.5875855994464,2868.748124563376,-20.6718390974238,2,a5803f8a5d9d87202b43d709cb328cedaf18c446af448f705c33d553e8c2e9f7,5170ec511fb50cdf10d648416d508574d70e9781ddf156a1b2a86d2b385e94dc,100,1729,maximum_nontransitivity_disagreement_gain,2000.0,3000.0
kata1-b6c96-s30394624-d4635675,42,2872.0778692457757,2744.9084609878073,2999.247277503744,2868.748124563376,3.3297446823994505,2,a5803f8a5d9d87202b43d709cb328cedaf18c446af448f705c33d553e8c2e9f7,5170ec511fb50cdf10d648416d508574d70e9781ddf156a1b2a86d2b385e94dc,100,1729,maximum_nontransitivity_disagreement_gain,2000.0,3000.0
kata1-b6c96-s30394624-d4635675,44,2871.499007911934,2748.1309299463755,2994.867085877492,2868.748124563376,2.750883348557636,2,a5803f8a5d9d87202b43d709cb328cedaf18c446af448f705c33d553e8c2e9f7,5170ec511fb50cdf10d648416d508574d70e9781ddf156a1b2a86d2b385e94dc,100,1729,maximum_nontransitivity_disagreement_gain,2000.0,3000.0
kata1-b6c96-s30394624-d4635675,46,2870.983763863927,2751.0682904916735,2990.8992372361804,2868.748124563376,2.2356393005507016,2,a5803f8a5d9d87202b43d709cb328cedaf18c446af448f705c33d553e8c2e9f7,5170ec511fb50cdf10d648416d508574d70e9781ddf156a1b2a86d2b385e94dc,100,1729,maximum_nontransitivity_disagreement_gain,2000.0,3000.0
kata1-b6c96-s30394624-d4635675,48,2889.7166255955804,2772.730918142584,3006.7023330485767,2868.748124563376,20.96850103220413,2,a5803f8a5d9d87202b43d709cb328cedaf18c446af448f705c33d553e8c2e9f7,5170ec511fb50cdf10d648416d508574d70e9781ddf156a1b2a86d2b385e94dc,100,1729,maximum_nontransitivity_disagreement_gain,2000.0,3000.0
kata1-b6c96-s30394624-d4635675,50,2888.295616485754,2774.2307711434814,3002.360461828027,2868.748124563376,19.547491922377958,2,a5803f8a5d9d87202b43d709cb328cedaf18c446af448f705c33d553e8c2e9f7,5170ec511fb50cdf10d648416d508574d70e9781ddf156a1b2a86d2b385e94dc,100,1729,maximum_nontransitivity_disagreement_gain,2000.0,3000.0
kata1-b6c96-s30394624-d4635675,52,2887.017735272651,2775.643499238148,2998.391971307154,2868.748124563376,18.26961070927473,2,a5803f8a5d9d87202b43d709cb328cedaf18c446af448f705c33d553e8c2e9f7,5170ec511fb50cdf10d648416d508574d70e9781ddf156a1b2a86d2b385e94dc,100,1729,maximum_nontransitivity_disagreement_gain,2000.0,3000.0
kata1-b6c96-s30394624-d4635675,54,2869.42743154624,2760.6966870954034,2978.1581759970763,2868.748124563376,0.6793069828636362,2,a5803f8a5d9d87202b43d709cb328cedaf18c446af448f705c33d553e8c2e9f7,5170ec511fb50cdf10d648416d508574d70e9781ddf156a1b2a86d2b385e94dc,100,1729,maximum_nontransitivity_disagreement_gain,2000.0,3000.0
kata1-b6c96-s30394624-d4635675,56,2884.807987211234,2778.2329834883603,2991.3829909341075,2868.748124563376,16.0598626478577,2,a5803f8a5d9d87202b43d709cb328cedaf18c446af448f705c33d553e8c2e9f7,5170ec511fb50cdf10d648416d508574d70e9781ddf156a1b2a86d2b385e94dc,100,1729,maximum_nontransitivity_disagreement_gain,2000.0,3000.0
kata1-b6c96-s30394624-d4635675,58,2868.8508970563144,2764.5523787788998,2973.149415333729,2868.748124563376,0.10277249293812929,2,a5803f8a5d9d87202b43d709cb328cedaf18c446af448f705c33d553e8c2e9f7,5170ec511fb50cdf10d648416d508574d70e9781ddf156a1b2a86d2b385e94dc,100,1729,maximum_nontransitivity_disagreement_gain,2000.0,3000.0
kata1-b6c96-s30394624-d4635675,60,2868.5962245207384,2766.2964836562974,2970.8959653851794,2868.748124563376,-0.1519000426378625,2,a5803f8a5d9d87202b43d709cb328cedaf18c446af448f705c33d553e8c2e9f7,5170ec511fb50cdf10d648416d508574d70e9781ddf156a1b2a86d2b385e94dc,100,1729,maximum_nontransitivity_disagreement_gain,2000.0,3000.0
kata1-b6c96-s30394624-d4635675,62,2856.716208025142,2756.2509437176905,2957.1814723325933,2868.748124563376,-12.031916538234327,2,a5803f8a5d9d87202b43d709cb328cedaf18c446af448f705c33d553e8c2e9f7,5170ec511fb50cdf10d648416d508574d70e9781ddf156a1b2a86d2b385e94dc,100,1729,maximum_nontransitivity_disagreement_gain,2000.0,3000.0
kata1-b6c96-s30394624-d4635675,64,2845.7228320709087,2746.8651467099135,2944.580517431904,2868.748124563376,-23.025292492467543,2,a5803f8a5d9d87202b43d709cb328cedaf18c446af448f705c33d553e8c2e9f7,5170ec511fb50cdf10d648416d508574d70e9781ddf156a1b2a86d2b385e94dc,100,1729,maximum_nontransitivity_disagreement_gain,2000.0,3000.0
kata1-b6c96-s30394624-d4635675,66,2841.9934639118314,2744.6974006584155,2939.2895271652474,2868.748124563376,-26.754660651544782,2,a5803f8a5d9d87202b43d709cb328cedaf18c446af448f705c33d553e8c2e9f7,5170ec511fb50cdf10d648416d508574d70e9781ddf156a1b2a86d2b385e94dc,100,1729,maximum_nontransitivity_disagreement_gain,2000.0,3000.0
kata1-b6c96-s30394624-d4635675,68,2844.7810374167384,2749.076115360774,2940.4859594727027,2868.748124563376,-23.967087146637823,2,a5803f8a5d9d87202b43d709cb328cedaf18c446af448f705c33d553e8c2e9f7,5170ec511fb50cdf10d648416d508574d70e9781ddf156a1b2a86d2b385e94dc,100,1729,maximum_nontransitivity_disagreement_gain,2000.0,3000.0
kata1-b6c96-s30394624-d4635675,70,2847.3809158331455,2753.1817897784044,2941.5800418878866,2868.748124563376,-21.367208730230686,2,a5803f8a5d9d87202b43d709cb328cedaf18c446af448f705c33d553e8c2e9f7,5170ec511fb50cdf10d648416d508574d70e9781ddf156a1b2a86d2b385e94dc,100,1729,maximum_nontransitivity_disagreement_gain,2000.0,3000.0
kata1-b6c96-s30394624-d4635675,72,2849.8074785010845,2757.0359220830564,2942.5790349191125,2868.748124563376,-18.940646062291762,2,a5803f8a5d9d87202b43d709cb328cedaf18c446af448f705c33d553e8c2e9f7,5170ec511fb50cdf10d648416d508574d70e9781ddf156a1b2a86d2b385e94dc,100,1729,maximum_nontransitivity_disagreement_gain,2000.0,3000.0
kata1-b6c96-s30394624-d4635675,74,2840.764178167796,2749.124279990968,2932.4040763446246,2868.748124563376,-27.983946395580006,2,a5803f8a5d9d87202b43d709cb328cedaf18c446af448f705c33d553e8c2e9f7,5170ec511fb50cdf10d648416d508574d70e9781ddf156a1b2a86d2b385e94dc,100,1729,maximum_nontransitivity_disagreement_gain,2000.0,3000.0
kata1-b6c96-s30394624-d4635675,76,2848.7316131519015,2758.510271659132,2938.952954644671,2868.748124563376,-20.016511411474767,2,a5803f8a5d9d87202b43d709cb328cedaf18c446af448f705c33d553e8c2e9f7,5170ec511fb50cdf10d648416d508574d70e9781ddf156a1b2a86d2b385e94dc,100,1729,maximum_nontransitivity_disagreement_gain,2000.0,3000.0
kata1-b6c96-s30394624-d4635675,78,2856.19641962641,2767.2974258013764,2945.095413451443,2868.748124563376,-12.551704936966416,2,a5803f8a5d9d87202b43d709cb328cedaf18c446af448f705c33d553e8c2e9f7,5170ec511fb50cdf10d648416d508574d70e9781ddf156a1b2a86d2b385e94dc,100,1729,maximum_nontransitivity_disagreement_gain,2000.0,3000.0
kata1-b6c96-s30394624-d4635675,80,2856.3824663156997,2768.662144731857,2944.1027878995424,2868.748124563376,-12.365658247676492,2,a5803f8a5d9d87202b43d709cb328cedaf18c446af448f705c33d553e8c2e9f7,5170ec511fb50cdf10d648416d508574d70e9781ddf156a1b2a86d2b385e94dc,100,1729,maximum_nontransitivity_disagreement_gain,2000.0,3000.0
kata1-b6c96-s30394624-d4635675,82,2861.5306262861695,2774.99369031761,2948.067562254729,2868.748124563376,-7.217498277206687,2,a5803f8a5d9d87202b43d709cb328cedaf18c446af448f705c33d553e8c2e9f7,5170ec511fb50cdf10d648416d508574d70e9781ddf156a1b2a86d2b385e94dc,100,1729,maximum_nontransitivity_disagreement_gain,2000.0,3000.0
kata1-b6c96-s30394624-d4635675,84,2861.554652767129,2776.0874805063695,2947.0218250278886,2868.748124563376,-7.193471796247195,2,a5803f8a5d9d87202b43d709cb328cedaf18c446af448f705c33d553e8c2e9f7,5170ec511fb50cdf10d648416d508574d70e9781ddf156a1b2a86d2b385e94dc,100,1729,maximum_nontransitivity_disagreement_gain,2000.0,3000.0
kata1-b6c96-s30394624-d4635675,86,2852.1820226953982,2767.622471651796,2936.7415737390006,2868.748124563376,-16.566101867977977,2,a5803f8a5d9d87202b43d709cb328cedaf18c446af448f705c33d553e8c2e9f7,5170ec511fb50cdf10d648416d508574d70e9781ddf156a1b2a86d2b385e94dc,100,1729,maximum_nontransitivity_disagreement_gain,2000.0,3000.0
kata1-b6c96-s30394624-d4635675,88,2851.8116675914493,2768.260640354078,2935.3626948288206,2868.748124563376,-16.936456971926873,2,a5803f8a5d9d87202b43d709cb328cedaf18c446af448f705c33d553e8c2e9f7,5170ec511fb50cdf10d648416d508574d70e9781ddf156a1b2a86d2b385e94dc,100,1729,maximum_nontransitivity_disagreement_gain,2000.0,3000.0
kata1-b6c96-s30394624-d4635675,90,2851.4663081562444,2768.8819956593634,2934.0506206531254,2868.748124563376,-17.281816407131828,2,a5803f8a5d9d87202b43d709cb328cedaf18c446af448f705c33d553e8c2e9f7,5170ec511fb50cdf10d648416d508574d70e9781ddf156a1b2a86d2b385e94dc,100,1729,maximum_nontransitivity_disagreement_gain,2000.0,3000.0
kata1-b6c96-s30394624-d4635675,92,2851.1334454596786,2769.477005982732,2932.789884936625,2868.748124563376,-17.614679103697654,2,a5803f8a5d9d87202b43d709cb328cedaf18c446af448f705c33d553e8c2e9f7,5170ec511fb50cdf10d648416d508574d70e9781ddf156a1b2a86d2b385e94dc,100,1729,maximum_nontransitivity_disagreement_gain,2000.0,3000.0
kata1-b6c96-s30394624-d4635675,94,2850.2542881388667,2769.481497962486,2931.0270783152473,2868.748124563376,-18.49383642450948,2,a5803f8a5d9d87202b43d709cb328cedaf18c446af448f705c33d553e8c2e9f7,5170ec511fb50cdf10d648416d508574d70e9781ddf156a1b2a86d2b385e94dc,100,1729,maximum_nontransitivity_disagreement_gain,2000.0,3000.0
kata1-b6c96-s30394624-d4635675,96,2849.972004450373,2770.0578962766795,2929.8861126240663,2868.748124563376,-18.776120113003344,2,a5803f8a5d9d87202b43d709cb328cedaf18c446af448f705c33d553e8c2e9f7,5170ec511fb50cdf10d648416d508574d70e9781ddf156a1b2a86d2b385e94dc,100,1729,maximum_nontransitivity_disagreement_gain,2000.0,3000.0
kata1-b6c96-s30394624-d4635675,98,2850.2690658978777,2771.166838852576,2929.3712929431795,2868.748124563376,-18.479058665498542,2,a5803f8a5d9d87202b43d709cb328cedaf18c446af448f705c33d553e8c2e9f7,5170ec511fb50cdf10d648416d508574d70e9781ddf156a1b2a86d2b385e94dc,100,1729,maximum_nontransitivity_disagreement_gain,2000.0,3000.0
kata1-b6c96-s30394624-d4635675,100,2857.9991026147773,2779.767169961249,2936.2310352683057,2868.748124563376,-10.749021948598966,2,a5803f8a5d9d87202b43d709cb328cedaf18c446af448f705c33d553e8c2e9f7,5170ec511fb50cdf10d648416d508574d70e9781ddf156a1b2a86d2b385e94dc,100,1729,maximum_nontransitivity_disagreement_gain,2000.0,3000.0
kata1-b6c96-s37368064-d5536083,2,2847.6012300458433,414.06044141594566,5281.1420186757405,2990.0846228175806,-142.48339277173727,2,a5803f8a5d9d87202b43d709cb328cedaf18c446af448f705c33d553e8c2e9f7,5170ec511fb50cdf10d648416d508574d70e9781ddf156a1b2a86d2b385e94dc,100,1729,maximum_nontransitivity_disagreement_gain,2000.0,3000.0
kata1-b6c96-s37368064-d5536083,4,3566.1935014873306,1695.513237139318,5436.873765835343,2990.0846228175806,576.1088786697501,2,a5803f8a5d9d87202b43d709cb328cedaf18c446af448f705c33d553e8c2e9f7,5170ec511fb50cdf10d648416d508574d70e9781ddf156a1b2a86d2b385e94dc,100,1729,maximum_nontransitivity_disagreement_gain,2000.0,3000.0
kata1-b6c96-s37368064-d5536083,6,3675.411786558493,1866.3946512317166,5484.42892188527,2990.0846228175806,685.3271637409125,2,a5803f8a5d9d87202b43d709cb328cedaf18c446af448f705c33d553e8c2e9f7,5170ec511fb50cdf10d648416d508574d70e9781ddf156a1b2a86d2b385e94dc,100,1729,maximum_nontransitivity_disagreement_gain,2000.0,3000.0
kata1-b6c96-s37368064-d5536083,8,3317.967920177663,2791.855775897927,3844.080064457399,2990.0846228175806,327.88329736008245,2,a5803f8a5d9d87202b43d709cb328cedaf18c446af448f705c33d553e8c2e9f7,5170ec511fb50cdf10d648416d508574d70e9781ddf156a1b2a86d2b385e94dc,100,1729,maximum_nontransitivity_disagreement_gain,2000.0,3000.0
kata1-b6c96-s37368064-d5536083,10,3357.979431398798,2878.5175578869953,3837.441304910601,2990.0846228175806,367.8948085812176,2,a5803f8a5d9d87202b43d709cb328cedaf18c446af448f705c33d553e8c2e9f7,5170ec511fb50cdf10d648416d508574d70e9781ddf156a1b2a86d2b385e94dc,100,1729,maximum_nontransitivity_disagreement_gain,2000.0,3000.0
kata1-b6c96-s37368064-d5536083,12,3202.747962595052,2874.666635184031,3530.829290006073,2990.0846228175806,212.66333977747126,2,a5803f8a5d9d87202b43d709cb328cedaf18c446af448f705c33d553e8c2e9f7,5170ec511fb50cdf10d648416d508574d70e9781ddf156a1b2a86d2b385e94dc,100,1729,maximum_nontransitivity_disagreement_gain,2000.0,3000.0
kata1-b6c96-s37368064-d5536083,14,3105.330479030273,2827.53940711446,3383.1215509460862,2990.0846228175806,115.24585621269262,2,a5803f8a5d9d87202b43d709cb328cedaf18c446af448f705c33d553e8c2e9f7,5170ec511fb50cdf10d648416d508574d70e9781ddf156a1b2a86d2b385e94dc,100,1729,maximum_nontransitivity_disagreement_gain,2000.0,3000.0
kata1-b6c96-s37368064-d5536083,16,2969.166158431979,2746.2414361702486,3192.0908806937096,2990.0846228175806,-20.91846438560151,2,a5803f8a5d9d87202b43d709cb328cedaf18c446af448f705c33d553e8c2e9f7,5170ec511fb50cdf10d648416d508574d70e9781ddf156a1b2a86d2b385e94dc,100,1729,maximum_nontransitivity_disagreement_gain,2000.0,3000.0
kata1-b6c96-s37368064-d5536083,18,2996.379202900902,2789.43617609956,3203.322229702244,2990.0846228175806,6.294580083321307,2,a5803f8a5d9d87202b43d709cb328cedaf18c446af448f705c33d553e8c2e9f7,5170ec511fb50cdf10d648416d508574d70e9781ddf156a1b2a86d2b385e94dc,100,1729,maximum_nontransitivity_disagreement_gain,2000.0,3000.0
kata1-b6c96-s37368064-d5536083,20,2989.108410779361,2799.077303968183,3179.1395175905386,2990.0846228175806,-0.9762120382197281,2,a5803f8a5d9d87202b43d709cb328cedaf18c446af448f705c33d553e8c2e9f7,5170ec511fb50cdf10d648416d508574d70e9781ddf156a1b2a86d2b385e94dc,100,1729,maximum_nontransitivity_disagreement_gain,2000.0,3000.0
kata1-b6c96-s37368064-d5536083,22,3030.9788098477197,2847.872833560298,3214.0847861351413,2990.0846228175806,40.894187030139165,2,a5803f8a5d9d87202b43d709cb328cedaf18c446af448f705c33d553e8c2e9f7,5170ec511fb50cdf10d648416d508574d70e9781ddf156a1b2a86d2b385e94dc,100,1729,maximum_nontransitivity_disagreement_gain,2000.0,3000.0
kata1-b6c96-s37368064-d5536083,24,3065.1468203337613,2887.44927807601,3242.8443625915124,2990.0846228175806,75.06219751618073,2,a5803f8a5d9d87202b43d709cb328cedaf18c446af448f705c33d553e8c2e9f7,5170ec511fb50cdf10d648416d508574d70e9781ddf156a1b2a86d2b385e94dc,100,1729,maximum_nontransitivity_disagreement_gain,2000.0,3000.0
kata1-b6c96-s37368064-d5536083,26,3093.803501429843,2920.4617451474273,3267.1452577122586,2990.0846228175806,103.71887861226242,2,a5803f8a5d9d87202b43d709cb328cedaf18c446af448f705c33d553e8c2e9f7,5170ec511fb50cdf10d648416d508574d70e9781ddf156a1b2a86d2b385e94dc,100,1729,maximum_nontransitivity_disagreement_gain,2000.0,3000.0
kata1-b6c96-s37368064-d5536083,28,3078.4132416739367,2916.018012364053,3240.8084709838204,2990.0846228175806,88.32861885635612,2,a5803f8a5d9d87202b43d709cb328cedaf18c446af448f705c33d553e8c2e9f7,5170ec511fb50cdf10d648416d508574d70e9781ddf156a1b2a86d2b385e94dc,100,1729,maximum_nontransitivity_disagreement_gain,2000.0,3000.0
kata1-b6c96-s37368064-d5536083,30,3101.370057989232,2942.1324528509763,3260.6076631274877,2990.0846228175806,111.28543517165144,2,a5803f8a5d9d87202b43d709cb328cedaf18c446af448f705c33d553e8c2e9f7,5170ec511fb50cdf10d648416d508574d70e9781ddf156a1b2a86d2b385e94dc,100,1729,maximum_nontransitivity_disagreement_gain,2000.0,3000.0
kata1-b6c96-s37368064-d5536083,32,3121.6112568537874,2965.0400063415723,3278.1825073660025,2990.0846228175806,131.52663403620681,2,a5803f8a5d9d87202b43d709cb328cedaf18c446af448f705c33d553e8c2e9f7,5170ec511fb50cdf10d648416d508574d70e9781ddf156a1b2a86d2b385e94dc,100,1729,maximum_nontransitivity_disagreement_gain,2000.0,3000.0
kata1-b6c96-s37368064-d5536083,34,3139.680070673896,2985.3960880145346,3293.964053333257,2990.0846228175806,149.59544785631533,2,a5803f8a5d9d87202b43d709cb328cedaf18c446af448f705c33d553e8c2e9f7,5170ec511fb50cdf10d648416d508574d70e9781ddf156a1b2a86d2b385e94dc,100,1729,maximum_nontransitivity_disagreement_gain,2000.0,3000.0
kata1-b6c96-s37368064-d5536083,36,3117.4440987221674,2970.977062292231,3263.9111351521037,2990.0846228175806,127.35947590458682,2,a5803f8a5d9d87202b43d709cb328cedaf18c446af448f705c33d553e8c2e9f7,5170ec511fb50cdf10d648416d508574d70e9781ddf156a1b2a86d2b385e94dc,100,1729,maximum_nontransitivity_disagreement_gain,2000.0,3000.0
kata1-b6c96-s37368064-d5536083,38,3098.355779104686,2958.5246946139696,3238.1868635954024,2990.0846228175806,108.27115628710544,2,a5803f8a5d9d87202b43d709cb328cedaf18c446af448f705c33d553e8c2e9f7,5170ec511fb50cdf10d648416d508574d70e9781ddf156a1b2a86d2b385e94dc,100,1729,maximum_nontransitivity_disagreement_gain,2000.0,3000.0
kata1-b6c96-s37368064-d5536083,40,3108.3336983868267,2969.979084876076,3246.6883118975775,2990.0846228175806,118.24907556924609,2,a5803f8a5d9d87202b43d709cb328cedaf18c446af448f705c33d553e8c2e9f7,5170ec511fb50cdf10d648416d508574d70e9781ddf156a1b2a86d2b385e94dc,100,1729,maximum_nontransitivity_disagreement_gain,2000.0,3000.0
kata1-b6c96-s37368064-d5536083,42,3091.6639293519365,2958.958046183707,3224.369812520166,2990.0846228175806,101.57930653435596,2,a5803f8a5d9d87202b43d709cb328cedaf18c446af448f705c33d553e8c2e9f7,5170ec511fb50cdf10d648416d508574d70e9781ddf156a1b2a86d2b385e94dc,100,1729,maximum_nontransitivity_disagreement_gain,2000.0,3000.0
kata1-b6c96-s37368064-d5536083,44,3100.917410673887,2969.4608991556765,3232.3739221920973,2990.0846228175806,110.83278785630637,2,a5803f8a5d9d87202b43d709cb328cedaf18c446af448f705c33d553e8c2e9f7,5170ec511fb50cdf10d648416d508574d70e9781ddf156a1b2a86d2b385e94dc,100,1729,maximum_nontransitivity_disagreement_gain,2000.0,3000.0
kata1-b6c96-s37368064-d5536083,46,3069.3297274957226,2945.9710239261576,3192.6884310652877,2990.0846228175806,79.24510467814207,2,a5803f8a5d9d87202b43d709cb328cedaf18c446af448f705c33d553e8c2e9f7,5170ec511fb50cdf10d648416d508574d70e9781ddf156a1b2a86d2b385e94dc,100,1729,maximum_nontransitivity_disagreement_gain,2000.0,3000.0
kata1-b6c96-s37368064-d5536083,48,3083.0995010209986,2960.9759275161496,3205.2230745258476,2990.0846228175806,93.014878203418,2,a5803f8a5d9d87202b43d709cb328cedaf18c446af448f705c33d553e8c2e9f7,5170ec511fb50cdf10d648416d508574d70e9781ddf156a1b2a86d2b385e94dc,100,1729,maximum_nontransitivity_disagreement_gain,2000.0,3000.0
kata1-b6c96-s37368064-d5536083,50,3091.2109655898407,2970.101176483933,3212.3207546957483,2990.0846228175806,101.12634277226016,2,a5803f8a5d9d87202b43d709cb328cedaf18c446af448f705c33d553e8c2e9f7,5170ec511fb50cdf10d648416d508574d70e9781ddf156a1b2a86d2b385e94dc,100,1729,maximum_nontransitivity_disagreement_gain,2000.0,3000.0
kata1-b6c96-s37368064-d5536083,52,3064.703338873748,2949.810398721608,3179.596279025888,2990.0846228175806,74.61871605616761,2,a5803f8a5d9d87202b43d709cb328cedaf18c446af448f705c33d553e8c2e9f7,5170ec511fb50cdf10d648416d508574d70e9781ddf156a1b2a86d2b385e94dc,100,1729,maximum_nontransitivity_disagreement_gain,2000.0,3000.0
kata1-b6c96-s37368064-d5536083,54,3067.834068712453,2955.04407707851,3180.6240603463957,2990.0846228175806,77.74944589487222,2,a5803f8a5d9d87202b43d709cb328cedaf18c446af448f705c33d553e8c2e9f7,5170ec511fb50cdf10d648416d508574d70e9781ddf156a1b2a86d2b385e94dc,100,1729,maximum_nontransitivity_disagreement_gain,2000.0,3000.0
kata1-b6c96-s37368064-d5536083,56,3079.3468461935922,2967.4985397476285,3191.195152639556,2990.0846228175806,89.26222337601166,2,a5803f8a5d9d87202b43d709cb328cedaf18c446af448f705c33d553e8c2e9f7,5170ec511fb50cdf10d648416d508574d70e9781ddf156a1b2a86d2b385e94dc,100,1729,maximum_nontransitivity_disagreement_gain,2000.0,3000.0
kata1-b6c96-s37368064-d5536083,58,3069.315715013715,2960.3171116882777,3178.314318339152,2990.0846228175806,79.23109219613434,2,a5803f8a5d9d87202b43d709cb328cedaf18c446af448f705c33d553e8c2e9f7,5170ec511fb50cdf10d648416d508574d70e9781ddf156a1b2a86d2b385e94dc,100,1729,maximum_nontransitivity_disagreement_gain,2000.0,3000.0
kata1-b6c96-s37368064-d5536083,60,3076.1274978387964,2967.8958718583585,3184.3591238192344,2990.0846228175806,86.04287502121588,2,a5803f8a5d9d87202b43d709cb328cedaf18c446af448f705c33d553e8c2e9f7,5170ec511fb50cdf10d648416d508574d70e9781ddf156a1b2a86d2b385e94dc,100,1729,maximum_nontransitivity_disagreement_gain,2000.0,3000.0
kata1-b6c96-s37368064-d5536083,62,3078.436934463016,2971.9265368077986,3184.947332118233,2990.0846228175806,88.3523116454353,2,a5803f8a5d9d87202b43d709cb328cedaf18c446af448f705c33d553e8c2e9f7,5170ec511fb50cdf10d648416d508574d70e9781ddf156a1b2a86d2b385e94dc,100,1729,maximum_nontransitivity_disagreement_gain,2000.0,3000.0
kata1-b6c96-s37368064-d5536083,64,3088.2456957869276,2982.450204110599,3194.0411874632564,2990.0846228175806,98.16107296934706,2,a5803f8a5d9d87202b43d709cb328cedaf18c446af448f705c33d553e8c2e9f7,5170ec511fb50cdf10d648416d508574d70e9781ddf156a1b2a86d2b385e94dc,100,1729,maximum_nontransitivity_disagreement_gain,2000.0,3000.0
kata1-b6c96-s37368064-d5536083,66,3079.0631708344526,2975.6963142907052,3182.4300273782,2990.0846228175806,88.97854801687208,2,a5803f8a5d9d87202b43d709cb328cedaf18c446af448f705c33d553e8c2e9f7,5170ec511fb50cdf10d648416d508574d70e9781ddf156a1b2a86d2b385e94dc,100,1729,maximum_nontransitivity_disagreement_gain,2000.0,3000.0
kata1-b6c96-s37368064-d5536083,68,3077.6634688880413,2975.7360979168034,3179.590839859279,2990.0846228175806,87.57884607046071,2,a5803f8a5d9d87202b43d709cb328cedaf18c446af448f705c33d553e8c2e9f7,5170ec511fb50cdf10d648416d508574d70e9781ddf156a1b2a86d2b385e94dc,100,1729,maximum_nontransitivity_disagreement_gain,2000.0,3000.0
kata1-b6c96-s37368064-d5536083,70,3055.972505871363,2957.588960549076,3154.35605119365,2990.0846228175806,65.88788305378239,2,a5803f8a5d9d87202b43d709cb328cedaf18c446af448f705c33d553e8c2e9f7,5170ec511fb50cdf10d648416d508574d70e9781ddf156a1b2a86d2b385e94dc,100,1729,maximum_nontransitivity_disagreement_gain,2000.0,3000.0
kata1-b6c96-s37368064-d5536083,72,3048.8882763981446,2952.362945850014,3145.413606946275,2990.0846228175806,58.80365358056406,2,a5803f8a5d9d87202b43d709cb328cedaf18c446af448f705c33d553e8c2e9f7,5170ec511fb50cdf10d648416d508574d70e9781ddf156a1b2a86d2b385e94dc,100,1729,maximum_nontransitivity_disagreement_gain,2000.0,3000.0
kata1-b6c96-s37368064-d5536083,74,3054.65037174757,2958.6902439980204,3150.6104994971192,2990.0846228175806,64.56574892998924,2,a5803f8a5d9d87202b43d709cb328cedaf18c446af448f705c33d553e8c2e9f7,5170ec511fb50cdf10d648416d508574d70e9781ddf156a1b2a86d2b385e94dc,100,1729,maximum_nontransitivity_disagreement_gain,2000.0,3000.0
kata1-b6c96-s37368064-d5536083,76,3039.1723025284673,2946.010223808399,3132.3343812485355,2990.0846228175806,49.08767971088673,2,a5803f8a5d9d87202b43d709cb328cedaf18c446af448f705c33d553e8c2e9f7,5170ec511fb50cdf10d648416d508574d70e9781ddf156a1b2a86d2b385e94dc,100,1729,maximum_nontransitivity_disagreement_gain,2000.0,3000.0
kata1-b6c96-s37368064-d5536083,78,3036.261327575163,2944.6332182376236,3127.889436912702,2990.0846228175806,46.17670475758223,2,a5803f8a5d9d87202b43d709cb328cedaf18c446af448f705c33d553e8c2e9f7,5170ec511fb50cdf10d648416d508574d70e9781ddf156a1b2a86d2b385e94dc,100,1729,maximum_nontransitivity_disagreement_gain,2000.0,3000.0
kata1-b6c96-s37368064-d5536083,80,3041.692418272156,2950.58582528308,3132.799011261232,2990.0846228175806,51.60779545457535,2,a5803f8a5d9d87202b43d709cb328cedaf18c446af448f705c33d553e8c2e9f7,5170ec511fb50cdf10d648416d508574d70e9781ddf156a1b2a86d2b385e94dc,100,1729,maximum_nontransitivity_disagreement_gain,2000.0,3000.0
kata1-b6c96-s37368064-d5536083,82,3049.739176595325,2959.139510255173,3140.338842935477,2990.0846228175806,59.65455377774424,2,a5803f8a5d9d87202b43d709cb328cedaf18c446af448f705c33d553e8c2e9f7,5170ec511fb50cdf10d648416d508574d70e9781ddf156a1b2a86d2b385e94dc,100,1729,maximum_nontransitivity_disagreement_gain,2000.0,3000.0
kata1-b6c96-s37368064-d5536083,84,3036.177842816463,2947.844692783131,3124.510992849795,2990.0846228175806,46.09321999888243,2,a5803f8a5d9d87202b43d709cb328cedaf18c446af448f705c33d553e8c2e9f7,5170ec511fb50cdf10d648416d508574d70e9781ddf156a1b2a86d2b385e94dc,100,1729,maximum_nontransitivity_disagreement_gain,2000.0,3000.0
kata1-b6c96-s37368064-d5536083,86,3030.9686399660636,2943.896102318635,3118.0411776134924,2990.0846228175806,40.88401714848305,2,a5803f8a5d9d87202b43d709cb328cedaf18c446af448f705c33d553e8c2e9f7,5170ec511fb50cdf10d648416d508574d70e9781ddf156a1b2a86d2b385e94dc,100,1729,maximum_nontransitivity_disagreement_gain,2000.0,3000.0
kata1-b6c96-s37368064-d5536083,88,3028.674280188734,2942.8048762242156,3114.5436841532523,2990.0846228175806,38.58965737115341,2,a5803f8a5d9d87202b43d709cb328cedaf18c446af448f705c33d553e8c2e9f7,5170ec511fb50cdf10d648416d508574d70e9781ddf156a1b2a86d2b385e94dc,100,1729,maximum_nontransitivity_disagreement_gain,2000.0,3000.0
kata1-b6c96-s37368064-d5536083,90,3023.933456197473,2939.197448483539,3108.6694639114066,2990.0846228175806,33.84883337989231,2,a5803f8a5d9d87202b43d709cb328cedaf18c446af448f705c33d553e8c2e9f7,5170ec511fb50cdf10d648416d508574d70e9781ddf156a1b2a86d2b385e94dc,100,1729,maximum_nontransitivity_disagreement_gain,2000.0,3000.0
kata1-b6c96-s37368064-d5536083,92,3024.069323007327,2940.096127755984,3108.04251825867,2990.0846228175806,33.98470018974649,2,a5803f8a5d9d87202b43d709cb328cedaf18c446af448f705c33d553e8c2e9f7,5170ec511fb50cdf10d648416d508574d70e9781ddf156a1b2a86d2b385e94dc,100,1729,maximum_nontransitivity_disagreement_gain,2000.0,3000.0
kata1-b6c96-s37368064-d5536083,94,3031.219277170196,2947.6733905936658,3114.7651637467266,2990.0846228175806,41.1346543526156,2,a5803f8a5d9d87202b43d709cb328cedaf18c446af448f705c33d553e8c2e9f7,5170ec511fb50cdf10d648416d508574d70e9781ddf156a1b2a86d2b385e94dc,100,1729,maximum_nontransitivity_disagreement_gain,2000.0,3000.0
kata1-b6c96-s37368064-d5536083,96,3026.7115011896108,2944.203348342798,3109.2196540364234,2990.0846228175806,36.626878372030205,2,a5803f8a5d9d87202b43d709cb328cedaf18c446af448f705c33d553e8c2e9f7,5170ec511fb50cdf10d648416d508574d70e9781ddf156a1b2a86d2b385e94dc,100,1729,maximum_nontransitivity_disagreement_gain,2000.0,3000.0
kata1-b6c96-s37368064-d5536083,98,3033.518659965695,2951.4044079911346,3115.6329119402553,2990.0846228175806,43.434037148114385,2,a5803f8a5d9d87202b43d709cb328cedaf18c446af448f705c33d553e8c2e9f7,5170ec511fb50cdf10d648416d508574d70e9781ddf156a1b2a86d2b385e94dc,100,1729,maximum_nontransitivity_disagreement_gain,2000.0,3000.0
kata1-b6c96-s37368064-d5536083,100,3029.1405746802743,2948.007079081862,3110.274070278687,2990.0846228175806,39.055951862693746,2,a5803f8a5d9d87202b43d709cb328cedaf18c446af448f705c33d553e8c2e9f7,5170ec511fb50cdf10d648416d508574d70e9781ddf156a1b2a86d2b385e94dc,100,1729,maximum_nontransitivity_disagreement_gain,2000.0,3000.0
kata1-b6c96-s48921344-d7092247,2,2847.8392318950223,414.5752028136476,5281.103260976397,3111.9717247863114,-264.1324928912891,2,a5803f8a5d9d87202b43d709cb328cedaf18c446af448f705c33d553e8c2e9f7,5170ec511fb50cdf10d648416d508574d70e9781ddf156a1b2a86d2b385e94dc,100,1729,maximum_nontransitivity_disagreement_gain,2000.0,3000.0
kata1-b6c96-s48921344-d7092247,4,3024.1824151615942,2478.838058903543,3569.5267714196457,3111.9717247863114,-87.78930962471713,2,a5803f8a5d9d87202b43d709cb328cedaf18c446af448f705c33d553e8c2e9f7,5170ec511fb50cdf10d648416d508574d70e9781ddf156a1b2a86d2b385e94dc,100,1729,maximum_nontransitivity_disagreement_gain,2000.0,3000.0
kata1-b6c96-s48921344-d7092247,6,3021.3628201041197,2660.097839820279,3382.62780038796,3111.9717247863114,-90.60890468219168,2,a5803f8a5d9d87202b43d709cb328cedaf18c446af448f705c33d553e8c2e9f7,5170ec511fb50cdf10d648416d508574d70e9781ddf156a1b2a86d2b385e94dc,100,1729,maximum_nontransitivity_disagreement_gain,2000.0,3000.0
kata1-b6c96-s48921344-d7092247,8,3157.482565246154,2831.6797375504843,3483.285392941824,3111.9717247863114,45.51084045984271,2,a5803f8a5d9d87202b43d709cb328cedaf18c446af448f705c33d553e8c2e9f7,5170ec511fb50cdf10d648416d508574d70e9781ddf156a1b2a86d2b385e94dc,100,1729,maximum_nontransitivity_disagreement_gain,2000.0,3000.0
kata1-b6c96-s48921344-d7092247,10,3279.269360655319,2963.9101450693934,3594.6285762412444,3111.9717247863114,167.29763586900754,2,a5803f8a5d9d87202b43d709cb328cedaf18c446af448f705c33d553e8c2e9f7,5170ec511fb50cdf10d648416d508574d70e9781ddf156a1b2a86d2b385e94dc,100,1729,maximum_nontransitivity_disagreement_gain,2000.0,3000.0
kata1-b6c96-s48921344-d7092247,12,3242.8442327202893,2985.7926348286346,3499.895830611944,3111.9717247863114,130.8725079339779,2,a5803f8a5d9d87202b43d709cb328cedaf18c446af448f705c33d553e8c2e9f7,5170ec511fb50cdf10d648416d508574d70e9781ddf156a1b2a86d2b385e94dc,100,1729,maximum_nontransitivity_disagreement_gain,2000.0,3000.0
kata1-b6c96-s48921344-d7092247,14,3223.095382838462,2998.591427730584,3447.5993379463393,3111.9717247863114,111.1236580521504,2,a5803f8a5d9d87202b43d709cb328cedaf18c446af448f705c33d553e8c2e9f7,5170ec511fb50cdf10d648416d508574d70e9781ddf156a1b2a86d2b385e94dc,100,1729,maximum_nontransitivity_disagreement_gain,2000.0,3000.0
kata1-b6c96-s48921344-d7092247,16,3241.459907006075,3032.7640342891755,3450.1557797229743,3111.9717247863114,129.48818221976353,2,a5803f8a5d9d87202b43d709cb328cedaf18c446af448f705c33d553e8c2e9f7,5170ec511fb50cdf10d648416d508574d70e9781ddf156a1b2a86d2b385e94dc,100,1729,maximum_nontransitivity_disagreement_gain,2000.0,3000.0
kata1-b6c96-s48921344-d7092247,18,3176.728168981874,2993.051682829224,3360.4046551345245,3111.9717247863114,64.75644419556284,2,a5803f8a5d9d87202b43d709cb328cedaf18c446af448f705c33d553e8c2e9f7,5170ec511fb50cdf10d648416d508574d70e9781ddf156a1b2a86d2b385e94dc,100,1729,maximum_nontransitivity_disagreement_gain,2000.0,3000.0
kata1-b6c96-s48921344-d7092247,20,3217.556585933402,3040.5566580162904,3394.5565138505135,3111.9717247863114,105.58486114709058,2,a5803f8a5d9d87202b43d709cb328cedaf18c446af448f705c33d553e8c2e9f7,5170ec511fb50cdf10d648416d508574d70e9781ddf156a1b2a86d2b385e94dc,100,1729,maximum_nontransitivity_disagreement_gain,2000.0,3000.0
kata1-b6c96-s48921344-d7092247,22,3209.8540336378805,3043.6911491773053,3376.016918098456,3111.9717247863114,97.88230885156918,2,a5803f8a5d9d87202b43d709cb328cedaf18c446af448f705c33d553e8c2e9f7,5170ec511fb50cdf10d648416d508574d70e9781ddf156a1b2a86d2b385e94dc,100,1729,maximum_nontransitivity_disagreement_gain,2000.0,3000.0
kata1-b6c96-s48921344-d7092247,24,3203.76368984941,3046.4957785143283,3361.031601184492,3111.9717247863114,91.79196506309881,2,a5803f8a5d9d87202b43d709cb328cedaf18c446af448f705c33d553e8c2e9f7,5170ec511fb50cdf10d648416d508574d70e9781ddf156a1b2a86d2b385e94dc,100,1729,maximum_nontransitivity_disagreement_gain,2000.0,3000.0
kata1-b6c96-s48921344-d7092247,26,3167.180356355375,3019.630245203559,3314.730467507191,3111.9717247863114,55.20863156906353,2,a5803f8a5d9d87202b43d709cb328cedaf18c446af448f705c33d553e8c2e9f7,5170ec511fb50cdf10d648416d508574d70e9781ddf156a1b2a86d2b385e94dc,100,1729,maximum_nontransitivity_disagreement_gain,2000.0,3000.0
kata1-b6c96-s48921344-d7092247,28,3138.8296772063745,2998.2159933895555,3279.4433610231936,3111.9717247863114,26.857952420063157,2,a5803f8a5d9d87202b43d709cb328cedaf18c446af448f705c33d553e8c2e9f7,5170ec511fb50cdf10d648416d508574d70e9781ddf156a1b2a86d2b385e94dc,100,1729,maximum_nontransitivity_disagreement_gain,2000.0,3000.0
kata1-b6c96-s48921344-d7092247,30,3114.962520843511,2979.561992657693,3250.363049029329,3111.9717247863114,2.990796057199532,2,a5803f8a5d9d87202b43d709cb328cedaf18c446af448f705c33d553e8c2e9f7,5170ec511fb50cdf10d648416d508574d70e9781ddf156a1b2a86d2b385e94dc,100,1729,maximum_nontransitivity_disagreement_gain,2000.0,3000.0
kata1-b6c96-s48921344-d7092247,32,3118.8264899294873,2987.9683369249883,3249.684642933986,3111.9717247863114,6.854765143175882,2,a5803f8a5d9d87202b43d709cb328cedaf18c446af448f705c33d553e8c2e9f7,5170ec511fb50cdf10d648416d508574d70e9781ddf156a1b2a86d2b385e94dc,100,1729,maximum_nontransitivity_disagreement_gain,2000.0,3000.0
kata1-b6c96-s48921344-d7092247,34,3122.1876578681236,2995.421391156835,3248.953924579412,3111.9717247863114,10.215933081812182,2,a5803f8a5d9d87202b43d709cb328cedaf18c446af448f705c33d553e8c2e9f7,5170ec511fb50cdf10d648416d508574d70e9781ddf156a1b2a86d2b385e94dc,100,1729,maximum_nontransitivity_disagreement_gain,2000.0,3000.0
kata1-b6c96-s48921344-d7092247,36,3146.5404663091163,3023.4364494826696,3269.644483135563,3111.9717247863114,34.568741522804885,2,a5803f8a5d9d87202b43d709cb328cedaf18c446af448f705c33d553e8c2e9f7,5170ec511fb50cdf10d648416d508574d70e9781ddf156a1b2a86d2b385e94dc,100,1729,maximum_nontransitivity_disagreement_gain,2000.0,3000.0
kata1-b6c96-s48921344-d7092247,38,3147.907811950053,3028.1932065235337,3267.6224173765727,3111.9717247863114,35.93608716374183,2,a5803f8a5d9d87202b43d709cb328cedaf18c446af448f705c33d553e8c2e9f7,5170ec511fb50cdf10d648416d508574d70e9781ddf156a1b2a86d2b385e94dc,100,1729,maximum_nontransitivity_disagreement_gain,2000.0,3000.0
kata1-b6c96-s48921344-d7092247,40,3139.5956170450513,3023.0363013286938,3256.154932761409,3111.9717247863114,27.623892258739943,2,a5803f8a5d9d87202b43d709cb328cedaf18c446af448f705c33d553e8c2e9f7,5170ec511fb50cdf10d648416d508574d70e9781ddf156a1b2a86d2b385e94dc,100,1729,maximum_nontransitivity_disagreement_gain,2000.0,3000.0
kata1-b6c96-s48921344-d7092247,42,3159.2600462043742,3045.3903747835134,3273.129717625235,3111.9717247863114,47.28832141806288,2,a5803f8a5d9d87202b43d709cb328cedaf18c446af448f705c33d553e8c2e9f7,5170ec511fb50cdf10d648416d508574d70e9781ddf156a1b2a86d2b385e94dc,100,1729,maximum_nontransitivity_disagreement_gain,2000.0,3000.0
kata1-b6c96-s48921344-d7092247,44,3176.0525694383246,3064.4642224217987,3287.6409164548504,3111.9717247863114,64.08084465201318,2,a5803f8a5d9d87202b43d709cb328cedaf18c446af448f705c33d553e8c2e9f7,5170ec511fb50cdf10d648416d508574d70e9781ddf156a1b2a86d2b385e94dc,100,1729,maximum_nontransitivity_disagreement_gain,2000.0,3000.0
kata1-b6c96-s48921344-d7092247,46,3174.818753538145,3065.733959671108,3283.9035474051816,3111.9717247863114,62.84702875183348,2,a5803f8a5d9d87202b43d709cb328cedaf18c446af448f705c33d553e8c2e9f7,5170ec511fb50cdf10d648416d508574d70e9781ddf156a1b2a86d2b385e94dc,100,1729,maximum_nontransitivity_disagreement_gain,2000.0,3000.0
kata1-b6c96-s48921344-d7092247,48,3173.697760267306,3066.9353259508994,3280.4601945837126,3111.9717247863114,61.7260354809946,2,a5803f8a5d9d87202b43d709cb328cedaf18c446af448f705c33d553e8c2e9f7,5170ec511fb50cdf10d648416d508574d70e9781ddf156a1b2a86d2b385e94dc,100,1729,maximum_nontransitivity_disagreement_gain,2000.0,3000.0
kata1-b6c96-s48921344-d7092247,50,3180.204309868159,3075.405710708601,3285.0029090277167,3111.9717247863114,68.23258508184745,2,a5803f8a5d9d87202b43d709cb328cedaf18c446af448f705c33d553e8c2e9f7,5170ec511fb50cdf10d648416d508574d70e9781ddf156a1b2a86d2b385e94dc,100,1729,maximum_nontransitivity_disagreement_gain,2000.0,3000.0
kata1-b6c96-s48921344-d7092247,52,3178.949051110002,3076.189059530822,3281.7090426891823,3111.9717247863114,66.9773263236907,2,a5803f8a5d9d87202b43d709cb328cedaf18c446af448f705c33d553e8c2e9f7,5170ec511fb50cdf10d648416d508574d70e9781ddf156a1b2a86d2b385e94dc,100,1729,maximum_nontransitivity_disagreement_gain,2000.0,3000.0
kata1-b6c96-s48921344-d7092247,54,3191.7207670244234,3090.4391111733967,3293.00242287545,3111.9717247863114,79.749042238112,2,a5803f8a5d9d87202b43d709cb328cedaf18c446af448f705c33d553e8c2e9f7,5170ec511fb50cdf10d648416d508574d70e9781ddf156a1b2a86d2b385e94dc,100,1729,maximum_nontransitivity_disagreement_gain,2000.0,3000.0
kata1-b6c96-s48921344-d7092247,56,3203.6223170453554,3103.6472538137273,3303.5973802769836,3111.9717247863114,91.65059225904406,2,a5803f8a5d9d87202b43d709cb328cedaf18c446af448f705c33d553e8c2e9f7,5170ec511fb50cdf10d648416d508574d70e9781ddf156a1b2a86d2b385e94dc,100,1729,maximum_nontransitivity_disagreement_gain,2000.0,3000.0
kata1-b6c96-s48921344-d7092247,58,3188.617329849833,3090.885450215127,3286.3492094845387,3111.9717247863114,76.64560506352154,2,a5803f8a5d9d87202b43d709cb328cedaf18c446af448f705c33d553e8c2e9f7,5170ec511fb50cdf10d648416d508574d70e9781ddf156a1b2a86d2b385e94dc,100,1729,maximum_nontransitivity_disagreement_gain,2000.0,3000.0
kata1-b6c96-s48921344-d7092247,60,3174.8307707977997,3079.0403965620435,3270.621145033556,3111.9717247863114,62.85904601148832,2,a5803f8a5d9d87202b43d709cb328cedaf18c446af448f705c33d553e8c2e9f7,5170ec511fb50cdf10d648416d508574d70e9781ddf156a1b2a86d2b385e94dc,100,1729,maximum_nontransitivity_disagreement_gain,2000.0,3000.0
kata1-b6c96-s48921344-d7092247,62,3162.668322615622,3068.593223440396,3256.743421790848,3111.9717247863114,50.696597829310576,2,a5803f8a5d9d87202b43d709cb328cedaf18c446af448f705c33d553e8c2e9f7,5170ec511fb50cdf10d648416d508574d70e9781ddf156a1b2a86d2b385e94dc,100,1729,maximum_nontransitivity_disagreement_gain,2000.0,3000.0
kata1-b6c96-s48921344-d7092247,64,3151.368106660826,3058.806874067247,3243.929339254405,3111.9717247863114,39.396381874514645,2,a5803f8a5d9d87202b43d709cb328cedaf18c446af448f705c33d553e8c2e9f7,5170ec511fb50cdf10d648416d508574d70e9781ddf156a1b2a86d2b385e94dc,100,1729,maximum_nontransitivity_disagreement_gain,2000.0,3000.0
kata1-b6c96-s48921344-d7092247,66,3140.8164283454335,3049.6017240930805,3232.0311325977864,3111.9717247863114,28.84470355912208,2,a5803f8a5d9d87202b43d709cb328cedaf18c446af448f705c33d553e8c2e9f7,5170ec511fb50cdf10d648416d508574d70e9781ddf156a1b2a86d2b385e94dc,100,1729,maximum_nontransitivity_disagreement_gain,2000.0,3000.0
kata1-b6c96-s48921344-d7092247,68,3141.743583311843,3051.802972471645,3231.684194152041,3111.9717247863114,29.77185852553157,2,a5803f8a5d9d87202b43d709cb328cedaf18c446af448f705c33d553e8c2e9f7,5170ec511fb50cdf10d648416d508574d70e9781ddf156a1b2a86d2b385e94dc,100,1729,maximum_nontransitivity_disagreement_gain,2000.0,3000.0
kata1-b6c96-s48921344-d7092247,70,3132.1220993354013,3043.3314158575176,3220.912782813285,3111.9717247863114,20.150374549089975,2,a5803f8a5d9d87202b43d709cb328cedaf18c446af448f705c33d553e8c2e9f7,5170ec511fb50cdf10d648416d508574d70e9781ddf156a1b2a86d2b385e94dc,100,1729,maximum_nontransitivity_disagreement_gain,2000.0,3000.0
kata1-b6c96-s48921344-d7092247,72,3123.0476400874954,3035.296052533098,3210.7992276418927,3111.9717247863114,11.075915301184068,2,a5803f8a5d9d87202b43d709cb328cedaf18c446af448f705c33d553e8c2e9f7,5170ec511fb50cdf10d648416d508574d70e9781ddf156a1b2a86d2b385e94dc,100,1729,maximum_nontransitivity_disagreement_gain,2000.0,3000.0
kata1-b6c96-s48921344-d7092247,74,3114.4613134362066,3027.653490327233,3201.26913654518,3111.9717247863114,2.4895886498952677,2,a5803f8a5d9d87202b43d709cb328cedaf18c446af448f705c33d553e8c2e9f7,5170ec511fb50cdf10d648416d508574d70e9781ddf156a1b2a86d2b385e94dc,100,1729,maximum_nontransitivity_disagreement_gain,2000.0,3000.0
kata1-b6c96-s48921344-d7092247,76,3116.027795407637,3030.299288486374,3201.7563023289,3111.9717247863114,4.056070621325489,2,a5803f8a5d9d87202b43d709cb328cedaf18c446af448f705c33d553e8c2e9f7,5170ec511fb50cdf10d648416d508574d70e9781ddf156a1b2a86d2b385e94dc,100,1729,maximum_nontransitivity_disagreement_gain,2000.0,3000.0
kata1-b6c96-s48921344-d7092247,78,3126.9079174131257,3042.3626201379707,3211.4532146882807,3111.9717247863114,14.936192626814318,2,a5803f8a5d9d87202b43d709cb328cedaf18c446af448f705c33d553e8c2e9f7,5170ec511fb50cdf10d648416d508574d70e9781ddf156a1b2a86d2b385e94dc,100,1729,maximum_nontransitivity_disagreement_gain,2000.0,3000.0
kata1-b6c96-s48921344-d7092247,80,3118.911167203605,3035.202959953597,3202.619374453613,3111.9717247863114,6.939442417293776,2,a5803f8a5d9d87202b43d709cb328cedaf18c446af448f705c33d553e8c2e9f7,5170ec511fb50cdf10d648416d508574d70e9781ddf156a1b2a86d2b385e94dc,100,1729,maximum_nontransitivity_disagreement_gain,2000.0,3000.0
kata1-b6c96-s48921344-d7092247,82,3124.699159729149,3042.0099980798677,3207.38832137843,3111.9717247863114,12.72743494283759,2,a5803f8a5d9d87202b43d709cb328cedaf18c446af448f705c33d553e8c2e9f7,5170ec511fb50cdf10d648416d508574d70e9781ddf156a1b2a86d2b385e94dc,100,1729,maximum_nontransitivity_disagreement_gain,2000.0,3000.0
kata1-b6c96-s48921344-d7092247,84,3130.185042912307,3048.457020835145,3211.9130649894687,3111.9717247863114,18.213318125995556,2,a5803f8a5d9d87202b43d709cb328cedaf18c446af448f705c33d553e8c2e9f7,5170ec511fb50cdf10d648416d508574d70e9781ddf156a1b2a86d2b385e94dc,100,1729,maximum_nontransitivity_disagreement_gain,2000.0,3000.0
kata1-b6c96-s48921344-d7092247,86,3131.1700945500083,3050.3075035457937,3212.032685554223,3111.9717247863114,19.198369763696974,2,a5803f8a5d9d87202b43d709cb328cedaf18c446af448f705c33d553e8c2e9f7,5170ec511fb50cdf10d648416d508574d70e9781ddf156a1b2a86d2b385e94dc,100,1729,maximum_nontransitivity_disagreement_gain,2000.0,3000.0
kata1-b6c96-s48921344-d7092247,88,3140.34674844533,3060.3888339244268,3220.304662966233,3111.9717247863114,28.375023659018552,2,a5803f8a5d9d87202b43d709cb328cedaf18c446af448f705c33d553e8c2e9f7,5170ec511fb50cdf10d648416d508574d70e9781ddf156a1b2a86d2b385e94dc,100,1729,maximum_nontransitivity_disagreement_gain,2000.0,3000.0
kata1-b6c96-s48921344-d7092247,90,3140.558564078827,3061.4039373875607,3219.7131907700937,3111.9717247863114,28.586839292515833,2,a5803f8a5d9d87202b43d709cb328cedaf18c446af448f705c33d553e8c2e9f7,5170ec511fb50cdf10d648416d508574d70e9781ddf156a1b2a86d2b385e94dc,100,1729,maximum_nontransitivity_disagreement_gain,2000.0,3000.0
kata1-b6c96-s48921344-d7092247,92,3141.2382192748946,3062.8525738651797,3219.6238646846095,3111.9717247863114,29.26649448858325,2,a5803f8a5d9d87202b43d709cb328cedaf18c446af448f705c33d553e8c2e9f7,5170ec511fb50cdf10d648416d508574d70e9781ddf156a1b2a86d2b385e94dc,100,1729,maximum_nontransitivity_disagreement_gain,2000.0,3000.0
kata1-b6c96-s48921344-d7092247,94,3149.116603140921,3071.5061230774936,3226.7270832043487,3111.9717247863114,37.14487835460977,2,a5803f8a5d9d87202b43d709cb328cedaf18c446af448f705c33d553e8c2e9f7,5170ec511fb50cdf10d648416d508574d70e9781ddf156a1b2a86d2b385e94dc,100,1729,maximum_nontransitivity_disagreement_gain,2000.0,3000.0
kata1-b6c96-s48921344-d7092247,96,3145.359083794277,3068.458489495766,3222.259678092788,3111.9717247863114,33.38735900796564,2,a5803f8a5d9d87202b43d709cb328cedaf18c446af448f705c33d553e8c2e9f7,5170ec511fb50cdf10d648416d508574d70e9781ddf156a1b2a86d2b385e94dc,100,1729,maximum_nontransitivity_disagreement_gain,2000.0,3000.0
kata1-b6c96-s48921344-d7092247,98,3145.8957245261295,3069.687230048263,3222.104219003996,3111.9717247863114,33.9239997398181,2,a5803f8a5d9d87202b43d709cb328cedaf18c446af448f705c33d553e8c2e9f7,5170ec511fb50cdf10d648416d508574d70e9781ddf156a1b2a86d2b385e94dc,100,1729,maximum_nontransitivity_disagreement_gain,2000.0,3000.0
kata1-b6c96-s48921344-d7092247,100,3149.5744029122675,3074.047216438261,3225.101589386274,3111.9717247863114,37.60267812595612,2,a5803f8a5d9d87202b43d709cb328cedaf18c446af448f705c33d553e8c2e9f7,5170ec511fb50cdf10d648416d508574d70e9781ddf156a1b2a86d2b385e94dc,100,1729,maximum_nontransitivity_disagreement_gain,2000.0,3000.0
kata1-b6c96-s69427456-d10051148,2,2847.8755116776097,414.6591358525893,5281.09188750263,3199.869225099218,-351.9937134216084,2,a5803f8a5d9d87202b43d709cb328cedaf18c446af448f705c33d553e8c2e9f7,5170ec511fb50cdf10d648416d508574d70e9781ddf156a1b2a86d2b385e94dc,100,1729,maximum_nontransitivity_disagreement_gain,2000.0,3000.0
kata1-b6c96-s69427456-d10051148,4,3567.0982332506665,1696.8957679339085,5437.300698567425,3199.869225099218,367.2290081514484,2,a5803f8a5d9d87202b43d709cb328cedaf18c446af448f705c33d553e8c2e9f7,5170ec511fb50cdf10d648416d508574d70e9781ddf156a1b2a86d2b385e94dc,100,1729,maximum_nontransitivity_disagreement_gain,2000.0,3000.0
kata1-b6c96-s69427456-d10051148,6,3170.280437663547,2666.451095531957,3674.1097797951375,3199.869225099218,-29.588787435670838,2,a5803f8a5d9d87202b43d709cb328cedaf18c446af448f705c33d553e8c2e9f7,5170ec511fb50cdf10d648416d508574d70e9781ddf156a1b2a86d2b385e94dc,100,1729,maximum_nontransitivity_disagreement_gain,2000.0,3000.0
kata1-b6c96-s69427456-d10051148,8,3010.6087644745567,2700.065947243694,3321.151581705419,3199.869225099218,-189.2604606246614,2,a5803f8a5d9d87202b43d709cb328cedaf18c446af448f705c33d553e8c2e9f7,5170ec511fb50cdf10d648416d508574d70e9781ddf156a1b2a86d2b385e94dc,100,1729,maximum_nontransitivity_disagreement_gain,2000.0,3000.0
kata1-b6c96-s69427456-d10051148,10,3072.157886197171,2788.89272920099,3355.4230431933524,3199.869225099218,-127.71133890204692,2,a5803f8a5d9d87202b43d709cb328cedaf18c446af448f705c33d553e8c2e9f7,5170ec511fb50cdf10d648416d508574d70e9781ddf156a1b2a86d2b385e94dc,100,1729,maximum_nontransitivity_disagreement_gain,2000.0,3000.0
kata1-b6c96-s69427456-d10051148,12,3064.0816261750283,2809.9892960448383,3318.1739563052183,3199.869225099218,-135.78759892418975,2,a5803f8a5d9d87202b43d709cb328cedaf18c446af448f705c33d553e8c2e9f7,5170ec511fb50cdf10d648416d508574d70e9781ddf156a1b2a86d2b385e94dc,100,1729,maximum_nontransitivity_disagreement_gain,2000.0,3000.0
kata1-b6c96-s69427456-d10051148,14,3020.4258121253115,2796.8173725648644,3244.0342516857586,3199.869225099218,-179.44341297390656,2,a5803f8a5d9d87202b43d709cb328cedaf18c446af448f705c33d553e8c2e9f7,5170ec511fb50cdf10d648416d508574d70e9781ddf156a1b2a86d2b385e94dc,100,1729,maximum_nontransitivity_disagreement_gain,2000.0,3000.0
kata1-b6c96-s69427456-d10051148,16,3113.9490952377682,2892.39724181762,3335.5009486579165,3199.869225099218,-85.92012986144982,2,a5803f8a5d9d87202b43d709cb328cedaf18c446af448f705c33d553e8c2e9f7,5170ec511fb50cdf10d648416d508574d70e9781ddf156a1b2a86d2b385e94dc,100,1729,maximum_nontransitivity_disagreement_gain,2000.0,3000.0
kata1-b6c96-s69427456-d10051148,18,3123.1495516720597,2919.475431819882,3326.8236715242374,3199.869225099218,-76.71967342715834,2,a5803f8a5d9d87202b43d709cb328cedaf18c446af448f705c33d553e8c2e9f7,5170ec511fb50cdf10d648416d508574d70e9781ddf156a1b2a86d2b385e94dc,100,1729,maximum_nontransitivity_disagreement_gain,2000.0,3000.0
kata1-b6c96-s69427456-d10051148,20,3129.7222095452526,2940.5417774683588,3318.9026416221463,3199.869225099218,-70.1470155539655,2,a5803f8a5d9d87202b43d709cb328cedaf18c446af448f705c33d553e8c2e9f7,5170ec511fb50cdf10d648416d508574d70e9781ddf156a1b2a86d2b385e94dc,100,1729,maximum_nontransitivity_disagreement_gain,2000.0,3000.0
kata1-b6c96-s69427456-d10051148,22,3134.6252445422742,2957.359993357997,3311.8904957265513,3199.869225099218,-65.24398055694382,2,a5803f8a5d9d87202b43d709cb328cedaf18c446af448f705c33d553e8c2e9f7,5170ec511fb50cdf10d648416d508574d70e9781ddf156a1b2a86d2b385e94dc,100,1729,maximum_nontransitivity_disagreement_gain,2000.0,3000.0
kata1-b6c96-s69427456-d10051148,24,3138.4116868017036,2971.103606614814,3305.719766988593,3199.869225099218,-61.457538297514475,2,a5803f8a5d9d87202b43d709cb328cedaf18c446af448f705c33d553e8c2e9f7,5170ec511fb50cdf10d648416d508574d70e9781ddf156a1b2a86d2b385e94dc,100,1729,maximum_nontransitivity_disagreement_gain,2000.0,3000.0
kata1-b6c96-s69427456-d10051148,26,3105.4207805758006,2948.1978022185763,3262.643758933025,3199.869225099218,-94.44844452341749,2,a5803f8a5d9d87202b43d709cb328cedaf18c446af448f705c33d553e8c2e9f7,5170ec511fb50cdf10d648416d508574d70e9781ddf156a1b2a86d2b385e94dc,100,1729,maximum_nontransitivity_disagreement_gain,2000.0,3000.0
kata1-b6c96-s69427456-d10051148,28,3138.53755490375,2987.2808030502565,3289.7943067572432,3199.869225099218,-61.33167019546818,2,a5803f8a5d9d87202b43d709cb328cedaf18c446af448f705c33d553e8c2e9f7,5170ec511fb50cdf10d648416d508574d70e9781ddf156a1b2a86d2b385e94dc,100,1729,maximum_nontransitivity_disagreement_gain,2000.0,3000.0
kata1-b6c96-s69427456-d10051148,30,3135.9911293524688,2991.2881716571605,3280.694087047777,3199.869225099218,-63.878095746749295,2,a5803f8a5d9d87202b43d709cb328cedaf18c446af448f705c33d553e8c2e9f7,5170ec511fb50cdf10d648416d508574d70e9781ddf156a1b2a86d2b385e94dc,100,1729,maximum_nontransitivity_disagreement_gain,2000.0,3000.0
kata1-b6c96-s69427456-d10051148,32,3106.364077200181,2968.240199585457,3244.4879548149047,3199.869225099218,-93.50514789903718,2,a5803f8a5d9d87202b43d709cb328cedaf18c446af448f705c33d553e8c2e9f7,5170ec511fb50cdf10d648416d508574d70e9781ddf156a1b2a86d2b385e94dc,100,1729,maximum_nontransitivity_disagreement_gain,2000.0,3000.0
kata1-b6c96-s69427456-d10051148,34,3120.0141614767053,2986.496892984131,3253.5314299692795,3199.869225099218,-79.85506362251272,2,a5803f8a5d9d87202b43d709cb328cedaf18c446af448f705c33d553e8c2e9f7,5170ec511fb50cdf10d648416d508574d70e9781ddf156a1b2a86d2b385e94dc,100,1729,maximum_nontransitivity_disagreement_gain,2000.0,3000.0
kata1-b6c96-s69427456-d10051148,36,3096.2834422819624,2967.587632876079,3224.9792516878456,3199.869225099218,-103.58578281725568,2,a5803f8a5d9d87202b43d709cb328cedaf18c446af448f705c33d553e8c2e9f7,5170ec511fb50cdf10d648416d508574d70e9781ddf156a1b2a86d2b385e94dc,100,1729,maximum_nontransitivity_disagreement_gain,2000.0,3000.0
kata1-b6c96-s69427456-d10051148,38,3097.7371034278776,2972.964535405316,3222.5096714504393,3199.869225099218,-102.13212167134043,2,a5803f8a5d9d87202b43d709cb328cedaf18c446af448f705c33d553e8c2e9f7,5170ec511fb50cdf10d648416d508574d70e9781ddf156a1b2a86d2b385e94dc,100,1729,maximum_nontransitivity_disagreement_gain,2000.0,3000.0
kata1-b6c96-s69427456-d10051148,40,3099.015803726502,2977.8036271929946,3220.227980260009,3199.869225099218,-100.85342137271618,2,a5803f8a5d9d87202b43d709cb328cedaf18c446af448f705c33d553e8c2e9f7,5170ec511fb50cdf10d648416d508574d70e9781ddf156a1b2a86d2b385e94dc,100,1729,maximum_nontransitivity_disagreement_gain,2000.0,3000.0
kata1-b6c96-s69427456-d10051148,42,3102.8131175705967,2984.7223922570847,3220.9038428841086,3199.869225099218,-97.0561075286214,2,a5803f8a5d9d87202b43d709cb328cedaf18c446af448f705c33d553e8c2e9f7,5170ec511fb50cdf10d648416d508574d70e9781ddf156a1b2a86d2b385e94dc,100,1729,maximum_nontransitivity_disagreement_gain,2000.0,3000.0
kata1-b6c96-s69427456-d10051148,44,3106.215825809638,2991.0099925907853,3221.4216590284905,3199.869225099218,-93.6533992895802,2,a5803f8a5d9d87202b43d709cb328cedaf18c446af448f705c33d553e8c2e9f7,5170ec511fb50cdf10d648416d508574d70e9781ddf156a1b2a86d2b385e94dc,100,1729,maximum_nontransitivity_disagreement_gain,2000.0,3000.0
kata1-b6c96-s69427456-d10051148,46,3100.458821995846,2987.9255040393164,3212.9921399523755,3199.869225099218,-99.41040310337212,2,a5803f8a5d9d87202b43d709cb328cedaf18c446af448f705c33d553e8c2e9f7,5170ec511fb50cdf10d648416d508574d70e9781ddf156a1b2a86d2b385e94dc,100,1729,maximum_nontransitivity_disagreement_gain,2000.0,3000.0
kata1-b6c96-s69427456-d10051148,48,3103.6515404970946,2993.6009781909947,3213.7021028031945,3199.869225099218,-96.21768460212343,2,a5803f8a5d9d87202b43d709cb328cedaf18c446af448f705c33d553e8c2e9f7,5170ec511fb50cdf10d648416d508574d70e9781ddf156a1b2a86d2b385e94dc,100,1729,maximum_nontransitivity_disagreement_gain,2000.0,3000.0
kata1-b6c96-s69427456-d10051148,50,3106.5557598349787,2998.8205760536075,3214.29094361635,3199.869225099218,-93.31346526423931,2,a5803f8a5d9d87202b43d709cb328cedaf18c446af448f705c33d553e8c2e9f7,5170ec511fb50cdf10d648416d508574d70e9781ddf156a1b2a86d2b385e94dc,100,1729,maximum_nontransitivity_disagreement_gain,2000.0,3000.0
kata1-b6c96-s69427456-d10051148,52,3109.207992362906,3003.637480246884,3214.7785044789284,3199.869225099218,-90.66123273631183,2,a5803f8a5d9d87202b43d709cb328cedaf18c446af448f705c33d553e8c2e9f7,5170ec511fb50cdf10d648416d508574d70e9781ddf156a1b2a86d2b385e94dc,100,1729,maximum_nontransitivity_disagreement_gain,2000.0,3000.0
kata1-b6c96-s69427456-d10051148,54,3111.639327861841,3008.09748004149,3215.181175682192,3199.869225099218,-88.22989723737692,2,a5803f8a5d9d87202b43d709cb328cedaf18c446af448f705c33d553e8c2e9f7,5170ec511fb50cdf10d648416d508574d70e9781ddf156a1b2a86d2b385e94dc,100,1729,maximum_nontransitivity_disagreement_gain,2000.0,3000.0
kata1-b6c96-s69427456-d10051148,56,3113.8758686353062,3012.239523519494,3215.5122137511185,3199.869225099218,-85.99335646391182,2,a5803f8a5d9d87202b43d709cb328cedaf18c446af448f705c33d553e8c2e9f7,5170ec511fb50cdf10d648416d508574d70e9781ddf156a1b2a86d2b385e94dc,100,1729,maximum_nontransitivity_disagreement_gain,2000.0,3000.0
kata1-b6c96-s69427456-d10051148,58,3102.3545780357467,3002.4041942362282,3202.304961835265,3199.869225099218,-97.51464706347133,2,a5803f8a5d9d87202b43d709cb328cedaf18c446af448f705c33d553e8c2e9f7,5170ec511fb50cdf10d648416d508574d70e9781ddf156a1b2a86d2b385e94dc,100,1729,maximum_nontransitivity_disagreement_gain,2000.0,3000.0
kata1-b6c96-s69427456-d10051148,60,3116.1788476443485,3018.082387536333,3214.275307752364,3199.869225099218,-83.69037745486958,2,a5803f8a5d9d87202b43d709cb328cedaf18c446af448f705c33d553e8c2e9f7,5170ec511fb50cdf10d648416d508574d70e9781ddf156a1b2a86d2b385e94dc,100,1729,maximum_nontransitivity_disagreement_gain,2000.0,3000.0
kata1-b6c96-s69427456-d10051148,62,3103.5834319689425,3007.0525413407913,3200.1143225970936,3199.869225099218,-96.28579313027558,2,a5803f8a5d9d87202b43d709cb328cedaf18c446af448f705c33d553e8c2e9f7,5170ec511fb50cdf10d648416d508574d70e9781ddf156a1b2a86d2b385e94dc,100,1729,maximum_nontransitivity_disagreement_gain,2000.0,3000.0
kata1-b6c96-s69427456-d10051148,64,3117.9458781913822,3023.013763272516,3212.8779931102486,3199.869225099218,-81.92334690783582,2,a5803f8a5d9d87202b43d709cb328cedaf18c446af448f705c33d553e8c2e9f7,5170ec511fb50cdf10d648416d508574d70e9781ddf156a1b2a86d2b385e94dc,100,1729,maximum_nontransitivity_disagreement_gain,2000.0,3000.0
kata1-b6c96-s69427456-d10051148,66,3119.595236719183,3026.0939885487915,3213.0964848895746,3199.869225099218,-80.27398838003501,2,a5803f8a5d9d87202b43d709cb328cedaf18c446af448f705c33d553e8c2e9f7,5170ec511fb50cdf10d648416d508574d70e9781ddf156a1b2a86d2b385e94dc,100,1729,maximum_nontransitivity_disagreement_gain,2000.0,3000.0
kata1-b6c96-s69427456-d10051148,68,3132.4903300486653,3040.3473707978783,3224.6332892994524,3199.869225099218,-67.37889505055273,2,a5803f8a5d9d87202b43d709cb328cedaf18c446af448f705c33d553e8c2e9f7,5170ec511fb50cdf10d648416d508574d70e9781ddf156a1b2a86d2b385e94dc,100,1729,maximum_nontransitivity_disagreement_gain,2000.0,3000.0
kata1-b6c96-s69427456-d10051148,70,3133.577069156216,3042.7284356291943,3224.425702683238,3199.869225099218,-66.29215594300194,2,a5803f8a5d9d87202b43d709cb328cedaf18c446af448f705c33d553e8c2e9f7,5170ec511fb50cdf10d648416d508574d70e9781ddf156a1b2a86d2b385e94dc,100,1729,maximum_nontransitivity_disagreement_gain,2000.0,3000.0
kata1-b6c96-s69427456-d10051148,72,3134.59715864445,3044.981566538762,3224.2127507501377,3199.869225099218,-65.27206645476826,2,a5803f8a5d9d87202b43d709cb328cedaf18c446af448f705c33d553e8c2e9f7,5170ec511fb50cdf10d648416d508574d70e9781ddf156a1b2a86d2b385e94dc,100,1729,maximum_nontransitivity_disagreement_gain,2000.0,3000.0
kata1-b6c96-s69427456-d10051148,74,3145.9039473186617,3057.4046561649525,3234.403238472371,3199.869225099218,-53.965277780556335,2,a5803f8a5d9d87202b43d709cb328cedaf18c446af448f705c33d553e8c2e9f7,5170ec511fb50cdf10d648416d508574d70e9781ddf156a1b2a86d2b385e94dc,100,1729,maximum_nontransitivity_disagreement_gain,2000.0,3000.0
kata1-b6c96-s69427456-d10051148,76,3146.5082773950267,3059.137079417019,3233.8794753730344,3199.869225099218,-53.3609477041914,2,a5803f8a5d9d87202b43d709cb328cedaf18c446af448f705c33d553e8c2e9f7,5170ec511fb50cdf10d648416d508574d70e9781ddf156a1b2a86d2b385e94dc,100,1729,maximum_nontransitivity_disagreement_gain,2000.0,3000.0
kata1-b6c96-s69427456-d10051148,78,3137.3135285331878,3051.072143302245,3223.5549137641306,3199.869225099218,-62.55569656603029,2,a5803f8a5d9d87202b43d709cb328cedaf18c446af448f705c33d553e8c2e9f7,5170ec511fb50cdf10d648416d508574d70e9781ddf156a1b2a86d2b385e94dc,100,1729,maximum_nontransitivity_disagreement_gain,2000.0,3000.0
kata1-b6c96-s69427456-d10051148,80,3133.37364859028,3048.166074567902,3218.581222612658,3199.869225099218,-66.49557650893803,2,a5803f8a5d9d87202b43d709cb328cedaf18c446af448f705c33d553e8c2e9f7,5170ec511fb50cdf10d648416d508574d70e9781ddf156a1b2a86d2b385e94dc,100,1729,maximum_nontransitivity_disagreement_gain,2000.0,3000.0
kata1-b6c96-s69427456-d10051148,82,3134.2633676896758,3050.041251902491,3218.4854834768607,3199.869225099218,-65.6058574095423,2,a5803f8a5d9d87202b43d709cb328cedaf18c446af448f705c33d553e8c2e9f7,5170ec511fb50cdf10d648416d508574d70e9781ddf156a1b2a86d2b385e94dc,100,1729,maximum_nontransitivity_disagreement_gain,2000.0,3000.0
kata1-b6c96-s69427456-d10051148,84,3143.008987412159,3059.7453797522335,3226.2725950720846,3199.869225099218,-56.860237687059,2,a5803f8a5d9d87202b43d709cb328cedaf18c446af448f705c33d553e8c2e9f7,5170ec511fb50cdf10d648416d508574d70e9781ddf156a1b2a86d2b385e94dc,100,1729,maximum_nontransitivity_disagreement_gain,2000.0,3000.0
kata1-b6c96-s69427456-d10051148,86,3146.616653621512,3064.272052503563,3228.961254739461,3199.869225099218,-53.25257147770617,2,a5803f8a5d9d87202b43d709cb328cedaf18c446af448f705c33d553e8c2e9f7,5170ec511fb50cdf10d648416d508574d70e9781ddf156a1b2a86d2b385e94dc,100,1729,maximum_nontransitivity_disagreement_gain,2000.0,3000.0
kata1-b6c96-s69427456-d10051148,88,3138.023441226889,3056.636128569447,3219.4107538843314,3199.869225099218,-61.845783872328866,2,a5803f8a5d9d87202b43d709cb328cedaf18c446af448f705c33d553e8c2e9f7,5170ec511fb50cdf10d648416d508574d70e9781ddf156a1b2a86d2b385e94dc,100,1729,maximum_nontransitivity_disagreement_gain,2000.0,3000.0
kata1-b6c96-s69427456-d10051148,90,3146.879213340869,3066.3323728452365,3227.426053836501,3199.869225099218,-52.99001175834928,2,a5803f8a5d9d87202b43d709cb328cedaf18c446af448f705c33d553e8c2e9f7,5170ec511fb50cdf10d648416d508574d70e9781ddf156a1b2a86d2b385e94dc,100,1729,maximum_nontransitivity_disagreement_gain,2000.0,3000.0
kata1-b6c96-s69427456-d10051148,92,3155.311088011749,3075.5409131661117,3235.081262857386,3199.869225099218,-44.55813708746928,2,a5803f8a5d9d87202b43d709cb328cedaf18c446af448f705c33d553e8c2e9f7,5170ec511fb50cdf10d648416d508574d70e9781ddf156a1b2a86d2b385e94dc,100,1729,maximum_nontransitivity_disagreement_gain,2000.0,3000.0
kata1-b6c96-s69427456-d10051148,94,3155.2263326386633,3076.274165776139,3234.1784995011876,3199.869225099218,-44.642892460554776,2,a5803f8a5d9d87202b43d709cb328cedaf18c446af448f705c33d553e8c2e9f7,5170ec511fb50cdf10d648416d508574d70e9781ddf156a1b2a86d2b385e94dc,100,1729,maximum_nontransitivity_disagreement_gain,2000.0,3000.0
kata1-b6c96-s69427456-d10051148,96,3147.226667044892,3069.123491872069,3225.3298422177154,3199.869225099218,-52.642558054325946,2,a5803f8a5d9d87202b43d709cb328cedaf18c446af448f705c33d553e8c2e9f7,5170ec511fb50cdf10d648416d508574d70e9781ddf156a1b2a86d2b385e94dc,100,1729,maximum_nontransitivity_disagreement_gain,2000.0,3000.0
kata1-b6c96-s69427456-d10051148,98,3155.0152225867782,3077.615263843838,3232.4151813297185,3199.869225099218,-44.85400251243982,2,a5803f8a5d9d87202b43d709cb328cedaf18c446af448f705c33d553e8c2e9f7,5170ec511fb50cdf10d648416d508574d70e9781ddf156a1b2a86d2b385e94dc,100,1729,maximum_nontransitivity_disagreement_gain,2000.0,3000.0
kata1-b6c96-s69427456-d10051148,100,3154.859965804312,3078.1973940399057,3231.5225375687187,3199.869225099218,-45.00925929490586,2,a5803f8a5d9d87202b43d709cb328cedaf18c446af448f705c33d553e8c2e9f7,5170ec511fb50cdf10d648416d508574d70e9781ddf156a1b2a86d2b385e94dc,100,1729,maximum_nontransitivity_disagreement_gain,2000.0,3000.0
kata1-b6c96-s152505856-d23152636,2,2847.818875061247,414.5335661908139,5281.10418393168,3315.4166544956793,-467.59777943443214,2,a5803f8a5d9d87202b43d709cb328cedaf18c446af448f705c33d553e8c2e9f7,5170ec511fb50cdf10d648416d508574d70e9781ddf156a1b2a86d2b385e94dc,100,1729,maximum_nontransitivity_disagreement_gain,2000.0,3000.0
kata1-b6c96-s152505856-d23152636,4,3566.134856250239,1695.4242980354213,5436.845414465057,3315.4166544956793,250.7182017545597,2,a5803f8a5d9d87202b43d709cb328cedaf18c446af448f705c33d553e8c2e9f7,5170ec511fb50cdf10d648416d508574d70e9781ddf156a1b2a86d2b385e94dc,100,1729,maximum_nontransitivity_disagreement_gain,2000.0,3000.0
kata1-b6c96-s152505856-d23152636,6,3675.351981175569,1866.3064499478512,5484.397512403287,3315.4166544956793,359.93532667988984,2,a5803f8a5d9d87202b43d709cb328cedaf18c446af448f705c33d553e8c2e9f7,5170ec511fb50cdf10d648416d508574d70e9781ddf156a1b2a86d2b385e94dc,100,1729,maximum_nontransitivity_disagreement_gain,2000.0,3000.0
kata1-b6c96-s152505856-d23152636,8,3319.4223996964242,2791.235130956091,3847.6096684367576,3315.4166544956793,4.005745200744968,2,a5803f8a5d9d87202b43d709cb328cedaf18c446af448f705c33d553e8c2e9f7,5170ec511fb50cdf10d648416d508574d70e9781ddf156a1b2a86d2b385e94dc,100,1729,maximum_nontransitivity_disagreement_gain,2000.0,3000.0
kata1-b6c96-s152505856-d23152636,10,3359.4178839971164,2878.0961039367135,3840.7396640575193,3315.4166544956793,44.00122950143714,2,a5803f8a5d9d87202b43d709cb328cedaf18c446af448f705c33d553e8c2e9f7,5170ec511fb50cdf10d648416d508574d70e9781ddf156a1b2a86d2b385e94dc,100,1729,maximum_nontransitivity_disagreement_gain,2000.0,3000.0
kata1-b6c96-s152505856-d23152636,12,3375.245689914825,3032.5712438830133,3717.920135946637,3315.4166544956793,59.82903541914584,2,a5803f8a5d9d87202b43d709cb328cedaf18c446af448f705c33d553e8c2e9f7,5170ec511fb50cdf10d648416d508574d70e9781ddf156a1b2a86d2b385e94dc,100,1729,maximum_nontransitivity_disagreement_gain,2000.0,3000.0
kata1-b6c96-s152505856-d23152636,14,3439.0079251219204,3156.6640736083914,3721.3517766354494,3315.4166544956793,123.59127062624111,2,a5803f8a5d9d87202b43d709cb328cedaf18c446af448f705c33d553e8c2e9f7,5170ec511fb50cdf10d648416d508574d70e9781ddf156a1b2a86d2b385e94dc,100,1729,maximum_nontransitivity_disagreement_gain,2000.0,3000.0
kata1-b6c96-s152505856-d23152636,16,3471.4616814889478,3223.757364234176,3719.1659987437197,3315.4166544956793,156.0450269932685,2,a5803f8a5d9d87202b43d709cb328cedaf18c446af448f705c33d553e8c2e9f7,5170ec511fb50cdf10d648416d508574d70e9781ddf156a1b2a86d2b385e94dc,100,1729,maximum_nontransitivity_disagreement_gain,2000.0,3000.0
kata1-b6c96-s152505856-d23152636,18,3398.1988357339305,3179.615965706105,3616.7817057617563,3315.4166544956793,82.78218123825127,2,a5803f8a5d9d87202b43d709cb328cedaf18c446af448f705c33d553e8c2e9f7,5170ec511fb50cdf10d648416d508574d70e9781ddf156a1b2a86d2b385e94dc,100,1729,maximum_nontransitivity_disagreement_gain,2000.0,3000.0
kata1-b6c96-s152505856-d23152636,20,3396.9563835370814,3197.156167888161,3596.756599186002,3315.4166544956793,81.5397290414021,2,a5803f8a5d9d87202b43d709cb328cedaf18c446af448f705c33d553e8c2e9f7,5170ec511fb50cdf10d648416d508574d70e9781ddf156a1b2a86d2b385e94dc,100,1729,maximum_nontransitivity_disagreement_gain,2000.0,3000.0
kata1-b6c96-s152505856-d23152636,22,3345.8039162401124,3159.083325782186,3532.5245066980387,3315.4166544956793,30.38726174443309,2,a5803f8a5d9d87202b43d709cb328cedaf18c446af448f705c33d553e8c2e9f7,5170ec511fb50cdf10d648416d508574d70e9781ddf156a1b2a86d2b385e94dc,100,1729,maximum_nontransitivity_disagreement_gain,2000.0,3000.0
kata1-b6c96-s152505856-d23152636,24,3351.5195622647275,3176.853779325058,3526.185345204397,3315.4166544956793,36.102907769048215,2,a5803f8a5d9d87202b43d709cb328cedaf18c446af448f705c33d553e8c2e9f7,5170ec511fb50cdf10d648416d508574d70e9781ddf156a1b2a86d2b385e94dc,100,1729,maximum_nontransitivity_disagreement_gain,2000.0,3000.0
kata1-b6c96-s152505856-d23152636,26,3316.2114153235702,3149.0912226516493,3483.331607995491,3315.4166544956793,0.7947608278909684,2,a5803f8a5d9d87202b43d709cb328cedaf18c446af448f705c33d553e8c2e9f7,5170ec511fb50cdf10d648416d508574d70e9781ddf156a1b2a86d2b385e94dc,100,1729,maximum_nontransitivity_disagreement_gain,2000.0,3000.0
kata1-b6c96-s152505856-d23152636,28,3359.4723539468378,3203.0111302015366,3515.933577692139,3315.4166544956793,44.05569945115849,2,a5803f8a5d9d87202b43d709cb328cedaf18c446af448f705c33d553e8c2e9f7,5170ec511fb50cdf10d648416d508574d70e9781ddf156a1b2a86d2b385e94dc,100,1729,maximum_nontransitivity_disagreement_gain,2000.0,3000.0
kata1-b6c96-s152505856-d23152636,30,3330.106295921813,3179.263007048051,3480.949584795575,3315.4166544956793,14.689641426133676,2,a5803f8a5d9d87202b43d709cb328cedaf18c446af448f705c33d553e8c2e9f7,5170ec511fb50cdf10d648416d508574d70e9781ddf156a1b2a86d2b385e94dc,100,1729,maximum_nontransitivity_disagreement_gain,2000.0,3000.0
kata1-b6c96-s152505856-d23152636,32,3305.0940184665096,3158.6477835241426,3451.5402534088767,3315.4166544956793,-10.322636029169644,2,a5803f8a5d9d87202b43d709cb328cedaf18c446af448f705c33d553e8c2e9f7,5170ec511fb50cdf10d648416d508574d70e9781ddf156a1b2a86d2b385e94dc,100,1729,maximum_nontransitivity_disagreement_gain,2000.0,3000.0
kata1-b6c96-s152505856-d23152636,34,3305.1094575398856,3164.532434545013,3445.686480534758,3315.4166544956793,-10.307196955793643,2,a5803f8a5d9d87202b43d709cb328cedaf18c446af448f705c33d553e8c2e9f7,5170ec511fb50cdf10d648416d508574d70e9781ddf156a1b2a86d2b385e94dc,100,1729,maximum_nontransitivity_disagreement_gain,2000.0,3000.0
kata1-b6c96-s152505856-d23152636,36,3305.122603533044,3169.719373199252,3440.5258338668364,3315.4166544956793,-10.294050962635083,2,a5803f8a5d9d87202b43d709cb328cedaf18c446af448f705c33d553e8c2e9f7,5170ec511fb50cdf10d648416d508574d70e9781ddf156a1b2a86d2b385e94dc,100,1729,maximum_nontransitivity_disagreement_gain,2000.0,3000.0
kata1-b6c96-s152505856-d23152636,38,3329.2537277685374,3199.568410640918,3458.9390448961567,3315.4166544956793,13.837073272858106,2,a5803f8a5d9d87202b43d709cb328cedaf18c446af448f705c33d553e8c2e9f7,5170ec511fb50cdf10d648416d508574d70e9781ddf156a1b2a86d2b385e94dc,100,1729,maximum_nontransitivity_disagreement_gain,2000.0,3000.0
kata1-b6c96-s152505856-d23152636,40,3338.861598987562,3213.4475943908096,3464.2756035843145,3315.4166544956793,23.44494449188278,2,a5803f8a5d9d87202b43d709cb328cedaf18c446af448f705c33d553e8c2e9f7,5170ec511fb50cdf10d648416d508574d70e9781ddf156a1b2a86d2b385e94dc,100,1729,maximum_nontransitivity_disagreement_gain,2000.0,3000.0
kata1-b6c96-s152505856-d23152636,42,3336.824921452947,3214.954437108008,3458.695405797886,3315.4166544956793,21.408266957267642,2,a5803f8a5d9d87202b43d709cb328cedaf18c446af448f705c33d553e8c2e9f7,5170ec511fb50cdf10d648416d508574d70e9781ddf156a1b2a86d2b385e94dc,100,1729,maximum_nontransitivity_disagreement_gain,2000.0,3000.0
kata1-b6c96-s152505856-d23152636,44,3354.7347218454274,3236.3430323790303,3473.1264113118245,3315.4166544956793,39.31806734974816,2,a5803f8a5d9d87202b43d709cb328cedaf18c446af448f705c33d553e8c2e9f7,5170ec511fb50cdf10d648416d508574d70e9781ddf156a1b2a86d2b385e94dc,100,1729,maximum_nontransitivity_disagreement_gain,2000.0,3000.0
kata1-b6c96-s152505856-d23152636,46,3333.4066981536107,3217.757386026565,3449.056010280656,3315.4166544956793,17.990043657931437,2,a5803f8a5d9d87202b43d709cb328cedaf18c446af448f705c33d553e8c2e9f7,5170ec511fb50cdf10d648416d508574d70e9781ddf156a1b2a86d2b385e94dc,100,1729,maximum_nontransitivity_disagreement_gain,2000.0,3000.0
kata1-b6c96-s152505856-d23152636,48,3331.9590845535704,3219.058439196778,3444.8597299103626,3315.4166544956793,16.542430057891124,2,a5803f8a5d9d87202b43d709cb328cedaf18c446af448f705c33d553e8c2e9f7,5170ec511fb50cdf10d648416d508574d70e9781ddf156a1b2a86d2b385e94dc,100,1729,maximum_nontransitivity_disagreement_gain,2000.0,3000.0
kata1-b6c96-s152505856-d23152636,50,3347.520390334468,3237.3126731630464,3457.72810750589,3315.4166544956793,32.10373583878891,2,a5803f8a5d9d87202b43d709cb328cedaf18c446af448f705c33d553e8c2e9f7,5170ec511fb50cdf10d648416d508574d70e9781ddf156a1b2a86d2b385e94dc,100,1729,maximum_nontransitivity_disagreement_gain,2000.0,3000.0
kata1-b6c96-s152505856-d23152636,52,3345.557283476884,3237.695100622918,3453.4194663308504,3315.4166544956793,30.140628981204827,2,a5803f8a5d9d87202b43d709cb328cedaf18c446af448f705c33d553e8c2e9f7,5170ec511fb50cdf10d648416d508574d70e9781ddf156a1b2a86d2b385e94dc,100,1729,maximum_nontransitivity_disagreement_gain,2000.0,3000.0
kata1-b6c96-s152505856-d23152636,54,3343.7670002962827,3238.0930079825184,3449.440992610047,3315.4166544956793,28.350345800603463,2,a5803f8a5d9d87202b43d709cb328cedaf18c446af448f705c33d553e8c2e9f7,5170ec511fb50cdf10d648416d508574d70e9781ddf156a1b2a86d2b385e94dc,100,1729,maximum_nontransitivity_disagreement_gain,2000.0,3000.0
kata1-b6c96-s152505856-d23152636,56,3356.8518323439976,3253.177270362784,3460.526394325211,3315.4166544956793,41.43517784831829,2,a5803f8a5d9d87202b43d709cb328cedaf18c446af448f705c33d553e8c2e9f7,5170ec511fb50cdf10d648416d508574d70e9781ddf156a1b2a86d2b385e94dc,100,1729,maximum_nontransitivity_disagreement_gain,2000.0,3000.0
kata1-b6c96-s152505856-d23152636,58,3354.7486006218655,3252.996200425145,3456.501000818586,3315.4166544956793,39.33194612618627,2,a5803f8a5d9d87202b43d709cb328cedaf18c446af448f705c33d553e8c2e9f7,5170ec511fb50cdf10d648416d508574d70e9781ddf156a1b2a86d2b385e94dc,100,1729,maximum_nontransitivity_disagreement_gain,2000.0,3000.0
kata1-b6c96-s152505856-d23152636,60,3339.2328259324627,3239.3302474216225,3439.135404443303,3315.4166544956793,23.816171436783407,2,a5803f8a5d9d87202b43d709cb328cedaf18c446af448f705c33d553e8c2e9f7,5170ec511fb50cdf10d648416d508574d70e9781ddf156a1b2a86d2b385e94dc,100,1729,maximum_nontransitivity_disagreement_gain,2000.0,3000.0
kata1-b6c96-s152505856-d23152636,62,3337.948333927381,3239.746017153808,3436.150650700954,3315.4166544956793,22.531679431701832,2,a5803f8a5d9d87202b43d709cb328cedaf18c446af448f705c33d553e8c2e9f7,5170ec511fb50cdf10d648416d508574d70e9781ddf156a1b2a86d2b385e94dc,100,1729,maximum_nontransitivity_disagreement_gain,2000.0,3000.0
kata1-b6c96-s152505856-d23152636,64,3343.051409938812,3246.4476456920447,3439.655174185579,3315.4166544956793,27.63475544313269,2,a5803f8a5d9d87202b43d709cb328cedaf18c446af448f705c33d553e8c2e9f7,5170ec511fb50cdf10d648416d508574d70e9781ddf156a1b2a86d2b385e94dc,100,1729,maximum_nontransitivity_disagreement_gain,2000.0,3000.0
kata1-b6c96-s152505856-d23152636,66,3353.8834334082644,3258.7159577670973,3449.0509090494315,3315.4166544956793,38.46677891258514,2,a5803f8a5d9d87202b43d709cb328cedaf18c446af448f705c33d553e8c2e9f7,5170ec511fb50cdf10d648416d508574d70e9781ddf156a1b2a86d2b385e94dc,100,1729,maximum_nontransitivity_disagreement_gain,2000.0,3000.0
kata1-b6c96-s152505856-d23152636,68,3352.233085080636,3258.5099349090087,3445.9562352522635,3315.4166544956793,36.816430584956834,2,a5803f8a5d9d87202b43d709cb328cedaf18c446af448f705c33d553e8c2e9f7,5170ec511fb50cdf10d648416d508574d70e9781ddf156a1b2a86d2b385e94dc,100,1729,maximum_nontransitivity_disagreement_gain,2000.0,3000.0
kata1-b6c96-s152505856-d23152636,70,3350.690270680073,3258.33795726729,3443.0425840928556,3315.4166544956793,35.27361618439363,2,a5803f8a5d9d87202b43d709cb328cedaf18c446af448f705c33d553e8c2e9f7,5170ec511fb50cdf10d648416d508574d70e9781ddf156a1b2a86d2b385e94dc,100,1729,maximum_nontransitivity_disagreement_gain,2000.0,3000.0
kata1-b6c96-s152505856-d23152636,72,3360.2764764278636,3269.088344476618,3451.464608379109,3315.4166544956793,44.85982193218433,2,a5803f8a5d9d87202b43d709cb328cedaf18c446af448f705c33d553e8c2e9f7,5170ec511fb50cdf10d648416d508574d70e9781ddf156a1b2a86d2b385e94dc,100,1729,maximum_nontransitivity_disagreement_gain,2000.0,3000.0
kata1-b6c96-s152505856-d23152636,74,3358.5789865606266,3268.6409239952904,3448.517049125963,3315.4166544956793,43.16233206494735,2,a5803f8a5d9d87202b43d709cb328cedaf18c446af448f705c33d553e8c2e9f7,5170ec511fb50cdf10d648416d508574d70e9781ddf156a1b2a86d2b385e94dc,100,1729,maximum_nontransitivity_disagreement_gain,2000.0,3000.0
kata1-b6c96-s152505856-d23152636,76,3351.7937186696454,3263.114952271968,3440.472485067323,3315.4166544956793,36.37706417396612,2,a5803f8a5d9d87202b43d709cb328cedaf18c446af448f705c33d553e8c2e9f7,5170ec511fb50cdf10d648416d508574d70e9781ddf156a1b2a86d2b385e94dc,100,1729,maximum_nontransitivity_disagreement_gain,2000.0,3000.0
kata1-b6c96-s152505856-d23152636,78,3340.3875236844815,3252.924029231849,3427.851018137114,3315.4166544956793,24.970869188802226,2,a5803f8a5d9d87202b43d709cb328cedaf18c446af448f705c33d553e8c2e9f7,5170ec511fb50cdf10d648416d508574d70e9781ddf156a1b2a86d2b385e94dc,100,1729,maximum_nontransitivity_disagreement_gain,2000.0,3000.0
kata1-b6c96-s152505856-d23152636,80,3329.640015624673,3243.2770497195534,3416.002981529793,3315.4166544956793,14.223361128993929,2,a5803f8a5d9d87202b43d709cb328cedaf18c446af448f705c33d553e8c2e9f7,5170ec511fb50cdf10d648416d508574d70e9781ddf156a1b2a86d2b385e94dc,100,1729,maximum_nontransitivity_disagreement_gain,2000.0,3000.0
kata1-b6c96-s152505856-d23152636,82,3328.2525734734104,3242.825120375596,3413.680026571225,3315.4166544956793,12.835918977731126,2,a5803f8a5d9d87202b43d709cb328cedaf18c446af448f705c33d553e8c2e9f7,5170ec511fb50cdf10d648416d508574d70e9781ddf156a1b2a86d2b385e94dc,100,1729,maximum_nontransitivity_disagreement_gain,2000.0,3000.0
kata1-b6c96-s152505856-d23152636,84,3322.2010614793,3237.6340641386832,3406.7680588199164,3315.4166544956793,6.784406983620556,2,a5803f8a5d9d87202b43d709cb328cedaf18c446af448f705c33d553e8c2e9f7,5170ec511fb50cdf10d648416d508574d70e9781ddf156a1b2a86d2b385e94dc,100,1729,maximum_nontransitivity_disagreement_gain,2000.0,3000.0
kata1-b6c96-s152505856-d23152636,86,3316.4273462758433,3232.6523536505542,3400.2023389011324,3315.4166544956793,1.010691780164052,2,a5803f8a5d9d87202b43d709cb328cedaf18c446af448f705c33d553e8c2e9f7,5170ec511fb50cdf10d648416d508574d70e9781ddf156a1b2a86d2b385e94dc,100,1729,maximum_nontransitivity_disagreement_gain,2000.0,3000.0
kata1-b6c96-s152505856-d23152636,88,3310.9058076253577,3227.8625737177417,3393.9490415329738,3315.4166544956793,-4.510846870321529,2,a5803f8a5d9d87202b43d709cb328cedaf18c446af448f705c33d553e8c2e9f7,5170ec511fb50cdf10d648416d508574d70e9781ddf156a1b2a86d2b385e94dc,100,1729,maximum_nontransitivity_disagreement_gain,2000.0,3000.0
kata1-b6c96-s152505856-d23152636,90,3314.4909570054415,3232.2916077276386,3396.6903062832444,3315.4166544956793,-0.9256974902377806,2,a5803f8a5d9d87202b43d709cb328cedaf18c446af448f705c33d553e8c2e9f7,5170ec511fb50cdf10d648416d508574d70e9781ddf156a1b2a86d2b385e94dc,100,1729,maximum_nontransitivity_disagreement_gain,2000.0,3000.0
kata1-b6c96-s152505856-d23152636,92,3317.9147647317773,3236.5323518541027,3399.297177609452,3315.4166544956793,2.4981102360980003,2,a5803f8a5d9d87202b43d709cb328cedaf18c446af448f705c33d553e8c2e9f7,5170ec511fb50cdf10d648416d508574d70e9781ddf156a1b2a86d2b385e94dc,100,1729,maximum_nontransitivity_disagreement_gain,2000.0,3000.0
kata1-b6c96-s152505856-d23152636,94,3312.7175235137092,3231.9773524407015,3393.457694586717,3315.4166544956793,-2.699130981970029,2,a5803f8a5d9d87202b43d709cb328cedaf18c446af448f705c33d553e8c2e9f7,5170ec511fb50cdf10d648416d508574d70e9781ddf156a1b2a86d2b385e94dc,100,1729,maximum_nontransitivity_disagreement_gain,2000.0,3000.0
kata1-b6c96-s152505856-d23152636,96,3307.7214420107143,3227.5800223957185,3387.86286162571,3315.4166544956793,-7.695212484964941,2,a5803f8a5d9d87202b43d709cb328cedaf18c446af448f705c33d553e8c2e9f7,5170ec511fb50cdf10d648416d508574d70e9781ddf156a1b2a86d2b385e94dc,100,1729,maximum_nontransitivity_disagreement_gain,2000.0,3000.0
kata1-b6c96-s152505856-d23152636,98,3302.9108026990375,3223.3290907115033,3382.4925146865717,3315.4166544956793,-12.505851796641764,2,a5803f8a5d9d87202b43d709cb328cedaf18c446af448f705c33d553e8c2e9f7,5170ec511fb50cdf10d648416d508574d70e9781ddf156a1b2a86d2b385e94dc,100,1729,maximum_nontransitivity_disagreement_gain,2000.0,3000.0
kata1-b6c96-s152505856-d23152636,100,3306.316069298793,3227.478552112973,3385.1535864846132,3315.4166544956793,-9.100585196886186,2,a5803f8a5d9d87202b43d709cb328cedaf18c446af448f705c33d553e8c2e9f7,5170ec511fb50cdf10d648416d508574d70e9781ddf156a1b2a86d2b385e94dc,100,1729,maximum_nontransitivity_disagreement_gain,2000.0,3000.0
kata1-b10c128-s56992512-d31122236,2,2847.802529185296,414.49470260224916,5281.110355768343,3439.420101936604,-591.6175727513082,2,a5803f8a5d9d87202b43d709cb328cedaf18c446af448f705c33d553e8c2e9f7,5170ec511fb50cdf10d648416d508574d70e9781ddf156a1b2a86d2b385e94dc,100,1729,maximum_nontransitivity_disagreement_gain,2000.0,3000.0
kata1-b10c128-s56992512-d31122236,4,3566.5170669394233,1696.005667857647,5437.0284660212,3439.420101936604,127.09696500281916,2,a5803f8a5d9d87202b43d709cb328cedaf18c446af448f705c33d553e8c2e9f7,5170ec511fb50cdf10d648416d508574d70e9781ddf156a1b2a86d2b385e94dc,100,1729,maximum_nontransitivity_disagreement_gain,2000.0,3000.0
kata1-b10c128-s56992512-d31122236,6,3027.063128758016,2636.8504755995987,3417.275781916433,3439.420101936604,-412.3569731785883,2,a5803f8a5d9d87202b43d709cb328cedaf18c446af448f705c33d553e8c2e9f7,5170ec511fb50cdf10d648416d508574d70e9781ddf156a1b2a86d2b385e94dc,100,1729,maximum_nontransitivity_disagreement_gain,2000.0,3000.0
kata1-b10c128-s56992512-d31122236,8,3187.3216752688536,2810.5060641916443,3564.137286346063,3439.420101936604,-252.09842666775057,2,a5803f8a5d9d87202b43d709cb328cedaf18c446af448f705c33d553e8c2e9f7,5170ec511fb50cdf10d648416d508574d70e9781ddf156a1b2a86d2b385e94dc,100,1729,maximum_nontransitivity_disagreement_gain,2000.0,3000.0
kata1-b10c128-s56992512-d31122236,10,3230.8298445145087,2864.8559143938382,3596.8037746351793,3439.420101936604,-208.59025742209542,2,a5803f8a5d9d87202b43d709cb328cedaf18c446af448f705c33d553e8c2e9f7,5170ec511fb50cdf10d648416d508574d70e9781ddf156a1b2a86d2b385e94dc,100,1729,maximum_nontransitivity_disagreement_gain,2000.0,3000.0
kata1-b10c128-s56992512-d31122236,12,3264.8289634218995,2905.2374767340966,3624.4204501097024,3439.420101936604,-174.59113851470465,2,a5803f8a5d9d87202b43d709cb328cedaf18c446af448f705c33d553e8c2e9f7,5170ec511fb50cdf10d648416d508574d70e9781ddf156a1b2a86d2b385e94dc,100,1729,maximum_nontransitivity_disagreement_gain,2000.0,3000.0
kata1-b10c128-s56992512-d31122236,14,3279.466278523811,2984.2486364333818,3574.6839206142404,3439.420101936604,-159.9538234127931,2,a5803f8a5d9d87202b43d709cb328cedaf18c446af448f705c33d553e8c2e9f7,5170ec511fb50cdf10d648416d508574d70e9781ddf156a1b2a86d2b385e94dc,100,1729,maximum_nontransitivity_disagreement_gain,2000.0,3000.0
kata1-b10c128-s56992512-d31122236,16,3336.639495951674,3069.2056486874226,3604.073343215925,3439.420101936604,-102.78060598493039,2,a5803f8a5d9d87202b43d709cb328cedaf18c446af448f705c33d553e8c2e9f7,5170ec511fb50cdf10d648416d508574d70e9781ddf156a1b2a86d2b385e94dc,100,1729,maximum_nontransitivity_disagreement_gain,2000.0,3000.0
kata1-b10c128-s56992512-d31122236,18,3416.8114628612384,3160.6443220598767,3672.9786036626,3439.420101936604,-22.608639075365772,2,a5803f8a5d9d87202b43d709cb328cedaf18c446af448f705c33d553e8c2e9f7,5170ec511fb50cdf10d648416d508574d70e9781ddf156a1b2a86d2b385e94dc,100,1729,maximum_nontransitivity_disagreement_gain,2000.0,3000.0
kata1-b10c128-s56992512-d31122236,20,3411.0152655663114,3185.324895029539,3636.7056361030836,3439.420101936604,-28.40483637029274,2,a5803f8a5d9d87202b43d709cb328cedaf18c446af448f705c33d553e8c2e9f7,5170ec511fb50cdf10d648416d508574d70e9781ddf156a1b2a86d2b385e94dc,100,1729,maximum_nontransitivity_disagreement_gain,2000.0,3000.0
kata1-b10c128-s56992512-d31122236,22,3472.6893319852375,3254.052541019566,3691.326122950909,3439.420101936604,33.26923004863329,2,a5803f8a5d9d87202b43d709cb328cedaf18c446af448f705c33d553e8c2e9f7,5170ec511fb50cdf10d648416d508574d70e9781ddf156a1b2a86d2b385e94dc,100,1729,maximum_nontransitivity_disagreement_gain,2000.0,3000.0
kata1-b10c128-s56992512-d31122236,24,3500.933448283771,3294.9036679035644,3706.963228663978,3439.420101936604,61.513346347167044,2,a5803f8a5d9d87202b43d709cb328cedaf18c446af448f705c33d553e8c2e9f7,5170ec511fb50cdf10d648416d508574d70e9781ddf156a1b2a86d2b385e94dc,100,1729,maximum_nontransitivity_disagreement_gain,2000.0,3000.0
kata1-b10c128-s56992512-d31122236,26,3556.118642414907,3353.597703015327,3758.6395818144865,3439.420101936604,116.69854047830268,2,a5803f8a5d9d87202b43d709cb328cedaf18c446af448f705c33d553e8c2e9f7,5170ec511fb50cdf10d648416d508574d70e9781ddf156a1b2a86d2b385e94dc,100,1729,maximum_nontransitivity_disagreement_gain,2000.0,3000.0
kata1-b10c128-s56992512-d31122236,28,3610.913205804921,3410.336711978681,3811.489699631161,3439.420101936604,171.49310386831667,2,a5803f8a5d9d87202b43d709cb328cedaf18c446af448f705c33d553e8c2e9f7,5170ec511fb50cdf10d648416d508574d70e9781ddf156a1b2a86d2b385e94dc,100,1729,maximum_nontransitivity_disagreement_gain,2000.0,3000.0
kata1-b10c128-s56992512-d31122236,30,3566.1005679724362,3388.7522698452344,3743.448866099638,3439.420101936604,126.68046603583207,2,a5803f8a5d9d87202b43d709cb328cedaf18c446af448f705c33d553e8c2e9f7,5170ec511fb50cdf10d648416d508574d70e9781ddf156a1b2a86d2b385e94dc,100,1729,maximum_nontransitivity_disagreement_gain,2000.0,3000.0
kata1-b10c128-s56992512-d31122236,32,3564.85867228994,3398.0038571417927,3731.713487438087,3439.420101936604,125.43857035333576,2,a5803f8a5d9d87202b43d709cb328cedaf18c446af448f705c33d553e8c2e9f7,5170ec511fb50cdf10d648416d508574d70e9781ddf156a1b2a86d2b385e94dc,100,1729,maximum_nontransitivity_disagreement_gain,2000.0,3000.0
kata1-b10c128-s56992512-d31122236,34,3563.879048408048,3405.7502951377573,3722.007801678339,3439.420101936604,124.45894647144405,2,a5803f8a5d9d87202b43d709cb328cedaf18c446af448f705c33d553e8c2e9f7,5170ec511fb50cdf10d648416d508574d70e9781ddf156a1b2a86d2b385e94dc,100,1729,maximum_nontransitivity_disagreement_gain,2000.0,3000.0
kata1-b10c128-s56992512-d31122236,36,3563.085794470534,3412.364045424967,3713.807543516101,3439.420101936604,123.66569253392981,2,a5803f8a5d9d87202b43d709cb328cedaf18c446af448f705c33d553e8c2e9f7,5170ec511fb50cdf10d648416d508574d70e9781ddf156a1b2a86d2b385e94dc,100,1729,maximum_nontransitivity_disagreement_gain,2000.0,3000.0
kata1-b10c128-s56992512-d31122236,38,3533.8308015002417,3391.7239534669116,3675.937649533572,3439.420101936604,94.41069956363754,2,a5803f8a5d9d87202b43d709cb328cedaf18c446af448f705c33d553e8c2e9f7,5170ec511fb50cdf10d648416d508574d70e9781ddf156a1b2a86d2b385e94dc,100,1729,maximum_nontransitivity_disagreement_gain,2000.0,3000.0
kata1-b10c128-s56992512-d31122236,40,3522.1877852575426,3385.9550725978743,3658.420497917211,3439.420101936604,82.76768332093843,2,a5803f8a5d9d87202b43d709cb328cedaf18c446af448f705c33d553e8c2e9f7,5170ec511fb50cdf10d648416d508574d70e9781ddf156a1b2a86d2b385e94dc,100,1729,maximum_nontransitivity_disagreement_gain,2000.0,3000.0
kata1-b10c128-s56992512-d31122236,42,3510.487283216106,3379.3736628696133,3641.6009035625984,3439.420101936604,71.06718127950171,2,a5803f8a5d9d87202b43d709cb328cedaf18c446af448f705c33d553e8c2e9f7,5170ec511fb50cdf10d648416d508574d70e9781ddf156a1b2a86d2b385e94dc,100,1729,maximum_nontransitivity_disagreement_gain,2000.0,3000.0
kata1-b10c128-s56992512-d31122236,44,3520.882134137639,3393.5653564902145,3648.198911785063,3439.420101936604,81.46203220103462,2,a5803f8a5d9d87202b43d709cb328cedaf18c446af448f705c33d553e8c2e9f7,5170ec511fb50cdf10d648416d508574d70e9781ddf156a1b2a86d2b385e94dc,100,1729,maximum_nontransitivity_disagreement_gain,2000.0,3000.0
kata1-b10c128-s56992512-d31122236,46,3497.7896492302507,3374.8876997863654,3620.691598674136,3439.420101936604,58.36954729364652,2,a5803f8a5d9d87202b43d709cb328cedaf18c446af448f705c33d553e8c2e9f7,5170ec511fb50cdf10d648416d508574d70e9781ddf156a1b2a86d2b385e94dc,100,1729,maximum_nontransitivity_disagreement_gain,2000.0,3000.0
kata1-b10c128-s56992512-d31122236,48,3518.776211293852,3398.7598914405658,3638.7925311471386,3439.420101936604,79.35610935724799,2,a5803f8a5d9d87202b43d709cb328cedaf18c446af448f705c33d553e8c2e9f7,5170ec511fb50cdf10d648416d508574d70e9781ddf156a1b2a86d2b385e94dc,100,1729,maximum_nontransitivity_disagreement_gain,2000.0,3000.0
kata1-b10c128-s56992512-d31122236,50,3508.761413543578,3392.1613660615385,3625.3614610256172,3439.420101936604,69.3413116069737,2,a5803f8a5d9d87202b43d709cb328cedaf18c446af448f705c33d553e8c2e9f7,5170ec511fb50cdf10d648416d508574d70e9781ddf156a1b2a86d2b385e94dc,100,1729,maximum_nontransitivity_disagreement_gain,2000.0,3000.0
kata1-b10c128-s56992512-d31122236,52,3490.8321265625227,3377.3726440979535,3604.291609027092,3439.420101936604,51.41202462591855,2,a5803f8a5d9d87202b43d709cb328cedaf18c446af448f705c33d553e8c2e9f7,5170ec511fb50cdf10d648416d508574d70e9781ddf156a1b2a86d2b385e94dc,100,1729,maximum_nontransitivity_disagreement_gain,2000.0,3000.0
kata1-b10c128-s56992512-d31122236,54,3473.9143795924647,3363.129522413336,3584.6992367715934,3439.420101936604,34.494277655860515,2,a5803f8a5d9d87202b43d709cb328cedaf18c446af448f705c33d553e8c2e9f7,5170ec511fb50cdf10d648416d508574d70e9781ddf156a1b2a86d2b385e94dc,100,1729,maximum_nontransitivity_disagreement_gain,2000.0,3000.0
kata1-b10c128-s56992512-d31122236,56,3489.6480205307935,3381.261905424378,3598.034135637209,3439.420101936604,50.227918594189305,2,a5803f8a5d9d87202b43d709cb328cedaf18c446af448f705c33d553e8c2e9f7,5170ec511fb50cdf10d648416d508574d70e9781ddf156a1b2a86d2b385e94dc,100,1729,maximum_nontransitivity_disagreement_gain,2000.0,3000.0
kata1-b10c128-s56992512-d31122236,58,3488.370827936681,3382.2568451012585,3594.4848107721036,3439.420101936604,48.950726000076884,2,a5803f8a5d9d87202b43d709cb328cedaf18c446af448f705c33d553e8c2e9f7,5170ec511fb50cdf10d648416d508574d70e9781ddf156a1b2a86d2b385e94dc,100,1729,maximum_nontransitivity_disagreement_gain,2000.0,3000.0
kata1-b10c128-s56992512-d31122236,60,3487.205148793602,3383.2093256151957,3591.200971972008,3439.420101936604,47.785046856997724,2,a5803f8a5d9d87202b43d709cb328cedaf18c446af448f705c33d553e8c2e9f7,5170ec511fb50cdf10d648416d508574d70e9781ddf156a1b2a86d2b385e94dc,100,1729,maximum_nontransitivity_disagreement_gain,2000.0,3000.0
kata1-b10c128-s56992512-d31122236,62,3478.9943928384523,3377.0138875926677,3580.974898084237,3439.420101936604,39.574290901848144,2,a5803f8a5d9d87202b43d709cb328cedaf18c446af448f705c33d553e8c2e9f7,5170ec511fb50cdf10d648416d508574d70e9781ddf156a1b2a86d2b385e94dc,100,1729,maximum_nontransitivity_disagreement_gain,2000.0,3000.0
kata1-b10c128-s56992512-d31122236,64,3479.608191043844,3379.482434275564,3579.7339478121235,3439.420101936604,40.18808910723965,2,a5803f8a5d9d87202b43d709cb328cedaf18c446af448f705c33d553e8c2e9f7,5170ec511fb50cdf10d648416d508574d70e9781ddf156a1b2a86d2b385e94dc,100,1729,maximum_nontransitivity_disagreement_gain,2000.0,3000.0
kata1-b10c128-s56992512-d31122236,66,3492.114694344288,3393.650024742015,3590.5793639465614,3439.420101936604,52.69459240768401,2,a5803f8a5d9d87202b43d709cb328cedaf18c446af448f705c33d553e8c2e9f7,5170ec511fb50cdf10d648416d508574d70e9781ddf156a1b2a86d2b385e94dc,100,1729,maximum_nontransitivity_disagreement_gain,2000.0,3000.0
kata1-b10c128-s56992512-d31122236,68,3490.98176847619,3394.1672422767697,3587.7962946756106,3439.420101936604,51.561666539585985,2,a5803f8a5d9d87202b43d709cb328cedaf18c446af448f705c33d553e8c2e9f7,5170ec511fb50cdf10d648416d508574d70e9781ddf156a1b2a86d2b385e94dc,100,1729,maximum_nontransitivity_disagreement_gain,2000.0,3000.0
kata1-b10c128-s56992512-d31122236,70,3477.6748149856844,3382.490543136518,3572.8590868348506,3439.420101936604,38.25471304908024,2,a5803f8a5d9d87202b43d709cb328cedaf18c446af448f705c33d553e8c2e9f7,5170ec511fb50cdf10d648416d508574d70e9781ddf156a1b2a86d2b385e94dc,100,1729,maximum_nontransitivity_disagreement_gain,2000.0,3000.0
kata1-b10c128-s56992512-d31122236,72,3478.2498128190773,3384.5380084616045,3571.96161717655,3439.420101936604,38.82971088247314,2,a5803f8a5d9d87202b43d709cb328cedaf18c446af448f705c33d553e8c2e9f7,5170ec511fb50cdf10d648416d508574d70e9781ddf156a1b2a86d2b385e94dc,100,1729,maximum_nontransitivity_disagreement_gain,2000.0,3000.0
kata1-b10c128-s56992512-d31122236,74,3490.246841506731,3397.8714650728252,3582.622217940637,3439.420101936604,50.82673957012685,2,a5803f8a5d9d87202b43d709cb328cedaf18c446af448f705c33d553e8c2e9f7,5170ec511fb50cdf10d648416d508574d70e9781ddf156a1b2a86d2b385e94dc,100,1729,maximum_nontransitivity_disagreement_gain,2000.0,3000.0
kata1-b10c128-s56992512-d31122236,76,3490.9124460050452,3399.8668788173145,3581.958013192776,3439.420101936604,51.49234406844107,2,a5803f8a5d9d87202b43d709cb328cedaf18c446af448f705c33d553e8c2e9f7,5170ec511fb50cdf10d648416d508574d70e9781ddf156a1b2a86d2b385e94dc,100,1729,maximum_nontransitivity_disagreement_gain,2000.0,3000.0
kata1-b10c128-s56992512-d31122236,78,3480.7595622158615,3391.0267394940697,3570.4923849376532,3439.420101936604,41.33946027925731,2,a5803f8a5d9d87202b43d709cb328cedaf18c446af448f705c33d553e8c2e9f7,5170ec511fb50cdf10d648416d508574d70e9781ddf156a1b2a86d2b385e94dc,100,1729,maximum_nontransitivity_disagreement_gain,2000.0,3000.0
kata1-b10c128-s56992512-d31122236,80,3471.2302966889797,3382.6808433383553,3559.779750039604,3439.420101936604,31.810194752375537,2,a5803f8a5d9d87202b43d709cb328cedaf18c446af448f705c33d553e8c2e9f7,5170ec511fb50cdf10d648416d508574d70e9781ddf156a1b2a86d2b385e94dc,100,1729,maximum_nontransitivity_disagreement_gain,2000.0,3000.0
kata1-b10c128-s56992512-d31122236,82,3462.2536256418516,3374.7767890777327,3549.7304622059705,3439.420101936604,22.833523705247444,2,a5803f8a5d9d87202b43d709cb328cedaf18c446af448f705c33d553e8c2e9f7,5170ec511fb50cdf10d648416d508574d70e9781ddf156a1b2a86d2b385e94dc,100,1729,maximum_nontransitivity_disagreement_gain,2000.0,3000.0
kata1-b10c128-s56992512-d31122236,84,3463.648807410841,3377.2691734666773,3550.028441355005,3439.420101936604,24.228705474236904,2,a5803f8a5d9d87202b43d709cb328cedaf18c446af448f705c33d553e8c2e9f7,5170ec511fb50cdf10d648416d508574d70e9781ddf156a1b2a86d2b385e94dc,100,1729,maximum_nontransitivity_disagreement_gain,2000.0,3000.0
kata1-b10c128-s56992512-d31122236,86,3460.1689792299167,3374.7882029240827,3545.5497555357506,3439.420101936604,20.74887729331249,2,a5803f8a5d9d87202b43d709cb328cedaf18c446af448f705c33d553e8c2e9f7,5170ec511fb50cdf10d648416d508574d70e9781ddf156a1b2a86d2b385e94dc,100,1729,maximum_nontransitivity_disagreement_gain,2000.0,3000.0
kata1-b10c128-s56992512-d31122236,88,3461.5454632572882,3377.1721261779207,3545.9188003366557,3439.420101936604,22.12536132068408,2,a5803f8a5d9d87202b43d709cb328cedaf18c446af448f705c33d553e8c2e9f7,5170ec511fb50cdf10d648416d508574d70e9781ddf156a1b2a86d2b385e94dc,100,1729,maximum_nontransitivity_disagreement_gain,2000.0,3000.0
kata1-b10c128-s56992512-d31122236,90,3467.390807594198,3384.0276519216277,3550.7539632667686,3439.420101936604,27.970705657593953,2,a5803f8a5d9d87202b43d709cb328cedaf18c446af448f705c33d553e8c2e9f7,5170ec511fb50cdf10d648416d508574d70e9781ddf156a1b2a86d2b385e94dc,100,1729,maximum_nontransitivity_disagreement_gain,2000.0,3000.0
kata1-b10c128-s56992512-d31122236,92,3464.0858576914698,3381.6039347296573,3546.567780653282,3439.420101936604,24.665755754865586,2,a5803f8a5d9d87202b43d709cb328cedaf18c446af448f705c33d553e8c2e9f7,5170ec511fb50cdf10d648416d508574d70e9781ddf156a1b2a86d2b385e94dc,100,1729,maximum_nontransitivity_disagreement_gain,2000.0,3000.0
kata1-b10c128-s56992512-d31122236,94,3473.879765270742,3392.357441712488,3555.4020888289965,3439.420101936604,34.459663334137986,2,a5803f8a5d9d87202b43d709cb328cedaf18c446af448f705c33d553e8c2e9f7,5170ec511fb50cdf10d648416d508574d70e9781ddf156a1b2a86d2b385e94dc,100,1729,maximum_nontransitivity_disagreement_gain,2000.0,3000.0
kata1-b10c128-s56992512-d31122236,96,3474.7839113495297,3394.1124682213836,3555.455354477676,3439.420101936604,35.36380941292555,2,a5803f8a5d9d87202b43d709cb328cedaf18c446af448f705c33d553e8c2e9f7,5170ec511fb50cdf10d648416d508574d70e9781ddf156a1b2a86d2b385e94dc,100,1729,maximum_nontransitivity_disagreement_gain,2000.0,3000.0
kata1-b10c128-s56992512-d31122236,98,3475.6452363340486,3395.792318433937,3555.49815423416,3439.420101936604,36.225134397444435,2,a5803f8a5d9d87202b43d709cb328cedaf18c446af448f705c33d553e8c2e9f7,5170ec511fb50cdf10d648416d508574d70e9781ddf156a1b2a86d2b385e94dc,100,1729,maximum_nontransitivity_disagreement_gain,2000.0,3000.0
kata1-b10c128-s56992512-d31122236,100,3477.4604662455636,3398.3834021024995,3556.5375303886276,3439.420101936604,38.0403643089594,2,a5803f8a5d9d87202b43d709cb328cedaf18c446af448f705c33d553e8c2e9f7,5170ec511fb50cdf10d648416d508574d70e9781ddf156a1b2a86d2b385e94dc,100,1729,maximum_nontransitivity_disagreement_gain,2000.0,3000.0
kata1-b10c128-s182492416-d63545831,2,2847.8257996074544,414.54919566509807,5281.10240354981,3536.7529566574012,-688.9271570499468,2,a5803f8a5d9d87202b43d709cb328cedaf18c446af448f705c33d553e8c2e9f7,5170ec511fb50cdf10d648416d508574d70e9781ddf156a1b2a86d2b385e94dc,100,1729,maximum_nontransitivity_disagreement_gain,2000.0,3000.0
kata1-b10c128-s182492416-d63545831,4,3566.504086575605,1695.9884286019933,5437.019744549217,3536.7529566574012,29.751129918203787,2,a5803f8a5d9d87202b43d709cb328cedaf18c446af448f705c33d553e8c2e9f7,5170ec511fb50cdf10d648416d508574d70e9781ddf156a1b2a86d2b385e94dc,100,1729,maximum_nontransitivity_disagreement_gain,2000.0,3000.0
kata1-b10c128-s182492416-d63545831,6,3675.725697923579,1866.8614051635732,5484.589990683585,3536.7529566574012,138.97274126617776,2,a5803f8a5d9d87202b43d709cb328cedaf18c446af448f705c33d553e8c2e9f7,5170ec511fb50cdf10d648416d508574d70e9781ddf156a1b2a86d2b385e94dc,100,1729,maximum_nontransitivity_disagreement_gain,2000.0,3000.0
kata1-b10c128-s182492416-d63545831,8,4348.079097917023,2788.006148773656,5908.15204706039,3536.7529566574012,811.3261412596221,2,a5803f8a5d9d87202b43d709cb328cedaf18c446af448f705c33d553e8c2e9f7,5170ec511fb50cdf10d648416d508574d70e9781ddf156a1b2a86d2b385e94dc,100,1729,maximum_nontransitivity_disagreement_gain,2000.0,3000.0
kata1-b10c128-s182492416-d63545831,10,3874.5855626371062,3486.148513334136,4263.022611940077,3536.7529566574012,337.832605979705,2,a5803f8a5d9d87202b43d709cb328cedaf18c446af448f705c33d553e8c2e9f7,5170ec511fb50cdf10d648416d508574d70e9781ddf156a1b2a86d2b385e94dc,100,1729,maximum_nontransitivity_disagreement_gain,2000.0,3000.0
kata1-b10c128-s182492416-d63545831,12,3869.2973574607004,3566.982055375419,4171.612659545982,3536.7529566574012,332.54440080329914,2,a5803f8a5d9d87202b43d709cb328cedaf18c446af448f705c33d553e8c2e9f7,5170ec511fb50cdf10d648416d508574d70e9781ddf156a1b2a86d2b385e94dc,100,1729,maximum_nontransitivity_disagreement_gain,2000.0,3000.0
kata1-b10c128-s182492416-d63545831,14,3773.4764883153175,3524.2644910018967,4022.6884856287384,3536.7529566574012,236.72353165791628,2,a5803f8a5d9d87202b43d709cb328cedaf18c446af448f705c33d553e8c2e9f7,5170ec511fb50cdf10d648416d508574d70e9781ddf156a1b2a86d2b385e94dc,100,1729,maximum_nontransitivity_disagreement_gain,2000.0,3000.0
kata1-b10c128-s182492416-d63545831,16,3682.2359143157073,3455.6943390997712,3908.7774895316434,3536.7529566574012,145.48295765830608,2,a5803f8a5d9d87202b43d709cb328cedaf18c446af448f705c33d553e8c2e9f7,5170ec511fb50cdf10d648416d508574d70e9781ddf156a1b2a86d2b385e94dc,100,1729,maximum_nontransitivity_disagreement_gain,2000.0,3000.0
kata1-b10c128-s182492416-d63545831,18,3620.7130771710604,3407.4746131703764,3833.9515411717443,3536.7529566574012,83.96012051365915,2,a5803f8a5d9d87202b43d709cb328cedaf18c446af448f705c33d553e8c2e9f7,5170ec511fb50cdf10d648416d508574d70e9781ddf156a1b2a86d2b385e94dc,100,1729,maximum_nontransitivity_disagreement_gain,2000.0,3000.0
kata1-b10c128-s182492416-d63545831,20,3574.6246005453136,3370.024623840012,3779.2245772506153,3536.7529566574012,37.87164388791234,2,a5803f8a5d9d87202b43d709cb328cedaf18c446af448f705c33d553e8c2e9f7,5170ec511fb50cdf10d648416d508574d70e9781ddf156a1b2a86d2b385e94dc,100,1729,maximum_nontransitivity_disagreement_gain,2000.0,3000.0
kata1-b10c128-s182492416-d63545831,22,3538.0414290725366,3339.5147032086434,3736.56815493643,3536.7529566574012,1.2884724151354021,2,a5803f8a5d9d87202b43d709cb328cedaf18c446af448f705c33d553e8c2e9f7,5170ec511fb50cdf10d648416d508574d70e9781ddf156a1b2a86d2b385e94dc,100,1729,maximum_nontransitivity_disagreement_gain,2000.0,3000.0
kata1-b10c128-s182492416-d63545831,24,3507.8277794690384,3313.8295180557666,3701.8260408823103,3536.7529566574012,-28.925177188362795,2,a5803f8a5d9d87202b43d709cb328cedaf18c446af448f705c33d553e8c2e9f7,5170ec511fb50cdf10d648416d508574d70e9781ddf156a1b2a86d2b385e94dc,100,1729,maximum_nontransitivity_disagreement_gain,2000.0,3000.0
kata1-b10c128-s182492416-d63545831,26,3482.152827448287,3291.6866446842746,3672.6190102122996,3536.7529566574012,-54.60012920911413,2,a5803f8a5d9d87202b43d709cb328cedaf18c446af448f705c33d553e8c2e9f7,5170ec511fb50cdf10d648416d508574d70e9781ddf156a1b2a86d2b385e94dc,100,1729,maximum_nontransitivity_disagreement_gain,2000.0,3000.0
kata1-b10c128-s182492416-d63545831,28,3459.864488800115,3272.252029188097,3647.476948412133,3536.7529566574012,-76.88846785728629,2,a5803f8a5d9d87202b43d709cb328cedaf18c446af448f705c33d553e8c2e9f7,5170ec511fb50cdf10d648416d508574d70e9781ddf156a1b2a86d2b385e94dc,100,1729,maximum_nontransitivity_disagreement_gain,2000.0,3000.0
kata1-b10c128-s182492416-d63545831,30,3486.3991310134934,3313.9805458204983,3658.8177162064885,3536.7529566574012,-50.35382564390784,2,a5803f8a5d9d87202b43d709cb328cedaf18c446af448f705c33d553e8c2e9f7,5170ec511fb50cdf10d648416d508574d70e9781ddf156a1b2a86d2b385e94dc,100,1729,maximum_nontransitivity_disagreement_gain,2000.0,3000.0
kata1-b10c128-s182492416-d63545831,32,3467.703022206809,3297.4236027691795,3637.982441644438,3536.7529566574012,-69.04993445059245,2,a5803f8a5d9d87202b43d709cb328cedaf18c446af448f705c33d553e8c2e9f7,5170ec511fb50cdf10d648416d508574d70e9781ddf156a1b2a86d2b385e94dc,100,1729,maximum_nontransitivity_disagreement_gain,2000.0,3000.0
kata1-b10c128-s182492416-d63545831,34,3450.8694981477875,3282.4062582353595,3619.3327380602154,3536.7529566574012,-85.88345850961377,2,a5803f8a5d9d87202b43d709cb328cedaf18c446af448f705c33d553e8c2e9f7,5170ec511fb50cdf10d648416d508574d70e9781ddf156a1b2a86d2b385e94dc,100,1729,maximum_nontransitivity_disagreement_gain,2000.0,3000.0
kata1-b10c128-s182492416-d63545831,36,3435.5686976269963,3268.6736126591677,3602.463782594825,3536.7529566574012,-101.18425903040497,2,a5803f8a5d9d87202b43d709cb328cedaf18c446af448f705c33d553e8c2e9f7,5170ec511fb50cdf10d648416d508574d70e9781ddf156a1b2a86d2b385e94dc,100,1729,maximum_nontransitivity_disagreement_gain,2000.0,3000.0
kata1-b10c128-s182492416-d63545831,38,3421.5505926065657,3256.0289984711762,3587.072186741955,3536.7529566574012,-115.20236405083551,2,a5803f8a5d9d87202b43d709cb328cedaf18c446af448f705c33d553e8c2e9f7,5170ec511fb50cdf10d648416d508574d70e9781ddf156a1b2a86d2b385e94dc,100,1729,maximum_nontransitivity_disagreement_gain,2000.0,3000.0
kata1-b10c128-s182492416-d63545831,40,3408.6208650343583,3244.3169575062684,3572.924772562448,3536.7529566574012,-128.13209162304292,2,a5803f8a5d9d87202b43d709cb328cedaf18c446af448f705c33d553e8c2e9f7,5170ec511fb50cdf10d648416d508574d70e9781ddf156a1b2a86d2b385e94dc,100,1729,maximum_nontransitivity_disagreement_gain,2000.0,3000.0
kata1-b10c128-s182492416-d63545831,42,3396.6264054052663,3233.413558051573,3559.8392527589594,3536.7529566574012,-140.12655125213496,2,a5803f8a5d9d87202b43d709cb328cedaf18c446af448f705c33d553e8c2e9f7,5170ec511fb50cdf10d648416d508574d70e9781ddf156a1b2a86d2b385e94dc,100,1729,maximum_nontransitivity_disagreement_gain,2000.0,3000.0
kata1-b10c128-s182492416-d63545831,44,3385.443763422835,3223.217481305293,3547.6700455403775,3536.7529566574012,-151.309193234566,2,a5803f8a5d9d87202b43d709cb328cedaf18c446af448f705c33d553e8c2e9f7,5170ec511fb50cdf10d648416d508574d70e9781ddf156a1b2a86d2b385e94dc,100,1729,maximum_nontransitivity_disagreement_gain,2000.0,3000.0
kata1-b10c128-s182492416-d63545831,46,3374.972320015035,3213.6452838432283,3536.299356186842,3536.7529566574012,-161.78063664236606,2,a5803f8a5d9d87202b43d709cb328cedaf18c446af448f705c33d553e8c2e9f7,5170ec511fb50cdf10d648416d508574d70e9781ddf156a1b2a86d2b385e94dc,100,1729,maximum_nontransitivity_disagreement_gain,2000.0,3000.0
kata1-b10c128-s182492416-d63545831,48,3365.128956260631,3204.6273669452517,3525.6305455760107,3536.7529566574012,-171.62400039677004,2,a5803f8a5d9d87202b43d709cb328cedaf18c446af448f705c33d553e8c2e9f7,5170ec511fb50cdf10d648416d508574d70e9781ddf156a1b2a86d2b385e94dc,100,1729,maximum_nontransitivity_disagreement_gain,2000.0,3000.0
kata1-b10c128-s182492416-d63545831,50,3355.844196287147,3196.1050327082953,3515.583359865999,3536.7529566574012,-180.90876037025419,2,a5803f8a5d9d87202b43d709cb328cedaf18c446af448f705c33d553e8c2e9f7,5170ec511fb50cdf10d648416d508574d70e9781ddf156a1b2a86d2b385e94dc,100,1729,maximum_nontransitivity_disagreement_gain,2000.0,3000.0
kata1-b10c128-s182492416-d63545831,52,3347.0594568324827,3188.028417253747,3506.0904964112183,3536.7529566574012,-189.6934998249185,2,a5803f8a5d9d87202b43d709cb328cedaf18c446af448f705c33d553e8c2e9f7,5170ec511fb50cdf10d648416d508574d70e9781ddf156a1b2a86d2b385e94dc,100,1729,maximum_nontransitivity_disagreement_gain,2000.0,3000.0
kata1-b10c128-s182492416-d63545831,54,3372.3245008998683,3223.8405929631817,3520.808408836555,3536.7529566574012,-164.4284557575329,2,a5803f8a5d9d87202b43d709cb328cedaf18c446af448f705c33d553e8c2e9f7,5170ec511fb50cdf10d648416d508574d70e9781ddf156a1b2a86d2b385e94dc,100,1729,maximum_nontransitivity_disagreement_gain,2000.0,3000.0
kata1-b10c128-s182492416-d63545831,56,3363.6911406414797,3215.8526123468982,3511.529668936061,3536.7529566574012,-173.06181601592152,2,a5803f8a5d9d87202b43d709cb328cedaf18c446af448f705c33d553e8c2e9f7,5170ec511fb50cdf10d648416d508574d70e9781ddf156a1b2a86d2b385e94dc,100,1729,maximum_nontransitivity_disagreement_gain,2000.0,3000.0
kata1-b10c128-s182492416-d63545831,58,3355.888347100681,3208.6061262670046,3503.1705679343577,3536.7529566574012,-180.8646095567201,2,a5803f8a5d9d87202b43d709cb328cedaf18c446af448f705c33d553e8c2e9f7,5170ec511fb50cdf10d648416d508574d70e9781ddf156a1b2a86d2b385e94dc,100,1729,maximum_nontransitivity_disagreement_gain,2000.0,3000.0
kata1-b10c128-s182492416-d63545831,60,3377.3652803315113,3238.4819797859986,3516.248580877024,3536.7529566574012,-159.38767632588997,2,a5803f8a5d9d87202b43d709cb328cedaf18c446af448f705c33d553e8c2e9f7,5170ec511fb50cdf10d648416d508574d70e9781ddf156a1b2a86d2b385e94dc,100,1729,maximum_nontransitivity_disagreement_gain,2000.0,3000.0
kata1-b10c128-s182492416-d63545831,62,3370.03003928621,3231.630667421688,3508.429411150732,3536.7529566574012,-166.72291737119122,2,a5803f8a5d9d87202b43d709cb328cedaf18c446af448f705c33d553e8c2e9f7,5170ec511fb50cdf10d648416d508574d70e9781ddf156a1b2a86d2b385e94dc,100,1729,maximum_nontransitivity_disagreement_gain,2000.0,3000.0
kata1-b10c128-s182492416-d63545831,64,3362.6382747287016,3224.734678057395,3500.5418714000084,3536.7529566574012,-174.1146819286996,2,a5803f8a5d9d87202b43d709cb328cedaf18c446af448f705c33d553e8c2e9f7,5170ec511fb50cdf10d648416d508574d70e9781ddf156a1b2a86d2b385e94dc,100,1729,maximum_nontransitivity_disagreement_gain,2000.0,3000.0
kata1-b10c128-s182492416-d63545831,66,3384.8671026624147,3256.7429847678277,3512.9912205570017,3536.7529566574012,-151.88585399498652,2,a5803f8a5d9d87202b43d709cb328cedaf18c446af448f705c33d553e8c2e9f7,5170ec511fb50cdf10d648416d508574d70e9781ddf156a1b2a86d2b385e94dc,100,1729,maximum_nontransitivity_disagreement_gain,2000.0,3000.0
kata1-b10c128-s182492416-d63545831,68,3378.440241118893,3250.8210410262,3506.059441211586,3536.7529566574012,-158.3127155385082,2,a5803f8a5d9d87202b43d709cb328cedaf18c446af448f705c33d553e8c2e9f7,5170ec511fb50cdf10d648416d508574d70e9781ddf156a1b2a86d2b385e94dc,100,1729,maximum_nontransitivity_disagreement_gain,2000.0,3000.0
kata1-b10c128-s182492416-d63545831,70,3394.03252065254,3271.52437498187,3516.5406663232097,3536.7529566574012,-142.7204360048613,2,a5803f8a5d9d87202b43d709cb328cedaf18c446af448f705c33d553e8c2e9f7,5170ec511fb50cdf10d648416d508574d70e9781ddf156a1b2a86d2b385e94dc,100,1729,maximum_nontransitivity_disagreement_gain,2000.0,3000.0
kata1-b10c128-s182492416-d63545831,72,3407.938223738001,3289.879001607257,3525.9974458687448,3536.7529566574012,-128.81473291940029,2,a5803f8a5d9d87202b43d709cb328cedaf18c446af448f705c33d553e8c2e9f7,5170ec511fb50cdf10d648416d508574d70e9781ddf156a1b2a86d2b385e94dc,100,1729,maximum_nontransitivity_disagreement_gain,2000.0,3000.0
kata1-b10c128-s182492416-d63545831,74,3401.8937295103074,3284.264145250915,3519.5233137696996,3536.7529566574012,-134.85922714709386,2,a5803f8a5d9d87202b43d709cb328cedaf18c446af448f705c33d553e8c2e9f7,5170ec511fb50cdf10d648416d508574d70e9781ddf156a1b2a86d2b385e94dc,100,1729,maximum_nontransitivity_disagreement_gain,2000.0,3000.0
kata1-b10c128-s182492416-d63545831,76,3414.469767489131,3300.7361968372015,3528.20333814106,3536.7529566574012,-122.28318916827038,2,a5803f8a5d9d87202b43d709cb328cedaf18c446af448f705c33d553e8c2e9f7,5170ec511fb50cdf10d648416d508574d70e9781ddf156a1b2a86d2b385e94dc,100,1729,maximum_nontransitivity_disagreement_gain,2000.0,3000.0
kata1-b10c128-s182492416-d63545831,78,3408.711766420485,3295.36736725335,3522.0561655876204,3536.7529566574012,-128.041190236916,2,a5803f8a5d9d87202b43d709cb328cedaf18c446af448f705c33d553e8c2e9f7,5170ec511fb50cdf10d648416d508574d70e9781ddf156a1b2a86d2b385e94dc,100,1729,maximum_nontransitivity_disagreement_gain,2000.0,3000.0
kata1-b10c128-s182492416-d63545831,80,3436.2488608329827,3329.0693569405253,3543.42836472544,3536.7529566574012,-100.50409582441853,2,a5803f8a5d9d87202b43d709cb328cedaf18c446af448f705c33d553e8c2e9f7,5170ec511fb50cdf10d648416d508574d70e9781ddf156a1b2a86d2b385e94dc,100,1729,maximum_nontransitivity_disagreement_gain,2000.0,3000.0
kata1-b10c128-s182492416-d63545831,82,3430.6355267612507,3323.819797656696,3537.4512558658053,3536.7529566574012,-106.1174298961505,2,a5803f8a5d9d87202b43d709cb328cedaf18c446af448f705c33d553e8c2e9f7,5170ec511fb50cdf10d648416d508574d70e9781ddf156a1b2a86d2b385e94dc,100,1729,maximum_nontransitivity_disagreement_gain,2000.0,3000.0
kata1-b10c128-s182492416-d63545831,84,3425.20785755026,3318.7361356834617,3531.6795794170584,3536.7529566574012,-111.54509910714114,2,a5803f8a5d9d87202b43d709cb328cedaf18c446af448f705c33d553e8c2e9f7,5170ec511fb50cdf10d648416d508574d70e9781ddf156a1b2a86d2b385e94dc,100,1729,maximum_nontransitivity_disagreement_gain,2000.0,3000.0
kata1-b10c128-s182492416-d63545831,86,3419.954033239588,3313.8082265516146,3526.099839927562,3536.7529566574012,-116.79892341781306,2,a5803f8a5d9d87202b43d709cb328cedaf18c446af448f705c33d553e8c2e9f7,5170ec511fb50cdf10d648416d508574d70e9781ddf156a1b2a86d2b385e94dc,100,1729,maximum_nontransitivity_disagreement_gain,2000.0,3000.0
kata1-b10c128-s182492416-d63545831,88,3435.2976568955355,3333.5853089525644,3537.0100048385066,3536.7529566574012,-101.45529976186572,2,a5803f8a5d9d87202b43d709cb328cedaf18c446af448f705c33d553e8c2e9f7,5170ec511fb50cdf10d648416d508574d70e9781ddf156a1b2a86d2b385e94dc,100,1729,maximum_nontransitivity_disagreement_gain,2000.0,3000.0
kata1-b10c128-s182492416-d63545831,90,3435.4028199924596,3335.557729762346,3535.2479102225734,3536.7529566574012,-101.3501366649416,2,a5803f8a5d9d87202b43d709cb328cedaf18c446af448f705c33d553e8c2e9f7,5170ec511fb50cdf10d648416d508574d70e9781ddf156a1b2a86d2b385e94dc,100,1729,maximum_nontransitivity_disagreement_gain,2000.0,3000.0
kata1-b10c128-s182492416-d63545831,92,3435.4997509137656,3337.407537997239,3533.591963830292,3536.7529566574012,-101.25320574363559,2,a5803f8a5d9d87202b43d709cb328cedaf18c446af448f705c33d553e8c2e9f7,5170ec511fb50cdf10d648416d508574d70e9781ddf156a1b2a86d2b385e94dc,100,1729,maximum_nontransitivity_disagreement_gain,2000.0,3000.0
kata1-b10c128-s182492416-d63545831,94,3448.012829900413,3353.0415828793966,3542.9840769214297,3536.7529566574012,-88.74012675698805,2,a5803f8a5d9d87202b43d709cb328cedaf18c446af448f705c33d553e8c2e9f7,5170ec511fb50cdf10d648416d508574d70e9781ddf156a1b2a86d2b385e94dc,100,1729,maximum_nontransitivity_disagreement_gain,2000.0,3000.0
kata1-b10c128-s182492416-d63545831,96,3459.2951356323033,3366.9879432777184,3551.602327986888,3536.7529566574012,-77.45782102509793,2,a5803f8a5d9d87202b43d709cb328cedaf18c446af448f705c33d553e8c2e9f7,5170ec511fb50cdf10d648416d508574d70e9781ddf156a1b2a86d2b385e94dc,100,1729,maximum_nontransitivity_disagreement_gain,2000.0,3000.0
kata1-b10c128-s182492416-d63545831,98,3458.599829210714,3367.5518950890987,3549.647763332329,3536.7529566574012,-78.15312744668745,2,a5803f8a5d9d87202b43d709cb328cedaf18c446af448f705c33d553e8c2e9f7,5170ec511fb50cdf10d648416d508574d70e9781ddf156a1b2a86d2b385e94dc,100,1729,maximum_nontransitivity_disagreement_gain,2000.0,3000.0
kata1-b10c128-s182492416-d63545831,100,3468.5935524295364,3379.716882680368,3557.4702221787047,3536.7529566574012,-68.1594042278648,2,a5803f8a5d9d87202b43d709cb328cedaf18c446af448f705c33d553e8c2e9f7,5170ec511fb50cdf10d648416d508574d70e9781ddf156a1b2a86d2b385e94dc,100,1729,maximum_nontransitivity_disagreement_gain,2000.0,3000.0
kata1-b15c192-s230670592-d99188084,2,2847.8321874063954,414.5639078757981,5281.100466936992,3639.814208464313,-791.9820210579178,2,a5803f8a5d9d87202b43d709cb328cedaf18c446af448f705c33d553e8c2e9f7,5170ec511fb50cdf10d648416d508574d70e9781ddf156a1b2a86d2b385e94dc,100,1729,maximum_nontransitivity_disagreement_gain,2000.0,3000.0
kata1-b15c192-s230670592-d99188084,4,3566.474890656233,1695.9445333723768,5437.005247940089,3639.814208464313,-73.33931780808007,2,a5803f8a5d9d87202b43d709cb328cedaf18c446af448f705c33d553e8c2e9f7,5170ec511fb50cdf10d648416d508574d70e9781ddf156a1b2a86d2b385e94dc,100,1729,maximum_nontransitivity_disagreement_gain,2000.0,3000.0
kata1-b15c192-s230670592-d99188084,6,3675.694437197011,1866.8155093711794,5484.573365022843,3639.814208464313,35.880228732698015,2,a5803f8a5d9d87202b43d709cb328cedaf18c446af448f705c33d553e8c2e9f7,5170ec511fb50cdf10d648416d508574d70e9781ddf156a1b2a86d2b385e94dc,100,1729,maximum_nontransitivity_disagreement_gain,2000.0,3000.0
kata1-b15c192-s230670592-d99188084,8,3317.124935095273,2792.583963037597,3841.665907152949,3639.814208464313,-322.68927336904017,2,a5803f8a5d9d87202b43d709cb328cedaf18c446af448f705c33d553e8c2e9f7,5170ec511fb50cdf10d648416d508574d70e9781ddf156a1b2a86d2b385e94dc,100,1729,maximum_nontransitivity_disagreement_gain,2000.0,3000.0
kata1-b15c192-s230670592-d99188084,10,3357.1498690735593,2879.096403583187,3835.2033345639315,3639.814208464313,-282.66433939075387,2,a5803f8a5d9d87202b43d709cb328cedaf18c446af448f705c33d553e8c2e9f7,5170ec511fb50cdf10d648416d508574d70e9781ddf156a1b2a86d2b385e94dc,100,1729,maximum_nontransitivity_disagreement_gain,2000.0,3000.0
kata1-b15c192-s230670592-d99188084,12,3550.6853493509843,3197.645866822955,3903.7248318790134,3639.814208464313,-89.12885911332887,2,a5803f8a5d9d87202b43d709cb328cedaf18c446af448f705c33d553e8c2e9f7,5170ec511fb50cdf10d648416d508574d70e9781ddf156a1b2a86d2b385e94dc,100,1729,maximum_nontransitivity_disagreement_gain,2000.0,3000.0
kata1-b15c192-s230670592-d99188084,14,3493.769186485806,3209.344482238696,3778.1938907329163,3639.814208464313,-146.04502197850707,2,a5803f8a5d9d87202b43d709cb328cedaf18c446af448f705c33d553e8c2e9f7,5170ec511fb50cdf10d648416d508574d70e9781ddf156a1b2a86d2b385e94dc,100,1729,maximum_nontransitivity_disagreement_gain,2000.0,3000.0
kata1-b15c192-s230670592-d99188084,16,3467.0682479673806,3219.40241399116,3714.7340819436013,3639.814208464313,-172.74596049693264,2,a5803f8a5d9d87202b43d709cb328cedaf18c446af448f705c33d553e8c2e9f7,5170ec511fb50cdf10d648416d508574d70e9781ddf156a1b2a86d2b385e94dc,100,1729,maximum_nontransitivity_disagreement_gain,2000.0,3000.0
kata1-b15c192-s230670592-d99188084,18,3524.3863200470255,3298.2036908909213,3750.5689492031297,3639.814208464313,-115.4278884172877,2,a5803f8a5d9d87202b43d709cb328cedaf18c446af448f705c33d553e8c2e9f7,5170ec511fb50cdf10d648416d508574d70e9781ddf156a1b2a86d2b385e94dc,100,1729,maximum_nontransitivity_disagreement_gain,2000.0,3000.0
kata1-b15c192-s230670592-d99188084,20,3532.5211285753244,3323.557608397409,3741.48464875324,3639.814208464313,-107.29307988898881,2,a5803f8a5d9d87202b43d709cb328cedaf18c446af448f705c33d553e8c2e9f7,5170ec511fb50cdf10d648416d508574d70e9781ddf156a1b2a86d2b385e94dc,100,1729,maximum_nontransitivity_disagreement_gain,2000.0,3000.0
kata1-b15c192-s230670592-d99188084,22,3511.0797922363245,3318.8332115093585,3703.3263729632904,3639.814208464313,-128.73441622798873,2,a5803f8a5d9d87202b43d709cb328cedaf18c446af448f705c33d553e8c2e9f7,5170ec511fb50cdf10d648416d508574d70e9781ddf156a1b2a86d2b385e94dc,100,1729,maximum_nontransitivity_disagreement_gain,2000.0,3000.0
kata1-b15c192-s230670592-d99188084,24,3543.112813831554,3358.6013515599366,3727.6242761031713,3639.814208464313,-96.70139463275927,2,a5803f8a5d9d87202b43d709cb328cedaf18c446af448f705c33d553e8c2e9f7,5170ec511fb50cdf10d648416d508574d70e9781ddf156a1b2a86d2b385e94dc,100,1729,maximum_nontransitivity_disagreement_gain,2000.0,3000.0
kata1-b15c192-s230670592-d99188084,26,3545.225572097006,3372.0500200634347,3718.4011241305775,3639.814208464313,-94.58863636730712,2,a5803f8a5d9d87202b43d709cb328cedaf18c446af448f705c33d553e8c2e9f7,5170ec511fb50cdf10d648416d508574d70e9781ddf156a1b2a86d2b385e94dc,100,1729,maximum_nontransitivity_disagreement_gain,2000.0,3000.0
kata1-b15c192-s230670592-d99188084,28,3586.731704595233,3418.512500308596,3754.9509088818704,3639.814208464313,-53.08250386908003,2,a5803f8a5d9d87202b43d709cb328cedaf18c446af448f705c33d553e8c2e9f7,5170ec511fb50cdf10d648416d508574d70e9781ddf156a1b2a86d2b385e94dc,100,1729,maximum_nontransitivity_disagreement_gain,2000.0,3000.0
kata1-b15c192-s230670592-d99188084,30,3560.260880308252,3402.632895776471,3717.8888648400334,3639.814208464313,-79.55332815606107,2,a5803f8a5d9d87202b43d709cb328cedaf18c446af448f705c33d553e8c2e9f7,5170ec511fb50cdf10d648416d508574d70e9781ddf156a1b2a86d2b385e94dc,100,1729,maximum_nontransitivity_disagreement_gain,2000.0,3000.0
kata1-b15c192-s230670592-d99188084,32,3538.8156185563334,3388.695957125755,3688.935279986912,3639.814208464313,-100.99858990797975,2,a5803f8a5d9d87202b43d709cb328cedaf18c446af448f705c33d553e8c2e9f7,5170ec511fb50cdf10d648416d508574d70e9781ddf156a1b2a86d2b385e94dc,100,1729,maximum_nontransitivity_disagreement_gain,2000.0,3000.0
kata1-b15c192-s230670592-d99188084,34,3520.736988348188,3376.285556744481,3665.188419951895,3639.814208464313,-119.07722011612532,2,a5803f8a5d9d87202b43d709cb328cedaf18c446af448f705c33d553e8c2e9f7,5170ec511fb50cdf10d648416d508574d70e9781ddf156a1b2a86d2b385e94dc,100,1729,maximum_nontransitivity_disagreement_gain,2000.0,3000.0
kata1-b15c192-s230670592-d99188084,36,3533.044000289611,3393.0888886024177,3672.9991119768047,3639.814208464313,-106.77020817470202,2,a5803f8a5d9d87202b43d709cb328cedaf18c446af448f705c33d553e8c2e9f7,5170ec511fb50cdf10d648416d508574d70e9781ddf156a1b2a86d2b385e94dc,100,1729,maximum_nontransitivity_disagreement_gain,2000.0,3000.0
kata1-b15c192-s230670592-d99188084,38,3517.5935675268743,3381.767700326691,3653.4194347270577,3639.814208464313,-122.22064093743893,2,a5803f8a5d9d87202b43d709cb328cedaf18c446af448f705c33d553e8c2e9f7,5170ec511fb50cdf10d648416d508574d70e9781ddf156a1b2a86d2b385e94dc,100,1729,maximum_nontransitivity_disagreement_gain,2000.0,3000.0
kata1-b15c192-s230670592-d99188084,40,3540.97139936394,3409.1651638804155,3672.777634847464,3639.814208464313,-98.84280910037342,2,a5803f8a5d9d87202b43d709cb328cedaf18c446af448f705c33d553e8c2e9f7,5170ec511fb50cdf10d648416d508574d70e9781ddf156a1b2a86d2b385e94dc,100,1729,maximum_nontransitivity_disagreement_gain,2000.0,3000.0
kata1-b15c192-s230670592-d99188084,42,3526.8179863498003,3398.3378027189046,3655.298169980696,3639.814208464313,-112.99622211451288,2,a5803f8a5d9d87202b43d709cb328cedaf18c446af448f705c33d553e8c2e9f7,5170ec511fb50cdf10d648416d508574d70e9781ddf156a1b2a86d2b385e94dc,100,1729,maximum_nontransitivity_disagreement_gain,2000.0,3000.0
kata1-b15c192-s230670592-d99188084,44,3514.090560885061,3388.406827726124,3639.7742940439985,3639.814208464313,-125.72364757925197,2,a5803f8a5d9d87202b43d709cb328cedaf18c446af448f705c33d553e8c2e9f7,5170ec511fb50cdf10d648416d508574d70e9781ddf156a1b2a86d2b385e94dc,100,1729,maximum_nontransitivity_disagreement_gain,2000.0,3000.0
kata1-b15c192-s230670592-d99188084,46,3502.5205021994593,3379.2277250245224,3625.813279374396,3639.814208464313,-137.29370626485388,2,a5803f8a5d9d87202b43d709cb328cedaf18c446af448f705c33d553e8c2e9f7,5170ec511fb50cdf10d648416d508574d70e9781ddf156a1b2a86d2b385e94dc,100,1729,maximum_nontransitivity_disagreement_gain,2000.0,3000.0
kata1-b15c192-s230670592-d99188084,48,3512.295049941358,3392.0837424837973,3632.506357398918,3639.814208464313,-127.51915852295542,2,a5803f8a5d9d87202b43d709cb328cedaf18c446af448f705c33d553e8c2e9f7,5170ec511fb50cdf10d648416d508574d70e9781ddf156a1b2a86d2b385e94dc,100,1729,maximum_nontransitivity_disagreement_gain,2000.0,3000.0
kata1-b15c192-s230670592-d99188084,50,3521.139576267607,3403.8069993552895,3638.4721531799246,3639.814208464313,-118.67463219670617,2,a5803f8a5d9d87202b43d709cb328cedaf18c446af448f705c33d553e8c2e9f7,5170ec511fb50cdf10d648416d508574d70e9781ddf156a1b2a86d2b385e94dc,100,1729,maximum_nontransitivity_disagreement_gain,2000.0,3000.0
kata1-b15c192-s230670592-d99188084,52,3520.0230644856215,3404.983240981403,3635.06288798984,3639.814208464313,-119.79114397869171,2,a5803f8a5d9d87202b43d709cb328cedaf18c446af448f705c33d553e8c2e9f7,5170ec511fb50cdf10d648416d508574d70e9781ddf156a1b2a86d2b385e94dc,100,1729,maximum_nontransitivity_disagreement_gain,2000.0,3000.0
kata1-b15c192-s230670592-d99188084,54,3518.9974122554377,3406.098401341533,3631.896423169342,3639.814208464313,-120.81679620887553,2,a5803f8a5d9d87202b43d709cb328cedaf18c446af448f705c33d553e8c2e9f7,5170ec511fb50cdf10d648416d508574d70e9781ddf156a1b2a86d2b385e94dc,100,1729,maximum_nontransitivity_disagreement_gain,2000.0,3000.0
kata1-b15c192-s230670592-d99188084,56,3518.0517606923468,3407.158119530113,3628.9454018545807,3639.814208464313,-121.76244777196644,2,a5803f8a5d9d87202b43d709cb328cedaf18c446af448f705c33d553e8c2e9f7,5170ec511fb50cdf10d648416d508574d70e9781ddf156a1b2a86d2b385e94dc,100,1729,maximum_nontransitivity_disagreement_gain,2000.0,3000.0
kata1-b15c192-s230670592-d99188084,58,3508.9779500193963,3399.508607264997,3618.4472927737957,3639.814208464313,-130.8362584449169,2,a5803f8a5d9d87202b43d709cb328cedaf18c446af448f705c33d553e8c2e9f7,5170ec511fb50cdf10d648416d508574d70e9781ddf156a1b2a86d2b385e94dc,100,1729,maximum_nontransitivity_disagreement_gain,2000.0,3000.0
kata1-b15c192-s230670592-d99188084,60,3531.9719402265923,3425.545757318874,3638.3981231343105,3639.814208464313,-107.84226823772087,2,a5803f8a5d9d87202b43d709cb328cedaf18c446af448f705c33d553e8c2e9f7,5170ec511fb50cdf10d648416d508574d70e9781ddf156a1b2a86d2b385e94dc,100,1729,maximum_nontransitivity_disagreement_gain,2000.0,3000.0
kata1-b15c192-s230670592-d99188084,62,3523.1773674120864,3418.038592670524,3628.316142153649,3639.814208464313,-116.63684105222683,2,a5803f8a5d9d87202b43d709cb328cedaf18c446af448f705c33d553e8c2e9f7,5170ec511fb50cdf10d648416d508574d70e9781ddf156a1b2a86d2b385e94dc,100,1729,maximum_nontransitivity_disagreement_gain,2000.0,3000.0
kata1-b15c192-s230670592-d99188084,64,3514.90528632536,3410.9309706236536,3618.8796020270665,3639.814208464313,-124.90892213895313,2,a5803f8a5d9d87202b43d709cb328cedaf18c446af448f705c33d553e8c2e9f7,5170ec511fb50cdf10d648416d508574d70e9781ddf156a1b2a86d2b385e94dc,100,1729,maximum_nontransitivity_disagreement_gain,2000.0,3000.0
kata1-b15c192-s230670592-d99188084,66,3521.3294280400173,3419.272833914594,3623.386022165441,3639.814208464313,-118.48478042429588,2,a5803f8a5d9d87202b43d709cb328cedaf18c446af448f705c33d553e8c2e9f7,5170ec511fb50cdf10d648416d508574d70e9781ddf156a1b2a86d2b385e94dc,100,1729,maximum_nontransitivity_disagreement_gain,2000.0,3000.0
kata1-b15c192-s230670592-d99188084,68,3513.62850205425,3412.5854816069623,3614.6715225015378,3639.814208464313,-126.18570641006318,2,a5803f8a5d9d87202b43d709cb328cedaf18c446af448f705c33d553e8c2e9f7,5170ec511fb50cdf10d648416d508574d70e9781ddf156a1b2a86d2b385e94dc,100,1729,maximum_nontransitivity_disagreement_gain,2000.0,3000.0
kata1-b15c192-s230670592-d99188084,70,3519.707092110365,3420.4271440080656,3618.9870402126644,3639.814208464313,-120.10711635394819,2,a5803f8a5d9d87202b43d709cb328cedaf18c446af448f705c33d553e8c2e9f7,5170ec511fb50cdf10d648416d508574d70e9781ddf156a1b2a86d2b385e94dc,100,1729,maximum_nontransitivity_disagreement_gain,2000.0,3000.0
kata1-b15c192-s230670592-d99188084,72,3518.9678059756716,3420.977051815283,3616.95856013606,3639.814208464313,-120.84640248864162,2,a5803f8a5d9d87202b43d709cb328cedaf18c446af448f705c33d553e8c2e9f7,5170ec511fb50cdf10d648416d508574d70e9781ddf156a1b2a86d2b385e94dc,100,1729,maximum_nontransitivity_disagreement_gain,2000.0,3000.0
kata1-b15c192-s230670592-d99188084,74,3524.498302175088,3428.1066146203834,3620.889989729793,3639.814208464313,-115.31590628922504,2,a5803f8a5d9d87202b43d709cb328cedaf18c446af448f705c33d553e8c2e9f7,5170ec511fb50cdf10d648416d508574d70e9781ddf156a1b2a86d2b385e94dc,100,1729,maximum_nontransitivity_disagreement_gain,2000.0,3000.0
kata1-b15c192-s230670592-d99188084,76,3517.6123060520968,3422.026827132611,3613.1977849715827,3639.814208464313,-122.20190241221644,2,a5803f8a5d9d87202b43d709cb328cedaf18c446af448f705c33d553e8c2e9f7,5170ec511fb50cdf10d648416d508574d70e9781ddf156a1b2a86d2b385e94dc,100,1729,maximum_nontransitivity_disagreement_gain,2000.0,3000.0
kata1-b15c192-s230670592-d99188084,78,3522.8865624001696,3428.783096096369,3616.9900287039704,3639.814208464313,-116.92764606414357,2,a5803f8a5d9d87202b43d709cb328cedaf18c446af448f705c33d553e8c2e9f7,5170ec511fb50cdf10d648416d508574d70e9781ddf156a1b2a86d2b385e94dc,100,1729,maximum_nontransitivity_disagreement_gain,2000.0,3000.0
kata1-b15c192-s230670592-d99188084,80,3530.1906865731257,3437.6850317547946,3622.696341391457,3639.814208464313,-109.62352189118747,2,a5803f8a5d9d87202b43d709cb328cedaf18c446af448f705c33d553e8c2e9f7,5170ec511fb50cdf10d648416d508574d70e9781ddf156a1b2a86d2b385e94dc,100,1729,maximum_nontransitivity_disagreement_gain,2000.0,3000.0
kata1-b15c192-s230670592-d99188084,82,3537.031444779199,3445.959374471948,3628.1035150864495,3639.814208464313,-102.78276368511433,2,a5803f8a5d9d87202b43d709cb328cedaf18c446af448f705c33d553e8c2e9f7,5170ec511fb50cdf10d648416d508574d70e9781ddf156a1b2a86d2b385e94dc,100,1729,maximum_nontransitivity_disagreement_gain,2000.0,3000.0
kata1-b15c192-s230670592-d99188084,84,3543.466657328128,3453.6898399709535,3633.2434746853023,3639.814208464313,-96.3475511361853,2,a5803f8a5d9d87202b43d709cb328cedaf18c446af448f705c33d553e8c2e9f7,5170ec511fb50cdf10d648416d508574d70e9781ddf156a1b2a86d2b385e94dc,100,1729,maximum_nontransitivity_disagreement_gain,2000.0,3000.0
kata1-b15c192-s230670592-d99188084,86,3539.051868101973,3450.139343740881,3627.964392463065,3639.814208464313,-100.76234036234018,2,a5803f8a5d9d87202b43d709cb328cedaf18c446af448f705c33d553e8c2e9f7,5170ec511fb50cdf10d648416d508574d70e9781ddf156a1b2a86d2b385e94dc,100,1729,maximum_nontransitivity_disagreement_gain,2000.0,3000.0
kata1-b15c192-s230670592-d99188084,88,3545.1072439051472,3457.3376173285783,3632.876870481716,3639.814208464313,-94.70696455916595,2,a5803f8a5d9d87202b43d709cb328cedaf18c446af448f705c33d553e8c2e9f7,5170ec511fb50cdf10d648416d508574d70e9781ddf156a1b2a86d2b385e94dc,100,1729,maximum_nontransitivity_disagreement_gain,2000.0,3000.0
kata1-b15c192-s230670592-d99188084,90,3550.8496432075726,3464.126441710732,3637.5728447044135,3639.814208464313,-88.96456525674057,2,a5803f8a5d9d87202b43d709cb328cedaf18c446af448f705c33d553e8c2e9f7,5170ec511fb50cdf10d648416d508574d70e9781ddf156a1b2a86d2b385e94dc,100,1729,maximum_nontransitivity_disagreement_gain,2000.0,3000.0
kata1-b15c192-s230670592-d99188084,92,3551.4570353124736,3465.6145504224364,3637.299520202511,3639.814208464313,-88.35717315183956,2,a5803f8a5d9d87202b43d709cb328cedaf18c446af448f705c33d553e8c2e9f7,5170ec511fb50cdf10d648416d508574d70e9781ddf156a1b2a86d2b385e94dc,100,1729,maximum_nontransitivity_disagreement_gain,2000.0,3000.0
kata1-b15c192-s230670592-d99188084,94,3556.781849888062,3471.851824154006,3641.711875622118,3639.814208464313,-83.03235857625123,2,a5803f8a5d9d87202b43d709cb328cedaf18c446af448f705c33d553e8c2e9f7,5170ec511fb50cdf10d648416d508574d70e9781ddf156a1b2a86d2b385e94dc,100,1729,maximum_nontransitivity_disagreement_gain,2000.0,3000.0
kata1-b15c192-s230670592-d99188084,96,3552.590677393995,3468.4078734441337,3636.7734813438565,3639.814208464313,-87.22353107031813,2,a5803f8a5d9d87202b43d709cb328cedaf18c446af448f705c33d553e8c2e9f7,5170ec511fb50cdf10d648416d508574d70e9781ddf156a1b2a86d2b385e94dc,100,1729,maximum_nontransitivity_disagreement_gain,2000.0,3000.0
kata1-b15c192-s230670592-d99188084,98,3548.574451279894,3465.1276738198053,3632.021228739983,3639.814208464313,-91.23975718441898,2,a5803f8a5d9d87202b43d709cb328cedaf18c446af448f705c33d553e8c2e9f7,5170ec511fb50cdf10d648416d508574d70e9781ddf156a1b2a86d2b385e94dc,100,1729,maximum_nontransitivity_disagreement_gain,2000.0,3000.0
kata1-b15c192-s230670592-d99188084,100,3549.179038496033,3466.4986846153965,3631.85939237667,3639.814208464313,-90.63516996828002,2,a5803f8a5d9d87202b43d709cb328cedaf18c446af448f705c33d553e8c2e9f7,5170ec511fb50cdf10d648416d508574d70e9781ddf156a1b2a86d2b385e94dc,100,1729,maximum_nontransitivity_disagreement_gain,2000.0,3000.0
kata1-b15c192-s1062526208-d272346422,2,2847.8246741544663,414.54656090262915,5281.102787406304,3753.2491292776785,-905.4244551232123,2,a5803f8a5d9d87202b43d709cb328cedaf18c446af448f705c33d553e8c2e9f7,5170ec511fb50cdf10d648416d508574d70e9781ddf156a1b2a86d2b385e94dc,100,1729,maximum_nontransitivity_disagreement_gain,2000.0,3000.0
kata1-b15c192-s1062526208-d272346422,4,3566.4615478664787,1695.923178520645,5436.9999172123125,3753.2491292776785,-186.78758141119988,2,a5803f8a5d9d87202b43d709cb328cedaf18c446af448f705c33d553e8c2e9f7,5170ec511fb50cdf10d648416d508574d70e9781ddf156a1b2a86d2b385e94dc,100,1729,maximum_nontransitivity_disagreement_gain,2000.0,3000.0
kata1-b15c192-s1062526208-d272346422,6,3675.683910019589,1866.7991314614137,5484.568688577764,3753.2491292776785,-77.56521925808966,2,a5803f8a5d9d87202b43d709cb328cedaf18c446af448f705c33d553e8c2e9f7,5170ec511fb50cdf10d648416d508574d70e9781ddf156a1b2a86d2b385e94dc,100,1729,maximum_nontransitivity_disagreement_gain,2000.0,3000.0
kata1-b15c192-s1062526208-d272346422,8,4349.691145235961,2790.0879091866905,5909.294381285232,3753.2491292776785,596.4420159582824,2,a5803f8a5d9d87202b43d709cb328cedaf18c446af448f705c33d553e8c2e9f7,5170ec511fb50cdf10d648416d508574d70e9781ddf156a1b2a86d2b385e94dc,100,1729,maximum_nontransitivity_disagreement_gain,2000.0,3000.0
kata1-b15c192-s1062526208-d272346422,10,3690.1266192142475,3352.9581739226965,4027.2950645057986,3753.2491292776785,-63.12251006343104,2,a5803f8a5d9d87202b43d709cb328cedaf18c446af448f705c33d553e8c2e9f7,5170ec511fb50cdf10d648416d508574d70e9781ddf156a1b2a86d2b385e94dc,100,1729,maximum_nontransitivity_disagreement_gain,2000.0,3000.0
kata1-b15c192-s1062526208-d272346422,12,3812.6956945553266,3518.2849075140393,4107.106481596614,3753.2491292776785,59.446565277648006,2,a5803f8a5d9d87202b43d709cb328cedaf18c446af448f705c33d553e8c2e9f7,5170ec511fb50cdf10d648416d508574d70e9781ddf156a1b2a86d2b385e94dc,100,1729,maximum_nontransitivity_disagreement_gain,2000.0,3000.0
kata1-b15c192-s1062526208-d272346422,14,3783.7242833941177,3534.2557783817024,4033.192788406533,3753.2491292776785,30.47515411643917,2,a5803f8a5d9d87202b43d709cb328cedaf18c446af448f705c33d553e8c2e9f7,5170ec511fb50cdf10d648416d508574d70e9781ddf156a1b2a86d2b385e94dc,100,1729,maximum_nontransitivity_disagreement_gain,2000.0,3000.0
kata1-b15c192-s1062526208-d272346422,16,3803.781953457413,3576.637783976955,4030.926122937871,3753.2491292776785,50.532824179734234,2,a5803f8a5d9d87202b43d709cb328cedaf18c446af448f705c33d553e8c2e9f7,5170ec511fb50cdf10d648416d508574d70e9781ddf156a1b2a86d2b385e94dc,100,1729,maximum_nontransitivity_disagreement_gain,2000.0,3000.0
kata1-b15c192-s1062526208-d272346422,18,3786.028078712696,3581.0584935330926,3990.997663892299,3753.2491292776785,32.77894943501724,2,a5803f8a5d9d87202b43d709cb328cedaf18c446af448f705c33d553e8c2e9f7,5170ec511fb50cdf10d648416d508574d70e9781ddf156a1b2a86d2b385e94dc,100,1729,maximum_nontransitivity_disagreement_gain,2000.0,3000.0
kata1-b15c192-s1062526208-d272346422,20,3772.074382579794,3583.465357318141,3960.683407841447,3753.2491292776785,18.82525330211547,2,a5803f8a5d9d87202b43d709cb328cedaf18c446af448f705c33d553e8c2e9f7,5170ec511fb50cdf10d648416d508574d70e9781ddf156a1b2a86d2b385e94dc,100,1729,maximum_nontransitivity_disagreement_gain,2000.0,3000.0
kata1-b15c192-s1062526208-d272346422,22,3763.074698752656,3587.1636134464584,3938.9857840588534,3753.2491292776785,9.825569474977328,2,a5803f8a5d9d87202b43d709cb328cedaf18c446af448f705c33d553e8c2e9f7,5170ec511fb50cdf10d648416d508574d70e9781ddf156a1b2a86d2b385e94dc,100,1729,maximum_nontransitivity_disagreement_gain,2000.0,3000.0
kata1-b15c192-s1062526208-d272346422,24,3715.8659356352478,3552.3082480822104,3879.423623188285,3753.2491292776785,-37.3831936424308,2,a5803f8a5d9d87202b43d709cb328cedaf18c446af448f705c33d553e8c2e9f7,5170ec511fb50cdf10d648416d508574d70e9781ddf156a1b2a86d2b385e94dc,100,1729,maximum_nontransitivity_disagreement_gain,2000.0,3000.0
kata1-b15c192-s1062526208-d272346422,26,3713.396161330623,3557.9221265490846,3868.870196112161,3753.2491292776785,-39.85296794705573,2,a5803f8a5d9d87202b43d709cb328cedaf18c446af448f705c33d553e8c2e9f7,5170ec511fb50cdf10d648416d508574d70e9781ddf156a1b2a86d2b385e94dc,100,1729,maximum_nontransitivity_disagreement_gain,2000.0,3000.0
kata1-b15c192-s1062526208-d272346422,28,3695.6061382819307,3547.24269690598,3843.9695796578812,3753.2491292776785,-57.64299099574782,2,a5803f8a5d9d87202b43d709cb328cedaf18c446af448f705c33d553e8c2e9f7,5170ec511fb50cdf10d648416d508574d70e9781ddf156a1b2a86d2b385e94dc,100,1729,maximum_nontransitivity_disagreement_gain,2000.0,3000.0
kata1-b15c192-s1062526208-d272346422,30,3725.0544099533963,3582.167166483989,3867.9416534228035,3753.2491292776785,-28.194719324282232,2,a5803f8a5d9d87202b43d709cb328cedaf18c446af448f705c33d553e8c2e9f7,5170ec511fb50cdf10d648416d508574d70e9781ddf156a1b2a86d2b385e94dc,100,1729,maximum_nontransitivity_disagreement_gain,2000.0,3000.0
kata1-b15c192-s1062526208-d272346422,32,3736.6848884812284,3598.669192247943,3874.7005847145138,3753.2491292776785,-16.56424079645012,2,a5803f8a5d9d87202b43d709cb328cedaf18c446af448f705c33d553e8c2e9f7,5170ec511fb50cdf10d648416d508574d70e9781ddf156a1b2a86d2b385e94dc,100,1729,maximum_nontransitivity_disagreement_gain,2000.0,3000.0
kata1-b15c192-s1062526208-d272346422,34,3733.437533179437,3600.284105035843,3866.5909613230315,3753.2491292776785,-19.811596098241353,2,a5803f8a5d9d87202b43d709cb328cedaf18c446af448f705c33d553e8c2e9f7,5170ec511fb50cdf10d648416d508574d70e9781ddf156a1b2a86d2b385e94dc,100,1729,maximum_nontransitivity_disagreement_gain,2000.0,3000.0
kata1-b15c192-s1062526208-d272346422,36,3731.262566137848,3602.4435089868743,3860.0816232888214,3753.2491292776785,-21.98656313983065,2,a5803f8a5d9d87202b43d709cb328cedaf18c446af448f705c33d553e8c2e9f7,5170ec511fb50cdf10d648416d508574d70e9781ddf156a1b2a86d2b385e94dc,100,1729,maximum_nontransitivity_disagreement_gain,2000.0,3000.0
kata1-b15c192-s1062526208-d272346422,38,3706.949647012604,3582.5205287063154,3831.378765318893,3753.2491292776785,-46.2994822650744,2,a5803f8a5d9d87202b43d709cb328cedaf18c446af448f705c33d553e8c2e9f7,5170ec511fb50cdf10d648416d508574d70e9781ddf156a1b2a86d2b385e94dc,100,1729,maximum_nontransitivity_disagreement_gain,2000.0,3000.0
kata1-b15c192-s1062526208-d272346422,40,3726.56576218743,3605.1942964301343,3847.937227944726,3753.2491292776785,-26.68336709024834,2,a5803f8a5d9d87202b43d709cb328cedaf18c446af448f705c33d553e8c2e9f7,5170ec511fb50cdf10d648416d508574d70e9781ddf156a1b2a86d2b385e94dc,100,1729,maximum_nontransitivity_disagreement_gain,2000.0,3000.0
kata1-b15c192-s1062526208-d272346422,42,3744.7015724509865,3625.8560945844497,3863.5470503175234,3753.2491292776785,-8.547556826692016,2,a5803f8a5d9d87202b43d709cb328cedaf18c446af448f705c33d553e8c2e9f7,5170ec511fb50cdf10d648416d508574d70e9781ddf156a1b2a86d2b385e94dc,100,1729,maximum_nontransitivity_disagreement_gain,2000.0,3000.0
kata1-b15c192-s1062526208-d272346422,44,3733.0869683773153,3617.629937783108,3848.543998971523,3753.2491292776785,-20.162160900363233,2,a5803f8a5d9d87202b43d709cb328cedaf18c446af448f705c33d553e8c2e9f7,5170ec511fb50cdf10d648416d508574d70e9781ddf156a1b2a86d2b385e94dc,100,1729,maximum_nontransitivity_disagreement_gain,2000.0,3000.0
kata1-b15c192-s1062526208-d272346422,46,3739.8099637466275,3626.8101784326373,3852.809749060618,3753.2491292776785,-13.439165531051003,2,a5803f8a5d9d87202b43d709cb328cedaf18c446af448f705c33d553e8c2e9f7,5170ec511fb50cdf10d648416d508574d70e9781ddf156a1b2a86d2b385e94dc,100,1729,maximum_nontransitivity_disagreement_gain,2000.0,3000.0
kata1-b15c192-s1062526208-d272346422,48,3729.568772376186,3619.4134404090073,3839.724104343365,3753.2491292776785,-23.68035690149236,2,a5803f8a5d9d87202b43d709cb328cedaf18c446af448f705c33d553e8c2e9f7,5170ec511fb50cdf10d648416d508574d70e9781ddf156a1b2a86d2b385e94dc,100,1729,maximum_nontransitivity_disagreement_gain,2000.0,3000.0
kata1-b15c192-s1062526208-d272346422,50,3743.8565142451084,3635.5380641111706,3852.1749643790463,3753.2491292776785,-9.39261503257012,2,a5803f8a5d9d87202b43d709cb328cedaf18c446af448f705c33d553e8c2e9f7,5170ec511fb50cdf10d648416d508574d70e9781ddf156a1b2a86d2b385e94dc,100,1729,maximum_nontransitivity_disagreement_gain,2000.0,3000.0
kata1-b15c192-s1062526208-d272346422,52,3741.9815893073846,3635.9145360508255,3848.0486425639438,3753.2491292776785,-11.26753997029391,2,a5803f8a5d9d87202b43d709cb328cedaf18c446af448f705c33d553e8c2e9f7,5170ec511fb50cdf10d648416d508574d70e9781ddf156a1b2a86d2b385e94dc,100,1729,maximum_nontransitivity_disagreement_gain,2000.0,3000.0
kata1-b15c192-s1062526208-d272346422,54,3739.8464471859666,3635.8814515833506,3843.8114427885826,3753.2491292776785,-13.402682091711995,2,a5803f8a5d9d87202b43d709cb328cedaf18c446af448f705c33d553e8c2e9f7,5170ec511fb50cdf10d648416d508574d70e9781ddf156a1b2a86d2b385e94dc,100,1729,maximum_nontransitivity_disagreement_gain,2000.0,3000.0
kata1-b15c192-s1062526208-d272346422,56,3731.2443816159093,3629.44769591683,3833.0410673149886,3753.2491292776785,-22.004747661769215,2,a5803f8a5d9d87202b43d709cb328cedaf18c446af448f705c33d553e8c2e9f7,5170ec511fb50cdf10d648416d508574d70e9781ddf156a1b2a86d2b385e94dc,100,1729,maximum_nontransitivity_disagreement_gain,2000.0,3000.0
kata1-b15c192-s1062526208-d272346422,58,3716.2224822247867,3616.522678971811,3815.9222854777627,3753.2491292776785,-37.0266470528918,2,a5803f8a5d9d87202b43d709cb328cedaf18c446af448f705c33d553e8c2e9f7,5170ec511fb50cdf10d648416d508574d70e9781ddf156a1b2a86d2b385e94dc,100,1729,maximum_nontransitivity_disagreement_gain,2000.0,3000.0
kata1-b15c192-s1062526208-d272346422,60,3721.7704743020213,3623.6468724757,3819.8940761283425,3753.2491292776785,-31.478654975657264,2,a5803f8a5d9d87202b43d709cb328cedaf18c446af448f705c33d553e8c2e9f7,5170ec511fb50cdf10d648416d508574d70e9781ddf156a1b2a86d2b385e94dc,100,1729,maximum_nontransitivity_disagreement_gain,2000.0,3000.0
kata1-b15c192-s1062526208-d272346422,62,3721.032245425736,3624.509042349653,3817.5554485018192,3753.2491292776785,-32.216883851942384,2,a5803f8a5d9d87202b43d709cb328cedaf18c446af448f705c33d553e8c2e9f7,5170ec511fb50cdf10d648416d508574d70e9781ddf156a1b2a86d2b385e94dc,100,1729,maximum_nontransitivity_disagreement_gain,2000.0,3000.0
kata1-b15c192-s1062526208-d272346422,64,3720.345763011613,3625.3338975708216,3815.3576284524047,3753.2491292776785,-32.903366266065404,2,a5803f8a5d9d87202b43d709cb328cedaf18c446af448f705c33d553e8c2e9f7,5170ec511fb50cdf10d648416d508574d70e9781ddf156a1b2a86d2b385e94dc,100,1729,maximum_nontransitivity_disagreement_gain,2000.0,3000.0
kata1-b15c192-s1062526208-d272346422,66,3731.0638532295566,3637.24828499861,3824.879421460503,3753.2491292776785,-22.185276048121978,2,a5803f8a5d9d87202b43d709cb328cedaf18c446af448f705c33d553e8c2e9f7,5170ec511fb50cdf10d648416d508574d70e9781ddf156a1b2a86d2b385e94dc,100,1729,maximum_nontransitivity_disagreement_gain,2000.0,3000.0
kata1-b15c192-s1062526208-d272346422,68,3730.100790423792,3637.662034907027,3822.539545940557,3753.2491292776785,-23.148338853886344,2,a5803f8a5d9d87202b43d709cb328cedaf18c446af448f705c33d553e8c2e9f7,5170ec511fb50cdf10d648416d508574d70e9781ddf156a1b2a86d2b385e94dc,100,1729,maximum_nontransitivity_disagreement_gain,2000.0,3000.0
kata1-b15c192-s1062526208-d272346422,70,3739.8938902438063,3648.483212852042,3831.3045676355705,3753.2491292776785,-13.355239033872294,2,a5803f8a5d9d87202b43d709cb328cedaf18c446af448f705c33d553e8c2e9f7,5170ec511fb50cdf10d648416d508574d70e9781ddf156a1b2a86d2b385e94dc,100,1729,maximum_nontransitivity_disagreement_gain,2000.0,3000.0
kata1-b15c192-s1062526208-d272346422,72,3738.719319417872,3648.5738804395405,3828.864758396204,3753.2491292776785,-14.529809859806392,2,a5803f8a5d9d87202b43d709cb328cedaf18c446af448f705c33d553e8c2e9f7,5170ec511fb50cdf10d648416d508574d70e9781ddf156a1b2a86d2b385e94dc,100,1729,maximum_nontransitivity_disagreement_gain,2000.0,3000.0
kata1-b15c192-s1062526208-d272346422,74,3748.0317175031064,3658.777694058543,3837.2857409476696,3753.2491292776785,-5.217411774572156,2,a5803f8a5d9d87202b43d709cb328cedaf18c446af448f705c33d553e8c2e9f7,5170ec511fb50cdf10d648416d508574d70e9781ddf156a1b2a86d2b385e94dc,100,1729,maximum_nontransitivity_disagreement_gain,2000.0,3000.0
kata1-b15c192-s1062526208-d272346422,76,3756.5971993300154,3668.159922647858,3845.034476012173,3753.2491292776785,3.3480700523368796,2,a5803f8a5d9d87202b43d709cb328cedaf18c446af448f705c33d553e8c2e9f7,5170ec511fb50cdf10d648416d508574d70e9781ddf156a1b2a86d2b385e94dc,100,1729,maximum_nontransitivity_disagreement_gain,2000.0,3000.0
kata1-b15c192-s1062526208-d272346422,78,3755.038455054756,3667.7415072623285,3842.3354028471836,3753.2491292776785,1.7893257770774653,2,a5803f8a5d9d87202b43d709cb328cedaf18c446af448f705c33d553e8c2e9f7,5170ec511fb50cdf10d648416d508574d70e9781ddf156a1b2a86d2b385e94dc,100,1729,maximum_nontransitivity_disagreement_gain,2000.0,3000.0
kata1-b15c192-s1062526208-d272346422,80,3763.0008335086827,3676.426678254996,3849.5749887623692,3753.2491292776785,9.751704231004169,2,a5803f8a5d9d87202b43d709cb328cedaf18c446af448f705c33d553e8c2e9f7,5170ec511fb50cdf10d648416d508574d70e9781ddf156a1b2a86d2b385e94dc,100,1729,maximum_nontransitivity_disagreement_gain,2000.0,3000.0
kata1-b15c192-s1062526208-d272346422,82,3753.1418970095147,3667.9850010444675,3838.298792974562,3753.2491292776785,-0.10723226816389797,2,a5803f8a5d9d87202b43d709cb328cedaf18c446af448f705c33d553e8c2e9f7,5170ec511fb50cdf10d648416d508574d70e9781ddf156a1b2a86d2b385e94dc,100,1729,maximum_nontransitivity_disagreement_gain,2000.0,3000.0
kata1-b15c192-s1062526208-d272346422,84,3748.5269770284194,3664.512807782857,3832.5411462739817,3753.2491292776785,-4.722152249259125,2,a5803f8a5d9d87202b43d709cb328cedaf18c446af448f705c33d553e8c2e9f7,5170ec511fb50cdf10d648416d508574d70e9781ddf156a1b2a86d2b385e94dc,100,1729,maximum_nontransitivity_disagreement_gain,2000.0,3000.0
kata1-b15c192-s1062526208-d272346422,86,3748.6741226442527,3665.610144007589,3831.7381012809165,3753.2491292776785,-4.575006633425801,2,a5803f8a5d9d87202b43d709cb328cedaf18c446af448f705c33d553e8c2e9f7,5170ec511fb50cdf10d648416d508574d70e9781ddf156a1b2a86d2b385e94dc,100,1729,maximum_nontransitivity_disagreement_gain,2000.0,3000.0
kata1-b15c192-s1062526208-d272346422,88,3757.6217549970515,3675.2120732196718,3840.0314367744313,3753.2491292776785,4.372625719372991,2,a5803f8a5d9d87202b43d709cb328cedaf18c446af448f705c33d553e8c2e9f7,5170ec511fb50cdf10d648416d508574d70e9781ddf156a1b2a86d2b385e94dc,100,1729,maximum_nontransitivity_disagreement_gain,2000.0,3000.0
kata1-b15c192-s1062526208-d272346422,90,3753.229110525892,3671.836209954636,3834.6220110971476,3753.2491292776785,-0.020018751786665234,2,a5803f8a5d9d87202b43d709cb328cedaf18c446af448f705c33d553e8c2e9f7,5170ec511fb50cdf10d648416d508574d70e9781ddf156a1b2a86d2b385e94dc,100,1729,maximum_nontransitivity_disagreement_gain,2000.0,3000.0
kata1-b15c192-s1062526208-d272346422,92,3761.6477575420863,3680.8561404017732,3842.4393746823994,3753.2491292776785,8.398628264407762,2,a5803f8a5d9d87202b43d709cb328cedaf18c446af448f705c33d553e8c2e9f7,5170ec511fb50cdf10d648416d508574d70e9781ddf156a1b2a86d2b385e94dc,100,1729,maximum_nontransitivity_disagreement_gain,2000.0,3000.0
kata1-b15c192-s1062526208-d272346422,94,3761.015823242478,3681.073701358377,3840.9579451265786,3753.2491292776785,7.766693964799288,2,a5803f8a5d9d87202b43d709cb328cedaf18c446af448f705c33d553e8c2e9f7,5170ec511fb50cdf10d648416d508574d70e9781ddf156a1b2a86d2b385e94dc,100,1729,maximum_nontransitivity_disagreement_gain,2000.0,3000.0
kata1-b15c192-s1062526208-d272346422,96,3760.413009834233,3681.2868578875127,3839.5391617809532,3753.2491292776785,7.163880556554432,2,a5803f8a5d9d87202b43d709cb328cedaf18c446af448f705c33d553e8c2e9f7,5170ec511fb50cdf10d648416d508574d70e9781ddf156a1b2a86d2b385e94dc,100,1729,maximum_nontransitivity_disagreement_gain,2000.0,3000.0
kata1-b15c192-s1062526208-d272346422,98,3763.784115633024,3685.326025100069,3842.2422061659795,3753.2491292776785,10.534986355345609,2,a5803f8a5d9d87202b43d709cb328cedaf18c446af448f705c33d553e8c2e9f7,5170ec511fb50cdf10d648416d508574d70e9781ddf156a1b2a86d2b385e94dc,100,1729,maximum_nontransitivity_disagreement_gain,2000.0,3000.0
kata1-b15c192-s1062526208-d272346422,100,3755.4516134108258,3677.9658976354162,3832.9373291862353,3753.2491292776785,2.202484133147209,2,a5803f8a5d9d87202b43d709cb328cedaf18c446af448f705c33d553e8c2e9f7,5170ec511fb50cdf10d648416d508574d70e9781ddf156a1b2a86d2b385e94dc,100,1729,maximum_nontransitivity_disagreement_gain,2000.0,3000.0
kata1-b20c256x2-s2430231552-d525879064,2,2833.880950491955,383.9809910062163,5283.780909977693,3862.9058944464023,-1029.0249439544473,2,a5803f8a5d9d87202b43d709cb328cedaf18c446af448f705c33d553e8c2e9f7,5170ec511fb50cdf10d648416d508574d70e9781ddf156a1b2a86d2b385e94dc,100,1729,maximum_nontransitivity_disagreement_gain,2000.0,3000.0
kata1-b20c256x2-s2430231552-d525879064,4,3558.4518167045294,1683.6417766727525,5433.261856736306,3862.9058944464023,-304.4540777418729,2,a5803f8a5d9d87202b43d709cb328cedaf18c446af448f705c33d553e8c2e9f7,5170ec511fb50cdf10d648416d508574d70e9781ddf156a1b2a86d2b385e94dc,100,1729,maximum_nontransitivity_disagreement_gain,2000.0,3000.0
kata1-b20c256x2-s2430231552-d525879064,6,4216.561656288232,2615.3631927160413,5817.760119860423,3862.9058944464023,353.6557618418301,2,a5803f8a5d9d87202b43d709cb328cedaf18c446af448f705c33d553e8c2e9f7,5170ec511fb50cdf10d648416d508574d70e9781ddf156a1b2a86d2b385e94dc,100,1729,maximum_nontransitivity_disagreement_gain,2000.0,3000.0
kata1-b20c256x2-s2430231552-d525879064,8,4328.997023897389,2771.348704144789,5886.64534364999,3862.9058944464023,466.09112945098695,2,a5803f8a5d9d87202b43d709cb328cedaf18c446af448f705c33d553e8c2e9f7,5170ec511fb50cdf10d648416d508574d70e9781ddf156a1b2a86d2b385e94dc,100,1729,maximum_nontransitivity_disagreement_gain,2000.0,3000.0
kata1-b20c256x2-s2430231552-d525879064,10,3987.3573548392146,3507.7410499219623,4466.973659756467,3862.9058944464023,124.45146039281235,2,a5803f8a5d9d87202b43d709cb328cedaf18c446af448f705c33d553e8c2e9f7,5170ec511fb50cdf10d648416d508574d70e9781ddf156a1b2a86d2b385e94dc,100,1729,maximum_nontransitivity_disagreement_gain,2000.0,3000.0
kata1-b20c256x2-s2430231552-d525879064,12,4028.6587931980134,3590.686539949673,4466.631046446354,3862.9058944464023,165.75289875161116,2,a5803f8a5d9d87202b43d709cb328cedaf18c446af448f705c33d553e8c2e9f7,5170ec511fb50cdf10d648416d508574d70e9781ddf156a1b2a86d2b385e94dc,100,1729,maximum_nontransitivity_disagreement_gain,2000.0,3000.0
kata1-b20c256x2-s2430231552-d525879064,14,3957.6438265647826,3638.332978724316,4276.9546744052495,3862.9058944464023,94.73793211838029,2,a5803f8a5d9d87202b43d709cb328cedaf18c446af448f705c33d553e8c2e9f7,5170ec511fb50cdf10d648416d508574d70e9781ddf156a1b2a86d2b385e94dc,100,1729,maximum_nontransitivity_disagreement_gain,2000.0,3000.0
kata1-b20c256x2-s2430231552-d525879064,16,3981.0271397113133,3677.624448141513,4284.429831281114,3862.9058944464023,118.12124526491107,2,a5803f8a5d9d87202b43d709cb328cedaf18c446af448f705c33d553e8c2e9f7,5170ec511fb50cdf10d648416d508574d70e9781ddf156a1b2a86d2b385e94dc,100,1729,maximum_nontransitivity_disagreement_gain,2000.0,3000.0
kata1-b20c256x2-s2430231552-d525879064,18,3939.7284135043305,3660.5954253763575,4218.861401632304,3862.9058944464023,76.82251905792828,2,a5803f8a5d9d87202b43d709cb328cedaf18c446af448f705c33d553e8c2e9f7,5170ec511fb50cdf10d648416d508574d70e9781ddf156a1b2a86d2b385e94dc,100,1729,maximum_nontransitivity_disagreement_gain,2000.0,3000.0
kata1-b20c256x2-s2430231552-d525879064,20,3862.3581864933835,3617.8889526624203,4106.827420324346,3862.9058944464023,-0.5477079530187439,2,a5803f8a5d9d87202b43d709cb328cedaf18c446af448f705c33d553e8c2e9f7,5170ec511fb50cdf10d648416d508574d70e9781ddf156a1b2a86d2b385e94dc,100,1729,maximum_nontransitivity_disagreement_gain,2000.0,3000.0
kata1-b20c256x2-s2430231552-d525879064,22,3898.2551967943905,3672.4824023060787,4124.027991282702,3862.9058944464023,35.349302347988214,2,a5803f8a5d9d87202b43d709cb328cedaf18c446af448f705c33d553e8c2e9f7,5170ec511fb50cdf10d648416d508574d70e9781ddf156a1b2a86d2b385e94dc,100,1729,maximum_nontransitivity_disagreement_gain,2000.0,3000.0
kata1-b20c256x2-s2430231552-d525879064,24,3956.0166695631933,3740.6601455935274,4171.37319353286,3862.9058944464023,93.11077511679105,2,a5803f8a5d9d87202b43d709cb328cedaf18c446af448f705c33d553e8c2e9f7,5170ec511fb50cdf10d648416d508574d70e9781ddf156a1b2a86d2b385e94dc,100,1729,maximum_nontransitivity_disagreement_gain,2000.0,3000.0
kata1-b20c256x2-s2430231552-d525879064,26,3999.8423952055336,3793.42498610854,4206.259804302527,3862.9058944464023,136.93650075913138,2,a5803f8a5d9d87202b43d709cb328cedaf18c446af448f705c33d553e8c2e9f7,5170ec511fb50cdf10d648416d508574d70e9781ddf156a1b2a86d2b385e94dc,100,1729,maximum_nontransitivity_disagreement_gain,2000.0,3000.0
kata1-b20c256x2-s2430231552-d525879064,28,4034.5308834741318,3835.176591691953,4233.8851752563105,3862.9058944464023,171.6249890277295,2,a5803f8a5d9d87202b43d709cb328cedaf18c446af448f705c33d553e8c2e9f7,5170ec511fb50cdf10d648416d508574d70e9781ddf156a1b2a86d2b385e94dc,100,1729,maximum_nontransitivity_disagreement_gain,2000.0,3000.0
kata1-b20c256x2-s2430231552-d525879064,30,4011.367972857232,3827.9784913681065,4194.757454346357,3862.9058944464023,148.4620784108297,2,a5803f8a5d9d87202b43d709cb328cedaf18c446af448f705c33d553e8c2e9f7,5170ec511fb50cdf10d648416d508574d70e9781ddf156a1b2a86d2b385e94dc,100,1729,maximum_nontransitivity_disagreement_gain,2000.0,3000.0
kata1-b20c256x2-s2430231552-d525879064,32,4015.382336033603,3840.804800712297,4189.959871354909,3862.9058944464023,152.47644158720095,2,a5803f8a5d9d87202b43d709cb328cedaf18c446af448f705c33d553e8c2e9f7,5170ec511fb50cdf10d648416d508574d70e9781ddf156a1b2a86d2b385e94dc,100,1729,maximum_nontransitivity_disagreement_gain,2000.0,3000.0
kata1-b20c256x2-s2430231552-d525879064,34,3979.9977071272233,3819.1113015574124,4140.884112697035,3862.9058944464023,117.09181268082102,2,a5803f8a5d9d87202b43d709cb328cedaf18c446af448f705c33d553e8c2e9f7,5170ec511fb50cdf10d648416d508574d70e9781ddf156a1b2a86d2b385e94dc,100,1729,maximum_nontransitivity_disagreement_gain,2000.0,3000.0
kata1-b20c256x2-s2430231552-d525879064,36,3985.7736641370557,3830.913249295177,4140.634078978935,3862.9058944464023,122.8677696906534,2,a5803f8a5d9d87202b43d709cb328cedaf18c446af448f705c33d553e8c2e9f7,5170ec511fb50cdf10d648416d508574d70e9781ddf156a1b2a86d2b385e94dc,100,1729,maximum_nontransitivity_disagreement_gain,2000.0,3000.0
kata1-b20c256x2-s2430231552-d525879064,38,3974.9512909745267,3827.5247179205157,4122.377864028538,3862.9058944464023,112.04539652812446,2,a5803f8a5d9d87202b43d709cb328cedaf18c446af448f705c33d553e8c2e9f7,5170ec511fb50cdf10d648416d508574d70e9781ddf156a1b2a86d2b385e94dc,100,1729,maximum_nontransitivity_disagreement_gain,2000.0,3000.0
kata1-b20c256x2-s2430231552-d525879064,40,3965.8951709012717,3824.8104809813412,4106.979860821202,3862.9058944464023,102.98927645486947,2,a5803f8a5d9d87202b43d709cb328cedaf18c446af448f705c33d553e8c2e9f7,5170ec511fb50cdf10d648416d508574d70e9781ddf156a1b2a86d2b385e94dc,100,1729,maximum_nontransitivity_disagreement_gain,2000.0,3000.0
kata1-b20c256x2-s2430231552-d525879064,42,3945.356095700875,3811.0516659462605,4079.6605254554893,3862.9058944464023,82.45020125447263,2,a5803f8a5d9d87202b43d709cb328cedaf18c446af448f705c33d553e8c2e9f7,5170ec511fb50cdf10d648416d508574d70e9781ddf156a1b2a86d2b385e94dc,100,1729,maximum_nontransitivity_disagreement_gain,2000.0,3000.0
kata1-b20c256x2-s2430231552-d525879064,44,3939.675770338259,3809.9947031039114,4069.3568375726068,3862.9058944464023,76.76987589185683,2,a5803f8a5d9d87202b43d709cb328cedaf18c446af448f705c33d553e8c2e9f7,5170ec511fb50cdf10d648416d508574d70e9781ddf156a1b2a86d2b385e94dc,100,1729,maximum_nontransitivity_disagreement_gain,2000.0,3000.0
kata1-b20c256x2-s2430231552-d525879064,46,3945.813883620519,3819.310996095272,4072.316771145766,3862.9058944464023,82.90798917411666,2,a5803f8a5d9d87202b43d709cb328cedaf18c446af448f705c33d553e8c2e9f7,5170ec511fb50cdf10d648416d508574d70e9781ddf156a1b2a86d2b385e94dc,100,1729,maximum_nontransitivity_disagreement_gain,2000.0,3000.0
kata1-b20c256x2-s2430231552-d525879064,48,3951.2991896549247,3827.7145514898066,4074.883827820043,3862.9058944464023,88.39329520852243,2,a5803f8a5d9d87202b43d709cb328cedaf18c446af448f705c33d553e8c2e9f7,5170ec511fb50cdf10d648416d508574d70e9781ddf156a1b2a86d2b385e94dc,100,1729,maximum_nontransitivity_disagreement_gain,2000.0,3000.0
kata1-b20c256x2-s2430231552-d525879064,50,3936.2592200322542,3817.024001969801,4055.4944380947077,3862.9058944464023,73.35332558585196,2,a5803f8a5d9d87202b43d709cb328cedaf18c446af448f705c33d553e8c2e9f7,5170ec511fb50cdf10d648416d508574d70e9781ddf156a1b2a86d2b385e94dc,100,1729,maximum_nontransitivity_disagreement_gain,2000.0,3000.0
kata1-b20c256x2-s2430231552-d525879064,52,3913.8900687895757,3798.966773551877,4028.8133640272745,3862.9058944464023,50.984174343173436,2,a5803f8a5d9d87202b43d709cb328cedaf18c446af448f705c33d553e8c2e9f7,5170ec511fb50cdf10d648416d508574d70e9781ddf156a1b2a86d2b385e94dc,100,1729,maximum_nontransitivity_disagreement_gain,2000.0,3000.0
kata1-b20c256x2-s2430231552-d525879064,54,3902.6687839868437,3790.910008200173,4014.4275597735145,3862.9058944464023,39.76288954044139,2,a5803f8a5d9d87202b43d709cb328cedaf18c446af448f705c33d553e8c2e9f7,5170ec511fb50cdf10d648416d508574d70e9781ddf156a1b2a86d2b385e94dc,100,1729,maximum_nontransitivity_disagreement_gain,2000.0,3000.0
kata1-b20c256x2-s2430231552-d525879064,56,3908.8586481445436,3799.165255505522,4018.552040783565,3862.9058944464023,45.95275369814135,2,a5803f8a5d9d87202b43d709cb328cedaf18c446af448f705c33d553e8c2e9f7,5170ec511fb50cdf10d648416d508574d70e9781ddf156a1b2a86d2b385e94dc,100,1729,maximum_nontransitivity_disagreement_gain,2000.0,3000.0
kata1-b20c256x2-s2430231552-d525879064,58,3914.535973535367,3806.7679675541817,4022.303979516552,3862.9058944464023,51.63007908896452,2,a5803f8a5d9d87202b43d709cb328cedaf18c446af448f705c33d553e8c2e9f7,5170ec511fb50cdf10d648416d508574d70e9781ddf156a1b2a86d2b385e94dc,100,1729,maximum_nontransitivity_disagreement_gain,2000.0,3000.0
kata1-b20c256x2-s2430231552-d525879064,60,3912.2002329208844,3806.6286895240864,4017.7717763176825,3862.9058944464023,49.294338474482174,2,a5803f8a5d9d87202b43d709cb328cedaf18c446af448f705c33d553e8c2e9f7,5170ec511fb50cdf10d648416d508574d70e9781ddf156a1b2a86d2b385e94dc,100,1729,maximum_nontransitivity_disagreement_gain,2000.0,3000.0
kata1-b20c256x2-s2430231552-d525879064,62,3902.87531693198,3799.6707551549794,4006.0798787089802,3862.9058944464023,39.969422485577525,2,a5803f8a5d9d87202b43d709cb328cedaf18c446af448f705c33d553e8c2e9f7,5170ec511fb50cdf10d648416d508574d70e9781ddf156a1b2a86d2b385e94dc,100,1729,maximum_nontransitivity_disagreement_gain,2000.0,3000.0
kata1-b20c256x2-s2430231552-d525879064,64,3908.0903363297452,3806.4733241105296,4009.707348548961,3862.9058944464023,45.18444188334297,2,a5803f8a5d9d87202b43d709cb328cedaf18c446af448f705c33d553e8c2e9f7,5170ec511fb50cdf10d648416d508574d70e9781ddf156a1b2a86d2b385e94dc,100,1729,maximum_nontransitivity_disagreement_gain,2000.0,3000.0
kata1-b20c256x2-s2430231552-d525879064,66,3906.271446294882,3806.443536309299,4006.099356280465,3862.9058944464023,43.365551848479754,2,a5803f8a5d9d87202b43d709cb328cedaf18c446af448f705c33d553e8c2e9f7,5170ec511fb50cdf10d648416d508574d70e9781ddf156a1b2a86d2b385e94dc,100,1729,maximum_nontransitivity_disagreement_gain,2000.0,3000.0
kata1-b20c256x2-s2430231552-d525879064,68,3917.4558574631387,3818.7431157339156,4016.168599192362,3862.9058944464023,54.549963016736456,2,a5803f8a5d9d87202b43d709cb328cedaf18c446af448f705c33d553e8c2e9f7,5170ec511fb50cdf10d648416d508574d70e9781ddf156a1b2a86d2b385e94dc,100,1729,maximum_nontransitivity_disagreement_gain,2000.0,3000.0
kata1-b20c256x2-s2430231552-d525879064,70,3927.982050858065,3830.2812973666255,4025.6828043495047,3862.9058944464023,65.07615641166285,2,a5803f8a5d9d87202b43d709cb328cedaf18c446af448f705c33d553e8c2e9f7,5170ec511fb50cdf10d648416d508574d70e9781ddf156a1b2a86d2b385e94dc,100,1729,maximum_nontransitivity_disagreement_gain,2000.0,3000.0
kata1-b20c256x2-s2430231552-d525879064,72,3925.634833307395,3829.52007649249,4021.7495901223006,3862.9058944464023,62.72893886099291,2,a5803f8a5d9d87202b43d709cb328cedaf18c446af448f705c33d553e8c2e9f7,5170ec511fb50cdf10d648416d508574d70e9781ddf156a1b2a86d2b385e94dc,100,1729,maximum_nontransitivity_disagreement_gain,2000.0,3000.0
kata1-b20c256x2-s2430231552-d525879064,74,3935.2943507559185,3840.064215300036,4030.524486211801,3862.9058944464023,72.38845630951619,2,a5803f8a5d9d87202b43d709cb328cedaf18c446af448f705c33d553e8c2e9f7,5170ec511fb50cdf10d648416d508574d70e9781ddf156a1b2a86d2b385e94dc,100,1729,maximum_nontransitivity_disagreement_gain,2000.0,3000.0
kata1-b20c256x2-s2430231552-d525879064,76,3938.626591472416,3844.5427619463826,4032.710420998449,3862.9058944464023,75.72069702601357,2,a5803f8a5d9d87202b43d709cb328cedaf18c446af448f705c33d553e8c2e9f7,5170ec511fb50cdf10d648416d508574d70e9781ddf156a1b2a86d2b385e94dc,100,1729,maximum_nontransitivity_disagreement_gain,2000.0,3000.0
kata1-b20c256x2-s2430231552-d525879064,78,3947.440843326245,3854.1201463885554,4040.761540263935,3862.9058944464023,84.53494887984289,2,a5803f8a5d9d87202b43d709cb328cedaf18c446af448f705c33d553e8c2e9f7,5170ec511fb50cdf10d648416d508574d70e9781ddf156a1b2a86d2b385e94dc,100,1729,maximum_nontransitivity_disagreement_gain,2000.0,3000.0
kata1-b20c256x2-s2430231552-d525879064,80,3950.2599041390085,3857.98916466736,4042.530643610657,3862.9058944464023,87.35400969260627,2,a5803f8a5d9d87202b43d709cb328cedaf18c446af448f705c33d553e8c2e9f7,5170ec511fb50cdf10d648416d508574d70e9781ddf156a1b2a86d2b385e94dc,100,1729,maximum_nontransitivity_disagreement_gain,2000.0,3000.0
kata1-b20c256x2-s2430231552-d525879064,82,3947.5394041584073,3856.593227255876,4038.4855810609383,3862.9058944464023,84.63350971200498,2,a5803f8a5d9d87202b43d709cb328cedaf18c446af448f705c33d553e8c2e9f7,5170ec511fb50cdf10d648416d508574d70e9781ddf156a1b2a86d2b385e94dc,100,1729,maximum_nontransitivity_disagreement_gain,2000.0,3000.0
kata1-b20c256x2-s2430231552-d525879064,84,3939.8029077716055,3850.390445235312,4029.215370307899,3862.9058944464023,76.89701332520326,2,a5803f8a5d9d87202b43d709cb328cedaf18c446af448f705c33d553e8c2e9f7,5170ec511fb50cdf10d648416d508574d70e9781ddf156a1b2a86d2b385e94dc,100,1729,maximum_nontransitivity_disagreement_gain,2000.0,3000.0
kata1-b20c256x2-s2430231552-d525879064,86,3932.5644144964594,3844.5667808945345,4020.5620480983844,3862.9058944464023,69.65852005005718,2,a5803f8a5d9d87202b43d709cb328cedaf18c446af448f705c33d553e8c2e9f7,5170ec511fb50cdf10d648416d508574d70e9781ddf156a1b2a86d2b385e94dc,100,1729,maximum_nontransitivity_disagreement_gain,2000.0,3000.0
kata1-b20c256x2-s2430231552-d525879064,88,3925.770692704962,3839.0840830438124,4012.457302366112,3862.9058944464023,62.86479825855986,2,a5803f8a5d9d87202b43d709cb328cedaf18c446af448f705c33d553e8c2e9f7,5170ec511fb50cdf10d648416d508574d70e9781ddf156a1b2a86d2b385e94dc,100,1729,maximum_nontransitivity_disagreement_gain,2000.0,3000.0
kata1-b20c256x2-s2430231552-d525879064,90,3928.710823893917,3842.8557904088216,4014.565857379013,3862.9058944464023,65.80492944751495,2,a5803f8a5d9d87202b43d709cb328cedaf18c446af448f705c33d553e8c2e9f7,5170ec511fb50cdf10d648416d508574d70e9781ddf156a1b2a86d2b385e94dc,100,1729,maximum_nontransitivity_disagreement_gain,2000.0,3000.0
kata1-b20c256x2-s2430231552-d525879064,92,3931.5120881181033,3846.4560533069775,4016.568122929229,3862.9058944464023,68.60619367170102,2,a5803f8a5d9d87202b43d709cb328cedaf18c446af448f705c33d553e8c2e9f7,5170ec511fb50cdf10d648416d508574d70e9781ddf156a1b2a86d2b385e94dc,100,1729,maximum_nontransitivity_disagreement_gain,2000.0,3000.0
kata1-b20c256x2-s2430231552-d525879064,94,3938.6868395228958,3854.1894501366146,4023.184228909177,3862.9058944464023,75.78094507649348,2,a5803f8a5d9d87202b43d709cb328cedaf18c446af448f705c33d553e8c2e9f7,5170ec511fb50cdf10d648416d508574d70e9781ddf156a1b2a86d2b385e94dc,100,1729,maximum_nontransitivity_disagreement_gain,2000.0,3000.0
kata1-b20c256x2-s2430231552-d525879064,96,3936.735118578209,3853.188027448378,4020.28220970804,3862.9058944464023,73.82922413180677,2,a5803f8a5d9d87202b43d709cb328cedaf18c446af448f705c33d553e8c2e9f7,5170ec511fb50cdf10d648416d508574d70e9781ddf156a1b2a86d2b385e94dc,100,1729,maximum_nontransitivity_disagreement_gain,2000.0,3000.0
kata1-b20c256x2-s2430231552-d525879064,98,3943.4945018985927,3860.4546104147817,4026.534393382404,3862.9058944464023,80.58860745219044,2,a5803f8a5d9d87202b43d709cb328cedaf18c446af448f705c33d553e8c2e9f7,5170ec511fb50cdf10d648416d508574d70e9781ddf156a1b2a86d2b385e94dc,100,1729,maximum_nontransitivity_disagreement_gain,2000.0,3000.0
kata1-b20c256x2-s2430231552-d525879064,100,3945.7429690836652,3863.3937721360694,4028.092166031261,3862.9058944464023,82.83707463726296,2,a5803f8a5d9d87202b43d709cb328cedaf18c446af448f705c33d553e8c2e9f7,5170ec511fb50cdf10d648416d508574d70e9781ddf156a1b2a86d2b385e94dc,100,1729,maximum_nontransitivity_disagreement_gain,2000.0,3000.0
kata1-b40c256x2-s4833666560-d1179059206,2,2830.1881807464742,375.82897613475143,5284.547385358197,3988.51790261065,-1158.3297218641756,2,a5803f8a5d9d87202b43d709cb328cedaf18c446af448f705c33d553e8c2e9f7,5170ec511fb50cdf10d648416d508574d70e9781ddf156a1b2a86d2b385e94dc,100,1729,maximum_nontransitivity_disagreement_gain,2000.0,3000.0
kata1-b40c256x2-s4833666560-d1179059206,4,3551.796673061234,1673.4402530653197,5430.153093057148,3988.51790261065,-436.72122954941597,2,a5803f8a5d9d87202b43d709cb328cedaf18c446af448f705c33d553e8c2e9f7,5170ec511fb50cdf10d648416d508574d70e9781ddf156a1b2a86d2b385e94dc,100,1729,maximum_nontransitivity_disagreement_gain,2000.0,3000.0
kata1-b40c256x2-s4833666560-d1179059206,6,3660.9203127147025,1844.8218907155406,5477.018734713864,3988.51790261065,-327.5975898959473,2,a5803f8a5d9d87202b43d709cb328cedaf18c446af448f705c33d553e8c2e9f7,5170ec511fb50cdf10d648416d508574d70e9781ddf156a1b2a86d2b385e94dc,100,1729,maximum_nontransitivity_disagreement_gain,2000.0,3000.0
kata1-b40c256x2-s4833666560-d1179059206,8,4308.674154396583,2736.7494124246246,5880.598896368541,3988.51790261065,320.1562517859329,2,a5803f8a5d9d87202b43d709cb328cedaf18c446af448f705c33d553e8c2e9f7,5170ec511fb50cdf10d648416d508574d70e9781ddf156a1b2a86d2b385e94dc,100,1729,maximum_nontransitivity_disagreement_gain,2000.0,3000.0
kata1-b40c256x2-s4833666560-d1179059206,10,4421.387729280382,2891.3447078329464,5951.430750727817,3988.51790261065,432.869826669732,2,a5803f8a5d9d87202b43d709cb328cedaf18c446af448f705c33d553e8c2e9f7,5170ec511fb50cdf10d648416d508574d70e9781ddf156a1b2a86d2b385e94dc,100,1729,maximum_nontransitivity_disagreement_gain,2000.0,3000.0
kata1-b40c256x2-s4833666560-d1179059206,12,4094.692602872829,3604.427713454804,4584.957492290854,3988.51790261065,106.17470026217916,2,a5803f8a5d9d87202b43d709cb328cedaf18c446af448f705c33d553e8c2e9f7,5170ec511fb50cdf10d648416d508574d70e9781ddf156a1b2a86d2b385e94dc,100,1729,maximum_nontransitivity_disagreement_gain,2000.0,3000.0
kata1-b40c256x2-s4833666560-d1179059206,14,4135.975895151648,3688.4664628022047,4583.485327501091,3988.51790261065,147.45799254099802,2,a5803f8a5d9d87202b43d709cb328cedaf18c446af448f705c33d553e8c2e9f7,5170ec511fb50cdf10d648416d508574d70e9781ddf156a1b2a86d2b385e94dc,100,1729,maximum_nontransitivity_disagreement_gain,2000.0,3000.0
kata1-b40c256x2-s4833666560-d1179059206,16,4138.819329404169,3809.0226331825334,4468.616025625805,3988.51790261065,150.30142679351957,2,a5803f8a5d9d87202b43d709cb328cedaf18c446af448f705c33d553e8c2e9f7,5170ec511fb50cdf10d648416d508574d70e9781ddf156a1b2a86d2b385e94dc,100,1729,maximum_nontransitivity_disagreement_gain,2000.0,3000.0
kata1-b40c256x2-s4833666560-d1179059206,18,4085.0418037243253,3813.352237911766,4356.731369536885,3988.51790261065,96.52390111367549,2,a5803f8a5d9d87202b43d709cb328cedaf18c446af448f705c33d553e8c2e9f7,5170ec511fb50cdf10d648416d508574d70e9781ddf156a1b2a86d2b385e94dc,100,1729,maximum_nontransitivity_disagreement_gain,2000.0,3000.0
kata1-b40c256x2-s4833666560-d1179059206,20,4039.9203097612567,3802.540790164408,4277.299829358105,3988.51790261065,51.402407150606905,2,a5803f8a5d9d87202b43d709cb328cedaf18c446af448f705c33d553e8c2e9f7,5170ec511fb50cdf10d648416d508574d70e9781ddf156a1b2a86d2b385e94dc,100,1729,maximum_nontransitivity_disagreement_gain,2000.0,3000.0
kata1-b40c256x2-s4833666560-d1179059206,22,4054.490621976668,3825.5454878260584,4283.435756127278,3988.51790261065,65.97271936601828,2,a5803f8a5d9d87202b43d709cb328cedaf18c446af448f705c33d553e8c2e9f7,5170ec511fb50cdf10d648416d508574d70e9781ddf156a1b2a86d2b385e94dc,100,1729,maximum_nontransitivity_disagreement_gain,2000.0,3000.0
kata1-b40c256x2-s4833666560-d1179059206,24,3996.1843445905542,3778.6949964135106,4213.6736927675975,3988.51790261065,7.666441979904448,2,a5803f8a5d9d87202b43d709cb328cedaf18c446af448f705c33d553e8c2e9f7,5170ec511fb50cdf10d648416d508574d70e9781ddf156a1b2a86d2b385e94dc,100,1729,maximum_nontransitivity_disagreement_gain,2000.0,3000.0
kata1-b40c256x2-s4833666560-d1179059206,26,4019.653369168812,3817.5529228742075,4221.753815463416,3988.51790261065,31.13546655816208,2,a5803f8a5d9d87202b43d709cb328cedaf18c446af448f705c33d553e8c2e9f7,5170ec511fb50cdf10d648416d508574d70e9781ddf156a1b2a86d2b385e94dc,100,1729,maximum_nontransitivity_disagreement_gain,2000.0,3000.0
kata1-b40c256x2-s4833666560-d1179059206,28,4011.147605298944,3822.378358969591,4199.916851628298,3988.51790261065,22.6297026882944,2,a5803f8a5d9d87202b43d709cb328cedaf18c446af448f705c33d553e8c2e9f7,5170ec511fb50cdf10d648416d508574d70e9781ddf156a1b2a86d2b385e94dc,100,1729,maximum_nontransitivity_disagreement_gain,2000.0,3000.0
kata1-b40c256x2-s4833666560-d1179059206,30,4027.497515669232,3849.9016710289643,4205.0933603095,3988.51790261065,38.979613058582345,2,a5803f8a5d9d87202b43d709cb328cedaf18c446af448f705c33d553e8c2e9f7,5170ec511fb50cdf10d648416d508574d70e9781ddf156a1b2a86d2b385e94dc,100,1729,maximum_nontransitivity_disagreement_gain,2000.0,3000.0
kata1-b40c256x2-s4833666560-d1179059206,32,3999.371738212666,3829.9725556275375,4168.770920797794,3988.51790261065,10.853835602016261,2,a5803f8a5d9d87202b43d709cb328cedaf18c446af448f705c33d553e8c2e9f7,5170ec511fb50cdf10d648416d508574d70e9781ddf156a1b2a86d2b385e94dc,100,1729,maximum_nontransitivity_disagreement_gain,2000.0,3000.0
kata1-b40c256x2-s4833666560-d1179059206,34,3995.0974477229734,3833.102353507924,4157.092541938023,3988.51790261065,6.579545112323558,2,a5803f8a5d9d87202b43d709cb328cedaf18c446af448f705c33d553e8c2e9f7,5170ec511fb50cdf10d648416d508574d70e9781ddf156a1b2a86d2b385e94dc,100,1729,maximum_nontransitivity_disagreement_gain,2000.0,3000.0
kata1-b40c256x2-s4833666560-d1179059206,36,3995.911538308558,3841.7789322587305,4150.044144358386,3988.51790261065,7.393635697908394,2,a5803f8a5d9d87202b43d709cb328cedaf18c446af448f705c33d553e8c2e9f7,5170ec511fb50cdf10d648416d508574d70e9781ddf156a1b2a86d2b385e94dc,100,1729,maximum_nontransitivity_disagreement_gain,2000.0,3000.0
kata1-b40c256x2-s4833666560-d1179059206,38,3980.9605760523455,3832.8963332291814,4129.0248188755095,3988.51790261065,-7.557326558304339,2,a5803f8a5d9d87202b43d709cb328cedaf18c446af448f705c33d553e8c2e9f7,5170ec511fb50cdf10d648416d508574d70e9781ddf156a1b2a86d2b385e94dc,100,1729,maximum_nontransitivity_disagreement_gain,2000.0,3000.0
kata1-b40c256x2-s4833666560-d1179059206,40,3982.818034551623,3840.7570002844045,4124.879068818841,3988.51790261065,-5.699868059026812,2,a5803f8a5d9d87202b43d709cb328cedaf18c446af448f705c33d553e8c2e9f7,5170ec511fb50cdf10d648416d508574d70e9781ddf156a1b2a86d2b385e94dc,100,1729,maximum_nontransitivity_disagreement_gain,2000.0,3000.0
kata1-b40c256x2-s4833666560-d1179059206,42,4010.7431457496577,3874.7951701220663,4146.691121377249,3988.51790261065,22.225243139007944,2,a5803f8a5d9d87202b43d709cb328cedaf18c446af448f705c33d553e8c2e9f7,5170ec511fb50cdf10d648416d508574d70e9781ddf156a1b2a86d2b385e94dc,100,1729,maximum_nontransitivity_disagreement_gain,2000.0,3000.0
kata1-b40c256x2-s4833666560-d1179059206,44,4010.2214226625365,3878.81621213163,4141.626633193443,3988.51790261065,21.7035200518867,2,a5803f8a5d9d87202b43d709cb328cedaf18c446af448f705c33d553e8c2e9f7,5170ec511fb50cdf10d648416d508574d70e9781ddf156a1b2a86d2b385e94dc,100,1729,maximum_nontransitivity_disagreement_gain,2000.0,3000.0
kata1-b40c256x2-s4833666560-d1179059206,46,4009.7711800495026,3882.4459711506347,4137.096388948371,3988.51790261065,21.25327743885282,2,a5803f8a5d9d87202b43d709cb328cedaf18c446af448f705c33d553e8c2e9f7,5170ec511fb50cdf10d648416d508574d70e9781ddf156a1b2a86d2b385e94dc,100,1729,maximum_nontransitivity_disagreement_gain,2000.0,3000.0
kata1-b40c256x2-s4833666560-d1179059206,48,4020.0412406838946,3896.5627302637185,4143.519751104071,3988.51790261065,31.52333807324476,2,a5803f8a5d9d87202b43d709cb328cedaf18c446af448f705c33d553e8c2e9f7,5170ec511fb50cdf10d648416d508574d70e9781ddf156a1b2a86d2b385e94dc,100,1729,maximum_nontransitivity_disagreement_gain,2000.0,3000.0
kata1-b40c256x2-s4833666560-d1179059206,50,4029.1064450271138,3909.0349518117528,4149.177938242475,3988.51790261065,40.58854241646395,2,a5803f8a5d9d87202b43d709cb328cedaf18c446af448f705c33d553e8c2e9f7,5170ec511fb50cdf10d648416d508574d70e9781ddf156a1b2a86d2b385e94dc,100,1729,maximum_nontransitivity_disagreement_gain,2000.0,3000.0
kata1-b40c256x2-s4833666560-d1179059206,52,4018.213289543145,3901.1210844682296,4135.30549461806,3988.51790261065,29.69538693249524,2,a5803f8a5d9d87202b43d709cb328cedaf18c446af448f705c33d553e8c2e9f7,5170ec511fb50cdf10d648416d508574d70e9781ddf156a1b2a86d2b385e94dc,100,1729,maximum_nontransitivity_disagreement_gain,2000.0,3000.0
kata1-b40c256x2-s4833666560-d1179059206,54,3999.403177397479,3884.878535163575,4113.927819631383,3988.51790261065,10.885274786829086,2,a5803f8a5d9d87202b43d709cb328cedaf18c446af448f705c33d553e8c2e9f7,5170ec511fb50cdf10d648416d508574d70e9781ddf156a1b2a86d2b385e94dc,100,1729,maximum_nontransitivity_disagreement_gain,2000.0,3000.0
kata1-b40c256x2-s4833666560-d1179059206,56,4018.7206865329877,3907.0867318882924,4130.354641177682,3988.51790261065,30.202783922337858,2,a5803f8a5d9d87202b43d709cb328cedaf18c446af448f705c33d553e8c2e9f7,5170ec511fb50cdf10d648416d508574d70e9781ddf156a1b2a86d2b385e94dc,100,1729,maximum_nontransitivity_disagreement_gain,2000.0,3000.0
kata1-b40c256x2-s4833666560-d1179059206,58,4036.145745484325,3927.010251658421,4145.281239310229,3988.51790261065,47.627842873675036,2,a5803f8a5d9d87202b43d709cb328cedaf18c446af448f705c33d553e8c2e9f7,5170ec511fb50cdf10d648416d508574d70e9781ddf156a1b2a86d2b385e94dc,100,1729,maximum_nontransitivity_disagreement_gain,2000.0,3000.0
kata1-b40c256x2-s4833666560-d1179059206,60,4044.146541001687,3937.2516826557,4151.041399347675,3988.51790261065,55.628638391037384,2,a5803f8a5d9d87202b43d709cb328cedaf18c446af448f705c33d553e8c2e9f7,5170ec511fb50cdf10d648416d508574d70e9781ddf156a1b2a86d2b385e94dc,100,1729,maximum_nontransitivity_disagreement_gain,2000.0,3000.0
kata1-b40c256x2-s4833666560-d1179059206,62,4036.458170315061,3931.709485761626,4141.206854868496,3988.51790261065,47.940267704411326,2,a5803f8a5d9d87202b43d709cb328cedaf18c446af448f705c33d553e8c2e9f7,5170ec511fb50cdf10d648416d508574d70e9781ddf156a1b2a86d2b385e94dc,100,1729,maximum_nontransitivity_disagreement_gain,2000.0,3000.0
kata1-b40c256x2-s4833666560-d1179059206,64,4029.4161853965657,3926.6399419973827,4132.192428795749,3988.51790261065,40.89828278591585,2,a5803f8a5d9d87202b43d709cb328cedaf18c446af448f705c33d553e8c2e9f7,5170ec511fb50cdf10d648416d508574d70e9781ddf156a1b2a86d2b385e94dc,100,1729,maximum_nontransitivity_disagreement_gain,2000.0,3000.0
kata1-b40c256x2-s4833666560-d1179059206,66,4043.614377010956,3942.6732519480684,4144.555502073844,3988.51790261065,55.096474400306306,2,a5803f8a5d9d87202b43d709cb328cedaf18c446af448f705c33d553e8c2e9f7,5170ec511fb50cdf10d648416d508574d70e9781ddf156a1b2a86d2b385e94dc,100,1729,maximum_nontransitivity_disagreement_gain,2000.0,3000.0
kata1-b40c256x2-s4833666560-d1179059206,68,4036.8363321909897,3937.6584236958356,4136.014240686144,3988.51790261065,48.31842958033985,2,a5803f8a5d9d87202b43d709cb328cedaf18c446af448f705c33d553e8c2e9f7,5170ec511fb50cdf10d648416d508574d70e9781ddf156a1b2a86d2b385e94dc,100,1729,maximum_nontransitivity_disagreement_gain,2000.0,3000.0
kata1-b40c256x2-s4833666560-d1179059206,70,4049.7097682872254,3952.1107899645085,4147.308746609942,3988.51790261065,61.19186567657562,2,a5803f8a5d9d87202b43d709cb328cedaf18c446af448f705c33d553e8c2e9f7,5170ec511fb50cdf10d648416d508574d70e9781ddf156a1b2a86d2b385e94dc,100,1729,maximum_nontransitivity_disagreement_gain,2000.0,3000.0
kata1-b40c256x2-s4833666560-d1179059206,72,4043.1965030009756,3947.186987693949,4139.206018308002,3988.51790261065,54.678600390325755,2,a5803f8a5d9d87202b43d709cb328cedaf18c446af448f705c33d553e8c2e9f7,5170ec511fb50cdf10d648416d508574d70e9781ddf156a1b2a86d2b385e94dc,100,1729,maximum_nontransitivity_disagreement_gain,2000.0,3000.0
kata1-b40c256x2-s4833666560-d1179059206,74,4037.1378923495463,3942.6079376669495,4131.667847032143,3988.51790261065,48.61998973889649,2,a5803f8a5d9d87202b43d709cb328cedaf18c446af448f705c33d553e8c2e9f7,5170ec511fb50cdf10d648416d508574d70e9781ddf156a1b2a86d2b385e94dc,100,1729,maximum_nontransitivity_disagreement_gain,2000.0,3000.0
kata1-b40c256x2-s4833666560-d1179059206,76,4048.7098513508,3955.518190036586,4141.901512665014,3988.51790261065,60.19194874015011,2,a5803f8a5d9d87202b43d709cb328cedaf18c446af448f705c33d553e8c2e9f7,5170ec511fb50cdf10d648416d508574d70e9781ddf156a1b2a86d2b385e94dc,100,1729,maximum_nontransitivity_disagreement_gain,2000.0,3000.0
kata1-b40c256x2-s4833666560-d1179059206,78,4048.421142674638,3956.5473781492956,4140.29490719998,3988.51790261065,59.90324006398805,2,a5803f8a5d9d87202b43d709cb328cedaf18c446af448f705c33d553e8c2e9f7,5170ec511fb50cdf10d648416d508574d70e9781ddf156a1b2a86d2b385e94dc,100,1729,maximum_nontransitivity_disagreement_gain,2000.0,3000.0
kata1-b40c256x2-s4833666560-d1179059206,80,4058.933955286969,3968.210327547475,4149.657583026463,3988.51790261065,70.4160526763194,2,a5803f8a5d9d87202b43d709cb328cedaf18c446af448f705c33d553e8c2e9f7,5170ec511fb50cdf10d648416d508574d70e9781ddf156a1b2a86d2b385e94dc,100,1729,maximum_nontransitivity_disagreement_gain,2000.0,3000.0
kata1-b40c256x2-s4833666560-d1179059206,82,4063.5903157519933,3973.996407981712,4153.184223522275,3988.51790261065,75.07241314134353,2,a5803f8a5d9d87202b43d709cb328cedaf18c446af448f705c33d553e8c2e9f7,5170ec511fb50cdf10d648416d508574d70e9781ddf156a1b2a86d2b385e94dc,100,1729,maximum_nontransitivity_disagreement_gain,2000.0,3000.0
kata1-b40c256x2-s4833666560-d1179059206,84,4062.886745856801,3974.440470574266,4151.333021139336,3988.51790261065,74.3688432461513,2,a5803f8a5d9d87202b43d709cb328cedaf18c446af448f705c33d553e8c2e9f7,5170ec511fb50cdf10d648416d508574d70e9781ddf156a1b2a86d2b385e94dc,100,1729,maximum_nontransitivity_disagreement_gain,2000.0,3000.0
kata1-b40c256x2-s4833666560-d1179059206,86,4067.1672299593547,3979.7427927339904,4154.591667184719,3988.51790261065,78.6493273487049,2,a5803f8a5d9d87202b43d709cb328cedaf18c446af448f705c33d553e8c2e9f7,5170ec511fb50cdf10d648416d508574d70e9781ddf156a1b2a86d2b385e94dc,100,1729,maximum_nontransitivity_disagreement_gain,2000.0,3000.0
kata1-b40c256x2-s4833666560-d1179059206,88,4066.40017047379,3980.0269217466753,4152.773419200905,3988.51790261065,77.88226786313999,2,a5803f8a5d9d87202b43d709cb328cedaf18c446af448f705c33d553e8c2e9f7,5170ec511fb50cdf10d648416d508574d70e9781ddf156a1b2a86d2b385e94dc,100,1729,maximum_nontransitivity_disagreement_gain,2000.0,3000.0
kata1-b40c256x2-s4833666560-d1179059206,90,4065.672620551937,3980.305041997475,4151.040199106399,3988.51790261065,77.15471794128734,2,a5803f8a5d9d87202b43d709cb328cedaf18c446af448f705c33d553e8c2e9f7,5170ec511fb50cdf10d648416d508574d70e9781ddf156a1b2a86d2b385e94dc,100,1729,maximum_nontransitivity_disagreement_gain,2000.0,3000.0
kata1-b40c256x2-s4833666560-d1179059206,92,4064.9857855723158,3980.58077349063,4149.390797654002,3988.51790261065,76.46788296166596,2,a5803f8a5d9d87202b43d709cb328cedaf18c446af448f705c33d553e8c2e9f7,5170ec511fb50cdf10d648416d508574d70e9781ddf156a1b2a86d2b385e94dc,100,1729,maximum_nontransitivity_disagreement_gain,2000.0,3000.0
kata1-b40c256x2-s4833666560-d1179059206,94,4064.336625143876,3980.8539452065047,4147.819305081248,3988.51790261065,75.81872253322626,2,a5803f8a5d9d87202b43d709cb328cedaf18c446af448f705c33d553e8c2e9f7,5170ec511fb50cdf10d648416d508574d70e9781ddf156a1b2a86d2b385e94dc,100,1729,maximum_nontransitivity_disagreement_gain,2000.0,3000.0
kata1-b40c256x2-s4833666560-d1179059206,96,4063.7202332730526,3981.122607229109,4146.317859316997,3988.51790261065,75.2023306624028,2,a5803f8a5d9d87202b43d709cb328cedaf18c446af448f705c33d553e8c2e9f7,5170ec511fb50cdf10d648416d508574d70e9781ddf156a1b2a86d2b385e94dc,100,1729,maximum_nontransitivity_disagreement_gain,2000.0,3000.0
kata1-b40c256x2-s4833666560-d1179059206,98,4067.3533370188297,3985.546970738253,4149.159703299407,3988.51790261065,78.83543440817994,2,a5803f8a5d9d87202b43d709cb328cedaf18c446af448f705c33d553e8c2e9f7,5170ec511fb50cdf10d648416d508574d70e9781ddf156a1b2a86d2b385e94dc,100,1729,maximum_nontransitivity_disagreement_gain,2000.0,3000.0
kata1-b40c256x2-s4833666560-d1179059206,100,4066.689253403136,3985.704300565073,4147.674206241199,3988.51790261065,78.17135079248601,2,a5803f8a5d9d87202b43d709cb328cedaf18c446af448f705c33d553e8c2e9f7,5170ec511fb50cdf10d648416d508574d70e9781ddf156a1b2a86d2b385e94dc,100,1729,maximum_nontransitivity_disagreement_gain,2000.0,3000.0
kata1-b60c320-s6678602752-d3043834427,2,2826.233674315162,367.0744171968272,5285.392931433496,4103.3530172068795,-1277.1193428917177,2,a5803f8a5d9d87202b43d709cb328cedaf18c446af448f705c33d553e8c2e9f7,5170ec511fb50cdf10d648416d508574d70e9781ddf156a1b2a86d2b385e94dc,100,1729,maximum_nontransitivity_disagreement_gain,2000.0,3000.0
kata1-b60c320-s6678602752-d3043834427,4,3566.25495802449,1695.5776119357465,5436.932304113234,4103.3530172068795,-537.0980591823895,2,a5803f8a5d9d87202b43d709cb328cedaf18c446af448f705c33d553e8c2e9f7,5170ec511fb50cdf10d648416d508574d70e9781ddf156a1b2a86d2b385e94dc,100,1729,maximum_nontransitivity_disagreement_gain,2000.0,3000.0
kata1-b60c320-s6678602752-d3043834427,6,3675.5716358957948,1866.625034176843,5484.518237614747,4103.3530172068795,-427.7813813110847,2,a5803f8a5d9d87202b43d709cb328cedaf18c446af448f705c33d553e8c2e9f7,5170ec511fb50cdf10d648416d508574d70e9781ddf156a1b2a86d2b385e94dc,100,1729,maximum_nontransitivity_disagreement_gain,2000.0,3000.0
kata1-b60c320-s6678602752-d3043834427,8,4349.940657354314,2790.4201767617624,5909.461137946865,4103.3530172068795,246.58764014743429,2,a5803f8a5d9d87202b43d709cb328cedaf18c446af448f705c33d553e8c2e9f7,5170ec511fb50cdf10d648416d508574d70e9781ddf156a1b2a86d2b385e94dc,100,1729,maximum_nontransitivity_disagreement_gain,2000.0,3000.0
kata1-b60c320-s6678602752-d3043834427,10,4463.101088787365,2944.968501909805,5981.233675664926,4103.3530172068795,359.7480715804859,2,a5803f8a5d9d87202b43d709cb328cedaf18c446af448f705c33d553e8c2e9f7,5170ec511fb50cdf10d648416d508574d70e9781ddf156a1b2a86d2b385e94dc,100,1729,maximum_nontransitivity_disagreement_gain,2000.0,3000.0
kata1-b60c320-s6678602752-d3043834427,12,4115.535419974087,3652.811303609037,4578.2595363391365,4103.3530172068795,12.18240276720735,2,a5803f8a5d9d87202b43d709cb328cedaf18c446af448f705c33d553e8c2e9f7,5170ec511fb50cdf10d648416d508574d70e9781ddf156a1b2a86d2b385e94dc,100,1729,maximum_nontransitivity_disagreement_gain,2000.0,3000.0
kata1-b60c320-s6678602752-d3043834427,14,4157.297492899529,3734.4220152265725,4580.172970572486,4103.3530172068795,53.944475692649576,2,a5803f8a5d9d87202b43d709cb328cedaf18c446af448f705c33d553e8c2e9f7,5170ec511fb50cdf10d648416d508574d70e9781ddf156a1b2a86d2b385e94dc,100,1729,maximum_nontransitivity_disagreement_gain,2000.0,3000.0
kata1-b60c320-s6678602752-d3043834427,16,4239.902147905628,3912.1261949180353,4567.678100893221,4103.3530172068795,136.54913069874874,2,a5803f8a5d9d87202b43d709cb328cedaf18c446af448f705c33d553e8c2e9f7,5170ec511fb50cdf10d648416d508574d70e9781ddf156a1b2a86d2b385e94dc,100,1729,maximum_nontransitivity_disagreement_gain,2000.0,3000.0
kata1-b60c320-s6678602752-d3043834427,18,4217.793538791747,3945.895996657,4489.691080926494,4103.3530172068795,114.44052158486738,2,a5803f8a5d9d87202b43d709cb328cedaf18c446af448f705c33d553e8c2e9f7,5170ec511fb50cdf10d648416d508574d70e9781ddf156a1b2a86d2b385e94dc,100,1729,maximum_nontransitivity_disagreement_gain,2000.0,3000.0
kata1-b60c320-s6678602752-d3043834427,20,4206.154723141964,3968.4853545245946,4443.824091759332,4103.3530172068795,102.8017059350841,2,a5803f8a5d9d87202b43d709cb328cedaf18c446af448f705c33d553e8c2e9f7,5170ec511fb50cdf10d648416d508574d70e9781ddf156a1b2a86d2b385e94dc,100,1729,maximum_nontransitivity_disagreement_gain,2000.0,3000.0
kata1-b60c320-s6678602752-d3043834427,22,4232.838517406121,4016.261108458195,4449.415926354048,4103.3530172068795,129.48550019924187,2,a5803f8a5d9d87202b43d709cb328cedaf18c446af448f705c33d553e8c2e9f7,5170ec511fb50cdf10d648416d508574d70e9781ddf156a1b2a86d2b385e94dc,100,1729,maximum_nontransitivity_disagreement_gain,2000.0,3000.0
kata1-b60c320-s6678602752-d3043834427,24,4222.412574214865,4024.1876858210107,4420.63746260872,4103.3530172068795,119.05955700798586,2,a5803f8a5d9d87202b43d709cb328cedaf18c446af448f705c33d553e8c2e9f7,5170ec511fb50cdf10d648416d508574d70e9781ddf156a1b2a86d2b385e94dc,100,1729,maximum_nontransitivity_disagreement_gain,2000.0,3000.0
kata1-b60c320-s6678602752-d3043834427,26,4214.9052085639305,4030.8665451646207,4398.943871963241,4103.3530172068795,111.55219135705102,2,a5803f8a5d9d87202b43d709cb328cedaf18c446af448f705c33d553e8c2e9f7,5170ec511fb50cdf10d648416d508574d70e9781ddf156a1b2a86d2b385e94dc,100,1729,maximum_nontransitivity_disagreement_gain,2000.0,3000.0
kata1-b60c320-s6678602752-d3043834427,28,4192.103688873767,4020.3721291572933,4363.835248590241,4103.3530172068795,88.75067166688768,2,a5803f8a5d9d87202b43d709cb328cedaf18c446af448f705c33d553e8c2e9f7,5170ec511fb50cdf10d648416d508574d70e9781ddf156a1b2a86d2b385e94dc,100,1729,maximum_nontransitivity_disagreement_gain,2000.0,3000.0
kata1-b60c320-s6678602752-d3043834427,30,4208.564444421161,4045.337278712507,4371.791610129815,4103.3530172068795,105.21142721428168,2,a5803f8a5d9d87202b43d709cb328cedaf18c446af448f705c33d553e8c2e9f7,5170ec511fb50cdf10d648416d508574d70e9781ddf156a1b2a86d2b385e94dc,100,1729,maximum_nontransitivity_disagreement_gain,2000.0,3000.0
kata1-b60c320-s6678602752-d3043834427,32,4204.618229845739,4049.3268030297704,4359.909656661707,4103.3530172068795,101.26521263885934,2,a5803f8a5d9d87202b43d709cb328cedaf18c446af448f705c33d553e8c2e9f7,5170ec511fb50cdf10d648416d508574d70e9781ddf156a1b2a86d2b385e94dc,100,1729,maximum_nontransitivity_disagreement_gain,2000.0,3000.0
kata1-b60c320-s6678602752-d3043834427,34,4217.121848750313,4067.964299511371,4366.279397989255,4103.3530172068795,113.76883154343341,2,a5803f8a5d9d87202b43d709cb328cedaf18c446af448f705c33d553e8c2e9f7,5170ec511fb50cdf10d648416d508574d70e9781ddf156a1b2a86d2b385e94dc,100,1729,maximum_nontransitivity_disagreement_gain,2000.0,3000.0
kata1-b60c320-s6678602752-d3043834427,36,4227.676029341674,4083.81627813546,4371.535780547887,4103.3530172068795,124.32301213479423,2,a5803f8a5d9d87202b43d709cb328cedaf18c446af448f705c33d553e8c2e9f7,5170ec511fb50cdf10d648416d508574d70e9781ddf156a1b2a86d2b385e94dc,100,1729,maximum_nontransitivity_disagreement_gain,2000.0,3000.0
kata1-b60c320-s6678602752-d3043834427,38,4223.1317780095,4084.7112156319545,4361.552340387045,4103.3530172068795,119.77876080262013,2,a5803f8a5d9d87202b43d709cb328cedaf18c446af448f705c33d553e8c2e9f7,5170ec511fb50cdf10d648416d508574d70e9781ddf156a1b2a86d2b385e94dc,100,1729,maximum_nontransitivity_disagreement_gain,2000.0,3000.0
kata1-b60c320-s6678602752-d3043834427,40,4219.236010120794,4085.6258281367905,4352.846192104797,4103.3530172068795,115.88299291391468,2,a5803f8a5d9d87202b43d709cb328cedaf18c446af448f705c33d553e8c2e9f7,5170ec511fb50cdf10d648416d508574d70e9781ddf156a1b2a86d2b385e94dc,100,1729,maximum_nontransitivity_disagreement_gain,2000.0,3000.0
kata1-b60c320-s6678602752-d3043834427,42,4204.2380578107495,4075.363774765158,4333.112340856341,4103.3530172068795,100.88504060387004,2,a5803f8a5d9d87202b43d709cb328cedaf18c446af448f705c33d553e8c2e9f7,5170ec511fb50cdf10d648416d508574d70e9781ddf156a1b2a86d2b385e94dc,100,1729,maximum_nontransitivity_disagreement_gain,2000.0,3000.0
kata1-b60c320-s6678602752-d3043834427,44,4180.3974615213465,4055.79277532352,4305.002147719173,4103.3530172068795,77.044444314467,2,a5803f8a5d9d87202b43d709cb328cedaf18c446af448f705c33d553e8c2e9f7,5170ec511fb50cdf10d648416d508574d70e9781ddf156a1b2a86d2b385e94dc,100,1729,maximum_nontransitivity_disagreement_gain,2000.0,3000.0
kata1-b60c320-s6678602752-d3043834427,46,4189.856614732594,4068.4745517117144,4311.238677753473,4103.3530172068795,86.50359752571421,2,a5803f8a5d9d87202b43d709cb328cedaf18c446af448f705c33d553e8c2e9f7,5170ec511fb50cdf10d648416d508574d70e9781ddf156a1b2a86d2b385e94dc,100,1729,maximum_nontransitivity_disagreement_gain,2000.0,3000.0
kata1-b60c320-s6678602752-d3043834427,48,4188.6756838459105,4070.4089846029965,4306.9423830888245,4103.3530172068795,85.32266663903101,2,a5803f8a5d9d87202b43d709cb328cedaf18c446af448f705c33d553e8c2e9f7,5170ec511fb50cdf10d648416d508574d70e9781ddf156a1b2a86d2b385e94dc,100,1729,maximum_nontransitivity_disagreement_gain,2000.0,3000.0
kata1-b60c320-s6678602752-d3043834427,50,4189.48952377688,4074.1310171629875,4304.848030390772,4103.3530172068795,86.13650657000017,2,a5803f8a5d9d87202b43d709cb328cedaf18c446af448f705c33d553e8c2e9f7,5170ec511fb50cdf10d648416d508574d70e9781ddf156a1b2a86d2b385e94dc,100,1729,maximum_nontransitivity_disagreement_gain,2000.0,3000.0
kata1-b60c320-s6678602752-d3043834427,52,4188.444529562638,4075.7248947424705,4301.164164382806,4103.3530172068795,85.09151235575882,2,a5803f8a5d9d87202b43d709cb328cedaf18c446af448f705c33d553e8c2e9f7,5170ec511fb50cdf10d648416d508574d70e9781ddf156a1b2a86d2b385e94dc,100,1729,maximum_nontransitivity_disagreement_gain,2000.0,3000.0
kata1-b60c320-s6678602752-d3043834427,54,4180.842587531044,4070.704710286781,4290.980464775307,4103.3530172068795,77.48957032416456,2,a5803f8a5d9d87202b43d709cb328cedaf18c446af448f705c33d553e8c2e9f7,5170ec511fb50cdf10d648416d508574d70e9781ddf156a1b2a86d2b385e94dc,100,1729,maximum_nontransitivity_disagreement_gain,2000.0,3000.0
kata1-b60c320-s6678602752-d3043834427,56,4181.903649227448,4074.063728942685,4289.743569512211,4103.3530172068795,78.55063202056863,2,a5803f8a5d9d87202b43d709cb328cedaf18c446af448f705c33d553e8c2e9f7,5170ec511fb50cdf10d648416d508574d70e9781ddf156a1b2a86d2b385e94dc,100,1729,maximum_nontransitivity_disagreement_gain,2000.0,3000.0
kata1-b60c320-s6678602752-d3043834427,58,4188.846722119254,4083.039515720553,4294.653928517955,4103.3530172068795,85.4937049123746,2,a5803f8a5d9d87202b43d709cb328cedaf18c446af448f705c33d553e8c2e9f7,5170ec511fb50cdf10d648416d508574d70e9781ddf156a1b2a86d2b385e94dc,100,1729,maximum_nontransitivity_disagreement_gain,2000.0,3000.0
kata1-b60c320-s6678602752-d3043834427,60,4182.181105072447,4078.4559575346925,4285.9062526102025,4103.3530172068795,78.8280878655678,2,a5803f8a5d9d87202b43d709cb328cedaf18c446af448f705c33d553e8c2e9f7,5170ec511fb50cdf10d648416d508574d70e9781ddf156a1b2a86d2b385e94dc,100,1729,maximum_nontransitivity_disagreement_gain,2000.0,3000.0
kata1-b60c320-s6678602752-d3043834427,62,4176.057278354267,4074.241909162813,4277.872647545721,4103.3530172068795,72.70426114738711,2,a5803f8a5d9d87202b43d709cb328cedaf18c446af448f705c33d553e8c2e9f7,5170ec511fb50cdf10d648416d508574d70e9781ddf156a1b2a86d2b385e94dc,100,1729,maximum_nontransitivity_disagreement_gain,2000.0,3000.0
kata1-b60c320-s6678602752-d3043834427,64,4177.145981594515,4077.0943394724095,4277.197623716622,4103.3530172068795,73.79296438763595,2,a5803f8a5d9d87202b43d709cb328cedaf18c446af448f705c33d553e8c2e9f7,5170ec511fb50cdf10d648416d508574d70e9781ddf156a1b2a86d2b385e94dc,100,1729,maximum_nontransitivity_disagreement_gain,2000.0,3000.0
kata1-b60c320-s6678602752-d3043834427,66,4171.672476823401,4073.278378510814,4270.0665751359875,4103.3530172068795,68.31945961652127,2,a5803f8a5d9d87202b43d709cb328cedaf18c446af448f705c33d553e8c2e9f7,5170ec511fb50cdf10d648416d508574d70e9781ddf156a1b2a86d2b385e94dc,100,1729,maximum_nontransitivity_disagreement_gain,2000.0,3000.0
kata1-b60c320-s6678602752-d3043834427,68,4172.840640362672,4076.0144407087173,4269.666840016627,4103.3530172068795,69.48762315579279,2,a5803f8a5d9d87202b43d709cb328cedaf18c446af448f705c33d553e8c2e9f7,5170ec511fb50cdf10d648416d508574d70e9781ddf156a1b2a86d2b385e94dc,100,1729,maximum_nontransitivity_disagreement_gain,2000.0,3000.0
kata1-b60c320-s6678602752-d3043834427,70,4173.927644401277,4078.584243146124,4269.271045656429,4103.3530172068795,70.57462719439718,2,a5803f8a5d9d87202b43d709cb328cedaf18c446af448f705c33d553e8c2e9f7,5170ec511fb50cdf10d648416d508574d70e9781ddf156a1b2a86d2b385e94dc,100,1729,maximum_nontransitivity_disagreement_gain,2000.0,3000.0
kata1-b60c320-s6678602752-d3043834427,72,4169.108503009355,4075.1465641850154,4263.070441833695,4103.3530172068795,65.75548580247596,2,a5803f8a5d9d87202b43d709cb328cedaf18c446af448f705c33d553e8c2e9f7,5170ec511fb50cdf10d648416d508574d70e9781ddf156a1b2a86d2b385e94dc,100,1729,maximum_nontransitivity_disagreement_gain,2000.0,3000.0
kata1-b60c320-s6678602752-d3043834427,74,4175.889680960556,4083.2844062460526,4268.494955675059,4103.3530172068795,72.5366637536763,2,a5803f8a5d9d87202b43d709cb328cedaf18c446af448f705c33d553e8c2e9f7,5170ec511fb50cdf10d648416d508574d70e9781ddf156a1b2a86d2b385e94dc,100,1729,maximum_nontransitivity_disagreement_gain,2000.0,3000.0
kata1-b60c320-s6678602752-d3043834427,76,4181.073523016059,4089.728122185162,4272.418923846956,4103.3530172068795,77.72050580917949,2,a5803f8a5d9d87202b43d709cb328cedaf18c446af448f705c33d553e8c2e9f7,5170ec511fb50cdf10d648416d508574d70e9781ddf156a1b2a86d2b385e94dc,100,1729,maximum_nontransitivity_disagreement_gain,2000.0,3000.0
kata1-b60c320-s6678602752-d3043834427,78,4175.412504884957,4085.2634113092945,4265.56159846062,4103.3530172068795,72.05948767807786,2,a5803f8a5d9d87202b43d709cb328cedaf18c446af448f705c33d553e8c2e9f7,5170ec511fb50cdf10d648416d508574d70e9781ddf156a1b2a86d2b385e94dc,100,1729,maximum_nontransitivity_disagreement_gain,2000.0,3000.0
kata1-b60c320-s6678602752-d3043834427,80,4180.308619211406,4091.302200723966,4269.315037698846,4103.3530172068795,76.95560200452655,2,a5803f8a5d9d87202b43d709cb328cedaf18c446af448f705c33d553e8c2e9f7,5170ec511fb50cdf10d648416d508574d70e9781ddf156a1b2a86d2b385e94dc,100,1729,maximum_nontransitivity_disagreement_gain,2000.0,3000.0
kata1-b60c320-s6678602752-d3043834427,82,4175.990285414461,4088.085342251286,4263.895228577636,4103.3530172068795,72.63726820758166,2,a5803f8a5d9d87202b43d709cb328cedaf18c446af448f705c33d553e8c2e9f7,5170ec511fb50cdf10d648416d508574d70e9781ddf156a1b2a86d2b385e94dc,100,1729,maximum_nontransitivity_disagreement_gain,2000.0,3000.0
kata1-b60c320-s6678602752-d3043834427,84,4171.913822366161,4085.048508988488,4258.779135743835,4103.3530172068795,68.5608051592817,2,a5803f8a5d9d87202b43d709cb328cedaf18c446af448f705c33d553e8c2e9f7,5170ec511fb50cdf10d648416d508574d70e9781ddf156a1b2a86d2b385e94dc,100,1729,maximum_nontransitivity_disagreement_gain,2000.0,3000.0
kata1-b60c320-s6678602752-d3043834427,86,4168.061684501311,4082.179507471212,4253.943861531409,4103.3530172068795,64.7086672944315,2,a5803f8a5d9d87202b43d709cb328cedaf18c446af448f705c33d553e8c2e9f7,5170ec511fb50cdf10d648416d508574d70e9781ddf156a1b2a86d2b385e94dc,100,1729,maximum_nontransitivity_disagreement_gain,2000.0,3000.0
kata1-b60c320-s6678602752-d3043834427,88,4164.411400565073,4079.4616781037894,4249.361123026356,4103.3530172068795,61.05838335819317,2,a5803f8a5d9d87202b43d709cb328cedaf18c446af448f705c33d553e8c2e9f7,5170ec511fb50cdf10d648416d508574d70e9781ddf156a1b2a86d2b385e94dc,100,1729,maximum_nontransitivity_disagreement_gain,2000.0,3000.0
kata1-b60c320-s6678602752-d3043834427,90,4160.946455684623,4076.8830171680765,4245.00989420117,4103.3530172068795,57.5934384777438,2,a5803f8a5d9d87202b43d709cb328cedaf18c446af448f705c33d553e8c2e9f7,5170ec511fb50cdf10d648416d508574d70e9781ddf156a1b2a86d2b385e94dc,100,1729,maximum_nontransitivity_disagreement_gain,2000.0,3000.0
kata1-b60c320-s6678602752-d3043834427,92,4162.040368658413,4078.8735995395086,4245.207137777318,4103.3530172068795,58.68735145153369,2,a5803f8a5d9d87202b43d709cb328cedaf18c446af448f705c33d553e8c2e9f7,5170ec511fb50cdf10d648416d508574d70e9781ddf156a1b2a86d2b385e94dc,100,1729,maximum_nontransitivity_disagreement_gain,2000.0,3000.0
kata1-b60c320-s6678602752-d3043834427,94,4162.173846900886,4079.86545820126,4244.482235600512,4103.3530172068795,58.820829694006534,2,a5803f8a5d9d87202b43d709cb328cedaf18c446af448f705c33d553e8c2e9f7,5170ec511fb50cdf10d648416d508574d70e9781ddf156a1b2a86d2b385e94dc,100,1729,maximum_nontransitivity_disagreement_gain,2000.0,3000.0
kata1-b60c320-s6678602752-d3043834427,96,4167.360385048885,4085.9189775496875,4248.801792548083,4103.3530172068795,64.0073678420058,2,a5803f8a5d9d87202b43d709cb328cedaf18c446af448f705c33d553e8c2e9f7,5170ec511fb50cdf10d648416d508574d70e9781ddf156a1b2a86d2b385e94dc,100,1729,maximum_nontransitivity_disagreement_gain,2000.0,3000.0
kata1-b60c320-s6678602752-d3043834427,98,4171.425039571849,4090.8022408230336,4252.047838320665,4103.3530172068795,68.0720223649696,2,a5803f8a5d9d87202b43d709cb328cedaf18c446af448f705c33d553e8c2e9f7,5170ec511fb50cdf10d648416d508574d70e9781ddf156a1b2a86d2b385e94dc,100,1729,maximum_nontransitivity_disagreement_gain,2000.0,3000.0
kata1-b60c320-s6678602752-d3043834427,100,4171.337535020483,4091.477119148868,4251.197950892099,4103.3530172068795,67.98451781360382,2,a5803f8a5d9d87202b43d709cb328cedaf18c446af448f705c33d553e8c2e9f7,5170ec511fb50cdf10d648416d508574d70e9781ddf156a1b2a86d2b385e94dc,100,1729,maximum_nontransitivity_disagreement_gain,2000.0,3000.0
kata1-b28c512nbt-s12313658112-d5687582971,2,2847.8339231648297,414.56818196572704,5281.099664363932,4200.90243921563,-1353.0685160508,2,a5803f8a5d9d87202b43d709cb328cedaf18c446af448f705c33d553e8c2e9f7,5170ec511fb50cdf10d648416d508574d70e9781ddf156a1b2a86d2b385e94dc,100,1729,maximum_nontransitivity_disagreement_gain,2000.0,3000.0
kata1-b28c512nbt-s12313658112-d5687582971,4,3589.7054936823088,1731.2774196419439,5448.133567722673,4200.90243921563,-611.196945533321,2,a5803f8a5d9d87202b43d709cb328cedaf18c446af448f705c33d553e8c2e9f7,5170ec511fb50cdf10d648416d508574d70e9781ddf156a1b2a86d2b385e94dc,100,1729,maximum_nontransitivity_disagreement_gain,2000.0,3000.0
kata1-b28c512nbt-s12313658112-d5687582971,6,3990.6432713031863,2311.7630880005936,5669.523454605779,4200.90243921563,-210.25916791244344,2,a5803f8a5d9d87202b43d709cb328cedaf18c446af448f705c33d553e8c2e9f7,5170ec511fb50cdf10d648416d508574d70e9781ddf156a1b2a86d2b385e94dc,100,1729,maximum_nontransitivity_disagreement_gain,2000.0,3000.0
kata1-b28c512nbt-s12313658112-d5687582971,8,4096.453200367816,2462.520560600898,5730.385840134733,4200.90243921563,-104.44923884781383,2,a5803f8a5d9d87202b43d709cb328cedaf18c446af448f705c33d553e8c2e9f7,5170ec511fb50cdf10d648416d508574d70e9781ddf156a1b2a86d2b385e94dc,100,1729,maximum_nontransitivity_disagreement_gain,2000.0,3000.0
kata1-b28c512nbt-s12313658112-d5687582971,10,4103.663830300957,3637.9237462342226,4569.403914367691,4200.90243921563,-97.23860891467302,2,a5803f8a5d9d87202b43d709cb328cedaf18c446af448f705c33d553e8c2e9f7,5170ec511fb50cdf10d648416d508574d70e9781ddf156a1b2a86d2b385e94dc,100,1729,maximum_nontransitivity_disagreement_gain,2000.0,3000.0
kata1-b28c512nbt-s12313658112-d5687582971,12,4103.961220040466,3767.191715126412,4440.73072495452,4200.90243921563,-96.9412191751635,2,a5803f8a5d9d87202b43d709cb328cedaf18c446af448f705c33d553e8c2e9f7,5170ec511fb50cdf10d648416d508574d70e9781ddf156a1b2a86d2b385e94dc,100,1729,maximum_nontransitivity_disagreement_gain,2000.0,3000.0
kata1-b28c512nbt-s12313658112-d5687582971,14,4104.06559006676,3826.541764620891,4381.589415512628,4200.90243921563,-96.83684914886999,2,a5803f8a5d9d87202b43d709cb328cedaf18c446af448f705c33d553e8c2e9f7,5170ec511fb50cdf10d648416d508574d70e9781ddf156a1b2a86d2b385e94dc,100,1729,maximum_nontransitivity_disagreement_gain,2000.0,3000.0
kata1-b28c512nbt-s12313658112-d5687582971,16,4147.364900237595,3903.323773530182,4391.406026945008,4200.90243921563,-53.53753897803472,2,a5803f8a5d9d87202b43d709cb328cedaf18c446af448f705c33d553e8c2e9f7,5170ec511fb50cdf10d648416d508574d70e9781ddf156a1b2a86d2b385e94dc,100,1729,maximum_nontransitivity_disagreement_gain,2000.0,3000.0
kata1-b28c512nbt-s12313658112-d5687582971,18,4180.167325702361,3958.2057526634967,4402.128898741225,4200.90243921563,-20.735113513268516,2,a5803f8a5d9d87202b43d709cb328cedaf18c446af448f705c33d553e8c2e9f7,5170ec511fb50cdf10d648416d508574d70e9781ddf156a1b2a86d2b385e94dc,100,1729,maximum_nontransitivity_disagreement_gain,2000.0,3000.0
kata1-b28c512nbt-s12313658112-d5687582971,20,4172.239016415543,3970.210254696324,4374.267778134763,4200.90243921563,-28.663422800086664,2,a5803f8a5d9d87202b43d709cb328cedaf18c446af448f705c33d553e8c2e9f7,5170ec511fb50cdf10d648416d508574d70e9781ddf156a1b2a86d2b385e94dc,100,1729,maximum_nontransitivity_disagreement_gain,2000.0,3000.0
kata1-b28c512nbt-s12313658112-d5687582971,22,4166.63568238859,3979.7357628972877,4353.535601879892,4200.90243921563,-34.2667568270399,2,a5803f8a5d9d87202b43d709cb328cedaf18c446af448f705c33d553e8c2e9f7,5170ec511fb50cdf10d648416d508574d70e9781ddf156a1b2a86d2b385e94dc,100,1729,maximum_nontransitivity_disagreement_gain,2000.0,3000.0
kata1-b28c512nbt-s12313658112-d5687582971,24,4166.148467159657,3991.1595457711137,4341.137388548201,4200.90243921563,-34.753972055972554,2,a5803f8a5d9d87202b43d709cb328cedaf18c446af448f705c33d553e8c2e9f7,5170ec511fb50cdf10d648416d508574d70e9781ddf156a1b2a86d2b385e94dc,100,1729,maximum_nontransitivity_disagreement_gain,2000.0,3000.0
kata1-b28c512nbt-s12313658112-d5687582971,26,4162.496951790175,3997.3799368275995,4327.613966752751,4200.90243921563,-38.40548742545434,2,a5803f8a5d9d87202b43d709cb328cedaf18c446af448f705c33d553e8c2e9f7,5170ec511fb50cdf10d648416d508574d70e9781ddf156a1b2a86d2b385e94dc,100,1729,maximum_nontransitivity_disagreement_gain,2000.0,3000.0
kata1-b28c512nbt-s12313658112-d5687582971,28,4162.526018083056,4005.6360379598623,4319.41599820625,4200.90243921563,-38.37642113257334,2,a5803f8a5d9d87202b43d709cb328cedaf18c446af448f705c33d553e8c2e9f7,5170ec511fb50cdf10d648416d508574d70e9781ddf156a1b2a86d2b385e94dc,100,1729,maximum_nontransitivity_disagreement_gain,2000.0,3000.0
kata1-b28c512nbt-s12313658112-d5687582971,30,4162.549651633983,4012.703762605376,4312.395540662589,4200.90243921563,-38.352787581647135,2,a5803f8a5d9d87202b43d709cb328cedaf18c446af448f705c33d553e8c2e9f7,5170ec511fb50cdf10d648416d508574d70e9781ddf156a1b2a86d2b385e94dc,100,1729,maximum_nontransitivity_disagreement_gain,2000.0,3000.0
kata1-b28c512nbt-s12313658112-d5687582971,32,4177.344125077371,4033.0017919418756,4321.6864582128665,4200.90243921563,-23.558314138258538,2,a5803f8a5d9d87202b43d709cb328cedaf18c446af448f705c33d553e8c2e9f7,5170ec511fb50cdf10d648416d508574d70e9781ddf156a1b2a86d2b385e94dc,100,1729,maximum_nontransitivity_disagreement_gain,2000.0,3000.0
kata1-b28c512nbt-s12313658112-d5687582971,34,4176.201637798003,4037.347052658261,4315.056222937744,4200.90243921563,-24.70080141762719,2,a5803f8a5d9d87202b43d709cb328cedaf18c446af448f705c33d553e8c2e9f7,5170ec511fb50cdf10d648416d508574d70e9781ddf156a1b2a86d2b385e94dc,100,1729,maximum_nontransitivity_disagreement_gain,2000.0,3000.0
kata1-b28c512nbt-s12313658112-d5687582971,36,4162.603570218978,4029.019642231536,4296.187498206421,4200.90243921563,-38.298868996651436,2,a5803f8a5d9d87202b43d709cb328cedaf18c446af448f705c33d553e8c2e9f7,5170ec511fb50cdf10d648416d508574d70e9781ddf156a1b2a86d2b385e94dc,100,1729,maximum_nontransitivity_disagreement_gain,2000.0,3000.0
kata1-b28c512nbt-s12313658112-d5687582971,38,4172.448360247628,4042.8239642866884,4302.0727562085685,4200.90243921563,-28.45407896800134,2,a5803f8a5d9d87202b43d709cb328cedaf18c446af448f705c33d553e8c2e9f7,5170ec511fb50cdf10d648416d508574d70e9781ddf156a1b2a86d2b385e94dc,100,1729,maximum_nontransitivity_disagreement_gain,2000.0,3000.0
kata1-b28c512nbt-s12313658112-d5687582971,40,4169.995291025846,4044.3048204453535,4295.685761606339,4200.90243921563,-30.907148189783584,2,a5803f8a5d9d87202b43d709cb328cedaf18c446af448f705c33d553e8c2e9f7,5170ec511fb50cdf10d648416d508574d70e9781ddf156a1b2a86d2b385e94dc,100,1729,maximum_nontransitivity_disagreement_gain,2000.0,3000.0
kata1-b28c512nbt-s12313658112-d5687582971,42,4167.835445159634,4045.7050963703246,4289.965793948944,4200.90243921563,-33.066994055995565,2,a5803f8a5d9d87202b43d709cb328cedaf18c446af448f705c33d553e8c2e9f7,5170ec511fb50cdf10d648416d508574d70e9781ddf156a1b2a86d2b385e94dc,100,1729,maximum_nontransitivity_disagreement_gain,2000.0,3000.0
kata1-b28c512nbt-s12313658112-d5687582971,44,4165.919111961813,4047.0302933248736,4284.807930598751,4200.90243921563,-34.98332725381715,2,a5803f8a5d9d87202b43d709cb328cedaf18c446af448f705c33d553e8c2e9f7,5170ec511fb50cdf10d648416d508574d70e9781ddf156a1b2a86d2b385e94dc,100,1729,maximum_nontransitivity_disagreement_gain,2000.0,3000.0
kata1-b28c512nbt-s12313658112-d5687582971,46,4186.184698471854,4069.6180699859888,4302.751326957719,4200.90243921563,-14.717740743775721,2,a5803f8a5d9d87202b43d709cb328cedaf18c446af448f705c33d553e8c2e9f7,5170ec511fb50cdf10d648416d508574d70e9781ddf156a1b2a86d2b385e94dc,100,1729,maximum_nontransitivity_disagreement_gain,2000.0,3000.0
kata1-b28c512nbt-s12313658112-d5687582971,48,4204.609785302287,4090.0177071438425,4319.201863460731,4200.90243921563,3.7073460866567984,2,a5803f8a5d9d87202b43d709cb328cedaf18c446af448f705c33d553e8c2e9f7,5170ec511fb50cdf10d648416d508574d70e9781ddf156a1b2a86d2b385e94dc,100,1729,maximum_nontransitivity_disagreement_gain,2000.0,3000.0
kata1-b28c512nbt-s12313658112-d5687582971,50,4195.41362523166,4083.8734193907117,4306.953831072609,4200.90243921563,-5.488813983969521,2,a5803f8a5d9d87202b43d709cb328cedaf18c446af448f705c33d553e8c2e9f7,5170ec511fb50cdf10d648416d508574d70e9781ddf156a1b2a86d2b385e94dc,100,1729,maximum_nontransitivity_disagreement_gain,2000.0,3000.0
kata1-b28c512nbt-s12313658112-d5687582971,52,4187.152209473951,4078.31766960893,4295.986749338972,4200.90243921563,-13.750229741678595,2,a5803f8a5d9d87202b43d709cb328cedaf18c446af448f705c33d553e8c2e9f7,5170ec511fb50cdf10d648416d508574d70e9781ddf156a1b2a86d2b385e94dc,100,1729,maximum_nontransitivity_disagreement_gain,2000.0,3000.0
kata1-b28c512nbt-s12313658112-d5687582971,54,4195.202657492789,4088.326744964304,4302.078570021274,4200.90243921563,-5.6997817228411805,2,a5803f8a5d9d87202b43d709cb328cedaf18c446af448f705c33d553e8c2e9f7,5170ec511fb50cdf10d648416d508574d70e9781ddf156a1b2a86d2b385e94dc,100,1729,maximum_nontransitivity_disagreement_gain,2000.0,3000.0
kata1-b28c512nbt-s12313658112-d5687582971,56,4187.65850415116,4083.1065073403834,4292.210500961936,4200.90243921563,-13.243935064469952,2,a5803f8a5d9d87202b43d709cb328cedaf18c446af448f705c33d553e8c2e9f7,5170ec511fb50cdf10d648416d508574d70e9781ddf156a1b2a86d2b385e94dc,100,1729,maximum_nontransitivity_disagreement_gain,2000.0,3000.0
kata1-b28c512nbt-s12313658112-d5687582971,58,4195.022829783515,4092.1980481467945,4297.847611420235,4200.90243921563,-5.879609432115103,2,a5803f8a5d9d87202b43d709cb328cedaf18c446af448f705c33d553e8c2e9f7,5170ec511fb50cdf10d648416d508574d70e9781ddf156a1b2a86d2b385e94dc,100,1729,maximum_nontransitivity_disagreement_gain,2000.0,3000.0
kata1-b28c512nbt-s12313658112-d5687582971,60,4194.943608577923,4093.953435274269,4295.9337818815775,4200.90243921563,-5.958830637706342,2,a5803f8a5d9d87202b43d709cb328cedaf18c446af448f705c33d553e8c2e9f7,5170ec511fb50cdf10d648416d508574d70e9781ddf156a1b2a86d2b385e94dc,100,1729,maximum_nontransitivity_disagreement_gain,2000.0,3000.0
kata1-b28c512nbt-s12313658112-d5687582971,62,4194.870422880589,4095.6042062260726,4294.136639535105,4200.90243921563,-6.03201633504068,2,a5803f8a5d9d87202b43d709cb328cedaf18c446af448f705c33d553e8c2e9f7,5170ec511fb50cdf10d648416d508574d70e9781ddf156a1b2a86d2b385e94dc,100,1729,maximum_nontransitivity_disagreement_gain,2000.0,3000.0
kata1-b28c512nbt-s12313658112-d5687582971,64,4188.4478732363405,4090.9602065489585,4285.935539923723,4200.90243921563,-12.454565979289328,2,a5803f8a5d9d87202b43d709cb328cedaf18c446af448f705c33d553e8c2e9f7,5170ec511fb50cdf10d648416d508574d70e9781ddf156a1b2a86d2b385e94dc,100,1729,maximum_nontransitivity_disagreement_gain,2000.0,3000.0
kata1-b28c512nbt-s12313658112-d5687582971,66,4188.61021512628,4092.641884047014,4284.578546205546,4200.90243921563,-12.292224089349475,2,a5803f8a5d9d87202b43d709cb328cedaf18c446af448f705c33d553e8c2e9f7,5170ec511fb50cdf10d648416d508574d70e9781ddf156a1b2a86d2b385e94dc,100,1729,maximum_nontransitivity_disagreement_gain,2000.0,3000.0
kata1-b28c512nbt-s12313658112-d5687582971,68,4194.680855257349,4100.020547311393,4289.341163203306,4200.90243921563,-6.221583958280462,2,a5803f8a5d9d87202b43d709cb328cedaf18c446af448f705c33d553e8c2e9f7,5170ec511fb50cdf10d648416d508574d70e9781ddf156a1b2a86d2b385e94dc,100,1729,maximum_nontransitivity_disagreement_gain,2000.0,3000.0
kata1-b28c512nbt-s12313658112-d5687582971,70,4188.902606548569,4095.7351175046915,4282.070095592446,4200.90243921563,-11.999832667061128,2,a5803f8a5d9d87202b43d709cb328cedaf18c446af448f705c33d553e8c2e9f7,5170ec511fb50cdf10d648416d508574d70e9781ddf156a1b2a86d2b385e94dc,100,1729,maximum_nontransitivity_disagreement_gain,2000.0,3000.0
kata1-b28c512nbt-s12313658112-d5687582971,72,4189.034721189982,4097.161626266961,4280.907816113002,4200.90243921563,-11.867718025648173,2,a5803f8a5d9d87202b43d709cb328cedaf18c446af448f705c33d553e8c2e9f7,5170ec511fb50cdf10d648416d508574d70e9781ddf156a1b2a86d2b385e94dc,100,1729,maximum_nontransitivity_disagreement_gain,2000.0,3000.0
kata1-b28c512nbt-s12313658112-d5687582971,74,4183.803455920216,4093.2450666178574,4274.361845222575,4200.90243921563,-17.098983295413746,2,a5803f8a5d9d87202b43d709cb328cedaf18c446af448f705c33d553e8c2e9f7,5170ec511fb50cdf10d648416d508574d70e9781ddf156a1b2a86d2b385e94dc,100,1729,maximum_nontransitivity_disagreement_gain,2000.0,3000.0
kata1-b28c512nbt-s12313658112-d5687582971,76,4184.080494212965,4094.688718381686,4273.472270044244,4200.90243921563,-16.821945002664506,2,a5803f8a5d9d87202b43d709cb328cedaf18c446af448f705c33d553e8c2e9f7,5170ec511fb50cdf10d648416d508574d70e9781ddf156a1b2a86d2b385e94dc,100,1729,maximum_nontransitivity_disagreement_gain,2000.0,3000.0
kata1-b28c512nbt-s12313658112-d5687582971,78,4189.384602877343,4101.033916188018,4277.735289566668,4200.90243921563,-11.517836338286543,2,a5803f8a5d9d87202b43d709cb328cedaf18c446af448f705c33d553e8c2e9f7,5170ec511fb50cdf10d648416d508574d70e9781ddf156a1b2a86d2b385e94dc,100,1729,maximum_nontransitivity_disagreement_gain,2000.0,3000.0
kata1-b28c512nbt-s12313658112-d5687582971,80,4189.487938738988,4102.205633897775,4276.770243580201,4200.90243921563,-11.414500476641479,2,a5803f8a5d9d87202b43d709cb328cedaf18c446af448f705c33d553e8c2e9f7,5170ec511fb50cdf10d648416d508574d70e9781ddf156a1b2a86d2b385e94dc,100,1729,maximum_nontransitivity_disagreement_gain,2000.0,3000.0
kata1-b28c512nbt-s12313658112-d5687582971,82,4194.360161977341,4108.023455552423,4280.696868402259,4200.90243921563,-6.542277238288989,2,a5803f8a5d9d87202b43d709cb328cedaf18c446af448f705c33d553e8c2e9f7,5170ec511fb50cdf10d648416d508574d70e9781ddf156a1b2a86d2b385e94dc,100,1729,maximum_nontransitivity_disagreement_gain,2000.0,3000.0
kata1-b28c512nbt-s12313658112-d5687582971,84,4189.677884646539,4104.395476327993,4274.960292965085,4200.90243921563,-11.224554569091197,2,a5803f8a5d9d87202b43d709cb328cedaf18c446af448f705c33d553e8c2e9f7,5170ec511fb50cdf10d648416d508574d70e9781ddf156a1b2a86d2b385e94dc,100,1729,maximum_nontransitivity_disagreement_gain,2000.0,3000.0
kata1-b28c512nbt-s12313658112-d5687582971,86,4189.765369110845,4105.420556638751,4274.11018158294,4200.90243921563,-11.13707010478447,2,a5803f8a5d9d87202b43d709cb328cedaf18c446af448f705c33d553e8c2e9f7,5170ec511fb50cdf10d648416d508574d70e9781ddf156a1b2a86d2b385e94dc,100,1729,maximum_nontransitivity_disagreement_gain,2000.0,3000.0
kata1-b28c512nbt-s12313658112-d5687582971,88,4189.8483700950965,4106.403183472665,4273.293556717528,4200.90243921563,-11.054069120533313,2,a5803f8a5d9d87202b43d709cb328cedaf18c446af448f705c33d553e8c2e9f7,5170ec511fb50cdf10d648416d508574d70e9781ddf156a1b2a86d2b385e94dc,100,1729,maximum_nontransitivity_disagreement_gain,2000.0,3000.0
kata1-b28c512nbt-s12313658112-d5687582971,90,4189.931483608587,4107.34974017934,4272.5132270378335,4200.90243921563,-10.970955607042924,2,a5803f8a5d9d87202b43d709cb328cedaf18c446af448f705c33d553e8c2e9f7,5170ec511fb50cdf10d648416d508574d70e9781ddf156a1b2a86d2b385e94dc,100,1729,maximum_nontransitivity_disagreement_gain,2000.0,3000.0
kata1-b28c512nbt-s12313658112-d5687582971,92,4190.002225572224,4108.251786630887,4271.752664513561,4200.90243921563,-10.90021364340555,2,a5803f8a5d9d87202b43d709cb328cedaf18c446af448f705c33d553e8c2e9f7,5170ec511fb50cdf10d648416d508574d70e9781ddf156a1b2a86d2b385e94dc,100,1729,maximum_nontransitivity_disagreement_gain,2000.0,3000.0
kata1-b28c512nbt-s12313658112-d5687582971,94,4190.073656333372,4109.122550269814,4271.02476239693,4200.90243921563,-10.828782882257656,2,a5803f8a5d9d87202b43d709cb328cedaf18c446af448f705c33d553e8c2e9f7,5170ec511fb50cdf10d648416d508574d70e9781ddf156a1b2a86d2b385e94dc,100,1729,maximum_nontransitivity_disagreement_gain,2000.0,3000.0
kata1-b28c512nbt-s12313658112-d5687582971,96,4190.141759728106,4109.960479829205,4270.323039627007,4200.90243921563,-10.760679487523703,2,a5803f8a5d9d87202b43d709cb328cedaf18c446af448f705c33d553e8c2e9f7,5170ec511fb50cdf10d648416d508574d70e9781ddf156a1b2a86d2b385e94dc,100,1729,maximum_nontransitivity_disagreement_gain,2000.0,3000.0
kata1-b28c512nbt-s12313658112-d5687582971,98,4194.117070041432,4114.631387954448,4273.602752128417,4200.90243921563,-6.785369174197513,2,a5803f8a5d9d87202b43d709cb328cedaf18c446af448f705c33d553e8c2e9f7,5170ec511fb50cdf10d648416d508574d70e9781ddf156a1b2a86d2b385e94dc,100,1729,maximum_nontransitivity_disagreement_gain,2000.0,3000.0
kata1-b28c512nbt-s12313658112-d5687582971,100,4190.268872393141,4111.54539863383,4268.992346152451,4200.90243921563,-10.633566822489229,2,a5803f8a5d9d87202b43d709cb328cedaf18c446af448f705c33d553e8c2e9f7,5170ec511fb50cdf10d648416d508574d70e9781ddf156a1b2a86d2b385e94dc,100,1729,maximum_nontransitivity_disagreement_gain,2000.0,3000.0
kata1-b28c512nbt-s7229617920-d4333415784-playouts60,2,3987.774352581349,2305.524759272603,5670.023945890094,4309.451041532548,-321.6766889511987,2,a5803f8a5d9d87202b43d709cb328cedaf18c446af448f705c33d553e8c2e9f7,5170ec511fb50cdf10d648416d508574d70e9781ddf156a1b2a86d2b385e94dc,100,1729,maximum_nontransitivity_disagreement_gain,2000.0,3000.0
kata1-b28c512nbt-s7229617920-d4333415784-playouts60,4,4100.421860458804,2467.278678462677,5733.565042454931,4309.451041532548,-209.02918107374353,2,a5803f8a5d9d87202b43d709cb328cedaf18c446af448f705c33d553e8c2e9f7,5170ec511fb50cdf10d648416d508574d70e9781ddf156a1b2a86d2b385e94dc,100,1729,maximum_nontransitivity_disagreement_gain,2000.0,3000.0
kata1-b28c512nbt-s7229617920-d4333415784-playouts60,6,4427.853689704269,2894.922538660166,5960.784840748371,4309.451041532548,118.40264817172101,2,a5803f8a5d9d87202b43d709cb328cedaf18c446af448f705c33d553e8c2e9f7,5170ec511fb50cdf10d648416d508574d70e9781ddf156a1b2a86d2b385e94dc,100,1729,maximum_nontransitivity_disagreement_gain,2000.0,3000.0
kata1-b28c512nbt-s7229617920-d4333415784-playouts60,8,4530.9135563970995,3032.6901398438567,6029.136972950342,4309.451041532548,221.46251486455185,2,a5803f8a5d9d87202b43d709cb328cedaf18c446af448f705c33d553e8c2e9f7,5170ec511fb50cdf10d648416d508574d70e9781ddf156a1b2a86d2b385e94dc,100,1729,maximum_nontransitivity_disagreement_gain,2000.0,3000.0
kata1-b28c512nbt-s7229617920-d4333415784-playouts60,10,4150.514355823723,3730.1019052837933,4570.926806363654,4309.451041532548,-158.93668570882437,2,a5803f8a5d9d87202b43d709cb328cedaf18c446af448f705c33d553e8c2e9f7,5170ec511fb50cdf10d648416d508574d70e9781ddf156a1b2a86d2b385e94dc,100,1729,maximum_nontransitivity_disagreement_gain,2000.0,3000.0
kata1-b28c512nbt-s7229617920-d4333415784-playouts60,12,4190.588040490212,3802.8681328603743,4578.307948120049,4309.451041532548,-118.86300104233578,2,a5803f8a5d9d87202b43d709cb328cedaf18c446af448f705c33d553e8c2e9f7,5170ec511fb50cdf10d648416d508574d70e9781ddf156a1b2a86d2b385e94dc,100,1729,maximum_nontransitivity_disagreement_gain,2000.0,3000.0
kata1-b28c512nbt-s7229617920-d4333415784-playouts60,14,4219.768763441963,3852.898709177511,4586.638817706415,4309.451041532548,-89.68227809058499,2,a5803f8a5d9d87202b43d709cb328cedaf18c446af448f705c33d553e8c2e9f7,5170ec511fb50cdf10d648416d508574d70e9781ddf156a1b2a86d2b385e94dc,100,1729,maximum_nontransitivity_disagreement_gain,2000.0,3000.0
kata1-b28c512nbt-s7229617920-d4333415784-playouts60,16,4277.357828471831,3973.213200329259,4581.502456614404,4309.451041532548,-32.09321306071615,2,a5803f8a5d9d87202b43d709cb328cedaf18c446af448f705c33d553e8c2e9f7,5170ec511fb50cdf10d648416d508574d70e9781ddf156a1b2a86d2b385e94dc,100,1729,maximum_nontransitivity_disagreement_gain,2000.0,3000.0
kata1-b28c512nbt-s7229617920-d4333415784-playouts60,18,4227.74049541582,3974.323553497555,4481.157437334085,4309.451041532548,-81.71054611672753,2,a5803f8a5d9d87202b43d709cb328cedaf18c446af448f705c33d553e8c2e9f7,5170ec511fb50cdf10d648416d508574d70e9781ddf156a1b2a86d2b385e94dc,100,1729,maximum_nontransitivity_disagreement_gain,2000.0,3000.0
kata1-b28c512nbt-s7229617920-d4333415784-playouts60,20,4184.390349127049,3961.3520661258563,4407.4286321282425,4309.451041532548,-125.06069240549823,2,a5803f8a5d9d87202b43d709cb328cedaf18c446af448f705c33d553e8c2e9f7,5170ec511fb50cdf10d648416d508574d70e9781ddf156a1b2a86d2b385e94dc,100,1729,maximum_nontransitivity_disagreement_gain,2000.0,3000.0
kata1-b28c512nbt-s7229617920-d4333415784-playouts60,22,4216.982495770473,4012.1833339245995,4421.781657616347,4309.451041532548,-92.46854576207443,2,a5803f8a5d9d87202b43d709cb328cedaf18c446af448f705c33d553e8c2e9f7,5170ec511fb50cdf10d648416d508574d70e9781ddf156a1b2a86d2b385e94dc,100,1729,maximum_nontransitivity_disagreement_gain,2000.0,3000.0
kata1-b28c512nbt-s7229617920-d4333415784-playouts60,24,4240.255504983384,4049.464903379943,4431.046106586825,4309.451041532548,-69.19553654916399,2,a5803f8a5d9d87202b43d709cb328cedaf18c446af448f705c33d553e8c2e9f7,5170ec511fb50cdf10d648416d508574d70e9781ddf156a1b2a86d2b385e94dc,100,1729,maximum_nontransitivity_disagreement_gain,2000.0,3000.0
kata1-b28c512nbt-s7229617920-d4333415784-playouts60,26,4257.758099071263,4078.0799694979282,4437.4362286445985,4309.451041532548,-51.692942461284474,2,a5803f8a5d9d87202b43d709cb328cedaf18c446af448f705c33d553e8c2e9f7,5170ec511fb50cdf10d648416d508574d70e9781ddf156a1b2a86d2b385e94dc,100,1729,maximum_nontransitivity_disagreement_gain,2000.0,3000.0
kata1-b28c512nbt-s7229617920-d4333415784-playouts60,28,4259.511198475541,4090.2488226762994,4428.773574274784,4309.451041532548,-49.93984305700633,2,a5803f8a5d9d87202b43d709cb328cedaf18c446af448f705c33d553e8c2e9f7,5170ec511fb50cdf10d648416d508574d70e9781ddf156a1b2a86d2b385e94dc,100,1729,maximum_nontransitivity_disagreement_gain,2000.0,3000.0
kata1-b28c512nbt-s7229617920-d4333415784-playouts60,30,4260.894797762268,4100.368783852993,4421.420811671544,4309.451041532548,-48.55624377027925,2,a5803f8a5d9d87202b43d709cb328cedaf18c446af448f705c33d553e8c2e9f7,5170ec511fb50cdf10d648416d508574d70e9781ddf156a1b2a86d2b385e94dc,100,1729,maximum_nontransitivity_disagreement_gain,2000.0,3000.0
kata1-b28c512nbt-s7229617920-d4333415784-playouts60,32,4271.683177248761,4117.798877102367,4425.567477395155,4309.451041532548,-37.767864283786366,2,a5803f8a5d9d87202b43d709cb328cedaf18c446af448f705c33d553e8c2e9f7,5170ec511fb50cdf10d648416d508574d70e9781ddf156a1b2a86d2b385e94dc,100,1729,maximum_nontransitivity_disagreement_gain,2000.0,3000.0
kata1-b28c512nbt-s7229617920-d4333415784-playouts60,34,4271.769998764427,4124.495065098446,4419.044932430409,4309.451041532548,-37.68104276812028,2,a5803f8a5d9d87202b43d709cb328cedaf18c446af448f705c33d553e8c2e9f7,5170ec511fb50cdf10d648416d508574d70e9781ddf156a1b2a86d2b385e94dc,100,1729,maximum_nontransitivity_disagreement_gain,2000.0,3000.0
kata1-b28c512nbt-s7229617920-d4333415784-playouts60,36,4265.7920303631945,4124.366373796801,4407.217686929588,4309.451041532548,-43.65901116935311,2,a5803f8a5d9d87202b43d709cb328cedaf18c446af448f705c33d553e8c2e9f7,5170ec511fb50cdf10d648416d508574d70e9781ddf156a1b2a86d2b385e94dc,100,1729,maximum_nontransitivity_disagreement_gain,2000.0,3000.0
kata1-b28c512nbt-s7229617920-d4333415784-playouts60,38,4266.3041690163045,4129.954329839935,4402.654008192674,4309.451041532548,-43.14687251624309,2,a5803f8a5d9d87202b43d709cb328cedaf18c446af448f705c33d553e8c2e9f7,5170ec511fb50cdf10d648416d508574d70e9781ddf156a1b2a86d2b385e94dc,100,1729,maximum_nontransitivity_disagreement_gain,2000.0,3000.0
kata1-b28c512nbt-s7229617920-d4333415784-playouts60,40,4266.744590668002,4134.921993023616,4398.567188312389,4309.451041532548,-42.70645086454533,2,a5803f8a5d9d87202b43d709cb328cedaf18c446af448f705c33d553e8c2e9f7,5170ec511fb50cdf10d648416d508574d70e9781ddf156a1b2a86d2b385e94dc,100,1729,maximum_nontransitivity_disagreement_gain,2000.0,3000.0
kata1-b28c512nbt-s7229617920-d4333415784-playouts60,42,4267.127332330866,4139.373860722182,4394.88080393955,4309.451041532548,-42.323709201681595,2,a5803f8a5d9d87202b43d709cb328cedaf18c446af448f705c33d553e8c2e9f7,5170ec511fb50cdf10d648416d508574d70e9781ddf156a1b2a86d2b385e94dc,100,1729,maximum_nontransitivity_disagreement_gain,2000.0,3000.0
kata1-b28c512nbt-s7229617920-d4333415784-playouts60,44,4262.882342806306,4138.846180658619,4386.918504953993,4309.451041532548,-46.568698726241564,2,a5803f8a5d9d87202b43d709cb328cedaf18c446af448f705c33d553e8c2e9f7,5170ec511fb50cdf10d648416d508574d70e9781ddf156a1b2a86d2b385e94dc,100,1729,maximum_nontransitivity_disagreement_gain,2000.0,3000.0
kata1-b28c512nbt-s7229617920-d4333415784-playouts60,46,4263.441087738213,4142.750044661894,4384.1321308145325,4309.451041532548,-46.00995379433425,2,a5803f8a5d9d87202b43d709cb328cedaf18c446af448f705c33d553e8c2e9f7,5170ec511fb50cdf10d648416d508574d70e9781ddf156a1b2a86d2b385e94dc,100,1729,maximum_nontransitivity_disagreement_gain,2000.0,3000.0
kata1-b28c512nbt-s7229617920-d4333415784-playouts60,48,4273.530312306943,4155.6004257786835,4391.460198835203,4309.451041532548,-35.92072922560419,2,a5803f8a5d9d87202b43d709cb328cedaf18c446af448f705c33d553e8c2e9f7,5170ec511fb50cdf10d648416d508574d70e9781ddf156a1b2a86d2b385e94dc,100,1729,maximum_nontransitivity_disagreement_gain,2000.0,3000.0
kata1-b28c512nbt-s7229617920-d4333415784-playouts60,50,4285.407778514545,4169.905302448196,4400.910254580893,4309.451041532548,-24.043263018003017,2,a5803f8a5d9d87202b43d709cb328cedaf18c446af448f705c33d553e8c2e9f7,5170ec511fb50cdf10d648416d508574d70e9781ddf156a1b2a86d2b385e94dc,100,1729,maximum_nontransitivity_disagreement_gain,2000.0,3000.0
kata1-b28c512nbt-s7229617920-d4333415784-playouts60,52,4287.354160832214,4174.45039585372,4400.257925810708,4309.451041532548,-22.096880700333713,2,a5803f8a5d9d87202b43d709cb328cedaf18c446af448f705c33d553e8c2e9f7,5170ec511fb50cdf10d648416d508574d70e9781ddf156a1b2a86d2b385e94dc,100,1729,maximum_nontransitivity_disagreement_gain,2000.0,3000.0
kata1-b28c512nbt-s7229617920-d4333415784-playouts60,54,4289.116042790306,4178.630130128999,4399.601955451613,4309.451041532548,-20.334998742241623,2,a5803f8a5d9d87202b43d709cb328cedaf18c446af448f705c33d553e8c2e9f7,5170ec511fb50cdf10d648416d508574d70e9781ddf156a1b2a86d2b385e94dc,100,1729,maximum_nontransitivity_disagreement_gain,2000.0,3000.0
kata1-b28c512nbt-s7229617920-d4333415784-playouts60,56,4290.718039441731,4182.48768355663,4398.948395326832,4309.451041532548,-18.733002090816626,2,a5803f8a5d9d87202b43d709cb328cedaf18c446af448f705c33d553e8c2e9f7,5170ec511fb50cdf10d648416d508574d70e9781ddf156a1b2a86d2b385e94dc,100,1729,maximum_nontransitivity_disagreement_gain,2000.0,3000.0
kata1-b28c512nbt-s7229617920-d4333415784-playouts60,58,4299.867958377199,4193.509678500423,4406.226238253975,4309.451041532548,-9.583083155348504,2,a5803f8a5d9d87202b43d709cb328cedaf18c446af448f705c33d553e8c2e9f7,5170ec511fb50cdf10d648416d508574d70e9781ddf156a1b2a86d2b385e94dc,100,1729,maximum_nontransitivity_disagreement_gain,2000.0,3000.0
kata1-b28c512nbt-s7229617920-d4333415784-playouts60,60,4300.888543146968,4196.532559351386,4405.24452694255,4309.451041532548,-8.562498385579602,2,a5803f8a5d9d87202b43d709cb328cedaf18c446af448f705c33d553e8c2e9f7,5170ec511fb50cdf10d648416d508574d70e9781ddf156a1b2a86d2b385e94dc,100,1729,maximum_nontransitivity_disagreement_gain,2000.0,3000.0
kata1-b28c512nbt-s7229617920-d4333415784-playouts60,62,4308.931186958145,4206.229938726089,4411.632435190201,4309.451041532548,-0.5198545744024159,2,a5803f8a5d9d87202b43d709cb328cedaf18c446af448f705c33d553e8c2e9f7,5170ec511fb50cdf10d648416d508574d70e9781ddf156a1b2a86d2b385e94dc,100,1729,maximum_nontransitivity_disagreement_gain,2000.0,3000.0
kata1-b28c512nbt-s7229617920-d4333415784-playouts60,64,4309.519826183625,4208.607898592161,4410.4317537750885,4309.451041532548,0.06878465107729426,2,a5803f8a5d9d87202b43d709cb328cedaf18c446af448f705c33d553e8c2e9f7,5170ec511fb50cdf10d648416d508574d70e9781ddf156a1b2a86d2b385e94dc,100,1729,maximum_nontransitivity_disagreement_gain,2000.0,3000.0
kata1-b28c512nbt-s7229617920-d4333415784-playouts60,66,4316.6662795081,4217.22724797534,4416.10531104086,4309.451041532548,7.215237975552554,2,a5803f8a5d9d87202b43d709cb328cedaf18c446af448f705c33d553e8c2e9f7,5170ec511fb50cdf10d648416d508574d70e9781ddf156a1b2a86d2b385e94dc,100,1729,maximum_nontransitivity_disagreement_gain,2000.0,3000.0
kata1-b28c512nbt-s7229617920-d4333415784-playouts60,68,4316.930051141213,4219.100146003446,4414.75995627898,4309.451041532548,7.479009608665365,2,a5803f8a5d9d87202b43d709cb328cedaf18c446af448f705c33d553e8c2e9f7,5170ec511fb50cdf10d648416d508574d70e9781ddf156a1b2a86d2b385e94dc,100,1729,maximum_nontransitivity_disagreement_gain,2000.0,3000.0
kata1-b28c512nbt-s7229617920-d4333415784-playouts60,70,4317.175079674676,4220.865354733884,4413.484804615469,4309.451041532548,7.7240381421288475,2,a5803f8a5d9d87202b43d709cb328cedaf18c446af448f705c33d553e8c2e9f7,5170ec511fb50cdf10d648416d508574d70e9781ddf156a1b2a86d2b385e94dc,100,1729,maximum_nontransitivity_disagreement_gain,2000.0,3000.0
kata1-b28c512nbt-s7229617920-d4333415784-playouts60,72,4311.473930327854,4216.764951953044,4406.182908702664,4309.451041532548,2.022888795306244,2,a5803f8a5d9d87202b43d709cb328cedaf18c446af448f705c33d553e8c2e9f7,5170ec511fb50cdf10d648416d508574d70e9781ddf156a1b2a86d2b385e94dc,100,1729,maximum_nontransitivity_disagreement_gain,2000.0,3000.0
kata1-b28c512nbt-s7229617920-d4333415784-playouts60,74,4311.889008952932,4218.530310247244,4405.24770765862,4309.451041532548,2.437967420384666,2,a5803f8a5d9d87202b43d709cb328cedaf18c446af448f705c33d553e8c2e9f7,5170ec511fb50cdf10d648416d508574d70e9781ddf156a1b2a86d2b385e94dc,100,1729,maximum_nontransitivity_disagreement_gain,2000.0,3000.0
kata1-b28c512nbt-s7229617920-d4333415784-playouts60,76,4317.822830880457,4225.611070648284,4410.034591112631,4309.451041532548,8.371789347909726,2,a5803f8a5d9d87202b43d709cb328cedaf18c446af448f705c33d553e8c2e9f7,5170ec511fb50cdf10d648416d508574d70e9781ddf156a1b2a86d2b385e94dc,100,1729,maximum_nontransitivity_disagreement_gain,2000.0,3000.0
kata1-b28c512nbt-s7229617920-d4333415784-playouts60,78,4312.636398475764,4221.783129422692,4403.4896675288355,4309.451041532548,3.185356943215993,2,a5803f8a5d9d87202b43d709cb328cedaf18c446af448f705c33d553e8c2e9f7,5170ec511fb50cdf10d648416d508574d70e9781ddf156a1b2a86d2b385e94dc,100,1729,maximum_nontransitivity_disagreement_gain,2000.0,3000.0
kata1-b28c512nbt-s7229617920-d4333415784-playouts60,80,4307.768667879526,4218.182317902912,4397.355017856141,4309.451041532548,-1.6823736530213864,2,a5803f8a5d9d87202b43d709cb328cedaf18c446af448f705c33d553e8c2e9f7,5170ec511fb50cdf10d648416d508574d70e9781ddf156a1b2a86d2b385e94dc,100,1729,maximum_nontransitivity_disagreement_gain,2000.0,3000.0
kata1-b28c512nbt-s7229617920-d4333415784-playouts60,82,4318.350596895477,4229.66576251663,4407.035431274324,4309.451041532548,8.899555362929277,2,a5803f8a5d9d87202b43d709cb328cedaf18c446af448f705c33d553e8c2e9f7,5170ec511fb50cdf10d648416d508574d70e9781ddf156a1b2a86d2b385e94dc,100,1729,maximum_nontransitivity_disagreement_gain,2000.0,3000.0
kata1-b28c512nbt-s7229617920-d4333415784-playouts60,84,4318.5064271875235,4230.891511629362,4406.121342745685,4309.451041532548,9.055385654975908,2,a5803f8a5d9d87202b43d709cb328cedaf18c446af448f705c33d553e8c2e9f7,5170ec511fb50cdf10d648416d508574d70e9781ddf156a1b2a86d2b385e94dc,100,1729,maximum_nontransitivity_disagreement_gain,2000.0,3000.0
kata1-b28c512nbt-s7229617920-d4333415784-playouts60,86,4313.865139918058,4227.368251086663,4400.362028749453,4309.451041532548,4.414098385510442,2,a5803f8a5d9d87202b43d709cb328cedaf18c446af448f705c33d553e8c2e9f7,5170ec511fb50cdf10d648416d508574d70e9781ddf156a1b2a86d2b385e94dc,100,1729,maximum_nontransitivity_disagreement_gain,2000.0,3000.0
kata1-b28c512nbt-s7229617920-d4333415784-playouts60,88,4309.482944821975,4224.036435493923,4394.929454150028,4309.451041532548,0.03190328942764609,2,a5803f8a5d9d87202b43d709cb328cedaf18c446af448f705c33d553e8c2e9f7,5170ec511fb50cdf10d648416d508574d70e9781ddf156a1b2a86d2b385e94dc,100,1729,maximum_nontransitivity_disagreement_gain,2000.0,3000.0
kata1-b28c512nbt-s7229617920-d4333415784-playouts60,90,4309.8571770167155,4225.339194752596,4394.375159280835,4309.451041532548,0.40613548416786216,2,a5803f8a5d9d87202b43d709cb328cedaf18c446af448f705c33d553e8c2e9f7,5170ec511fb50cdf10d648416d508574d70e9781ddf156a1b2a86d2b385e94dc,100,1729,maximum_nontransitivity_disagreement_gain,2000.0,3000.0
kata1-b28c512nbt-s7229617920-d4333415784-playouts60,92,4310.21238388174,4226.585846550866,4393.838921212613,4309.451041532548,0.7613423491920912,2,a5803f8a5d9d87202b43d709cb328cedaf18c446af448f705c33d553e8c2e9f7,5170ec511fb50cdf10d648416d508574d70e9781ddf156a1b2a86d2b385e94dc,100,1729,maximum_nontransitivity_disagreement_gain,2000.0,3000.0
kata1-b28c512nbt-s7229617920-d4333415784-playouts60,94,4310.549972553977,4227.780094498613,4393.31985060934,4309.451041532548,1.0989310214290526,2,a5803f8a5d9d87202b43d709cb328cedaf18c446af448f705c33d553e8c2e9f7,5170ec511fb50cdf10d648416d508574d70e9781ddf156a1b2a86d2b385e94dc,100,1729,maximum_nontransitivity_disagreement_gain,2000.0,3000.0
kata1-b28c512nbt-s7229617920-d4333415784-playouts60,96,4310.871215187567,4228.925316400265,4392.817113974869,4309.451041532548,1.4201736550194255,2,a5803f8a5d9d87202b43d709cb328cedaf18c446af448f705c33d553e8c2e9f7,5170ec511fb50cdf10d648416d508574d70e9781ddf156a1b2a86d2b385e94dc,100,1729,maximum_nontransitivity_disagreement_gain,2000.0,3000.0
kata1-b28c512nbt-s7229617920-d4333415784-playouts60,98,4311.177264706965,4230.024599679474,4392.329929734456,4309.451041532548,1.7262231744171004,2,a5803f8a5d9d87202b43d709cb328cedaf18c446af448f705c33d553e8c2e9f7,5170ec511fb50cdf10d648416d508574d70e9781ddf156a1b2a86d2b385e94dc,100,1729,maximum_nontransitivity_disagreement_gain,2000.0,3000.0
kata1-b28c512nbt-s7229617920-d4333415784-playouts60,100,4307.467154198977,4227.12389264284,4387.810415755115,4309.451041532548,-1.9838873335702374,2,a5803f8a5d9d87202b43d709cb328cedaf18c446af448f705c33d553e8c2e9f7,5170ec511fb50cdf10d648416d508574d70e9781ddf156a1b2a86d2b385e94dc,100,1729,maximum_nontransitivity_disagreement_gain,2000.0,3000.0
kata1-b28c512nbt-s8566598912-d4691918754-playouts600,2,3987.8210849562,2305.579999605944,5670.062170306456,4428.2401356648315,-440.4190507086314,2,a5803f8a5d9d87202b43d709cb328cedaf18c446af448f705c33d553e8c2e9f7,5170ec511fb50cdf10d648416d508574d70e9781ddf156a1b2a86d2b385e94dc,100,1729,maximum_nontransitivity_disagreement_gain,2000.0,3000.0
kata1-b28c512nbt-s8566598912-d4691918754-playouts600,4,4100.483408403176,2467.3559601847155,5733.610856621637,4428.2401356648315,-327.7567272616552,2,a5803f8a5d9d87202b43d709cb328cedaf18c446af448f705c33d553e8c2e9f7,5170ec511fb50cdf10d648416d508574d70e9781ddf156a1b2a86d2b385e94dc,100,1729,maximum_nontransitivity_disagreement_gain,2000.0,3000.0
kata1-b28c512nbt-s8566598912-d4691918754-playouts600,6,4428.30453241083,2895.465039637136,5961.144025184523,4428.2401356648315,0.06439674599823775,2,a5803f8a5d9d87202b43d709cb328cedaf18c446af448f705c33d553e8c2e9f7,5170ec511fb50cdf10d648416d508574d70e9781ddf156a1b2a86d2b385e94dc,100,1729,maximum_nontransitivity_disagreement_gain,2000.0,3000.0
kata1-b28c512nbt-s8566598912-d4691918754-playouts600,8,4531.41733023685,3033.3090787462584,6029.525581727441,4428.2401356648315,103.17719457201838,2,a5803f8a5d9d87202b43d709cb328cedaf18c446af448f705c33d553e8c2e9f7,5170ec511fb50cdf10d648416d508574d70e9781ddf156a1b2a86d2b385e94dc,100,1729,maximum_nontransitivity_disagreement_gain,2000.0,3000.0
kata1-b28c512nbt-s8566598912-d4691918754-playouts600,10,4405.446404731905,3961.3669825467505,4849.52582691706,4428.2401356648315,-22.793730932926337,2,a5803f8a5d9d87202b43d709cb328cedaf18c446af448f705c33d553e8c2e9f7,5170ec511fb50cdf10d648416d508574d70e9781ddf156a1b2a86d2b385e94dc,100,1729,maximum_nontransitivity_disagreement_gain,2000.0,3000.0
kata1-b28c512nbt-s8566598912-d4691918754-playouts600,12,4577.840399528832,4192.322816401577,4963.357982656086,4428.2401356648315,149.60026386400023,2,a5803f8a5d9d87202b43d709cb328cedaf18c446af448f705c33d553e8c2e9f7,5170ec511fb50cdf10d648416d508574d70e9781ddf156a1b2a86d2b385e94dc,100,1729,maximum_nontransitivity_disagreement_gain,2000.0,3000.0
kata1-b28c512nbt-s8566598912-d4691918754-playouts600,14,4449.767517004497,4170.47281024888,4729.062223760114,4428.2401356648315,21.527381339665226,2,a5803f8a5d9d87202b43d709cb328cedaf18c446af448f705c33d553e8c2e9f7,5170ec511fb50cdf10d648416d508574d70e9781ddf156a1b2a86d2b385e94dc,100,1729,maximum_nontransitivity_disagreement_gain,2000.0,3000.0
kata1-b28c512nbt-s8566598912-d4691918754-playouts600,16,4434.42732783172,4192.275155924516,4676.579499738923,4428.2401356648315,6.187192166888053,2,a5803f8a5d9d87202b43d709cb328cedaf18c446af448f705c33d553e8c2e9f7,5170ec511fb50cdf10d648416d508574d70e9781ddf156a1b2a86d2b385e94dc,100,1729,maximum_nontransitivity_disagreement_gain,2000.0,3000.0
kata1-b28c512nbt-s8566598912-d4691918754-playouts600,18,4425.128764052507,4207.901856706314,4642.3556713987,4428.2401356648315,-3.1113716123245467,2,a5803f8a5d9d87202b43d709cb328cedaf18c446af448f705c33d553e8c2e9f7,5170ec511fb50cdf10d648416d508574d70e9781ddf156a1b2a86d2b385e94dc,100,1729,maximum_nontransitivity_disagreement_gain,2000.0,3000.0
kata1-b28c512nbt-s8566598912-d4691918754-playouts600,20,4417.5697875081305,4218.7680384107025,4616.3715366055585,4428.2401356648315,-10.670348156701039,2,a5803f8a5d9d87202b43d709cb328cedaf18c446af448f705c33d553e8c2e9f7,5170ec511fb50cdf10d648416d508574d70e9781ddf156a1b2a86d2b385e94dc,100,1729,maximum_nontransitivity_disagreement_gain,2000.0,3000.0
kata1-b28c512nbt-s8566598912-d4691918754-playouts600,22,4412.144733613569,4227.571523477904,4596.717943749234,4428.2401356648315,-16.09540205126268,2,a5803f8a5d9d87202b43d709cb328cedaf18c446af448f705c33d553e8c2e9f7,5170ec511fb50cdf10d648416d508574d70e9781ddf156a1b2a86d2b385e94dc,100,1729,maximum_nontransitivity_disagreement_gain,2000.0,3000.0
kata1-b28c512nbt-s8566598912-d4691918754-playouts600,24,4408.059692618477,4234.905506518069,4581.213878718885,4428.2401356648315,-20.180443046354412,2,a5803f8a5d9d87202b43d709cb328cedaf18c446af448f705c33d553e8c2e9f7,5170ec511fb50cdf10d648416d508574d70e9781ddf156a1b2a86d2b385e94dc,100,1729,maximum_nontransitivity_disagreement_gain,2000.0,3000.0
kata1-b28c512nbt-s8566598912-d4691918754-playouts600,26,4404.871768631482,4241.14439012109,4568.599147141875,4428.2401356648315,-23.368367033349386,2,a5803f8a5d9d87202b43d709cb328cedaf18c446af448f705c33d553e8c2e9f7,5170ec511fb50cdf10d648416d508574d70e9781ddf156a1b2a86d2b385e94dc,100,1729,maximum_nontransitivity_disagreement_gain,2000.0,3000.0
kata1-b28c512nbt-s8566598912-d4691918754-playouts600,28,4402.314150827455,4246.5392532563355,4558.089048398574,4428.2401356648315,-25.925984837376745,2,a5803f8a5d9d87202b43d709cb328cedaf18c446af448f705c33d553e8c2e9f7,5170ec511fb50cdf10d648416d508574d70e9781ddf156a1b2a86d2b385e94dc,100,1729,maximum_nontransitivity_disagreement_gain,2000.0,3000.0
kata1-b28c512nbt-s8566598912-d4691918754-playouts600,30,4400.2164182533825,4251.266269028765,4549.166567478,4428.2401356648315,-28.02371741144907,2,a5803f8a5d9d87202b43d709cb328cedaf18c446af448f705c33d553e8c2e9f7,5170ec511fb50cdf10d648416d508574d70e9781ddf156a1b2a86d2b385e94dc,100,1729,maximum_nontransitivity_disagreement_gain,2000.0,3000.0
kata1-b28c512nbt-s8566598912-d4691918754-playouts600,32,4398.464574270886,4255.453501969938,4541.475646571835,4428.2401356648315,-29.77556139394528,2,a5803f8a5d9d87202b43d709cb328cedaf18c446af448f705c33d553e8c2e9f7,5170ec511fb50cdf10d648416d508574d70e9781ddf156a1b2a86d2b385e94dc,100,1729,maximum_nontransitivity_disagreement_gain,2000.0,3000.0
kata1-b28c512nbt-s8566598912-d4691918754-playouts600,34,4383.640378594596,4246.059696915886,4521.221060273306,4428.2401356648315,-44.59975707023568,2,a5803f8a5d9d87202b43d709cb328cedaf18c446af448f705c33d553e8c2e9f7,5170ec511fb50cdf10d648416d508574d70e9781ddf156a1b2a86d2b385e94dc,100,1729,maximum_nontransitivity_disagreement_gain,2000.0,3000.0
kata1-b28c512nbt-s8566598912-d4691918754-playouts600,36,4370.934627453118,4237.992660425901,4503.876594480335,4428.2401356648315,-57.30550821171346,2,a5803f8a5d9d87202b43d709cb328cedaf18c446af448f705c33d553e8c2e9f7,5170ec511fb50cdf10d648416d508574d70e9781ddf156a1b2a86d2b385e94dc,100,1729,maximum_nontransitivity_disagreement_gain,2000.0,3000.0
kata1-b28c512nbt-s8566598912-d4691918754-playouts600,38,4371.462455215015,4242.657232398415,4500.267678031616,4428.2401356648315,-56.777680449816216,2,a5803f8a5d9d87202b43d709cb328cedaf18c446af448f705c33d553e8c2e9f7,5170ec511fb50cdf10d648416d508574d70e9781ddf156a1b2a86d2b385e94dc,100,1729,maximum_nontransitivity_disagreement_gain,2000.0,3000.0
kata1-b28c512nbt-s8566598912-d4691918754-playouts600,40,4371.92491282024,4246.857540528237,4496.992285112243,4428.2401356648315,-56.31522284459152,2,a5803f8a5d9d87202b43d709cb328cedaf18c446af448f705c33d553e8c2e9f7,5170ec511fb50cdf10d648416d508574d70e9781ddf156a1b2a86d2b385e94dc,100,1729,maximum_nontransitivity_disagreement_gain,2000.0,3000.0
kata1-b28c512nbt-s8566598912-d4691918754-playouts600,42,4372.333413656587,4250.664271068,4494.002556245175,4428.2401356648315,-55.90672200824429,2,a5803f8a5d9d87202b43d709cb328cedaf18c446af448f705c33d553e8c2e9f7,5170ec511fb50cdf10d648416d508574d70e9781ddf156a1b2a86d2b385e94dc,100,1729,maximum_nontransitivity_disagreement_gain,2000.0,3000.0
kata1-b28c512nbt-s8566598912-d4691918754-playouts600,44,4353.361870722883,4234.595920918531,4472.127820527236,4428.2401356648315,-74.87826494194815,2,a5803f8a5d9d87202b43d709cb328cedaf18c446af448f705c33d553e8c2e9f7,5170ec511fb50cdf10d648416d508574d70e9781ddf156a1b2a86d2b385e94dc,100,1729,maximum_nontransitivity_disagreement_gain,2000.0,3000.0
kata1-b28c512nbt-s8566598912-d4691918754-playouts600,46,4354.697926890883,4238.811227458936,4470.5846263228295,4428.2401356648315,-73.54220877394891,2,a5803f8a5d9d87202b43d709cb328cedaf18c446af448f705c33d553e8c2e9f7,5170ec511fb50cdf10d648416d508574d70e9781ddf156a1b2a86d2b385e94dc,100,1729,maximum_nontransitivity_disagreement_gain,2000.0,3000.0
kata1-b28c512nbt-s8566598912-d4691918754-playouts600,48,4347.161070781372,4233.761046851087,4460.561094711657,4428.2401356648315,-81.07906488345998,2,a5803f8a5d9d87202b43d709cb328cedaf18c446af448f705c33d553e8c2e9f7,5170ec511fb50cdf10d648416d508574d70e9781ddf156a1b2a86d2b385e94dc,100,1729,maximum_nontransitivity_disagreement_gain,2000.0,3000.0
kata1-b28c512nbt-s8566598912-d4691918754-playouts600,50,4348.666162286194,4237.741357985086,4459.590966587301,4428.2401356648315,-79.57397337863767,2,a5803f8a5d9d87202b43d709cb328cedaf18c446af448f705c33d553e8c2e9f7,5170ec511fb50cdf10d648416d508574d70e9781ddf156a1b2a86d2b385e94dc,100,1729,maximum_nontransitivity_disagreement_gain,2000.0,3000.0
kata1-b28c512nbt-s8566598912-d4691918754-playouts600,52,4350.0347921260245,4241.407270866406,4458.662313385643,4428.2401356648315,-78.20534353880703,2,a5803f8a5d9d87202b43d709cb328cedaf18c446af448f705c33d553e8c2e9f7,5170ec511fb50cdf10d648416d508574d70e9781ddf156a1b2a86d2b385e94dc,100,1729,maximum_nontransitivity_disagreement_gain,2000.0,3000.0
kata1-b28c512nbt-s8566598912-d4691918754-playouts600,54,4351.284724857503,4244.796558943485,4457.77289077152,4428.2401356648315,-76.95541080732892,2,a5803f8a5d9d87202b43d709cb328cedaf18c446af448f705c33d553e8c2e9f7,5170ec511fb50cdf10d648416d508574d70e9781ddf156a1b2a86d2b385e94dc,100,1729,maximum_nontransitivity_disagreement_gain,2000.0,3000.0
kata1-b28c512nbt-s8566598912-d4691918754-playouts600,56,4352.4307664709395,4247.941022455464,4456.920510486415,4428.2401356648315,-75.80936919389205,2,a5803f8a5d9d87202b43d709cb328cedaf18c446af448f705c33d553e8c2e9f7,5170ec511fb50cdf10d648416d508574d70e9781ddf156a1b2a86d2b385e94dc,100,1729,maximum_nontransitivity_disagreement_gain,2000.0,3000.0
kata1-b28c512nbt-s8566598912-d4691918754-playouts600,58,4346.4745873198635,4243.727634240503,4449.221540399224,4428.2401356648315,-81.76554834496801,2,a5803f8a5d9d87202b43d709cb328cedaf18c446af448f705c33d553e8c2e9f7,5170ec511fb50cdf10d648416d508574d70e9781ddf156a1b2a86d2b385e94dc,100,1729,maximum_nontransitivity_disagreement_gain,2000.0,3000.0
kata1-b28c512nbt-s8566598912-d4691918754-playouts600,60,4340.958578778659,4239.833497409084,4442.083660148234,4428.2401356648315,-87.28155688617244,2,a5803f8a5d9d87202b43d709cb328cedaf18c446af448f705c33d553e8c2e9f7,5170ec511fb50cdf10d648416d508574d70e9781ddf156a1b2a86d2b385e94dc,100,1729,maximum_nontransitivity_disagreement_gain,2000.0,3000.0
kata1-b28c512nbt-s8566598912-d4691918754-playouts600,62,4342.362714415688,4242.917328134808,4441.8081006965685,4428.2401356648315,-85.87742124914348,2,a5803f8a5d9d87202b43d709cb328cedaf18c446af448f705c33d553e8c2e9f7,5170ec511fb50cdf10d648416d508574d70e9781ddf156a1b2a86d2b385e94dc,100,1729,maximum_nontransitivity_disagreement_gain,2000.0,3000.0
kata1-b28c512nbt-s8566598912-d4691918754-playouts600,64,4343.66631844401,4245.804080497832,4441.528556390189,4428.2401356648315,-84.57381722082118,2,a5803f8a5d9d87202b43d709cb328cedaf18c446af448f705c33d553e8c2e9f7,5170ec511fb50cdf10d648416d508574d70e9781ddf156a1b2a86d2b385e94dc,100,1729,maximum_nontransitivity_disagreement_gain,2000.0,3000.0
kata1-b28c512nbt-s8566598912-d4691918754-playouts600,66,4351.291556236397,4255.086501352002,4447.496611120791,4428.2401356648315,-76.94857942843464,2,a5803f8a5d9d87202b43d709cb328cedaf18c446af448f705c33d553e8c2e9f7,5170ec511fb50cdf10d648416d508574d70e9781ddf156a1b2a86d2b385e94dc,100,1729,maximum_nontransitivity_disagreement_gain,2000.0,3000.0
kata1-b28c512nbt-s8566598912-d4691918754-playouts600,68,4358.38539544492,4263.710627694098,4453.060163195742,4428.2401356648315,-69.85474021991195,2,a5803f8a5d9d87202b43d709cb328cedaf18c446af448f705c33d553e8c2e9f7,5170ec511fb50cdf10d648416d508574d70e9781ddf156a1b2a86d2b385e94dc,100,1729,maximum_nontransitivity_disagreement_gain,2000.0,3000.0
kata1-b28c512nbt-s8566598912-d4691918754-playouts600,70,4359.2761691165115,4265.967821119395,4452.584517113628,4428.2401356648315,-68.96396654832006,2,a5803f8a5d9d87202b43d709cb328cedaf18c446af448f705c33d553e8c2e9f7,5170ec511fb50cdf10d648416d508574d70e9781ddf156a1b2a86d2b385e94dc,100,1729,maximum_nontransitivity_disagreement_gain,2000.0,3000.0
kata1-b28c512nbt-s8566598912-d4691918754-playouts600,72,4365.6403857144505,4273.6799441590565,4457.600827269845,4428.2401356648315,-62.59974995038101,2,a5803f8a5d9d87202b43d709cb328cedaf18c446af448f705c33d553e8c2e9f7,5170ec511fb50cdf10d648416d508574d70e9781ddf156a1b2a86d2b385e94dc,100,1729,maximum_nontransitivity_disagreement_gain,2000.0,3000.0
kata1-b28c512nbt-s8566598912-d4691918754-playouts600,74,4366.249981152044,4275.518431963839,4456.981530340248,4428.2401356648315,-61.99015451278774,2,a5803f8a5d9d87202b43d709cb328cedaf18c446af448f705c33d553e8c2e9f7,5170ec511fb50cdf10d648416d508574d70e9781ddf156a1b2a86d2b385e94dc,100,1729,maximum_nontransitivity_disagreement_gain,2000.0,3000.0
kata1-b28c512nbt-s8566598912-d4691918754-playouts600,76,4366.822824334649,4277.261425374887,4456.384223294412,4428.2401356648315,-61.4173113301822,2,a5803f8a5d9d87202b43d709cb328cedaf18c446af448f705c33d553e8c2e9f7,5170ec511fb50cdf10d648416d508574d70e9781ddf156a1b2a86d2b385e94dc,100,1729,maximum_nontransitivity_disagreement_gain,2000.0,3000.0
kata1-b28c512nbt-s8566598912-d4691918754-playouts600,78,4367.362135014,4278.916534446831,4455.807735581169,4428.2401356648315,-60.87800065083138,2,a5803f8a5d9d87202b43d709cb328cedaf18c446af448f705c33d553e8c2e9f7,5170ec511fb50cdf10d648416d508574d70e9781ddf156a1b2a86d2b385e94dc,100,1729,maximum_nontransitivity_disagreement_gain,2000.0,3000.0
kata1-b28c512nbt-s8566598912-d4691918754-playouts600,80,4367.87076762176,4280.490561265978,4455.250973977542,4428.2401356648315,-60.36936804307152,2,a5803f8a5d9d87202b43d709cb328cedaf18c446af448f705c33d553e8c2e9f7,5170ec511fb50cdf10d648416d508574d70e9781ddf156a1b2a86d2b385e94dc,100,1729,maximum_nontransitivity_disagreement_gain,2000.0,3000.0
kata1-b28c512nbt-s8566598912-d4691918754-playouts600,82,4363.586308921924,4277.189314676861,4449.983303166987,4428.2401356648315,-64.65382674290777,2,a5803f8a5d9d87202b43d709cb328cedaf18c446af448f705c33d553e8c2e9f7,5170ec511fb50cdf10d648416d508574d70e9781ddf156a1b2a86d2b385e94dc,100,1729,maximum_nontransitivity_disagreement_gain,2000.0,3000.0
kata1-b28c512nbt-s8566598912-d4691918754-playouts600,84,4364.00148187154,4278.565827329729,4449.437136413351,4428.2401356648315,-64.23865379329163,2,a5803f8a5d9d87202b43d709cb328cedaf18c446af448f705c33d553e8c2e9f7,5170ec511fb50cdf10d648416d508574d70e9781ddf156a1b2a86d2b385e94dc,100,1729,maximum_nontransitivity_disagreement_gain,2000.0,3000.0
kata1-b28c512nbt-s8566598912-d4691918754-playouts600,86,4364.559414437199,4280.062466620241,4449.056362254157,4428.2401356648315,-63.6807212276326,2,a5803f8a5d9d87202b43d709cb328cedaf18c446af448f705c33d553e8c2e9f7,5170ec511fb50cdf10d648416d508574d70e9781ddf156a1b2a86d2b385e94dc,100,1729,maximum_nontransitivity_disagreement_gain,2000.0,3000.0
kata1-b28c512nbt-s8566598912-d4691918754-playouts600,88,4364.929822607919,4281.318483503264,4448.541161712574,4428.2401356648315,-63.31031305691249,2,a5803f8a5d9d87202b43d709cb328cedaf18c446af448f705c33d553e8c2e9f7,5170ec511fb50cdf10d648416d508574d70e9781ddf156a1b2a86d2b385e94dc,100,1729,maximum_nontransitivity_disagreement_gain,2000.0,3000.0
kata1-b28c512nbt-s8566598912-d4691918754-playouts600,90,4374.045479354675,4291.343890996748,4456.747067712602,4428.2401356648315,-54.19465631015646,2,a5803f8a5d9d87202b43d709cb328cedaf18c446af448f705c33d553e8c2e9f7,5170ec511fb50cdf10d648416d508574d70e9781ddf156a1b2a86d2b385e94dc,100,1729,maximum_nontransitivity_disagreement_gain,2000.0,3000.0
kata1-b28c512nbt-s8566598912-d4691918754-playouts600,92,4382.711750087308,4300.843706448452,4464.579793726164,4428.2401356648315,-45.528385577523295,2,a5803f8a5d9d87202b43d709cb328cedaf18c446af448f705c33d553e8c2e9f7,5170ec511fb50cdf10d648416d508574d70e9781ddf156a1b2a86d2b385e94dc,100,1729,maximum_nontransitivity_disagreement_gain,2000.0,3000.0
kata1-b28c512nbt-s8566598912-d4691918754-playouts600,94,4382.772304515216,4301.702415558025,4463.842193472407,4428.2401356648315,-45.46783114961545,2,a5803f8a5d9d87202b43d709cb328cedaf18c446af448f705c33d553e8c2e9f7,5170ec511fb50cdf10d648416d508574d70e9781ddf156a1b2a86d2b385e94dc,100,1729,maximum_nontransitivity_disagreement_gain,2000.0,3000.0
kata1-b28c512nbt-s8566598912-d4691918754-playouts600,96,4386.827838494616,4306.516147391116,4467.1395295981165,4428.2401356648315,-41.412297170215425,2,a5803f8a5d9d87202b43d709cb328cedaf18c446af448f705c33d553e8c2e9f7,5170ec511fb50cdf10d648416d508574d70e9781ddf156a1b2a86d2b385e94dc,100,1729,maximum_nontransitivity_disagreement_gain,2000.0,3000.0
kata1-b28c512nbt-s8566598912-d4691918754-playouts600,98,4390.710230283165,4311.121054127272,4470.299406439059,4428.2401356648315,-37.52990538166614,2,a5803f8a5d9d87202b43d709cb328cedaf18c446af448f705c33d553e8c2e9f7,5170ec511fb50cdf10d648416d508574d70e9781ddf156a1b2a86d2b385e94dc,100,1729,maximum_nontransitivity_disagreement_gain,2000.0,3000.0
kata1-b28c512nbt-s8566598912-d4691918754-playouts600,100,4390.480982108791,4311.600879124924,4469.361085092658,4428.2401356648315,-37.759153556040474,2,a5803f8a5d9d87202b43d709cb328cedaf18c446af448f705c33d553e8c2e9f7,5170ec511fb50cdf10d648416d508574d70e9781ddf156a1b2a86d2b385e94dc,100,1729,maximum_nontransitivity_disagreement_gain,2000.0,3000.0
