player,num_games,elo,ci_95_low,ci_95_high,old_elo,elo_diff,checkpoint_schema_version,history_sha256,selection_sha256,max_games,seed,matchmaking_algorithm,new_player_prior_mean,new_player_prior_sd
kata1-b6c96-s1248000-d550347-temp-0.3,2,1149.476343857962,-1281.4046163561266,3580.3573040720507,113.3151130072046,1036.1612308507574,2,a5803f8a5d9d87202b43d709cb328cedaf18c446af448f705c33d553e8c2e9f7,5170ec511fb50cdf10d648416d508574d70e9781ddf156a1b2a86d2b385e94dc,100,1729,maximum_nontransitivity_information_gain,2000.0,3000.0
kata1-b6c96-s1248000-d550347-temp-0.3,4,402.71436202402134,-1454.36853997973,2259.7972640277726,113.3151130072046,289.3992490168167,2,a5803f8a5d9d87202b43d709cb328cedaf18c446af448f705c33d553e8c2e9f7,5170ec511fb50cdf10d648416d508574d70e9781ddf156a1b2a86d2b385e94dc,100,1729,maximum_nontransitivity_information_gain,2000.0,3000.0
kata1-b6c96-s1248000-d550347-temp-0.3,6,371.2301825830807,-115.67432846847817,858.1346936346396,113.3151130072046,257.9150695758761,2,a5803f8a5d9d87202b43d709cb328cedaf18c446af448f705c33d553e8c2e9f7,5170ec511fb50cdf10d648416d508574d70e9781ddf156a1b2a86d2b385e94dc,100,1729,maximum_nontransitivity_information_gain,2000.0,3000.0
kata1-b6c96-s1248000-d550347-temp-0.3,8,368.0785570998903,18.436059486987347,717.7210547127933,113.3151130072046,254.7634440926857,2,a5803f8a5d9d87202b43d709cb328cedaf18c446af448f705c33d553e8c2e9f7,5170ec511fb50cdf10d648416d508574d70e9781ddf156a1b2a86d2b385e94dc,100,1729,maximum_nontransitivity_information_gain,2000.0,3000.0
kata1-b6c96-s1248000-d550347-temp-0.3,10,367.00105919686774,79.92671243263118,654.0754059611043,113.3151130072046,253.68594618966313,2,a5803f8a5d9d87202b43d709cb328cedaf18c446af448f705c33d553e8c2e9f7,5170ec511fb50cdf10d648416d508574d70e9781ddf156a1b2a86d2b385e94dc,100,1729,maximum_nontransitivity_information_gain,2000.0,3000.0
kata1-b6c96-s1248000-d550347-temp-0.3,12,271.45161806245153,14.107391433414193,528.7958446914888,113.3151130072046,158.13650505524691,2,a5803f8a5d9d87202b43d709cb328cedaf18c446af448f705c33d553e8c2e9f7,5170ec511fb50cdf10d648416d508574d70e9781ddf156a1b2a86d2b385e94dc,100,1729,maximum_nontransitivity_information_gain,2000.0,3000.0
kata1-b6c96-s1248000-d550347-temp-0.3,14,187.4069906617825,-56.279405484877856,431.0933868084428,113.3151130072046,74.09187765457789,2,a5803f8a5d9d87202b43d709cb328cedaf18c446af448f705c33d553e8c2e9f7,5170ec511fb50cdf10d648416d508574d70e9781ddf156a1b2a86d2b385e94dc,100,1729,maximum_nontransitivity_information_gain,2000.0,3000.0
kata1-b6c96-s1248000-d550347-temp-0.3,16,188.7072706989744,-30.56513675017098,407.9796781481198,113.3151130072046,75.39215769176981,2,a5803f8a5d9d87202b43d709cb328cedaf18c446af448f705c33d553e8c2e9f7,5170ec511fb50cdf10d648416d508574d70e9781ddf156a1b2a86d2b385e94dc,100,1729,maximum_nontransitivity_information_gain,2000.0,3000.0
kata1-b6c96-s1248000-d550347-temp-0.3,18,126.0379001546515,-85.97392353861291,338.0497238479159,113.3151130072046,12.722787147446894,2,a5803f8a5d9d87202b43d709cb328cedaf18c446af448f705c33d553e8c2e9f7,5170ec511fb50cdf10d648416d508574d70e9781ddf156a1b2a86d2b385e94dc,100,1729,maximum_nontransitivity_information_gain,2000.0,3000.0
kata1-b6c96-s1248000-d550347-temp-0.3,20,129.02131761788456,-66.0860724597043,324.1287076954734,113.3151130072046,15.706204610679961,2,a5803f8a5d9d87202b43d709cb328cedaf18c446af448f705c33d553e8c2e9f7,5170ec511fb50cdf10d648416d508574d70e9781ddf156a1b2a86d2b385e94dc,100,1729,maximum_nontransitivity_information_gain,2000.0,3000.0
kata1-b6c96-s1248000-d550347-temp-0.3,22,131.2181319798716,-50.620903934005554,313.0571678937488,113.3151130072046,17.903018972667,2,a5803f8a5d9d87202b43d709cb328cedaf18c446af448f705c33d553e8c2e9f7,5170ec511fb50cdf10d648416d508574d70e9781ddf156a1b2a86d2b385e94dc,100,1729,maximum_nontransitivity_information_gain,2000.0,3000.0
kata1-b6c96-s1248000-d550347-temp-0.3,24,87.83780031251747,-89.32462261571455,265.0002232407495,113.3151130072046,-25.47731269468713,2,a5803f8a5d9d87202b43d709cb328cedaf18c446af448f705c33d553e8c2e9f7,5170ec511fb50cdf10d648416d508574d70e9781ddf156a1b2a86d2b385e94dc,100,1729,maximum_nontransitivity_information_gain,2000.0,3000.0
kata1-b6c96-s1248000-d550347-temp-0.3,26,134.21828570914252,-27.803265787625122,296.23983720591013,113.3151130072046,20.90317270193792,2,a5803f8a5d9d87202b43d709cb328cedaf18c446af448f705c33d553e8c2e9f7,5170ec511fb50cdf10d648416d508574d70e9781ddf156a1b2a86d2b385e94dc,100,1729,maximum_nontransitivity_information_gain,2000.0,3000.0
kata1-b6c96-s1248000-d550347-temp-0.3,28,135.307515521604,-19.04411875471743,289.6591497979254,113.3151130072046,21.992402514399387,2,a5803f8a5d9d87202b43d709cb328cedaf18c446af448f705c33d553e8c2e9f7,5170ec511fb50cdf10d648416d508574d70e9781ddf156a1b2a86d2b385e94dc,100,1729,maximum_nontransitivity_information_gain,2000.0,3000.0
kata1-b6c96-s1248000-d550347-temp-0.3,30,167.9948458407242,22.239567870202563,313.7501238112458,113.3151130072046,54.679732833519594,2,a5803f8a5d9d87202b43d709cb328cedaf18c446af448f705c33d553e8c2e9f7,5170ec511fb50cdf10d648416d508574d70e9781ddf156a1b2a86d2b385e94dc,100,1729,maximum_nontransitivity_information_gain,2000.0,3000.0
kata1-b6c96-s1248000-d550347-temp-0.3,32,170.0337292853658,29.99402788219348,310.0734306885381,113.3151130072046,56.71861627816121,2,a5803f8a5d9d87202b43d709cb328cedaf18c446af448f705c33d553e8c2e9f7,5170ec511fb50cdf10d648416d508574d70e9781ddf156a1b2a86d2b385e94dc,100,1729,maximum_nontransitivity_information_gain,2000.0,3000.0
kata1-b6c96-s1248000-d550347-temp-0.3,34,198.63434861792138,64.47109390552072,332.79760333032203,113.3151130072046,85.31923561071677,2,a5803f8a5d9d87202b43d709cb328cedaf18c446af448f705c33d553e8c2e9f7,5170ec511fb50cdf10d648416d508574d70e9781ddf156a1b2a86d2b385e94dc,100,1729,maximum_nontransitivity_information_gain,2000.0,3000.0
kata1-b6c96-s1248000-d550347-temp-0.3,36,198.36276438181704,68.61967825524388,328.1058505083902,113.3151130072046,85.04765137461244,2,a5803f8a5d9d87202b43d709cb328cedaf18c446af448f705c33d553e8c2e9f7,5170ec511fb50cdf10d648416d508574d70e9781ddf156a1b2a86d2b385e94dc,100,1729,maximum_nontransitivity_information_gain,2000.0,3000.0
kata1-b6c96-s1248000-d550347-temp-0.3,38,198.12673416296585,72.38515966333155,323.86830866260016,113.3151130072046,84.81162115576124,2,a5803f8a5d9d87202b43d709cb328cedaf18c446af448f705c33d553e8c2e9f7,5170ec511fb50cdf10d648416d508574d70e9781ddf156a1b2a86d2b385e94dc,100,1729,maximum_nontransitivity_information_gain,2000.0,3000.0
kata1-b6c96-s1248000-d550347-temp-0.3,40,175.7605459265106,53.172448208956,298.3486436440652,113.3151130072046,62.445432919305986,2,a5803f8a5d9d87202b43d709cb328cedaf18c446af448f705c33d553e8c2e9f7,5170ec511fb50cdf10d648416d508574d70e9781ddf156a1b2a86d2b385e94dc,100,1729,maximum_nontransitivity_information_gain,2000.0,3000.0
kata1-b6c96-s1248000-d550347-temp-0.3,42,155.65653969827318,35.74396203434469,275.56911736220167,113.3151130072046,42.34142669106858,2,a5803f8a5d9d87202b43d709cb328cedaf18c446af448f705c33d553e8c2e9f7,5170ec511fb50cdf10d648416d508574d70e9781ddf156a1b2a86d2b385e94dc,100,1729,maximum_nontransitivity_information_gain,2000.0,3000.0
kata1-b6c96-s1248000-d550347-temp-0.3,44,157.71960194147815,41.021081343180725,274.4181225397756,113.3151130072046,44.404488934273544,2,a5803f8a5d9d87202b43d709cb328cedaf18c446af448f705c33d553e8c2e9f7,5170ec511fb50cdf10d648416d508574d70e9781ddf156a1b2a86d2b385e94dc,100,1729,maximum_nontransitivity_information_gain,2000.0,3000.0
kata1-b6c96-s1248000-d550347-temp-0.3,46,137.92886951172673,23.29902613007026,252.5587128933832,113.3151130072046,24.61375650452213,2,a5803f8a5d9d87202b43d709cb328cedaf18c446af448f705c33d553e8c2e9f7,5170ec511fb50cdf10d648416d508574d70e9781ddf156a1b2a86d2b385e94dc,100,1729,maximum_nontransitivity_information_gain,2000.0,3000.0
kata1-b6c96-s1248000-d550347-temp-0.3,48,138.32280831977627,26.438309532979574,250.20730710657296,113.3151130072046,25.00769531257167,2,a5803f8a5d9d87202b43d709cb328cedaf18c446af448f705c33d553e8c2e9f7,5170ec511fb50cdf10d648416d508574d70e9781ddf156a1b2a86d2b385e94dc,100,1729,maximum_nontransitivity_information_gain,2000.0,3000.0
kata1-b6c96-s1248000-d550347-temp-0.3,50,138.68090821264397,29.34189457896015,248.0199218463278,113.3151130072046,25.36579520543937,2,a5803f8a5d9d87202b43d709cb328cedaf18c446af448f705c33d553e8c2e9f7,5170ec511fb50cdf10d648416d508574d70e9781ddf156a1b2a86d2b385e94dc,100,1729,maximum_nontransitivity_information_gain,2000.0,3000.0
kata1-b6c96-s1248000-d550347-temp-0.3,52,141.14532278427802,34.26021625014184,248.0304293184142,113.3151130072046,27.83020977707342,2,a5803f8a5d9d87202b43d709cb328cedaf18c446af448f705c33d553e8c2e9f7,5170ec511fb50cdf10d648416d508574d70e9781ddf156a1b2a86d2b385e94dc,100,1729,maximum_nontransitivity_information_gain,2000.0,3000.0
kata1-b6c96-s1248000-d550347-temp-0.3,54,141.35748504048107,36.6819630410246,246.03300703993753,113.3151130072046,28.042372033276465,2,a5803f8a5d9d87202b43d709cb328cedaf18c446af448f705c33d553e8c2e9f7,5170ec511fb50cdf10d648416d508574d70e9781ddf156a1b2a86d2b385e94dc,100,1729,maximum_nontransitivity_information_gain,2000.0,3000.0
kata1-b6c96-s1248000-d550347-temp-0.3,56,143.51539033866317,40.984906407132044,246.0458742701943,113.3151130072046,30.200277331458565,2,a5803f8a5d9d87202b43d709cb328cedaf18c446af448f705c33d553e8c2e9f7,5170ec511fb50cdf10d648416d508574d70e9781ddf156a1b2a86d2b385e94dc,100,1729,maximum_nontransitivity_information_gain,2000.0,3000.0
kata1-b6c96-s1248000-d550347-temp-0.3,58,145.5044865391279,44.98499382753532,246.02397925072046,113.3151130072046,32.189373531923295,2,a5803f8a5d9d87202b43d709cb328cedaf18c446af448f705c33d553e8c2e9f7,5170ec511fb50cdf10d648416d508574d70e9781ddf156a1b2a86d2b385e94dc,100,1729,maximum_nontransitivity_information_gain,2000.0,3000.0
kata1-b6c96-s1248000-d550347-temp-0.3,60,147.34406269261243,48.715017875222884,245.97310751000197,113.3151130072046,34.028949685407824,2,a5803f8a5d9d87202b43d709cb328cedaf18c446af448f705c33d553e8c2e9f7,5170ec511fb50cdf10d648416d508574d70e9781ddf156a1b2a86d2b385e94dc,100,1729,maximum_nontransitivity_information_gain,2000.0,3000.0
kata1-b6c96-s1248000-d550347-temp-0.3,62,162.73509842180786,66.24958011664962,259.2206167269661,113.3151130072046,49.41998541460326,2,a5803f8a5d9d87202b43d709cb328cedaf18c446af448f705c33d553e8c2e9f7,5170ec511fb50cdf10d648416d508574d70e9781ddf156a1b2a86d2b385e94dc,100,1729,maximum_nontransitivity_information_gain,2000.0,3000.0
kata1-b6c96-s1248000-d550347-temp-0.3,64,163.8386185302985,69.00651976971582,258.67071729088116,113.3151130072046,50.5235055230939,2,a5803f8a5d9d87202b43d709cb328cedaf18c446af448f705c33d553e8c2e9f7,5170ec511fb50cdf10d648416d508574d70e9781ddf156a1b2a86d2b385e94dc,100,1729,maximum_nontransitivity_information_gain,2000.0,3000.0
kata1-b6c96-s1248000-d550347-temp-0.3,66,177.53914664988037,84.49340331252088,270.5848899872399,113.3151130072046,64.22403364267576,2,a5803f8a5d9d87202b43d709cb328cedaf18c446af448f705c33d553e8c2e9f7,5170ec511fb50cdf10d648416d508574d70e9781ddf156a1b2a86d2b385e94dc,100,1729,maximum_nontransitivity_information_gain,2000.0,3000.0
kata1-b6c96-s1248000-d550347-temp-0.3,68,178.0893547260143,86.51468300985184,269.6640264421768,113.3151130072046,64.7742417188097,2,a5803f8a5d9d87202b43d709cb328cedaf18c446af448f705c33d553e8c2e9f7,5170ec511fb50cdf10d648416d508574d70e9781ddf156a1b2a86d2b385e94dc,100,1729,maximum_nontransitivity_information_gain,2000.0,3000.0
kata1-b6c96-s1248000-d550347-temp-0.3,70,184.5220008450335,94.41425111668961,274.62975057337735,113.3151130072046,71.20688783782889,2,a5803f8a5d9d87202b43d709cb328cedaf18c446af448f705c33d553e8c2e9f7,5170ec511fb50cdf10d648416d508574d70e9781ddf156a1b2a86d2b385e94dc,100,1729,maximum_nontransitivity_information_gain,2000.0,3000.0
kata1-b6c96-s1248000-d550347-temp-0.3,72,184.82773994549387,96.04965526954696,273.6058246214408,113.3151130072046,71.51262693828927,2,a5803f8a5d9d87202b43d709cb328cedaf18c446af448f705c33d553e8c2e9f7,5170ec511fb50cdf10d648416d508574d70e9781ddf156a1b2a86d2b385e94dc,100,1729,maximum_nontransitivity_information_gain,2000.0,3000.0
kata1-b6c96-s1248000-d550347-temp-0.3,74,185.11633066407006,97.60765865080846,272.6250026773317,113.3151130072046,71.80121765686546,2,a5803f8a5d9d87202b43d709cb328cedaf18c446af448f705c33d553e8c2e9f7,5170ec511fb50cdf10d648416d508574d70e9781ddf156a1b2a86d2b385e94dc,100,1729,maximum_nontransitivity_information_gain,2000.0,3000.0
kata1-b6c96-s1248000-d550347-temp-0.3,76,185.38924656430268,99.09411493351054,271.68437819509484,113.3151130072046,72.07413355709808,2,a5803f8a5d9d87202b43d709cb328cedaf18c446af448f705c33d553e8c2e9f7,5170ec511fb50cdf10d648416d508574d70e9781ddf156a1b2a86d2b385e94dc,100,1729,maximum_nontransitivity_information_gain,2000.0,3000.0
kata1-b6c96-s1248000-d550347-temp-0.3,78,185.64780900640372,100.5142924776815,270.7813255351259,113.3151130072046,72.33269599919912,2,a5803f8a5d9d87202b43d709cb328cedaf18c446af448f705c33d553e8c2e9f7,5170ec511fb50cdf10d648416d508574d70e9781ddf156a1b2a86d2b385e94dc,100,1729,maximum_nontransitivity_information_gain,2000.0,3000.0
kata1-b6c96-s1248000-d550347-temp-0.3,80,187.86200441014302,103.84405337811332,271.87995544217273,113.3151130072046,74.54689140293841,2,a5803f8a5d9d87202b43d709cb328cedaf18c446af448f705c33d553e8c2e9f7,5170ec511fb50cdf10d648416d508574d70e9781ddf156a1b2a86d2b385e94dc,100,1729,maximum_nontransitivity_information_gain,2000.0,3000.0
kata1-b6c96-s1248000-d550347-temp-0.3,82,179.83449829138038,96.79418595544894,262.87481062731183,113.3151130072046,66.51938528417578,2,a5803f8a5d9d87202b43d709cb328cedaf18c446af448f705c33d553e8c2e9f7,5170ec511fb50cdf10d648416d508574d70e9781ddf156a1b2a86d2b385e94dc,100,1729,maximum_nontransitivity_information_gain,2000.0,3000.0
kata1-b6c96-s1248000-d550347-temp-0.3,84,180.21507241358927,98.20855197094888,262.2215928562297,113.3151130072046,66.89995940638467,2,a5803f8a5d9d87202b43d709cb328cedaf18c446af448f705c33d553e8c2e9f7,5170ec511fb50cdf10d648416d508574d70e9781ddf156a1b2a86d2b385e94dc,100,1729,maximum_nontransitivity_information_gain,2000.0,3000.0
kata1-b6c96-s1248000-d550347-temp-0.3,86,180.5772372873887,99.56437013727903,261.5901044374984,113.3151130072046,67.2621242801841,2,a5803f8a5d9d87202b43d709cb328cedaf18c446af448f705c33d553e8c2e9f7,5170ec511fb50cdf10d648416d508574d70e9781ddf156a1b2a86d2b385e94dc,100,1729,maximum_nontransitivity_information_gain,2000.0,3000.0
kata1-b6c96-s1248000-d550347-temp-0.3,88,180.92235241347902,100.86551014982027,260.9791946771378,113.3151130072046,67.60723940627442,2,a5803f8a5d9d87202b43d709cb328cedaf18c446af448f705c33d553e8c2e9f7,5170ec511fb50cdf10d648416d508574d70e9781ddf156a1b2a86d2b385e94dc,100,1729,maximum_nontransitivity_information_gain,2000.0,3000.0
kata1-b6c96-s1248000-d550347-temp-0.3,90,180.12653104487825,100.97227006387219,259.2807920258843,113.3151130072046,66.81141803767365,2,a5803f8a5d9d87202b43d709cb328cedaf18c446af448f705c33d553e8c2e9f7,5170ec511fb50cdf10d648416d508574d70e9781ddf156a1b2a86d2b385e94dc,100,1729,maximum_nontransitivity_information_gain,2000.0,3000.0
kata1-b6c96-s1248000-d550347-temp-0.3,92,189.280644517336,111.09325975176901,267.468029282903,113.3151130072046,75.96553151013138,2,a5803f8a5d9d87202b43d709cb328cedaf18c446af448f705c33d553e8c2e9f7,5170ec511fb50cdf10d648416d508574d70e9781ddf156a1b2a86d2b385e94dc,100,1729,maximum_nontransitivity_information_gain,2000.0,3000.0
kata1-b6c96-s1248000-d550347-temp-0.3,94,191.07406457086987,113.7454108128729,268.40271832886685,113.3151130072046,77.75895156366526,2,a5803f8a5d9d87202b43d709cb328cedaf18c446af448f705c33d553e8c2e9f7,5170ec511fb50cdf10d648416d508574d70e9781ddf156a1b2a86d2b385e94dc,100,1729,maximum_nontransitivity_information_gain,2000.0,3000.0
kata1-b6c96-s1248000-d550347-temp-0.3,96,192.78814220866153,116.28962243838245,269.28666197894063,113.3151130072046,79.47302920145692,2,a5803f8a5d9d87202b43d709cb328cedaf18c446af448f705c33d553e8c2e9f7,5170ec511fb50cdf10d648416d508574d70e9781ddf156a1b2a86d2b385e94dc,100,1729,maximum_nontransitivity_information_gain,2000.0,3000.0
kata1-b6c96-s1248000-d550347-temp-0.3,98,186.04292772960895,110.28772907134193,261.798126387876,113.3151130072046,72.72781472240435,2,a5803f8a5d9d87202b43d709cb328cedaf18c446af448f705c33d553e8c2e9f7,5170ec511fb50cdf10d648416d508574d70e9781ddf156a1b2a86d2b385e94dc,100,1729,maximum_nontransitivity_information_gain,2000.0,3000.0
kata1-b6c96-s1248000-d550347-temp-0.3,100,186.22803376078312,111.24847994727162,261.2075875742946,113.3151130072046,72.91292075357852,2,a5803f8a5d9d87202b43d709cb328cedaf18c446af448f705c33d553e8c2e9f7,5170ec511fb50cdf10d648416d508574d70e9781ddf156a1b2a86d2b385e94dc,100,1729,maximum_nontransitivity_information_gain,2000.0,3000.0
kata1-b6c96-s938496-d1208807-temp-0.3,2,1150.5806657435978,-1281.5361734018907,3582.6975048890863,235.0968993003707,915.4837664432271,2,a5803f8a5d9d87202b43d709cb328cedaf18c446af448f705c33d553e8c2e9f7,5170ec511fb50cdf10d648416d508574d70e9781ddf156a1b2a86d2b385e94dc,100,1729,maximum_nontransitivity_information_gain,2000.0,3000.0
kata1-b6c96-s938496-d1208807-temp-0.3,4,399.3191629761532,-1455.8632506982156,2254.501576650522,235.0968993003707,164.22226367578253,2,a5803f8a5d9d87202b43d709cb328cedaf18c446af448f705c33d553e8c2e9f7,5170ec511fb50cdf10d648416d508574d70e9781ddf156a1b2a86d2b385e94dc,100,1729,maximum_nontransitivity_information_gain,2000.0,3000.0
kata1-b6c96-s938496-d1208807-temp-0.3,6,-259.36104136408585,-1850.6103106319704,1331.8882279037987,235.0968993003707,-494.45794066445654,2,a5803f8a5d9d87202b43d709cb328cedaf18c446af448f705c33d553e8c2e9f7,5170ec511fb50cdf10d648416d508574d70e9781ddf156a1b2a86d2b385e94dc,100,1729,maximum_nontransitivity_information_gain,2000.0,3000.0
kata1-b6c96-s938496-d1208807-temp-0.3,8,223.13251576502276,-183.23607802035363,629.5011095503992,235.0968993003707,-11.964383535347935,2,a5803f8a5d9d87202b43d709cb328cedaf18c446af448f705c33d553e8c2e9f7,5170ec511fb50cdf10d648416d508574d70e9781ddf156a1b2a86d2b385e94dc,100,1729,maximum_nontransitivity_information_gain,2000.0,3000.0
kata1-b6c96-s938496-d1208807-temp-0.3,10,197.71079784968984,-119.19590630552014,514.6175020048998,235.0968993003707,-37.386101450680854,2,a5803f8a5d9d87202b43d709cb328cedaf18c446af448f705c33d553e8c2e9f7,5170ec511fb50cdf10d648416d508574d70e9781ddf156a1b2a86d2b385e94dc,100,1729,maximum_nontransitivity_information_gain,2000.0,3000.0
kata1-b6c96-s938496-d1208807-temp-0.3,12,186.6771271791497,-81.6183961140917,454.9726504723911,235.0968993003707,-48.419772121221,2,a5803f8a5d9d87202b43d709cb328cedaf18c446af448f705c33d553e8c2e9f7,5170ec511fb50cdf10d648416d508574d70e9781ddf156a1b2a86d2b385e94dc,100,1729,maximum_nontransitivity_information_gain,2000.0,3000.0
kata1-b6c96-s938496-d1208807-temp-0.3,14,265.4302187769194,23.694409205396767,507.166028348442,235.0968993003707,30.333319476548695,2,a5803f8a5d9d87202b43d709cb328cedaf18c446af448f705c33d553e8c2e9f7,5170ec511fb50cdf10d648416d508574d70e9781ddf156a1b2a86d2b385e94dc,100,1729,maximum_nontransitivity_information_gain,2000.0,3000.0
kata1-b6c96-s938496-d1208807-temp-0.3,16,206.3511436242055,-10.073003385403382,422.7752906338144,235.0968993003707,-28.745755676165203,2,a5803f8a5d9d87202b43d709cb328cedaf18c446af448f705c33d553e8c2e9f7,5170ec511fb50cdf10d648416d508574d70e9781ddf156a1b2a86d2b385e94dc,100,1729,maximum_nontransitivity_information_gain,2000.0,3000.0
kata1-b6c96-s938496-d1208807-temp-0.3,18,198.94041237101047,-0.11863395288503398,397.99945869490597,235.0968993003707,-36.15648692936023,2,a5803f8a5d9d87202b43d709cb328cedaf18c446af448f705c33d553e8c2e9f7,5170ec511fb50cdf10d648416d508574d70e9781ddf156a1b2a86d2b385e94dc,100,1729,maximum_nontransitivity_information_gain,2000.0,3000.0
kata1-b6c96-s938496-d1208807-temp-0.3,20,142.17699248253263,-44.19789485027519,328.55187981534044,235.0968993003707,-92.91990681783807,2,a5803f8a5d9d87202b43d709cb328cedaf18c446af448f705c33d553e8c2e9f7,5170ec511fb50cdf10d648416d508574d70e9781ddf156a1b2a86d2b385e94dc,100,1729,maximum_nontransitivity_information_gain,2000.0,3000.0
kata1-b6c96-s938496-d1208807-temp-0.3,22,138.37166161951697,-36.666093288181685,313.4094165272156,235.0968993003707,-96.72523768085372,2,a5803f8a5d9d87202b43d709cb328cedaf18c446af448f705c33d553e8c2e9f7,5170ec511fb50cdf10d648416d508574d70e9781ddf156a1b2a86d2b385e94dc,100,1729,maximum_nontransitivity_information_gain,2000.0,3000.0
kata1-b6c96-s938496-d1208807-temp-0.3,24,175.47220952025634,10.4904254099269,340.4539936305858,235.0968993003707,-59.62468978011435,2,a5803f8a5d9d87202b43d709cb328cedaf18c446af448f705c33d553e8c2e9f7,5170ec511fb50cdf10d648416d508574d70e9781ddf156a1b2a86d2b385e94dc,100,1729,maximum_nontransitivity_information_gain,2000.0,3000.0
kata1-b6c96-s938496-d1208807-temp-0.3,26,155.5664180844107,-1.358652362107307,312.49148853092873,235.0968993003707,-79.53048121595998,2,a5803f8a5d9d87202b43d709cb328cedaf18c446af448f705c33d553e8c2e9f7,5170ec511fb50cdf10d648416d508574d70e9781ddf156a1b2a86d2b385e94dc,100,1729,maximum_nontransitivity_information_gain,2000.0,3000.0
kata1-b6c96-s938496-d1208807-temp-0.3,28,122.33179271273144,-28.37130739135256,273.03489281681544,235.0968993003707,-112.76510658763925,2,a5803f8a5d9d87202b43d709cb328cedaf18c446af448f705c33d553e8c2e9f7,5170ec511fb50cdf10d648416d508574d70e9781ddf156a1b2a86d2b385e94dc,100,1729,maximum_nontransitivity_information_gain,2000.0,3000.0
kata1-b6c96-s938496-d1208807-temp-0.3,30,120.88772123456364,-23.59577609197602,265.3712185611033,235.0968993003707,-114.20917806580705,2,a5803f8a5d9d87202b43d709cb328cedaf18c446af448f705c33d553e8c2e9f7,5170ec511fb50cdf10d648416d508574d70e9781ddf156a1b2a86d2b385e94dc,100,1729,maximum_nontransitivity_information_gain,2000.0,3000.0
kata1-b6c96-s938496-d1208807-temp-0.3,32,119.66483093903784,-19.31509643747637,258.64475831555205,235.0968993003707,-115.43206836133285,2,a5803f8a5d9d87202b43d709cb328cedaf18c446af448f705c33d553e8c2e9f7,5170ec511fb50cdf10d648416d508574d70e9781ddf156a1b2a86d2b385e94dc,100,1729,maximum_nontransitivity_information_gain,2000.0,3000.0
kata1-b6c96-s938496-d1208807-temp-0.3,34,145.6146310542061,12.01060592952021,279.21865617889193,235.0968993003707,-89.48226824616461,2,a5803f8a5d9d87202b43d709cb328cedaf18c446af448f705c33d553e8c2e9f7,5170ec511fb50cdf10d648416d508574d70e9781ddf156a1b2a86d2b385e94dc,100,1729,maximum_nontransitivity_information_gain,2000.0,3000.0
kata1-b6c96-s938496-d1208807-temp-0.3,36,171.22663275340986,41.959285698950254,300.49397980786944,235.0968993003707,-63.870266546960835,2,a5803f8a5d9d87202b43d709cb328cedaf18c446af448f705c33d553e8c2e9f7,5170ec511fb50cdf10d648416d508574d70e9781ddf156a1b2a86d2b385e94dc,100,1729,maximum_nontransitivity_information_gain,2000.0,3000.0
kata1-b6c96-s938496-d1208807-temp-0.3,38,193.75564602367385,68.04608788301117,319.4652041643365,235.0968993003707,-41.34125327669685,2,a5803f8a5d9d87202b43d709cb328cedaf18c446af448f705c33d553e8c2e9f7,5170ec511fb50cdf10d648416d508574d70e9781ddf156a1b2a86d2b385e94dc,100,1729,maximum_nontransitivity_information_gain,2000.0,3000.0
kata1-b6c96-s938496-d1208807-temp-0.3,40,169.8056192795973,48.17543828654564,291.435800272649,235.0968993003707,-65.2912800207734,2,a5803f8a5d9d87202b43d709cb328cedaf18c446af448f705c33d553e8c2e9f7,5170ec511fb50cdf10d648416d508574d70e9781ddf156a1b2a86d2b385e94dc,100,1729,maximum_nontransitivity_information_gain,2000.0,3000.0
kata1-b6c96-s938496-d1208807-temp-0.3,42,169.1932890274946,50.903055969757375,287.4835220852318,235.0968993003707,-65.90361027287611,2,a5803f8a5d9d87202b43d709cb328cedaf18c446af448f705c33d553e8c2e9f7,5170ec511fb50cdf10d648416d508574d70e9781ddf156a1b2a86d2b385e94dc,100,1729,maximum_nontransitivity_information_gain,2000.0,3000.0
kata1-b6c96-s938496-d1208807-temp-0.3,44,168.67879873846235,53.448792035204804,283.9088054417199,235.0968993003707,-66.41810056190835,2,a5803f8a5d9d87202b43d709cb328cedaf18c446af448f705c33d553e8c2e9f7,5170ec511fb50cdf10d648416d508574d70e9781ddf156a1b2a86d2b385e94dc,100,1729,maximum_nontransitivity_information_gain,2000.0,3000.0
kata1-b6c96-s938496-d1208807-temp-0.3,46,168.21648372747916,55.814323523459265,280.61864393149904,235.0968993003707,-66.88041557289154,2,a5803f8a5d9d87202b43d709cb328cedaf18c446af448f705c33d553e8c2e9f7,5170ec511fb50cdf10d648416d508574d70e9781ddf156a1b2a86d2b385e94dc,100,1729,maximum_nontransitivity_information_gain,2000.0,3000.0
kata1-b6c96-s938496-d1208807-temp-0.3,48,167.76284811638234,57.996699732989995,277.5289964997747,235.0968993003707,-67.33405118398835,2,a5803f8a5d9d87202b43d709cb328cedaf18c446af448f705c33d553e8c2e9f7,5170ec511fb50cdf10d648416d508574d70e9781ddf156a1b2a86d2b385e94dc,100,1729,maximum_nontransitivity_information_gain,2000.0,3000.0
kata1-b6c96-s938496-d1208807-temp-0.3,50,167.38412176081215,60.05997575985829,274.708267761766,235.0968993003707,-67.71277753955854,2,a5803f8a5d9d87202b43d709cb328cedaf18c446af448f705c33d553e8c2e9f7,5170ec511fb50cdf10d648416d508574d70e9781ddf156a1b2a86d2b385e94dc,100,1729,maximum_nontransitivity_information_gain,2000.0,3000.0
kata1-b6c96-s938496-d1208807-temp-0.3,52,164.94522446979516,59.89679752774212,269.9936514118482,235.0968993003707,-70.15167483057553,2,a5803f8a5d9d87202b43d709cb328cedaf18c446af448f705c33d553e8c2e9f7,5170ec511fb50cdf10d648416d508574d70e9781ddf156a1b2a86d2b385e94dc,100,1729,maximum_nontransitivity_information_gain,2000.0,3000.0
kata1-b6c96-s938496-d1208807-temp-0.3,54,162.4814513585638,59.57303613250808,265.3898665846195,235.0968993003707,-72.6154479418069,2,a5803f8a5d9d87202b43d709cb328cedaf18c446af448f705c33d553e8c2e9f7,5170ec511fb50cdf10d648416d508574d70e9781ddf156a1b2a86d2b385e94dc,100,1729,maximum_nontransitivity_information_gain,2000.0,3000.0
kata1-b6c96-s938496-d1208807-temp-0.3,56,167.7379974446186,66.78572142793266,268.6902734613045,235.0968993003707,-67.3589018557521,2,a5803f8a5d9d87202b43d709cb328cedaf18c446af448f705c33d553e8c2e9f7,5170ec511fb50cdf10d648416d508574d70e9781ddf156a1b2a86d2b385e94dc,100,1729,maximum_nontransitivity_information_gain,2000.0,3000.0
kata1-b6c96-s938496-d1208807-temp-0.3,58,153.0231461935047,54.0522109940414,251.99408139296798,235.0968993003707,-82.07375310686601,2,a5803f8a5d9d87202b43d709cb328cedaf18c446af448f705c33d553e8c2e9f7,5170ec511fb50cdf10d648416d508574d70e9781ddf156a1b2a86d2b385e94dc,100,1729,maximum_nontransitivity_information_gain,2000.0,3000.0
kata1-b6c96-s938496-d1208807-temp-0.3,60,151.22729707485743,54.05720221672985,248.39739193298502,235.0968993003707,-83.86960222551326,2,a5803f8a5d9d87202b43d709cb328cedaf18c446af448f705c33d553e8c2e9f7,5170ec511fb50cdf10d648416d508574d70e9781ddf156a1b2a86d2b385e94dc,100,1729,maximum_nontransitivity_information_gain,2000.0,3000.0
kata1-b6c96-s938496-d1208807-temp-0.3,62,149.78637601441847,54.30779289518219,245.26495913365474,235.0968993003707,-85.31052328595223,2,a5803f8a5d9d87202b43d709cb328cedaf18c446af448f705c33d553e8c2e9f7,5170ec511fb50cdf10d648416d508574d70e9781ddf156a1b2a86d2b385e94dc,100,1729,maximum_nontransitivity_information_gain,2000.0,3000.0
kata1-b6c96-s938496-d1208807-temp-0.3,64,148.25539393966983,54.38375096614229,242.12703691319737,235.0968993003707,-86.84150536070086,2,a5803f8a5d9d87202b43d709cb328cedaf18c446af448f705c33d553e8c2e9f7,5170ec511fb50cdf10d648416d508574d70e9781ddf156a1b2a86d2b385e94dc,100,1729,maximum_nontransitivity_information_gain,2000.0,3000.0
kata1-b6c96-s938496-d1208807-temp-0.3,66,146.82719063108118,54.481599721244436,239.17278154091792,235.0968993003707,-88.26970866928951,2,a5803f8a5d9d87202b43d709cb328cedaf18c446af448f705c33d553e8c2e9f7,5170ec511fb50cdf10d648416d508574d70e9781ddf156a1b2a86d2b385e94dc,100,1729,maximum_nontransitivity_information_gain,2000.0,3000.0
kata1-b6c96-s938496-d1208807-temp-0.3,68,145.6676853611079,54.77188278890354,236.56348793331227,235.0968993003707,-89.42921393926278,2,a5803f8a5d9d87202b43d709cb328cedaf18c446af448f705c33d553e8c2e9f7,5170ec511fb50cdf10d648416d508574d70e9781ddf156a1b2a86d2b385e94dc,100,1729,maximum_nontransitivity_information_gain,2000.0,3000.0
kata1-b6c96-s938496-d1208807-temp-0.3,70,144.4094869639364,54.89827319624443,233.92070073162836,235.0968993003707,-90.6874123364343,2,a5803f8a5d9d87202b43d709cb328cedaf18c446af448f705c33d553e8c2e9f7,5170ec511fb50cdf10d648416d508574d70e9781ddf156a1b2a86d2b385e94dc,100,1729,maximum_nontransitivity_information_gain,2000.0,3000.0
kata1-b6c96-s938496-d1208807-temp-0.3,72,143.39493099020987,55.200848265955216,231.58901371446453,235.0968993003707,-91.70196831016082,2,a5803f8a5d9d87202b43d709cb328cedaf18c446af448f705c33d553e8c2e9f7,5170ec511fb50cdf10d648416d508574d70e9781ddf156a1b2a86d2b385e94dc,100,1729,maximum_nontransitivity_information_gain,2000.0,3000.0
kata1-b6c96-s938496-d1208807-temp-0.3,74,153.36627250310735,66.39968793246973,240.33285707374498,235.0968993003707,-81.73062679726334,2,a5803f8a5d9d87202b43d709cb328cedaf18c446af448f705c33d553e8c2e9f7,5170ec511fb50cdf10d648416d508574d70e9781ddf156a1b2a86d2b385e94dc,100,1729,maximum_nontransitivity_information_gain,2000.0,3000.0
kata1-b6c96-s938496-d1208807-temp-0.3,76,153.54507907719088,67.78881214879992,239.30134600558182,235.0968993003707,-81.55182022317982,2,a5803f8a5d9d87202b43d709cb328cedaf18c446af448f705c33d553e8c2e9f7,5170ec511fb50cdf10d648416d508574d70e9781ddf156a1b2a86d2b385e94dc,100,1729,maximum_nontransitivity_information_gain,2000.0,3000.0
kata1-b6c96-s938496-d1208807-temp-0.3,78,143.25628343460096,58.69632012188961,227.8162467473123,235.0968993003707,-91.84061586576973,2,a5803f8a5d9d87202b43d709cb328cedaf18c446af448f705c33d553e8c2e9f7,5170ec511fb50cdf10d648416d508574d70e9781ddf156a1b2a86d2b385e94dc,100,1729,maximum_nontransitivity_information_gain,2000.0,3000.0
kata1-b6c96-s938496-d1208807-temp-0.3,80,152.4250061115912,68.9477911011083,235.90222112207408,235.0968993003707,-82.6718931887795,2,a5803f8a5d9d87202b43d709cb328cedaf18c446af448f705c33d553e8c2e9f7,5170ec511fb50cdf10d648416d508574d70e9781ddf156a1b2a86d2b385e94dc,100,1729,maximum_nontransitivity_information_gain,2000.0,3000.0
kata1-b6c96-s938496-d1208807-temp-0.3,82,142.70957052882213,60.33206584983844,225.0870752078058,235.0968993003707,-92.38732877154857,2,a5803f8a5d9d87202b43d709cb328cedaf18c446af448f705c33d553e8c2e9f7,5170ec511fb50cdf10d648416d508574d70e9781ddf156a1b2a86d2b385e94dc,100,1729,maximum_nontransitivity_information_gain,2000.0,3000.0
kata1-b6c96-s938496-d1208807-temp-0.3,84,141.89551269239848,60.5401284225012,223.25089696229577,235.0968993003707,-93.20138660797221,2,a5803f8a5d9d87202b43d709cb328cedaf18c446af448f705c33d553e8c2e9f7,5170ec511fb50cdf10d648416d508574d70e9781ddf156a1b2a86d2b385e94dc,100,1729,maximum_nontransitivity_information_gain,2000.0,3000.0
kata1-b6c96-s938496-d1208807-temp-0.3,86,140.97031118594143,60.602447877419635,221.3381744944632,235.0968993003707,-94.12658811442927,2,a5803f8a5d9d87202b43d709cb328cedaf18c446af448f705c33d553e8c2e9f7,5170ec511fb50cdf10d648416d508574d70e9781ddf156a1b2a86d2b385e94dc,100,1729,maximum_nontransitivity_information_gain,2000.0,3000.0
kata1-b6c96-s938496-d1208807-temp-0.3,88,140.09118733448716,60.67389422390613,219.5084804450682,235.0968993003707,-95.00571196588353,2,a5803f8a5d9d87202b43d709cb328cedaf18c446af448f705c33d553e8c2e9f7,5170ec511fb50cdf10d648416d508574d70e9781ddf156a1b2a86d2b385e94dc,100,1729,maximum_nontransitivity_information_gain,2000.0,3000.0
kata1-b6c96-s938496-d1208807-temp-0.3,90,139.39878614677903,60.89404576509348,217.90352652846457,235.0968993003707,-95.69811315359166,2,a5803f8a5d9d87202b43d709cb328cedaf18c446af448f705c33d553e8c2e9f7,5170ec511fb50cdf10d648416d508574d70e9781ddf156a1b2a86d2b385e94dc,100,1729,maximum_nontransitivity_information_gain,2000.0,3000.0
kata1-b6c96-s938496-d1208807-temp-0.3,92,138.59773201373275,60.97729143999199,216.21817258747353,235.0968993003707,-96.49916728663794,2,a5803f8a5d9d87202b43d709cb328cedaf18c446af448f705c33d553e8c2e9f7,5170ec511fb50cdf10d648416d508574d70e9781ddf156a1b2a86d2b385e94dc,100,1729,maximum_nontransitivity_information_gain,2000.0,3000.0
kata1-b6c96-s938496-d1208807-temp-0.3,94,146.41476137620037,69.6305569654889,223.19896578691186,235.0968993003707,-88.68213792417032,2,a5803f8a5d9d87202b43d709cb328cedaf18c446af448f705c33d553e8c2e9f7,5170ec511fb50cdf10d648416d508574d70e9781ddf156a1b2a86d2b385e94dc,100,1729,maximum_nontransitivity_information_gain,2000.0,3000.0
kata1-b6c96-s938496-d1208807-temp-0.3,96,146.7209899150048,70.76192353728123,222.68005629272835,235.0968993003707,-88.3759093853659,2,a5803f8a5d9d87202b43d709cb328cedaf18c446af448f705c33d553e8c2e9f7,5170ec511fb50cdf10d648416d508574d70e9781ddf156a1b2a86d2b385e94dc,100,1729,maximum_nontransitivity_information_gain,2000.0,3000.0
kata1-b6c96-s938496-d1208807-temp-0.3,98,147.01428511722597,71.85262097423008,222.17594926022184,235.0968993003707,-88.08261418314473,2,a5803f8a5d9d87202b43d709cb328cedaf18c446af448f705c33d553e8c2e9f7,5170ec511fb50cdf10d648416d508574d70e9781ddf156a1b2a86d2b385e94dc,100,1729,maximum_nontransitivity_information_gain,2000.0,3000.0
kata1-b6c96-s938496-d1208807-temp-0.3,100,146.25418395284348,71.8623792748722,220.64598863081477,235.0968993003707,-88.84271534752722,2,a5803f8a5d9d87202b43d709cb328cedaf18c446af448f705c33d553e8c2e9f7,5170ec511fb50cdf10d648416d508574d70e9781ddf156a1b2a86d2b385e94dc,100,1729,maximum_nontransitivity_information_gain,2000.0,3000.0
kata1-b6c96-s1995008-d1329786-temp-0.3,2,1160.089901804973,-1283.2410928932466,3603.420896503192,327.86273469538617,832.2271671095867,2,a5803f8a5d9d87202b43d709cb328cedaf18c446af448f705c33d553e8c2e9f7,5170ec511fb50cdf10d648416d508574d70e9781ddf156a1b2a86d2b385e94dc,100,1729,maximum_nontransitivity_information_gain,2000.0,3000.0
kata1-b6c96-s1995008-d1329786-temp-0.3,4,409.5728467938666,-1451.027330151313,2270.173023739046,327.86273469538617,81.71011209848041,2,a5803f8a5d9d87202b43d709cb328cedaf18c446af448f705c33d553e8c2e9f7,5170ec511fb50cdf10d648416d508574d70e9781ddf156a1b2a86d2b385e94dc,100,1729,maximum_nontransitivity_information_gain,2000.0,3000.0
kata1-b6c96-s1995008-d1329786-temp-0.3,6,416.36114188203857,-67.06969680061957,899.7919805646967,327.86273469538617,88.4984071866524,2,a5803f8a5d9d87202b43d709cb328cedaf18c446af448f705c33d553e8c2e9f7,5170ec511fb50cdf10d648416d508574d70e9781ddf156a1b2a86d2b385e94dc,100,1729,maximum_nontransitivity_information_gain,2000.0,3000.0
kata1-b6c96-s1995008-d1329786-temp-0.3,8,216.9569210544428,-181.8062453754022,615.7200874842878,327.86273469538617,-110.90581364094336,2,a5803f8a5d9d87202b43d709cb328cedaf18c446af448f705c33d553e8c2e9f7,5170ec511fb50cdf10d648416d508574d70e9781ddf156a1b2a86d2b385e94dc,100,1729,maximum_nontransitivity_information_gain,2000.0,3000.0
kata1-b6c96-s1995008-d1329786-temp-0.3,10,215.5380455957164,-97.62260188062797,528.6986930720608,327.86273469538617,-112.32468909966977,2,a5803f8a5d9d87202b43d709cb328cedaf18c446af448f705c33d553e8c2e9f7,5170ec511fb50cdf10d648416d508574d70e9781ddf156a1b2a86d2b385e94dc,100,1729,maximum_nontransitivity_information_gain,2000.0,3000.0
kata1-b6c96-s1995008-d1329786-temp-0.3,12,316.81553990917246,58.555432775987015,575.0756470423579,327.86273469538617,-11.047194786213709,2,a5803f8a5d9d87202b43d709cb328cedaf18c446af448f705c33d553e8c2e9f7,5170ec511fb50cdf10d648416d508574d70e9781ddf156a1b2a86d2b385e94dc,100,1729,maximum_nontransitivity_information_gain,2000.0,3000.0
kata1-b6c96-s1995008-d1329786-temp-0.3,14,233.83476687449777,-0.5714266038411608,468.24096035283674,327.86273469538617,-94.02796782088839,2,a5803f8a5d9d87202b43d709cb328cedaf18c446af448f705c33d553e8c2e9f7,5170ec511fb50cdf10d648416d508574d70e9781ddf156a1b2a86d2b385e94dc,100,1729,maximum_nontransitivity_information_gain,2000.0,3000.0
kata1-b6c96-s1995008-d1329786-temp-0.3,16,230.15660628379857,17.15382137626574,443.1593911913314,327.86273469538617,-97.7061284115876,2,a5803f8a5d9d87202b43d709cb328cedaf18c446af448f705c33d553e8c2e9f7,5170ec511fb50cdf10d648416d508574d70e9781ddf156a1b2a86d2b385e94dc,100,1729,maximum_nontransitivity_information_gain,2000.0,3000.0
kata1-b6c96-s1995008-d1329786-temp-0.3,18,284.4487673503052,89.76950855261416,479.12802614799625,327.86273469538617,-43.41396734508095,2,a5803f8a5d9d87202b43d709cb328cedaf18c446af448f705c33d553e8c2e9f7,5170ec511fb50cdf10d648416d508574d70e9781ddf156a1b2a86d2b385e94dc,100,1729,maximum_nontransitivity_information_gain,2000.0,3000.0
kata1-b6c96-s1995008-d1329786-temp-0.3,20,237.46294706213902,54.42839628294965,420.49749784132837,327.86273469538617,-90.39978763324714,2,a5803f8a5d9d87202b43d709cb328cedaf18c446af448f705c33d553e8c2e9f7,5170ec511fb50cdf10d648416d508574d70e9781ddf156a1b2a86d2b385e94dc,100,1729,maximum_nontransitivity_information_gain,2000.0,3000.0
kata1-b6c96-s1995008-d1329786-temp-0.3,22,234.6268226686436,62.31258013154442,406.9410652057428,327.86273469538617,-93.23591202674257,2,a5803f8a5d9d87202b43d709cb328cedaf18c446af448f705c33d553e8c2e9f7,5170ec511fb50cdf10d648416d508574d70e9781ddf156a1b2a86d2b385e94dc,100,1729,maximum_nontransitivity_information_gain,2000.0,3000.0
kata1-b6c96-s1995008-d1329786-temp-0.3,24,232.3397463551573,69.08318769457375,395.5963050157409,327.86273469538617,-95.52298834022886,2,a5803f8a5d9d87202b43d709cb328cedaf18c446af448f705c33d553e8c2e9f7,5170ec511fb50cdf10d648416d508574d70e9781ddf156a1b2a86d2b385e94dc,100,1729,maximum_nontransitivity_information_gain,2000.0,3000.0
kata1-b6c96-s1995008-d1329786-temp-0.3,26,230.52001584464526,75.01701861341098,386.02301307587953,327.86273469538617,-97.34271885074091,2,a5803f8a5d9d87202b43d709cb328cedaf18c446af448f705c33d553e8c2e9f7,5170ec511fb50cdf10d648416d508574d70e9781ddf156a1b2a86d2b385e94dc,100,1729,maximum_nontransitivity_information_gain,2000.0,3000.0
kata1-b6c96-s1995008-d1329786-temp-0.3,28,195.85614797478465,45.71795323381434,345.99434271575495,327.86273469538617,-132.00658672060152,2,a5803f8a5d9d87202b43d709cb328cedaf18c446af448f705c33d553e8c2e9f7,5170ec511fb50cdf10d648416d508574d70e9781ddf156a1b2a86d2b385e94dc,100,1729,maximum_nontransitivity_information_gain,2000.0,3000.0
kata1-b6c96-s1995008-d1329786-temp-0.3,30,222.8669280284875,79.78701542442184,365.9468406325532,327.86273469538617,-104.99580666689866,2,a5803f8a5d9d87202b43d709cb328cedaf18c446af448f705c33d553e8c2e9f7,5170ec511fb50cdf10d648416d508574d70e9781ddf156a1b2a86d2b385e94dc,100,1729,maximum_nontransitivity_information_gain,2000.0,3000.0
kata1-b6c96-s1995008-d1329786-temp-0.3,32,222.16115628000028,84.39289032988992,359.9294222301106,327.86273469538617,-105.70157841538588,2,a5803f8a5d9d87202b43d709cb328cedaf18c446af448f705c33d553e8c2e9f7,5170ec511fb50cdf10d648416d508574d70e9781ddf156a1b2a86d2b385e94dc,100,1729,maximum_nontransitivity_information_gain,2000.0,3000.0
kata1-b6c96-s1995008-d1329786-temp-0.3,34,221.55475284589264,88.5395932712376,354.56991242054767,327.86273469538617,-106.30798184949353,2,a5803f8a5d9d87202b43d709cb328cedaf18c446af448f705c33d553e8c2e9f7,5170ec511fb50cdf10d648416d508574d70e9781ddf156a1b2a86d2b385e94dc,100,1729,maximum_nontransitivity_information_gain,2000.0,3000.0
kata1-b6c96-s1995008-d1329786-temp-0.3,36,221.02850845023306,92.29878210033601,349.75823480013014,327.86273469538617,-106.8342262451531,2,a5803f8a5d9d87202b43d709cb328cedaf18c446af448f705c33d553e8c2e9f7,5170ec511fb50cdf10d648416d508574d70e9781ddf156a1b2a86d2b385e94dc,100,1729,maximum_nontransitivity_information_gain,2000.0,3000.0
kata1-b6c96-s1995008-d1329786-temp-0.3,38,220.5678652167263,95.72740199710286,345.40832843634973,327.86273469538617,-107.29486947865988,2,a5803f8a5d9d87202b43d709cb328cedaf18c446af448f705c33d553e8c2e9f7,5170ec511fb50cdf10d648416d508574d70e9781ddf156a1b2a86d2b385e94dc,100,1729,maximum_nontransitivity_information_gain,2000.0,3000.0
kata1-b6c96-s1995008-d1329786-temp-0.3,40,241.80950412620567,120.68961719593003,362.92939105648134,327.86273469538617,-86.0532305691805,2,a5803f8a5d9d87202b43d709cb328cedaf18c446af448f705c33d553e8c2e9f7,5170ec511fb50cdf10d648416d508574d70e9781ddf156a1b2a86d2b385e94dc,100,1729,maximum_nontransitivity_information_gain,2000.0,3000.0
kata1-b6c96-s1995008-d1329786-temp-0.3,42,240.28305594281872,122.40010004511436,358.1660118405231,327.86273469538617,-87.57967875256745,2,a5803f8a5d9d87202b43d709cb328cedaf18c446af448f705c33d553e8c2e9f7,5170ec511fb50cdf10d648416d508574d70e9781ddf156a1b2a86d2b385e94dc,100,1729,maximum_nontransitivity_information_gain,2000.0,3000.0
kata1-b6c96-s1995008-d1329786-temp-0.3,44,238.9139697473135,124.01655721245949,353.81138228216753,327.86273469538617,-88.94876494807266,2,a5803f8a5d9d87202b43d709cb328cedaf18c446af448f705c33d553e8c2e9f7,5170ec511fb50cdf10d648416d508574d70e9781ddf156a1b2a86d2b385e94dc,100,1729,maximum_nontransitivity_information_gain,2000.0,3000.0
kata1-b6c96-s1995008-d1329786-temp-0.3,46,237.6793661302911,125.54674863187381,349.8119836287084,327.86273469538617,-90.18336856509507,2,a5803f8a5d9d87202b43d709cb328cedaf18c446af448f705c33d553e8c2e9f7,5170ec511fb50cdf10d648416d508574d70e9781ddf156a1b2a86d2b385e94dc,100,1729,maximum_nontransitivity_information_gain,2000.0,3000.0
kata1-b6c96-s1995008-d1329786-temp-0.3,48,258.46240948420103,148.79700098658645,368.1278179818156,327.86273469538617,-69.40032521118513,2,a5803f8a5d9d87202b43d709cb328cedaf18c446af448f705c33d553e8c2e9f7,5170ec511fb50cdf10d648416d508574d70e9781ddf156a1b2a86d2b385e94dc,100,1729,maximum_nontransitivity_information_gain,2000.0,3000.0
kata1-b6c96-s1995008-d1329786-temp-0.3,50,243.51073358047387,136.3184936231341,350.70297353781365,327.86273469538617,-84.3520011149123,2,a5803f8a5d9d87202b43d709cb328cedaf18c446af448f705c33d553e8c2e9f7,5170ec511fb50cdf10d648416d508574d70e9781ddf156a1b2a86d2b385e94dc,100,1729,maximum_nontransitivity_information_gain,2000.0,3000.0
kata1-b6c96-s1995008-d1329786-temp-0.3,52,242.24113830472726,137.292011155477,347.19026545397753,327.86273469538617,-85.62159639065891,2,a5803f8a5d9d87202b43d709cb328cedaf18c446af448f705c33d553e8c2e9f7,5170ec511fb50cdf10d648416d508574d70e9781ddf156a1b2a86d2b385e94dc,100,1729,maximum_nontransitivity_information_gain,2000.0,3000.0
kata1-b6c96-s1995008-d1329786-temp-0.3,54,256.5668099349152,153.66028673873376,359.4733331310967,327.86273469538617,-71.29592476047094,2,a5803f8a5d9d87202b43d709cb328cedaf18c446af448f705c33d553e8c2e9f7,5170ec511fb50cdf10d648416d508574d70e9781ddf156a1b2a86d2b385e94dc,100,1729,maximum_nontransitivity_information_gain,2000.0,3000.0
kata1-b6c96-s1995008-d1329786-temp-0.3,56,258.4319247230702,157.49740190894076,359.36644753719963,327.86273469538617,-69.43080997231596,2,a5803f8a5d9d87202b43d709cb328cedaf18c446af448f705c33d553e8c2e9f7,5170ec511fb50cdf10d648416d508574d70e9781ddf156a1b2a86d2b385e94dc,100,1729,maximum_nontransitivity_information_gain,2000.0,3000.0
kata1-b6c96-s1995008-d1329786-temp-0.3,58,260.15525668879735,161.07984019317314,359.23067318442156,327.86273469538617,-67.70747800658881,2,a5803f8a5d9d87202b43d709cb328cedaf18c446af448f705c33d553e8c2e9f7,5170ec511fb50cdf10d648416d508574d70e9781ddf156a1b2a86d2b385e94dc,100,1729,maximum_nontransitivity_information_gain,2000.0,3000.0
kata1-b6c96-s1995008-d1329786-temp-0.3,60,247.87431141342603,150.60092139805198,345.1477014288001,327.86273469538617,-79.98842328196014,2,a5803f8a5d9d87202b43d709cb328cedaf18c446af448f705c33d553e8c2e9f7,5170ec511fb50cdf10d648416d508574d70e9781ddf156a1b2a86d2b385e94dc,100,1729,maximum_nontransitivity_information_gain,2000.0,3000.0
kata1-b6c96-s1995008-d1329786-temp-0.3,62,260.02050421469943,164.37774644027252,355.66326198912634,327.86273469538617,-67.84223048068674,2,a5803f8a5d9d87202b43d709cb328cedaf18c446af448f705c33d553e8c2e9f7,5170ec511fb50cdf10d648416d508574d70e9781ddf156a1b2a86d2b385e94dc,100,1729,maximum_nontransitivity_information_gain,2000.0,3000.0
kata1-b6c96-s1995008-d1329786-temp-0.3,64,248.5904665945433,154.5611931285984,342.6197400604882,327.86273469538617,-79.27226810084287,2,a5803f8a5d9d87202b43d709cb328cedaf18c446af448f705c33d553e8c2e9f7,5170ec511fb50cdf10d648416d508574d70e9781ddf156a1b2a86d2b385e94dc,100,1729,maximum_nontransitivity_information_gain,2000.0,3000.0
kata1-b6c96-s1995008-d1329786-temp-0.3,66,259.9197513073904,167.36384399628065,352.4756586185002,327.86273469538617,-67.94298338799575,2,a5803f8a5d9d87202b43d709cb328cedaf18c446af448f705c33d553e8c2e9f7,5170ec511fb50cdf10d648416d508574d70e9781ddf156a1b2a86d2b385e94dc,100,1729,maximum_nontransitivity_information_gain,2000.0,3000.0
kata1-b6c96-s1995008-d1329786-temp-0.3,68,249.23192701196808,158.13139811194895,340.3324559119872,327.86273469538617,-78.63080768341808,2,a5803f8a5d9d87202b43d709cb328cedaf18c446af448f705c33d553e8c2e9f7,5170ec511fb50cdf10d648416d508574d70e9781ddf156a1b2a86d2b385e94dc,100,1729,maximum_nontransitivity_information_gain,2000.0,3000.0
kata1-b6c96-s1995008-d1329786-temp-0.3,70,248.1241796710272,158.39108673103186,337.85727261102255,327.86273469538617,-79.73855502435896,2,a5803f8a5d9d87202b43d709cb328cedaf18c446af448f705c33d553e8c2e9f7,5170ec511fb50cdf10d648416d508574d70e9781ddf156a1b2a86d2b385e94dc,100,1729,maximum_nontransitivity_information_gain,2000.0,3000.0
kata1-b6c96-s1995008-d1329786-temp-0.3,72,247.083655534198,158.6560310611924,335.5112800072036,327.86273469538617,-80.77907916118818,2,a5803f8a5d9d87202b43d709cb328cedaf18c446af448f705c33d553e8c2e9f7,5170ec511fb50cdf10d648416d508574d70e9781ddf156a1b2a86d2b385e94dc,100,1729,maximum_nontransitivity_information_gain,2000.0,3000.0
kata1-b6c96-s1995008-d1329786-temp-0.3,74,246.104516802299,158.92485437904804,333.28417922554996,327.86273469538617,-81.75821789308716,2,a5803f8a5d9d87202b43d709cb328cedaf18c446af448f705c33d553e8c2e9f7,5170ec511fb50cdf10d648416d508574d70e9781ddf156a1b2a86d2b385e94dc,100,1729,maximum_nontransitivity_information_gain,2000.0,3000.0
kata1-b6c96-s1995008-d1329786-temp-0.3,76,245.18159222972423,159.1964145134212,331.1667699460273,327.86273469538617,-82.68114246566194,2,a5803f8a5d9d87202b43d709cb328cedaf18c446af448f705c33d553e8c2e9f7,5170ec511fb50cdf10d648416d508574d70e9781ddf156a1b2a86d2b385e94dc,100,1729,maximum_nontransitivity_information_gain,2000.0,3000.0
kata1-b6c96-s1995008-d1329786-temp-0.3,78,244.31022739510018,159.4697052999288,329.15074949027155,327.86273469538617,-83.55250730028598,2,a5803f8a5d9d87202b43d709cb328cedaf18c446af448f705c33d553e8c2e9f7,5170ec511fb50cdf10d648416d508574d70e9781ddf156a1b2a86d2b385e94dc,100,1729,maximum_nontransitivity_information_gain,2000.0,3000.0
kata1-b6c96-s1995008-d1329786-temp-0.3,80,253.64119176586965,169.8810008324565,337.4013826992828,327.86273469538617,-74.22154292951652,2,a5803f8a5d9d87202b43d709cb328cedaf18c446af448f705c33d553e8c2e9f7,5170ec511fb50cdf10d648416d508574d70e9781ddf156a1b2a86d2b385e94dc,100,1729,maximum_nontransitivity_information_gain,2000.0,3000.0
kata1-b6c96-s1995008-d1329786-temp-0.3,82,254.99093364537148,172.27649737090928,337.7053699198337,327.86273469538617,-72.87180105001468,2,a5803f8a5d9d87202b43d709cb328cedaf18c446af448f705c33d553e8c2e9f7,5170ec511fb50cdf10d648416d508574d70e9781ddf156a1b2a86d2b385e94dc,100,1729,maximum_nontransitivity_information_gain,2000.0,3000.0
kata1-b6c96-s1995008-d1329786-temp-0.3,84,256.2714325220182,174.5619798583141,337.9808851857223,327.86273469538617,-71.59130217336798,2,a5803f8a5d9d87202b43d709cb328cedaf18c446af448f705c33d553e8c2e9f7,5170ec511fb50cdf10d648416d508574d70e9781ddf156a1b2a86d2b385e94dc,100,1729,maximum_nontransitivity_information_gain,2000.0,3000.0
kata1-b6c96-s1995008-d1329786-temp-0.3,86,266.8887401275738,186.0965563093523,347.68092394579526,327.86273469538617,-60.97399456781238,2,a5803f8a5d9d87202b43d709cb328cedaf18c446af448f705c33d553e8c2e9f7,5170ec511fb50cdf10d648416d508574d70e9781ddf156a1b2a86d2b385e94dc,100,1729,maximum_nontransitivity_information_gain,2000.0,3000.0
kata1-b6c96-s1995008-d1329786-temp-0.3,88,267.81293084592994,187.9547305647795,347.67113112708034,327.86273469538617,-60.049803849456225,2,a5803f8a5d9d87202b43d709cb328cedaf18c446af448f705c33d553e8c2e9f7,5170ec511fb50cdf10d648416d508574d70e9781ddf156a1b2a86d2b385e94dc,100,1729,maximum_nontransitivity_information_gain,2000.0,3000.0
kata1-b6c96-s1995008-d1329786-temp-0.3,90,268.69310510399623,189.73462182299568,347.6515883849968,327.86273469538617,-59.169629591389935,2,a5803f8a5d9d87202b43d709cb328cedaf18c446af448f705c33d553e8c2e9f7,5170ec511fb50cdf10d648416d508574d70e9781ddf156a1b2a86d2b385e94dc,100,1729,maximum_nontransitivity_information_gain,2000.0,3000.0
kata1-b6c96-s1995008-d1329786-temp-0.3,92,269.532367142396,191.44129894834765,347.6234353364444,327.86273469538617,-58.33036755299014,2,a5803f8a5d9d87202b43d709cb328cedaf18c446af448f705c33d553e8c2e9f7,5170ec511fb50cdf10d648416d508574d70e9781ddf156a1b2a86d2b385e94dc,100,1729,maximum_nontransitivity_information_gain,2000.0,3000.0
kata1-b6c96-s1995008-d1329786-temp-0.3,94,261.7548107172338,184.5456427385053,338.9639786959623,327.86273469538617,-66.10792397815237,2,a5803f8a5d9d87202b43d709cb328cedaf18c446af448f705c33d553e8c2e9f7,5170ec511fb50cdf10d648416d508574d70e9781ddf156a1b2a86d2b385e94dc,100,1729,maximum_nontransitivity_information_gain,2000.0,3000.0
kata1-b6c96-s1995008-d1329786-temp-0.3,96,269.105921863085,192.67530589231848,345.53653783385147,327.86273469538617,-58.75681283230119,2,a5803f8a5d9d87202b43d709cb328cedaf18c446af448f705c33d553e8c2e9f7,5170ec511fb50cdf10d648416d508574d70e9781ddf156a1b2a86d2b385e94dc,100,1729,maximum_nontransitivity_information_gain,2000.0,3000.0
kata1-b6c96-s1995008-d1329786-temp-0.3,98,269.8916852516871,194.24254194303882,345.54082856033534,327.86273469538617,-57.97104944369909,2,a5803f8a5d9d87202b43d709cb328cedaf18c446af448f705c33d553e8c2e9f7,5170ec511fb50cdf10d648416d508574d70e9781ddf156a1b2a86d2b385e94dc,100,1729,maximum_nontransitivity_information_gain,2000.0,3000.0
kata1-b6c96-s1995008-d1329786-temp-0.3,100,270.6440660340805,195.75059030927736,345.5375417588836,327.86273469538617,-57.218668661305685,2,a5803f8a5d9d87202b43d709cb328cedaf18c446af448f705c33d553e8c2e9f7,5170ec511fb50cdf10d648416d508574d70e9781ddf156a1b2a86d2b385e94dc,100,1729,maximum_nontransitivity_information_gain,2000.0,3000.0
kata1-b6c96-s4136960-d1510003-temp-0.9,2,1154.7920931582207,-1282.208635603714,3591.7928219201553,440.2639553606597,714.528137797561,2,a5803f8a5d9d87202b43d709cb328cedaf18c446af448f705c33d553e8c2e9f7,5170ec511fb50cdf10d648416d508574d70e9781ddf156a1b2a86d2b385e94dc,100,1729,maximum_nontransitivity_information_gain,2000.0,3000.0
kata1-b6c96-s4136960-d1510003-temp-0.9,4,403.99924540389543,-1454.0658261389212,2262.064316946712,440.2639553606597,-36.26470995676425,2,a5803f8a5d9d87202b43d709cb328cedaf18c446af448f705c33d553e8c2e9f7,5170ec511fb50cdf10d648416d508574d70e9781ddf156a1b2a86d2b385e94dc,100,1729,maximum_nontransitivity_information_gain,2000.0,3000.0
kata1-b6c96-s4136960-d1510003-temp-0.9,6,326.59001733019886,-167.9308939239085,821.1109285843063,440.2639553606597,-113.67393803046082,2,a5803f8a5d9d87202b43d709cb328cedaf18c446af448f705c33d553e8c2e9f7,5170ec511fb50cdf10d648416d508574d70e9781ddf156a1b2a86d2b385e94dc,100,1729,maximum_nontransitivity_information_gain,2000.0,3000.0
kata1-b6c96-s4136960-d1510003-temp-0.9,8,320.7879949360664,-33.56740478341976,675.1433946555526,440.2639553606597,-119.47596042459327,2,a5803f8a5d9d87202b43d709cb328cedaf18c446af448f705c33d553e8c2e9f7,5170ec511fb50cdf10d648416d508574d70e9781ddf156a1b2a86d2b385e94dc,100,1729,maximum_nontransitivity_information_gain,2000.0,3000.0
kata1-b6c96-s4136960-d1510003-temp-0.9,10,450.191627192664,147.74928791957058,752.6339664657573,440.2639553606597,9.927671832004307,2,a5803f8a5d9d87202b43d709cb328cedaf18c446af448f705c33d553e8c2e9f7,5170ec511fb50cdf10d648416d508574d70e9781ddf156a1b2a86d2b385e94dc,100,1729,maximum_nontransitivity_information_gain,2000.0,3000.0
kata1-b6c96-s4136960-d1510003-temp-0.9,12,463.5020701923985,201.95551128437955,725.0486291004174,440.2639553606597,23.238114831738812,2,a5803f8a5d9d87202b43d709cb328cedaf18c446af448f705c33d553e8c2e9f7,5170ec511fb50cdf10d648416d508574d70e9781ddf156a1b2a86d2b385e94dc,100,1729,maximum_nontransitivity_information_gain,2000.0,3000.0
kata1-b6c96-s4136960-d1510003-temp-0.9,14,391.8216362089544,161.51924909975926,622.1240233181495,440.2639553606597,-48.442319151705306,2,a5803f8a5d9d87202b43d709cb328cedaf18c446af448f705c33d553e8c2e9f7,5170ec511fb50cdf10d648416d508574d70e9781ddf156a1b2a86d2b385e94dc,100,1729,maximum_nontransitivity_information_gain,2000.0,3000.0
kata1-b6c96-s4136960-d1510003-temp-0.9,16,313.20273903344656,99.97178305213214,526.433695014761,440.2639553606597,-127.06121632721312,2,a5803f8a5d9d87202b43d709cb328cedaf18c446af448f705c33d553e8c2e9f7,5170ec511fb50cdf10d648416d508574d70e9781ddf156a1b2a86d2b385e94dc,100,1729,maximum_nontransitivity_information_gain,2000.0,3000.0
kata1-b6c96-s4136960-d1510003-temp-0.9,18,370.32369982111413,175.605521554441,565.0418780877873,440.2639553606597,-69.94025553954555,2,a5803f8a5d9d87202b43d709cb328cedaf18c446af448f705c33d553e8c2e9f7,5170ec511fb50cdf10d648416d508574d70e9781ddf156a1b2a86d2b385e94dc,100,1729,maximum_nontransitivity_information_gain,2000.0,3000.0
kata1-b6c96-s4136960-d1510003-temp-0.9,20,413.59382106709955,230.56147520025326,596.6261669339458,440.2639553606597,-26.670134293560125,2,a5803f8a5d9d87202b43d709cb328cedaf18c446af448f705c33d553e8c2e9f7,5170ec511fb50cdf10d648416d508574d70e9781ddf156a1b2a86d2b385e94dc,100,1729,maximum_nontransitivity_information_gain,2000.0,3000.0
kata1-b6c96-s4136960-d1510003-temp-0.9,22,468.42150624039715,292.8938096845998,643.9492027961945,440.2639553606597,28.15755087973747,2,a5803f8a5d9d87202b43d709cb328cedaf18c446af448f705c33d553e8c2e9f7,5170ec511fb50cdf10d648416d508574d70e9781ddf156a1b2a86d2b385e94dc,100,1729,maximum_nontransitivity_information_gain,2000.0,3000.0
kata1-b6c96-s4136960-d1510003-temp-0.9,24,451.56762670102995,286.49186096566723,616.6433924363927,440.2639553606597,11.303671340370272,2,a5803f8a5d9d87202b43d709cb328cedaf18c446af448f705c33d553e8c2e9f7,5170ec511fb50cdf10d648416d508574d70e9781ddf156a1b2a86d2b385e94dc,100,1729,maximum_nontransitivity_information_gain,2000.0,3000.0
kata1-b6c96-s4136960-d1510003-temp-0.9,26,419.9261993100569,263.4805502194582,576.3718484006556,440.2639553606597,-20.337756050602763,2,a5803f8a5d9d87202b43d709cb328cedaf18c446af448f705c33d553e8c2e9f7,5170ec511fb50cdf10d648416d508574d70e9781ddf156a1b2a86d2b385e94dc,100,1729,maximum_nontransitivity_information_gain,2000.0,3000.0
kata1-b6c96-s4136960-d1510003-temp-0.9,28,393.69957453711595,243.63215283396008,543.7669962402719,440.2639553606597,-46.56438082354373,2,a5803f8a5d9d87202b43d709cb328cedaf18c446af448f705c33d553e8c2e9f7,5170ec511fb50cdf10d648416d508574d70e9781ddf156a1b2a86d2b385e94dc,100,1729,maximum_nontransitivity_information_gain,2000.0,3000.0
kata1-b6c96-s4136960-d1510003-temp-0.9,30,418.7939701613422,274.6804558211561,562.9074845015283,440.2639553606597,-21.469985199317478,2,a5803f8a5d9d87202b43d709cb328cedaf18c446af448f705c33d553e8c2e9f7,5170ec511fb50cdf10d648416d508574d70e9781ddf156a1b2a86d2b385e94dc,100,1729,maximum_nontransitivity_information_gain,2000.0,3000.0
kata1-b6c96-s4136960-d1510003-temp-0.9,32,396.4206190310702,257.32295974719176,535.5182783149487,440.2639553606597,-43.84333632958948,2,a5803f8a5d9d87202b43d709cb328cedaf18c446af448f705c33d553e8c2e9f7,5170ec511fb50cdf10d648416d508574d70e9781ddf156a1b2a86d2b385e94dc,100,1729,maximum_nontransitivity_information_gain,2000.0,3000.0
kata1-b6c96-s4136960-d1510003-temp-0.9,34,391.27908692803044,256.8491000006799,525.7090738553809,440.2639553606597,-48.98486843262924,2,a5803f8a5d9d87202b43d709cb328cedaf18c446af448f705c33d553e8c2e9f7,5170ec511fb50cdf10d648416d508574d70e9781ddf156a1b2a86d2b385e94dc,100,1729,maximum_nontransitivity_information_gain,2000.0,3000.0
kata1-b6c96-s4136960-d1510003-temp-0.9,36,386.79245073078334,256.60534985311955,516.9795516084471,440.2639553606597,-53.471504629876335,2,a5803f8a5d9d87202b43d709cb328cedaf18c446af448f705c33d553e8c2e9f7,5170ec511fb50cdf10d648416d508574d70e9781ddf156a1b2a86d2b385e94dc,100,1729,maximum_nontransitivity_information_gain,2000.0,3000.0
kata1-b6c96-s4136960-d1510003-temp-0.9,38,382.8458424435697,256.5337392198016,509.15794566733786,440.2639553606597,-57.41811291708996,2,a5803f8a5d9d87202b43d709cb328cedaf18c446af448f705c33d553e8c2e9f7,5170ec511fb50cdf10d648416d508574d70e9781ddf156a1b2a86d2b385e94dc,100,1729,maximum_nontransitivity_information_gain,2000.0,3000.0
kata1-b6c96-s4136960-d1510003-temp-0.9,40,379.349272623029,256.59179748616253,502.1067477598954,440.2639553606597,-60.9146827376307,2,a5803f8a5d9d87202b43d709cb328cedaf18c446af448f705c33d553e8c2e9f7,5170ec511fb50cdf10d648416d508574d70e9781ddf156a1b2a86d2b385e94dc,100,1729,maximum_nontransitivity_information_gain,2000.0,3000.0
kata1-b6c96-s4136960-d1510003-temp-0.9,42,396.88209950020064,277.421418676713,516.3427803236882,440.2639553606597,-43.38185586045904,2,a5803f8a5d9d87202b43d709cb328cedaf18c446af448f705c33d553e8c2e9f7,5170ec511fb50cdf10d648416d508574d70e9781ddf156a1b2a86d2b385e94dc,100,1729,maximum_nontransitivity_information_gain,2000.0,3000.0
kata1-b6c96-s4136960-d1510003-temp-0.9,44,413.0275964969228,296.37556141930366,529.6796315745419,440.2639553606597,-27.236358863736882,2,a5803f8a5d9d87202b43d709cb328cedaf18c446af448f705c33d553e8c2e9f7,5170ec511fb50cdf10d648416d508574d70e9781ddf156a1b2a86d2b385e94dc,100,1729,maximum_nontransitivity_information_gain,2000.0,3000.0
kata1-b6c96-s4136960-d1510003-temp-0.9,46,427.68949719891117,313.45173601502097,541.9272583828014,440.2639553606597,-12.57445816174851,2,a5803f8a5d9d87202b43d709cb328cedaf18c446af448f705c33d553e8c2e9f7,5170ec511fb50cdf10d648416d508574d70e9781ddf156a1b2a86d2b385e94dc,100,1729,maximum_nontransitivity_information_gain,2000.0,3000.0
kata1-b6c96-s4136960-d1510003-temp-0.9,48,431.20694591774105,319.49727172761686,542.9166201078652,440.2639553606597,-9.057009442918627,2,a5803f8a5d9d87202b43d709cb328cedaf18c446af448f705c33d553e8c2e9f7,5170ec511fb50cdf10d648416d508574d70e9781ddf156a1b2a86d2b385e94dc,100,1729,maximum_nontransitivity_information_gain,2000.0,3000.0
kata1-b6c96-s4136960-d1510003-temp-0.9,50,434.4135371296146,325.07659103108455,543.7504832281446,440.2639553606597,-5.850418231045069,2,a5803f8a5d9d87202b43d709cb328cedaf18c446af448f705c33d553e8c2e9f7,5170ec511fb50cdf10d648416d508574d70e9781ddf156a1b2a86d2b385e94dc,100,1729,maximum_nontransitivity_information_gain,2000.0,3000.0
kata1-b6c96-s4136960-d1510003-temp-0.9,52,437.28767203824026,330.18839013209015,544.3869539443904,440.2639553606597,-2.9762833224194196,2,a5803f8a5d9d87202b43d709cb328cedaf18c446af448f705c33d553e8c2e9f7,5170ec511fb50cdf10d648416d508574d70e9781ddf156a1b2a86d2b385e94dc,100,1729,maximum_nontransitivity_information_gain,2000.0,3000.0
kata1-b6c96-s4136960-d1510003-temp-0.9,54,439.92189117137394,334.93019394596126,544.9135883967866,440.2639553606597,-0.3420641892857361,2,a5803f8a5d9d87202b43d709cb328cedaf18c446af448f705c33d553e8c2e9f7,5170ec511fb50cdf10d648416d508574d70e9781ddf156a1b2a86d2b385e94dc,100,1729,maximum_nontransitivity_information_gain,2000.0,3000.0
kata1-b6c96-s4136960-d1510003-temp-0.9,56,442.4038514601561,339.3941499133958,545.4135530069163,440.2639553606597,2.1398960994964114,2,a5803f8a5d9d87202b43d709cb328cedaf18c446af448f705c33d553e8c2e9f7,5170ec511fb50cdf10d648416d508574d70e9781ddf156a1b2a86d2b385e94dc,100,1729,maximum_nontransitivity_information_gain,2000.0,3000.0
kata1-b6c96-s4136960-d1510003-temp-0.9,58,459.4861271980369,358.0298389185414,560.9424154775324,440.2639553606597,19.222171837377232,2,a5803f8a5d9d87202b43d709cb328cedaf18c446af448f705c33d553e8c2e9f7,5170ec511fb50cdf10d648416d508574d70e9781ddf156a1b2a86d2b385e94dc,100,1729,maximum_nontransitivity_information_gain,2000.0,3000.0
kata1-b6c96-s4136960-d1510003-temp-0.9,60,448.2468993948505,348.8601118837365,547.6336869059645,440.2639553606597,7.982944034190837,2,a5803f8a5d9d87202b43d709cb328cedaf18c446af448f705c33d553e8c2e9f7,5170ec511fb50cdf10d648416d508574d70e9781ddf156a1b2a86d2b385e94dc,100,1729,maximum_nontransitivity_information_gain,2000.0,3000.0
kata1-b6c96-s4136960-d1510003-temp-0.9,62,437.8358939165197,340.2778076375404,535.393980195499,440.2639553606597,-2.428061444139985,2,a5803f8a5d9d87202b43d709cb328cedaf18c446af448f705c33d553e8c2e9f7,5170ec511fb50cdf10d648416d508574d70e9781ddf156a1b2a86d2b385e94dc,100,1729,maximum_nontransitivity_information_gain,2000.0,3000.0
kata1-b6c96-s4136960-d1510003-temp-0.9,64,426.7382410357195,330.8384828840745,522.6379991873646,440.2639553606597,-13.525714324940168,2,a5803f8a5d9d87202b43d709cb328cedaf18c446af448f705c33d553e8c2e9f7,5170ec511fb50cdf10d648416d508574d70e9781ddf156a1b2a86d2b385e94dc,100,1729,maximum_nontransitivity_information_gain,2000.0,3000.0
kata1-b6c96-s4136960-d1510003-temp-0.9,66,429.2280907233444,334.84138342193046,523.6147980247583,440.2639553606597,-11.035864637315285,2,a5803f8a5d9d87202b43d709cb328cedaf18c446af448f705c33d553e8c2e9f7,5170ec511fb50cdf10d648416d508574d70e9781ddf156a1b2a86d2b385e94dc,100,1729,maximum_nontransitivity_information_gain,2000.0,3000.0
kata1-b6c96-s4136960-d1510003-temp-0.9,68,431.5587117013608,338.61311872537493,524.5043046773467,440.2639553606597,-8.705243659298901,2,a5803f8a5d9d87202b43d709cb328cedaf18c446af448f705c33d553e8c2e9f7,5170ec511fb50cdf10d648416d508574d70e9781ddf156a1b2a86d2b385e94dc,100,1729,maximum_nontransitivity_information_gain,2000.0,3000.0
kata1-b6c96-s4136960-d1510003-temp-0.9,70,435.2263043197678,343.64069243597726,526.8119162035583,440.2639553606597,-5.0376510408918875,2,a5803f8a5d9d87202b43d709cb328cedaf18c446af448f705c33d553e8c2e9f7,5170ec511fb50cdf10d648416d508574d70e9781ddf156a1b2a86d2b385e94dc,100,1729,maximum_nontransitivity_information_gain,2000.0,3000.0
kata1-b6c96-s4136960-d1510003-temp-0.9,72,438.6501630346955,348.3732819859463,528.9270440834447,440.2639553606597,-1.613792325964198,2,a5803f8a5d9d87202b43d709cb328cedaf18c446af448f705c33d553e8c2e9f7,5170ec511fb50cdf10d648416d508574d70e9781ddf156a1b2a86d2b385e94dc,100,1729,maximum_nontransitivity_information_gain,2000.0,3000.0
kata1-b6c96-s4136960-d1510003-temp-0.9,74,436.1079280146325,347.0827022397989,525.1331537894661,440.2639553606597,-4.1560273460272015,2,a5803f8a5d9d87202b43d709cb328cedaf18c446af448f705c33d553e8c2e9f7,5170ec511fb50cdf10d648416d508574d70e9781ddf156a1b2a86d2b385e94dc,100,1729,maximum_nontransitivity_information_gain,2000.0,3000.0
kata1-b6c96-s4136960-d1510003-temp-0.9,76,426.9262939776679,339.0621878661024,514.7904000892333,440.2639553606597,-13.337661382991769,2,a5803f8a5d9d87202b43d709cb328cedaf18c446af448f705c33d553e8c2e9f7,5170ec511fb50cdf10d648416d508574d70e9781ddf156a1b2a86d2b385e94dc,100,1729,maximum_nontransitivity_information_gain,2000.0,3000.0
kata1-b6c96-s4136960-d1510003-temp-0.9,78,434.9519981162185,348.2694259849393,521.6345702474977,440.2639553606597,-5.311957244441203,2,a5803f8a5d9d87202b43d709cb328cedaf18c446af448f705c33d553e8c2e9f7,5170ec511fb50cdf10d648416d508574d70e9781ddf156a1b2a86d2b385e94dc,100,1729,maximum_nontransitivity_information_gain,2000.0,3000.0
kata1-b6c96-s4136960-d1510003-temp-0.9,80,427.3574831346643,341.740439849166,512.9745264201625,440.2639553606597,-12.906472225995401,2,a5803f8a5d9d87202b43d709cb328cedaf18c446af448f705c33d553e8c2e9f7,5170ec511fb50cdf10d648416d508574d70e9781ddf156a1b2a86d2b385e94dc,100,1729,maximum_nontransitivity_information_gain,2000.0,3000.0
kata1-b6c96-s4136960-d1510003-temp-0.9,82,434.9629046272548,350.435118687203,519.4906905673065,440.2639553606597,-5.301050733404907,2,a5803f8a5d9d87202b43d709cb328cedaf18c446af448f705c33d553e8c2e9f7,5170ec511fb50cdf10d648416d508574d70e9781ddf156a1b2a86d2b385e94dc,100,1729,maximum_nontransitivity_information_gain,2000.0,3000.0
kata1-b6c96-s4136960-d1510003-temp-0.9,84,426.7339830048995,343.19676633789607,510.271199671903,440.2639553606597,-13.529972355760151,2,a5803f8a5d9d87202b43d709cb328cedaf18c446af448f705c33d553e8c2e9f7,5170ec511fb50cdf10d648416d508574d70e9781ddf156a1b2a86d2b385e94dc,100,1729,maximum_nontransitivity_information_gain,2000.0,3000.0
kata1-b6c96-s4136960-d1510003-temp-0.9,86,433.98431858296925,351.4558080754907,516.5128290904478,440.2639553606597,-6.279636777690428,2,a5803f8a5d9d87202b43d709cb328cedaf18c446af448f705c33d553e8c2e9f7,5170ec511fb50cdf10d648416d508574d70e9781ddf156a1b2a86d2b385e94dc,100,1729,maximum_nontransitivity_information_gain,2000.0,3000.0
kata1-b6c96-s4136960-d1510003-temp-0.9,88,427.1325132618432,345.52088834651477,508.74413817717164,440.2639553606597,-13.131442098816478,2,a5803f8a5d9d87202b43d709cb328cedaf18c446af448f705c33d553e8c2e9f7,5170ec511fb50cdf10d648416d508574d70e9781ddf156a1b2a86d2b385e94dc,100,1729,maximum_nontransitivity_information_gain,2000.0,3000.0
kata1-b6c96-s4136960-d1510003-temp-0.9,90,424.43367709638864,343.72157170688206,505.1457824858952,440.2639553606597,-15.830278264271044,2,a5803f8a5d9d87202b43d709cb328cedaf18c446af448f705c33d553e8c2e9f7,5170ec511fb50cdf10d648416d508574d70e9781ddf156a1b2a86d2b385e94dc,100,1729,maximum_nontransitivity_information_gain,2000.0,3000.0
kata1-b6c96-s4136960-d1510003-temp-0.9,92,422.0144012121034,342.18350555770405,501.84529686650274,440.2639553606597,-18.249554148556285,2,a5803f8a5d9d87202b43d709cb328cedaf18c446af448f705c33d553e8c2e9f7,5170ec511fb50cdf10d648416d508574d70e9781ddf156a1b2a86d2b385e94dc,100,1729,maximum_nontransitivity_information_gain,2000.0,3000.0
kata1-b6c96-s4136960-d1510003-temp-0.9,94,428.73259874636045,349.78088669987807,507.68431079284284,440.2639553606597,-11.531356614299227,2,a5803f8a5d9d87202b43d709cb328cedaf18c446af448f705c33d553e8c2e9f7,5170ec511fb50cdf10d648416d508574d70e9781ddf156a1b2a86d2b385e94dc,100,1729,maximum_nontransitivity_information_gain,2000.0,3000.0
kata1-b6c96-s4136960-d1510003-temp-0.9,96,435.0107968551278,356.871628285572,513.1499654246836,440.2639553606597,-5.2531585055318715,2,a5803f8a5d9d87202b43d709cb328cedaf18c446af448f705c33d553e8c2e9f7,5170ec511fb50cdf10d648416d508574d70e9781ddf156a1b2a86d2b385e94dc,100,1729,maximum_nontransitivity_information_gain,2000.0,3000.0
kata1-b6c96-s4136960-d1510003-temp-0.9,98,437.4819154239728,360.14182786896737,514.8220029789782,440.2639553606597,-2.7820399366868855,2,a5803f8a5d9d87202b43d709cb328cedaf18c446af448f705c33d553e8c2e9f7,5170ec511fb50cdf10d648416d508574d70e9781ddf156a1b2a86d2b385e94dc,100,1729,maximum_nontransitivity_information_gain,2000.0,3000.0
kata1-b6c96-s4136960-d1510003-temp-0.9,100,439.9035515825289,363.3350912426224,516.4720119224354,440.2639553606597,-0.36040377813077384,2,a5803f8a5d9d87202b43d709cb328cedaf18c446af448f705c33d553e8c2e9f7,5170ec511fb50cdf10d648416d508574d70e9781ddf156a1b2a86d2b385e94dc,100,1729,maximum_nontransitivity_information_gain,2000.0,3000.0
kata1-b6c96-s4136960-d1510003-temp-0.7,2,1156.8241182923489,-1282.590051443041,3596.2382880277387,563.7077469756265,593.1163713167224,2,a5803f8a5d9d87202b43d709cb328cedaf18c446af448f705c33d553e8c2e9f7,5170ec511fb50cdf10d648416d508574d70e9781ddf156a1b2a86d2b385e94dc,100,1729,maximum_nontransitivity_information_gain,2000.0,3000.0
kata1-b6c96-s4136960-d1510003-temp-0.7,4,405.8035955842689,-1453.2558143559845,2264.8630055245226,563.7077469756265,-157.90415139135757,2,a5803f8a5d9d87202b43d709cb328cedaf18c446af448f705c33d553e8c2e9f7,5170ec511fb50cdf10d648416d508574d70e9781ddf156a1b2a86d2b385e94dc,100,1729,maximum_nontransitivity_information_gain,2000.0,3000.0
kata1-b6c96-s4136960-d1510003-temp-0.7,6,610.6601485100585,114.90329639639384,1106.4170006237232,563.7077469756265,46.952401534432056,2,a5803f8a5d9d87202b43d709cb328cedaf18c446af448f705c33d553e8c2e9f7,5170ec511fb50cdf10d648416d508574d70e9781ddf156a1b2a86d2b385e94dc,100,1729,maximum_nontransitivity_information_gain,2000.0,3000.0
kata1-b6c96-s4136960-d1510003-temp-0.7,8,619.4299076653039,265.88643321160254,972.9733821190052,563.7077469756265,55.72216068967737,2,a5803f8a5d9d87202b43d709cb328cedaf18c446af448f705c33d553e8c2e9f7,5170ec511fb50cdf10d648416d508574d70e9781ddf156a1b2a86d2b385e94dc,100,1729,maximum_nontransitivity_information_gain,2000.0,3000.0
kata1-b6c96-s4136960-d1510003-temp-0.7,10,751.4530903006535,448.82269044236233,1054.0834901589446,563.7077469756265,187.74534332502697,2,a5803f8a5d9d87202b43d709cb328cedaf18c446af448f705c33d553e8c2e9f7,5170ec511fb50cdf10d648416d508574d70e9781ddf156a1b2a86d2b385e94dc,100,1729,maximum_nontransitivity_information_gain,2000.0,3000.0
kata1-b6c96-s4136960-d1510003-temp-0.7,12,645.3578459977192,392.9972215609133,897.7184704345251,563.7077469756265,81.65009902209272,2,a5803f8a5d9d87202b43d709cb328cedaf18c446af448f705c33d553e8c2e9f7,5170ec511fb50cdf10d648416d508574d70e9781ddf156a1b2a86d2b385e94dc,100,1729,maximum_nontransitivity_information_gain,2000.0,3000.0
kata1-b6c96-s4136960-d1510003-temp-0.7,14,575.813564230332,346.9855713279154,804.6415571327485,563.7077469756265,12.105817254705471,2,a5803f8a5d9d87202b43d709cb328cedaf18c446af448f705c33d553e8c2e9f7,5170ec511fb50cdf10d648416d508574d70e9781ddf156a1b2a86d2b385e94dc,100,1729,maximum_nontransitivity_information_gain,2000.0,3000.0
kata1-b6c96-s4136960-d1510003-temp-0.7,16,584.6824053541118,376.56962144179545,792.7951892664281,563.7077469756265,20.974658378485287,2,a5803f8a5d9d87202b43d709cb328cedaf18c446af448f705c33d553e8c2e9f7,5170ec511fb50cdf10d648416d508574d70e9781ddf156a1b2a86d2b385e94dc,100,1729,maximum_nontransitivity_information_gain,2000.0,3000.0
kata1-b6c96-s4136960-d1510003-temp-0.7,18,534.7479553219476,337.8155880353037,731.6803226085916,563.7077469756265,-28.95979165367885,2,a5803f8a5d9d87202b43d709cb328cedaf18c446af448f705c33d553e8c2e9f7,5170ec511fb50cdf10d648416d508574d70e9781ddf156a1b2a86d2b385e94dc,100,1729,maximum_nontransitivity_information_gain,2000.0,3000.0
kata1-b6c96-s4136960-d1510003-temp-0.7,20,580.3384419575418,399.6788502604387,760.9980336546449,563.7077469756265,16.630694981915326,2,a5803f8a5d9d87202b43d709cb328cedaf18c446af448f705c33d553e8c2e9f7,5170ec511fb50cdf10d648416d508574d70e9781ddf156a1b2a86d2b385e94dc,100,1729,maximum_nontransitivity_information_gain,2000.0,3000.0
kata1-b6c96-s4136960-d1510003-temp-0.7,22,585.7293130935935,415.62882677052164,755.8297994166654,563.7077469756265,22.02156611796704,2,a5803f8a5d9d87202b43d709cb328cedaf18c446af448f705c33d553e8c2e9f7,5170ec511fb50cdf10d648416d508574d70e9781ddf156a1b2a86d2b385e94dc,100,1729,maximum_nontransitivity_information_gain,2000.0,3000.0
kata1-b6c96-s4136960-d1510003-temp-0.7,24,551.0919061753241,387.92578844024223,714.2580239104059,563.7077469756265,-12.615840800302408,2,a5803f8a5d9d87202b43d709cb328cedaf18c446af448f705c33d553e8c2e9f7,5170ec511fb50cdf10d648416d508574d70e9781ddf156a1b2a86d2b385e94dc,100,1729,maximum_nontransitivity_information_gain,2000.0,3000.0
kata1-b6c96-s4136960-d1510003-temp-0.7,26,582.3671475498734,428.178844570274,736.5554505294728,563.7077469756265,18.659400574246888,2,a5803f8a5d9d87202b43d709cb328cedaf18c446af448f705c33d553e8c2e9f7,5170ec511fb50cdf10d648416d508574d70e9781ddf156a1b2a86d2b385e94dc,100,1729,maximum_nontransitivity_information_gain,2000.0,3000.0
kata1-b6c96-s4136960-d1510003-temp-0.7,28,553.8387185813452,405.06143777397574,702.6159993887147,563.7077469756265,-9.869028394281258,2,a5803f8a5d9d87202b43d709cb328cedaf18c446af448f705c33d553e8c2e9f7,5170ec511fb50cdf10d648416d508574d70e9781ddf156a1b2a86d2b385e94dc,100,1729,maximum_nontransitivity_information_gain,2000.0,3000.0
kata1-b6c96-s4136960-d1510003-temp-0.7,30,549.9727064461091,406.9002404079116,693.0451724843066,563.7077469756265,-13.735040529517391,2,a5803f8a5d9d87202b43d709cb328cedaf18c446af448f705c33d553e8c2e9f7,5170ec511fb50cdf10d648416d508574d70e9781ddf156a1b2a86d2b385e94dc,100,1729,maximum_nontransitivity_information_gain,2000.0,3000.0
kata1-b6c96-s4136960-d1510003-temp-0.7,32,546.6743831473931,408.7096294649723,684.6391368298139,563.7077469756265,-17.033363828233405,2,a5803f8a5d9d87202b43d709cb328cedaf18c446af448f705c33d553e8c2e9f7,5170ec511fb50cdf10d648416d508574d70e9781ddf156a1b2a86d2b385e94dc,100,1729,maximum_nontransitivity_information_gain,2000.0,3000.0
kata1-b6c96-s4136960-d1510003-temp-0.7,34,569.8622994383559,437.188809397563,702.5357894791488,563.7077469756265,6.154552462729384,2,a5803f8a5d9d87202b43d709cb328cedaf18c446af448f705c33d553e8c2e9f7,5170ec511fb50cdf10d648416d508574d70e9781ddf156a1b2a86d2b385e94dc,100,1729,maximum_nontransitivity_information_gain,2000.0,3000.0
kata1-b6c96-s4136960-d1510003-temp-0.7,36,549.2108352853948,420.1691648233541,678.2525057474354,563.7077469756265,-14.496911690231741,2,a5803f8a5d9d87202b43d709cb328cedaf18c446af448f705c33d553e8c2e9f7,5170ec511fb50cdf10d648416d508574d70e9781ddf156a1b2a86d2b385e94dc,100,1729,maximum_nontransitivity_information_gain,2000.0,3000.0
kata1-b6c96-s4136960-d1510003-temp-0.7,38,569.4612624730751,444.6941797205795,694.2283452255707,563.7077469756265,5.753515497448575,2,a5803f8a5d9d87202b43d709cb328cedaf18c446af448f705c33d553e8c2e9f7,5170ec511fb50cdf10d648416d508574d70e9781ddf156a1b2a86d2b385e94dc,100,1729,maximum_nontransitivity_information_gain,2000.0,3000.0
kata1-b6c96-s4136960-d1510003-temp-0.7,40,572.854810318739,451.60786654344236,694.1017540940358,563.7077469756265,9.147063343112563,2,a5803f8a5d9d87202b43d709cb328cedaf18c446af448f705c33d553e8c2e9f7,5170ec511fb50cdf10d648416d508574d70e9781ddf156a1b2a86d2b385e94dc,100,1729,maximum_nontransitivity_information_gain,2000.0,3000.0
kata1-b6c96-s4136960-d1510003-temp-0.7,42,555.3634911298224,436.94705258610054,673.7799296735442,563.7077469756265,-8.344255845804128,2,a5803f8a5d9d87202b43d709cb328cedaf18c446af448f705c33d553e8c2e9f7,5170ec511fb50cdf10d648416d508574d70e9781ddf156a1b2a86d2b385e94dc,100,1729,maximum_nontransitivity_information_gain,2000.0,3000.0
kata1-b6c96-s4136960-d1510003-temp-0.7,44,572.2098986237826,457.03823115901343,687.3815660885517,563.7077469756265,8.502151648156087,2,a5803f8a5d9d87202b43d709cb328cedaf18c446af448f705c33d553e8c2e9f7,5170ec511fb50cdf10d648416d508574d70e9781ddf156a1b2a86d2b385e94dc,100,1729,maximum_nontransitivity_information_gain,2000.0,3000.0
kata1-b6c96-s4136960-d1510003-temp-0.7,46,593.424504817237,481.124227710495,705.724781923979,563.7077469756265,29.7167578416105,2,a5803f8a5d9d87202b43d709cb328cedaf18c446af448f705c33d553e8c2e9f7,5170ec511fb50cdf10d648416d508574d70e9781ddf156a1b2a86d2b385e94dc,100,1729,maximum_nontransitivity_information_gain,2000.0,3000.0
kata1-b6c96-s4136960-d1510003-temp-0.7,48,577.4712366690445,467.63893309858554,687.3035402395035,563.7077469756265,13.763489693418023,2,a5803f8a5d9d87202b43d709cb328cedaf18c446af448f705c33d553e8c2e9f7,5170ec511fb50cdf10d648416d508574d70e9781ddf156a1b2a86d2b385e94dc,100,1729,maximum_nontransitivity_information_gain,2000.0,3000.0
kata1-b6c96-s4136960-d1510003-temp-0.7,50,562.87308856071,455.1802531424574,670.5659239789627,563.7077469756265,-0.8346584149164755,2,a5803f8a5d9d87202b43d709cb328cedaf18c446af448f705c33d553e8c2e9f7,5170ec511fb50cdf10d648416d508574d70e9781ddf156a1b2a86d2b385e94dc,100,1729,maximum_nontransitivity_information_gain,2000.0,3000.0
kata1-b6c96-s4136960-d1510003-temp-0.7,52,544.0536005300577,438.1548033545313,649.9523977055841,563.7077469756265,-19.654146445568813,2,a5803f8a5d9d87202b43d709cb328cedaf18c446af448f705c33d553e8c2e9f7,5170ec511fb50cdf10d648416d508574d70e9781ddf156a1b2a86d2b385e94dc,100,1729,maximum_nontransitivity_information_gain,2000.0,3000.0
kata1-b6c96-s4136960-d1510003-temp-0.7,54,542.4307767737514,438.6099710563211,646.2515824911817,563.7077469756265,-21.276970201875088,2,a5803f8a5d9d87202b43d709cb328cedaf18c446af448f705c33d553e8c2e9f7,5170ec511fb50cdf10d648416d508574d70e9781ddf156a1b2a86d2b385e94dc,100,1729,maximum_nontransitivity_information_gain,2000.0,3000.0
kata1-b6c96-s4136960-d1510003-temp-0.7,56,540.9387118987773,439.0748074308471,642.8026163667076,563.7077469756265,-22.76903507684915,2,a5803f8a5d9d87202b43d709cb328cedaf18c446af448f705c33d553e8c2e9f7,5170ec511fb50cdf10d648416d508574d70e9781ddf156a1b2a86d2b385e94dc,100,1729,maximum_nontransitivity_information_gain,2000.0,3000.0
kata1-b6c96-s4136960-d1510003-temp-0.7,58,553.9926828590139,454.2569466955754,653.7284190224525,563.7077469756265,-9.715064116612552,2,a5803f8a5d9d87202b43d709cb328cedaf18c446af448f705c33d553e8c2e9f7,5170ec511fb50cdf10d648416d508574d70e9781ddf156a1b2a86d2b385e94dc,100,1729,maximum_nontransitivity_information_gain,2000.0,3000.0
kata1-b6c96-s4136960-d1510003-temp-0.7,60,566.0329555866658,468.16868474930936,663.8972264240223,563.7077469756265,2.3252086110393293,2,a5803f8a5d9d87202b43d709cb328cedaf18c446af448f705c33d553e8c2e9f7,5170ec511fb50cdf10d648416d508574d70e9781ddf156a1b2a86d2b385e94dc,100,1729,maximum_nontransitivity_information_gain,2000.0,3000.0
kata1-b6c96-s4136960-d1510003-temp-0.7,62,554.8030770711571,458.4668422806989,651.1393118616152,563.7077469756265,-8.904669904469415,2,a5803f8a5d9d87202b43d709cb328cedaf18c446af448f705c33d553e8c2e9f7,5170ec511fb50cdf10d648416d508574d70e9781ddf156a1b2a86d2b385e94dc,100,1729,maximum_nontransitivity_information_gain,2000.0,3000.0
kata1-b6c96-s4136960-d1510003-temp-0.7,64,553.0842808653233,458.29318448450294,647.8753772461437,563.7077469756265,-10.623466110303184,2,a5803f8a5d9d87202b43d709cb328cedaf18c446af448f705c33d553e8c2e9f7,5170ec511fb50cdf10d648416d508574d70e9781ddf156a1b2a86d2b385e94dc,100,1729,maximum_nontransitivity_information_gain,2000.0,3000.0
kata1-b6c96-s4136960-d1510003-temp-0.7,66,551.4804091242718,458.1593126503086,644.8015055982349,563.7077469756265,-12.227337851354719,2,a5803f8a5d9d87202b43d709cb328cedaf18c446af448f705c33d553e8c2e9f7,5170ec511fb50cdf10d648416d508574d70e9781ddf156a1b2a86d2b385e94dc,100,1729,maximum_nontransitivity_information_gain,2000.0,3000.0
kata1-b6c96-s4136960-d1510003-temp-0.7,68,549.9805992919349,458.0599454294919,641.901253154378,563.7077469756265,-13.727147683691555,2,a5803f8a5d9d87202b43d709cb328cedaf18c446af448f705c33d553e8c2e9f7,5170ec511fb50cdf10d648416d508574d70e9781ddf156a1b2a86d2b385e94dc,100,1729,maximum_nontransitivity_information_gain,2000.0,3000.0
kata1-b6c96-s4136960-d1510003-temp-0.7,70,542.672458653717,452.0134890475821,633.3314282598518,563.7077469756265,-21.035288321909547,2,a5803f8a5d9d87202b43d709cb328cedaf18c446af448f705c33d553e8c2e9f7,5170ec511fb50cdf10d648416d508574d70e9781ddf156a1b2a86d2b385e94dc,100,1729,maximum_nontransitivity_information_gain,2000.0,3000.0
kata1-b6c96-s4136960-d1510003-temp-0.7,72,552.9116382025314,463.6602033693034,642.1630730357595,563.7077469756265,-10.796108773095057,2,a5803f8a5d9d87202b43d709cb328cedaf18c446af448f705c33d553e8c2e9f7,5170ec511fb50cdf10d648416d508574d70e9781ddf156a1b2a86d2b385e94dc,100,1729,maximum_nontransitivity_information_gain,2000.0,3000.0
kata1-b6c96-s4136960-d1510003-temp-0.7,74,555.1100867461489,467.11976971552104,643.1004037767768,563.7077469756265,-8.597660229477583,2,a5803f8a5d9d87202b43d709cb328cedaf18c446af448f705c33d553e8c2e9f7,5170ec511fb50cdf10d648416d508574d70e9781ddf156a1b2a86d2b385e94dc,100,1729,maximum_nontransitivity_information_gain,2000.0,3000.0
kata1-b6c96-s4136960-d1510003-temp-0.7,76,568.0592719846927,481.33834222529345,654.780201744092,563.7077469756265,4.351525009066222,2,a5803f8a5d9d87202b43d709cb328cedaf18c446af448f705c33d553e8c2e9f7,5170ec511fb50cdf10d648416d508574d70e9781ddf156a1b2a86d2b385e94dc,100,1729,maximum_nontransitivity_information_gain,2000.0,3000.0
kata1-b6c96-s4136960-d1510003-temp-0.7,78,559.1941581506111,473.56396221146576,644.8243540897564,563.7077469756265,-4.513588825015404,2,a5803f8a5d9d87202b43d709cb328cedaf18c446af448f705c33d553e8c2e9f7,5170ec511fb50cdf10d648416d508574d70e9781ddf156a1b2a86d2b385e94dc,100,1729,maximum_nontransitivity_information_gain,2000.0,3000.0
kata1-b6c96-s4136960-d1510003-temp-0.7,80,550.7847009990446,466.15588298382113,635.4135190142681,563.7077469756265,-12.923045976581875,2,a5803f8a5d9d87202b43d709cb328cedaf18c446af448f705c33d553e8c2e9f7,5170ec511fb50cdf10d648416d508574d70e9781ddf156a1b2a86d2b385e94dc,100,1729,maximum_nontransitivity_information_gain,2000.0,3000.0
kata1-b6c96-s4136960-d1510003-temp-0.7,82,559.4835226294913,475.9752051051003,642.9918401538823,563.7077469756265,-4.224224346135202,2,a5803f8a5d9d87202b43d709cb328cedaf18c446af448f705c33d553e8c2e9f7,5170ec511fb50cdf10d648416d508574d70e9781ddf156a1b2a86d2b385e94dc,100,1729,maximum_nontransitivity_information_gain,2000.0,3000.0
kata1-b6c96-s4136960-d1510003-temp-0.7,84,551.491480227046,468.9120093481776,634.0709511059144,563.7077469756265,-12.216266748580438,2,a5803f8a5d9d87202b43d709cb328cedaf18c446af448f705c33d553e8c2e9f7,5170ec511fb50cdf10d648416d508574d70e9781ddf156a1b2a86d2b385e94dc,100,1729,maximum_nontransitivity_information_gain,2000.0,3000.0
kata1-b6c96-s4136960-d1510003-temp-0.7,86,543.8724742923735,462.15250625709405,625.5924423276529,563.7077469756265,-19.835272683253038,2,a5803f8a5d9d87202b43d709cb328cedaf18c446af448f705c33d553e8c2e9f7,5170ec511fb50cdf10d648416d508574d70e9781ddf156a1b2a86d2b385e94dc,100,1729,maximum_nontransitivity_information_gain,2000.0,3000.0
kata1-b6c96-s4136960-d1510003-temp-0.7,88,550.7447683726921,470.0362204521881,631.453316293196,563.7077469756265,-12.962978602934413,2,a5803f8a5d9d87202b43d709cb328cedaf18c446af448f705c33d553e8c2e9f7,5170ec511fb50cdf10d648416d508574d70e9781ddf156a1b2a86d2b385e94dc,100,1729,maximum_nontransitivity_information_gain,2000.0,3000.0
kata1-b6c96-s4136960-d1510003-temp-0.7,90,540.5569966164114,460.63388911362176,620.4801041192011,563.7077469756265,-23.150750359215067,2,a5803f8a5d9d87202b43d709cb328cedaf18c446af448f705c33d553e8c2e9f7,5170ec511fb50cdf10d648416d508574d70e9781ddf156a1b2a86d2b385e94dc,100,1729,maximum_nontransitivity_information_gain,2000.0,3000.0
kata1-b6c96-s4136960-d1510003-temp-0.7,92,547.1957844150973,468.2168371595394,626.1747316706551,563.7077469756265,-16.51196256052924,2,a5803f8a5d9d87202b43d709cb328cedaf18c446af448f705c33d553e8c2e9f7,5170ec511fb50cdf10d648416d508574d70e9781ddf156a1b2a86d2b385e94dc,100,1729,maximum_nontransitivity_information_gain,2000.0,3000.0
kata1-b6c96-s4136960-d1510003-temp-0.7,94,553.5284934973427,475.42484176886114,631.6321452258242,563.7077469756265,-10.17925347828384,2,a5803f8a5d9d87202b43d709cb328cedaf18c446af448f705c33d553e8c2e9f7,5170ec511fb50cdf10d648416d508574d70e9781ddf156a1b2a86d2b385e94dc,100,1729,maximum_nontransitivity_information_gain,2000.0,3000.0
kata1-b6c96-s4136960-d1510003-temp-0.7,96,555.1922153647367,477.9163082110434,632.4681225184302,563.7077469756265,-8.515531610889752,2,a5803f8a5d9d87202b43d709cb328cedaf18c446af448f705c33d553e8c2e9f7,5170ec511fb50cdf10d648416d508574d70e9781ddf156a1b2a86d2b385e94dc,100,1729,maximum_nontransitivity_information_gain,2000.0,3000.0
kata1-b6c96-s4136960-d1510003-temp-0.7,98,548.4690194106166,471.9269358293516,625.0111029918817,563.7077469756265,-15.238727565009867,2,a5803f8a5d9d87202b43d709cb328cedaf18c446af448f705c33d553e8c2e9f7,5170ec511fb50cdf10d648416d508574d70e9781ddf156a1b2a86d2b385e94dc,100,1729,maximum_nontransitivity_information_gain,2000.0,3000.0
kata1-b6c96-s4136960-d1510003-temp-0.7,100,547.5358914596533,471.74860179977543,623.3231811195311,563.7077469756265,-16.17185551597322,2,a5803f8a5d9d87202b43d709cb328cedaf18c446af448f705c33d553e8c2e9f7,5170ec511fb50cdf10d648416d508574d70e9781ddf156a1b2a86d2b385e94dc,100,1729,maximum_nontransitivity_information_gain,2000.0,3000.0
kata1-b6c96-s6127360-d1754797-temp-0.9,2,1161.8508788363115,-1283.5566522896484,3607.2584099622713,640.4095810886414,521.4412977476701,2,a5803f8a5d9d87202b43d709cb328cedaf18c446af448f705c33d553e8c2e9f7,5170ec511fb50cdf10d648416d508574d70e9781ddf156a1b2a86d2b385e94dc,100,1729,maximum_nontransitivity_information_gain,2000.0,3000.0
kata1-b6c96-s6127360-d1754797-temp-0.9,4,411.4919025669111,-1450.4212173754927,2273.405022509315,640.4095810886414,-228.9176785217303,2,a5803f8a5d9d87202b43d709cb328cedaf18c446af448f705c33d553e8c2e9f7,5170ec511fb50cdf10d648416d508574d70e9781ddf156a1b2a86d2b385e94dc,100,1729,maximum_nontransitivity_information_gain,2000.0,3000.0
kata1-b6c96-s6127360-d1754797-temp-0.9,6,809.9126047080655,286.5183537652455,1333.3068556508856,640.4095810886414,169.50302361942408,2,a5803f8a5d9d87202b43d709cb328cedaf18c446af448f705c33d553e8c2e9f7,5170ec511fb50cdf10d648416d508574d70e9781ddf156a1b2a86d2b385e94dc,100,1729,maximum_nontransitivity_information_gain,2000.0,3000.0
kata1-b6c96-s6127360-d1754797-temp-0.9,8,625.0832786360507,245.62436136078054,1004.542195911321,640.4095810886414,-15.326302452590653,2,a5803f8a5d9d87202b43d709cb328cedaf18c446af448f705c33d553e8c2e9f7,5170ec511fb50cdf10d648416d508574d70e9781ddf156a1b2a86d2b385e94dc,100,1729,maximum_nontransitivity_information_gain,2000.0,3000.0
kata1-b6c96-s6127360-d1754797-temp-0.9,10,645.5232175751507,343.7881851388776,947.2582500114238,640.4095810886414,5.1136364865093356,2,a5803f8a5d9d87202b43d709cb328cedaf18c446af448f705c33d553e8c2e9f7,5170ec511fb50cdf10d648416d508574d70e9781ddf156a1b2a86d2b385e94dc,100,1729,maximum_nontransitivity_information_gain,2000.0,3000.0
kata1-b6c96-s6127360-d1754797-temp-0.9,12,551.3543196040928,280.7370389348472,821.9716002733384,640.4095810886414,-89.05526148454862,2,a5803f8a5d9d87202b43d709cb328cedaf18c446af448f705c33d553e8c2e9f7,5170ec511fb50cdf10d648416d508574d70e9781ddf156a1b2a86d2b385e94dc,100,1729,maximum_nontransitivity_information_gain,2000.0,3000.0
kata1-b6c96-s6127360-d1754797-temp-0.9,14,635.4072251413506,403.70739191462167,867.1070583680796,640.4095810886414,-5.002355947290766,2,a5803f8a5d9d87202b43d709cb328cedaf18c446af448f705c33d553e8c2e9f7,5170ec511fb50cdf10d648416d508574d70e9781ddf156a1b2a86d2b385e94dc,100,1729,maximum_nontransitivity_information_gain,2000.0,3000.0
kata1-b6c96-s6127360-d1754797-temp-0.9,16,643.5254132066267,433.06411016606944,853.986716247184,640.4095810886414,3.115832117985292,2,a5803f8a5d9d87202b43d709cb328cedaf18c446af448f705c33d553e8c2e9f7,5170ec511fb50cdf10d648416d508574d70e9781ddf156a1b2a86d2b385e94dc,100,1729,maximum_nontransitivity_information_gain,2000.0,3000.0
kata1-b6c96-s6127360-d1754797-temp-0.9,18,705.0363009845621,510.90337545939417,899.16922650973,640.4095810886414,64.6267198959207,2,a5803f8a5d9d87202b43d709cb328cedaf18c446af448f705c33d553e8c2e9f7,5170ec511fb50cdf10d648416d508574d70e9781ddf156a1b2a86d2b385e94dc,100,1729,maximum_nontransitivity_information_gain,2000.0,3000.0
kata1-b6c96-s6127360-d1754797-temp-0.9,20,658.5214094781098,477.2053992070979,839.8374197491218,640.4095810886414,18.111828389468428,2,a5803f8a5d9d87202b43d709cb328cedaf18c446af448f705c33d553e8c2e9f7,5170ec511fb50cdf10d648416d508574d70e9781ddf156a1b2a86d2b385e94dc,100,1729,maximum_nontransitivity_information_gain,2000.0,3000.0
kata1-b6c96-s6127360-d1754797-temp-0.9,22,704.1756958288486,533.6355739435371,874.71581771416,640.4095810886414,63.76611474020717,2,a5803f8a5d9d87202b43d709cb328cedaf18c446af448f705c33d553e8c2e9f7,5170ec511fb50cdf10d648416d508574d70e9781ddf156a1b2a86d2b385e94dc,100,1729,maximum_nontransitivity_information_gain,2000.0,3000.0
kata1-b6c96-s6127360-d1754797-temp-0.9,24,706.0274648513911,544.433099488962,867.6218302138202,640.4095810886414,65.61788376274967,2,a5803f8a5d9d87202b43d709cb328cedaf18c446af448f705c33d553e8c2e9f7,5170ec511fb50cdf10d648416d508574d70e9781ddf156a1b2a86d2b385e94dc,100,1729,maximum_nontransitivity_information_gain,2000.0,3000.0
kata1-b6c96-s6127360-d1754797-temp-0.9,26,672.4855211471858,518.4206697231896,826.5503725711819,640.4095810886414,32.07594005854435,2,a5803f8a5d9d87202b43d709cb328cedaf18c446af448f705c33d553e8c2e9f7,5170ec511fb50cdf10d648416d508574d70e9781ddf156a1b2a86d2b385e94dc,100,1729,maximum_nontransitivity_information_gain,2000.0,3000.0
kata1-b6c96-s6127360-d1754797-temp-0.9,28,673.1860202061615,525.781387541452,820.590652870871,640.4095810886414,32.77643911752011,2,a5803f8a5d9d87202b43d709cb328cedaf18c446af448f705c33d553e8c2e9f7,5170ec511fb50cdf10d648416d508574d70e9781ddf156a1b2a86d2b385e94dc,100,1729,maximum_nontransitivity_information_gain,2000.0,3000.0
kata1-b6c96-s6127360-d1754797-temp-0.9,30,644.1041029681862,501.7805794766293,786.4276264597431,640.4095810886414,3.6945218795448227,2,a5803f8a5d9d87202b43d709cb328cedaf18c446af448f705c33d553e8c2e9f7,5170ec511fb50cdf10d648416d508574d70e9781ddf156a1b2a86d2b385e94dc,100,1729,maximum_nontransitivity_information_gain,2000.0,3000.0
kata1-b6c96-s6127360-d1754797-temp-0.9,32,618.9193713998418,480.66612738371106,757.1726154159726,640.4095810886414,-21.49020968879961,2,a5803f8a5d9d87202b43d709cb328cedaf18c446af448f705c33d553e8c2e9f7,5170ec511fb50cdf10d648416d508574d70e9781ddf156a1b2a86d2b385e94dc,100,1729,maximum_nontransitivity_information_gain,2000.0,3000.0
kata1-b6c96-s6127360-d1754797-temp-0.9,34,641.0684081023147,508.40907603862905,773.7277401660003,640.4095810886414,0.6588270136733172,2,a5803f8a5d9d87202b43d709cb328cedaf18c446af448f705c33d553e8c2e9f7,5170ec511fb50cdf10d648416d508574d70e9781ddf156a1b2a86d2b385e94dc,100,1729,maximum_nontransitivity_information_gain,2000.0,3000.0
kata1-b6c96-s6127360-d1754797-temp-0.9,36,667.7599474812145,539.8573597922631,795.6625351701658,640.4095810886414,27.35036639257305,2,a5803f8a5d9d87202b43d709cb328cedaf18c446af448f705c33d553e8c2e9f7,5170ec511fb50cdf10d648416d508574d70e9781ddf156a1b2a86d2b385e94dc,100,1729,maximum_nontransitivity_information_gain,2000.0,3000.0
kata1-b6c96-s6127360-d1754797-temp-0.9,38,668.537286325632,544.4683113575837,792.6062612936802,640.4095810886414,28.12770523699055,2,a5803f8a5d9d87202b43d709cb328cedaf18c446af448f705c33d553e8c2e9f7,5170ec511fb50cdf10d648416d508574d70e9781ddf156a1b2a86d2b385e94dc,100,1729,maximum_nontransitivity_information_gain,2000.0,3000.0
kata1-b6c96-s6127360-d1754797-temp-0.9,40,647.9140512860913,526.9949081280117,768.8331944441709,640.4095810886414,7.504470197449905,2,a5803f8a5d9d87202b43d709cb328cedaf18c446af448f705c33d553e8c2e9f7,5170ec511fb50cdf10d648416d508574d70e9781ddf156a1b2a86d2b385e94dc,100,1729,maximum_nontransitivity_information_gain,2000.0,3000.0
kata1-b6c96-s6127360-d1754797-temp-0.9,42,629.3591016276027,511.1053260365232,747.6128772186823,640.4095810886414,-11.050479461038663,2,a5803f8a5d9d87202b43d709cb328cedaf18c446af448f705c33d553e8c2e9f7,5170ec511fb50cdf10d648416d508574d70e9781ddf156a1b2a86d2b385e94dc,100,1729,maximum_nontransitivity_information_gain,2000.0,3000.0
kata1-b6c96-s6127360-d1754797-temp-0.9,44,625.7941337983458,510.39462279108625,741.1936448056053,640.4095810886414,-14.615447290295606,2,a5803f8a5d9d87202b43d709cb328cedaf18c446af448f705c33d553e8c2e9f7,5170ec511fb50cdf10d648416d508574d70e9781ddf156a1b2a86d2b385e94dc,100,1729,maximum_nontransitivity_information_gain,2000.0,3000.0
kata1-b6c96-s6127360-d1754797-temp-0.9,46,641.1736855789188,528.8894709752062,753.4579001826314,640.4095810886414,0.7641044902774183,2,a5803f8a5d9d87202b43d709cb328cedaf18c446af448f705c33d553e8c2e9f7,5170ec511fb50cdf10d648416d508574d70e9781ddf156a1b2a86d2b385e94dc,100,1729,maximum_nontransitivity_information_gain,2000.0,3000.0
kata1-b6c96-s6127360-d1754797-temp-0.9,48,625.4443804645734,515.3489822569273,735.5397786722195,640.4095810886414,-14.965200624067961,2,a5803f8a5d9d87202b43d709cb328cedaf18c446af448f705c33d553e8c2e9f7,5170ec511fb50cdf10d648416d508574d70e9781ddf156a1b2a86d2b385e94dc,100,1729,maximum_nontransitivity_information_gain,2000.0,3000.0
kata1-b6c96-s6127360-d1754797-temp-0.9,50,622.5142586606598,514.7407076369406,730.2878096843791,640.4095810886414,-17.89532242798157,2,a5803f8a5d9d87202b43d709cb328cedaf18c446af448f705c33d553e8c2e9f7,5170ec511fb50cdf10d648416d508574d70e9781ddf156a1b2a86d2b385e94dc,100,1729,maximum_nontransitivity_information_gain,2000.0,3000.0
kata1-b6c96-s6127360-d1754797-temp-0.9,52,619.7739998369034,514.1911847513954,725.3568149224113,640.4095810886414,-20.635581251738017,2,a5803f8a5d9d87202b43d709cb328cedaf18c446af448f705c33d553e8c2e9f7,5170ec511fb50cdf10d648416d508574d70e9781ddf156a1b2a86d2b385e94dc,100,1729,maximum_nontransitivity_information_gain,2000.0,3000.0
kata1-b6c96-s6127360-d1754797-temp-0.9,54,617.2531082354672,513.736654483075,720.7695619878593,640.4095810886414,-23.15647285317425,2,a5803f8a5d9d87202b43d709cb328cedaf18c446af448f705c33d553e8c2e9f7,5170ec511fb50cdf10d648416d508574d70e9781ddf156a1b2a86d2b385e94dc,100,1729,maximum_nontransitivity_information_gain,2000.0,3000.0
kata1-b6c96-s6127360-d1754797-temp-0.9,56,630.006118686024,528.6940500893979,731.3181872826501,640.4095810886414,-10.403462402617379,2,a5803f8a5d9d87202b43d709cb328cedaf18c446af448f705c33d553e8c2e9f7,5170ec511fb50cdf10d648416d508574d70e9781ddf156a1b2a86d2b385e94dc,100,1729,maximum_nontransitivity_information_gain,2000.0,3000.0
kata1-b6c96-s6127360-d1754797-temp-0.9,58,617.5837455256273,517.9195409778584,717.247950073396,640.4095810886414,-22.825835563014152,2,a5803f8a5d9d87202b43d709cb328cedaf18c446af448f705c33d553e8c2e9f7,5170ec511fb50cdf10d648416d508574d70e9781ddf156a1b2a86d2b385e94dc,100,1729,maximum_nontransitivity_information_gain,2000.0,3000.0
kata1-b6c96-s6127360-d1754797-temp-0.9,60,615.4619714210743,517.5342741938616,713.3896686482869,640.4095810886414,-24.94760966756712,2,a5803f8a5d9d87202b43d709cb328cedaf18c446af448f705c33d553e8c2e9f7,5170ec511fb50cdf10d648416d508574d70e9781ddf156a1b2a86d2b385e94dc,100,1729,maximum_nontransitivity_information_gain,2000.0,3000.0
kata1-b6c96-s6127360-d1754797-temp-0.9,62,613.4908895217485,517.2126318820146,709.7691471614824,640.4095810886414,-26.918691566892903,2,a5803f8a5d9d87202b43d709cb328cedaf18c446af448f705c33d553e8c2e9f7,5170ec511fb50cdf10d648416d508574d70e9781ddf156a1b2a86d2b385e94dc,100,1729,maximum_nontransitivity_information_gain,2000.0,3000.0
kata1-b6c96-s6127360-d1754797-temp-0.9,64,598.5293279601752,503.5562732861595,693.502382634191,640.4095810886414,-41.880253128466165,2,a5803f8a5d9d87202b43d709cb328cedaf18c446af448f705c33d553e8c2e9f7,5170ec511fb50cdf10d648416d508574d70e9781ddf156a1b2a86d2b385e94dc,100,1729,maximum_nontransitivity_information_gain,2000.0,3000.0
kata1-b6c96-s6127360-d1754797-temp-0.9,66,597.2468362212306,503.78997135471803,690.7037010877432,640.4095810886414,-43.162744867410765,2,a5803f8a5d9d87202b43d709cb328cedaf18c446af448f705c33d553e8c2e9f7,5170ec511fb50cdf10d648416d508574d70e9781ddf156a1b2a86d2b385e94dc,100,1729,maximum_nontransitivity_information_gain,2000.0,3000.0
kata1-b6c96-s6127360-d1754797-temp-0.9,68,608.2817595553444,516.4957176324157,700.067801478273,640.4095810886414,-32.12782153329704,2,a5803f8a5d9d87202b43d709cb328cedaf18c446af448f705c33d553e8c2e9f7,5170ec511fb50cdf10d648416d508574d70e9781ddf156a1b2a86d2b385e94dc,100,1729,maximum_nontransitivity_information_gain,2000.0,3000.0
kata1-b6c96-s6127360-d1754797-temp-0.9,70,606.7806991693998,516.3551748510395,697.2062234877601,640.4095810886414,-33.62888191924162,2,a5803f8a5d9d87202b43d709cb328cedaf18c446af448f705c33d553e8c2e9f7,5170ec511fb50cdf10d648416d508574d70e9781ddf156a1b2a86d2b385e94dc,100,1729,maximum_nontransitivity_information_gain,2000.0,3000.0
kata1-b6c96-s6127360-d1754797-temp-0.9,72,605.3715164618052,516.2465501221981,694.4964828014123,640.4095810886414,-35.03806462683622,2,a5803f8a5d9d87202b43d709cb328cedaf18c446af448f705c33d553e8c2e9f7,5170ec511fb50cdf10d648416d508574d70e9781ddf156a1b2a86d2b385e94dc,100,1729,maximum_nontransitivity_information_gain,2000.0,3000.0
kata1-b6c96-s6127360-d1754797-temp-0.9,74,592.828710874907,504.7731121774613,680.8843095723525,640.4095810886414,-47.58087021373444,2,a5803f8a5d9d87202b43d709cb328cedaf18c446af448f705c33d553e8c2e9f7,5170ec511fb50cdf10d648416d508574d70e9781ddf156a1b2a86d2b385e94dc,100,1729,maximum_nontransitivity_information_gain,2000.0,3000.0
kata1-b6c96-s6127360-d1754797-temp-0.9,76,602.7389149832812,516.0550087673148,689.4228211992477,640.4095810886414,-37.67066610536017,2,a5803f8a5d9d87202b43d709cb328cedaf18c446af448f705c33d553e8c2e9f7,5170ec511fb50cdf10d648416d508574d70e9781ddf156a1b2a86d2b385e94dc,100,1729,maximum_nontransitivity_information_gain,2000.0,3000.0
kata1-b6c96-s6127360-d1754797-temp-0.9,78,612.0647773279284,526.6263252356928,697.503229420164,640.4095810886414,-28.344803760713035,2,a5803f8a5d9d87202b43d709cb328cedaf18c446af448f705c33d553e8c2e9f7,5170ec511fb50cdf10d648416d508574d70e9781ddf156a1b2a86d2b385e94dc,100,1729,maximum_nontransitivity_information_gain,2000.0,3000.0
kata1-b6c96-s6127360-d1754797-temp-0.9,80,610.6694743167768,526.3220099897993,695.0169386437543,640.4095810886414,-29.74010677186459,2,a5803f8a5d9d87202b43d709cb328cedaf18c446af448f705c33d553e8c2e9f7,5170ec511fb50cdf10d648416d508574d70e9781ddf156a1b2a86d2b385e94dc,100,1729,maximum_nontransitivity_information_gain,2000.0,3000.0
kata1-b6c96-s6127360-d1754797-temp-0.9,82,609.2889540523317,525.9940545359547,692.5838535687088,640.4095810886414,-31.120627036309656,2,a5803f8a5d9d87202b43d709cb328cedaf18c446af448f705c33d553e8c2e9f7,5170ec511fb50cdf10d648416d508574d70e9781ddf156a1b2a86d2b385e94dc,100,1729,maximum_nontransitivity_information_gain,2000.0,3000.0
kata1-b6c96-s6127360-d1754797-temp-0.9,84,607.9771149665714,525.6949862378134,690.2592436953295,640.4095810886414,-32.43246612206997,2,a5803f8a5d9d87202b43d709cb328cedaf18c446af448f705c33d553e8c2e9f7,5170ec511fb50cdf10d648416d508574d70e9781ddf156a1b2a86d2b385e94dc,100,1729,maximum_nontransitivity_information_gain,2000.0,3000.0
kata1-b6c96-s6127360-d1754797-temp-0.9,86,606.7288885152831,525.4220737002659,688.0357033303003,640.4095810886414,-33.68069257335833,2,a5803f8a5d9d87202b43d709cb328cedaf18c446af448f705c33d553e8c2e9f7,5170ec511fb50cdf10d648416d508574d70e9781ddf156a1b2a86d2b385e94dc,100,1729,maximum_nontransitivity_information_gain,2000.0,3000.0
kata1-b6c96-s6127360-d1754797-temp-0.9,88,604.3995293296348,524.014879695018,684.7841789642516,640.4095810886414,-36.010051759006615,2,a5803f8a5d9d87202b43d709cb328cedaf18c446af448f705c33d553e8c2e9f7,5170ec511fb50cdf10d648416d508574d70e9781ddf156a1b2a86d2b385e94dc,100,1729,maximum_nontransitivity_information_gain,2000.0,3000.0
kata1-b6c96-s6127360-d1754797-temp-0.9,90,597.6413305801191,518.1156435438048,677.1670176164333,640.4095810886414,-42.76825050852233,2,a5803f8a5d9d87202b43d709cb328cedaf18c446af448f705c33d553e8c2e9f7,5170ec511fb50cdf10d648416d508574d70e9781ddf156a1b2a86d2b385e94dc,100,1729,maximum_nontransitivity_information_gain,2000.0,3000.0
kata1-b6c96-s6127360-d1754797-temp-0.9,92,604.6141848606924,525.9971883380686,683.2311813833162,640.4095810886414,-35.79539622794903,2,a5803f8a5d9d87202b43d709cb328cedaf18c446af448f705c33d553e8c2e9f7,5170ec511fb50cdf10d648416d508574d70e9781ddf156a1b2a86d2b385e94dc,100,1729,maximum_nontransitivity_information_gain,2000.0,3000.0
kata1-b6c96-s6127360-d1754797-temp-0.9,94,612.2109335580774,534.4535631315522,689.9683039846026,640.4095810886414,-28.198647530564017,2,a5803f8a5d9d87202b43d709cb328cedaf18c446af448f705c33d553e8c2e9f7,5170ec511fb50cdf10d648416d508574d70e9781ddf156a1b2a86d2b385e94dc,100,1729,maximum_nontransitivity_information_gain,2000.0,3000.0
kata1-b6c96-s6127360-d1754797-temp-0.9,96,613.7227790420008,536.7836641683818,690.6618939156197,640.4095810886414,-26.68680204664065,2,a5803f8a5d9d87202b43d709cb328cedaf18c446af448f705c33d553e8c2e9f7,5170ec511fb50cdf10d648416d508574d70e9781ddf156a1b2a86d2b385e94dc,100,1729,maximum_nontransitivity_information_gain,2000.0,3000.0
kata1-b6c96-s6127360-d1754797-temp-0.9,98,606.9221268826319,530.756873174065,683.0873805911988,640.4095810886414,-33.48745420600949,2,a5803f8a5d9d87202b43d709cb328cedaf18c446af448f705c33d553e8c2e9f7,5170ec511fb50cdf10d648416d508574d70e9781ddf156a1b2a86d2b385e94dc,100,1729,maximum_nontransitivity_information_gain,2000.0,3000.0
kata1-b6c96-s6127360-d1754797-temp-0.9,100,605.8654842236167,530.469746969782,681.2612214774514,640.4095810886414,-34.5440968650247,2,a5803f8a5d9d87202b43d709cb328cedaf18c446af448f705c33d553e8c2e9f7,5170ec511fb50cdf10d648416d508574d70e9781ddf156a1b2a86d2b385e94dc,100,1729,maximum_nontransitivity_information_gain,2000.0,3000.0
kata1-b6c96-s4136960-d1510003-temp-0.5,2,1157.806807115204,-1282.7878390423286,3598.401453272737,731.184037384491,426.622769730713,2,a5803f8a5d9d87202b43d709cb328cedaf18c446af448f705c33d553e8c2e9f7,5170ec511fb50cdf10d648416d508574d70e9781ddf156a1b2a86d2b385e94dc,100,1729,maximum_nontransitivity_information_gain,2000.0,3000.0
kata1-b6c96-s4136960-d1510003-temp-0.5,4,407.4707878019053,-1452.3955450009387,2267.3371206047495,731.184037384491,-323.7132495825857,2,a5803f8a5d9d87202b43d709cb328cedaf18c446af448f705c33d553e8c2e9f7,5170ec511fb50cdf10d648416d508574d70e9781ddf156a1b2a86d2b385e94dc,100,1729,maximum_nontransitivity_information_gain,2000.0,3000.0
kata1-b6c96-s4136960-d1510003-temp-0.5,6,441.22495805542354,-42.97214958698572,925.4220656978327,731.184037384491,-289.9590793290675,2,a5803f8a5d9d87202b43d709cb328cedaf18c446af448f705c33d553e8c2e9f7,5170ec511fb50cdf10d648416d508574d70e9781ddf156a1b2a86d2b385e94dc,100,1729,maximum_nontransitivity_information_gain,2000.0,3000.0
kata1-b6c96-s4136960-d1510003-temp-0.5,8,442.5283627185248,92.9268619768863,792.1298634601633,731.184037384491,-288.6556746659662,2,a5803f8a5d9d87202b43d709cb328cedaf18c446af448f705c33d553e8c2e9f7,5170ec511fb50cdf10d648416d508574d70e9781ddf156a1b2a86d2b385e94dc,100,1729,maximum_nontransitivity_information_gain,2000.0,3000.0
kata1-b6c96-s4136960-d1510003-temp-0.5,10,568.3549015118192,271.76098858480844,864.9488144388299,731.184037384491,-162.82913587267183,2,a5803f8a5d9d87202b43d709cb328cedaf18c446af448f705c33d553e8c2e9f7,5170ec511fb50cdf10d648416d508574d70e9781ddf156a1b2a86d2b385e94dc,100,1729,maximum_nontransitivity_information_gain,2000.0,3000.0
kata1-b6c96-s4136960-d1510003-temp-0.5,12,670.6084290341701,397.1686152424718,944.0482428258683,731.184037384491,-60.57560835032098,2,a5803f8a5d9d87202b43d709cb328cedaf18c446af448f705c33d553e8c2e9f7,5170ec511fb50cdf10d648416d508574d70e9781ddf156a1b2a86d2b385e94dc,100,1729,maximum_nontransitivity_information_gain,2000.0,3000.0
kata1-b6c96-s4136960-d1510003-temp-0.5,14,767.8030544953729,508.0347777389968,1027.571331251749,731.184037384491,36.61901711088183,2,a5803f8a5d9d87202b43d709cb328cedaf18c446af448f705c33d553e8c2e9f7,5170ec511fb50cdf10d648416d508574d70e9781ddf156a1b2a86d2b385e94dc,100,1729,maximum_nontransitivity_information_gain,2000.0,3000.0
kata1-b6c96-s4136960-d1510003-temp-0.5,16,835.1911192958504,588.4120806902704,1081.9701579014304,731.184037384491,104.00708191135936,2,a5803f8a5d9d87202b43d709cb328cedaf18c446af448f705c33d553e8c2e9f7,5170ec511fb50cdf10d648416d508574d70e9781ddf156a1b2a86d2b385e94dc,100,1729,maximum_nontransitivity_information_gain,2000.0,3000.0
kata1-b6c96-s4136960-d1510003-temp-0.5,18,768.645607622387,557.4945559453495,979.7966592994246,731.184037384491,37.46157023789601,2,a5803f8a5d9d87202b43d709cb328cedaf18c446af448f705c33d553e8c2e9f7,5170ec511fb50cdf10d648416d508574d70e9781ddf156a1b2a86d2b385e94dc,100,1729,maximum_nontransitivity_information_gain,2000.0,3000.0
kata1-b6c96-s4136960-d1510003-temp-0.5,20,780.8877598038961,584.536174757019,977.2393448507731,731.184037384491,49.70372241940504,2,a5803f8a5d9d87202b43d709cb328cedaf18c446af448f705c33d553e8c2e9f7,5170ec511fb50cdf10d648416d508574d70e9781ddf156a1b2a86d2b385e94dc,100,1729,maximum_nontransitivity_information_gain,2000.0,3000.0
kata1-b6c96-s4136960-d1510003-temp-0.5,22,790.053554703582,606.1625389726526,973.9445704345114,731.184037384491,58.86951731909096,2,a5803f8a5d9d87202b43d709cb328cedaf18c446af448f705c33d553e8c2e9f7,5170ec511fb50cdf10d648416d508574d70e9781ddf156a1b2a86d2b385e94dc,100,1729,maximum_nontransitivity_information_gain,2000.0,3000.0
kata1-b6c96-s4136960-d1510003-temp-0.5,24,797.1339708112846,623.7903589930536,970.4775826295156,731.184037384491,65.94993342679356,2,a5803f8a5d9d87202b43d709cb328cedaf18c446af448f705c33d553e8c2e9f7,5170ec511fb50cdf10d648416d508574d70e9781ddf156a1b2a86d2b385e94dc,100,1729,maximum_nontransitivity_information_gain,2000.0,3000.0
kata1-b6c96-s4136960-d1510003-temp-0.5,26,802.7505496321886,638.4231250705034,967.0779741938738,731.184037384491,71.56651224769757,2,a5803f8a5d9d87202b43d709cb328cedaf18c446af448f705c33d553e8c2e9f7,5170ec511fb50cdf10d648416d508574d70e9781ddf156a1b2a86d2b385e94dc,100,1729,maximum_nontransitivity_information_gain,2000.0,3000.0
kata1-b6c96-s4136960-d1510003-temp-0.5,28,807.3064748886029,650.769782088617,963.8431676885888,731.184037384491,76.12243750411187,2,a5803f8a5d9d87202b43d709cb328cedaf18c446af448f705c33d553e8c2e9f7,5170ec511fb50cdf10d648416d508574d70e9781ddf156a1b2a86d2b385e94dc,100,1729,maximum_nontransitivity_information_gain,2000.0,3000.0
kata1-b6c96-s4136960-d1510003-temp-0.5,30,811.0212585571383,661.2903486672997,960.7521684469768,731.184037384491,79.83722117264722,2,a5803f8a5d9d87202b43d709cb328cedaf18c446af448f705c33d553e8c2e9f7,5170ec511fb50cdf10d648416d508574d70e9781ddf156a1b2a86d2b385e94dc,100,1729,maximum_nontransitivity_information_gain,2000.0,3000.0
kata1-b6c96-s4136960-d1510003-temp-0.5,32,783.9304313730257,640.693985671442,927.1668770746095,731.184037384491,52.74639398853469,2,a5803f8a5d9d87202b43d709cb328cedaf18c446af448f705c33d553e8c2e9f7,5170ec511fb50cdf10d648416d508574d70e9781ddf156a1b2a86d2b385e94dc,100,1729,maximum_nontransitivity_information_gain,2000.0,3000.0
kata1-b6c96-s4136960-d1510003-temp-0.5,34,760.8615191934207,622.7425928628503,898.9804455239911,731.184037384491,29.677481808929656,2,a5803f8a5d9d87202b43d709cb328cedaf18c446af448f705c33d553e8c2e9f7,5170ec511fb50cdf10d648416d508574d70e9781ddf156a1b2a86d2b385e94dc,100,1729,maximum_nontransitivity_information_gain,2000.0,3000.0
kata1-b6c96-s4136960-d1510003-temp-0.5,36,782.2251161007143,648.8125209233056,915.6377112781231,731.184037384491,51.041078716223296,2,a5803f8a5d9d87202b43d709cb328cedaf18c446af448f705c33d553e8c2e9f7,5170ec511fb50cdf10d648416d508574d70e9781ddf156a1b2a86d2b385e94dc,100,1729,maximum_nontransitivity_information_gain,2000.0,3000.0
kata1-b6c96-s4136960-d1510003-temp-0.5,38,786.6525599711377,657.453560747838,915.8515591944375,731.184037384491,55.46852258664671,2,a5803f8a5d9d87202b43d709cb328cedaf18c446af448f705c33d553e8c2e9f7,5170ec511fb50cdf10d648416d508574d70e9781ddf156a1b2a86d2b385e94dc,100,1729,maximum_nontransitivity_information_gain,2000.0,3000.0
kata1-b6c96-s4136960-d1510003-temp-0.5,40,767.5593825214177,642.1211258647088,892.9976391781265,731.184037384491,36.375345136926626,2,a5803f8a5d9d87202b43d709cb328cedaf18c446af448f705c33d553e8c2e9f7,5170ec511fb50cdf10d648416d508574d70e9781ddf156a1b2a86d2b385e94dc,100,1729,maximum_nontransitivity_information_gain,2000.0,3000.0
kata1-b6c96-s4136960-d1510003-temp-0.5,42,763.1269777650429,641.1727269244857,885.0812286056,731.184037384491,31.942940380551818,2,a5803f8a5d9d87202b43d709cb328cedaf18c446af448f705c33d553e8c2e9f7,5170ec511fb50cdf10d648416d508574d70e9781ddf156a1b2a86d2b385e94dc,100,1729,maximum_nontransitivity_information_gain,2000.0,3000.0
kata1-b6c96-s4136960-d1510003-temp-0.5,44,779.8314318031503,661.1145964067574,898.5482671995431,731.184037384491,48.647394418659246,2,a5803f8a5d9d87202b43d709cb328cedaf18c446af448f705c33d553e8c2e9f7,5170ec511fb50cdf10d648416d508574d70e9781ddf156a1b2a86d2b385e94dc,100,1729,maximum_nontransitivity_information_gain,2000.0,3000.0
kata1-b6c96-s4136960-d1510003-temp-0.5,46,783.4517874817466,667.6989120426547,899.2046629208385,731.184037384491,52.26775009725554,2,a5803f8a5d9d87202b43d709cb328cedaf18c446af448f705c33d553e8c2e9f7,5170ec511fb50cdf10d648416d508574d70e9781ddf156a1b2a86d2b385e94dc,100,1729,maximum_nontransitivity_information_gain,2000.0,3000.0
kata1-b6c96-s4136960-d1510003-temp-0.5,48,768.1855446234478,655.1352631173929,881.2358261295026,731.184037384491,37.00150723895672,2,a5803f8a5d9d87202b43d709cb328cedaf18c446af448f705c33d553e8c2e9f7,5170ec511fb50cdf10d648416d508574d70e9781ddf156a1b2a86d2b385e94dc,100,1729,maximum_nontransitivity_information_gain,2000.0,3000.0
kata1-b6c96-s4136960-d1510003-temp-0.5,50,746.6043834708927,635.9136277283619,857.2951392134235,731.184037384491,15.42034608640165,2,a5803f8a5d9d87202b43d709cb328cedaf18c446af448f705c33d553e8c2e9f7,5170ec511fb50cdf10d648416d508574d70e9781ddf156a1b2a86d2b385e94dc,100,1729,maximum_nontransitivity_information_gain,2000.0,3000.0
kata1-b6c96-s4136960-d1510003-temp-0.5,52,761.1480814379347,653.0342269427888,869.2619359330806,731.184037384491,29.964044053443672,2,a5803f8a5d9d87202b43d709cb328cedaf18c446af448f705c33d553e8c2e9f7,5170ec511fb50cdf10d648416d508574d70e9781ddf156a1b2a86d2b385e94dc,100,1729,maximum_nontransitivity_information_gain,2000.0,3000.0
kata1-b6c96-s4136960-d1510003-temp-0.5,54,774.4222831236478,668.5519782909967,880.292587956299,731.184037384491,43.23824573915681,2,a5803f8a5d9d87202b43d709cb328cedaf18c446af448f705c33d553e8c2e9f7,5170ec511fb50cdf10d648416d508574d70e9781ddf156a1b2a86d2b385e94dc,100,1729,maximum_nontransitivity_information_gain,2000.0,3000.0
kata1-b6c96-s4136960-d1510003-temp-0.5,56,755.2594752230929,651.4960402800208,859.0229101661649,731.184037384491,24.07543783860183,2,a5803f8a5d9d87202b43d709cb328cedaf18c446af448f705c33d553e8c2e9f7,5170ec511fb50cdf10d648416d508574d70e9781ddf156a1b2a86d2b385e94dc,100,1729,maximum_nontransitivity_information_gain,2000.0,3000.0
kata1-b6c96-s4136960-d1510003-temp-0.5,58,752.691298633288,650.913756642312,854.4688406242641,731.184037384491,21.507261248797022,2,a5803f8a5d9d87202b43d709cb328cedaf18c446af448f705c33d553e8c2e9f7,5170ec511fb50cdf10d648416d508574d70e9781ddf156a1b2a86d2b385e94dc,100,1729,maximum_nontransitivity_information_gain,2000.0,3000.0
kata1-b6c96-s4136960-d1510003-temp-0.5,60,750.3205089466143,650.4180706986012,850.2229471946273,731.184037384491,19.136471562123234,2,a5803f8a5d9d87202b43d709cb328cedaf18c446af448f705c33d553e8c2e9f7,5170ec511fb50cdf10d648416d508574d70e9781ddf156a1b2a86d2b385e94dc,100,1729,maximum_nontransitivity_information_gain,2000.0,3000.0
kata1-b6c96-s4136960-d1510003-temp-0.5,62,748.1257267855673,649.9969242259333,846.2545293452013,731.184037384491,16.941689401076246,2,a5803f8a5d9d87202b43d709cb328cedaf18c446af448f705c33d553e8c2e9f7,5170ec511fb50cdf10d648416d508574d70e9781ddf156a1b2a86d2b385e94dc,100,1729,maximum_nontransitivity_information_gain,2000.0,3000.0
kata1-b6c96-s4136960-d1510003-temp-0.5,64,759.5197158501331,663.0561304063452,855.983301293921,731.184037384491,28.335678465642104,2,a5803f8a5d9d87202b43d709cb328cedaf18c446af448f705c33d553e8c2e9f7,5170ec511fb50cdf10d648416d508574d70e9781ddf156a1b2a86d2b385e94dc,100,1729,maximum_nontransitivity_information_gain,2000.0,3000.0
kata1-b6c96-s4136960-d1510003-temp-0.5,66,770.1441062144364,675.1765402446387,865.1116721842342,731.184037384491,38.960068829945385,2,a5803f8a5d9d87202b43d709cb328cedaf18c446af448f705c33d553e8c2e9f7,5170ec511fb50cdf10d648416d508574d70e9781ddf156a1b2a86d2b385e94dc,100,1729,maximum_nontransitivity_information_gain,2000.0,3000.0
kata1-b6c96-s4136960-d1510003-temp-0.5,68,772.833547947861,679.3335433850331,866.333552510689,731.184037384491,41.64951056336997,2,a5803f8a5d9d87202b43d709cb328cedaf18c446af448f705c33d553e8c2e9f7,5170ec511fb50cdf10d648416d508574d70e9781ddf156a1b2a86d2b385e94dc,100,1729,maximum_nontransitivity_information_gain,2000.0,3000.0
kata1-b6c96-s4136960-d1510003-temp-0.5,70,775.354004033621,683.2564838866681,867.4515241805739,731.184037384491,44.16996664912995,2,a5803f8a5d9d87202b43d709cb328cedaf18c446af448f705c33d553e8c2e9f7,5170ec511fb50cdf10d648416d508574d70e9781ddf156a1b2a86d2b385e94dc,100,1729,maximum_nontransitivity_information_gain,2000.0,3000.0
kata1-b6c96-s4136960-d1510003-temp-0.5,72,777.7205033207973,686.9644926263974,868.4765140151973,731.184037384491,46.536465936306286,2,a5803f8a5d9d87202b43d709cb328cedaf18c446af448f705c33d553e8c2e9f7,5170ec511fb50cdf10d648416d508574d70e9781ddf156a1b2a86d2b385e94dc,100,1729,maximum_nontransitivity_information_gain,2000.0,3000.0
kata1-b6c96-s4136960-d1510003-temp-0.5,74,768.4826360555455,679.0647746633264,857.9004974477647,731.184037384491,37.29859867105449,2,a5803f8a5d9d87202b43d709cb328cedaf18c446af448f705c33d553e8c2e9f7,5170ec511fb50cdf10d648416d508574d70e9781ddf156a1b2a86d2b385e94dc,100,1729,maximum_nontransitivity_information_gain,2000.0,3000.0
kata1-b6c96-s4136960-d1510003-temp-0.5,76,766.1417168309015,677.9757113002797,854.3077223615232,731.184037384491,34.95767944641045,2,a5803f8a5d9d87202b43d709cb328cedaf18c446af448f705c33d553e8c2e9f7,5170ec511fb50cdf10d648416d508574d70e9781ddf156a1b2a86d2b385e94dc,100,1729,maximum_nontransitivity_information_gain,2000.0,3000.0
kata1-b6c96-s4136960-d1510003-temp-0.5,78,763.9318824232356,676.9655910813802,850.898173765091,731.184037384491,32.74784503874457,2,a5803f8a5d9d87202b43d709cb328cedaf18c446af448f705c33d553e8c2e9f7,5170ec511fb50cdf10d648416d508574d70e9781ddf156a1b2a86d2b385e94dc,100,1729,maximum_nontransitivity_information_gain,2000.0,3000.0
kata1-b6c96-s4136960-d1510003-temp-0.5,80,761.8991281377554,676.0809229539494,847.7173333215613,731.184037384491,30.71509075326435,2,a5803f8a5d9d87202b43d709cb328cedaf18c446af448f705c33d553e8c2e9f7,5170ec511fb50cdf10d648416d508574d70e9781ddf156a1b2a86d2b385e94dc,100,1729,maximum_nontransitivity_information_gain,2000.0,3000.0
kata1-b6c96-s4136960-d1510003-temp-0.5,82,770.2198881681513,685.4500046532194,854.9897716830833,731.184037384491,39.035850783660294,2,a5803f8a5d9d87202b43d709cb328cedaf18c446af448f705c33d553e8c2e9f7,5170ec511fb50cdf10d648416d508574d70e9781ddf156a1b2a86d2b385e94dc,100,1729,maximum_nontransitivity_information_gain,2000.0,3000.0
kata1-b6c96-s4136960-d1510003-temp-0.5,84,778.1172073600194,694.3136248802288,861.92078983981,731.184037384491,46.93316997552836,2,a5803f8a5d9d87202b43d709cb328cedaf18c446af448f705c33d553e8c2e9f7,5170ec511fb50cdf10d648416d508574d70e9781ddf156a1b2a86d2b385e94dc,100,1729,maximum_nontransitivity_information_gain,2000.0,3000.0
kata1-b6c96-s4136960-d1510003-temp-0.5,86,770.253601774526,687.5249348380693,852.9822687109828,731.184037384491,39.069564390035,2,a5803f8a5d9d87202b43d709cb328cedaf18c446af448f705c33d553e8c2e9f7,5170ec511fb50cdf10d648416d508574d70e9781ddf156a1b2a86d2b385e94dc,100,1729,maximum_nontransitivity_information_gain,2000.0,3000.0
kata1-b6c96-s4136960-d1510003-temp-0.5,88,768.25988468036,686.5131226294852,850.0066467312347,731.184037384491,37.075847295868925,2,a5803f8a5d9d87202b43d709cb328cedaf18c446af448f705c33d553e8c2e9f7,5170ec511fb50cdf10d648416d508574d70e9781ddf156a1b2a86d2b385e94dc,100,1729,maximum_nontransitivity_information_gain,2000.0,3000.0
kata1-b6c96-s4136960-d1510003-temp-0.5,90,766.364443592127,685.5638809708497,847.1650062134044,731.184037384491,35.180406207636,2,a5803f8a5d9d87202b43d709cb328cedaf18c446af448f705c33d553e8c2e9f7,5170ec511fb50cdf10d648416d508574d70e9781ddf156a1b2a86d2b385e94dc,100,1729,maximum_nontransitivity_information_gain,2000.0,3000.0
kata1-b6c96-s4136960-d1510003-temp-0.5,92,764.5035166491803,684.6180484225413,844.3889848758192,731.184037384491,33.31947926468922,2,a5803f8a5d9d87202b43d709cb328cedaf18c446af448f705c33d553e8c2e9f7,5170ec511fb50cdf10d648416d508574d70e9781ddf156a1b2a86d2b385e94dc,100,1729,maximum_nontransitivity_information_gain,2000.0,3000.0
kata1-b6c96-s4136960-d1510003-temp-0.5,94,762.7277285248557,683.7254410218252,841.7300160278862,731.184037384491,31.543691140364672,2,a5803f8a5d9d87202b43d709cb328cedaf18c446af448f705c33d553e8c2e9f7,5170ec511fb50cdf10d648416d508574d70e9781ddf156a1b2a86d2b385e94dc,100,1729,maximum_nontransitivity_information_gain,2000.0,3000.0
kata1-b6c96-s4136960-d1510003-temp-0.5,96,769.7144069452249,691.4929496134779,847.935864276972,731.184037384491,38.5303695607339,2,a5803f8a5d9d87202b43d709cb328cedaf18c446af448f705c33d553e8c2e9f7,5170ec511fb50cdf10d648416d508574d70e9781ddf156a1b2a86d2b385e94dc,100,1729,maximum_nontransitivity_information_gain,2000.0,3000.0
kata1-b6c96-s4136960-d1510003-temp-0.5,98,771.5467869734368,694.1197706653642,848.9738032815095,731.184037384491,40.3627495889458,2,a5803f8a5d9d87202b43d709cb328cedaf18c446af448f705c33d553e8c2e9f7,5170ec511fb50cdf10d648416d508574d70e9781ddf156a1b2a86d2b385e94dc,100,1729,maximum_nontransitivity_information_gain,2000.0,3000.0
kata1-b6c96-s4136960-d1510003-temp-0.5,100,765.0003938759562,688.3973057546948,841.6034819972176,731.184037384491,33.81635649146517,2,a5803f8a5d9d87202b43d709cb328cedaf18c446af448f705c33d553e8c2e9f7,5170ec511fb50cdf10d648416d508574d70e9781ddf156a1b2a86d2b385e94dc,100,1729,maximum_nontransitivity_information_gain,2000.0,3000.0
kata1-b6c96-s5214720-d1690538-temp-0.5,2,1145.3735346803142,-1280.5720744393034,3571.3191437999317,859.747739648877,285.6257950314372,2,a5803f8a5d9d87202b43d709cb328cedaf18c446af448f705c33d553e8c2e9f7,5170ec511fb50cdf10d648416d508574d70e9781ddf156a1b2a86d2b385e94dc,100,1729,maximum_nontransitivity_information_gain,2000.0,3000.0
kata1-b6c96-s5214720-d1690538-temp-0.5,4,393.03062939202295,-1459.4035916600844,2245.46485044413,859.747739648877,-466.717110256854,2,a5803f8a5d9d87202b43d709cb328cedaf18c446af448f705c33d553e8c2e9f7,5170ec511fb50cdf10d648416d508574d70e9781ddf156a1b2a86d2b385e94dc,100,1729,maximum_nontransitivity_information_gain,2000.0,3000.0
kata1-b6c96-s5214720-d1690538-temp-0.5,6,801.1823727519189,290.57075977930634,1311.7939857245315,859.747739648877,-58.56536689695804,2,a5803f8a5d9d87202b43d709cb328cedaf18c446af448f705c33d553e8c2e9f7,5170ec511fb50cdf10d648416d508574d70e9781ddf156a1b2a86d2b385e94dc,100,1729,maximum_nontransitivity_information_gain,2000.0,3000.0
kata1-b6c96-s5214720-d1690538-temp-0.5,8,962.6234427413166,585.6451187305893,1339.6017667520439,859.747739648877,102.87570309243961,2,a5803f8a5d9d87202b43d709cb328cedaf18c446af448f705c33d553e8c2e9f7,5170ec511fb50cdf10d648416d508574d70e9781ddf156a1b2a86d2b385e94dc,100,1729,maximum_nontransitivity_information_gain,2000.0,3000.0
kata1-b6c96-s5214720-d1690538-temp-0.5,10,968.5234267591477,667.8159463200263,1269.230907198269,859.747739648877,108.77568711027072,2,a5803f8a5d9d87202b43d709cb328cedaf18c446af448f705c33d553e8c2e9f7,5170ec511fb50cdf10d648416d508574d70e9781ddf156a1b2a86d2b385e94dc,100,1729,maximum_nontransitivity_information_gain,2000.0,3000.0
kata1-b6c96-s5214720-d1690538-temp-0.5,12,971.2896370121125,713.7938050780671,1228.7854689461578,859.747739648877,111.54189736323553,2,a5803f8a5d9d87202b43d709cb328cedaf18c446af448f705c33d553e8c2e9f7,5170ec511fb50cdf10d648416d508574d70e9781ddf156a1b2a86d2b385e94dc,100,1729,maximum_nontransitivity_information_gain,2000.0,3000.0
kata1-b6c96-s5214720-d1690538-temp-0.5,14,972.8916408617239,744.0433721293803,1201.7399095940675,859.747739648877,113.14390121284691,2,a5803f8a5d9d87202b43d709cb328cedaf18c446af448f705c33d553e8c2e9f7,5170ec511fb50cdf10d648416d508574d70e9781ddf156a1b2a86d2b385e94dc,100,1729,maximum_nontransitivity_information_gain,2000.0,3000.0
kata1-b6c96-s5214720-d1690538-temp-0.5,16,973.9392501572233,765.8434921077968,1182.0350082066498,859.747739648877,114.19151050834637,2,a5803f8a5d9d87202b43d709cb328cedaf18c446af448f705c33d553e8c2e9f7,5170ec511fb50cdf10d648416d508574d70e9781ddf156a1b2a86d2b385e94dc,100,1729,maximum_nontransitivity_information_gain,2000.0,3000.0
kata1-b6c96-s5214720-d1690538-temp-0.5,18,919.863202782458,726.7891320421393,1112.9372735227766,859.747739648877,60.11546313358099,2,a5803f8a5d9d87202b43d709cb328cedaf18c446af448f705c33d553e8c2e9f7,5170ec511fb50cdf10d648416d508574d70e9781ddf156a1b2a86d2b385e94dc,100,1729,maximum_nontransitivity_information_gain,2000.0,3000.0
kata1-b6c96-s5214720-d1690538-temp-0.5,20,917.2391735835234,736.9788005936554,1097.4995465733916,859.747739648877,57.491433934646466,2,a5803f8a5d9d87202b43d709cb328cedaf18c446af448f705c33d553e8c2e9f7,5170ec511fb50cdf10d648416d508574d70e9781ddf156a1b2a86d2b385e94dc,100,1729,maximum_nontransitivity_information_gain,2000.0,3000.0
kata1-b6c96-s5214720-d1690538-temp-0.5,22,915.2260567827142,745.5113860076281,1084.9407275578003,859.747739648877,55.47831713383721,2,a5803f8a5d9d87202b43d709cb328cedaf18c446af448f705c33d553e8c2e9f7,5170ec511fb50cdf10d648416d508574d70e9781ddf156a1b2a86d2b385e94dc,100,1729,maximum_nontransitivity_information_gain,2000.0,3000.0
kata1-b6c96-s5214720-d1690538-temp-0.5,24,913.6344362898989,752.7890741733363,1074.4797984064614,859.747739648877,53.8866966410219,2,a5803f8a5d9d87202b43d709cb328cedaf18c446af448f705c33d553e8c2e9f7,5170ec511fb50cdf10d648416d508574d70e9781ddf156a1b2a86d2b385e94dc,100,1729,maximum_nontransitivity_information_gain,2000.0,3000.0
kata1-b6c96-s5214720-d1690538-temp-0.5,26,946.8900002019219,793.8308250141858,1099.949175389658,859.747739648877,87.14226055304493,2,a5803f8a5d9d87202b43d709cb328cedaf18c446af448f705c33d553e8c2e9f7,5170ec511fb50cdf10d648416d508574d70e9781ddf156a1b2a86d2b385e94dc,100,1729,maximum_nontransitivity_information_gain,2000.0,3000.0
kata1-b6c96-s5214720-d1690538-temp-0.5,28,949.6158085211131,803.0916316701191,1096.139985372107,859.747739648877,89.86806887223611,2,a5803f8a5d9d87202b43d709cb328cedaf18c446af448f705c33d553e8c2e9f7,5170ec511fb50cdf10d648416d508574d70e9781ddf156a1b2a86d2b385e94dc,100,1729,maximum_nontransitivity_information_gain,2000.0,3000.0
kata1-b6c96-s5214720-d1690538-temp-0.5,30,951.9507003013919,811.1749921810364,1092.7264084217472,859.747739648877,92.20296065251489,2,a5803f8a5d9d87202b43d709cb328cedaf18c446af448f705c33d553e8c2e9f7,5170ec511fb50cdf10d648416d508574d70e9781ddf156a1b2a86d2b385e94dc,100,1729,maximum_nontransitivity_information_gain,2000.0,3000.0
kata1-b6c96-s5214720-d1690538-temp-0.5,32,953.9464378966985,818.2784919409586,1089.6143838524386,859.747739648877,94.19869824782154,2,a5803f8a5d9d87202b43d709cb328cedaf18c446af448f705c33d553e8c2e9f7,5170ec511fb50cdf10d648416d508574d70e9781ddf156a1b2a86d2b385e94dc,100,1729,maximum_nontransitivity_information_gain,2000.0,3000.0
kata1-b6c96-s5214720-d1690538-temp-0.5,34,930.5288640922333,799.300506619175,1061.7572215652917,859.747739648877,70.78112444335636,2,a5803f8a5d9d87202b43d709cb328cedaf18c446af448f705c33d553e8c2e9f7,5170ec511fb50cdf10d648416d508574d70e9781ddf156a1b2a86d2b385e94dc,100,1729,maximum_nontransitivity_information_gain,2000.0,3000.0
kata1-b6c96-s5214720-d1690538-temp-0.5,36,904.7655065737772,777.156565905152,1032.3744472424023,859.747739648877,45.01776692490023,2,a5803f8a5d9d87202b43d709cb328cedaf18c446af448f705c33d553e8c2e9f7,5170ec511fb50cdf10d648416d508574d70e9781ddf156a1b2a86d2b385e94dc,100,1729,maximum_nontransitivity_information_gain,2000.0,3000.0
kata1-b6c96-s5214720-d1690538-temp-0.5,38,881.8759297287188,757.2952649146907,1006.4565945427469,859.747739648877,22.12819007984183,2,a5803f8a5d9d87202b43d709cb328cedaf18c446af448f705c33d553e8c2e9f7,5170ec511fb50cdf10d648416d508574d70e9781ddf156a1b2a86d2b385e94dc,100,1729,maximum_nontransitivity_information_gain,2000.0,3000.0
kata1-b6c96-s5214720-d1690538-temp-0.5,40,861.325801099354,739.321394894903,983.3302073038049,859.747739648877,1.57806145047698,2,a5803f8a5d9d87202b43d709cb328cedaf18c446af448f705c33d553e8c2e9f7,5170ec511fb50cdf10d648416d508574d70e9781ddf156a1b2a86d2b385e94dc,100,1729,maximum_nontransitivity_information_gain,2000.0,3000.0
kata1-b6c96-s5214720-d1690538-temp-0.5,42,863.4439094077228,744.8720569202068,982.0157618952388,859.747739648877,3.6961697588458264,2,a5803f8a5d9d87202b43d709cb328cedaf18c446af448f705c33d553e8c2e9f7,5170ec511fb50cdf10d648416d508574d70e9781ddf156a1b2a86d2b385e94dc,100,1729,maximum_nontransitivity_information_gain,2000.0,3000.0
kata1-b6c96-s5214720-d1690538-temp-0.5,44,845.7445729939939,729.2521369345023,962.2370090534854,859.747739648877,-14.003166654883103,2,a5803f8a5d9d87202b43d709cb328cedaf18c446af448f705c33d553e8c2e9f7,5170ec511fb50cdf10d648416d508574d70e9781ddf156a1b2a86d2b385e94dc,100,1729,maximum_nontransitivity_information_gain,2000.0,3000.0
kata1-b6c96-s5214720-d1690538-temp-0.5,46,848.5059215684252,735.0230375075846,961.9888056292657,859.747739648877,-11.241818080451822,2,a5803f8a5d9d87202b43d709cb328cedaf18c446af448f705c33d553e8c2e9f7,5170ec511fb50cdf10d648416d508574d70e9781ddf156a1b2a86d2b385e94dc,100,1729,maximum_nontransitivity_information_gain,2000.0,3000.0
kata1-b6c96-s5214720-d1690538-temp-0.5,48,850.9984566671016,740.2849080388925,961.7120052953106,859.747739648877,-8.749282981775423,2,a5803f8a5d9d87202b43d709cb328cedaf18c446af448f705c33d553e8c2e9f7,5170ec511fb50cdf10d648416d508574d70e9781ddf156a1b2a86d2b385e94dc,100,1729,maximum_nontransitivity_information_gain,2000.0,3000.0
kata1-b6c96-s5214720-d1690538-temp-0.5,50,836.1166601722744,727.0271703740675,945.2061499704812,859.747739648877,-23.631079476602622,2,a5803f8a5d9d87202b43d709cb328cedaf18c446af448f705c33d553e8c2e9f7,5170ec511fb50cdf10d648416d508574d70e9781ddf156a1b2a86d2b385e94dc,100,1729,maximum_nontransitivity_information_gain,2000.0,3000.0
kata1-b6c96-s5214720-d1690538-temp-0.5,52,838.9673218905903,732.3517580476567,945.5828857335238,859.747739648877,-20.780417758286717,2,a5803f8a5d9d87202b43d709cb328cedaf18c446af448f705c33d553e8c2e9f7,5170ec511fb50cdf10d648416d508574d70e9781ddf156a1b2a86d2b385e94dc,100,1729,maximum_nontransitivity_information_gain,2000.0,3000.0
kata1-b6c96-s5214720-d1690538-temp-0.5,54,841.5729116463858,737.2546708773666,945.891152415405,859.747739648877,-18.174828002491154,2,a5803f8a5d9d87202b43d709cb328cedaf18c446af448f705c33d553e8c2e9f7,5170ec511fb50cdf10d648416d508574d70e9781ddf156a1b2a86d2b385e94dc,100,1729,maximum_nontransitivity_information_gain,2000.0,3000.0
kata1-b6c96-s5214720-d1690538-temp-0.5,56,843.964268463484,741.7871407406242,946.1413961863439,859.747739648877,-15.783471185392955,2,a5803f8a5d9d87202b43d709cb328cedaf18c446af448f705c33d553e8c2e9f7,5170ec511fb50cdf10d648416d508574d70e9781ddf156a1b2a86d2b385e94dc,100,1729,maximum_nontransitivity_information_gain,2000.0,3000.0
kata1-b6c96-s5214720-d1690538-temp-0.5,58,831.5751460557494,730.6470932295302,932.5031988819686,859.747739648877,-28.172593593127544,2,a5803f8a5d9d87202b43d709cb328cedaf18c446af448f705c33d553e8c2e9f7,5170ec511fb50cdf10d648416d508574d70e9781ddf156a1b2a86d2b385e94dc,100,1729,maximum_nontransitivity_information_gain,2000.0,3000.0
kata1-b6c96-s5214720-d1690538-temp-0.5,60,834.1431657577746,735.163481420594,933.1228500949551,859.747739648877,-25.604573891102405,2,a5803f8a5d9d87202b43d709cb328cedaf18c446af448f705c33d553e8c2e9f7,5170ec511fb50cdf10d648416d508574d70e9781ddf156a1b2a86d2b385e94dc,100,1729,maximum_nontransitivity_information_gain,2000.0,3000.0
kata1-b6c96-s5214720-d1690538-temp-0.5,62,850.001450536264,753.4747723254517,946.5281287470763,859.747739648877,-9.746289112612999,2,a5803f8a5d9d87202b43d709cb328cedaf18c446af448f705c33d553e8c2e9f7,5170ec511fb50cdf10d648416d508574d70e9781ddf156a1b2a86d2b385e94dc,100,1729,maximum_nontransitivity_information_gain,2000.0,3000.0
kata1-b6c96-s5214720-d1690538-temp-0.5,64,851.7574188800036,756.895439014732,946.6193987452751,859.747739648877,-7.990320768873403,2,a5803f8a5d9d87202b43d709cb328cedaf18c446af448f705c33d553e8c2e9f7,5170ec511fb50cdf10d648416d508574d70e9781ddf156a1b2a86d2b385e94dc,100,1729,maximum_nontransitivity_information_gain,2000.0,3000.0
kata1-b6c96-s5214720-d1690538-temp-0.5,66,840.8590738198002,747.0444363085712,934.6737113310292,859.747739648877,-18.888665829076785,2,a5803f8a5d9d87202b43d709cb328cedaf18c446af448f705c33d553e8c2e9f7,5170ec511fb50cdf10d648416d508574d70e9781ddf156a1b2a86d2b385e94dc,100,1729,maximum_nontransitivity_information_gain,2000.0,3000.0
kata1-b6c96-s5214720-d1690538-temp-0.5,68,854.8802511389164,763.0831069470303,946.6773953308025,859.747739648877,-4.8674885099605945,2,a5803f8a5d9d87202b43d709cb328cedaf18c446af448f705c33d553e8c2e9f7,5170ec511fb50cdf10d648416d508574d70e9781ddf156a1b2a86d2b385e94dc,100,1729,maximum_nontransitivity_information_gain,2000.0,3000.0
kata1-b6c96-s5214720-d1690538-temp-0.5,70,867.8696489833499,777.8574965233495,957.8818014433502,859.747739648877,8.121909334472889,2,a5803f8a5d9d87202b43d709cb328cedaf18c446af448f705c33d553e8c2e9f7,5170ec511fb50cdf10d648416d508574d70e9781ddf156a1b2a86d2b385e94dc,100,1729,maximum_nontransitivity_information_gain,2000.0,3000.0
kata1-b6c96-s5214720-d1690538-temp-0.5,72,874.4200461882818,785.8702674431865,962.9698249333771,859.747739648877,14.672306539404872,2,a5803f8a5d9d87202b43d709cb328cedaf18c446af448f705c33d553e8c2e9f7,5170ec511fb50cdf10d648416d508574d70e9781ddf156a1b2a86d2b385e94dc,100,1729,maximum_nontransitivity_information_gain,2000.0,3000.0
kata1-b6c96-s5214720-d1690538-temp-0.5,74,864.322175552357,776.730713258889,951.913637845825,859.747739648877,4.57443590347998,2,a5803f8a5d9d87202b43d709cb328cedaf18c446af448f705c33d553e8c2e9f7,5170ec511fb50cdf10d648416d508574d70e9781ddf156a1b2a86d2b385e94dc,100,1729,maximum_nontransitivity_information_gain,2000.0,3000.0
kata1-b6c96-s5214720-d1690538-temp-0.5,76,854.7313976615605,768.0212958133245,941.4414995097966,859.747739648877,-5.016341987316423,2,a5803f8a5d9d87202b43d709cb328cedaf18c446af448f705c33d553e8c2e9f7,5170ec511fb50cdf10d648416d508574d70e9781ddf156a1b2a86d2b385e94dc,100,1729,maximum_nontransitivity_information_gain,2000.0,3000.0
kata1-b6c96-s5214720-d1690538-temp-0.5,78,845.6013049390727,759.7048271810844,931.4977826970611,859.747739648877,-14.146434709804225,2,a5803f8a5d9d87202b43d709cb328cedaf18c446af448f705c33d553e8c2e9f7,5170ec511fb50cdf10d648416d508574d70e9781ddf156a1b2a86d2b385e94dc,100,1729,maximum_nontransitivity_information_gain,2000.0,3000.0
kata1-b6c96-s5214720-d1690538-temp-0.5,80,847.1055358309927,762.3572931569785,931.853778505007,859.747739648877,-12.642203817884251,2,a5803f8a5d9d87202b43d709cb328cedaf18c446af448f705c33d553e8c2e9f7,5170ec511fb50cdf10d648416d508574d70e9781ddf156a1b2a86d2b385e94dc,100,1729,maximum_nontransitivity_information_gain,2000.0,3000.0
kata1-b6c96-s5214720-d1690538-temp-0.5,82,838.5993739038175,754.5801728216414,922.6185749859936,859.747739648877,-21.148365745059436,2,a5803f8a5d9d87202b43d709cb328cedaf18c446af448f705c33d553e8c2e9f7,5170ec511fb50cdf10d648416d508574d70e9781ddf156a1b2a86d2b385e94dc,100,1729,maximum_nontransitivity_information_gain,2000.0,3000.0
kata1-b6c96-s5214720-d1690538-temp-0.5,84,835.6627303215658,752.5315814866826,918.7938791564491,859.747739648877,-24.085009327311127,2,a5803f8a5d9d87202b43d709cb328cedaf18c446af448f705c33d553e8c2e9f7,5170ec511fb50cdf10d648416d508574d70e9781ddf156a1b2a86d2b385e94dc,100,1729,maximum_nontransitivity_information_gain,2000.0,3000.0
kata1-b6c96-s5214720-d1690538-temp-0.5,86,842.553237227999,760.6176176048975,924.4888568511005,859.747739648877,-17.19450242087794,2,a5803f8a5d9d87202b43d709cb328cedaf18c446af448f705c33d553e8c2e9f7,5170ec511fb50cdf10d648416d508574d70e9781ddf156a1b2a86d2b385e94dc,100,1729,maximum_nontransitivity_information_gain,2000.0,3000.0
kata1-b6c96-s5214720-d1690538-temp-0.5,88,843.9530171628538,763.0034393830481,924.9025949426596,859.747739648877,-15.794722486023147,2,a5803f8a5d9d87202b43d709cb328cedaf18c446af448f705c33d553e8c2e9f7,5170ec511fb50cdf10d648416d508574d70e9781ddf156a1b2a86d2b385e94dc,100,1729,maximum_nontransitivity_information_gain,2000.0,3000.0
kata1-b6c96-s5214720-d1690538-temp-0.5,90,836.2984555981653,756.0038614530934,916.5930497432373,859.747739648877,-23.44928405071164,2,a5803f8a5d9d87202b43d709cb328cedaf18c446af448f705c33d553e8c2e9f7,5170ec511fb50cdf10d648416d508574d70e9781ddf156a1b2a86d2b385e94dc,100,1729,maximum_nontransitivity_information_gain,2000.0,3000.0
kata1-b6c96-s5214720-d1690538-temp-0.5,92,842.69879745548,763.4598912373019,921.937703673658,859.747739648877,-17.04894219339701,2,a5803f8a5d9d87202b43d709cb328cedaf18c446af448f705c33d553e8c2e9f7,5170ec511fb50cdf10d648416d508574d70e9781ddf156a1b2a86d2b385e94dc,100,1729,maximum_nontransitivity_information_gain,2000.0,3000.0
kata1-b6c96-s5214720-d1690538-temp-0.5,94,844.0033346907869,765.6470802311594,922.3595891504144,859.747739648877,-15.744404958090058,2,a5803f8a5d9d87202b43d709cb328cedaf18c446af448f705c33d553e8c2e9f7,5170ec511fb50cdf10d648416d508574d70e9781ddf156a1b2a86d2b385e94dc,100,1729,maximum_nontransitivity_information_gain,2000.0,3000.0
kata1-b6c96-s5214720-d1690538-temp-0.5,96,853.6252294571094,776.33037319583,930.9200857183888,859.747739648877,-6.12251019176756,2,a5803f8a5d9d87202b43d709cb328cedaf18c446af448f705c33d553e8c2e9f7,5170ec511fb50cdf10d648416d508574d70e9781ddf156a1b2a86d2b385e94dc,100,1729,maximum_nontransitivity_information_gain,2000.0,3000.0
kata1-b6c96-s5214720-d1690538-temp-0.5,98,862.7659203547834,786.4484454997813,939.0833952097854,859.747739648877,3.0181807059063885,2,a5803f8a5d9d87202b43d709cb328cedaf18c446af448f705c33d553e8c2e9f7,5170ec511fb50cdf10d648416d508574d70e9781ddf156a1b2a86d2b385e94dc,100,1729,maximum_nontransitivity_information_gain,2000.0,3000.0
kata1-b6c96-s5214720-d1690538-temp-0.5,100,855.6195669392255,779.9108620893344,931.3282717891166,859.747739648877,-4.128172709651494,2,a5803f8a5d9d87202b43d709cb328cedaf18c446af448f705c33d553e8c2e9f7,5170ec511fb50cdf10d648416d508574d70e9781ddf156a1b2a86d2b385e94dc,100,1729,maximum_nontransitivity_information_gain,2000.0,3000.0
kata1-b6c96-s8080640-d1961030-temp-0.7,2,1154.4686339615703,-1282.1647683017293,3591.10203622487,997.4564556464111,157.0121783151592,2,a5803f8a5d9d87202b43d709cb328cedaf18c446af448f705c33d553e8c2e9f7,5170ec511fb50cdf10d648416d508574d70e9781ddf156a1b2a86d2b385e94dc,100,1729,maximum_nontransitivity_information_gain,2000.0,3000.0
kata1-b6c96-s8080640-d1961030-temp-0.7,4,1146.8193055627783,662.974242761884,1630.6643683636726,997.4564556464111,149.36284991636717,2,a5803f8a5d9d87202b43d709cb328cedaf18c446af448f705c33d553e8c2e9f7,5170ec511fb50cdf10d648416d508574d70e9781ddf156a1b2a86d2b385e94dc,100,1729,maximum_nontransitivity_information_gain,2000.0,3000.0
kata1-b6c96-s8080640-d1961030-temp-0.7,6,1146.6483143109947,800.8238401422675,1492.4727884797219,997.4564556464111,149.1918586645836,2,a5803f8a5d9d87202b43d709cb328cedaf18c446af448f705c33d553e8c2e9f7,5170ec511fb50cdf10d648416d508574d70e9781ddf156a1b2a86d2b385e94dc,100,1729,maximum_nontransitivity_information_gain,2000.0,3000.0
kata1-b6c96-s8080640-d1961030-temp-0.7,8,1021.7967430242458,721.2617775360086,1322.331708512483,997.4564556464111,24.34028737783467,2,a5803f8a5d9d87202b43d709cb328cedaf18c446af448f705c33d553e8c2e9f7,5170ec511fb50cdf10d648416d508574d70e9781ddf156a1b2a86d2b385e94dc,100,1729,maximum_nontransitivity_information_gain,2000.0,3000.0
kata1-b6c96-s8080640-d1961030-temp-0.7,10,1128.6206571539585,881.3939966099715,1375.8473176979455,997.4564556464111,131.16420150754743,2,a5803f8a5d9d87202b43d709cb328cedaf18c446af448f705c33d553e8c2e9f7,5170ec511fb50cdf10d648416d508574d70e9781ddf156a1b2a86d2b385e94dc,100,1729,maximum_nontransitivity_information_gain,2000.0,3000.0
kata1-b6c96-s8080640-d1961030-temp-0.7,12,1125.8445218789332,904.4865447558143,1347.202499002052,997.4564556464111,128.38806623252208,2,a5803f8a5d9d87202b43d709cb328cedaf18c446af448f705c33d553e8c2e9f7,5170ec511fb50cdf10d648416d508574d70e9781ddf156a1b2a86d2b385e94dc,100,1729,maximum_nontransitivity_information_gain,2000.0,3000.0
kata1-b6c96-s8080640-d1961030-temp-0.7,14,1123.99959963776,921.720376743687,1326.278822531833,997.4564556464111,126.54314399134887,2,a5803f8a5d9d87202b43d709cb328cedaf18c446af448f705c33d553e8c2e9f7,5170ec511fb50cdf10d648416d508574d70e9781ddf156a1b2a86d2b385e94dc,100,1729,maximum_nontransitivity_information_gain,2000.0,3000.0
kata1-b6c96-s8080640-d1961030-temp-0.7,16,1122.6502917395937,935.1866809070124,1310.113902572175,997.4564556464111,125.19383609318265,2,a5803f8a5d9d87202b43d709cb328cedaf18c446af448f705c33d553e8c2e9f7,5170ec511fb50cdf10d648416d508574d70e9781ddf156a1b2a86d2b385e94dc,100,1729,maximum_nontransitivity_information_gain,2000.0,3000.0
kata1-b6c96-s8080640-d1961030-temp-0.7,18,1121.6694959077945,946.1304245320038,1297.2085672835851,997.4564556464111,124.21304026138341,2,a5803f8a5d9d87202b43d709cb328cedaf18c446af448f705c33d553e8c2e9f7,5170ec511fb50cdf10d648416d508574d70e9781ddf156a1b2a86d2b385e94dc,100,1729,maximum_nontransitivity_information_gain,2000.0,3000.0
kata1-b6c96-s8080640-d1961030-temp-0.7,20,1080.2522490447864,913.5038138864343,1247.0006842031385,997.4564556464111,82.79579339837528,2,a5803f8a5d9d87202b43d709cb328cedaf18c446af448f705c33d553e8c2e9f7,5170ec511fb50cdf10d648416d508574d70e9781ddf156a1b2a86d2b385e94dc,100,1729,maximum_nontransitivity_information_gain,2000.0,3000.0
kata1-b6c96-s8080640-d1961030-temp-0.7,22,1042.0041197886196,881.4025610929481,1202.6056784842913,997.4564556464111,44.54766414220853,2,a5803f8a5d9d87202b43d709cb328cedaf18c446af448f705c33d553e8c2e9f7,5170ec511fb50cdf10d648416d508574d70e9781ddf156a1b2a86d2b385e94dc,100,1729,maximum_nontransitivity_information_gain,2000.0,3000.0
kata1-b6c96-s8080640-d1961030-temp-0.7,24,1044.9344486759016,892.1329298464291,1197.7359675053742,997.4564556464111,47.47799302949056,2,a5803f8a5d9d87202b43d709cb328cedaf18c446af448f705c33d553e8c2e9f7,5170ec511fb50cdf10d648416d508574d70e9781ddf156a1b2a86d2b385e94dc,100,1729,maximum_nontransitivity_information_gain,2000.0,3000.0
kata1-b6c96-s8080640-d1961030-temp-0.7,26,1015.4104224857566,866.7949207428692,1164.025924228644,997.4564556464111,17.953966839345526,2,a5803f8a5d9d87202b43d709cb328cedaf18c446af448f705c33d553e8c2e9f7,5170ec511fb50cdf10d648416d508574d70e9781ddf156a1b2a86d2b385e94dc,100,1729,maximum_nontransitivity_information_gain,2000.0,3000.0
kata1-b6c96-s8080640-d1961030-temp-0.7,28,989.7058208431779,844.4142845276141,1134.9973571587416,997.4564556464111,-7.750634803233197,2,a5803f8a5d9d87202b43d709cb328cedaf18c446af448f705c33d553e8c2e9f7,5170ec511fb50cdf10d648416d508574d70e9781ddf156a1b2a86d2b385e94dc,100,1729,maximum_nontransitivity_information_gain,2000.0,3000.0
kata1-b6c96-s8080640-d1961030-temp-0.7,30,1013.416629910883,875.7246937514968,1151.1085660702693,997.4564556464111,15.960174264471902,2,a5803f8a5d9d87202b43d709cb328cedaf18c446af448f705c33d553e8c2e9f7,5170ec511fb50cdf10d648416d508574d70e9781ddf156a1b2a86d2b385e94dc,100,1729,maximum_nontransitivity_information_gain,2000.0,3000.0
kata1-b6c96-s8080640-d1961030-temp-0.7,32,1017.6343692785847,884.954400591922,1150.3143379652474,997.4564556464111,20.177913632173613,2,a5803f8a5d9d87202b43d709cb328cedaf18c446af448f705c33d553e8c2e9f7,5170ec511fb50cdf10d648416d508574d70e9781ddf156a1b2a86d2b385e94dc,100,1729,maximum_nontransitivity_information_gain,2000.0,3000.0
kata1-b6c96-s8080640-d1961030-temp-0.7,34,996.9261944805271,866.9568783051166,1126.8955106559376,997.4564556464111,-0.5302611658839851,2,a5803f8a5d9d87202b43d709cb328cedaf18c446af448f705c33d553e8c2e9f7,5170ec511fb50cdf10d648416d508574d70e9781ddf156a1b2a86d2b385e94dc,100,1729,maximum_nontransitivity_information_gain,2000.0,3000.0
kata1-b6c96-s8080640-d1961030-temp-0.7,36,1015.7618724283012,890.9555694843334,1140.568175372269,997.4564556464111,18.30541678189013,2,a5803f8a5d9d87202b43d709cb328cedaf18c446af448f705c33d553e8c2e9f7,5170ec511fb50cdf10d648416d508574d70e9781ddf156a1b2a86d2b385e94dc,100,1729,maximum_nontransitivity_information_gain,2000.0,3000.0
kata1-b6c96-s8080640-d1961030-temp-0.7,38,997.5302080278519,875.1171512790487,1119.9432647766553,997.4564556464111,0.07375238144084051,2,a5803f8a5d9d87202b43d709cb328cedaf18c446af448f705c33d553e8c2e9f7,5170ec511fb50cdf10d648416d508574d70e9781ddf156a1b2a86d2b385e94dc,100,1729,maximum_nontransitivity_information_gain,2000.0,3000.0
kata1-b6c96-s8080640-d1961030-temp-0.7,40,993.6296567874748,874.2917958737573,1112.9675177011923,997.4564556464111,-3.826798858936286,2,a5803f8a5d9d87202b43d709cb328cedaf18c446af448f705c33d553e8c2e9f7,5170ec511fb50cdf10d648416d508574d70e9781ddf156a1b2a86d2b385e94dc,100,1729,maximum_nontransitivity_information_gain,2000.0,3000.0
kata1-b6c96-s8080640-d1961030-temp-0.7,42,1009.7870776733309,894.3185931003404,1125.2555622463215,997.4564556464111,12.330622026919855,2,a5803f8a5d9d87202b43d709cb328cedaf18c446af448f705c33d553e8c2e9f7,5170ec511fb50cdf10d648416d508574d70e9781ddf156a1b2a86d2b385e94dc,100,1729,maximum_nontransitivity_information_gain,2000.0,3000.0
kata1-b6c96-s8080640-d1961030-temp-0.7,44,1031.2219461637344,919.2856053856451,1143.1582869418237,997.4564556464111,33.765490517323315,2,a5803f8a5d9d87202b43d709cb328cedaf18c446af448f705c33d553e8c2e9f7,5170ec511fb50cdf10d648416d508574d70e9781ddf156a1b2a86d2b385e94dc,100,1729,maximum_nontransitivity_information_gain,2000.0,3000.0
kata1-b6c96-s8080640-d1961030-temp-0.7,46,1050.4186454268374,941.4423134831793,1159.3949773704956,997.4564556464111,52.96218978042634,2,a5803f8a5d9d87202b43d709cb328cedaf18c446af448f705c33d553e8c2e9f7,5170ec511fb50cdf10d648416d508574d70e9781ddf156a1b2a86d2b385e94dc,100,1729,maximum_nontransitivity_information_gain,2000.0,3000.0
kata1-b6c96-s8080640-d1961030-temp-0.7,48,1035.027324334878,928.1151236778355,1141.9395249919203,997.4564556464111,37.57086868846682,2,a5803f8a5d9d87202b43d709cb328cedaf18c446af448f705c33d553e8c2e9f7,5170ec511fb50cdf10d648416d508574d70e9781ddf156a1b2a86d2b385e94dc,100,1729,maximum_nontransitivity_information_gain,2000.0,3000.0
kata1-b6c96-s8080640-d1961030-temp-0.7,50,1044.554765400479,940.0604377855617,1149.0490930153965,997.4564556464111,47.09830975406794,2,a5803f8a5d9d87202b43d709cb328cedaf18c446af448f705c33d553e8c2e9f7,5170ec511fb50cdf10d648416d508574d70e9781ddf156a1b2a86d2b385e94dc,100,1729,maximum_nontransitivity_information_gain,2000.0,3000.0
kata1-b6c96-s8080640-d1961030-temp-0.7,52,1045.7606984832705,943.3573632007233,1148.1640337658177,997.4564556464111,48.30424283685943,2,a5803f8a5d9d87202b43d709cb328cedaf18c446af448f705c33d553e8c2e9f7,5170ec511fb50cdf10d648416d508574d70e9781ddf156a1b2a86d2b385e94dc,100,1729,maximum_nontransitivity_information_gain,2000.0,3000.0
kata1-b6c96-s8080640-d1961030-temp-0.7,54,1032.3642285804017,931.6211936939413,1133.1072634668622,997.4564556464111,34.9077729339906,2,a5803f8a5d9d87202b43d709cb328cedaf18c446af448f705c33d553e8c2e9f7,5170ec511fb50cdf10d648416d508574d70e9781ddf156a1b2a86d2b385e94dc,100,1729,maximum_nontransitivity_information_gain,2000.0,3000.0
kata1-b6c96-s8080640-d1961030-temp-0.7,56,1033.951972140107,935.0806816028656,1132.8232626773483,997.4564556464111,36.49551649369596,2,a5803f8a5d9d87202b43d709cb328cedaf18c446af448f705c33d553e8c2e9f7,5170ec511fb50cdf10d648416d508574d70e9781ddf156a1b2a86d2b385e94dc,100,1729,maximum_nontransitivity_information_gain,2000.0,3000.0
kata1-b6c96-s8080640-d1961030-temp-0.7,58,1035.3849761743916,938.2784962022345,1132.4914561465487,997.4564556464111,37.92852052798048,2,a5803f8a5d9d87202b43d709cb328cedaf18c446af448f705c33d553e8c2e9f7,5170ec511fb50cdf10d648416d508574d70e9781ddf156a1b2a86d2b385e94dc,100,1729,maximum_nontransitivity_information_gain,2000.0,3000.0
kata1-b6c96-s8080640-d1961030-temp-0.7,60,1036.751860165527,941.3090584326745,1132.1946618983795,997.4564556464111,39.29540451911589,2,a5803f8a5d9d87202b43d709cb328cedaf18c446af448f705c33d553e8c2e9f7,5170ec511fb50cdf10d648416d508574d70e9781ddf156a1b2a86d2b385e94dc,100,1729,maximum_nontransitivity_information_gain,2000.0,3000.0
kata1-b6c96-s8080640-d1961030-temp-0.7,62,1031.7489245406612,937.7390520740076,1125.7587970073146,997.4564556464111,34.29246889425008,2,a5803f8a5d9d87202b43d709cb328cedaf18c446af448f705c33d553e8c2e9f7,5170ec511fb50cdf10d648416d508574d70e9781ddf156a1b2a86d2b385e94dc,100,1729,maximum_nontransitivity_information_gain,2000.0,3000.0
kata1-b6c96-s8080640-d1961030-temp-0.7,64,1033.1118486781809,940.6065068504402,1125.6171905059216,997.4564556464111,35.65539303176979,2,a5803f8a5d9d87202b43d709cb328cedaf18c446af448f705c33d553e8c2e9f7,5170ec511fb50cdf10d648416d508574d70e9781ddf156a1b2a86d2b385e94dc,100,1729,maximum_nontransitivity_information_gain,2000.0,3000.0
kata1-b6c96-s8080640-d1961030-temp-0.7,66,1046.1041079292029,955.2455485678526,1136.962667290553,997.4564556464111,48.647652282791796,2,a5803f8a5d9d87202b43d709cb328cedaf18c446af448f705c33d553e8c2e9f7,5170ec511fb50cdf10d648416d508574d70e9781ddf156a1b2a86d2b385e94dc,100,1729,maximum_nontransitivity_information_gain,2000.0,3000.0
kata1-b6c96-s8080640-d1961030-temp-0.7,68,1048.2441734472732,958.7395742907366,1137.7487726038098,997.4564556464111,50.78771780086208,2,a5803f8a5d9d87202b43d709cb328cedaf18c446af448f705c33d553e8c2e9f7,5170ec511fb50cdf10d648416d508574d70e9781ddf156a1b2a86d2b385e94dc,100,1729,maximum_nontransitivity_information_gain,2000.0,3000.0
kata1-b6c96-s8080640-d1961030-temp-0.7,70,1061.2952071581672,973.2053235926337,1149.3850907237006,997.4564556464111,63.83875151175607,2,a5803f8a5d9d87202b43d709cb328cedaf18c446af448f705c33d553e8c2e9f7,5170ec511fb50cdf10d648416d508574d70e9781ddf156a1b2a86d2b385e94dc,100,1729,maximum_nontransitivity_information_gain,2000.0,3000.0
kata1-b6c96-s8080640-d1961030-temp-0.7,72,1052.111749291704,965.1316742128695,1139.0918243705385,997.4564556464111,54.655293645292886,2,a5803f8a5d9d87202b43d709cb328cedaf18c446af448f705c33d553e8c2e9f7,5170ec511fb50cdf10d648416d508574d70e9781ddf156a1b2a86d2b385e94dc,100,1729,maximum_nontransitivity_information_gain,2000.0,3000.0
kata1-b6c96-s8080640-d1961030-temp-0.7,74,1053.8970954119438,968.0944052651673,1139.6997855587204,997.4564556464111,56.44063976553275,2,a5803f8a5d9d87202b43d709cb328cedaf18c446af448f705c33d553e8c2e9f7,5170ec511fb50cdf10d648416d508574d70e9781ddf156a1b2a86d2b385e94dc,100,1729,maximum_nontransitivity_information_gain,2000.0,3000.0
kata1-b6c96-s8080640-d1961030-temp-0.7,76,1045.4037811256483,960.5727264604434,1130.2348357908531,997.4564556464111,47.94732547923718,2,a5803f8a5d9d87202b43d709cb328cedaf18c446af448f705c33d553e8c2e9f7,5170ec511fb50cdf10d648416d508574d70e9781ddf156a1b2a86d2b385e94dc,100,1729,maximum_nontransitivity_information_gain,2000.0,3000.0
kata1-b6c96-s8080640-d1961030-temp-0.7,78,1036.2997745417379,952.3549142885896,1120.244634794886,997.4564556464111,38.843318895326775,2,a5803f8a5d9d87202b43d709cb328cedaf18c446af448f705c33d553e8c2e9f7,5170ec511fb50cdf10d648416d508574d70e9781ddf156a1b2a86d2b385e94dc,100,1729,maximum_nontransitivity_information_gain,2000.0,3000.0
kata1-b6c96-s8080640-d1961030-temp-0.7,80,1032.4694370461928,949.4634608169815,1115.475413275404,997.4564556464111,35.012981399781665,2,a5803f8a5d9d87202b43d709cb328cedaf18c446af448f705c33d553e8c2e9f7,5170ec511fb50cdf10d648416d508574d70e9781ddf156a1b2a86d2b385e94dc,100,1729,maximum_nontransitivity_information_gain,2000.0,3000.0
kata1-b6c96-s8080640-d1961030-temp-0.7,82,1033.5392394794446,951.5458802208766,1115.5325987380127,997.4564556464111,36.082783833033545,2,a5803f8a5d9d87202b43d709cb328cedaf18c446af448f705c33d553e8c2e9f7,5170ec511fb50cdf10d648416d508574d70e9781ddf156a1b2a86d2b385e94dc,100,1729,maximum_nontransitivity_information_gain,2000.0,3000.0
kata1-b6c96-s8080640-d1961030-temp-0.7,84,1043.6613722298123,962.8241688694685,1124.4985755901562,997.4564556464111,46.2049165834012,2,a5803f8a5d9d87202b43d709cb328cedaf18c446af448f705c33d553e8c2e9f7,5170ec511fb50cdf10d648416d508574d70e9781ddf156a1b2a86d2b385e94dc,100,1729,maximum_nontransitivity_information_gain,2000.0,3000.0
kata1-b6c96-s8080640-d1961030-temp-0.7,86,1045.3660296714938,965.4651756432565,1125.2668836997311,997.4564556464111,47.90957402508275,2,a5803f8a5d9d87202b43d709cb328cedaf18c446af448f705c33d553e8c2e9f7,5170ec511fb50cdf10d648416d508574d70e9781ddf156a1b2a86d2b385e94dc,100,1729,maximum_nontransitivity_information_gain,2000.0,3000.0
kata1-b6c96-s8080640-d1961030-temp-0.7,88,1038.2367480771868,959.0714112284458,1117.4020849259277,997.4564556464111,40.78029243077572,2,a5803f8a5d9d87202b43d709cb328cedaf18c446af448f705c33d553e8c2e9f7,5170ec511fb50cdf10d648416d508574d70e9781ddf156a1b2a86d2b385e94dc,100,1729,maximum_nontransitivity_information_gain,2000.0,3000.0
kata1-b6c96-s8080640-d1961030-temp-0.7,90,1039.030281501432,960.7326453107629,1117.3279176921012,997.4564556464111,41.573825855020914,2,a5803f8a5d9d87202b43d709cb328cedaf18c446af448f705c33d553e8c2e9f7,5170ec511fb50cdf10d648416d508574d70e9781ddf156a1b2a86d2b385e94dc,100,1729,maximum_nontransitivity_information_gain,2000.0,3000.0
kata1-b6c96-s8080640-d1961030-temp-0.7,92,1039.8240127275997,962.360608489174,1117.2874169660254,997.4564556464111,42.36755708118858,2,a5803f8a5d9d87202b43d709cb328cedaf18c446af448f705c33d553e8c2e9f7,5170ec511fb50cdf10d648416d508574d70e9781ddf156a1b2a86d2b385e94dc,100,1729,maximum_nontransitivity_information_gain,2000.0,3000.0
kata1-b6c96-s8080640-d1961030-temp-0.7,94,1040.5826199810806,963.9236370172935,1117.2416029448677,997.4564556464111,43.12616433466951,2,a5803f8a5d9d87202b43d709cb328cedaf18c446af448f705c33d553e8c2e9f7,5170ec511fb50cdf10d648416d508574d70e9781ddf156a1b2a86d2b385e94dc,100,1729,maximum_nontransitivity_information_gain,2000.0,3000.0
kata1-b6c96-s8080640-d1961030-temp-0.7,96,1050.1984536878322,974.4600757025918,1125.9368316730727,997.4564556464111,52.741998041421084,2,a5803f8a5d9d87202b43d709cb328cedaf18c446af448f705c33d553e8c2e9f7,5170ec511fb50cdf10d648416d508574d70e9781ddf156a1b2a86d2b385e94dc,100,1729,maximum_nontransitivity_information_gain,2000.0,3000.0
kata1-b6c96-s8080640-d1961030-temp-0.7,98,1043.730443175662,968.6223244578875,1118.8385618934365,997.4564556464111,46.27398752925092,2,a5803f8a5d9d87202b43d709cb328cedaf18c446af448f705c33d553e8c2e9f7,5170ec511fb50cdf10d648416d508574d70e9781ddf156a1b2a86d2b385e94dc,100,1729,maximum_nontransitivity_information_gain,2000.0,3000.0
kata1-b6c96-s8080640-d1961030-temp-0.7,100,1036.7235998836663,962.1979194759398,1111.249280291393,997.4564556464111,39.26714423725525,2,a5803f8a5d9d87202b43d709cb328cedaf18c446af448f705c33d553e8c2e9f7,5170ec511fb50cdf10d648416d508574d70e9781ddf156a1b2a86d2b385e94dc,100,1729,maximum_nontransitivity_information_gain,2000.0,3000.0
kata1-b6c96-s4136960-d1510003,2,1152.7974656342496,-1281.8293236752222,3587.4242549437213,1103.3176616901274,49.479803944122295,2,a5803f8a5d9d87202b43d709cb328cedaf18c446af448f705c33d553e8c2e9f7,5170ec511fb50cdf10d648416d508574d70e9781ddf156a1b2a86d2b385e94dc,100,1729,maximum_nontransitivity_information_gain,2000.0,3000.0
kata1-b6c96-s4136960-d1510003,4,1582.647066054958,974.7194306433557,2190.5747014665603,1103.3176616901274,479.3294043648307,2,a5803f8a5d9d87202b43d709cb328cedaf18c446af448f705c33d553e8c2e9f7,5170ec511fb50cdf10d648416d508574d70e9781ddf156a1b2a86d2b385e94dc,100,1729,maximum_nontransitivity_information_gain,2000.0,3000.0
kata1-b6c96-s4136960-d1510003,6,1368.7537880477735,971.4773950367783,1766.0301810587687,1103.3176616901274,265.4361263576461,2,a5803f8a5d9d87202b43d709cb328cedaf18c446af448f705c33d553e8c2e9f7,5170ec511fb50cdf10d648416d508574d70e9781ddf156a1b2a86d2b385e94dc,100,1729,maximum_nontransitivity_information_gain,2000.0,3000.0
kata1-b6c96-s4136960-d1510003,8,1360.8716268131814,1051.4104197337142,1670.3328338926485,1103.3176616901274,257.553965123054,2,a5803f8a5d9d87202b43d709cb328cedaf18c446af448f705c33d553e8c2e9f7,5170ec511fb50cdf10d648416d508574d70e9781ddf156a1b2a86d2b385e94dc,100,1729,maximum_nontransitivity_information_gain,2000.0,3000.0
kata1-b6c96-s4136960-d1510003,10,1357.4679629490834,1095.2525238793487,1619.683402018818,1103.3176616901274,254.150301258956,2,a5803f8a5d9d87202b43d709cb328cedaf18c446af448f705c33d553e8c2e9f7,5170ec511fb50cdf10d648416d508574d70e9781ddf156a1b2a86d2b385e94dc,100,1729,maximum_nontransitivity_information_gain,2000.0,3000.0
kata1-b6c96-s4136960-d1510003,12,1274.68401125596,1038.2157696070228,1511.1522529048973,1103.3176616901274,171.3663495658327,2,a5803f8a5d9d87202b43d709cb328cedaf18c446af448f705c33d553e8c2e9f7,5170ec511fb50cdf10d648416d508574d70e9781ddf156a1b2a86d2b385e94dc,100,1729,maximum_nontransitivity_information_gain,2000.0,3000.0
kata1-b6c96-s4136960-d1510003,14,1196.8430170937647,974.2147559621175,1419.471278225412,1103.3176616901274,93.52535540363738,2,a5803f8a5d9d87202b43d709cb328cedaf18c446af448f705c33d553e8c2e9f7,5170ec511fb50cdf10d648416d508574d70e9781ddf156a1b2a86d2b385e94dc,100,1729,maximum_nontransitivity_information_gain,2000.0,3000.0
kata1-b6c96-s4136960-d1510003,16,1138.9982352976076,925.8375651816189,1352.1589054135964,1103.3176616901274,35.680573607480255,2,a5803f8a5d9d87202b43d709cb328cedaf18c446af448f705c33d553e8c2e9f7,5170ec511fb50cdf10d648416d508574d70e9781ddf156a1b2a86d2b385e94dc,100,1729,maximum_nontransitivity_information_gain,2000.0,3000.0
kata1-b6c96-s4136960-d1510003,18,1137.1594688990035,940.9249196968941,1333.3940181011128,1103.3176616901274,33.84180720887616,2,a5803f8a5d9d87202b43d709cb328cedaf18c446af448f705c33d553e8c2e9f7,5170ec511fb50cdf10d648416d508574d70e9781ddf156a1b2a86d2b385e94dc,100,1729,maximum_nontransitivity_information_gain,2000.0,3000.0
kata1-b6c96-s4136960-d1510003,20,1110.5586019678378,924.1718897838227,1296.945314151853,1103.3176616901274,7.240940277710479,2,a5803f8a5d9d87202b43d709cb328cedaf18c446af448f705c33d553e8c2e9f7,5170ec511fb50cdf10d648416d508574d70e9781ddf156a1b2a86d2b385e94dc,100,1729,maximum_nontransitivity_information_gain,2000.0,3000.0
kata1-b6c96-s4136960-d1510003,22,1112.6485918867206,938.2732330920425,1287.023950681399,1103.3176616901274,9.330930196593272,2,a5803f8a5d9d87202b43d709cb328cedaf18c446af448f705c33d553e8c2e9f7,5170ec511fb50cdf10d648416d508574d70e9781ddf156a1b2a86d2b385e94dc,100,1729,maximum_nontransitivity_information_gain,2000.0,3000.0
kata1-b6c96-s4136960-d1510003,24,1114.2422307678116,949.737893400831,1278.7465681347921,1103.3176616901274,10.924569077684282,2,a5803f8a5d9d87202b43d709cb328cedaf18c446af448f705c33d553e8c2e9f7,5170ec511fb50cdf10d648416d508574d70e9781ddf156a1b2a86d2b385e94dc,100,1729,maximum_nontransitivity_information_gain,2000.0,3000.0
kata1-b6c96-s4136960-d1510003,26,1078.6610639157168,918.3564036910415,1238.9657241403922,1103.3176616901274,-24.656597774410557,2,a5803f8a5d9d87202b43d709cb328cedaf18c446af448f705c33d553e8c2e9f7,5170ec511fb50cdf10d648416d508574d70e9781ddf156a1b2a86d2b385e94dc,100,1729,maximum_nontransitivity_information_gain,2000.0,3000.0
kata1-b6c96-s4136960-d1510003,28,1076.1800260427488,923.2022700828331,1229.1577820026644,1103.3176616901274,-27.137635647378602,2,a5803f8a5d9d87202b43d709cb328cedaf18c446af448f705c33d553e8c2e9f7,5170ec511fb50cdf10d648416d508574d70e9781ddf156a1b2a86d2b385e94dc,100,1729,maximum_nontransitivity_information_gain,2000.0,3000.0
kata1-b6c96-s4136960-d1510003,30,1074.1191045438793,927.5693004747372,1220.6689086130214,1103.3176616901274,-29.19855714624805,2,a5803f8a5d9d87202b43d709cb328cedaf18c446af448f705c33d553e8c2e9f7,5170ec511fb50cdf10d648416d508574d70e9781ddf156a1b2a86d2b385e94dc,100,1729,maximum_nontransitivity_information_gain,2000.0,3000.0
kata1-b6c96-s4136960-d1510003,32,1072.4177240376694,931.5547831239336,1213.280664951405,1103.3176616901274,-30.899937652457993,2,a5803f8a5d9d87202b43d709cb328cedaf18c446af448f705c33d553e8c2e9f7,5170ec511fb50cdf10d648416d508574d70e9781ddf156a1b2a86d2b385e94dc,100,1729,maximum_nontransitivity_information_gain,2000.0,3000.0
kata1-b6c96-s4136960-d1510003,34,1043.394800586723,905.2135622694104,1181.5760389040356,1103.3176616901274,-59.92286110340433,2,a5803f8a5d9d87202b43d709cb328cedaf18c446af448f705c33d553e8c2e9f7,5170ec511fb50cdf10d648416d508574d70e9781ddf156a1b2a86d2b385e94dc,100,1729,maximum_nontransitivity_information_gain,2000.0,3000.0
kata1-b6c96-s4136960-d1510003,36,1044.0830748480785,910.8584263289926,1177.3077233671643,1103.3176616901274,-59.234586842048884,2,a5803f8a5d9d87202b43d709cb328cedaf18c446af448f705c33d553e8c2e9f7,5170ec511fb50cdf10d648416d508574d70e9781ddf156a1b2a86d2b385e94dc,100,1729,maximum_nontransitivity_information_gain,2000.0,3000.0
kata1-b6c96-s4136960-d1510003,38,1019.9655501047116,888.9762117443981,1150.954888465025,1103.3176616901274,-83.35211158541574,2,a5803f8a5d9d87202b43d709cb328cedaf18c446af448f705c33d553e8c2e9f7,5170ec511fb50cdf10d648416d508574d70e9781ddf156a1b2a86d2b385e94dc,100,1729,maximum_nontransitivity_information_gain,2000.0,3000.0
kata1-b6c96-s4136960-d1510003,40,993.8211286854794,864.4594542249382,1123.1828031460207,1103.3176616901274,-109.49653300464797,2,a5803f8a5d9d87202b43d709cb328cedaf18c446af448f705c33d553e8c2e9f7,5170ec511fb50cdf10d648416d508574d70e9781ddf156a1b2a86d2b385e94dc,100,1729,maximum_nontransitivity_information_gain,2000.0,3000.0
kata1-b6c96-s4136960-d1510003,42,1016.2330881675277,892.9113474869854,1139.5548288480702,1103.3176616901274,-87.08457352259961,2,a5803f8a5d9d87202b43d709cb328cedaf18c446af448f705c33d553e8c2e9f7,5170ec511fb50cdf10d648416d508574d70e9781ddf156a1b2a86d2b385e94dc,100,1729,maximum_nontransitivity_information_gain,2000.0,3000.0
kata1-b6c96-s4136960-d1510003,44,1014.7034830732258,894.750018370532,1134.6569477759197,1103.3176616901274,-88.61417861690154,2,a5803f8a5d9d87202b43d709cb328cedaf18c446af448f705c33d553e8c2e9f7,5170ec511fb50cdf10d648416d508574d70e9781ddf156a1b2a86d2b385e94dc,100,1729,maximum_nontransitivity_information_gain,2000.0,3000.0
kata1-b6c96-s4136960-d1510003,46,1013.3405063420531,896.4947387025742,1130.186273981532,1103.3176616901274,-89.97715534807423,2,a5803f8a5d9d87202b43d709cb328cedaf18c446af448f705c33d553e8c2e9f7,5170ec511fb50cdf10d648416d508574d70e9781ddf156a1b2a86d2b385e94dc,100,1729,maximum_nontransitivity_information_gain,2000.0,3000.0
kata1-b6c96-s4136960-d1510003,48,992.9371933396777,877.6473379393126,1108.2270487400428,1103.3176616901274,-110.38046835044963,2,a5803f8a5d9d87202b43d709cb328cedaf18c446af448f705c33d553e8c2e9f7,5170ec511fb50cdf10d648416d508574d70e9781ddf156a1b2a86d2b385e94dc,100,1729,maximum_nontransitivity_information_gain,2000.0,3000.0
kata1-b6c96-s4136960-d1510003,50,1010.9782530431811,899.6841163692513,1122.2723897171109,1103.3176616901274,-92.33940864694625,2,a5803f8a5d9d87202b43d709cb328cedaf18c446af448f705c33d553e8c2e9f7,5170ec511fb50cdf10d648416d508574d70e9781ddf156a1b2a86d2b385e94dc,100,1729,maximum_nontransitivity_information_gain,2000.0,3000.0
kata1-b6c96-s4136960-d1510003,52,1009.982025641184,901.1773167784594,1118.7867345039085,1103.3176616901274,-93.33563604894334,2,a5803f8a5d9d87202b43d709cb328cedaf18c446af448f705c33d553e8c2e9f7,5170ec511fb50cdf10d648416d508574d70e9781ddf156a1b2a86d2b385e94dc,100,1729,maximum_nontransitivity_information_gain,2000.0,3000.0
kata1-b6c96-s4136960-d1510003,54,1025.360149512747,919.6215581075271,1131.098740917967,1103.3176616901274,-77.9575121773803,2,a5803f8a5d9d87202b43d709cb328cedaf18c446af448f705c33d553e8c2e9f7,5170ec511fb50cdf10d648416d508574d70e9781ddf156a1b2a86d2b385e94dc,100,1729,maximum_nontransitivity_information_gain,2000.0,3000.0
kata1-b6c96-s4136960-d1510003,56,1026.509563700681,922.9914910268825,1130.0276363744795,1103.3176616901274,-76.80809798944642,2,a5803f8a5d9d87202b43d709cb328cedaf18c446af448f705c33d553e8c2e9f7,5170ec511fb50cdf10d648416d508574d70e9781ddf156a1b2a86d2b385e94dc,100,1729,maximum_nontransitivity_information_gain,2000.0,3000.0
kata1-b6c96-s4136960-d1510003,58,1042.349929361791,941.3778988052629,1143.3219599183192,1103.3176616901274,-60.9677323283363,2,a5803f8a5d9d87202b43d709cb328cedaf18c446af448f705c33d553e8c2e9f7,5170ec511fb50cdf10d648416d508574d70e9781ddf156a1b2a86d2b385e94dc,100,1729,maximum_nontransitivity_information_gain,2000.0,3000.0
kata1-b6c96-s4136960-d1510003,60,1042.7310751825626,943.6613276135852,1141.80082275154,1103.3176616901274,-60.58658650756479,2,a5803f8a5d9d87202b43d709cb328cedaf18c446af448f705c33d553e8c2e9f7,5170ec511fb50cdf10d648416d508574d70e9781ddf156a1b2a86d2b385e94dc,100,1729,maximum_nontransitivity_information_gain,2000.0,3000.0
kata1-b6c96-s4136960-d1510003,62,1056.640423192754,959.6451089688577,1153.6357374166503,1103.3176616901274,-46.67723849737331,2,a5803f8a5d9d87202b43d709cb328cedaf18c446af448f705c33d553e8c2e9f7,5170ec511fb50cdf10d648416d508574d70e9781ddf156a1b2a86d2b385e94dc,100,1729,maximum_nontransitivity_information_gain,2000.0,3000.0
kata1-b6c96-s4136960-d1510003,64,1056.511335860182,961.1794577649716,1151.8432139553925,1103.3176616901274,-46.80632582994531,2,a5803f8a5d9d87202b43d709cb328cedaf18c446af448f705c33d553e8c2e9f7,5170ec511fb50cdf10d648416d508574d70e9781ddf156a1b2a86d2b385e94dc,100,1729,maximum_nontransitivity_information_gain,2000.0,3000.0
kata1-b6c96-s4136960-d1510003,66,1062.6558060528155,968.9857198874814,1156.3258922181494,1103.3176616901274,-40.661855637311874,2,a5803f8a5d9d87202b43d709cb328cedaf18c446af448f705c33d553e8c2e9f7,5170ec511fb50cdf10d648416d508574d70e9781ddf156a1b2a86d2b385e94dc,100,1729,maximum_nontransitivity_information_gain,2000.0,3000.0
kata1-b6c96-s4136960-d1510003,68,1062.3352689177711,970.1510638618952,1154.519473973647,1103.3176616901274,-40.98239277235621,2,a5803f8a5d9d87202b43d709cb328cedaf18c446af448f705c33d553e8c2e9f7,5170ec511fb50cdf10d648416d508574d70e9781ddf156a1b2a86d2b385e94dc,100,1729,maximum_nontransitivity_information_gain,2000.0,3000.0
kata1-b6c96-s4136960-d1510003,70,1062.0365102981418,971.2641869283702,1152.8088336679134,1103.3176616901274,-41.28115139198553,2,a5803f8a5d9d87202b43d709cb328cedaf18c446af448f705c33d553e8c2e9f7,5170ec511fb50cdf10d648416d508574d70e9781ddf156a1b2a86d2b385e94dc,100,1729,maximum_nontransitivity_information_gain,2000.0,3000.0
kata1-b6c96-s4136960-d1510003,72,1061.7193284258592,972.2926011644867,1151.1460556872319,1103.3176616901274,-41.59833326426815,2,a5803f8a5d9d87202b43d709cb328cedaf18c446af448f705c33d553e8c2e9f7,5170ec511fb50cdf10d648416d508574d70e9781ddf156a1b2a86d2b385e94dc,100,1729,maximum_nontransitivity_information_gain,2000.0,3000.0
kata1-b6c96-s4136960-d1510003,74,1061.4200679065893,973.2759486220219,1149.5641871911566,1103.3176616901274,-41.897593783538014,2,a5803f8a5d9d87202b43d709cb328cedaf18c446af448f705c33d553e8c2e9f7,5170ec511fb50cdf10d648416d508574d70e9781ddf156a1b2a86d2b385e94dc,100,1729,maximum_nontransitivity_information_gain,2000.0,3000.0
kata1-b6c96-s4136960-d1510003,76,1071.8260455814425,984.9786824143326,1158.6734087485524,1103.3176616901274,-31.491616108684866,2,a5803f8a5d9d87202b43d709cb328cedaf18c446af448f705c33d553e8c2e9f7,5170ec511fb50cdf10d648416d508574d70e9781ddf156a1b2a86d2b385e94dc,100,1729,maximum_nontransitivity_information_gain,2000.0,3000.0
kata1-b6c96-s4136960-d1510003,78,1062.9556818615945,977.2078748291805,1148.7034888940084,1103.3176616901274,-40.36197982853287,2,a5803f8a5d9d87202b43d709cb328cedaf18c446af448f705c33d553e8c2e9f7,5170ec511fb50cdf10d648416d508574d70e9781ddf156a1b2a86d2b385e94dc,100,1729,maximum_nontransitivity_information_gain,2000.0,3000.0
kata1-b6c96-s4136960-d1510003,80,1062.6376551305277,978.0103754975439,1147.2649347635115,1103.3176616901274,-40.68000655959963,2,a5803f8a5d9d87202b43d709cb328cedaf18c446af448f705c33d553e8c2e9f7,5170ec511fb50cdf10d648416d508574d70e9781ddf156a1b2a86d2b385e94dc,100,1729,maximum_nontransitivity_information_gain,2000.0,3000.0
kata1-b6c96-s4136960-d1510003,82,1062.3737993939808,978.8183948027109,1145.9292039852508,1103.3176616901274,-40.94386229614656,2,a5803f8a5d9d87202b43d709cb328cedaf18c446af448f705c33d553e8c2e9f7,5170ec511fb50cdf10d648416d508574d70e9781ddf156a1b2a86d2b385e94dc,100,1729,maximum_nontransitivity_information_gain,2000.0,3000.0
kata1-b6c96-s4136960-d1510003,84,1071.6548649853842,989.1847753714231,1154.124954599345,1103.3176616901274,-31.662796704743187,2,a5803f8a5d9d87202b43d709cb328cedaf18c446af448f705c33d553e8c2e9f7,5170ec511fb50cdf10d648416d508574d70e9781ddf156a1b2a86d2b385e94dc,100,1729,maximum_nontransitivity_information_gain,2000.0,3000.0
kata1-b6c96-s4136960-d1510003,86,1063.6914635433186,982.1579804040241,1145.224946682613,1103.3176616901274,-39.62619814680875,2,a5803f8a5d9d87202b43d709cb328cedaf18c446af448f705c33d553e8c2e9f7,5170ec511fb50cdf10d648416d508574d70e9781ddf156a1b2a86d2b385e94dc,100,1729,maximum_nontransitivity_information_gain,2000.0,3000.0
kata1-b6c96-s4136960-d1510003,88,1063.378329392269,982.7960638171409,1143.9605949673974,1103.3176616901274,-39.9393322978583,2,a5803f8a5d9d87202b43d709cb328cedaf18c446af448f705c33d553e8c2e9f7,5170ec511fb50cdf10d648416d508574d70e9781ddf156a1b2a86d2b385e94dc,100,1729,maximum_nontransitivity_information_gain,2000.0,3000.0
kata1-b6c96-s4136960-d1510003,90,1064.921358143672,985.2625755759676,1144.5801407113763,1103.3176616901274,-38.39630354645533,2,a5803f8a5d9d87202b43d709cb328cedaf18c446af448f705c33d553e8c2e9f7,5170ec511fb50cdf10d648416d508574d70e9781ddf156a1b2a86d2b385e94dc,100,1729,maximum_nontransitivity_information_gain,2000.0,3000.0
kata1-b6c96-s4136960-d1510003,92,1075.1233781573603,996.4027940139263,1153.8439623007944,1103.3176616901274,-28.19428353276703,2,a5803f8a5d9d87202b43d709cb328cedaf18c446af448f705c33d553e8c2e9f7,5170ec511fb50cdf10d648416d508574d70e9781ddf156a1b2a86d2b385e94dc,100,1729,maximum_nontransitivity_information_gain,2000.0,3000.0
kata1-b6c96-s4136960-d1510003,94,1076.350112661107,998.4835978921519,1154.216627430062,1103.3176616901274,-26.967549029020347,2,a5803f8a5d9d87202b43d709cb328cedaf18c446af448f705c33d553e8c2e9f7,5170ec511fb50cdf10d648416d508574d70e9781ddf156a1b2a86d2b385e94dc,100,1729,maximum_nontransitivity_information_gain,2000.0,3000.0
kata1-b6c96-s4136960-d1510003,96,1077.485715617687,1000.4449096084903,1154.5265216268836,1103.3176616901274,-25.83194607244036,2,a5803f8a5d9d87202b43d709cb328cedaf18c446af448f705c33d553e8c2e9f7,5170ec511fb50cdf10d648416d508574d70e9781ddf156a1b2a86d2b385e94dc,100,1729,maximum_nontransitivity_information_gain,2000.0,3000.0
kata1-b6c96-s4136960-d1510003,98,1078.5692008118915,1002.3257062774326,1154.8126953463504,1103.3176616901274,-24.748460878235846,2,a5803f8a5d9d87202b43d709cb328cedaf18c446af448f705c33d553e8c2e9f7,5170ec511fb50cdf10d648416d508574d70e9781ddf156a1b2a86d2b385e94dc,100,1729,maximum_nontransitivity_information_gain,2000.0,3000.0
kata1-b6c96-s4136960-d1510003,100,1083.5994919098082,1008.1356722838872,1159.063311535729,1103.3176616901274,-19.71816978031916,2,a5803f8a5d9d87202b43d709cb328cedaf18c446af448f705c33d553e8c2e9f7,5170ec511fb50cdf10d648416d508574d70e9781ddf156a1b2a86d2b385e94dc,100,1729,maximum_nontransitivity_information_gain,2000.0,3000.0
kata1-b6c96-s8080640-d1961030-temp-0.5,2,1157.9973964294559,-1282.7848681513078,3598.7796610102196,1246.7245142338181,-88.72711780436225,2,a5803f8a5d9d87202b43d709cb328cedaf18c446af448f705c33d553e8c2e9f7,5170ec511fb50cdf10d648416d508574d70e9781ddf156a1b2a86d2b385e94dc,100,1729,maximum_nontransitivity_information_gain,2000.0,3000.0
kata1-b6c96-s8080640-d1961030-temp-0.5,4,1163.1425346559106,680.1161776875742,1646.168891624247,1246.7245142338181,-83.58197957790753,2,a5803f8a5d9d87202b43d709cb328cedaf18c446af448f705c33d553e8c2e9f7,5170ec511fb50cdf10d648416d508574d70e9781ddf156a1b2a86d2b385e94dc,100,1729,maximum_nontransitivity_information_gain,2000.0,3000.0
kata1-b6c96-s8080640-d1961030-temp-0.5,6,1352.6029382830939,970.130498083122,1735.0753784830658,1246.7245142338181,105.87842404927574,2,a5803f8a5d9d87202b43d709cb328cedaf18c446af448f705c33d553e8c2e9f7,5170ec511fb50cdf10d648416d508574d70e9781ddf156a1b2a86d2b385e94dc,100,1729,maximum_nontransitivity_information_gain,2000.0,3000.0
kata1-b6c96-s8080640-d1961030-temp-0.5,8,1353.002268717798,1050.9747720217988,1655.0297654137971,1246.7245142338181,106.27775448397983,2,a5803f8a5d9d87202b43d709cb328cedaf18c446af448f705c33d553e8c2e9f7,5170ec511fb50cdf10d648416d508574d70e9781ddf156a1b2a86d2b385e94dc,100,1729,maximum_nontransitivity_information_gain,2000.0,3000.0
kata1-b6c96-s8080640-d1961030-temp-0.5,10,1257.3099332771885,1004.6782196917002,1509.9416468626769,1246.7245142338181,10.585419043370393,2,a5803f8a5d9d87202b43d709cb328cedaf18c446af448f705c33d553e8c2e9f7,5170ec511fb50cdf10d648416d508574d70e9781ddf156a1b2a86d2b385e94dc,100,1729,maximum_nontransitivity_information_gain,2000.0,3000.0
kata1-b6c96-s8080640-d1961030-temp-0.5,12,1254.306487401633,1029.2133633645915,1479.3996114386744,1246.7245142338181,7.581973167814795,2,a5803f8a5d9d87202b43d709cb328cedaf18c446af448f705c33d553e8c2e9f7,5170ec511fb50cdf10d648416d508574d70e9781ddf156a1b2a86d2b385e94dc,100,1729,maximum_nontransitivity_information_gain,2000.0,3000.0
kata1-b6c96-s8080640-d1961030-temp-0.5,14,1189.3716661334765,981.2558474442271,1397.487484822726,1246.7245142338181,-57.35284810034159,2,a5803f8a5d9d87202b43d709cb328cedaf18c446af448f705c33d553e8c2e9f7,5170ec511fb50cdf10d648416d508574d70e9781ddf156a1b2a86d2b385e94dc,100,1729,maximum_nontransitivity_information_gain,2000.0,3000.0
kata1-b6c96-s8080640-d1961030-temp-0.5,16,1239.3684100444161,1048.9948755019902,1429.741944586842,1246.7245142338181,-7.356104189402004,2,a5803f8a5d9d87202b43d709cb328cedaf18c446af448f705c33d553e8c2e9f7,5170ec511fb50cdf10d648416d508574d70e9781ddf156a1b2a86d2b385e94dc,100,1729,maximum_nontransitivity_information_gain,2000.0,3000.0
kata1-b6c96-s8080640-d1961030-temp-0.5,18,1192.9415699362448,1013.6039229860921,1372.2792168863975,1246.7245142338181,-53.782944297573295,2,a5803f8a5d9d87202b43d709cb328cedaf18c446af448f705c33d553e8c2e9f7,5170ec511fb50cdf10d648416d508574d70e9781ddf156a1b2a86d2b385e94dc,100,1729,maximum_nontransitivity_information_gain,2000.0,3000.0
kata1-b6c96-s8080640-d1961030-temp-0.5,20,1210.3506235812195,1042.0585355191022,1378.6427116433367,1246.7245142338181,-36.373890652598675,2,a5803f8a5d9d87202b43d709cb328cedaf18c446af448f705c33d553e8c2e9f7,5170ec511fb50cdf10d648416d508574d70e9781ddf156a1b2a86d2b385e94dc,100,1729,maximum_nontransitivity_information_gain,2000.0,3000.0
kata1-b6c96-s8080640-d1961030-temp-0.5,22,1176.0826532618405,1014.9827309777371,1337.1825755459438,1246.7245142338181,-70.64186097197762,2,a5803f8a5d9d87202b43d709cb328cedaf18c446af448f705c33d553e8c2e9f7,5170ec511fb50cdf10d648416d508574d70e9781ddf156a1b2a86d2b385e94dc,100,1729,maximum_nontransitivity_information_gain,2000.0,3000.0
kata1-b6c96-s8080640-d1961030-temp-0.5,24,1171.8865755839083,1018.237270481271,1325.5358806865456,1246.7245142338181,-74.8379386499098,2,a5803f8a5d9d87202b43d709cb328cedaf18c446af448f705c33d553e8c2e9f7,5170ec511fb50cdf10d648416d508574d70e9781ddf156a1b2a86d2b385e94dc,100,1729,maximum_nontransitivity_information_gain,2000.0,3000.0
kata1-b6c96-s8080640-d1961030-temp-0.5,26,1200.0148404968543,1053.8643114914848,1346.1653695022237,1246.7245142338181,-46.70967373696385,2,a5803f8a5d9d87202b43d709cb328cedaf18c446af448f705c33d553e8c2e9f7,5170ec511fb50cdf10d648416d508574d70e9781ddf156a1b2a86d2b385e94dc,100,1729,maximum_nontransitivity_information_gain,2000.0,3000.0
kata1-b6c96-s8080640-d1961030-temp-0.5,28,1225.8207806720354,1085.3888241531572,1366.2527371909136,1246.7245142338181,-20.9037335617827,2,a5803f8a5d9d87202b43d709cb328cedaf18c446af448f705c33d553e8c2e9f7,5170ec511fb50cdf10d648416d508574d70e9781ddf156a1b2a86d2b385e94dc,100,1729,maximum_nontransitivity_information_gain,2000.0,3000.0
kata1-b6c96-s8080640-d1961030-temp-0.5,30,1253.9132481980755,1118.0240668862016,1389.8024295099494,1246.7245142338181,7.188733964257381,2,a5803f8a5d9d87202b43d709cb328cedaf18c446af448f705c33d553e8c2e9f7,5170ec511fb50cdf10d648416d508574d70e9781ddf156a1b2a86d2b385e94dc,100,1729,maximum_nontransitivity_information_gain,2000.0,3000.0
kata1-b6c96-s8080640-d1961030-temp-0.5,32,1253.2267381083107,1122.0036835534252,1384.4497926631961,1246.7245142338181,6.502223874492529,2,a5803f8a5d9d87202b43d709cb328cedaf18c446af448f705c33d553e8c2e9f7,5170ec511fb50cdf10d648416d508574d70e9781ddf156a1b2a86d2b385e94dc,100,1729,maximum_nontransitivity_information_gain,2000.0,3000.0
kata1-b6c96-s8080640-d1961030-temp-0.5,34,1276.1126200068913,1148.2255711866117,1403.999668827171,1246.7245142338181,29.38810577307322,2,a5803f8a5d9d87202b43d709cb328cedaf18c446af448f705c33d553e8c2e9f7,5170ec511fb50cdf10d648416d508574d70e9781ddf156a1b2a86d2b385e94dc,100,1729,maximum_nontransitivity_information_gain,2000.0,3000.0
kata1-b6c96-s8080640-d1961030-temp-0.5,36,1274.1318981131724,1150.161092967569,1398.1027032587758,1246.7245142338181,27.407383879354256,2,a5803f8a5d9d87202b43d709cb328cedaf18c446af448f705c33d553e8c2e9f7,5170ec511fb50cdf10d648416d508574d70e9781ddf156a1b2a86d2b385e94dc,100,1729,maximum_nontransitivity_information_gain,2000.0,3000.0
kata1-b6c96-s8080640-d1961030-temp-0.5,38,1272.3848068457469,1151.9654253900408,1392.804188301453,1246.7245142338181,25.660292611928753,2,a5803f8a5d9d87202b43d709cb328cedaf18c446af448f705c33d553e8c2e9f7,5170ec511fb50cdf10d648416d508574d70e9781ddf156a1b2a86d2b385e94dc,100,1729,maximum_nontransitivity_information_gain,2000.0,3000.0
kata1-b6c96-s8080640-d1961030-temp-0.5,40,1270.8323471945557,1153.653025803186,1388.0116685859255,1246.7245142338181,24.107832960737596,2,a5803f8a5d9d87202b43d709cb328cedaf18c446af448f705c33d553e8c2e9f7,5170ec511fb50cdf10d648416d508574d70e9781ddf156a1b2a86d2b385e94dc,100,1729,maximum_nontransitivity_information_gain,2000.0,3000.0
kata1-b6c96-s8080640-d1961030-temp-0.5,42,1288.2078052071363,1173.2534139246766,1403.162196489596,1246.7245142338181,41.48329097331816,2,a5803f8a5d9d87202b43d709cb328cedaf18c446af448f705c33d553e8c2e9f7,5170ec511fb50cdf10d648416d508574d70e9781ddf156a1b2a86d2b385e94dc,100,1729,maximum_nontransitivity_information_gain,2000.0,3000.0
kata1-b6c96-s8080640-d1961030-temp-0.5,44,1273.360651854549,1161.6868444609922,1385.0344592481056,1246.7245142338181,26.63613762073078,2,a5803f8a5d9d87202b43d709cb328cedaf18c446af448f705c33d553e8c2e9f7,5170ec511fb50cdf10d648416d508574d70e9781ddf156a1b2a86d2b385e94dc,100,1729,maximum_nontransitivity_information_gain,2000.0,3000.0
kata1-b6c96-s8080640-d1961030-temp-0.5,46,1271.963247012244,1162.846451877307,1381.080042147181,1246.7245142338181,25.238732778425856,2,a5803f8a5d9d87202b43d709cb328cedaf18c446af448f705c33d553e8c2e9f7,5170ec511fb50cdf10d648416d508574d70e9781ddf156a1b2a86d2b385e94dc,100,1729,maximum_nontransitivity_information_gain,2000.0,3000.0
kata1-b6c96-s8080640-d1961030-temp-0.5,48,1259.240018254129,1152.6731011489926,1365.8069353592653,1246.7245142338181,12.5155040203108,2,a5803f8a5d9d87202b43d709cb328cedaf18c446af448f705c33d553e8c2e9f7,5170ec511fb50cdf10d648416d508574d70e9781ddf156a1b2a86d2b385e94dc,100,1729,maximum_nontransitivity_information_gain,2000.0,3000.0
kata1-b6c96-s8080640-d1961030-temp-0.5,50,1274.0459087424908,1169.3739410949102,1378.7178763900715,1246.7245142338181,27.32139450867271,2,a5803f8a5d9d87202b43d709cb328cedaf18c446af448f705c33d553e8c2e9f7,5170ec511fb50cdf10d648416d508574d70e9781ddf156a1b2a86d2b385e94dc,100,1729,maximum_nontransitivity_information_gain,2000.0,3000.0
kata1-b6c96-s8080640-d1961030-temp-0.5,52,1277.3481972879788,1174.6404880335774,1380.0559065423802,1246.7245142338181,30.623683054160665,2,a5803f8a5d9d87202b43d709cb328cedaf18c446af448f705c33d553e8c2e9f7,5170ec511fb50cdf10d648416d508574d70e9781ddf156a1b2a86d2b385e94dc,100,1729,maximum_nontransitivity_information_gain,2000.0,3000.0
kata1-b6c96-s8080640-d1961030-temp-0.5,54,1265.878378028819,1165.2683524821173,1366.4884035755208,1246.7245142338181,19.153863795000916,2,a5803f8a5d9d87202b43d709cb328cedaf18c446af448f705c33d553e8c2e9f7,5170ec511fb50cdf10d648416d508574d70e9781ddf156a1b2a86d2b385e94dc,100,1729,maximum_nontransitivity_information_gain,2000.0,3000.0
kata1-b6c96-s8080640-d1961030-temp-0.5,56,1251.2441777295123,1152.5651756491702,1349.9231798098544,1246.7245142338181,4.5196634956942034,2,a5803f8a5d9d87202b43d709cb328cedaf18c446af448f705c33d553e8c2e9f7,5170ec511fb50cdf10d648416d508574d70e9781ddf156a1b2a86d2b385e94dc,100,1729,maximum_nontransitivity_information_gain,2000.0,3000.0
kata1-b6c96-s8080640-d1961030-temp-0.5,58,1264.1799424592741,1167.1258923287148,1361.2339925898334,1246.7245142338181,17.45542822545599,2,a5803f8a5d9d87202b43d709cb328cedaf18c446af448f705c33d553e8c2e9f7,5170ec511fb50cdf10d648416d508574d70e9781ddf156a1b2a86d2b385e94dc,100,1729,maximum_nontransitivity_information_gain,2000.0,3000.0
kata1-b6c96-s8080640-d1961030-temp-0.5,60,1263.4366411561655,1168.0100229002057,1358.8632594121252,1246.7245142338181,16.712126922347352,2,a5803f8a5d9d87202b43d709cb328cedaf18c446af448f705c33d553e8c2e9f7,5170ec511fb50cdf10d648416d508574d70e9781ddf156a1b2a86d2b385e94dc,100,1729,maximum_nontransitivity_information_gain,2000.0,3000.0
kata1-b6c96-s8080640-d1961030-temp-0.5,62,1250.4074557356341,1156.5972543268138,1344.2176571444545,1246.7245142338181,3.6829415018160034,2,a5803f8a5d9d87202b43d709cb328cedaf18c446af448f705c33d553e8c2e9f7,5170ec511fb50cdf10d648416d508574d70e9781ddf156a1b2a86d2b385e94dc,100,1729,maximum_nontransitivity_information_gain,2000.0,3000.0
kata1-b6c96-s8080640-d1961030-temp-0.5,64,1250.1464165292118,1157.7911544648962,1342.5016785935275,1246.7245142338181,3.421902295393693,2,a5803f8a5d9d87202b43d709cb328cedaf18c446af448f705c33d553e8c2e9f7,5170ec511fb50cdf10d648416d508574d70e9781ddf156a1b2a86d2b385e94dc,100,1729,maximum_nontransitivity_information_gain,2000.0,3000.0
kata1-b6c96-s8080640-d1961030-temp-0.5,66,1261.4409446577351,1170.4025856099402,1352.4793037055301,1246.7245142338181,14.716430423917018,2,a5803f8a5d9d87202b43d709cb328cedaf18c446af448f705c33d553e8c2e9f7,5170ec511fb50cdf10d648416d508574d70e9781ddf156a1b2a86d2b385e94dc,100,1729,maximum_nontransitivity_information_gain,2000.0,3000.0
kata1-b6c96-s8080640-d1961030-temp-0.5,68,1249.699625240225,1160.0387931672376,1339.3604573132125,1246.7245142338181,2.9751110064069053,2,a5803f8a5d9d87202b43d709cb328cedaf18c446af448f705c33d553e8c2e9f7,5170ec511fb50cdf10d648416d508574d70e9781ddf156a1b2a86d2b385e94dc,100,1729,maximum_nontransitivity_information_gain,2000.0,3000.0
kata1-b6c96-s8080640-d1961030-temp-0.5,70,1247.065507188437,1158.6446685687451,1335.486345808129,1246.7245142338181,0.3409929546189687,2,a5803f8a5d9d87202b43d709cb328cedaf18c446af448f705c33d553e8c2e9f7,5170ec511fb50cdf10d648416d508574d70e9781ddf156a1b2a86d2b385e94dc,100,1729,maximum_nontransitivity_information_gain,2000.0,3000.0
kata1-b6c96-s8080640-d1961030-temp-0.5,72,1233.8766838195822,1146.6361622633988,1321.1172053757657,1246.7245142338181,-12.847830414235887,2,a5803f8a5d9d87202b43d709cb328cedaf18c446af448f705c33d553e8c2e9f7,5170ec511fb50cdf10d648416d508574d70e9781ddf156a1b2a86d2b385e94dc,100,1729,maximum_nontransitivity_information_gain,2000.0,3000.0
kata1-b6c96-s8080640-d1961030-temp-0.5,74,1231.8720159583368,1145.7690623085282,1317.9749696081453,1246.7245142338181,-14.852498275481366,2,a5803f8a5d9d87202b43d709cb328cedaf18c446af448f705c33d553e8c2e9f7,5170ec511fb50cdf10d648416d508574d70e9781ddf156a1b2a86d2b385e94dc,100,1729,maximum_nontransitivity_information_gain,2000.0,3000.0
kata1-b6c96-s8080640-d1961030-temp-0.5,76,1240.0923987781382,1155.085360121489,1325.0994374347874,1246.7245142338181,-6.632115455679923,2,a5803f8a5d9d87202b43d709cb328cedaf18c446af448f705c33d553e8c2e9f7,5170ec511fb50cdf10d648416d508574d70e9781ddf156a1b2a86d2b385e94dc,100,1729,maximum_nontransitivity_information_gain,2000.0,3000.0
kata1-b6c96-s8080640-d1961030-temp-0.5,78,1230.461246523857,1146.5013201739328,1314.4211728737812,1246.7245142338181,-16.263267709961156,2,a5803f8a5d9d87202b43d709cb328cedaf18c446af448f705c33d553e8c2e9f7,5170ec511fb50cdf10d648416d508574d70e9781ddf156a1b2a86d2b385e94dc,100,1729,maximum_nontransitivity_information_gain,2000.0,3000.0
kata1-b6c96-s8080640-d1961030-temp-0.5,80,1237.6136955180539,1154.6546062134994,1320.5727848226084,1246.7245142338181,-9.110818715764253,2,a5803f8a5d9d87202b43d709cb328cedaf18c446af448f705c33d553e8c2e9f7,5170ec511fb50cdf10d648416d508574d70e9781ddf156a1b2a86d2b385e94dc,100,1729,maximum_nontransitivity_information_gain,2000.0,3000.0
kata1-b6c96-s8080640-d1961030-temp-0.5,82,1235.7146564793109,1153.725989657144,1317.7033233014777,1246.7245142338181,-11.009857754507266,2,a5803f8a5d9d87202b43d709cb328cedaf18c446af448f705c33d553e8c2e9f7,5170ec511fb50cdf10d648416d508574d70e9781ddf156a1b2a86d2b385e94dc,100,1729,maximum_nontransitivity_information_gain,2000.0,3000.0
kata1-b6c96-s8080640-d1961030-temp-0.5,84,1233.1019124569539,1152.0405233758888,1314.163301538019,1246.7245142338181,-13.622601776864258,2,a5803f8a5d9d87202b43d709cb328cedaf18c446af448f705c33d553e8c2e9f7,5170ec511fb50cdf10d648416d508574d70e9781ddf156a1b2a86d2b385e94dc,100,1729,maximum_nontransitivity_information_gain,2000.0,3000.0
kata1-b6c96-s8080640-d1961030-temp-0.5,86,1240.3115079908891,1160.1156378771782,1320.5073781046,1246.7245142338181,-6.4130062429289865,2,a5803f8a5d9d87202b43d709cb328cedaf18c446af448f705c33d553e8c2e9f7,5170ec511fb50cdf10d648416d508574d70e9781ddf156a1b2a86d2b385e94dc,100,1729,maximum_nontransitivity_information_gain,2000.0,3000.0
kata1-b6c96-s8080640-d1961030-temp-0.5,88,1240.3921723863969,1161.0692939257324,1319.7150508470613,1246.7245142338181,-6.332341847421276,2,a5803f8a5d9d87202b43d709cb328cedaf18c446af448f705c33d553e8c2e9f7,5170ec511fb50cdf10d648416d508574d70e9781ddf156a1b2a86d2b385e94dc,100,1729,maximum_nontransitivity_information_gain,2000.0,3000.0
kata1-b6c96-s8080640-d1961030-temp-0.5,90,1232.076474238614,1153.6233884655257,1310.5295600117024,1246.7245142338181,-14.648039995204044,2,a5803f8a5d9d87202b43d709cb328cedaf18c446af448f705c33d553e8c2e9f7,5170ec511fb50cdf10d648416d508574d70e9781ddf156a1b2a86d2b385e94dc,100,1729,maximum_nontransitivity_information_gain,2000.0,3000.0
kata1-b6c96-s8080640-d1961030-temp-0.5,92,1229.8055572428289,1152.158679630539,1307.4524348551188,1246.7245142338181,-16.918956990989273,2,a5803f8a5d9d87202b43d709cb328cedaf18c446af448f705c33d553e8c2e9f7,5170ec511fb50cdf10d648416d508574d70e9781ddf156a1b2a86d2b385e94dc,100,1729,maximum_nontransitivity_information_gain,2000.0,3000.0
kata1-b6c96-s8080640-d1961030-temp-0.5,94,1227.6348146961222,1150.769179618901,1304.5004497733435,1246.7245142338181,-19.08969953769588,2,a5803f8a5d9d87202b43d709cb328cedaf18c446af448f705c33d553e8c2e9f7,5170ec511fb50cdf10d648416d508574d70e9781ddf156a1b2a86d2b385e94dc,100,1729,maximum_nontransitivity_information_gain,2000.0,3000.0
kata1-b6c96-s8080640-d1961030-temp-0.5,96,1226.2243417347427,1150.120495567722,1302.3281879017634,1246.7245142338181,-20.50017249907546,2,a5803f8a5d9d87202b43d709cb328cedaf18c446af448f705c33d553e8c2e9f7,5170ec511fb50cdf10d648416d508574d70e9781ddf156a1b2a86d2b385e94dc,100,1729,maximum_nontransitivity_information_gain,2000.0,3000.0
kata1-b6c96-s8080640-d1961030-temp-0.5,98,1232.1312937575904,1156.7353387410935,1307.5272487740872,1246.7245142338181,-14.59322047622777,2,a5803f8a5d9d87202b43d709cb328cedaf18c446af448f705c33d553e8c2e9f7,5170ec511fb50cdf10d648416d508574d70e9781ddf156a1b2a86d2b385e94dc,100,1729,maximum_nontransitivity_information_gain,2000.0,3000.0
kata1-b6c96-s8080640-d1961030-temp-0.5,100,1230.690848774436,1156.011166580958,1305.3705309679142,1246.7245142338181,-16.033665459382064,2,a5803f8a5d9d87202b43d709cb328cedaf18c446af448f705c33d553e8c2e9f7,5170ec511fb50cdf10d648416d508574d70e9781ddf156a1b2a86d2b385e94dc,100,1729,maximum_nontransitivity_information_gain,2000.0,3000.0
kata1-b6c96-s8982784-d2082583-temp-0.5,2,1165.632923629068,-1284.290667931155,3615.556515189291,1364.6826124924817,-199.04968886341362,2,a5803f8a5d9d87202b43d709cb328cedaf18c446af448f705c33d553e8c2e9f7,5170ec511fb50cdf10d648416d508574d70e9781ddf156a1b2a86d2b385e94dc,100,1729,maximum_nontransitivity_information_gain,2000.0,3000.0
kata1-b6c96-s8982784-d2082583-temp-0.5,4,1170.3022065524428,687.1331674089674,1653.4712456959182,1364.6826124924817,-194.38040594003883,2,a5803f8a5d9d87202b43d709cb328cedaf18c446af448f705c33d553e8c2e9f7,5170ec511fb50cdf10d648416d508574d70e9781ddf156a1b2a86d2b385e94dc,100,1729,maximum_nontransitivity_information_gain,2000.0,3000.0
kata1-b6c96-s8982784-d2082583-temp-0.5,6,1359.8877823324576,977.2224816614671,1742.5530830034481,1364.6826124924817,-4.794830160024048,2,a5803f8a5d9d87202b43d709cb328cedaf18c446af448f705c33d553e8c2e9f7,5170ec511fb50cdf10d648416d508574d70e9781ddf156a1b2a86d2b385e94dc,100,1729,maximum_nontransitivity_information_gain,2000.0,3000.0
kata1-b6c96-s8982784-d2082583-temp-0.5,8,1536.4338870068414,1186.604594533711,1886.2631794799718,1364.6826124924817,171.7512745143597,2,a5803f8a5d9d87202b43d709cb328cedaf18c446af448f705c33d553e8c2e9f7,5170ec511fb50cdf10d648416d508574d70e9781ddf156a1b2a86d2b385e94dc,100,1729,maximum_nontransitivity_information_gain,2000.0,3000.0
kata1-b6c96-s8982784-d2082583-temp-0.5,10,1418.3876764548158,1150.6340963240618,1686.1412565855699,1364.6826124924817,53.70506396233418,2,a5803f8a5d9d87202b43d709cb328cedaf18c446af448f705c33d553e8c2e9f7,5170ec511fb50cdf10d648416d508574d70e9781ddf156a1b2a86d2b385e94dc,100,1729,maximum_nontransitivity_information_gain,2000.0,3000.0
kata1-b6c96-s8982784-d2082583-temp-0.5,12,1416.5338457346945,1181.3101997933666,1651.7574916760225,1364.6826124924817,51.85123324221286,2,a5803f8a5d9d87202b43d709cb328cedaf18c446af448f705c33d553e8c2e9f7,5170ec511fb50cdf10d648416d508574d70e9781ddf156a1b2a86d2b385e94dc,100,1729,maximum_nontransitivity_information_gain,2000.0,3000.0
kata1-b6c96-s8982784-d2082583-temp-0.5,14,1415.3904710014967,1203.0140783502768,1627.7668636527167,1364.6826124924817,50.70785850901507,2,a5803f8a5d9d87202b43d709cb328cedaf18c446af448f705c33d553e8c2e9f7,5170ec511fb50cdf10d648416d508574d70e9781ddf156a1b2a86d2b385e94dc,100,1729,maximum_nontransitivity_information_gain,2000.0,3000.0
kata1-b6c96-s8982784-d2082583-temp-0.5,16,1358.5509443563637,1163.6708487738908,1553.4310399388366,1364.6826124924817,-6.1316681361179235,2,a5803f8a5d9d87202b43d709cb328cedaf18c446af448f705c33d553e8c2e9f7,5170ec511fb50cdf10d648416d508574d70e9781ddf156a1b2a86d2b385e94dc,100,1729,maximum_nontransitivity_information_gain,2000.0,3000.0
kata1-b6c96-s8982784-d2082583-temp-0.5,18,1316.4180048901467,1132.6757591621895,1500.1602506181039,1364.6826124924817,-48.26460760233499,2,a5803f8a5d9d87202b43d709cb328cedaf18c446af448f705c33d553e8c2e9f7,5170ec511fb50cdf10d648416d508574d70e9781ddf156a1b2a86d2b385e94dc,100,1729,maximum_nontransitivity_information_gain,2000.0,3000.0
kata1-b6c96-s8982784-d2082583-temp-0.5,20,1352.2109410034177,1180.642801405429,1523.7790806014063,1364.6826124924817,-12.471671489063965,2,a5803f8a5d9d87202b43d709cb328cedaf18c446af448f705c33d553e8c2e9f7,5170ec511fb50cdf10d648416d508574d70e9781ddf156a1b2a86d2b385e94dc,100,1729,maximum_nontransitivity_information_gain,2000.0,3000.0
kata1-b6c96-s8982784-d2082583-temp-0.5,22,1358.4669845053686,1196.1042278409363,1520.8297411698009,1364.6826124924817,-6.215627987113066,2,a5803f8a5d9d87202b43d709cb328cedaf18c446af448f705c33d553e8c2e9f7,5170ec511fb50cdf10d648416d508574d70e9781ddf156a1b2a86d2b385e94dc,100,1729,maximum_nontransitivity_information_gain,2000.0,3000.0
kata1-b6c96-s8982784-d2082583-temp-0.5,24,1363.5003201910054,1208.9973569276056,1518.0032834544052,1364.6826124924817,-1.1822923014763091,2,a5803f8a5d9d87202b43d709cb328cedaf18c446af448f705c33d553e8c2e9f7,5170ec511fb50cdf10d648416d508574d70e9781ddf156a1b2a86d2b385e94dc,100,1729,maximum_nontransitivity_information_gain,2000.0,3000.0
kata1-b6c96-s8982784-d2082583-temp-0.5,26,1367.6699150953668,1219.9666003272152,1515.3732298635184,1364.6826124924817,2.9873026028851655,2,a5803f8a5d9d87202b43d709cb328cedaf18c446af448f705c33d553e8c2e9f7,5170ec511fb50cdf10d648416d508574d70e9781ddf156a1b2a86d2b385e94dc,100,1729,maximum_nontransitivity_information_gain,2000.0,3000.0
kata1-b6c96-s8982784-d2082583-temp-0.5,28,1371.1434885495994,1229.399709150817,1512.8872679483818,1364.6826124924817,6.46087605711773,2,a5803f8a5d9d87202b43d709cb328cedaf18c446af448f705c33d553e8c2e9f7,5170ec511fb50cdf10d648416d508574d70e9781ddf156a1b2a86d2b385e94dc,100,1729,maximum_nontransitivity_information_gain,2000.0,3000.0
kata1-b6c96-s8982784-d2082583-temp-0.5,30,1374.0943827415995,1237.624597324148,1510.564168159051,1364.6826124924817,9.411770249117808,2,a5803f8a5d9d87202b43d709cb328cedaf18c446af448f705c33d553e8c2e9f7,5170ec511fb50cdf10d648416d508574d70e9781ddf156a1b2a86d2b385e94dc,100,1729,maximum_nontransitivity_information_gain,2000.0,3000.0
kata1-b6c96-s8982784-d2082583-temp-0.5,32,1351.356549056581,1219.0747512522366,1483.6383468609251,1364.6826124924817,-13.326063435900778,2,a5803f8a5d9d87202b43d709cb328cedaf18c446af448f705c33d553e8c2e9f7,5170ec511fb50cdf10d648416d508574d70e9781ddf156a1b2a86d2b385e94dc,100,1729,maximum_nontransitivity_information_gain,2000.0,3000.0
kata1-b6c96-s8982784-d2082583-temp-0.5,34,1378.8584345221645,1251.3301052831794,1506.3867637611497,1364.6826124924817,14.175822029682877,2,a5803f8a5d9d87202b43d709cb328cedaf18c446af448f705c33d553e8c2e9f7,5170ec511fb50cdf10d648416d508574d70e9781ddf156a1b2a86d2b385e94dc,100,1729,maximum_nontransitivity_information_gain,2000.0,3000.0
kata1-b6c96-s8982784-d2082583-temp-0.5,36,1380.813383077866,1257.1186079468955,1504.5081582088367,1364.6826124924817,16.130770585384425,2,a5803f8a5d9d87202b43d709cb328cedaf18c446af448f705c33d553e8c2e9f7,5170ec511fb50cdf10d648416d508574d70e9781ddf156a1b2a86d2b385e94dc,100,1729,maximum_nontransitivity_information_gain,2000.0,3000.0
kata1-b6c96-s8982784-d2082583-temp-0.5,38,1392.938038407701,1272.7845309406227,1513.0915458747793,1364.6826124924817,28.255425915219348,2,a5803f8a5d9d87202b43d709cb328cedaf18c446af448f705c33d553e8c2e9f7,5170ec511fb50cdf10d648416d508574d70e9781ddf156a1b2a86d2b385e94dc,100,1729,maximum_nontransitivity_information_gain,2000.0,3000.0
kata1-b6c96-s8982784-d2082583-temp-0.5,40,1393.8872872055274,1276.9304914981885,1510.8440829128663,1364.6826124924817,29.204674713045733,2,a5803f8a5d9d87202b43d709cb328cedaf18c446af448f705c33d553e8c2e9f7,5170ec511fb50cdf10d648416d508574d70e9781ddf156a1b2a86d2b385e94dc,100,1729,maximum_nontransitivity_information_gain,2000.0,3000.0
kata1-b6c96-s8982784-d2082583-temp-0.5,42,1413.3890909082927,1299.2621374916096,1527.5160443249758,1364.6826124924817,48.706478415811034,2,a5803f8a5d9d87202b43d709cb328cedaf18c446af448f705c33d553e8c2e9f7,5170ec511fb50cdf10d648416d508574d70e9781ddf156a1b2a86d2b385e94dc,100,1729,maximum_nontransitivity_information_gain,2000.0,3000.0
kata1-b6c96-s8982784-d2082583-temp-0.5,44,1413.2552275763464,1301.858265945612,1524.652189207081,1364.6826124924817,48.572615083864775,2,a5803f8a5d9d87202b43d709cb328cedaf18c446af448f705c33d553e8c2e9f7,5170ec511fb50cdf10d648416d508574d70e9781ddf156a1b2a86d2b385e94dc,100,1729,maximum_nontransitivity_information_gain,2000.0,3000.0
kata1-b6c96-s8982784-d2082583-temp-0.5,46,1413.1348961351805,1304.2689694810958,1522.0008227892652,1364.6826124924817,48.45228364269883,2,a5803f8a5d9d87202b43d709cb328cedaf18c446af448f705c33d553e8c2e9f7,5170ec511fb50cdf10d648416d508574d70e9781ddf156a1b2a86d2b385e94dc,100,1729,maximum_nontransitivity_information_gain,2000.0,3000.0
kata1-b6c96-s8982784-d2082583-temp-0.5,48,1413.0028566597093,1306.4945866112037,1519.511126708215,1364.6826124924817,48.320244167227656,2,a5803f8a5d9d87202b43d709cb328cedaf18c446af448f705c33d553e8c2e9f7,5170ec511fb50cdf10d648416d508574d70e9781ddf156a1b2a86d2b385e94dc,100,1729,maximum_nontransitivity_information_gain,2000.0,3000.0
kata1-b6c96-s8982784-d2082583-temp-0.5,50,1428.364199283818,1323.828241632971,1532.900156934665,1364.6826124924817,63.68158679133626,2,a5803f8a5d9d87202b43d709cb328cedaf18c446af448f705c33d553e8c2e9f7,5170ec511fb50cdf10d648416d508574d70e9781ddf156a1b2a86d2b385e94dc,100,1729,maximum_nontransitivity_information_gain,2000.0,3000.0
kata1-b6c96-s8982784-d2082583-temp-0.5,52,1417.0458501787714,1314.6525567908948,1519.439143566648,1364.6826124924817,52.36323768628972,2,a5803f8a5d9d87202b43d709cb328cedaf18c446af448f705c33d553e8c2e9f7,5170ec511fb50cdf10d648416d508574d70e9781ddf156a1b2a86d2b385e94dc,100,1729,maximum_nontransitivity_information_gain,2000.0,3000.0
kata1-b6c96-s8982784-d2082583-temp-0.5,54,1416.7642757869962,1316.3169289155103,1517.2116226584822,1364.6826124924817,52.081663294514556,2,a5803f8a5d9d87202b43d709cb328cedaf18c446af448f705c33d553e8c2e9f7,5170ec511fb50cdf10d648416d508574d70e9781ddf156a1b2a86d2b385e94dc,100,1729,maximum_nontransitivity_information_gain,2000.0,3000.0
kata1-b6c96-s8982784-d2082583-temp-0.5,56,1416.5266151976111,1317.9073060033418,1515.1459243918805,1364.6826124924817,51.84400270512947,2,a5803f8a5d9d87202b43d709cb328cedaf18c446af448f705c33d553e8c2e9f7,5170ec511fb50cdf10d648416d508574d70e9781ddf156a1b2a86d2b385e94dc,100,1729,maximum_nontransitivity_information_gain,2000.0,3000.0
kata1-b6c96-s8982784-d2082583-temp-0.5,58,1416.307203538726,1319.4115011633567,1513.2029059140955,1364.6826124924817,51.624591046244404,2,a5803f8a5d9d87202b43d709cb328cedaf18c446af448f705c33d553e8c2e9f7,5170ec511fb50cdf10d648416d508574d70e9781ddf156a1b2a86d2b385e94dc,100,1729,maximum_nontransitivity_information_gain,2000.0,3000.0
kata1-b6c96-s8982784-d2082583-temp-0.5,60,1406.9910081596627,1311.6629014672671,1502.3191148520582,1364.6826124924817,42.308395667181,2,a5803f8a5d9d87202b43d709cb328cedaf18c446af448f705c33d553e8c2e9f7,5170ec511fb50cdf10d648416d508574d70e9781ddf156a1b2a86d2b385e94dc,100,1729,maximum_nontransitivity_information_gain,2000.0,3000.0
kata1-b6c96-s8982784-d2082583-temp-0.5,62,1407.0866341444305,1313.3068888661667,1500.8663794226943,1364.6826124924817,42.404021651948824,2,a5803f8a5d9d87202b43d709cb328cedaf18c446af448f705c33d553e8c2e9f7,5170ec511fb50cdf10d648416d508574d70e9781ddf156a1b2a86d2b385e94dc,100,1729,maximum_nontransitivity_information_gain,2000.0,3000.0
kata1-b6c96-s8982784-d2082583-temp-0.5,64,1407.198094396213,1314.8846095569957,1499.5115792354304,1364.6826124924817,42.51548190373137,2,a5803f8a5d9d87202b43d709cb328cedaf18c446af448f705c33d553e8c2e9f7,5170ec511fb50cdf10d648416d508574d70e9781ddf156a1b2a86d2b385e94dc,100,1729,maximum_nontransitivity_information_gain,2000.0,3000.0
kata1-b6c96-s8982784-d2082583-temp-0.5,66,1395.7497889362376,1304.78166005552,1486.7179178169552,1364.6826124924817,31.067176443755898,2,a5803f8a5d9d87202b43d709cb328cedaf18c446af448f705c33d553e8c2e9f7,5170ec511fb50cdf10d648416d508574d70e9781ddf156a1b2a86d2b385e94dc,100,1729,maximum_nontransitivity_information_gain,2000.0,3000.0
kata1-b6c96-s8982784-d2082583-temp-0.5,68,1384.992252684308,1295.2370400438097,1474.7474653248062,1364.6826124924817,20.309640191826247,2,a5803f8a5d9d87202b43d709cb328cedaf18c446af448f705c33d553e8c2e9f7,5170ec511fb50cdf10d648416d508574d70e9781ddf156a1b2a86d2b385e94dc,100,1729,maximum_nontransitivity_information_gain,2000.0,3000.0
kata1-b6c96-s8982784-d2082583-temp-0.5,70,1374.8485021988515,1286.192911869203,1463.5040925285,1364.6826124924817,10.165889706369853,2,a5803f8a5d9d87202b43d709cb328cedaf18c446af448f705c33d553e8c2e9f7,5170ec511fb50cdf10d648416d508574d70e9781ddf156a1b2a86d2b385e94dc,100,1729,maximum_nontransitivity_information_gain,2000.0,3000.0
kata1-b6c96-s8982784-d2082583-temp-0.5,72,1375.8779284437371,1288.453205260594,1463.3026516268803,1364.6826124924817,11.195315951255452,2,a5803f8a5d9d87202b43d709cb328cedaf18c446af448f705c33d553e8c2e9f7,5170ec511fb50cdf10d648416d508574d70e9781ddf156a1b2a86d2b385e94dc,100,1729,maximum_nontransitivity_information_gain,2000.0,3000.0
kata1-b6c96-s8982784-d2082583-temp-0.5,74,1376.8474213017164,1290.5979950494313,1463.0968475540014,1364.6826124924817,12.164808809234728,2,a5803f8a5d9d87202b43d709cb328cedaf18c446af448f705c33d553e8c2e9f7,5170ec511fb50cdf10d648416d508574d70e9781ddf156a1b2a86d2b385e94dc,100,1729,maximum_nontransitivity_information_gain,2000.0,3000.0
kata1-b6c96-s8982784-d2082583-temp-0.5,76,1367.7393134945926,1282.414438589764,1453.0641883994213,1364.6826124924817,3.0567010021109127,2,a5803f8a5d9d87202b43d709cb328cedaf18c446af448f705c33d553e8c2e9f7,5170ec511fb50cdf10d648416d508574d70e9781ddf156a1b2a86d2b385e94dc,100,1729,maximum_nontransitivity_information_gain,2000.0,3000.0
kata1-b6c96-s8982784-d2082583-temp-0.5,78,1374.5989479865955,1290.4134494551474,1458.7844465180435,1364.6826124924817,9.91633549411381,2,a5803f8a5d9d87202b43d709cb328cedaf18c446af448f705c33d553e8c2e9f7,5170ec511fb50cdf10d648416d508574d70e9781ddf156a1b2a86d2b385e94dc,100,1729,maximum_nontransitivity_information_gain,2000.0,3000.0
kata1-b6c96-s8982784-d2082583-temp-0.5,80,1375.5320014675142,1292.3841933602093,1458.679809574819,1364.6826124924817,10.849388975032525,2,a5803f8a5d9d87202b43d709cb328cedaf18c446af448f705c33d553e8c2e9f7,5170ec511fb50cdf10d648416d508574d70e9781ddf156a1b2a86d2b385e94dc,100,1729,maximum_nontransitivity_information_gain,2000.0,3000.0
kata1-b6c96-s8982784-d2082583-temp-0.5,82,1376.4386487418162,1294.284344946941,1458.5929525366914,1364.6826124924817,11.756036249334556,2,a5803f8a5d9d87202b43d709cb328cedaf18c446af448f705c33d553e8c2e9f7,5170ec511fb50cdf10d648416d508574d70e9781ddf156a1b2a86d2b385e94dc,100,1729,maximum_nontransitivity_information_gain,2000.0,3000.0
kata1-b6c96-s8982784-d2082583-temp-0.5,84,1377.277535877519,1296.0794175830863,1458.4756541719519,1364.6826124924817,12.594923385037418,2,a5803f8a5d9d87202b43d709cb328cedaf18c446af448f705c33d553e8c2e9f7,5170ec511fb50cdf10d648416d508574d70e9781ddf156a1b2a86d2b385e94dc,100,1729,maximum_nontransitivity_information_gain,2000.0,3000.0
kata1-b6c96-s8982784-d2082583-temp-0.5,86,1378.0970720977273,1297.816217335199,1458.3779268602555,1364.6826124924817,13.41445960524561,2,a5803f8a5d9d87202b43d709cb328cedaf18c446af448f705c33d553e8c2e9f7,5170ec511fb50cdf10d648416d508574d70e9781ddf156a1b2a86d2b385e94dc,100,1729,maximum_nontransitivity_information_gain,2000.0,3000.0
kata1-b6c96-s8982784-d2082583-temp-0.5,88,1378.8777438667582,1299.4795607290844,1458.275927004432,1364.6826124924817,14.19513137427657,2,a5803f8a5d9d87202b43d709cb328cedaf18c446af448f705c33d553e8c2e9f7,5170ec511fb50cdf10d648416d508574d70e9781ddf156a1b2a86d2b385e94dc,100,1729,maximum_nontransitivity_information_gain,2000.0,3000.0
kata1-b6c96-s8982784-d2082583-temp-0.5,90,1371.2027376856174,1292.5269370795354,1449.8785382916994,1364.6826124924817,6.520125193135755,2,a5803f8a5d9d87202b43d709cb328cedaf18c446af448f705c33d553e8c2e9f7,5170ec511fb50cdf10d648416d508574d70e9781ddf156a1b2a86d2b385e94dc,100,1729,maximum_nontransitivity_information_gain,2000.0,3000.0
kata1-b6c96-s8982784-d2082583-temp-0.5,92,1372.6769350456893,1294.8026163597676,1450.551253731611,1364.6826124924817,7.994322553207667,2,a5803f8a5d9d87202b43d709cb328cedaf18c446af448f705c33d553e8c2e9f7,5170ec511fb50cdf10d648416d508574d70e9781ddf156a1b2a86d2b385e94dc,100,1729,maximum_nontransitivity_information_gain,2000.0,3000.0
kata1-b6c96-s8982784-d2082583-temp-0.5,94,1369.9288408606026,1292.7715545212236,1447.0861271999815,1364.6826124924817,5.24622836812091,2,a5803f8a5d9d87202b43d709cb328cedaf18c446af448f705c33d553e8c2e9f7,5170ec511fb50cdf10d648416d508574d70e9781ddf156a1b2a86d2b385e94dc,100,1729,maximum_nontransitivity_information_gain,2000.0,3000.0
kata1-b6c96-s8982784-d2082583-temp-0.5,96,1367.3201263818648,1290.8611666968732,1443.7790860668565,1364.6826124924817,2.6375138893831718,2,a5803f8a5d9d87202b43d709cb328cedaf18c446af448f705c33d553e8c2e9f7,5170ec511fb50cdf10d648416d508574d70e9781ddf156a1b2a86d2b385e94dc,100,1729,maximum_nontransitivity_information_gain,2000.0,3000.0
kata1-b6c96-s8982784-d2082583-temp-0.5,98,1364.7689489631696,1288.9949184452676,1440.5429794810716,1364.6826124924817,0.08633647068791106,2,a5803f8a5d9d87202b43d709cb328cedaf18c446af448f705c33d553e8c2e9f7,5170ec511fb50cdf10d648416d508574d70e9781ddf156a1b2a86d2b385e94dc,100,1729,maximum_nontransitivity_information_gain,2000.0,3000.0
kata1-b6c96-s8982784-d2082583-temp-0.5,100,1370.1621335274156,1295.136947377934,1445.1873196768972,1364.6826124924817,5.479521034933896,2,a5803f8a5d9d87202b43d709cb328cedaf18c446af448f705c33d553e8c2e9f7,5170ec511fb50cdf10d648416d508574d70e9781ddf156a1b2a86d2b385e94dc,100,1729,maximum_nontransitivity_information_gain,2000.0,3000.0
kata1-b6c96-s8080640-d1961030-temp-0.3,2,1158.5092776030658,-1282.8992259777863,3599.917781183918,1413.0572710896483,-254.54799348658253,2,a5803f8a5d9d87202b43d709cb328cedaf18c446af448f705c33d553e8c2e9f7,5170ec511fb50cdf10d648416d508574d70e9781ddf156a1b2a86d2b385e94dc,100,1729,maximum_nontransitivity_information_gain,2000.0,3000.0
kata1-b6c96-s8080640-d1961030-temp-0.3,4,1168.0723441882378,685.1986799033473,1650.9460084731284,1413.0572710896483,-244.98492690141052,2,a5803f8a5d9d87202b43d709cb328cedaf18c446af448f705c33d553e8c2e9f7,5170ec511fb50cdf10d648416d508574d70e9781ddf156a1b2a86d2b385e94dc,100,1729,maximum_nontransitivity_information_gain,2000.0,3000.0
kata1-b6c96-s8080640-d1961030-temp-0.3,6,1168.2791978264238,822.8215726089778,1513.7368230438697,1413.0572710896483,-244.77807326322454,2,a5803f8a5d9d87202b43d709cb328cedaf18c446af448f705c33d553e8c2e9f7,5170ec511fb50cdf10d648416d508574d70e9781ddf156a1b2a86d2b385e94dc,100,1729,maximum_nontransitivity_information_gain,2000.0,3000.0
kata1-b6c96-s8080640-d1961030-temp-0.3,8,1281.019123287432,984.2449907063462,1577.7932558685177,1413.0572710896483,-132.03814780221637,2,a5803f8a5d9d87202b43d709cb328cedaf18c446af448f705c33d553e8c2e9f7,5170ec511fb50cdf10d648416d508574d70e9781ddf156a1b2a86d2b385e94dc,100,1729,maximum_nontransitivity_information_gain,2000.0,3000.0
kata1-b6c96-s8080640-d1961030-temp-0.3,10,1180.879088349986,933.6076115834321,1428.1505651165398,1413.0572710896483,-232.17818273966236,2,a5803f8a5d9d87202b43d709cb328cedaf18c446af448f705c33d553e8c2e9f7,5170ec511fb50cdf10d648416d508574d70e9781ddf156a1b2a86d2b385e94dc,100,1729,maximum_nontransitivity_information_gain,2000.0,3000.0
kata1-b6c96-s8080640-d1961030-temp-0.3,12,1251.723159014326,1026.750023638117,1476.696294390535,1413.0572710896483,-161.3341120753223,2,a5803f8a5d9d87202b43d709cb328cedaf18c446af448f705c33d553e8c2e9f7,5170ec511fb50cdf10d648416d508574d70e9781ddf156a1b2a86d2b385e94dc,100,1729,maximum_nontransitivity_information_gain,2000.0,3000.0
kata1-b6c96-s8080640-d1961030-temp-0.3,14,1250.7830058423724,1045.9968343668936,1455.5691773178512,1413.0572710896483,-162.27426524727593,2,a5803f8a5d9d87202b43d709cb328cedaf18c446af448f705c33d553e8c2e9f7,5170ec511fb50cdf10d648416d508574d70e9781ddf156a1b2a86d2b385e94dc,100,1729,maximum_nontransitivity_information_gain,2000.0,3000.0
kata1-b6c96-s8080640-d1961030-temp-0.3,16,1250.1232152054124,1060.8321189113685,1439.4143114994563,1413.0572710896483,-162.93405588423593,2,a5803f8a5d9d87202b43d709cb328cedaf18c446af448f705c33d553e8c2e9f7,5170ec511fb50cdf10d648416d508574d70e9781ddf156a1b2a86d2b385e94dc,100,1729,maximum_nontransitivity_information_gain,2000.0,3000.0
kata1-b6c96-s8080640-d1961030-temp-0.3,18,1297.3030768818471,1116.7030394080562,1477.903114355638,1413.0572710896483,-115.75419420780122,2,a5803f8a5d9d87202b43d709cb328cedaf18c446af448f705c33d553e8c2e9f7,5170ec511fb50cdf10d648416d508574d70e9781ddf156a1b2a86d2b385e94dc,100,1729,maximum_nontransitivity_information_gain,2000.0,3000.0
kata1-b6c96-s8080640-d1961030-temp-0.3,20,1335.2905316186504,1160.8755871333208,1509.7054761039801,1413.0572710896483,-77.76673947099789,2,a5803f8a5d9d87202b43d709cb328cedaf18c446af448f705c33d553e8c2e9f7,5170ec511fb50cdf10d648416d508574d70e9781ddf156a1b2a86d2b385e94dc,100,1729,maximum_nontransitivity_information_gain,2000.0,3000.0
kata1-b6c96-s8080640-d1961030-temp-0.3,22,1338.4063088851872,1173.415745164366,1503.3968726060084,1413.0572710896483,-74.65096220446117,2,a5803f8a5d9d87202b43d709cb328cedaf18c446af448f705c33d553e8c2e9f7,5170ec511fb50cdf10d648416d508574d70e9781ddf156a1b2a86d2b385e94dc,100,1729,maximum_nontransitivity_information_gain,2000.0,3000.0
kata1-b6c96-s8080640-d1961030-temp-0.3,24,1378.0239808649974,1216.7526461353948,1539.2953155946,1413.0572710896483,-35.033290224650955,2,a5803f8a5d9d87202b43d709cb328cedaf18c446af448f705c33d553e8c2e9f7,5170ec511fb50cdf10d648416d508574d70e9781ddf156a1b2a86d2b385e94dc,100,1729,maximum_nontransitivity_information_gain,2000.0,3000.0
kata1-b6c96-s8080640-d1961030-temp-0.3,26,1376.5998465608372,1223.3041650807495,1529.895528040925,1413.0572710896483,-36.45742452881109,2,a5803f8a5d9d87202b43d709cb328cedaf18c446af448f705c33d553e8c2e9f7,5170ec511fb50cdf10d648416d508574d70e9781ddf156a1b2a86d2b385e94dc,100,1729,maximum_nontransitivity_information_gain,2000.0,3000.0
kata1-b6c96-s8080640-d1961030-temp-0.3,28,1407.579561972281,1257.3482629172402,1557.8108610273218,1413.0572710896483,-5.47770911736734,2,a5803f8a5d9d87202b43d709cb328cedaf18c446af448f705c33d553e8c2e9f7,5170ec511fb50cdf10d648416d508574d70e9781ddf156a1b2a86d2b385e94dc,100,1729,maximum_nontransitivity_information_gain,2000.0,3000.0
kata1-b6c96-s8080640-d1961030-temp-0.3,30,1434.7631445588354,1287.1675434700421,1582.3587456476287,1413.0572710896483,21.705873469187054,2,a5803f8a5d9d87202b43d709cb328cedaf18c446af448f705c33d553e8c2e9f7,5170ec511fb50cdf10d648416d508574d70e9781ddf156a1b2a86d2b385e94dc,100,1729,maximum_nontransitivity_information_gain,2000.0,3000.0
kata1-b6c96-s8080640-d1961030-temp-0.3,32,1441.128472482109,1298.5448206803594,1583.7121242838584,1413.0572710896483,28.07120139246058,2,a5803f8a5d9d87202b43d709cb328cedaf18c446af448f705c33d553e8c2e9f7,5170ec511fb50cdf10d648416d508574d70e9781ddf156a1b2a86d2b385e94dc,100,1729,maximum_nontransitivity_information_gain,2000.0,3000.0
kata1-b6c96-s8080640-d1961030-temp-0.3,34,1446.6049540214194,1308.6864727677857,1584.523435275053,1413.0572710896483,33.54768293177108,2,a5803f8a5d9d87202b43d709cb328cedaf18c446af448f705c33d553e8c2e9f7,5170ec511fb50cdf10d648416d508574d70e9781ddf156a1b2a86d2b385e94dc,100,1729,maximum_nontransitivity_information_gain,2000.0,3000.0
kata1-b6c96-s8080640-d1961030-temp-0.3,36,1451.331206917336,1317.741404059681,1584.921009774991,1413.0572710896483,38.27393582768764,2,a5803f8a5d9d87202b43d709cb328cedaf18c446af448f705c33d553e8c2e9f7,5170ec511fb50cdf10d648416d508574d70e9781ddf156a1b2a86d2b385e94dc,100,1729,maximum_nontransitivity_information_gain,2000.0,3000.0
kata1-b6c96-s8080640-d1961030-temp-0.3,38,1455.8786906727714,1326.2489011505243,1585.5084801950186,1413.0572710896483,42.82141958312309,2,a5803f8a5d9d87202b43d709cb328cedaf18c446af448f705c33d553e8c2e9f7,5170ec511fb50cdf10d648416d508574d70e9781ddf156a1b2a86d2b385e94dc,100,1729,maximum_nontransitivity_information_gain,2000.0,3000.0
kata1-b6c96-s8080640-d1961030-temp-0.3,40,1437.1736965705222,1312.8559983316068,1561.4913948094377,1413.0572710896483,24.116425480873886,2,a5803f8a5d9d87202b43d709cb328cedaf18c446af448f705c33d553e8c2e9f7,5170ec511fb50cdf10d648416d508574d70e9781ddf156a1b2a86d2b385e94dc,100,1729,maximum_nontransitivity_information_gain,2000.0,3000.0
kata1-b6c96-s8080640-d1961030-temp-0.3,42,1420.5435765618206,1300.5338001340965,1540.5533529895447,1413.0572710896483,7.486305472172262,2,a5803f8a5d9d87202b43d709cb328cedaf18c446af448f705c33d553e8c2e9f7,5170ec511fb50cdf10d648416d508574d70e9781ddf156a1b2a86d2b385e94dc,100,1729,maximum_nontransitivity_information_gain,2000.0,3000.0
kata1-b6c96-s8080640-d1961030-temp-0.3,44,1437.247818626016,1319.5625001253343,1554.9331371266976,1413.0572710896483,24.190547536367603,2,a5803f8a5d9d87202b43d709cb328cedaf18c446af448f705c33d553e8c2e9f7,5170ec511fb50cdf10d648416d508574d70e9781ddf156a1b2a86d2b385e94dc,100,1729,maximum_nontransitivity_information_gain,2000.0,3000.0
kata1-b6c96-s8080640-d1961030-temp-0.3,46,1441.5270390919072,1326.5454077131512,1556.5086704706632,1413.0572710896483,28.46976800225889,2,a5803f8a5d9d87202b43d709cb328cedaf18c446af448f705c33d553e8c2e9f7,5170ec511fb50cdf10d648416d508574d70e9781ddf156a1b2a86d2b385e94dc,100,1729,maximum_nontransitivity_information_gain,2000.0,3000.0
kata1-b6c96-s8080640-d1961030-temp-0.3,48,1445.1163049815789,1332.7169630328685,1557.5156469302892,1413.0572710896483,32.05903389193054,2,a5803f8a5d9d87202b43d709cb328cedaf18c446af448f705c33d553e8c2e9f7,5170ec511fb50cdf10d648416d508574d70e9781ddf156a1b2a86d2b385e94dc,100,1729,maximum_nontransitivity_information_gain,2000.0,3000.0
kata1-b6c96-s8080640-d1961030-temp-0.3,50,1431.3893249850894,1322.0186293083161,1540.7600206618627,1413.0572710896483,18.33205389544105,2,a5803f8a5d9d87202b43d709cb328cedaf18c446af448f705c33d553e8c2e9f7,5170ec511fb50cdf10d648416d508574d70e9781ddf156a1b2a86d2b385e94dc,100,1729,maximum_nontransitivity_information_gain,2000.0,3000.0
kata1-b6c96-s8080640-d1961030-temp-0.3,52,1428.2628240962906,1321.3424498131387,1535.1831983794425,1413.0572710896483,15.205553006642276,2,a5803f8a5d9d87202b43d709cb328cedaf18c446af448f705c33d553e8c2e9f7,5170ec511fb50cdf10d648416d508574d70e9781ddf156a1b2a86d2b385e94dc,100,1729,maximum_nontransitivity_information_gain,2000.0,3000.0
kata1-b6c96-s8080640-d1961030-temp-0.3,54,1441.1866617751732,1336.0209933373342,1546.3523302130122,1413.0572710896483,28.129390685524868,2,a5803f8a5d9d87202b43d709cb328cedaf18c446af448f705c33d553e8c2e9f7,5170ec511fb50cdf10d648416d508574d70e9781ddf156a1b2a86d2b385e94dc,100,1729,maximum_nontransitivity_information_gain,2000.0,3000.0
kata1-b6c96-s8080640-d1961030-temp-0.3,56,1429.0416105914162,1326.312543516118,1531.7706776667144,1413.0572710896483,15.984339501767863,2,a5803f8a5d9d87202b43d709cb328cedaf18c446af448f705c33d553e8c2e9f7,5170ec511fb50cdf10d648416d508574d70e9781ddf156a1b2a86d2b385e94dc,100,1729,maximum_nontransitivity_information_gain,2000.0,3000.0
kata1-b6c96-s8080640-d1961030-temp-0.3,58,1440.9227627633836,1339.7711051800163,1542.074420346751,1413.0572710896483,27.865491673735278,2,a5803f8a5d9d87202b43d709cb328cedaf18c446af448f705c33d553e8c2e9f7,5170ec511fb50cdf10d648416d508574d70e9781ddf156a1b2a86d2b385e94dc,100,1729,maximum_nontransitivity_information_gain,2000.0,3000.0
kata1-b6c96-s8080640-d1961030-temp-0.3,60,1429.7082413128292,1330.6869112259237,1528.7295713997346,1413.0572710896483,16.65097022318082,2,a5803f8a5d9d87202b43d709cb328cedaf18c446af448f705c33d553e8c2e9f7,5170ec511fb50cdf10d648416d508574d70e9781ddf156a1b2a86d2b385e94dc,100,1729,maximum_nontransitivity_information_gain,2000.0,3000.0
kata1-b6c96-s8080640-d1961030-temp-0.3,62,1413.7980824084166,1316.8204844363265,1510.7756803805066,1413.0572710896483,0.7408113187682375,2,a5803f8a5d9d87202b43d709cb328cedaf18c446af448f705c33d553e8c2e9f7,5170ec511fb50cdf10d648416d508574d70e9781ddf156a1b2a86d2b385e94dc,100,1729,maximum_nontransitivity_information_gain,2000.0,3000.0
kata1-b6c96-s8080640-d1961030-temp-0.3,64,1424.8842086317486,1329.327751509669,1520.4406657538282,1413.0572710896483,11.826937542100268,2,a5803f8a5d9d87202b43d709cb328cedaf18c446af448f705c33d553e8c2e9f7,5170ec511fb50cdf10d648416d508574d70e9781ddf156a1b2a86d2b385e94dc,100,1729,maximum_nontransitivity_information_gain,2000.0,3000.0
kata1-b6c96-s8080640-d1961030-temp-0.3,66,1435.2627291087092,1340.992447733264,1529.5330104841544,1413.0572710896483,22.20545801906087,2,a5803f8a5d9d87202b43d709cb328cedaf18c446af448f705c33d553e8c2e9f7,5170ec511fb50cdf10d648416d508574d70e9781ddf156a1b2a86d2b385e94dc,100,1729,maximum_nontransitivity_information_gain,2000.0,3000.0
kata1-b6c96-s8080640-d1961030-temp-0.3,68,1450.316778824206,1357.0834307875298,1543.5501268608823,1413.0572710896483,37.2595077345577,2,a5803f8a5d9d87202b43d709cb328cedaf18c446af448f705c33d553e8c2e9f7,5170ec511fb50cdf10d648416d508574d70e9781ddf156a1b2a86d2b385e94dc,100,1729,maximum_nontransitivity_information_gain,2000.0,3000.0
kata1-b6c96-s8080640-d1961030-temp-0.3,70,1452.5833530444838,1360.7057201655728,1544.460985923395,1413.0572710896483,39.52608195483549,2,a5803f8a5d9d87202b43d709cb328cedaf18c446af448f705c33d553e8c2e9f7,5170ec511fb50cdf10d648416d508574d70e9781ddf156a1b2a86d2b385e94dc,100,1729,maximum_nontransitivity_information_gain,2000.0,3000.0
kata1-b6c96-s8080640-d1961030-temp-0.3,72,1443.009109676428,1352.7374273241198,1533.280792028736,1413.0572710896483,29.95183858677956,2,a5803f8a5d9d87202b43d709cb328cedaf18c446af448f705c33d553e8c2e9f7,5170ec511fb50cdf10d648416d508574d70e9781ddf156a1b2a86d2b385e94dc,100,1729,maximum_nontransitivity_information_gain,2000.0,3000.0
kata1-b6c96-s8080640-d1961030-temp-0.3,74,1434.0604022705027,1345.2302242988644,1522.890580242141,1413.0572710896483,21.003131180854325,2,a5803f8a5d9d87202b43d709cb328cedaf18c446af448f705c33d553e8c2e9f7,5170ec511fb50cdf10d648416d508574d70e9781ddf156a1b2a86d2b385e94dc,100,1729,maximum_nontransitivity_information_gain,2000.0,3000.0
kata1-b6c96-s8080640-d1961030-temp-0.3,76,1436.5751912402347,1348.903323794725,1524.2470586857444,1413.0572710896483,23.517920150586406,2,a5803f8a5d9d87202b43d709cb328cedaf18c446af448f705c33d553e8c2e9f7,5170ec511fb50cdf10d648416d508574d70e9781ddf156a1b2a86d2b385e94dc,100,1729,maximum_nontransitivity_information_gain,2000.0,3000.0
kata1-b6c96-s8080640-d1961030-temp-0.3,78,1428.3298171598863,1341.9058809920311,1514.7537533277414,1413.0572710896483,15.272546070237922,2,a5803f8a5d9d87202b43d709cb328cedaf18c446af448f705c33d553e8c2e9f7,5170ec511fb50cdf10d648416d508574d70e9781ddf156a1b2a86d2b385e94dc,100,1729,maximum_nontransitivity_information_gain,2000.0,3000.0
kata1-b6c96-s8080640-d1961030-temp-0.3,80,1426.4579505798295,1341.171708793143,1511.744192366516,1413.0572710896483,13.400679490181119,2,a5803f8a5d9d87202b43d709cb328cedaf18c446af448f705c33d553e8c2e9f7,5170ec511fb50cdf10d648416d508574d70e9781ddf156a1b2a86d2b385e94dc,100,1729,maximum_nontransitivity_information_gain,2000.0,3000.0
kata1-b6c96-s8080640-d1961030-temp-0.3,82,1424.6877296031917,1340.4919253939208,1508.8835338124625,1413.0572710896483,11.630458513543317,2,a5803f8a5d9d87202b43d709cb328cedaf18c446af448f705c33d553e8c2e9f7,5170ec511fb50cdf10d648416d508574d70e9781ddf156a1b2a86d2b385e94dc,100,1729,maximum_nontransitivity_information_gain,2000.0,3000.0
kata1-b6c96-s8080640-d1961030-temp-0.3,84,1423.011138776278,1339.861525191609,1506.1607523609468,1413.0572710896483,9.953867686629565,2,a5803f8a5d9d87202b43d709cb328cedaf18c446af448f705c33d553e8c2e9f7,5170ec511fb50cdf10d648416d508574d70e9781ddf156a1b2a86d2b385e94dc,100,1729,maximum_nontransitivity_information_gain,2000.0,3000.0
kata1-b6c96-s8080640-d1961030-temp-0.3,86,1421.4456244095995,1339.298840788419,1503.59240803078,1413.0572710896483,8.388353319951193,2,a5803f8a5d9d87202b43d709cb328cedaf18c446af448f705c33d553e8c2e9f7,5170ec511fb50cdf10d648416d508574d70e9781ddf156a1b2a86d2b385e94dc,100,1729,maximum_nontransitivity_information_gain,2000.0,3000.0
kata1-b6c96-s8080640-d1961030-temp-0.3,88,1429.1022492424158,1347.8211165680666,1510.383381916765,1413.0572710896483,16.0449781527675,2,a5803f8a5d9d87202b43d709cb328cedaf18c446af448f705c33d553e8c2e9f7,5170ec511fb50cdf10d648416d508574d70e9781ddf156a1b2a86d2b385e94dc,100,1729,maximum_nontransitivity_information_gain,2000.0,3000.0
kata1-b6c96-s8080640-d1961030-temp-0.3,90,1422.3613785379946,1342.0306936117356,1502.6920634642536,1413.0572710896483,9.304107448346258,2,a5803f8a5d9d87202b43d709cb328cedaf18c446af448f705c33d553e8c2e9f7,5170ec511fb50cdf10d648416d508574d70e9781ddf156a1b2a86d2b385e94dc,100,1729,maximum_nontransitivity_information_gain,2000.0,3000.0
kata1-b6c96-s8080640-d1961030-temp-0.3,92,1429.638247917073,1350.114771083004,1509.161724751142,1413.0572710896483,16.580976827424593,2,a5803f8a5d9d87202b43d709cb328cedaf18c446af448f705c33d553e8c2e9f7,5170ec511fb50cdf10d648416d508574d70e9781ddf156a1b2a86d2b385e94dc,100,1729,maximum_nontransitivity_information_gain,2000.0,3000.0
kata1-b6c96-s8080640-d1961030-temp-0.3,94,1431.6072456264635,1352.9021693063764,1510.3123219465506,1413.0572710896483,18.54997453681517,2,a5803f8a5d9d87202b43d709cb328cedaf18c446af448f705c33d553e8c2e9f7,5170ec511fb50cdf10d648416d508574d70e9781ddf156a1b2a86d2b385e94dc,100,1729,maximum_nontransitivity_information_gain,2000.0,3000.0
kata1-b6c96-s8080640-d1961030-temp-0.3,96,1433.487084723176,1355.5752713553875,1511.3988980909644,1413.0572710896483,20.4298136335276,2,a5803f8a5d9d87202b43d709cb328cedaf18c446af448f705c33d553e8c2e9f7,5170ec511fb50cdf10d648416d508574d70e9781ddf156a1b2a86d2b385e94dc,100,1729,maximum_nontransitivity_information_gain,2000.0,3000.0
kata1-b6c96-s8080640-d1961030-temp-0.3,98,1435.4151325961568,1358.2625009589901,1512.5677642333235,1413.0572710896483,22.35786150650847,2,a5803f8a5d9d87202b43d709cb328cedaf18c446af448f705c33d553e8c2e9f7,5170ec511fb50cdf10d648416d508574d70e9781ddf156a1b2a86d2b385e94dc,100,1729,maximum_nontransitivity_information_gain,2000.0,3000.0
kata1-b6c96-s8080640-d1961030-temp-0.3,100,1437.1334188050319,1360.728120908412,1513.5387167016518,1413.0572710896483,24.076147715383513,2,a5803f8a5d9d87202b43d709cb328cedaf18c446af448f705c33d553e8c2e9f7,5170ec511fb50cdf10d648416d508574d70e9781ddf156a1b2a86d2b385e94dc,100,1729,maximum_nontransitivity_information_gain,2000.0,3000.0
kata1-b6c96-s8982784-d2082583,2,1165.5048542597435,-1284.3022468376091,3615.311955357096,1573.370050307006,-407.86519604726254,2,a5803f8a5d9d87202b43d709cb328cedaf18c446af448f705c33d553e8c2e9f7,5170ec511fb50cdf10d648416d508574d70e9781ddf156a1b2a86d2b385e94dc,100,1729,maximum_nontransitivity_information_gain,2000.0,3000.0
kata1-b6c96-s8982784-d2082583,4,1597.4859417583373,988.5825716707502,2206.3893118459246,1573.370050307006,24.11589145133121,2,a5803f8a5d9d87202b43d709cb328cedaf18c446af448f705c33d553e8c2e9f7,5170ec511fb50cdf10d648416d508574d70e9781ddf156a1b2a86d2b385e94dc,100,1729,maximum_nontransitivity_information_gain,2000.0,3000.0
kata1-b6c96-s8982784-d2082583,6,1588.5115090345419,1207.023547543079,1969.9994705260046,1573.370050307006,15.141458727535792,2,a5803f8a5d9d87202b43d709cb328cedaf18c446af448f705c33d553e8c2e9f7,5170ec511fb50cdf10d648416d508574d70e9781ddf156a1b2a86d2b385e94dc,100,1729,maximum_nontransitivity_information_gain,2000.0,3000.0
kata1-b6c96-s8982784-d2082583,8,1600.2960259548054,1298.9905154791816,1901.6015364304292,1573.370050307006,26.925975647799305,2,a5803f8a5d9d87202b43d709cb328cedaf18c446af448f705c33d553e8c2e9f7,5170ec511fb50cdf10d648416d508574d70e9781ddf156a1b2a86d2b385e94dc,100,1729,maximum_nontransitivity_information_gain,2000.0,3000.0
kata1-b6c96-s8982784-d2082583,10,1605.6170308370733,1348.7070498739781,1862.5270118001686,1573.370050307006,32.246980530067276,2,a5803f8a5d9d87202b43d709cb328cedaf18c446af448f705c33d553e8c2e9f7,5170ec511fb50cdf10d648416d508574d70e9781ddf156a1b2a86d2b385e94dc,100,1729,maximum_nontransitivity_information_gain,2000.0,3000.0
kata1-b6c96-s8982784-d2082583,12,1600.7001817513235,1372.8103951737191,1828.5899683289279,1573.370050307006,27.33013144431743,2,a5803f8a5d9d87202b43d709cb328cedaf18c446af448f705c33d553e8c2e9f7,5170ec511fb50cdf10d648416d508574d70e9781ddf156a1b2a86d2b385e94dc,100,1729,maximum_nontransitivity_information_gain,2000.0,3000.0
kata1-b6c96-s8982784-d2082583,14,1604.048334177123,1397.1112553104927,1810.9854130437534,1573.370050307006,30.678283870116957,2,a5803f8a5d9d87202b43d709cb328cedaf18c446af448f705c33d553e8c2e9f7,5170ec511fb50cdf10d648416d508574d70e9781ddf156a1b2a86d2b385e94dc,100,1729,maximum_nontransitivity_information_gain,2000.0,3000.0
kata1-b6c96-s8982784-d2082583,16,1573.8722246732077,1382.4127186338721,1765.3317307125433,1573.370050307006,0.5021743662016434,2,a5803f8a5d9d87202b43d709cb328cedaf18c446af448f705c33d553e8c2e9f7,5170ec511fb50cdf10d648416d508574d70e9781ddf156a1b2a86d2b385e94dc,100,1729,maximum_nontransitivity_information_gain,2000.0,3000.0
kata1-b6c96-s8982784-d2082583,18,1615.3501549751536,1436.509536531751,1794.190773418556,1573.370050307006,41.98010466814753,2,a5803f8a5d9d87202b43d709cb328cedaf18c446af448f705c33d553e8c2e9f7,5170ec511fb50cdf10d648416d508574d70e9781ddf156a1b2a86d2b385e94dc,100,1729,maximum_nontransitivity_information_gain,2000.0,3000.0
kata1-b6c96-s8982784-d2082583,20,1661.9229535125196,1491.7755101623582,1832.070396862681,1573.370050307006,88.55290320551353,2,a5803f8a5d9d87202b43d709cb328cedaf18c446af448f705c33d553e8c2e9f7,5170ec511fb50cdf10d648416d508574d70e9781ddf156a1b2a86d2b385e94dc,100,1729,maximum_nontransitivity_information_gain,2000.0,3000.0
kata1-b6c96-s8982784-d2082583,22,1625.6282320771254,1465.8720692448542,1785.3843949093966,1573.370050307006,52.258181770119336,2,a5803f8a5d9d87202b43d709cb328cedaf18c446af448f705c33d553e8c2e9f7,5170ec511fb50cdf10d648416d508574d70e9781ddf156a1b2a86d2b385e94dc,100,1729,maximum_nontransitivity_information_gain,2000.0,3000.0
kata1-b6c96-s8982784-d2082583,24,1594.3651389423667,1442.0365191390515,1746.6937587456819,1573.370050307006,20.995088635360617,2,a5803f8a5d9d87202b43d709cb328cedaf18c446af448f705c33d553e8c2e9f7,5170ec511fb50cdf10d648416d508574d70e9781ddf156a1b2a86d2b385e94dc,100,1729,maximum_nontransitivity_information_gain,2000.0,3000.0
kata1-b6c96-s8982784-d2082583,26,1562.1296345571654,1415.4091157938992,1708.8501533204317,1573.370050307006,-11.240415749840622,2,a5803f8a5d9d87202b43d709cb328cedaf18c446af448f705c33d553e8c2e9f7,5170ec511fb50cdf10d648416d508574d70e9781ddf156a1b2a86d2b385e94dc,100,1729,maximum_nontransitivity_information_gain,2000.0,3000.0
kata1-b6c96-s8982784-d2082583,28,1588.4163349203648,1448.2687612757993,1728.5639085649302,1573.370050307006,15.046284613358694,2,a5803f8a5d9d87202b43d709cb328cedaf18c446af448f705c33d553e8c2e9f7,5170ec511fb50cdf10d648416d508574d70e9781ddf156a1b2a86d2b385e94dc,100,1729,maximum_nontransitivity_information_gain,2000.0,3000.0
kata1-b6c96-s8982784-d2082583,30,1564.0761397260762,1428.4280324121983,1699.7242470399542,1573.370050307006,-9.293910580929833,2,a5803f8a5d9d87202b43d709cb328cedaf18c446af448f705c33d553e8c2e9f7,5170ec511fb50cdf10d648416d508574d70e9781ddf156a1b2a86d2b385e94dc,100,1729,maximum_nontransitivity_information_gain,2000.0,3000.0
kata1-b6c96-s8982784-d2082583,32,1585.8295737146093,1455.2672810548277,1716.391866374391,1573.370050307006,12.459523407603228,2,a5803f8a5d9d87202b43d709cb328cedaf18c446af448f705c33d553e8c2e9f7,5170ec511fb50cdf10d648416d508574d70e9781ddf156a1b2a86d2b385e94dc,100,1729,maximum_nontransitivity_information_gain,2000.0,3000.0
kata1-b6c96-s8982784-d2082583,34,1608.7981065465406,1482.4354620895951,1735.160751003486,1573.370050307006,35.4280562395345,2,a5803f8a5d9d87202b43d709cb328cedaf18c446af448f705c33d553e8c2e9f7,5170ec511fb50cdf10d648416d508574d70e9781ddf156a1b2a86d2b385e94dc,100,1729,maximum_nontransitivity_information_gain,2000.0,3000.0
kata1-b6c96-s8982784-d2082583,36,1587.7395181490626,1465.1230028387138,1710.3560334594115,1573.370050307006,14.369467842056565,2,a5803f8a5d9d87202b43d709cb328cedaf18c446af448f705c33d553e8c2e9f7,5170ec511fb50cdf10d648416d508574d70e9781ddf156a1b2a86d2b385e94dc,100,1729,maximum_nontransitivity_information_gain,2000.0,3000.0
kata1-b6c96-s8982784-d2082583,38,1587.4514179620949,1468.2814534494498,1706.62138247474,1573.370050307006,14.081367655088798,2,a5803f8a5d9d87202b43d709cb328cedaf18c446af448f705c33d553e8c2e9f7,5170ec511fb50cdf10d648416d508574d70e9781ddf156a1b2a86d2b385e94dc,100,1729,maximum_nontransitivity_information_gain,2000.0,3000.0
kata1-b6c96-s8982784-d2082583,40,1603.806026640354,1487.7212215350885,1719.8908317456196,1573.370050307006,30.43597633334798,2,a5803f8a5d9d87202b43d709cb328cedaf18c446af448f705c33d553e8c2e9f7,5170ec511fb50cdf10d648416d508574d70e9781ddf156a1b2a86d2b385e94dc,100,1729,maximum_nontransitivity_information_gain,2000.0,3000.0
kata1-b6c96-s8982784-d2082583,42,1615.596901954237,1502.2849247234346,1728.9088791850393,1573.370050307006,42.22685164723089,2,a5803f8a5d9d87202b43d709cb328cedaf18c446af448f705c33d553e8c2e9f7,5170ec511fb50cdf10d648416d508574d70e9781ddf156a1b2a86d2b385e94dc,100,1729,maximum_nontransitivity_information_gain,2000.0,3000.0
kata1-b6c96-s8982784-d2082583,44,1618.5506327210821,1507.8617428919142,1729.23952255025,1573.370050307006,45.18058241407607,2,a5803f8a5d9d87202b43d709cb328cedaf18c446af448f705c33d553e8c2e9f7,5170ec511fb50cdf10d648416d508574d70e9781ddf156a1b2a86d2b385e94dc,100,1729,maximum_nontransitivity_information_gain,2000.0,3000.0
kata1-b6c96-s8982784-d2082583,46,1603.458251003876,1495.32190292685,1711.594599080902,1573.370050307006,30.08820069686999,2,a5803f8a5d9d87202b43d709cb328cedaf18c446af448f705c33d553e8c2e9f7,5170ec511fb50cdf10d648416d508574d70e9781ddf156a1b2a86d2b385e94dc,100,1729,maximum_nontransitivity_information_gain,2000.0,3000.0
kata1-b6c96-s8982784-d2082583,48,1604.2164759312116,1498.4207875932439,1710.0121642691793,1573.370050307006,30.846425624205494,2,a5803f8a5d9d87202b43d709cb328cedaf18c446af448f705c33d553e8c2e9f7,5170ec511fb50cdf10d648416d508574d70e9781ddf156a1b2a86d2b385e94dc,100,1729,maximum_nontransitivity_information_gain,2000.0,3000.0
kata1-b6c96-s8982784-d2082583,50,1620.2112907221567,1516.5422907989475,1723.880290645366,1573.370050307006,46.84124041515065,2,a5803f8a5d9d87202b43d709cb328cedaf18c446af448f705c33d553e8c2e9f7,5170ec511fb50cdf10d648416d508574d70e9781ddf156a1b2a86d2b385e94dc,100,1729,maximum_nontransitivity_information_gain,2000.0,3000.0
kata1-b6c96-s8982784-d2082583,52,1622.4977896056607,1520.83040006889,1724.1651791424315,1573.370050307006,49.12773929865466,2,a5803f8a5d9d87202b43d709cb328cedaf18c446af448f705c33d553e8c2e9f7,5170ec511fb50cdf10d648416d508574d70e9781ddf156a1b2a86d2b385e94dc,100,1729,maximum_nontransitivity_information_gain,2000.0,3000.0
kata1-b6c96-s8982784-d2082583,54,1609.6397663013163,1509.9198691338418,1709.3596634687908,1573.370050307006,36.26971599431022,2,a5803f8a5d9d87202b43d709cb328cedaf18c446af448f705c33d553e8c2e9f7,5170ec511fb50cdf10d648416d508574d70e9781ddf156a1b2a86d2b385e94dc,100,1729,maximum_nontransitivity_information_gain,2000.0,3000.0
kata1-b6c96-s8982784-d2082583,56,1595.0150845563503,1497.0289424921111,1693.0012266205895,1573.370050307006,21.645034249344235,2,a5803f8a5d9d87202b43d709cb328cedaf18c446af448f705c33d553e8c2e9f7,5170ec511fb50cdf10d648416d508574d70e9781ddf156a1b2a86d2b385e94dc,100,1729,maximum_nontransitivity_information_gain,2000.0,3000.0
kata1-b6c96-s8982784-d2082583,58,1594.5720380096693,1498.3011554802977,1690.842920539041,1573.370050307006,21.201987702663246,2,a5803f8a5d9d87202b43d709cb328cedaf18c446af448f705c33d553e8c2e9f7,5170ec511fb50cdf10d648416d508574d70e9781ddf156a1b2a86d2b385e94dc,100,1729,maximum_nontransitivity_information_gain,2000.0,3000.0
kata1-b6c96-s8982784-d2082583,60,1579.1017579669058,1484.2220364867014,1673.9814794471101,1573.370050307006,5.731707659899712,2,a5803f8a5d9d87202b43d709cb328cedaf18c446af448f705c33d553e8c2e9f7,5170ec511fb50cdf10d648416d508574d70e9781ddf156a1b2a86d2b385e94dc,100,1729,maximum_nontransitivity_information_gain,2000.0,3000.0
kata1-b6c96-s8982784-d2082583,62,1583.5794996196832,1490.2879635780412,1676.8710356613253,1573.370050307006,10.20944931267718,2,a5803f8a5d9d87202b43d709cb328cedaf18c446af448f705c33d553e8c2e9f7,5170ec511fb50cdf10d648416d508574d70e9781ddf156a1b2a86d2b385e94dc,100,1729,maximum_nontransitivity_information_gain,2000.0,3000.0
kata1-b6c96-s8982784-d2082583,64,1593.3563734779927,1501.574213220481,1685.1385337355046,1573.370050307006,19.98632317098668,2,a5803f8a5d9d87202b43d709cb328cedaf18c446af448f705c33d553e8c2e9f7,5170ec511fb50cdf10d648416d508574d70e9781ddf156a1b2a86d2b385e94dc,100,1729,maximum_nontransitivity_information_gain,2000.0,3000.0
kata1-b6c96-s8982784-d2082583,66,1594.2145226452867,1503.8261089604441,1684.6029363301293,1573.370050307006,20.84447233828064,2,a5803f8a5d9d87202b43d709cb328cedaf18c446af448f705c33d553e8c2e9f7,5170ec511fb50cdf10d648416d508574d70e9781ddf156a1b2a86d2b385e94dc,100,1729,maximum_nontransitivity_information_gain,2000.0,3000.0
kata1-b6c96-s8982784-d2082583,68,1582.7401733236518,1493.5995084796878,1671.8808381676158,1573.370050307006,9.37012301664572,2,a5803f8a5d9d87202b43d709cb328cedaf18c446af448f705c33d553e8c2e9f7,5170ec511fb50cdf10d648416d508574d70e9781ddf156a1b2a86d2b385e94dc,100,1729,maximum_nontransitivity_information_gain,2000.0,3000.0
kata1-b6c96-s8982784-d2082583,70,1591.9697467640985,1504.1344590645683,1679.8050344636288,1573.370050307006,18.599696457092477,2,a5803f8a5d9d87202b43d709cb328cedaf18c446af448f705c33d553e8c2e9f7,5170ec511fb50cdf10d648416d508574d70e9781ddf156a1b2a86d2b385e94dc,100,1729,maximum_nontransitivity_information_gain,2000.0,3000.0
kata1-b6c96-s8982784-d2082583,72,1591.730237044829,1505.1041712230408,1678.3563028666172,1573.370050307006,18.360186737822914,2,a5803f8a5d9d87202b43d709cb328cedaf18c446af448f705c33d553e8c2e9f7,5170ec511fb50cdf10d648416d508574d70e9781ddf156a1b2a86d2b385e94dc,100,1729,maximum_nontransitivity_information_gain,2000.0,3000.0
kata1-b6c96-s8982784-d2082583,74,1592.5381617643427,1507.0677305983354,1678.00859293035,1573.370050307006,19.168111457336636,2,a5803f8a5d9d87202b43d709cb328cedaf18c446af448f705c33d553e8c2e9f7,5170ec511fb50cdf10d648416d508574d70e9781ddf156a1b2a86d2b385e94dc,100,1729,maximum_nontransitivity_information_gain,2000.0,3000.0
kata1-b6c96-s8982784-d2082583,76,1600.4601620903907,1516.0664795585974,1684.853844622184,1573.370050307006,27.0901117833846,2,a5803f8a5d9d87202b43d709cb328cedaf18c446af448f705c33d553e8c2e9f7,5170ec511fb50cdf10d648416d508574d70e9781ddf156a1b2a86d2b385e94dc,100,1729,maximum_nontransitivity_information_gain,2000.0,3000.0
kata1-b6c96-s8982784-d2082583,78,1592.7899949151379,1509.4156204895673,1676.1643693407084,1573.370050307006,19.4199446081318,2,a5803f8a5d9d87202b43d709cb328cedaf18c446af448f705c33d553e8c2e9f7,5170ec511fb50cdf10d648416d508574d70e9781ddf156a1b2a86d2b385e94dc,100,1729,maximum_nontransitivity_information_gain,2000.0,3000.0
kata1-b6c96-s8982784-d2082583,80,1600.5576423716384,1518.178356705086,1682.936928038191,1573.370050307006,27.187592064632327,2,a5803f8a5d9d87202b43d709cb328cedaf18c446af448f705c33d553e8c2e9f7,5170ec511fb50cdf10d648416d508574d70e9781ddf156a1b2a86d2b385e94dc,100,1729,maximum_nontransitivity_information_gain,2000.0,3000.0
kata1-b6c96-s8982784-d2082583,82,1601.9353974377248,1520.5153985121458,1683.3553963633037,1573.370050307006,28.565347130718692,2,a5803f8a5d9d87202b43d709cb328cedaf18c446af448f705c33d553e8c2e9f7,5170ec511fb50cdf10d648416d508574d70e9781ddf156a1b2a86d2b385e94dc,100,1729,maximum_nontransitivity_information_gain,2000.0,3000.0
kata1-b6c96-s8982784-d2082583,84,1602.393668841344,1521.9177184776509,1682.869619205037,1573.370050307006,29.023618534337857,2,a5803f8a5d9d87202b43d709cb328cedaf18c446af448f705c33d553e8c2e9f7,5170ec511fb50cdf10d648416d508574d70e9781ddf156a1b2a86d2b385e94dc,100,1729,maximum_nontransitivity_information_gain,2000.0,3000.0
kata1-b6c96-s8982784-d2082583,86,1604.1832291647922,1524.586846503274,1683.7796118263104,1573.370050307006,30.81317885778617,2,a5803f8a5d9d87202b43d709cb328cedaf18c446af448f705c33d553e8c2e9f7,5170ec511fb50cdf10d648416d508574d70e9781ddf156a1b2a86d2b385e94dc,100,1729,maximum_nontransitivity_information_gain,2000.0,3000.0
kata1-b6c96-s8982784-d2082583,88,1605.3591003554714,1526.6226341923239,1684.0955665186189,1573.370050307006,31.989050048465288,2,a5803f8a5d9d87202b43d709cb328cedaf18c446af448f705c33d553e8c2e9f7,5170ec511fb50cdf10d648416d508574d70e9781ddf156a1b2a86d2b385e94dc,100,1729,maximum_nontransitivity_information_gain,2000.0,3000.0
kata1-b6c96-s8982784-d2082583,90,1600.6916989206525,1522.8031948288053,1678.5802030124996,1573.370050307006,27.321648613646403,2,a5803f8a5d9d87202b43d709cb328cedaf18c446af448f705c33d553e8c2e9f7,5170ec511fb50cdf10d648416d508574d70e9781ddf156a1b2a86d2b385e94dc,100,1729,maximum_nontransitivity_information_gain,2000.0,3000.0
kata1-b6c96-s8982784-d2082583,92,1592.9870527960122,1515.8926830503647,1670.0814225416598,1573.370050307006,19.617002489006154,2,a5803f8a5d9d87202b43d709cb328cedaf18c446af448f705c33d553e8c2e9f7,5170ec511fb50cdf10d648416d508574d70e9781ddf156a1b2a86d2b385e94dc,100,1729,maximum_nontransitivity_information_gain,2000.0,3000.0
kata1-b6c96-s8982784-d2082583,94,1583.2872910335877,1506.9048862535974,1659.669695813578,1573.370050307006,9.917240726581667,2,a5803f8a5d9d87202b43d709cb328cedaf18c446af448f705c33d553e8c2e9f7,5170ec511fb50cdf10d648416d508574d70e9781ddf156a1b2a86d2b385e94dc,100,1729,maximum_nontransitivity_information_gain,2000.0,3000.0
kata1-b6c96-s8982784-d2082583,96,1582.1196266442773,1506.4787696903695,1657.7604835981851,1573.370050307006,8.749576337271264,2,a5803f8a5d9d87202b43d709cb328cedaf18c446af448f705c33d553e8c2e9f7,5170ec511fb50cdf10d648416d508574d70e9781ddf156a1b2a86d2b385e94dc,100,1729,maximum_nontransitivity_information_gain,2000.0,3000.0
kata1-b6c96-s8982784-d2082583,98,1588.4559353496322,1513.5783816733497,1663.3334890259148,1573.370050307006,15.08588504262616,2,a5803f8a5d9d87202b43d709cb328cedaf18c446af448f705c33d553e8c2e9f7,5170ec511fb50cdf10d648416d508574d70e9781ddf156a1b2a86d2b385e94dc,100,1729,maximum_nontransitivity_information_gain,2000.0,3000.0
kata1-b6c96-s8982784-d2082583,100,1580.8644476470774,1506.6611344731039,1655.067760821051,1573.370050307006,7.494397340071373,2,a5803f8a5d9d87202b43d709cb328cedaf18c446af448f705c33d553e8c2e9f7,5170ec511fb50cdf10d648416d508574d70e9781ddf156a1b2a86d2b385e94dc,100,1729,maximum_nontransitivity_information_gain,2000.0,3000.0
kata1-b6c96-s10014464-d2201128,2,1168.6766672139572,-1284.9024775648352,3622.25581199275,1655.0650946473024,-486.3884274333452,2,a5803f8a5d9d87202b43d709cb328cedaf18c446af448f705c33d553e8c2e9f7,5170ec511fb50cdf10d648416d508574d70e9781ddf156a1b2a86d2b385e94dc,100,1729,maximum_nontransitivity_information_gain,2000.0,3000.0
kata1-b6c96-s10014464-d2201128,4,1598.2699416077355,985.3952189611571,2211.144664254314,1655.0650946473024,-56.79515303956691,2,a5803f8a5d9d87202b43d709cb328cedaf18c446af448f705c33d553e8c2e9f7,5170ec511fb50cdf10d648416d508574d70e9781ddf156a1b2a86d2b385e94dc,100,1729,maximum_nontransitivity_information_gain,2000.0,3000.0
kata1-b6c96-s10014464-d2201128,6,1700.094623331697,1313.647832752626,2086.541413910768,1655.0650946473024,45.02952868439456,2,a5803f8a5d9d87202b43d709cb328cedaf18c446af448f705c33d553e8c2e9f7,5170ec511fb50cdf10d648416d508574d70e9781ddf156a1b2a86d2b385e94dc,100,1729,maximum_nontransitivity_information_gain,2000.0,3000.0
kata1-b6c96-s10014464-d2201128,8,1691.6015744250674,1388.514503290997,1994.6886455591377,1655.0650946473024,36.53647977776495,2,a5803f8a5d9d87202b43d709cb328cedaf18c446af448f705c33d553e8c2e9f7,5170ec511fb50cdf10d648416d508574d70e9781ddf156a1b2a86d2b385e94dc,100,1729,maximum_nontransitivity_information_gain,2000.0,3000.0
kata1-b6c96-s10014464-d2201128,10,1588.599213813672,1327.5506444086602,1849.6477832186836,1655.0650946473024,-66.46588083363054,2,a5803f8a5d9d87202b43d709cb328cedaf18c446af448f705c33d553e8c2e9f7,5170ec511fb50cdf10d648416d508574d70e9781ddf156a1b2a86d2b385e94dc,100,1729,maximum_nontransitivity_information_gain,2000.0,3000.0
kata1-b6c96-s10014464-d2201128,12,1663.7799499858409,1434.2137148427162,1893.3461851289655,1655.0650946473024,8.714855338538428,2,a5803f8a5d9d87202b43d709cb328cedaf18c446af448f705c33d553e8c2e9f7,5170ec511fb50cdf10d648416d508574d70e9781ddf156a1b2a86d2b385e94dc,100,1729,maximum_nontransitivity_information_gain,2000.0,3000.0
kata1-b6c96-s10014464-d2201128,14,1666.3996358036818,1458.2132448676002,1874.5860267397634,1655.0650946473024,11.334541156379373,2,a5803f8a5d9d87202b43d709cb328cedaf18c446af448f705c33d553e8c2e9f7,5170ec511fb50cdf10d648416d508574d70e9781ddf156a1b2a86d2b385e94dc,100,1729,maximum_nontransitivity_information_gain,2000.0,3000.0
kata1-b6c96-s10014464-d2201128,16,1659.1964614733167,1467.3044845738814,1851.088438372752,1655.0650946473024,4.1313668260143,2,a5803f8a5d9d87202b43d709cb328cedaf18c446af448f705c33d553e8c2e9f7,5170ec511fb50cdf10d648416d508574d70e9781ddf156a1b2a86d2b385e94dc,100,1729,maximum_nontransitivity_information_gain,2000.0,3000.0
kata1-b6c96-s10014464-d2201128,18,1701.498134899946,1520.5751244026326,1882.4211453972596,1655.0650946473024,46.43304025264365,2,a5803f8a5d9d87202b43d709cb328cedaf18c446af448f705c33d553e8c2e9f7,5170ec511fb50cdf10d648416d508574d70e9781ddf156a1b2a86d2b385e94dc,100,1729,maximum_nontransitivity_information_gain,2000.0,3000.0
kata1-b6c96-s10014464-d2201128,20,1664.3436397311634,1495.3994418825378,1833.287837579789,1655.0650946473024,9.27854508386099,2,a5803f8a5d9d87202b43d709cb328cedaf18c446af448f705c33d553e8c2e9f7,5170ec511fb50cdf10d648416d508574d70e9781ddf156a1b2a86d2b385e94dc,100,1729,maximum_nontransitivity_information_gain,2000.0,3000.0
kata1-b6c96-s10014464-d2201128,22,1665.8248543503194,1505.8379827228541,1825.8117259777846,1655.0650946473024,10.759759703016925,2,a5803f8a5d9d87202b43d709cb328cedaf18c446af448f705c33d553e8c2e9f7,5170ec511fb50cdf10d648416d508574d70e9781ddf156a1b2a86d2b385e94dc,100,1729,maximum_nontransitivity_information_gain,2000.0,3000.0
kata1-b6c96-s10014464-d2201128,24,1667.02440072014,1514.6714828587255,1819.3773185815544,1655.0650946473024,11.959306072837535,2,a5803f8a5d9d87202b43d709cb328cedaf18c446af448f705c33d553e8c2e9f7,5170ec511fb50cdf10d648416d508574d70e9781ddf156a1b2a86d2b385e94dc,100,1729,maximum_nontransitivity_information_gain,2000.0,3000.0
kata1-b6c96-s10014464-d2201128,26,1678.3880539997738,1532.3876967820768,1824.3884112174708,1655.0650946473024,23.322959352471344,2,a5803f8a5d9d87202b43d709cb328cedaf18c446af448f705c33d553e8c2e9f7,5170ec511fb50cdf10d648416d508574d70e9781ddf156a1b2a86d2b385e94dc,100,1729,maximum_nontransitivity_information_gain,2000.0,3000.0
kata1-b6c96-s10014464-d2201128,28,1678.3940860183966,1538.2279065475202,1818.560265489273,1655.0650946473024,23.328991371094162,2,a5803f8a5d9d87202b43d709cb328cedaf18c446af448f705c33d553e8c2e9f7,5170ec511fb50cdf10d648416d508574d70e9781ddf156a1b2a86d2b385e94dc,100,1729,maximum_nontransitivity_information_gain,2000.0,3000.0
kata1-b6c96-s10014464-d2201128,30,1704.9617556807057,1569.2045118805909,1840.7189994808205,1655.0650946473024,49.896661033403234,2,a5803f8a5d9d87202b43d709cb328cedaf18c446af448f705c33d553e8c2e9f7,5170ec511fb50cdf10d648416d508574d70e9781ddf156a1b2a86d2b385e94dc,100,1729,maximum_nontransitivity_information_gain,2000.0,3000.0
kata1-b6c96-s10014464-d2201128,32,1707.8464576154333,1576.6638930022684,1839.0290222285983,1655.0650946473024,52.78136296813091,2,a5803f8a5d9d87202b43d709cb328cedaf18c446af448f705c33d553e8c2e9f7,5170ec511fb50cdf10d648416d508574d70e9781ddf156a1b2a86d2b385e94dc,100,1729,maximum_nontransitivity_information_gain,2000.0,3000.0
kata1-b6c96-s10014464-d2201128,34,1686.9570258783747,1560.4356393318674,1813.478412424882,1655.0650946473024,31.89193123107225,2,a5803f8a5d9d87202b43d709cb328cedaf18c446af448f705c33d553e8c2e9f7,5170ec511fb50cdf10d648416d508574d70e9781ddf156a1b2a86d2b385e94dc,100,1729,maximum_nontransitivity_information_gain,2000.0,3000.0
kata1-b6c96-s10014464-d2201128,36,1668.7620328470064,1545.9746328289343,1791.5494328650784,1655.0650946473024,13.696938199703936,2,a5803f8a5d9d87202b43d709cb328cedaf18c446af448f705c33d553e8c2e9f7,5170ec511fb50cdf10d648416d508574d70e9781ddf156a1b2a86d2b385e94dc,100,1729,maximum_nontransitivity_information_gain,2000.0,3000.0
kata1-b6c96-s10014464-d2201128,38,1686.4759674870215,1567.0368064248428,1805.9151285492003,1655.0650946473024,31.410872839719104,2,a5803f8a5d9d87202b43d709cb328cedaf18c446af448f705c33d553e8c2e9f7,5170ec511fb50cdf10d648416d508574d70e9781ddf156a1b2a86d2b385e94dc,100,1729,maximum_nontransitivity_information_gain,2000.0,3000.0
kata1-b6c96-s10014464-d2201128,40,1689.6612245372546,1573.3186924824045,1806.0037565921048,1655.0650946473024,34.59612988995218,2,a5803f8a5d9d87202b43d709cb328cedaf18c446af448f705c33d553e8c2e9f7,5170ec511fb50cdf10d648416d508574d70e9781ddf156a1b2a86d2b385e94dc,100,1729,maximum_nontransitivity_information_gain,2000.0,3000.0
kata1-b6c96-s10014464-d2201128,42,1692.6127990994853,1579.1246745982382,1806.1009236007324,1655.0650946473024,37.54770445218287,2,a5803f8a5d9d87202b43d709cb328cedaf18c446af448f705c33d553e8c2e9f7,5170ec511fb50cdf10d648416d508574d70e9781ddf156a1b2a86d2b385e94dc,100,1729,maximum_nontransitivity_information_gain,2000.0,3000.0
kata1-b6c96-s10014464-d2201128,44,1695.1929501818834,1584.3662258890708,1806.0196744746959,1655.0650946473024,40.12785553458093,2,a5803f8a5d9d87202b43d709cb328cedaf18c446af448f705c33d553e8c2e9f7,5170ec511fb50cdf10d648416d508574d70e9781ddf156a1b2a86d2b385e94dc,100,1729,maximum_nontransitivity_information_gain,2000.0,3000.0
kata1-b6c96-s10014464-d2201128,46,1694.3803234643553,1586.0809551611687,1802.679691767542,1655.0650946473024,39.31522881705291,2,a5803f8a5d9d87202b43d709cb328cedaf18c446af448f705c33d553e8c2e9f7,5170ec511fb50cdf10d648416d508574d70e9781ddf156a1b2a86d2b385e94dc,100,1729,maximum_nontransitivity_information_gain,2000.0,3000.0
kata1-b6c96-s10014464-d2201128,48,1696.6505226967956,1590.6557247171356,1802.6453206764556,1655.0650946473024,41.5854280494932,2,a5803f8a5d9d87202b43d709cb328cedaf18c446af448f705c33d553e8c2e9f7,5170ec511fb50cdf10d648416d508574d70e9781ddf156a1b2a86d2b385e94dc,100,1729,maximum_nontransitivity_information_gain,2000.0,3000.0
kata1-b6c96-s10014464-d2201128,50,1698.8043604356824,1594.9607655156535,1802.6479553557112,1655.0650946473024,43.73926578837995,2,a5803f8a5d9d87202b43d709cb328cedaf18c446af448f705c33d553e8c2e9f7,5170ec511fb50cdf10d648416d508574d70e9781ddf156a1b2a86d2b385e94dc,100,1729,maximum_nontransitivity_information_gain,2000.0,3000.0
kata1-b6c96-s10014464-d2201128,52,1700.709760246705,1598.893457360596,1802.526063132814,1655.0650946473024,45.644665599402515,2,a5803f8a5d9d87202b43d709cb328cedaf18c446af448f705c33d553e8c2e9f7,5170ec511fb50cdf10d648416d508574d70e9781ddf156a1b2a86d2b385e94dc,100,1729,maximum_nontransitivity_information_gain,2000.0,3000.0
kata1-b6c96-s10014464-d2201128,54,1702.5345339752032,1602.6175864582228,1802.4514814921836,1655.0650946473024,47.46943932790077,2,a5803f8a5d9d87202b43d709cb328cedaf18c446af448f705c33d553e8c2e9f7,5170ec511fb50cdf10d648416d508574d70e9781ddf156a1b2a86d2b385e94dc,100,1729,maximum_nontransitivity_information_gain,2000.0,3000.0
kata1-b6c96-s10014464-d2201128,56,1690.525730585557,1592.4081863807626,1788.6432747903516,1655.0650946473024,35.460635938254654,2,a5803f8a5d9d87202b43d709cb328cedaf18c446af448f705c33d553e8c2e9f7,5170ec511fb50cdf10d648416d508574d70e9781ddf156a1b2a86d2b385e94dc,100,1729,maximum_nontransitivity_information_gain,2000.0,3000.0
kata1-b6c96-s10014464-d2201128,58,1690.0808263620547,1593.6823793643434,1786.479273359766,1655.0650946473024,35.01573171475229,2,a5803f8a5d9d87202b43d709cb328cedaf18c446af448f705c33d553e8c2e9f7,5170ec511fb50cdf10d648416d508574d70e9781ddf156a1b2a86d2b385e94dc,100,1729,maximum_nontransitivity_information_gain,2000.0,3000.0
kata1-b6c96-s10014464-d2201128,60,1689.668612330079,1594.8936873882917,1784.4435372718663,1655.0650946473024,34.603517682776555,2,a5803f8a5d9d87202b43d709cb328cedaf18c446af448f705c33d553e8c2e9f7,5170ec511fb50cdf10d648416d508574d70e9781ddf156a1b2a86d2b385e94dc,100,1729,maximum_nontransitivity_information_gain,2000.0,3000.0
kata1-b6c96-s10014464-d2201128,62,1689.2856839079948,1596.0470825302987,1782.524285285691,1655.0650946473024,34.22058926069235,2,a5803f8a5d9d87202b43d709cb328cedaf18c446af448f705c33d553e8c2e9f7,5170ec511fb50cdf10d648416d508574d70e9781ddf156a1b2a86d2b385e94dc,100,1729,maximum_nontransitivity_information_gain,2000.0,3000.0
kata1-b6c96-s10014464-d2201128,64,1686.9656033191081,1595.144058609493,1778.7871480287233,1655.0650946473024,31.90050867180571,2,a5803f8a5d9d87202b43d709cb328cedaf18c446af448f705c33d553e8c2e9f7,5170ec511fb50cdf10d648416d508574d70e9781ddf156a1b2a86d2b385e94dc,100,1729,maximum_nontransitivity_information_gain,2000.0,3000.0
kata1-b6c96-s10014464-d2201128,66,1686.6729283739862,1596.2414426454427,1777.1044141025297,1655.0650946473024,31.607833726683793,2,a5803f8a5d9d87202b43d709cb328cedaf18c446af448f705c33d553e8c2e9f7,5170ec511fb50cdf10d648416d508574d70e9781ddf156a1b2a86d2b385e94dc,100,1729,maximum_nontransitivity_information_gain,2000.0,3000.0
kata1-b6c96-s10014464-d2201128,68,1695.7160441306933,1606.5680324104214,1784.864055850965,1655.0650946473024,40.65094948339083,2,a5803f8a5d9d87202b43d709cb328cedaf18c446af448f705c33d553e8c2e9f7,5170ec511fb50cdf10d648416d508574d70e9781ddf156a1b2a86d2b385e94dc,100,1729,maximum_nontransitivity_information_gain,2000.0,3000.0
kata1-b6c96-s10014464-d2201128,70,1686.483946242242,1598.5747167038924,1774.3931757805915,1655.0650946473024,31.418851594939497,2,a5803f8a5d9d87202b43d709cb328cedaf18c446af448f705c33d553e8c2e9f7,5170ec511fb50cdf10d648416d508574d70e9781ddf156a1b2a86d2b385e94dc,100,1729,maximum_nontransitivity_information_gain,2000.0,3000.0
kata1-b6c96-s10014464-d2201128,72,1686.25145453121,1599.5476984358345,1772.9552106265853,1655.0650946473024,31.18635988390747,2,a5803f8a5d9d87202b43d709cb328cedaf18c446af448f705c33d553e8c2e9f7,5170ec511fb50cdf10d648416d508574d70e9781ddf156a1b2a86d2b385e94dc,100,1729,maximum_nontransitivity_information_gain,2000.0,3000.0
kata1-b6c96-s10014464-d2201128,74,1687.9076339690569,1602.3440488301285,1773.4712191079852,1655.0650946473024,32.84253932175443,2,a5803f8a5d9d87202b43d709cb328cedaf18c446af448f705c33d553e8c2e9f7,5170ec511fb50cdf10d648416d508574d70e9781ddf156a1b2a86d2b385e94dc,100,1729,maximum_nontransitivity_information_gain,2000.0,3000.0
kata1-b6c96-s10014464-d2201128,76,1676.0458265213697,1591.5085095623394,1760.5831434804,1655.0650946473024,20.98073187406726,2,a5803f8a5d9d87202b43d709cb328cedaf18c446af448f705c33d553e8c2e9f7,5170ec511fb50cdf10d648416d508574d70e9781ddf156a1b2a86d2b385e94dc,100,1729,maximum_nontransitivity_information_gain,2000.0,3000.0
kata1-b6c96-s10014464-d2201128,78,1684.1756155436426,1600.7217830988784,1767.6294479884068,1655.0650946473024,29.110520896340176,2,a5803f8a5d9d87202b43d709cb328cedaf18c446af448f705c33d553e8c2e9f7,5170ec511fb50cdf10d648416d508574d70e9781ddf156a1b2a86d2b385e94dc,100,1729,maximum_nontransitivity_information_gain,2000.0,3000.0
kata1-b6c96-s10014464-d2201128,80,1684.0280073496644,1601.5918189831987,1766.4641957161302,1655.0650946473024,28.96291270236202,2,a5803f8a5d9d87202b43d709cb328cedaf18c446af448f705c33d553e8c2e9f7,5170ec511fb50cdf10d648416d508574d70e9781ddf156a1b2a86d2b385e94dc,100,1729,maximum_nontransitivity_information_gain,2000.0,3000.0
kata1-b6c96-s10014464-d2201128,82,1683.8672021255668,1602.4092206259354,1765.3251836251982,1655.0650946473024,28.80210747826436,2,a5803f8a5d9d87202b43d709cb328cedaf18c446af448f705c33d553e8c2e9f7,5170ec511fb50cdf10d648416d508574d70e9781ddf156a1b2a86d2b385e94dc,100,1729,maximum_nontransitivity_information_gain,2000.0,3000.0
kata1-b6c96-s10014464-d2201128,84,1685.3954618506514,1604.862923020924,1765.9280006803788,1655.0650946473024,30.330367203348942,2,a5803f8a5d9d87202b43d709cb328cedaf18c446af448f705c33d553e8c2e9f7,5170ec511fb50cdf10d648416d508574d70e9781ddf156a1b2a86d2b385e94dc,100,1729,maximum_nontransitivity_information_gain,2000.0,3000.0
kata1-b6c96-s10014464-d2201128,86,1678.1859614858965,1598.5004143211033,1757.8715086506897,1655.0650946473024,23.12086683859411,2,a5803f8a5d9d87202b43d709cb328cedaf18c446af448f705c33d553e8c2e9f7,5170ec511fb50cdf10d648416d508574d70e9781ddf156a1b2a86d2b385e94dc,100,1729,maximum_nontransitivity_information_gain,2000.0,3000.0
kata1-b6c96-s10014464-d2201128,88,1675.9716885373161,1597.113530416802,1754.8298466578303,1655.0650946473024,20.90659389001371,2,a5803f8a5d9d87202b43d709cb328cedaf18c446af448f705c33d553e8c2e9f7,5170ec511fb50cdf10d648416d508574d70e9781ddf156a1b2a86d2b385e94dc,100,1729,maximum_nontransitivity_information_gain,2000.0,3000.0
kata1-b6c96-s10014464-d2201128,90,1666.2602281975612,1588.1629584475913,1744.357497947531,1655.0650946473024,11.195133550258788,2,a5803f8a5d9d87202b43d709cb328cedaf18c446af448f705c33d553e8c2e9f7,5170ec511fb50cdf10d648416d508574d70e9781ddf156a1b2a86d2b385e94dc,100,1729,maximum_nontransitivity_information_gain,2000.0,3000.0
kata1-b6c96-s10014464-d2201128,92,1656.1571305536454,1578.743162679029,1733.5710984282618,1655.0650946473024,1.0920359063429714,2,a5803f8a5d9d87202b43d709cb328cedaf18c446af448f705c33d553e8c2e9f7,5170ec511fb50cdf10d648416d508574d70e9781ddf156a1b2a86d2b385e94dc,100,1729,maximum_nontransitivity_information_gain,2000.0,3000.0
kata1-b6c96-s10014464-d2201128,94,1654.5805806576777,1577.9269551101024,1731.234206205253,1655.0650946473024,-0.48451398962470194,2,a5803f8a5d9d87202b43d709cb328cedaf18c446af448f705c33d553e8c2e9f7,5170ec511fb50cdf10d648416d508574d70e9781ddf156a1b2a86d2b385e94dc,100,1729,maximum_nontransitivity_information_gain,2000.0,3000.0
kata1-b6c96-s10014464-d2201128,96,1660.7403869697246,1584.8991308133243,1736.5816431261248,1655.0650946473024,5.675292322422138,2,a5803f8a5d9d87202b43d709cb328cedaf18c446af448f705c33d553e8c2e9f7,5170ec511fb50cdf10d648416d508574d70e9781ddf156a1b2a86d2b385e94dc,100,1729,maximum_nontransitivity_information_gain,2000.0,3000.0
kata1-b6c96-s10014464-d2201128,98,1652.1329611605488,1576.9451351084692,1727.3207872126284,1655.0650946473024,-2.932133486753628,2,a5803f8a5d9d87202b43d709cb328cedaf18c446af448f705c33d553e8c2e9f7,5170ec511fb50cdf10d648416d508574d70e9781ddf156a1b2a86d2b385e94dc,100,1729,maximum_nontransitivity_information_gain,2000.0,3000.0
kata1-b6c96-s10014464-d2201128,100,1650.736661301427,1576.2433224701585,1725.2300001326953,1655.0650946473024,-4.32843334587551,2,a5803f8a5d9d87202b43d709cb328cedaf18c446af448f705c33d553e8c2e9f7,5170ec511fb50cdf10d648416d508574d70e9781ddf156a1b2a86d2b385e94dc,100,1729,maximum_nontransitivity_information_gain,2000.0,3000.0
kata1-b6c96-s10825472-d2300510,2,1167.119422671085,-1284.6062048658277,3618.8450502079977,1744.6194606988875,-577.5000380278025,2,a5803f8a5d9d87202b43d709cb328cedaf18c446af448f705c33d553e8c2e9f7,5170ec511fb50cdf10d648416d508574d70e9781ddf156a1b2a86d2b385e94dc,100,1729,maximum_nontransitivity_information_gain,2000.0,3000.0
kata1-b6c96-s10825472-d2300510,4,1596.6806339084849,983.9910932469504,2209.370174570019,1744.6194606988875,-147.93882679040257,2,a5803f8a5d9d87202b43d709cb328cedaf18c446af448f705c33d553e8c2e9f7,5170ec511fb50cdf10d648416d508574d70e9781ddf156a1b2a86d2b385e94dc,100,1729,maximum_nontransitivity_information_gain,2000.0,3000.0
kata1-b6c96-s10825472-d2300510,6,1589.390361727998,1207.0884552435343,1971.6922682124616,1744.6194606988875,-155.22909897088948,2,a5803f8a5d9d87202b43d709cb328cedaf18c446af448f705c33d553e8c2e9f7,5170ec511fb50cdf10d648416d508574d70e9781ddf156a1b2a86d2b385e94dc,100,1729,maximum_nontransitivity_information_gain,2000.0,3000.0
kata1-b6c96-s10825472-d2300510,8,1721.6797827248392,1408.1820201099274,2035.177545339751,1744.6194606988875,-22.93967797404821,2,a5803f8a5d9d87202b43d709cb328cedaf18c446af448f705c33d553e8c2e9f7,5170ec511fb50cdf10d648416d508574d70e9781ddf156a1b2a86d2b385e94dc,100,1729,maximum_nontransitivity_information_gain,2000.0,3000.0
kata1-b6c96-s10825472-d2300510,10,1625.3510809240897,1364.0112909811874,1886.690870866992,1744.6194606988875,-119.26837977479772,2,a5803f8a5d9d87202b43d709cb328cedaf18c446af448f705c33d553e8c2e9f7,5170ec511fb50cdf10d648416d508574d70e9781ddf156a1b2a86d2b385e94dc,100,1729,maximum_nontransitivity_information_gain,2000.0,3000.0
kata1-b6c96-s10825472-d2300510,12,1624.0489976672625,1393.2682625137202,1854.8297328208048,1744.6194606988875,-120.57046303162497,2,a5803f8a5d9d87202b43d709cb328cedaf18c446af448f705c33d553e8c2e9f7,5170ec511fb50cdf10d648416d508574d70e9781ddf156a1b2a86d2b385e94dc,100,1729,maximum_nontransitivity_information_gain,2000.0,3000.0
kata1-b6c96-s10825472-d2300510,14,1694.2932311278512,1483.7789147608603,1904.807547494842,1744.6194606988875,-50.326229571036265,2,a5803f8a5d9d87202b43d709cb328cedaf18c446af448f705c33d553e8c2e9f7,5170ec511fb50cdf10d648416d508574d70e9781ddf156a1b2a86d2b385e94dc,100,1729,maximum_nontransitivity_information_gain,2000.0,3000.0
kata1-b6c96-s10825472-d2300510,16,1719.5172245417268,1524.3032585043795,1914.731190579074,1744.6194606988875,-25.102236157160633,2,a5803f8a5d9d87202b43d709cb328cedaf18c446af448f705c33d553e8c2e9f7,5170ec511fb50cdf10d648416d508574d70e9781ddf156a1b2a86d2b385e94dc,100,1729,maximum_nontransitivity_information_gain,2000.0,3000.0
kata1-b6c96-s10825472-d2300510,18,1722.5352079873894,1540.75983107191,1904.3105849028689,1744.6194606988875,-22.08425271149804,2,a5803f8a5d9d87202b43d709cb328cedaf18c446af448f705c33d553e8c2e9f7,5170ec511fb50cdf10d648416d508574d70e9781ddf156a1b2a86d2b385e94dc,100,1729,maximum_nontransitivity_information_gain,2000.0,3000.0
kata1-b6c96-s10825472-d2300510,20,1682.3361339055748,1512.7094835343985,1851.962784276751,1744.6194606988875,-62.28332679331265,2,a5803f8a5d9d87202b43d709cb328cedaf18c446af448f705c33d553e8c2e9f7,5170ec511fb50cdf10d648416d508574d70e9781ddf156a1b2a86d2b385e94dc,100,1729,maximum_nontransitivity_information_gain,2000.0,3000.0
kata1-b6c96-s10825472-d2300510,22,1643.8744393486406,1482.8859066970235,1804.8629720002577,1744.6194606988875,-100.74502135024682,2,a5803f8a5d9d87202b43d709cb328cedaf18c446af448f705c33d553e8c2e9f7,5170ec511fb50cdf10d648416d508574d70e9781ddf156a1b2a86d2b385e94dc,100,1729,maximum_nontransitivity_information_gain,2000.0,3000.0
kata1-b6c96-s10825472-d2300510,24,1644.7782695240362,1491.6137828799824,1797.94275616809,1744.6194606988875,-99.84119117485125,2,a5803f8a5d9d87202b43d709cb328cedaf18c446af448f705c33d553e8c2e9f7,5170ec511fb50cdf10d648416d508574d70e9781ddf156a1b2a86d2b385e94dc,100,1729,maximum_nontransitivity_information_gain,2000.0,3000.0
kata1-b6c96-s10825472-d2300510,26,1642.564508732086,1496.074491656005,1789.0545258081672,1744.6194606988875,-102.05495196680135,2,a5803f8a5d9d87202b43d709cb328cedaf18c446af448f705c33d553e8c2e9f7,5170ec511fb50cdf10d648416d508574d70e9781ddf156a1b2a86d2b385e94dc,100,1729,maximum_nontransitivity_information_gain,2000.0,3000.0
kata1-b6c96-s10825472-d2300510,28,1628.9756552353085,1488.0118498798092,1769.9394605908078,1744.6194606988875,-115.64380546357893,2,a5803f8a5d9d87202b43d709cb328cedaf18c446af448f705c33d553e8c2e9f7,5170ec511fb50cdf10d648416d508574d70e9781ddf156a1b2a86d2b385e94dc,100,1729,maximum_nontransitivity_information_gain,2000.0,3000.0
kata1-b6c96-s10825472-d2300510,30,1654.9918677392754,1519.7540482670502,1790.2296872115007,1744.6194606988875,-89.627592959612,2,a5803f8a5d9d87202b43d709cb328cedaf18c446af448f705c33d553e8c2e9f7,5170ec511fb50cdf10d648416d508574d70e9781ddf156a1b2a86d2b385e94dc,100,1729,maximum_nontransitivity_information_gain,2000.0,3000.0
kata1-b6c96-s10825472-d2300510,32,1656.5552253295564,1525.9704798006546,1787.1399708584581,1744.6194606988875,-88.06423536933107,2,a5803f8a5d9d87202b43d709cb328cedaf18c446af448f705c33d553e8c2e9f7,5170ec511fb50cdf10d648416d508574d70e9781ddf156a1b2a86d2b385e94dc,100,1729,maximum_nontransitivity_information_gain,2000.0,3000.0
kata1-b6c96-s10825472-d2300510,34,1681.0628436989205,1554.577928773436,1807.5477586244049,1744.6194606988875,-63.55661699996699,2,a5803f8a5d9d87202b43d709cb328cedaf18c446af448f705c33d553e8c2e9f7,5170ec511fb50cdf10d648416d508574d70e9781ddf156a1b2a86d2b385e94dc,100,1729,maximum_nontransitivity_information_gain,2000.0,3000.0
kata1-b6c96-s10825472-d2300510,36,1702.6390816966812,1579.5067010221446,1825.7714623712177,1744.6194606988875,-41.98037900220629,2,a5803f8a5d9d87202b43d709cb328cedaf18c446af448f705c33d553e8c2e9f7,5170ec511fb50cdf10d648416d508574d70e9781ddf156a1b2a86d2b385e94dc,100,1729,maximum_nontransitivity_information_gain,2000.0,3000.0
kata1-b6c96-s10825472-d2300510,38,1715.2743335352036,1595.2390001056547,1835.3096669647525,1744.6194606988875,-29.345127163683856,2,a5803f8a5d9d87202b43d709cb328cedaf18c446af448f705c33d553e8c2e9f7,5170ec511fb50cdf10d648416d508574d70e9781ddf156a1b2a86d2b385e94dc,100,1729,maximum_nontransitivity_information_gain,2000.0,3000.0
kata1-b6c96-s10825472-d2300510,40,1716.723251059387,1599.8701963401306,1833.5763057786432,1744.6194606988875,-27.896209639500512,2,a5803f8a5d9d87202b43d709cb328cedaf18c446af448f705c33d553e8c2e9f7,5170ec511fb50cdf10d648416d508574d70e9781ddf156a1b2a86d2b385e94dc,100,1729,maximum_nontransitivity_information_gain,2000.0,3000.0
kata1-b6c96-s10825472-d2300510,42,1718.0191120347288,1604.0990942195535,1831.939129849904,1744.6194606988875,-26.600348664158673,2,a5803f8a5d9d87202b43d709cb328cedaf18c446af448f705c33d553e8c2e9f7,5170ec511fb50cdf10d648416d508574d70e9781ddf156a1b2a86d2b385e94dc,100,1729,maximum_nontransitivity_information_gain,2000.0,3000.0
kata1-b6c96-s10825472-d2300510,44,1719.184567982154,1607.978162380457,1830.390973583851,1744.6194606988875,-25.43489271673343,2,a5803f8a5d9d87202b43d709cb328cedaf18c446af448f705c33d553e8c2e9f7,5170ec511fb50cdf10d648416d508574d70e9781ddf156a1b2a86d2b385e94dc,100,1729,maximum_nontransitivity_information_gain,2000.0,3000.0
kata1-b6c96-s10825472-d2300510,46,1703.436833048126,1595.0612331444452,1811.8124329518066,1744.6194606988875,-41.18262765076156,2,a5803f8a5d9d87202b43d709cb328cedaf18c446af448f705c33d553e8c2e9f7,5170ec511fb50cdf10d648416d508574d70e9781ddf156a1b2a86d2b385e94dc,100,1729,maximum_nontransitivity_information_gain,2000.0,3000.0
kata1-b6c96-s10825472-d2300510,48,1702.2271874980493,1596.219387461641,1808.2349875344576,1744.6194606988875,-42.39227320083819,2,a5803f8a5d9d87202b43d709cb328cedaf18c446af448f705c33d553e8c2e9f7,5170ec511fb50cdf10d648416d508574d70e9781ddf156a1b2a86d2b385e94dc,100,1729,maximum_nontransitivity_information_gain,2000.0,3000.0
kata1-b6c96-s10825472-d2300510,50,1701.1441642386558,1597.3414640628237,1804.946864414488,1744.6194606988875,-43.475296460231675,2,a5803f8a5d9d87202b43d709cb328cedaf18c446af448f705c33d553e8c2e9f7,5170ec511fb50cdf10d648416d508574d70e9781ddf156a1b2a86d2b385e94dc,100,1729,maximum_nontransitivity_information_gain,2000.0,3000.0
kata1-b6c96-s10825472-d2300510,52,1699.1945418965931,1597.4448349527913,1800.944248840395,1744.6194606988875,-45.424918802294314,2,a5803f8a5d9d87202b43d709cb328cedaf18c446af448f705c33d553e8c2e9f7,5170ec511fb50cdf10d648416d508574d70e9781ddf156a1b2a86d2b385e94dc,100,1729,maximum_nontransitivity_information_gain,2000.0,3000.0
kata1-b6c96-s10825472-d2300510,54,1698.31930636885,1598.5068105654966,1798.1318021722034,1744.6194606988875,-46.30015433003746,2,a5803f8a5d9d87202b43d709cb328cedaf18c446af448f705c33d553e8c2e9f7,5170ec511fb50cdf10d648416d508574d70e9781ddf156a1b2a86d2b385e94dc,100,1729,maximum_nontransitivity_information_gain,2000.0,3000.0
kata1-b6c96-s10825472-d2300510,56,1683.042257749695,1585.1167611295903,1780.9677543697996,1744.6194606988875,-61.5772029491925,2,a5803f8a5d9d87202b43d709cb328cedaf18c446af448f705c33d553e8c2e9f7,5170ec511fb50cdf10d648416d508574d70e9781ddf156a1b2a86d2b385e94dc,100,1729,maximum_nontransitivity_information_gain,2000.0,3000.0
kata1-b6c96-s10825472-d2300510,58,1695.044174264378,1598.7537241512491,1791.3346243775068,1744.6194606988875,-49.57528643450951,2,a5803f8a5d9d87202b43d709cb328cedaf18c446af448f705c33d553e8c2e9f7,5170ec511fb50cdf10d648416d508574d70e9781ddf156a1b2a86d2b385e94dc,100,1729,maximum_nontransitivity_information_gain,2000.0,3000.0
kata1-b6c96-s10825472-d2300510,60,1707.0404455356966,1612.2168244416046,1801.8640666297886,1744.6194606988875,-37.57901516319089,2,a5803f8a5d9d87202b43d709cb328cedaf18c446af448f705c33d553e8c2e9f7,5170ec511fb50cdf10d648416d508574d70e9781ddf156a1b2a86d2b385e94dc,100,1729,maximum_nontransitivity_information_gain,2000.0,3000.0
kata1-b6c96-s10825472-d2300510,62,1708.245265550389,1614.936851279753,1801.5536798210248,1744.6194606988875,-36.37419514849853,2,a5803f8a5d9d87202b43d709cb328cedaf18c446af448f705c33d553e8c2e9f7,5170ec511fb50cdf10d648416d508574d70e9781ddf156a1b2a86d2b385e94dc,100,1729,maximum_nontransitivity_information_gain,2000.0,3000.0
kata1-b6c96-s10825472-d2300510,64,1719.0515224783517,1626.9967955083823,1811.106249448321,1744.6194606988875,-25.56793822053578,2,a5803f8a5d9d87202b43d709cb328cedaf18c446af448f705c33d553e8c2e9f7,5170ec511fb50cdf10d648416d508574d70e9781ddf156a1b2a86d2b385e94dc,100,1729,maximum_nontransitivity_information_gain,2000.0,3000.0
kata1-b6c96-s10825472-d2300510,66,1719.8006369748616,1629.1310714422534,1810.4702025074698,1744.6194606988875,-24.818823724025833,2,a5803f8a5d9d87202b43d709cb328cedaf18c446af448f705c33d553e8c2e9f7,5170ec511fb50cdf10d648416d508574d70e9781ddf156a1b2a86d2b385e94dc,100,1729,maximum_nontransitivity_information_gain,2000.0,3000.0
kata1-b6c96-s10825472-d2300510,68,1720.480731128795,1631.132012342111,1809.829449915479,1744.6194606988875,-24.138729570092437,2,a5803f8a5d9d87202b43d709cb328cedaf18c446af448f705c33d553e8c2e9f7,5170ec511fb50cdf10d648416d508574d70e9781ddf156a1b2a86d2b385e94dc,100,1729,maximum_nontransitivity_information_gain,2000.0,3000.0
kata1-b6c96-s10825472-d2300510,70,1731.9562723431397,1643.627921529437,1820.2846231568426,1744.6194606988875,-12.663188355747707,2,a5803f8a5d9d87202b43d709cb328cedaf18c446af448f705c33d553e8c2e9f7,5170ec511fb50cdf10d648416d508574d70e9781ddf156a1b2a86d2b385e94dc,100,1729,maximum_nontransitivity_information_gain,2000.0,3000.0
kata1-b6c96-s10825472-d2300510,72,1732.2551114873863,1645.1449640806757,1819.365258894097,1744.6194606988875,-12.364349211501121,2,a5803f8a5d9d87202b43d709cb328cedaf18c446af448f705c33d553e8c2e9f7,5170ec511fb50cdf10d648416d508574d70e9781ddf156a1b2a86d2b385e94dc,100,1729,maximum_nontransitivity_information_gain,2000.0,3000.0
kata1-b6c96-s10825472-d2300510,74,1727.4249453572422,1641.5885019203365,1813.261388794148,1744.6194606988875,-17.19451534164523,2,a5803f8a5d9d87202b43d709cb328cedaf18c446af448f705c33d553e8c2e9f7,5170ec511fb50cdf10d648416d508574d70e9781ddf156a1b2a86d2b385e94dc,100,1729,maximum_nontransitivity_information_gain,2000.0,3000.0
kata1-b6c96-s10825472-d2300510,76,1727.8129871931064,1643.0833561289298,1812.542618257283,1744.6194606988875,-16.806473505781014,2,a5803f8a5d9d87202b43d709cb328cedaf18c446af448f705c33d553e8c2e9f7,5170ec511fb50cdf10d648416d508574d70e9781ddf156a1b2a86d2b385e94dc,100,1729,maximum_nontransitivity_information_gain,2000.0,3000.0
kata1-b6c96-s10825472-d2300510,78,1726.4370768225037,1642.7884029662882,1810.0857506787193,1744.6194606988875,-18.18238387638371,2,a5803f8a5d9d87202b43d709cb328cedaf18c446af448f705c33d553e8c2e9f7,5170ec511fb50cdf10d648416d508574d70e9781ddf156a1b2a86d2b385e94dc,100,1729,maximum_nontransitivity_information_gain,2000.0,3000.0
kata1-b6c96-s10825472-d2300510,80,1717.4718215407297,1634.9796492293965,1799.963993852063,1744.6194606988875,-27.147639158157745,2,a5803f8a5d9d87202b43d709cb328cedaf18c446af448f705c33d553e8c2e9f7,5170ec511fb50cdf10d648416d508574d70e9781ddf156a1b2a86d2b385e94dc,100,1729,maximum_nontransitivity_information_gain,2000.0,3000.0
kata1-b6c96-s10825472-d2300510,82,1725.5872251949725,1643.9445815946617,1807.2298687952832,1744.6194606988875,-19.03223550391499,2,a5803f8a5d9d87202b43d709cb328cedaf18c446af448f705c33d553e8c2e9f7,5170ec511fb50cdf10d648416d508574d70e9781ddf156a1b2a86d2b385e94dc,100,1729,maximum_nontransitivity_information_gain,2000.0,3000.0
kata1-b6c96-s10825472-d2300510,84,1717.0989744612393,1636.5164094174154,1797.6815395050633,1744.6194606988875,-27.52048623764813,2,a5803f8a5d9d87202b43d709cb328cedaf18c446af448f705c33d553e8c2e9f7,5170ec511fb50cdf10d648416d508574d70e9781ddf156a1b2a86d2b385e94dc,100,1729,maximum_nontransitivity_information_gain,2000.0,3000.0
kata1-b6c96-s10825472-d2300510,86,1715.5740127001238,1635.895596723949,1795.2524286762987,1744.6194606988875,-29.04544799876362,2,a5803f8a5d9d87202b43d709cb328cedaf18c446af448f705c33d553e8c2e9f7,5170ec511fb50cdf10d648416d508574d70e9781ddf156a1b2a86d2b385e94dc,100,1729,maximum_nontransitivity_information_gain,2000.0,3000.0
kata1-b6c96-s10825472-d2300510,88,1714.6264802876078,1635.8273149760541,1793.4256455991615,1744.6194606988875,-29.992980411279632,2,a5803f8a5d9d87202b43d709cb328cedaf18c446af448f705c33d553e8c2e9f7,5170ec511fb50cdf10d648416d508574d70e9781ddf156a1b2a86d2b385e94dc,100,1729,maximum_nontransitivity_information_gain,2000.0,3000.0
kata1-b6c96-s10825472-d2300510,90,1721.538186327415,1643.4700183996129,1799.606354255217,1744.6194606988875,-23.081274371472546,2,a5803f8a5d9d87202b43d709cb328cedaf18c446af448f705c33d553e8c2e9f7,5170ec511fb50cdf10d648416d508574d70e9781ddf156a1b2a86d2b385e94dc,100,1729,maximum_nontransitivity_information_gain,2000.0,3000.0
kata1-b6c96-s10825472-d2300510,92,1716.451327239478,1639.2599208815768,1793.642733597379,1744.6194606988875,-28.168133459409546,2,a5803f8a5d9d87202b43d709cb328cedaf18c446af448f705c33d553e8c2e9f7,5170ec511fb50cdf10d648416d508574d70e9781ddf156a1b2a86d2b385e94dc,100,1729,maximum_nontransitivity_information_gain,2000.0,3000.0
kata1-b6c96-s10825472-d2300510,94,1707.6360390735279,1631.314540615283,1783.9575375317727,1744.6194606988875,-36.9834216253596,2,a5803f8a5d9d87202b43d709cb328cedaf18c446af448f705c33d553e8c2e9f7,5170ec511fb50cdf10d648416d508574d70e9781ddf156a1b2a86d2b385e94dc,100,1729,maximum_nontransitivity_information_gain,2000.0,3000.0
kata1-b6c96-s10825472-d2300510,96,1705.7420545981777,1630.1653724528655,1781.3187367434898,1744.6194606988875,-38.87740610070978,2,a5803f8a5d9d87202b43d709cb328cedaf18c446af448f705c33d553e8c2e9f7,5170ec511fb50cdf10d648416d508574d70e9781ddf156a1b2a86d2b385e94dc,100,1729,maximum_nontransitivity_information_gain,2000.0,3000.0
kata1-b6c96-s10825472-d2300510,98,1697.045360967467,1622.243246921289,1771.8474750136452,1744.6194606988875,-47.57409973142035,2,a5803f8a5d9d87202b43d709cb328cedaf18c446af448f705c33d553e8c2e9f7,5170ec511fb50cdf10d648416d508574d70e9781ddf156a1b2a86d2b385e94dc,100,1729,maximum_nontransitivity_information_gain,2000.0,3000.0
kata1-b6c96-s10825472-d2300510,100,1695.4452099686139,1621.3397551884534,1769.5506647487744,1744.6194606988875,-49.17425073027357,2,a5803f8a5d9d87202b43d709cb328cedaf18c446af448f705c33d553e8c2e9f7,5170ec511fb50cdf10d648416d508574d70e9781ddf156a1b2a86d2b385e94dc,100,1729,maximum_nontransitivity_information_gain,2000.0,3000.0
kata1-b6c96-s12849664-d2510774-temp-0.5,2,2013.5637084514226,1529.4336272963976,2497.6937896064474,1856.5744740796683,156.98923437175426,2,a5803f8a5d9d87202b43d709cb328cedaf18c446af448f705c33d553e8c2e9f7,5170ec511fb50cdf10d648416d508574d70e9781ddf156a1b2a86d2b385e94dc,100,1729,maximum_nontransitivity_information_gain,2000.0,3000.0
kata1-b6c96-s12849664-d2510774-temp-0.5,4,1806.509186111475,1411.1345480038667,2201.883824219083,1856.5744740796683,-50.06528796819339,2,a5803f8a5d9d87202b43d709cb328cedaf18c446af448f705c33d553e8c2e9f7,5170ec511fb50cdf10d648416d508574d70e9781ddf156a1b2a86d2b385e94dc,100,1729,maximum_nontransitivity_information_gain,2000.0,3000.0
kata1-b6c96-s12849664-d2510774-temp-0.5,6,1644.3742416234338,1263.1473990130348,2025.6010842338328,1856.5744740796683,-212.20023245623452,2,a5803f8a5d9d87202b43d709cb328cedaf18c446af448f705c33d553e8c2e9f7,5170ec511fb50cdf10d648416d508574d70e9781ddf156a1b2a86d2b385e94dc,100,1729,maximum_nontransitivity_information_gain,2000.0,3000.0
kata1-b6c96-s12849664-d2510774-temp-0.5,8,1575.0392248617825,1246.8400337848882,1903.2384159386768,1856.5744740796683,-281.53524921788585,2,a5803f8a5d9d87202b43d709cb328cedaf18c446af448f705c33d553e8c2e9f7,5170ec511fb50cdf10d648416d508574d70e9781ddf156a1b2a86d2b385e94dc,100,1729,maximum_nontransitivity_information_gain,2000.0,3000.0
kata1-b6c96-s12849664-d2510774-temp-0.5,10,1575.107920180498,1302.2230954066301,1847.992744954366,1856.5744740796683,-281.4665538991703,2,a5803f8a5d9d87202b43d709cb328cedaf18c446af448f705c33d553e8c2e9f7,5170ec511fb50cdf10d648416d508574d70e9781ddf156a1b2a86d2b385e94dc,100,1729,maximum_nontransitivity_information_gain,2000.0,3000.0
kata1-b6c96-s12849664-d2510774-temp-0.5,12,1657.7090654568933,1429.8596618659424,1885.5584690478443,1856.5744740796683,-198.86540862277502,2,a5803f8a5d9d87202b43d709cb328cedaf18c446af448f705c33d553e8c2e9f7,5170ec511fb50cdf10d648416d508574d70e9781ddf156a1b2a86d2b385e94dc,100,1729,maximum_nontransitivity_information_gain,2000.0,3000.0
kata1-b6c96-s12849664-d2510774-temp-0.5,14,1661.2875942805506,1454.6624592861558,1867.9127292749454,1856.5744740796683,-195.28687979911774,2,a5803f8a5d9d87202b43d709cb328cedaf18c446af448f705c33d553e8c2e9f7,5170ec511fb50cdf10d648416d508574d70e9781ddf156a1b2a86d2b385e94dc,100,1729,maximum_nontransitivity_information_gain,2000.0,3000.0
kata1-b6c96-s12849664-d2510774-temp-0.5,16,1663.7616282107622,1473.2406411808233,1854.282615240701,1856.5744740796683,-192.81284586890615,2,a5803f8a5d9d87202b43d709cb328cedaf18c446af448f705c33d553e8c2e9f7,5170ec511fb50cdf10d648416d508574d70e9781ddf156a1b2a86d2b385e94dc,100,1729,maximum_nontransitivity_information_gain,2000.0,3000.0
kata1-b6c96-s12849664-d2510774-temp-0.5,18,1662.5337067104595,1484.6478808470738,1840.4195325738451,1856.5744740796683,-194.04076736920888,2,a5803f8a5d9d87202b43d709cb328cedaf18c446af448f705c33d553e8c2e9f7,5170ec511fb50cdf10d648416d508574d70e9781ddf156a1b2a86d2b385e94dc,100,1729,maximum_nontransitivity_information_gain,2000.0,3000.0
kata1-b6c96-s12849664-d2510774-temp-0.5,20,1699.0039071709416,1531.915814595456,1866.0919997464273,1856.5744740796683,-157.57056690872673,2,a5803f8a5d9d87202b43d709cb328cedaf18c446af448f705c33d553e8c2e9f7,5170ec511fb50cdf10d648416d508574d70e9781ddf156a1b2a86d2b385e94dc,100,1729,maximum_nontransitivity_information_gain,2000.0,3000.0
kata1-b6c96-s12849664-d2510774-temp-0.5,22,1684.8967927931328,1526.3129492020728,1843.4806363841928,1856.5744740796683,-171.67768128653552,2,a5803f8a5d9d87202b43d709cb328cedaf18c446af448f705c33d553e8c2e9f7,5170ec511fb50cdf10d648416d508574d70e9781ddf156a1b2a86d2b385e94dc,100,1729,maximum_nontransitivity_information_gain,2000.0,3000.0
kata1-b6c96-s12849664-d2510774-temp-0.5,24,1684.2418940445964,1533.1130423055306,1835.3707457836622,1856.5744740796683,-172.33258003507194,2,a5803f8a5d9d87202b43d709cb328cedaf18c446af448f705c33d553e8c2e9f7,5170ec511fb50cdf10d648416d508574d70e9781ddf156a1b2a86d2b385e94dc,100,1729,maximum_nontransitivity_information_gain,2000.0,3000.0
kata1-b6c96-s12849664-d2510774-temp-0.5,26,1712.2427089252635,1567.4313652184503,1857.0540526320767,1856.5744740796683,-144.33176515440482,2,a5803f8a5d9d87202b43d709cb328cedaf18c446af448f705c33d553e8c2e9f7,5170ec511fb50cdf10d648416d508574d70e9781ddf156a1b2a86d2b385e94dc,100,1729,maximum_nontransitivity_information_gain,2000.0,3000.0
kata1-b6c96-s12849664-d2510774-temp-0.5,28,1714.316577253388,1575.17727993749,1853.455874569286,1856.5744740796683,-142.25789682628033,2,a5803f8a5d9d87202b43d709cb328cedaf18c446af448f705c33d553e8c2e9f7,5170ec511fb50cdf10d648416d508574d70e9781ddf156a1b2a86d2b385e94dc,100,1729,maximum_nontransitivity_information_gain,2000.0,3000.0
kata1-b6c96-s12849664-d2510774-temp-0.5,30,1742.5456670133356,1607.8749441260038,1877.2163899006673,1856.5744740796683,-114.02880706633277,2,a5803f8a5d9d87202b43d709cb328cedaf18c446af448f705c33d553e8c2e9f7,5170ec511fb50cdf10d648416d508574d70e9781ddf156a1b2a86d2b385e94dc,100,1729,maximum_nontransitivity_information_gain,2000.0,3000.0
kata1-b6c96-s12849664-d2510774-temp-0.5,32,1766.9660300206667,1635.9587999700395,1897.973260071294,1856.5744740796683,-89.60844405900161,2,a5803f8a5d9d87202b43d709cb328cedaf18c446af448f705c33d553e8c2e9f7,5170ec511fb50cdf10d648416d508574d70e9781ddf156a1b2a86d2b385e94dc,100,1729,maximum_nontransitivity_information_gain,2000.0,3000.0
kata1-b6c96-s12849664-d2510774-temp-0.5,34,1788.728922168209,1660.788962763519,1916.668881572899,1856.5744740796683,-67.84555191145932,2,a5803f8a5d9d87202b43d709cb328cedaf18c446af448f705c33d553e8c2e9f7,5170ec511fb50cdf10d648416d508574d70e9781ddf156a1b2a86d2b385e94dc,100,1729,maximum_nontransitivity_information_gain,2000.0,3000.0
kata1-b6c96-s12849664-d2510774-temp-0.5,36,1790.8580116964322,1666.7208057689452,1914.9952176239192,1856.5744740796683,-65.71646238323615,2,a5803f8a5d9d87202b43d709cb328cedaf18c446af448f705c33d553e8c2e9f7,5170ec511fb50cdf10d648416d508574d70e9781ddf156a1b2a86d2b385e94dc,100,1729,maximum_nontransitivity_information_gain,2000.0,3000.0
kata1-b6c96-s12849664-d2510774-temp-0.5,38,1792.7606074940802,1672.1025510705167,1913.4186639176437,1856.5744740796683,-63.81386658558813,2,a5803f8a5d9d87202b43d709cb328cedaf18c446af448f705c33d553e8c2e9f7,5170ec511fb50cdf10d648416d508574d70e9781ddf156a1b2a86d2b385e94dc,100,1729,maximum_nontransitivity_information_gain,2000.0,3000.0
kata1-b6c96-s12849664-d2510774-temp-0.5,40,1814.4586678844323,1695.9581627814393,1932.9591729874253,1856.5744740796683,-42.11580619523602,2,a5803f8a5d9d87202b43d709cb328cedaf18c446af448f705c33d553e8c2e9f7,5170ec511fb50cdf10d648416d508574d70e9781ddf156a1b2a86d2b385e94dc,100,1729,maximum_nontransitivity_information_gain,2000.0,3000.0
kata1-b6c96-s12849664-d2510774-temp-0.5,42,1814.886535638369,1699.476359241685,1930.296712035053,1856.5744740796683,-41.687938441299366,2,a5803f8a5d9d87202b43d709cb328cedaf18c446af448f705c33d553e8c2e9f7,5170ec511fb50cdf10d648416d508574d70e9781ddf156a1b2a86d2b385e94dc,100,1729,maximum_nontransitivity_information_gain,2000.0,3000.0
kata1-b6c96-s12849664-d2510774-temp-0.5,44,1815.2935243470586,1702.7289474953282,1927.858101198789,1856.5744740796683,-41.28094973260977,2,a5803f8a5d9d87202b43d709cb328cedaf18c446af448f705c33d553e8c2e9f7,5170ec511fb50cdf10d648416d508574d70e9781ddf156a1b2a86d2b385e94dc,100,1729,maximum_nontransitivity_information_gain,2000.0,3000.0
kata1-b6c96-s12849664-d2510774-temp-0.5,46,1828.995667487031,1718.234688008896,1939.7566469651658,1856.5744740796683,-27.57880659263742,2,a5803f8a5d9d87202b43d709cb328cedaf18c446af448f705c33d553e8c2e9f7,5170ec511fb50cdf10d648416d508574d70e9781ddf156a1b2a86d2b385e94dc,100,1729,maximum_nontransitivity_information_gain,2000.0,3000.0
kata1-b6c96-s12849664-d2510774-temp-0.5,48,1828.7099466855975,1720.4854901411227,1936.9344032300723,1856.5744740796683,-27.86452739407082,2,a5803f8a5d9d87202b43d709cb328cedaf18c446af448f705c33d553e8c2e9f7,5170ec511fb50cdf10d648416d508574d70e9781ddf156a1b2a86d2b385e94dc,100,1729,maximum_nontransitivity_information_gain,2000.0,3000.0
kata1-b6c96-s12849664-d2510774-temp-0.5,50,1828.4512363003053,1722.5823430325927,1934.3201295680178,1856.5744740796683,-28.12323777936308,2,a5803f8a5d9d87202b43d709cb328cedaf18c446af448f705c33d553e8c2e9f7,5170ec511fb50cdf10d648416d508574d70e9781ddf156a1b2a86d2b385e94dc,100,1729,maximum_nontransitivity_information_gain,2000.0,3000.0
kata1-b6c96-s12849664-d2510774-temp-0.5,52,1824.7504100196693,1721.1429599902444,1928.3578600490941,1856.5744740796683,-31.824064059999046,2,a5803f8a5d9d87202b43d709cb328cedaf18c446af448f705c33d553e8c2e9f7,5170ec511fb50cdf10d648416d508574d70e9781ddf156a1b2a86d2b385e94dc,100,1729,maximum_nontransitivity_information_gain,2000.0,3000.0
kata1-b6c96-s12849664-d2510774-temp-0.5,54,1806.7242358767467,1705.8156932636714,1907.632778489822,1856.5744740796683,-49.85023820292167,2,a5803f8a5d9d87202b43d709cb328cedaf18c446af448f705c33d553e8c2e9f7,5170ec511fb50cdf10d648416d508574d70e9781ddf156a1b2a86d2b385e94dc,100,1729,maximum_nontransitivity_information_gain,2000.0,3000.0
kata1-b6c96-s12849664-d2510774-temp-0.5,56,1818.125022550764,1718.5956090091343,1917.6544360923938,1856.5744740796683,-38.44945152890432,2,a5803f8a5d9d87202b43d709cb328cedaf18c446af448f705c33d553e8c2e9f7,5170ec511fb50cdf10d648416d508574d70e9781ddf156a1b2a86d2b385e94dc,100,1729,maximum_nontransitivity_information_gain,2000.0,3000.0
kata1-b6c96-s12849664-d2510774-temp-0.5,58,1831.8334535559181,1733.4932005948176,1930.1737065170187,1856.5744740796683,-24.741020523750194,2,a5803f8a5d9d87202b43d709cb328cedaf18c446af448f705c33d553e8c2e9f7,5170ec511fb50cdf10d648416d508574d70e9781ddf156a1b2a86d2b385e94dc,100,1729,maximum_nontransitivity_information_gain,2000.0,3000.0
kata1-b6c96-s12849664-d2510774-temp-0.5,60,1835.257503150076,1738.4054120333126,1932.1095942668394,1856.5744740796683,-21.316970929592344,2,a5803f8a5d9d87202b43d709cb328cedaf18c446af448f705c33d553e8c2e9f7,5170ec511fb50cdf10d648416d508574d70e9781ddf156a1b2a86d2b385e94dc,100,1729,maximum_nontransitivity_information_gain,2000.0,3000.0
kata1-b6c96-s12849664-d2510774-temp-0.5,62,1838.4547766408791,1743.036735186368,1933.8728180953901,1856.5744740796683,-18.119697438789217,2,a5803f8a5d9d87202b43d709cb328cedaf18c446af448f705c33d553e8c2e9f7,5170ec511fb50cdf10d648416d508574d70e9781ddf156a1b2a86d2b385e94dc,100,1729,maximum_nontransitivity_information_gain,2000.0,3000.0
kata1-b6c96-s12849664-d2510774-temp-0.5,64,1829.060652454556,1735.4839331612388,1922.6373717478732,1856.5744740796683,-27.513821625112314,2,a5803f8a5d9d87202b43d709cb328cedaf18c446af448f705c33d553e8c2e9f7,5170ec511fb50cdf10d648416d508574d70e9781ddf156a1b2a86d2b385e94dc,100,1729,maximum_nontransitivity_information_gain,2000.0,3000.0
kata1-b6c96-s12849664-d2510774-temp-0.5,66,1832.2365713844786,1739.9503865990434,1924.5227561699137,1856.5744740796683,-24.33790269518977,2,a5803f8a5d9d87202b43d709cb328cedaf18c446af448f705c33d553e8c2e9f7,5170ec511fb50cdf10d648416d508574d70e9781ddf156a1b2a86d2b385e94dc,100,1729,maximum_nontransitivity_information_gain,2000.0,3000.0
kata1-b6c96-s12849664-d2510774-temp-0.5,68,1831.931299037063,1741.0657836087014,1922.7968144654244,1856.5744740796683,-24.643175042605435,2,a5803f8a5d9d87202b43d709cb328cedaf18c446af448f705c33d553e8c2e9f7,5170ec511fb50cdf10d648416d508574d70e9781ddf156a1b2a86d2b385e94dc,100,1729,maximum_nontransitivity_information_gain,2000.0,3000.0
kata1-b6c96-s12849664-d2510774-temp-0.5,70,1834.8311270719166,1745.1516685342788,1924.5105856095545,1856.5744740796683,-21.74334700775171,2,a5803f8a5d9d87202b43d709cb328cedaf18c446af448f705c33d553e8c2e9f7,5170ec511fb50cdf10d648416d508574d70e9781ddf156a1b2a86d2b385e94dc,100,1729,maximum_nontransitivity_information_gain,2000.0,3000.0
kata1-b6c96-s12849664-d2510774-temp-0.5,72,1834.4661354841555,1746.0813147200936,1922.8509562482175,1856.5744740796683,-22.108338595512805,2,a5803f8a5d9d87202b43d709cb328cedaf18c446af448f705c33d553e8c2e9f7,5170ec511fb50cdf10d648416d508574d70e9781ddf156a1b2a86d2b385e94dc,100,1729,maximum_nontransitivity_information_gain,2000.0,3000.0
kata1-b6c96-s12849664-d2510774-temp-0.5,74,1831.7390098610924,1744.5882280607414,1918.8897916614435,1856.5744740796683,-24.835464218575908,2,a5803f8a5d9d87202b43d709cb328cedaf18c446af448f705c33d553e8c2e9f7,5170ec511fb50cdf10d648416d508574d70e9781ddf156a1b2a86d2b385e94dc,100,1729,maximum_nontransitivity_information_gain,2000.0,3000.0
kata1-b6c96-s12849664-d2510774-temp-0.5,76,1839.3963869663187,1753.1269244593393,1925.665849473298,1856.5744740796683,-17.178087113349648,2,a5803f8a5d9d87202b43d709cb328cedaf18c446af448f705c33d553e8c2e9f7,5170ec511fb50cdf10d648416d508574d70e9781ddf156a1b2a86d2b385e94dc,100,1729,maximum_nontransitivity_information_gain,2000.0,3000.0
kata1-b6c96-s12849664-d2510774-temp-0.5,78,1841.7737328914059,1756.51699626586,1927.0304695169518,1856.5744740796683,-14.800741188262464,2,a5803f8a5d9d87202b43d709cb328cedaf18c446af448f705c33d553e8c2e9f7,5170ec511fb50cdf10d648416d508574d70e9781ddf156a1b2a86d2b385e94dc,100,1729,maximum_nontransitivity_information_gain,2000.0,3000.0
kata1-b6c96-s12849664-d2510774-temp-0.5,80,1854.442778557364,1769.8308229062952,1939.0547342084326,1856.5744740796683,-2.131695522304426,2,a5803f8a5d9d87202b43d709cb328cedaf18c446af448f705c33d553e8c2e9f7,5170ec511fb50cdf10d648416d508574d70e9781ddf156a1b2a86d2b385e94dc,100,1729,maximum_nontransitivity_information_gain,2000.0,3000.0
kata1-b6c96-s12849664-d2510774-temp-0.5,82,1856.8294544706062,1773.1566613063853,1940.502247634827,1856.5744740796683,0.254980390937817,2,a5803f8a5d9d87202b43d709cb328cedaf18c446af448f705c33d553e8c2e9f7,5170ec511fb50cdf10d648416d508574d70e9781ddf156a1b2a86d2b385e94dc,100,1729,maximum_nontransitivity_information_gain,2000.0,3000.0
kata1-b6c96-s12849664-d2510774-temp-0.5,84,1849.701679975416,1767.1971916650516,1932.2061682857804,1856.5744740796683,-6.872794104252307,2,a5803f8a5d9d87202b43d709cb328cedaf18c446af448f705c33d553e8c2e9f7,5170ec511fb50cdf10d648416d508574d70e9781ddf156a1b2a86d2b385e94dc,100,1729,maximum_nontransitivity_information_gain,2000.0,3000.0
kata1-b6c96-s12849664-d2510774-temp-0.5,86,1842.9633178702393,1761.5238050456564,1924.4028306948221,1856.5744740796683,-13.611156209429055,2,a5803f8a5d9d87202b43d709cb328cedaf18c446af448f705c33d553e8c2e9f7,5170ec511fb50cdf10d648416d508574d70e9781ddf156a1b2a86d2b385e94dc,100,1729,maximum_nontransitivity_information_gain,2000.0,3000.0
kata1-b6c96-s12849664-d2510774-temp-0.5,88,1845.0012598831456,1764.4198943385663,1925.582625427725,1856.5744740796683,-11.573214196522713,2,a5803f8a5d9d87202b43d709cb328cedaf18c446af448f705c33d553e8c2e9f7,5170ec511fb50cdf10d648416d508574d70e9781ddf156a1b2a86d2b385e94dc,100,1729,maximum_nontransitivity_information_gain,2000.0,3000.0
kata1-b6c96-s12849664-d2510774-temp-0.5,90,1835.8087823699514,1756.2846726803593,1915.3328920595434,1856.5744740796683,-20.765691709716975,2,a5803f8a5d9d87202b43d709cb328cedaf18c446af448f705c33d553e8c2e9f7,5170ec511fb50cdf10d648416d508574d70e9781ddf156a1b2a86d2b385e94dc,100,1729,maximum_nontransitivity_information_gain,2000.0,3000.0
kata1-b6c96-s12849664-d2510774-temp-0.5,92,1833.5978010251404,1754.9248748863893,1912.2707271638915,1856.5744740796683,-22.976673054527964,2,a5803f8a5d9d87202b43d709cb328cedaf18c446af448f705c33d553e8c2e9f7,5170ec511fb50cdf10d648416d508574d70e9781ddf156a1b2a86d2b385e94dc,100,1729,maximum_nontransitivity_information_gain,2000.0,3000.0
kata1-b6c96-s12849664-d2510774-temp-0.5,94,1831.4379534017273,1753.5822280954487,1909.293678708006,1856.5744740796683,-25.136520677941007,2,a5803f8a5d9d87202b43d709cb328cedaf18c446af448f705c33d553e8c2e9f7,5170ec511fb50cdf10d648416d508574d70e9781ddf156a1b2a86d2b385e94dc,100,1729,maximum_nontransitivity_information_gain,2000.0,3000.0
kata1-b6c96-s12849664-d2510774-temp-0.5,96,1837.5230436862573,1760.3348630658015,1914.7112243067131,1856.5744740796683,-19.05143039341101,2,a5803f8a5d9d87202b43d709cb328cedaf18c446af448f705c33d553e8c2e9f7,5170ec511fb50cdf10d648416d508574d70e9781ddf156a1b2a86d2b385e94dc,100,1729,maximum_nontransitivity_information_gain,2000.0,3000.0
kata1-b6c96-s12849664-d2510774-temp-0.5,98,1845.1101987619588,1768.5641056090335,1921.6562919148842,1856.5744740796683,-11.464275317709507,2,a5803f8a5d9d87202b43d709cb328cedaf18c446af448f705c33d553e8c2e9f7,5170ec511fb50cdf10d648416d508574d70e9781ddf156a1b2a86d2b385e94dc,100,1729,maximum_nontransitivity_information_gain,2000.0,3000.0
kata1-b6c96-s12849664-d2510774-temp-0.5,100,1839.4702223317638,1763.7301746616731,1915.2102700018545,1856.5744740796683,-17.104251747904527,2,a5803f8a5d9d87202b43d709cb328cedaf18c446af448f705c33d553e8c2e9f7,5170ec511fb50cdf10d648416d508574d70e9781ddf156a1b2a86d2b385e94dc,100,1729,maximum_nontransitivity_information_gain,2000.0,3000.0
kata1-b6c96-s13733120-d2631546-temp-0.3,2,2843.334262864967,404.7504286237727,5281.918097106161,1986.3808289415451,856.9534339234219,2,a5803f8a5d9d87202b43d709cb328cedaf18c446af448f705c33d553e8c2e9f7,5170ec511fb50cdf10d648416d508574d70e9781ddf156a1b2a86d2b385e94dc,100,1729,maximum_nontransitivity_information_gain,2000.0,3000.0
kata1-b6c96-s13733120-d2631546-temp-0.3,4,2416.8412222338757,1810.3802970600627,3023.3021474076886,1986.3808289415451,430.46039329233054,2,a5803f8a5d9d87202b43d709cb328cedaf18c446af448f705c33d553e8c2e9f7,5170ec511fb50cdf10d648416d508574d70e9781ddf156a1b2a86d2b385e94dc,100,1729,maximum_nontransitivity_information_gain,2000.0,3000.0
kata1-b6c96-s13733120-d2631546-temp-0.3,6,2183.46656108195,1802.7993443267205,2564.13377783718,1986.3808289415451,197.08573214040507,2,a5803f8a5d9d87202b43d709cb328cedaf18c446af448f705c33d553e8c2e9f7,5170ec511fb50cdf10d648416d508574d70e9781ddf156a1b2a86d2b385e94dc,100,1729,maximum_nontransitivity_information_gain,2000.0,3000.0
kata1-b6c96-s13733120-d2631546-temp-0.3,8,2036.5357028530636,1719.6306060022612,2353.440799703866,1986.3808289415451,50.15487391151851,2,a5803f8a5d9d87202b43d709cb328cedaf18c446af448f705c33d553e8c2e9f7,5170ec511fb50cdf10d648416d508574d70e9781ddf156a1b2a86d2b385e94dc,100,1729,maximum_nontransitivity_information_gain,2000.0,3000.0
kata1-b6c96-s13733120-d2631546-temp-0.3,10,2027.698520812506,1760.4970558930452,2294.899985731967,1986.3808289415451,41.31769187096097,2,a5803f8a5d9d87202b43d709cb328cedaf18c446af448f705c33d553e8c2e9f7,5170ec511fb50cdf10d648416d508574d70e9781ddf156a1b2a86d2b385e94dc,100,1729,maximum_nontransitivity_information_gain,2000.0,3000.0
kata1-b6c96-s13733120-d2631546-temp-0.3,12,2103.330133976841,1870.7482327636465,2335.912035190035,1986.3808289415451,116.94930503529577,2,a5803f8a5d9d87202b43d709cb328cedaf18c446af448f705c33d553e8c2e9f7,5170ec511fb50cdf10d648416d508574d70e9781ddf156a1b2a86d2b385e94dc,100,1729,maximum_nontransitivity_information_gain,2000.0,3000.0
kata1-b6c96-s13733120-d2631546-temp-0.3,14,2038.666636943757,1826.8008586577873,2250.532415229727,1986.3808289415451,52.28580800221198,2,a5803f8a5d9d87202b43d709cb328cedaf18c446af448f705c33d553e8c2e9f7,5170ec511fb50cdf10d648416d508574d70e9781ddf156a1b2a86d2b385e94dc,100,1729,maximum_nontransitivity_information_gain,2000.0,3000.0
kata1-b6c96-s13733120-d2631546-temp-0.3,16,2045.5506253075132,1851.1728319821086,2239.928418632918,1986.3808289415451,59.16979636596807,2,a5803f8a5d9d87202b43d709cb328cedaf18c446af448f705c33d553e8c2e9f7,5170ec511fb50cdf10d648416d508574d70e9781ddf156a1b2a86d2b385e94dc,100,1729,maximum_nontransitivity_information_gain,2000.0,3000.0
kata1-b6c96-s13733120-d2631546-temp-0.3,18,2050.5621737839424,1869.8431792302888,2231.281168337596,1986.3808289415451,64.18134484239727,2,a5803f8a5d9d87202b43d709cb328cedaf18c446af448f705c33d553e8c2e9f7,5170ec511fb50cdf10d648416d508574d70e9781ddf156a1b2a86d2b385e94dc,100,1729,maximum_nontransitivity_information_gain,2000.0,3000.0
kata1-b6c96-s13733120-d2631546-temp-0.3,20,2011.5648017979706,1839.2332662456256,2183.8963373503157,1986.3808289415451,25.1839728564255,2,a5803f8a5d9d87202b43d709cb328cedaf18c446af448f705c33d553e8c2e9f7,5170ec511fb50cdf10d648416d508574d70e9781ddf156a1b2a86d2b385e94dc,100,1729,maximum_nontransitivity_information_gain,2000.0,3000.0
kata1-b6c96-s13733120-d2631546-temp-0.3,22,2008.4630885530141,1845.4393575791732,2171.486819526855,1986.3808289415451,22.082259611469,2,a5803f8a5d9d87202b43d709cb328cedaf18c446af448f705c33d553e8c2e9f7,5170ec511fb50cdf10d648416d508574d70e9781ddf156a1b2a86d2b385e94dc,100,1729,maximum_nontransitivity_information_gain,2000.0,3000.0
kata1-b6c96-s13733120-d2631546-temp-0.3,24,2008.2817168232884,1853.3671836194821,2163.1962500270947,1986.3808289415451,21.9008878817433,2,a5803f8a5d9d87202b43d709cb328cedaf18c446af448f705c33d553e8c2e9f7,5170ec511fb50cdf10d648416d508574d70e9781ddf156a1b2a86d2b385e94dc,100,1729,maximum_nontransitivity_information_gain,2000.0,3000.0
kata1-b6c96-s13733120-d2631546-temp-0.3,26,2037.674263937969,1890.7995213188588,2184.5490065570793,1986.3808289415451,51.29343499642391,2,a5803f8a5d9d87202b43d709cb328cedaf18c446af448f705c33d553e8c2e9f7,5170ec511fb50cdf10d648416d508574d70e9781ddf156a1b2a86d2b385e94dc,100,1729,maximum_nontransitivity_information_gain,2000.0,3000.0
kata1-b6c96-s13733120-d2631546-temp-0.3,28,2035.142765185386,1894.1396714474608,2176.145858923311,1986.3808289415451,48.761936243840864,2,a5803f8a5d9d87202b43d709cb328cedaf18c446af448f705c33d553e8c2e9f7,5170ec511fb50cdf10d648416d508574d70e9781ddf156a1b2a86d2b385e94dc,100,1729,maximum_nontransitivity_information_gain,2000.0,3000.0
kata1-b6c96-s13733120-d2631546-temp-0.3,30,2033.0133002566652,1897.2105143806186,2168.816086132712,1986.3808289415451,46.63247131512003,2,a5803f8a5d9d87202b43d709cb328cedaf18c446af448f705c33d553e8c2e9f7,5170ec511fb50cdf10d648416d508574d70e9781ddf156a1b2a86d2b385e94dc,100,1729,maximum_nontransitivity_information_gain,2000.0,3000.0
kata1-b6c96-s13733120-d2631546-temp-0.3,32,2031.162521794127,1900.0069190786337,2162.3181245096202,1986.3808289415451,44.781692852581955,2,a5803f8a5d9d87202b43d709cb328cedaf18c446af448f705c33d553e8c2e9f7,5170ec511fb50cdf10d648416d508574d70e9781ddf156a1b2a86d2b385e94dc,100,1729,maximum_nontransitivity_information_gain,2000.0,3000.0
kata1-b6c96-s13733120-d2631546-temp-0.3,34,2029.5534674949138,1902.5803790880686,2156.526555901759,1986.3808289415451,43.17263855336864,2,a5803f8a5d9d87202b43d709cb328cedaf18c446af448f705c33d553e8c2e9f7,5170ec511fb50cdf10d648416d508574d70e9781ddf156a1b2a86d2b385e94dc,100,1729,maximum_nontransitivity_information_gain,2000.0,3000.0
kata1-b6c96-s13733120-d2631546-temp-0.3,36,2048.4965432270355,1925.3365239210955,2171.6565625329754,1986.3808289415451,62.11571428549041,2,a5803f8a5d9d87202b43d709cb328cedaf18c446af448f705c33d553e8c2e9f7,5170ec511fb50cdf10d648416d508574d70e9781ddf156a1b2a86d2b385e94dc,100,1729,maximum_nontransitivity_information_gain,2000.0,3000.0
kata1-b6c96-s13733120-d2631546-temp-0.3,38,2050.4650757813015,1930.7723341870728,2170.15781737553,1986.3808289415451,64.08424683975636,2,a5803f8a5d9d87202b43d709cb328cedaf18c446af448f705c33d553e8c2e9f7,5170ec511fb50cdf10d648416d508574d70e9781ddf156a1b2a86d2b385e94dc,100,1729,maximum_nontransitivity_information_gain,2000.0,3000.0
kata1-b6c96-s13733120-d2631546-temp-0.3,40,2052.2358093486264,1935.7176050127994,2168.7540136844536,1986.3808289415451,65.85498040708126,2,a5803f8a5d9d87202b43d709cb328cedaf18c446af448f705c33d553e8c2e9f7,5170ec511fb50cdf10d648416d508574d70e9781ddf156a1b2a86d2b385e94dc,100,1729,maximum_nontransitivity_information_gain,2000.0,3000.0
kata1-b6c96-s13733120-d2631546-temp-0.3,42,2035.4062098033917,1921.753654584216,2149.058765022567,1986.3808289415451,49.02538086184654,2,a5803f8a5d9d87202b43d709cb328cedaf18c446af448f705c33d553e8c2e9f7,5170ec511fb50cdf10d648416d508574d70e9781ddf156a1b2a86d2b385e94dc,100,1729,maximum_nontransitivity_information_gain,2000.0,3000.0
kata1-b6c96-s13733120-d2631546-temp-0.3,44,2016.4590077776018,1905.2184292460074,2127.699586309196,1986.3808289415451,30.078178836056622,2,a5803f8a5d9d87202b43d709cb328cedaf18c446af448f705c33d553e8c2e9f7,5170ec511fb50cdf10d648416d508574d70e9781ddf156a1b2a86d2b385e94dc,100,1729,maximum_nontransitivity_information_gain,2000.0,3000.0
kata1-b6c96-s13733120-d2631546-temp-0.3,46,2031.606014295241,1923.105493106087,2140.106535484395,1986.3808289415451,45.225185353695906,2,a5803f8a5d9d87202b43d709cb328cedaf18c446af448f705c33d553e8c2e9f7,5170ec511fb50cdf10d648416d508574d70e9781ddf156a1b2a86d2b385e94dc,100,1729,maximum_nontransitivity_information_gain,2000.0,3000.0
kata1-b6c96-s13733120-d2631546-temp-0.3,48,2030.4906205344635,1924.3193240285807,2136.6619170403465,1986.3808289415451,44.10979159291833,2,a5803f8a5d9d87202b43d709cb328cedaf18c446af448f705c33d553e8c2e9f7,5170ec511fb50cdf10d648416d508574d70e9781ddf156a1b2a86d2b385e94dc,100,1729,maximum_nontransitivity_information_gain,2000.0,3000.0
kata1-b6c96-s13733120-d2631546-temp-0.3,50,2029.4929955364496,1925.4949703020773,2133.491020770822,1986.3808289415451,43.112166594904465,2,a5803f8a5d9d87202b43d709cb328cedaf18c446af448f705c33d553e8c2e9f7,5170ec511fb50cdf10d648416d508574d70e9781ddf156a1b2a86d2b385e94dc,100,1729,maximum_nontransitivity_information_gain,2000.0,3000.0
kata1-b6c96-s13733120-d2631546-temp-0.3,52,2027.5449251753614,1925.562548319754,2129.527302030969,1986.3808289415451,41.16409623381628,2,a5803f8a5d9d87202b43d709cb328cedaf18c446af448f705c33d553e8c2e9f7,5170ec511fb50cdf10d648416d508574d70e9781ddf156a1b2a86d2b385e94dc,100,1729,maximum_nontransitivity_information_gain,2000.0,3000.0
kata1-b6c96-s13733120-d2631546-temp-0.3,54,2026.7442712790648,1926.6763407166964,2126.8122018414333,1986.3808289415451,40.3634423375197,2,a5803f8a5d9d87202b43d709cb328cedaf18c446af448f705c33d553e8c2e9f7,5170ec511fb50cdf10d648416d508574d70e9781ddf156a1b2a86d2b385e94dc,100,1729,maximum_nontransitivity_information_gain,2000.0,3000.0
kata1-b6c96-s13733120-d2631546-temp-0.3,56,2038.5781848882664,1940.311739627563,2136.84463014897,1986.3808289415451,52.197355946721245,2,a5803f8a5d9d87202b43d709cb328cedaf18c446af448f705c33d553e8c2e9f7,5170ec511fb50cdf10d648416d508574d70e9781ddf156a1b2a86d2b385e94dc,100,1729,maximum_nontransitivity_information_gain,2000.0,3000.0
kata1-b6c96-s13733120-d2631546-temp-0.3,58,2040.215593240328,1943.643795416981,2136.787391063675,1986.3808289415451,53.83476429878283,2,a5803f8a5d9d87202b43d709cb328cedaf18c446af448f705c33d553e8c2e9f7,5170ec511fb50cdf10d648416d508574d70e9781ddf156a1b2a86d2b385e94dc,100,1729,maximum_nontransitivity_information_gain,2000.0,3000.0
kata1-b6c96-s13733120-d2631546-temp-0.3,60,2041.7363427631271,1946.76713624876,2136.7055492774944,1986.3808289415451,55.35551382158201,2,a5803f8a5d9d87202b43d709cb328cedaf18c446af448f705c33d553e8c2e9f7,5170ec511fb50cdf10d648416d508574d70e9781ddf156a1b2a86d2b385e94dc,100,1729,maximum_nontransitivity_information_gain,2000.0,3000.0
kata1-b6c96-s13733120-d2631546-temp-0.3,62,2055.302031185313,1961.777913484653,2148.826148885973,1986.3808289415451,68.92120224376777,2,a5803f8a5d9d87202b43d709cb328cedaf18c446af448f705c33d553e8c2e9f7,5170ec511fb50cdf10d648416d508574d70e9781ddf156a1b2a86d2b385e94dc,100,1729,maximum_nontransitivity_information_gain,2000.0,3000.0
kata1-b6c96-s13733120-d2631546-temp-0.3,64,2057.055721600377,1964.9632094250578,2149.1482337756966,1986.3808289415451,70.67489265883205,2,a5803f8a5d9d87202b43d709cb328cedaf18c446af448f705c33d553e8c2e9f7,5170ec511fb50cdf10d648416d508574d70e9781ddf156a1b2a86d2b385e94dc,100,1729,maximum_nontransitivity_information_gain,2000.0,3000.0
kata1-b6c96-s13733120-d2631546-temp-0.3,66,2058.7146334963736,1967.983197761808,2149.4460692309394,1986.3808289415451,72.33380455482848,2,a5803f8a5d9d87202b43d709cb328cedaf18c446af448f705c33d553e8c2e9f7,5170ec511fb50cdf10d648416d508574d70e9781ddf156a1b2a86d2b385e94dc,100,1729,maximum_nontransitivity_information_gain,2000.0,3000.0
kata1-b6c96-s13733120-d2631546-temp-0.3,68,2059.445959814755,1970.0306838599133,2148.861235769597,1986.3808289415451,73.06513087320991,2,a5803f8a5d9d87202b43d709cb328cedaf18c446af448f705c33d553e8c2e9f7,5170ec511fb50cdf10d648416d508574d70e9781ddf156a1b2a86d2b385e94dc,100,1729,maximum_nontransitivity_information_gain,2000.0,3000.0
kata1-b6c96-s13733120-d2631546-temp-0.3,70,2060.9313724521917,1972.7536102260474,2149.109134678336,1986.3808289415451,74.55054351064655,2,a5803f8a5d9d87202b43d709cb328cedaf18c446af448f705c33d553e8c2e9f7,5170ec511fb50cdf10d648416d508574d70e9781ddf156a1b2a86d2b385e94dc,100,1729,maximum_nontransitivity_information_gain,2000.0,3000.0
kata1-b6c96-s13733120-d2631546-temp-0.3,72,2051.1749941647395,1964.2421640920475,2138.1078242374315,1986.3808289415451,64.79416522319434,2,a5803f8a5d9d87202b43d709cb328cedaf18c446af448f705c33d553e8c2e9f7,5170ec511fb50cdf10d648416d508574d70e9781ddf156a1b2a86d2b385e94dc,100,1729,maximum_nontransitivity_information_gain,2000.0,3000.0
kata1-b6c96-s13733120-d2631546-temp-0.3,74,2052.061785593556,1966.2706508216227,2137.85292036549,1986.3808289415451,65.68095665201099,2,a5803f8a5d9d87202b43d709cb328cedaf18c446af448f705c33d553e8c2e9f7,5170ec511fb50cdf10d648416d508574d70e9781ddf156a1b2a86d2b385e94dc,100,1729,maximum_nontransitivity_information_gain,2000.0,3000.0
kata1-b6c96-s13733120-d2631546-temp-0.3,76,2052.9190774086733,1968.2192068074264,2137.61894800992,1986.3808289415451,66.53824846712814,2,a5803f8a5d9d87202b43d709cb328cedaf18c446af448f705c33d553e8c2e9f7,5170ec511fb50cdf10d648416d508574d70e9781ddf156a1b2a86d2b385e94dc,100,1729,maximum_nontransitivity_information_gain,2000.0,3000.0
kata1-b6c96-s13733120-d2631546-temp-0.3,78,2044.8318714185086,1961.1533946577783,2128.510348179239,1986.3808289415451,58.451042476963494,2,a5803f8a5d9d87202b43d709cb328cedaf18c446af448f705c33d553e8c2e9f7,5170ec511fb50cdf10d648416d508574d70e9781ddf156a1b2a86d2b385e94dc,100,1729,maximum_nontransitivity_information_gain,2000.0,3000.0
kata1-b6c96-s13733120-d2631546-temp-0.3,80,2043.8550477599442,1961.1768550530342,2126.5332404668543,1986.3808289415451,57.474218818399095,2,a5803f8a5d9d87202b43d709cb328cedaf18c446af448f705c33d553e8c2e9f7,5170ec511fb50cdf10d648416d508574d70e9781ddf156a1b2a86d2b385e94dc,100,1729,maximum_nontransitivity_information_gain,2000.0,3000.0
kata1-b6c96-s13733120-d2631546-temp-0.3,82,2042.9074911215168,1961.1906139355265,2124.624368307507,1986.3808289415451,56.52666217997171,2,a5803f8a5d9d87202b43d709cb328cedaf18c446af448f705c33d553e8c2e9f7,5170ec511fb50cdf10d648416d508574d70e9781ddf156a1b2a86d2b385e94dc,100,1729,maximum_nontransitivity_information_gain,2000.0,3000.0
kata1-b6c96-s13733120-d2631546-temp-0.3,84,2042.029250449713,1961.2355283699567,2122.822972529469,1986.3808289415451,55.64842150816776,2,a5803f8a5d9d87202b43d709cb328cedaf18c446af448f705c33d553e8c2e9f7,5170ec511fb50cdf10d648416d508574d70e9781ddf156a1b2a86d2b385e94dc,100,1729,maximum_nontransitivity_information_gain,2000.0,3000.0
kata1-b6c96-s13733120-d2631546-temp-0.3,86,2036.8770761217304,1956.952980725038,2116.801171518423,1986.3808289415451,50.496247180185264,2,a5803f8a5d9d87202b43d709cb328cedaf18c446af448f705c33d553e8c2e9f7,5170ec511fb50cdf10d648416d508574d70e9781ddf156a1b2a86d2b385e94dc,100,1729,maximum_nontransitivity_information_gain,2000.0,3000.0
kata1-b6c96-s13733120-d2631546-temp-0.3,88,2044.025731844448,1964.9748151325907,2123.0766485563054,1986.3808289415451,57.64490290290291,2,a5803f8a5d9d87202b43d709cb328cedaf18c446af448f705c33d553e8c2e9f7,5170ec511fb50cdf10d648416d508574d70e9781ddf156a1b2a86d2b385e94dc,100,1729,maximum_nontransitivity_information_gain,2000.0,3000.0
kata1-b6c96-s13733120-d2631546-temp-0.3,90,2036.6878549439703,1958.437587260864,2114.9381226270766,1986.3808289415451,50.30702600242512,2,a5803f8a5d9d87202b43d709cb328cedaf18c446af448f705c33d553e8c2e9f7,5170ec511fb50cdf10d648416d508574d70e9781ddf156a1b2a86d2b385e94dc,100,1729,maximum_nontransitivity_information_gain,2000.0,3000.0
kata1-b6c96-s13733120-d2631546-temp-0.3,92,2044.0646508131747,1966.6353267036786,2121.493974922671,1986.3808289415451,57.68382187162956,2,a5803f8a5d9d87202b43d709cb328cedaf18c446af448f705c33d553e8c2e9f7,5170ec511fb50cdf10d648416d508574d70e9781ddf156a1b2a86d2b385e94dc,100,1729,maximum_nontransitivity_information_gain,2000.0,3000.0
kata1-b6c96-s13733120-d2631546-temp-0.3,94,2044.935701096619,1968.277806693,2121.593595500238,1986.3808289415451,58.55487215507378,2,a5803f8a5d9d87202b43d709cb328cedaf18c446af448f705c33d553e8c2e9f7,5170ec511fb50cdf10d648416d508574d70e9781ddf156a1b2a86d2b385e94dc,100,1729,maximum_nontransitivity_information_gain,2000.0,3000.0
kata1-b6c96-s13733120-d2631546-temp-0.3,96,2038.0648900520737,1962.127783624618,2114.001996479529,1986.3808289415451,51.684061110528546,2,a5803f8a5d9d87202b43d709cb328cedaf18c446af448f705c33d553e8c2e9f7,5170ec511fb50cdf10d648416d508574d70e9781ddf156a1b2a86d2b385e94dc,100,1729,maximum_nontransitivity_information_gain,2000.0,3000.0
kata1-b6c96-s13733120-d2631546-temp-0.3,98,2040.6392426567807,1965.4267537357427,2115.8517315778186,1986.3808289415451,54.25841371523552,2,a5803f8a5d9d87202b43d709cb328cedaf18c446af448f705c33d553e8c2e9f7,5170ec511fb50cdf10d648416d508574d70e9781ddf156a1b2a86d2b385e94dc,100,1729,maximum_nontransitivity_information_gain,2000.0,3000.0
kata1-b6c96-s13733120-d2631546-temp-0.3,100,2039.953787847313,1965.4378074862514,2114.4697682083747,1986.3808289415451,53.57295890576779,2,a5803f8a5d9d87202b43d709cb328cedaf18c446af448f705c33d553e8c2e9f7,5170ec511fb50cdf10d648416d508574d70e9781ddf156a1b2a86d2b385e94dc,100,1729,maximum_nontransitivity_information_gain,2000.0,3000.0
kata1-b6c96-s14649344-d2727367,2,2202.3337029825266,1647.269480173264,2757.397925791789,2110.739855958135,91.59384702439138,2,a5803f8a5d9d87202b43d709cb328cedaf18c446af448f705c33d553e8c2e9f7,5170ec511fb50cdf10d648416d508574d70e9781ddf156a1b2a86d2b385e94dc,100,1729,maximum_nontransitivity_information_gain,2000.0,3000.0
kata1-b6c96-s14649344-d2727367,4,2086.1160830670497,1735.5814497855815,2436.650716348518,2110.739855958135,-24.623772891085537,2,a5803f8a5d9d87202b43d709cb328cedaf18c446af448f705c33d553e8c2e9f7,5170ec511fb50cdf10d648416d508574d70e9781ddf156a1b2a86d2b385e94dc,100,1729,maximum_nontransitivity_information_gain,2000.0,3000.0
kata1-b6c96-s14649344-d2727367,6,2085.1941013565715,1800.626251409713,2369.76195130343,2110.739855958135,-25.545754601563658,2,a5803f8a5d9d87202b43d709cb328cedaf18c446af448f705c33d553e8c2e9f7,5170ec511fb50cdf10d648416d508574d70e9781ddf156a1b2a86d2b385e94dc,100,1729,maximum_nontransitivity_information_gain,2000.0,3000.0
kata1-b6c96-s14649344-d2727367,8,2084.7371630194584,1838.8001328792998,2330.674193159617,2110.739855958135,-26.002692938676773,2,a5803f8a5d9d87202b43d709cb328cedaf18c446af448f705c33d553e8c2e9f7,5170ec511fb50cdf10d648416d508574d70e9781ddf156a1b2a86d2b385e94dc,100,1729,maximum_nontransitivity_information_gain,2000.0,3000.0
kata1-b6c96-s14649344-d2727367,10,2156.7730670830197,1932.687532352769,2380.8586018132705,2110.739855958135,46.033211124884474,2,a5803f8a5d9d87202b43d709cb328cedaf18c446af448f705c33d553e8c2e9f7,5170ec511fb50cdf10d648416d508574d70e9781ddf156a1b2a86d2b385e94dc,100,1729,maximum_nontransitivity_information_gain,2000.0,3000.0
kata1-b6c96-s14649344-d2727367,12,2097.1009331999126,1895.8444328587132,2298.3574335411117,2110.739855958135,-13.638922758222634,2,a5803f8a5d9d87202b43d709cb328cedaf18c446af448f705c33d553e8c2e9f7,5170ec511fb50cdf10d648416d508574d70e9781ddf156a1b2a86d2b385e94dc,100,1729,maximum_nontransitivity_information_gain,2000.0,3000.0
kata1-b6c96-s14649344-d2727367,14,2054.7470728155545,1866.1721791622053,2243.3219664689036,2110.739855958135,-55.99278314258072,2,a5803f8a5d9d87202b43d709cb328cedaf18c446af448f705c33d553e8c2e9f7,5170ec511fb50cdf10d648416d508574d70e9781ddf156a1b2a86d2b385e94dc,100,1729,maximum_nontransitivity_information_gain,2000.0,3000.0
kata1-b6c96-s14649344-d2727367,16,2049.1060267571916,1872.4775656034935,2225.7344879108896,2110.739855958135,-61.63382920094364,2,a5803f8a5d9d87202b43d709cb328cedaf18c446af448f705c33d553e8c2e9f7,5170ec511fb50cdf10d648416d508574d70e9781ddf156a1b2a86d2b385e94dc,100,1729,maximum_nontransitivity_information_gain,2000.0,3000.0
kata1-b6c96-s14649344-d2727367,18,2085.1256982615255,1919.461798698124,2250.7895978249267,2110.739855958135,-25.61415769660971,2,a5803f8a5d9d87202b43d709cb328cedaf18c446af448f705c33d553e8c2e9f7,5170ec511fb50cdf10d648416d508574d70e9781ddf156a1b2a86d2b385e94dc,100,1729,maximum_nontransitivity_information_gain,2000.0,3000.0
kata1-b6c96-s14649344-d2727367,20,2056.4492394389586,1898.2187910853347,2214.679687792582,2110.739855958135,-54.29061651917664,2,a5803f8a5d9d87202b43d709cb328cedaf18c446af448f705c33d553e8c2e9f7,5170ec511fb50cdf10d648416d508574d70e9781ddf156a1b2a86d2b385e94dc,100,1729,maximum_nontransitivity_information_gain,2000.0,3000.0
kata1-b6c96-s14649344-d2727367,22,2058.9461493528293,1908.2151082755463,2209.677190430112,2110.739855958135,-51.79370660530594,2,a5803f8a5d9d87202b43d709cb328cedaf18c446af448f705c33d553e8c2e9f7,5170ec511fb50cdf10d648416d508574d70e9781ddf156a1b2a86d2b385e94dc,100,1729,maximum_nontransitivity_information_gain,2000.0,3000.0
kata1-b6c96-s14649344-d2727367,24,2083.058022164817,1938.8632797990613,2227.2527645305727,2110.739855958135,-27.68183379331822,2,a5803f8a5d9d87202b43d709cb328cedaf18c446af448f705c33d553e8c2e9f7,5170ec511fb50cdf10d648416d508574d70e9781ddf156a1b2a86d2b385e94dc,100,1729,maximum_nontransitivity_information_gain,2000.0,3000.0
kata1-b6c96-s14649344-d2727367,26,2055.191720081741,1916.2343126432925,2194.1491275201897,2110.739855958135,-55.5481358763941,2,a5803f8a5d9d87202b43d709cb328cedaf18c446af448f705c33d553e8c2e9f7,5170ec511fb50cdf10d648416d508574d70e9781ddf156a1b2a86d2b385e94dc,100,1729,maximum_nontransitivity_information_gain,2000.0,3000.0
kata1-b6c96-s14649344-d2727367,28,2050.081978964424,1915.9005697181856,2184.263388210662,2110.739855958135,-60.6578769937114,2,a5803f8a5d9d87202b43d709cb328cedaf18c446af448f705c33d553e8c2e9f7,5170ec511fb50cdf10d648416d508574d70e9781ddf156a1b2a86d2b385e94dc,100,1729,maximum_nontransitivity_information_gain,2000.0,3000.0
kata1-b6c96-s14649344-d2727367,30,2069.8154586374303,1940.2311877829147,2199.399729491946,2110.739855958135,-40.924397320704884,2,a5803f8a5d9d87202b43d709cb328cedaf18c446af448f705c33d553e8c2e9f7,5170ec511fb50cdf10d648416d508574d70e9781ddf156a1b2a86d2b385e94dc,100,1729,maximum_nontransitivity_information_gain,2000.0,3000.0
kata1-b6c96-s14649344-d2727367,32,2064.276022803554,1938.579433570446,2189.972612036662,2110.739855958135,-46.46383315458115,2,a5803f8a5d9d87202b43d709cb328cedaf18c446af448f705c33d553e8c2e9f7,5170ec511fb50cdf10d648416d508574d70e9781ddf156a1b2a86d2b385e94dc,100,1729,maximum_nontransitivity_information_gain,2000.0,3000.0
kata1-b6c96-s14649344-d2727367,34,2082.5056774309655,1960.2714656110998,2204.7398892508313,2110.739855958135,-28.23417852716966,2,a5803f8a5d9d87202b43d709cb328cedaf18c446af448f705c33d553e8c2e9f7,5170ec511fb50cdf10d648416d508574d70e9781ddf156a1b2a86d2b385e94dc,100,1729,maximum_nontransitivity_information_gain,2000.0,3000.0
kata1-b6c96-s14649344-d2727367,36,2087.01913965654,1967.9922844882913,2206.045994824789,2110.739855958135,-23.720716301595075,2,a5803f8a5d9d87202b43d709cb328cedaf18c446af448f705c33d553e8c2e9f7,5170ec511fb50cdf10d648416d508574d70e9781ddf156a1b2a86d2b385e94dc,100,1729,maximum_nontransitivity_information_gain,2000.0,3000.0
kata1-b6c96-s14649344-d2727367,38,2110.3146199590965,1993.8310036982054,2226.7982362199873,2110.739855958135,-0.4252359990387049,2,a5803f8a5d9d87202b43d709cb328cedaf18c446af448f705c33d553e8c2e9f7,5170ec511fb50cdf10d648416d508574d70e9781ddf156a1b2a86d2b385e94dc,100,1729,maximum_nontransitivity_information_gain,2000.0,3000.0
kata1-b6c96-s14649344-d2727367,40,2112.9998000689493,1999.3399013149808,2226.659698822918,2110.739855958135,2.2599441108141036,2,a5803f8a5d9d87202b43d709cb328cedaf18c446af448f705c33d553e8c2e9f7,5170ec511fb50cdf10d648416d508574d70e9781ddf156a1b2a86d2b385e94dc,100,1729,maximum_nontransitivity_information_gain,2000.0,3000.0
kata1-b6c96-s14649344-d2727367,42,2115.358647940916,2004.3212969150716,2226.39599896676,2110.739855958135,4.618791982780749,2,a5803f8a5d9d87202b43d709cb328cedaf18c446af448f705c33d553e8c2e9f7,5170ec511fb50cdf10d648416d508574d70e9781ddf156a1b2a86d2b385e94dc,100,1729,maximum_nontransitivity_information_gain,2000.0,3000.0
kata1-b6c96-s14649344-d2727367,44,2117.561539730379,2008.9742246086694,2226.148854852089,2110.739855958135,6.821683772243887,2,a5803f8a5d9d87202b43d709cb328cedaf18c446af448f705c33d553e8c2e9f7,5170ec511fb50cdf10d648416d508574d70e9781ddf156a1b2a86d2b385e94dc,100,1729,maximum_nontransitivity_information_gain,2000.0,3000.0
kata1-b6c96-s14649344-d2727367,46,2103.5793079878686,1997.5286040578767,2209.6300119178604,2110.739855958135,-7.160547970266634,2,a5803f8a5d9d87202b43d709cb328cedaf18c446af448f705c33d553e8c2e9f7,5170ec511fb50cdf10d648416d508574d70e9781ddf156a1b2a86d2b385e94dc,100,1729,maximum_nontransitivity_information_gain,2000.0,3000.0
kata1-b6c96-s14649344-d2727367,48,2087.484310336027,1983.7029760152957,2191.2656446567585,2110.739855958135,-23.255545622108002,2,a5803f8a5d9d87202b43d709cb328cedaf18c446af448f705c33d553e8c2e9f7,5170ec511fb50cdf10d648416d508574d70e9781ddf156a1b2a86d2b385e94dc,100,1729,maximum_nontransitivity_information_gain,2000.0,3000.0
kata1-b6c96-s14649344-d2727367,50,2083.3460981394874,1981.4768714839606,2185.215324795014,2110.739855958135,-27.393757818647828,2,a5803f8a5d9d87202b43d709cb328cedaf18c446af448f705c33d553e8c2e9f7,5170ec511fb50cdf10d648416d508574d70e9781ddf156a1b2a86d2b385e94dc,100,1729,maximum_nontransitivity_information_gain,2000.0,3000.0
kata1-b6c96-s14649344-d2727367,52,2093.536935052053,1993.407947723864,2193.665922380242,2110.739855958135,-17.202920906082,2,a5803f8a5d9d87202b43d709cb328cedaf18c446af448f705c33d553e8c2e9f7,5170ec511fb50cdf10d648416d508574d70e9781ddf156a1b2a86d2b385e94dc,100,1729,maximum_nontransitivity_information_gain,2000.0,3000.0
kata1-b6c96-s14649344-d2727367,54,2106.741593427501,2008.2721000440968,2205.2110868109053,2110.739855958135,-3.9982625306342925,2,a5803f8a5d9d87202b43d709cb328cedaf18c446af448f705c33d553e8c2e9f7,5170ec511fb50cdf10d648416d508574d70e9781ddf156a1b2a86d2b385e94dc,100,1729,maximum_nontransitivity_information_gain,2000.0,3000.0
kata1-b6c96-s14649344-d2727367,56,2108.763924745259,2011.960905347624,2205.5669441428936,2110.739855958135,-1.9759312128762758,2,a5803f8a5d9d87202b43d709cb328cedaf18c446af448f705c33d553e8c2e9f7,5170ec511fb50cdf10d648416d508574d70e9781ddf156a1b2a86d2b385e94dc,100,1729,maximum_nontransitivity_information_gain,2000.0,3000.0
kata1-b6c96-s14649344-d2727367,58,2123.2723254641764,2027.8044289862055,2218.7402219421474,2110.739855958135,12.532469506041252,2,a5803f8a5d9d87202b43d709cb328cedaf18c446af448f705c33d553e8c2e9f7,5170ec511fb50cdf10d648416d508574d70e9781ddf156a1b2a86d2b385e94dc,100,1729,maximum_nontransitivity_information_gain,2000.0,3000.0
kata1-b6c96-s14649344-d2727367,60,2112.348188282033,2018.6239662114162,2206.0724103526495,2110.739855958135,1.6083323238976845,2,a5803f8a5d9d87202b43d709cb328cedaf18c446af448f705c33d553e8c2e9f7,5170ec511fb50cdf10d648416d508574d70e9781ddf156a1b2a86d2b385e94dc,100,1729,maximum_nontransitivity_information_gain,2000.0,3000.0
kata1-b6c96-s14649344-d2727367,62,2111.372818713668,2019.1329384580627,2203.6126989692734,2110.739855958135,0.6329627555328443,2,a5803f8a5d9d87202b43d709cb328cedaf18c446af448f705c33d553e8c2e9f7,5170ec511fb50cdf10d648416d508574d70e9781ddf156a1b2a86d2b385e94dc,100,1729,maximum_nontransitivity_information_gain,2000.0,3000.0
kata1-b6c96-s14649344-d2727367,64,2112.9583634509786,2022.0690583393773,2203.8476685625797,2110.739855958135,2.2185074928434005,2,a5803f8a5d9d87202b43d709cb328cedaf18c446af448f705c33d553e8c2e9f7,5170ec511fb50cdf10d648416d508574d70e9781ddf156a1b2a86d2b385e94dc,100,1729,maximum_nontransitivity_information_gain,2000.0,3000.0
kata1-b6c96-s14649344-d2727367,66,2098.6704422623616,2009.1722173546405,2188.1686671700827,2110.739855958135,-12.069413695773619,2,a5803f8a5d9d87202b43d709cb328cedaf18c446af448f705c33d553e8c2e9f7,5170ec511fb50cdf10d648416d508574d70e9781ddf156a1b2a86d2b385e94dc,100,1729,maximum_nontransitivity_information_gain,2000.0,3000.0
kata1-b6c96-s14649344-d2727367,68,2106.1390514907794,2017.7322405542704,2194.5458624272883,2110.739855958135,-4.600804467355829,2,a5803f8a5d9d87202b43d709cb328cedaf18c446af448f705c33d553e8c2e9f7,5170ec511fb50cdf10d648416d508574d70e9781ddf156a1b2a86d2b385e94dc,100,1729,maximum_nontransitivity_information_gain,2000.0,3000.0
kata1-b6c96-s14649344-d2727367,70,2095.012301242249,2007.9195080951993,2182.105094389299,2110.739855958135,-15.727554715886072,2,a5803f8a5d9d87202b43d709cb328cedaf18c446af448f705c33d553e8c2e9f7,5170ec511fb50cdf10d648416d508574d70e9781ddf156a1b2a86d2b385e94dc,100,1729,maximum_nontransitivity_information_gain,2000.0,3000.0
kata1-b6c96-s14649344-d2727367,72,2102.83330758949,2016.7801074035322,2188.8865077754476,2110.739855958135,-7.906548368645417,2,a5803f8a5d9d87202b43d709cb328cedaf18c446af448f705c33d553e8c2e9f7,5170ec511fb50cdf10d648416d508574d70e9781ddf156a1b2a86d2b385e94dc,100,1729,maximum_nontransitivity_information_gain,2000.0,3000.0
kata1-b6c96-s14649344-d2727367,74,2104.46805372537,2019.4885299026284,2189.447577548111,2110.739855958135,-6.271802232765367,2,a5803f8a5d9d87202b43d709cb328cedaf18c446af448f705c33d553e8c2e9f7,5170ec511fb50cdf10d648416d508574d70e9781ddf156a1b2a86d2b385e94dc,100,1729,maximum_nontransitivity_information_gain,2000.0,3000.0
kata1-b6c96-s14649344-d2727367,76,2099.088067450954,2015.225591890199,2182.950543011709,2110.739855958135,-11.651788507181209,2,a5803f8a5d9d87202b43d709cb328cedaf18c446af448f705c33d553e8c2e9f7,5170ec511fb50cdf10d648416d508574d70e9781ddf156a1b2a86d2b385e94dc,100,1729,maximum_nontransitivity_information_gain,2000.0,3000.0
kata1-b6c96-s14649344-d2727367,78,2096.076158773875,2013.1705226176953,2178.9817949300545,2110.739855958135,-14.6636971842604,2,a5803f8a5d9d87202b43d709cb328cedaf18c446af448f705c33d553e8c2e9f7,5170ec511fb50cdf10d648416d508574d70e9781ddf156a1b2a86d2b385e94dc,100,1729,maximum_nontransitivity_information_gain,2000.0,3000.0
kata1-b6c96-s14649344-d2727367,80,2093.276231366913,2011.3016991644486,2175.250763569378,2110.739855958135,-17.463624591222015,2,a5803f8a5d9d87202b43d709cb328cedaf18c446af448f705c33d553e8c2e9f7,5170ec511fb50cdf10d648416d508574d70e9781ddf156a1b2a86d2b385e94dc,100,1729,maximum_nontransitivity_information_gain,2000.0,3000.0
kata1-b6c96-s14649344-d2727367,82,2095.6951732850407,2014.6094699775483,2176.7808765925333,2110.739855958135,-15.044682673094485,2,a5803f8a5d9d87202b43d709cb328cedaf18c446af448f705c33d553e8c2e9f7,5170ec511fb50cdf10d648416d508574d70e9781ddf156a1b2a86d2b385e94dc,100,1729,maximum_nontransitivity_information_gain,2000.0,3000.0
kata1-b6c96-s14649344-d2727367,84,2101.7377696033345,2021.4164664845384,2182.0590727221306,2110.739855958135,-9.002086354800667,2,a5803f8a5d9d87202b43d709cb328cedaf18c446af448f705c33d553e8c2e9f7,5170ec511fb50cdf10d648416d508574d70e9781ddf156a1b2a86d2b385e94dc,100,1729,maximum_nontransitivity_information_gain,2000.0,3000.0
kata1-b6c96-s14649344-d2727367,86,2098.878383489157,2019.4484715452081,2178.3082954331057,2110.739855958135,-11.861472468978263,2,a5803f8a5d9d87202b43d709cb328cedaf18c446af448f705c33d553e8c2e9f7,5170ec511fb50cdf10d648416d508574d70e9781ddf156a1b2a86d2b385e94dc,100,1729,maximum_nontransitivity_information_gain,2000.0,3000.0
kata1-b6c96-s14649344-d2727367,88,2098.5146510442773,2019.9429969986545,2177.0863050899,2110.739855958135,-12.225204913857851,2,a5803f8a5d9d87202b43d709cb328cedaf18c446af448f705c33d553e8c2e9f7,5170ec511fb50cdf10d648416d508574d70e9781ddf156a1b2a86d2b385e94dc,100,1729,maximum_nontransitivity_information_gain,2000.0,3000.0
kata1-b6c96-s14649344-d2727367,90,2104.1773808397215,2026.289807926666,2182.064953752777,2110.739855958135,-6.5624751184136585,2,a5803f8a5d9d87202b43d709cb328cedaf18c446af448f705c33d553e8c2e9f7,5170ec511fb50cdf10d648416d508574d70e9781ddf156a1b2a86d2b385e94dc,100,1729,maximum_nontransitivity_information_gain,2000.0,3000.0
kata1-b6c96-s14649344-d2727367,92,2105.4652602323167,2028.3426559297864,2182.587864534847,2110.739855958135,-5.274595725818472,2,a5803f8a5d9d87202b43d709cb328cedaf18c446af448f705c33d553e8c2e9f7,5170ec511fb50cdf10d648416d508574d70e9781ddf156a1b2a86d2b385e94dc,100,1729,maximum_nontransitivity_information_gain,2000.0,3000.0
kata1-b6c96-s14649344-d2727367,94,2102.782382096699,2026.4403893712056,2179.1243748221927,2110.739855958135,-7.9574738614360285,2,a5803f8a5d9d87202b43d709cb328cedaf18c446af448f705c33d553e8c2e9f7,5170ec511fb50cdf10d648416d508574d70e9781ddf156a1b2a86d2b385e94dc,100,1729,maximum_nontransitivity_information_gain,2000.0,3000.0
kata1-b6c96-s14649344-d2727367,96,2108.5178458708297,2032.8061181915475,2184.2295735501116,2110.739855958135,-2.2220100873055344,2,a5803f8a5d9d87202b43d709cb328cedaf18c446af448f705c33d553e8c2e9f7,5170ec511fb50cdf10d648416d508574d70e9781ddf156a1b2a86d2b385e94dc,100,1729,maximum_nontransitivity_information_gain,2000.0,3000.0
kata1-b6c96-s14649344-d2727367,98,2102.143143173981,2027.2164654905393,2177.069820857423,2110.739855958135,-8.596712784154079,2,a5803f8a5d9d87202b43d709cb328cedaf18c446af448f705c33d553e8c2e9f7,5170ec511fb50cdf10d648416d508574d70e9781ddf156a1b2a86d2b385e94dc,100,1729,maximum_nontransitivity_information_gain,2000.0,3000.0
kata1-b6c96-s14649344-d2727367,100,2109.114404302971,2034.8043019510642,2183.4245066548774,2110.739855958135,-1.6254516551643974,2,a5803f8a5d9d87202b43d709cb328cedaf18c446af448f705c33d553e8c2e9f7,5170ec511fb50cdf10d648416d508574d70e9781ddf156a1b2a86d2b385e94dc,100,1729,maximum_nontransitivity_information_gain,2000.0,3000.0
kata1-b6c96-s16525312-d2925067,2,2846.916119383727,412.5543821373617,5281.277856630093,2246.7033645254683,600.2127548582589,2,a5803f8a5d9d87202b43d709cb328cedaf18c446af448f705c33d553e8c2e9f7,5170ec511fb50cdf10d648416d508574d70e9781ddf156a1b2a86d2b385e94dc,100,1729,maximum_nontransitivity_information_gain,2000.0,3000.0
kata1-b6c96-s16525312-d2925067,4,2419.6051109440464,1815.4334892715606,3023.776732616532,2246.7033645254683,172.9017464185781,2,a5803f8a5d9d87202b43d709cb328cedaf18c446af448f705c33d553e8c2e9f7,5170ec511fb50cdf10d648416d508574d70e9781ddf156a1b2a86d2b385e94dc,100,1729,maximum_nontransitivity_information_gain,2000.0,3000.0
kata1-b6c96-s16525312-d2925067,6,2331.803158814397,1945.7813283430057,2717.8249892857884,2246.7033645254683,85.09979428892893,2,a5803f8a5d9d87202b43d709cb328cedaf18c446af448f705c33d553e8c2e9f7,5170ec511fb50cdf10d648416d508574d70e9781ddf156a1b2a86d2b385e94dc,100,1729,maximum_nontransitivity_information_gain,2000.0,3000.0
kata1-b6c96-s16525312-d2925067,8,2254.3012032775277,1947.024723856012,2561.577682699043,2246.7033645254683,7.597838752059488,2,a5803f8a5d9d87202b43d709cb328cedaf18c446af448f705c33d553e8c2e9f7,5170ec511fb50cdf10d648416d508574d70e9781ddf156a1b2a86d2b385e94dc,100,1729,maximum_nontransitivity_information_gain,2000.0,3000.0
kata1-b6c96-s16525312-d2925067,10,2270.169744921295,2010.5404442807235,2529.799045561867,2246.7033645254683,23.466380395826945,2,a5803f8a5d9d87202b43d709cb328cedaf18c446af448f705c33d553e8c2e9f7,5170ec511fb50cdf10d648416d508574d70e9781ddf156a1b2a86d2b385e94dc,100,1729,maximum_nontransitivity_information_gain,2000.0,3000.0
kata1-b6c96-s16525312-d2925067,12,2198.9890107175456,1961.5604740348278,2436.4175474002636,2246.7033645254683,-47.714353807922635,2,a5803f8a5d9d87202b43d709cb328cedaf18c446af448f705c33d553e8c2e9f7,5170ec511fb50cdf10d648416d508574d70e9781ddf156a1b2a86d2b385e94dc,100,1729,maximum_nontransitivity_information_gain,2000.0,3000.0
kata1-b6c96-s16525312-d2925067,14,2120.968308671017,1896.1873450575895,2345.7492722844445,2246.7033645254683,-125.73505585445128,2,a5803f8a5d9d87202b43d709cb328cedaf18c446af448f705c33d553e8c2e9f7,5170ec511fb50cdf10d648416d508574d70e9781ddf156a1b2a86d2b385e94dc,100,1729,maximum_nontransitivity_information_gain,2000.0,3000.0
kata1-b6c96-s16525312-d2925067,16,2178.173955119175,1979.6874168046256,2376.6604934337242,2246.7033645254683,-68.52940940629333,2,a5803f8a5d9d87202b43d709cb328cedaf18c446af448f705c33d553e8c2e9f7,5170ec511fb50cdf10d648416d508574d70e9781ddf156a1b2a86d2b385e94dc,100,1729,maximum_nontransitivity_information_gain,2000.0,3000.0
kata1-b6c96-s16525312-d2925067,18,2175.5464085068925,1991.2685939424193,2359.824223071366,2246.7033645254683,-71.15695601857578,2,a5803f8a5d9d87202b43d709cb328cedaf18c446af448f705c33d553e8c2e9f7,5170ec511fb50cdf10d648416d508574d70e9781ddf156a1b2a86d2b385e94dc,100,1729,maximum_nontransitivity_information_gain,2000.0,3000.0
kata1-b6c96-s16525312-d2925067,20,2151.9807287196886,1977.972613593339,2325.9888438460384,2246.7033645254683,-94.72263580577965,2,a5803f8a5d9d87202b43d709cb328cedaf18c446af448f705c33d553e8c2e9f7,5170ec511fb50cdf10d648416d508574d70e9781ddf156a1b2a86d2b385e94dc,100,1729,maximum_nontransitivity_information_gain,2000.0,3000.0
kata1-b6c96-s16525312-d2925067,22,2152.824435110485,1988.6981933053703,2316.9506769155996,2246.7033645254683,-93.8789294149833,2,a5803f8a5d9d87202b43d709cb328cedaf18c446af448f705c33d553e8c2e9f7,5170ec511fb50cdf10d648416d508574d70e9781ddf156a1b2a86d2b385e94dc,100,1729,maximum_nontransitivity_information_gain,2000.0,3000.0
kata1-b6c96-s16525312-d2925067,24,2153.878247788056,1998.0908172975398,2309.6656782785717,2246.7033645254683,-92.82511673741237,2,a5803f8a5d9d87202b43d709cb328cedaf18c446af448f705c33d553e8c2e9f7,5170ec511fb50cdf10d648416d508574d70e9781ddf156a1b2a86d2b385e94dc,100,1729,maximum_nontransitivity_information_gain,2000.0,3000.0
kata1-b6c96-s16525312-d2925067,26,2154.408820007695,2005.7369362446962,2303.0807037706936,2246.7033645254683,-92.29454451777337,2,a5803f8a5d9d87202b43d709cb328cedaf18c446af448f705c33d553e8c2e9f7,5170ec511fb50cdf10d648416d508574d70e9781ddf156a1b2a86d2b385e94dc,100,1729,maximum_nontransitivity_information_gain,2000.0,3000.0
kata1-b6c96-s16525312-d2925067,28,2184.4241626901444,2042.6900906487203,2326.1582347315684,2246.7033645254683,-62.279201835323875,2,a5803f8a5d9d87202b43d709cb328cedaf18c446af448f705c33d553e8c2e9f7,5170ec511fb50cdf10d648416d508574d70e9781ddf156a1b2a86d2b385e94dc,100,1729,maximum_nontransitivity_information_gain,2000.0,3000.0
kata1-b6c96-s16525312-d2925067,30,2182.8092079025787,2046.3917141831414,2319.2267016220158,2246.7033645254683,-63.89415662288957,2,a5803f8a5d9d87202b43d709cb328cedaf18c446af448f705c33d553e8c2e9f7,5170ec511fb50cdf10d648416d508574d70e9781ddf156a1b2a86d2b385e94dc,100,1729,maximum_nontransitivity_information_gain,2000.0,3000.0
kata1-b6c96-s16525312-d2925067,32,2206.1349881820875,2074.415937353139,2337.854039011036,2246.7033645254683,-40.568376343380805,2,a5803f8a5d9d87202b43d709cb328cedaf18c446af448f705c33d553e8c2e9f7,5170ec511fb50cdf10d648416d508574d70e9781ddf156a1b2a86d2b385e94dc,100,1729,maximum_nontransitivity_information_gain,2000.0,3000.0
kata1-b6c96-s16525312-d2925067,34,2203.309101935359,2075.8478088176644,2330.770395053054,2246.7033645254683,-43.394262590109065,2,a5803f8a5d9d87202b43d709cb328cedaf18c446af448f705c33d553e8c2e9f7,5170ec511fb50cdf10d648416d508574d70e9781ddf156a1b2a86d2b385e94dc,100,1729,maximum_nontransitivity_information_gain,2000.0,3000.0
kata1-b6c96-s16525312-d2925067,36,2200.595551678461,2076.974046069279,2324.217057287643,2246.7033645254683,-46.10781284700715,2,a5803f8a5d9d87202b43d709cb328cedaf18c446af448f705c33d553e8c2e9f7,5170ec511fb50cdf10d648416d508574d70e9781ddf156a1b2a86d2b385e94dc,100,1729,maximum_nontransitivity_information_gain,2000.0,3000.0
kata1-b6c96-s16525312-d2925067,38,2198.4241327868763,2078.311587309336,2318.5366782644164,2246.7033645254683,-48.27923173859199,2,a5803f8a5d9d87202b43d709cb328cedaf18c446af448f705c33d553e8c2e9f7,5170ec511fb50cdf10d648416d508574d70e9781ddf156a1b2a86d2b385e94dc,100,1729,maximum_nontransitivity_information_gain,2000.0,3000.0
kata1-b6c96-s16525312-d2925067,40,2196.494941048719,2079.5909239844063,2313.3989581130313,2246.7033645254683,-50.20842347674943,2,a5803f8a5d9d87202b43d709cb328cedaf18c446af448f705c33d553e8c2e9f7,5170ec511fb50cdf10d648416d508574d70e9781ddf156a1b2a86d2b385e94dc,100,1729,maximum_nontransitivity_information_gain,2000.0,3000.0
kata1-b6c96-s16525312-d2925067,42,2213.03339428227,2098.789076479912,2327.2777120846276,2246.7033645254683,-33.66997024319835,2,a5803f8a5d9d87202b43d709cb328cedaf18c446af448f705c33d553e8c2e9f7,5170ec511fb50cdf10d648416d508574d70e9781ddf156a1b2a86d2b385e94dc,100,1729,maximum_nontransitivity_information_gain,2000.0,3000.0
kata1-b6c96-s16525312-d2925067,44,2201.7616551081405,2090.4275806525543,2313.0957295637268,2246.7033645254683,-44.94170941732773,2,a5803f8a5d9d87202b43d709cb328cedaf18c446af448f705c33d553e8c2e9f7,5170ec511fb50cdf10d648416d508574d70e9781ddf156a1b2a86d2b385e94dc,100,1729,maximum_nontransitivity_information_gain,2000.0,3000.0
kata1-b6c96-s16525312-d2925067,46,2199.7485676520264,2090.94138822928,2308.5557470747726,2246.7033645254683,-46.954796873441865,2,a5803f8a5d9d87202b43d709cb328cedaf18c446af448f705c33d553e8c2e9f7,5170ec511fb50cdf10d648416d508574d70e9781ddf156a1b2a86d2b385e94dc,100,1729,maximum_nontransitivity_information_gain,2000.0,3000.0
kata1-b6c96-s16525312-d2925067,48,2182.1590797239905,2075.823177337148,2288.494982110833,2246.7033645254683,-64.54428480147772,2,a5803f8a5d9d87202b43d709cb328cedaf18c446af448f705c33d553e8c2e9f7,5170ec511fb50cdf10d648416d508574d70e9781ddf156a1b2a86d2b385e94dc,100,1729,maximum_nontransitivity_information_gain,2000.0,3000.0
kata1-b6c96-s16525312-d2925067,50,2165.9265460713536,2061.7120725785703,2270.141019564137,2246.7033645254683,-80.77681845411462,2,a5803f8a5d9d87202b43d709cb328cedaf18c446af448f705c33d553e8c2e9f7,5170ec511fb50cdf10d648416d508574d70e9781ddf156a1b2a86d2b385e94dc,100,1729,maximum_nontransitivity_information_gain,2000.0,3000.0
kata1-b6c96-s16525312-d2925067,52,2163.4365845949646,2061.230012459261,2265.643156730668,2246.7033645254683,-83.26677993050362,2,a5803f8a5d9d87202b43d709cb328cedaf18c446af448f705c33d553e8c2e9f7,5170ec511fb50cdf10d648416d508574d70e9781ddf156a1b2a86d2b385e94dc,100,1729,maximum_nontransitivity_information_gain,2000.0,3000.0
kata1-b6c96-s16525312-d2925067,54,2161.125095795346,2060.8091172264267,2261.4410743642657,2246.7033645254683,-85.57826873012209,2,a5803f8a5d9d87202b43d709cb328cedaf18c446af448f705c33d553e8c2e9f7,5170ec511fb50cdf10d648416d508574d70e9781ddf156a1b2a86d2b385e94dc,100,1729,maximum_nontransitivity_information_gain,2000.0,3000.0
kata1-b6c96-s16525312-d2925067,56,2161.207624801931,2062.7157423272192,2259.699507276643,2246.7033645254683,-85.4957397235371,2,a5803f8a5d9d87202b43d709cb328cedaf18c446af448f705c33d553e8c2e9f7,5170ec511fb50cdf10d648416d508574d70e9781ddf156a1b2a86d2b385e94dc,100,1729,maximum_nontransitivity_information_gain,2000.0,3000.0
kata1-b6c96-s16525312-d2925067,58,2172.2660033271163,2075.4888648785504,2269.043141775682,2246.7033645254683,-74.43736119835194,2,a5803f8a5d9d87202b43d709cb328cedaf18c446af448f705c33d553e8c2e9f7,5170ec511fb50cdf10d648416d508574d70e9781ddf156a1b2a86d2b385e94dc,100,1729,maximum_nontransitivity_information_gain,2000.0,3000.0
kata1-b6c96-s16525312-d2925067,60,2171.7917928396287,2076.6307983676043,2266.952787311653,2246.7033645254683,-74.91157168583959,2,a5803f8a5d9d87202b43d709cb328cedaf18c446af448f705c33d553e8c2e9f7,5170ec511fb50cdf10d648416d508574d70e9781ddf156a1b2a86d2b385e94dc,100,1729,maximum_nontransitivity_information_gain,2000.0,3000.0
kata1-b6c96-s16525312-d2925067,62,2183.6558352888155,2089.969866369703,2277.341804207928,2246.7033645254683,-63.047529236652736,2,a5803f8a5d9d87202b43d709cb328cedaf18c446af448f705c33d553e8c2e9f7,5170ec511fb50cdf10d648416d508574d70e9781ddf156a1b2a86d2b385e94dc,100,1729,maximum_nontransitivity_information_gain,2000.0,3000.0
kata1-b6c96-s16525312-d2925067,64,2194.7422668315885,2102.374953579702,2287.109580083475,2246.7033645254683,-51.961097693879765,2,a5803f8a5d9d87202b43d709cb328cedaf18c446af448f705c33d553e8c2e9f7,5170ec511fb50cdf10d648416d508574d70e9781ddf156a1b2a86d2b385e94dc,100,1729,maximum_nontransitivity_information_gain,2000.0,3000.0
kata1-b6c96-s16525312-d2925067,66,2193.6159569555284,2102.6408729419527,2284.591040969104,2246.7033645254683,-53.08740756993984,2,a5803f8a5d9d87202b43d709cb328cedaf18c446af448f705c33d553e8c2e9f7,5170ec511fb50cdf10d648416d508574d70e9781ddf156a1b2a86d2b385e94dc,100,1729,maximum_nontransitivity_information_gain,2000.0,3000.0
kata1-b6c96-s16525312-d2925067,68,2192.675438135765,2103.0298750329116,2282.3210012386185,2246.7033645254683,-54.027926389703225,2,a5803f8a5d9d87202b43d709cb328cedaf18c446af448f705c33d553e8c2e9f7,5170ec511fb50cdf10d648416d508574d70e9781ddf156a1b2a86d2b385e94dc,100,1729,maximum_nontransitivity_information_gain,2000.0,3000.0
kata1-b6c96-s16525312-d2925067,70,2191.6614279815703,2103.2760658213447,2280.046790141796,2246.7033645254683,-55.04193654389792,2,a5803f8a5d9d87202b43d709cb328cedaf18c446af448f705c33d553e8c2e9f7,5170ec511fb50cdf10d648416d508574d70e9781ddf156a1b2a86d2b385e94dc,100,1729,maximum_nontransitivity_information_gain,2000.0,3000.0
kata1-b6c96-s16525312-d2925067,72,2190.834698499079,2103.656918403339,2278.0124785948187,2246.7033645254683,-55.86866602638929,2,a5803f8a5d9d87202b43d709cb328cedaf18c446af448f705c33d553e8c2e9f7,5170ec511fb50cdf10d648416d508574d70e9781ddf156a1b2a86d2b385e94dc,100,1729,maximum_nontransitivity_information_gain,2000.0,3000.0
kata1-b6c96-s16525312-d2925067,74,2190.0566397850903,2104.0311514628957,2276.082128107285,2246.7033645254683,-56.64672474037798,2,a5803f8a5d9d87202b43d709cb328cedaf18c446af448f705c33d553e8c2e9f7,5170ec511fb50cdf10d648416d508574d70e9781ddf156a1b2a86d2b385e94dc,100,1729,maximum_nontransitivity_information_gain,2000.0,3000.0
kata1-b6c96-s16525312-d2925067,76,2189.2206727827775,2104.292144144422,2274.149201421133,2246.7033645254683,-57.482691742690804,2,a5803f8a5d9d87202b43d709cb328cedaf18c446af448f705c33d553e8c2e9f7,5170ec511fb50cdf10d648416d508574d70e9781ddf156a1b2a86d2b385e94dc,100,1729,maximum_nontransitivity_information_gain,2000.0,3000.0
kata1-b6c96-s16525312-d2925067,78,2198.0673421782017,2114.0580469343877,2282.0766374220157,2246.7033645254683,-48.63602234726659,2,a5803f8a5d9d87202b43d709cb328cedaf18c446af448f705c33d553e8c2e9f7,5170ec511fb50cdf10d648416d508574d70e9781ddf156a1b2a86d2b385e94dc,100,1729,maximum_nontransitivity_information_gain,2000.0,3000.0
kata1-b6c96-s16525312-d2925067,80,2187.787859866044,2104.921594836867,2270.6541248952212,2246.7033645254683,-58.91550465942419,2,a5803f8a5d9d87202b43d709cb328cedaf18c446af448f705c33d553e8c2e9f7,5170ec511fb50cdf10d648416d508574d70e9781ddf156a1b2a86d2b385e94dc,100,1729,maximum_nontransitivity_information_gain,2000.0,3000.0
kata1-b6c96-s16525312-d2925067,82,2196.2063350700205,2114.1915741834773,2278.2210959565637,2246.7033645254683,-50.49702945544777,2,a5803f8a5d9d87202b43d709cb328cedaf18c446af448f705c33d553e8c2e9f7,5170ec511fb50cdf10d648416d508574d70e9781ddf156a1b2a86d2b385e94dc,100,1729,maximum_nontransitivity_information_gain,2000.0,3000.0
kata1-b6c96-s16525312-d2925067,84,2186.5074688104437,2105.5395646552747,2267.4753729656127,2246.7033645254683,-60.19589571502456,2,a5803f8a5d9d87202b43d709cb328cedaf18c446af448f705c33d553e8c2e9f7,5170ec511fb50cdf10d648416d508574d70e9781ddf156a1b2a86d2b385e94dc,100,1729,maximum_nontransitivity_information_gain,2000.0,3000.0
kata1-b6c96-s16525312-d2925067,86,2177.3372899797964,2097.332137318445,2257.342442641148,2246.7033645254683,-69.36607454567184,2,a5803f8a5d9d87202b43d709cb328cedaf18c446af448f705c33d553e8c2e9f7,5170ec511fb50cdf10d648416d508574d70e9781ddf156a1b2a86d2b385e94dc,100,1729,maximum_nontransitivity_information_gain,2000.0,3000.0
kata1-b6c96-s16525312-d2925067,88,2184.107796748362,2104.890895490745,2263.324698005979,2246.7033645254683,-62.595567777106226,2,a5803f8a5d9d87202b43d709cb328cedaf18c446af448f705c33d553e8c2e9f7,5170ec511fb50cdf10d648416d508574d70e9781ddf156a1b2a86d2b385e94dc,100,1729,maximum_nontransitivity_information_gain,2000.0,3000.0
kata1-b6c96-s16525312-d2925067,90,2183.626962080095,2105.241898375789,2262.012025784401,2246.7033645254683,-63.07640244537333,2,a5803f8a5d9d87202b43d709cb328cedaf18c446af448f705c33d553e8c2e9f7,5170ec511fb50cdf10d648416d508574d70e9781ddf156a1b2a86d2b385e94dc,100,1729,maximum_nontransitivity_information_gain,2000.0,3000.0
kata1-b6c96-s16525312-d2925067,92,2183.1115576741363,2105.5239601279245,2260.699155220348,2246.7033645254683,-63.59180685133197,2,a5803f8a5d9d87202b43d709cb328cedaf18c446af448f705c33d553e8c2e9f7,5170ec511fb50cdf10d648416d508574d70e9781ddf156a1b2a86d2b385e94dc,100,1729,maximum_nontransitivity_information_gain,2000.0,3000.0
kata1-b6c96-s16525312-d2925067,94,2181.3982078024815,2104.578710666649,2258.217704938314,2246.7033645254683,-65.3051567229868,2,a5803f8a5d9d87202b43d709cb328cedaf18c446af448f705c33d553e8c2e9f7,5170ec511fb50cdf10d648416d508574d70e9781ddf156a1b2a86d2b385e94dc,100,1729,maximum_nontransitivity_information_gain,2000.0,3000.0
kata1-b6c96-s16525312-d2925067,96,2188.670481194373,2112.5202520947983,2264.820710293948,2246.7033645254683,-58.032883331095036,2,a5803f8a5d9d87202b43d709cb328cedaf18c446af448f705c33d553e8c2e9f7,5170ec511fb50cdf10d648416d508574d70e9781ddf156a1b2a86d2b385e94dc,100,1729,maximum_nontransitivity_information_gain,2000.0,3000.0
kata1-b6c96-s16525312-d2925067,98,2188.083688350707,2112.655930129945,2263.5114465714687,2246.7033645254683,-58.61967617476148,2,a5803f8a5d9d87202b43d709cb328cedaf18c446af448f705c33d553e8c2e9f7,5170ec511fb50cdf10d648416d508574d70e9781ddf156a1b2a86d2b385e94dc,100,1729,maximum_nontransitivity_information_gain,2000.0,3000.0
kata1-b6c96-s16525312-d2925067,100,2194.925909830074,2120.1035067898615,2269.7483128702866,2246.7033645254683,-51.777454695394226,2,a5803f8a5d9d87202b43d709cb328cedaf18c446af448f705c33d553e8c2e9f7,5170ec511fb50cdf10d648416d508574d70e9781ddf156a1b2a86d2b385e94dc,100,1729,maximum_nontransitivity_information_gain,2000.0,3000.0
kata1-b6c96-s17434112-d3038653,2,2847.589278018737,414.02881099093156,5281.149745046542,2312.3963974188023,535.1928805999346,2,a5803f8a5d9d87202b43d709cb328cedaf18c446af448f705c33d553e8c2e9f7,5170ec511fb50cdf10d648416d508574d70e9781ddf156a1b2a86d2b385e94dc,100,1729,maximum_nontransitivity_information_gain,2000.0,3000.0
kata1-b6c96-s17434112-d3038653,4,2837.749278678562,2364.649958940314,3310.84859841681,2312.3963974188023,525.3528812597597,2,a5803f8a5d9d87202b43d709cb328cedaf18c446af448f705c33d553e8c2e9f7,5170ec511fb50cdf10d648416d508574d70e9781ddf156a1b2a86d2b385e94dc,100,1729,maximum_nontransitivity_information_gain,2000.0,3000.0
kata1-b6c96-s17434112-d3038653,6,2654.585335714126,2276.952948403996,3032.217723024256,2312.3963974188023,342.1889382953236,2,a5803f8a5d9d87202b43d709cb328cedaf18c446af448f705c33d553e8c2e9f7,5170ec511fb50cdf10d648416d508574d70e9781ddf156a1b2a86d2b385e94dc,100,1729,maximum_nontransitivity_information_gain,2000.0,3000.0
kata1-b6c96-s17434112-d3038653,8,2495.71845637199,2149.0523396884387,2842.3845730555418,2312.3963974188023,183.32205895318793,2,a5803f8a5d9d87202b43d709cb328cedaf18c446af448f705c33d553e8c2e9f7,5170ec511fb50cdf10d648416d508574d70e9781ddf156a1b2a86d2b385e94dc,100,1729,maximum_nontransitivity_information_gain,2000.0,3000.0
kata1-b6c96-s17434112-d3038653,10,2362.2200423175304,2044.9944476196981,2679.445637015363,2312.3963974188023,49.82364489872816,2,a5803f8a5d9d87202b43d709cb328cedaf18c446af448f705c33d553e8c2e9f7,5170ec511fb50cdf10d648416d508574d70e9781ddf156a1b2a86d2b385e94dc,100,1729,maximum_nontransitivity_information_gain,2000.0,3000.0
kata1-b6c96-s17434112-d3038653,12,2255.257159101293,1965.6335777179745,2544.880740484611,2312.3963974188023,-57.13923831750935,2,a5803f8a5d9d87202b43d709cb328cedaf18c446af448f705c33d553e8c2e9f7,5170ec511fb50cdf10d648416d508574d70e9781ddf156a1b2a86d2b385e94dc,100,1729,maximum_nontransitivity_information_gain,2000.0,3000.0
kata1-b6c96-s17434112-d3038653,14,2252.3535312367203,2002.8170712914693,2501.8899911819713,2312.3963974188023,-60.04286618208198,2,a5803f8a5d9d87202b43d709cb328cedaf18c446af448f705c33d553e8c2e9f7,5170ec511fb50cdf10d648416d508574d70e9781ddf156a1b2a86d2b385e94dc,100,1729,maximum_nontransitivity_information_gain,2000.0,3000.0
kata1-b6c96-s17434112-d3038653,16,2174.2034969432243,1941.0857903531614,2407.321203533287,2312.3963974188023,-138.19290047557797,2,a5803f8a5d9d87202b43d709cb328cedaf18c446af448f705c33d553e8c2e9f7,5170ec511fb50cdf10d648416d508574d70e9781ddf156a1b2a86d2b385e94dc,100,1729,maximum_nontransitivity_information_gain,2000.0,3000.0
kata1-b6c96-s17434112-d3038653,18,2235.737694402267,2031.0925350010525,2440.382853803482,2312.3963974188023,-76.65870301653513,2,a5803f8a5d9d87202b43d709cb328cedaf18c446af448f705c33d553e8c2e9f7,5170ec511fb50cdf10d648416d508574d70e9781ddf156a1b2a86d2b385e94dc,100,1729,maximum_nontransitivity_information_gain,2000.0,3000.0
kata1-b6c96-s17434112-d3038653,20,2288.878929783675,2101.8108691899397,2475.9469903774107,2312.3963974188023,-23.517467635127105,2,a5803f8a5d9d87202b43d709cb328cedaf18c446af448f705c33d553e8c2e9f7,5170ec511fb50cdf10d648416d508574d70e9781ddf156a1b2a86d2b385e94dc,100,1729,maximum_nontransitivity_information_gain,2000.0,3000.0
kata1-b6c96-s17434112-d3038653,22,2238.023209751951,2061.6150639210955,2414.4313555828066,2312.3963974188023,-74.37318766685121,2,a5803f8a5d9d87202b43d709cb328cedaf18c446af448f705c33d553e8c2e9f7,5170ec511fb50cdf10d648416d508574d70e9781ddf156a1b2a86d2b385e94dc,100,1729,maximum_nontransitivity_information_gain,2000.0,3000.0
kata1-b6c96-s17434112-d3038653,24,2238.7599411412684,2072.5892895749835,2404.9305927075534,2312.3963974188023,-73.63645627753385,2,a5803f8a5d9d87202b43d709cb328cedaf18c446af448f705c33d553e8c2e9f7,5170ec511fb50cdf10d648416d508574d70e9781ddf156a1b2a86d2b385e94dc,100,1729,maximum_nontransitivity_information_gain,2000.0,3000.0
kata1-b6c96-s17434112-d3038653,26,2239.34197812081,2081.7540054866913,2396.9299507549285,2312.3963974188023,-73.05441929799235,2,a5803f8a5d9d87202b43d709cb328cedaf18c446af448f705c33d553e8c2e9f7,5170ec511fb50cdf10d648416d508574d70e9781ddf156a1b2a86d2b385e94dc,100,1729,maximum_nontransitivity_information_gain,2000.0,3000.0
kata1-b6c96-s17434112-d3038653,28,2272.4189550934166,2122.660961582326,2422.1769486045073,2312.3963974188023,-39.97744232538571,2,a5803f8a5d9d87202b43d709cb328cedaf18c446af448f705c33d553e8c2e9f7,5170ec511fb50cdf10d648416d508574d70e9781ddf156a1b2a86d2b385e94dc,100,1729,maximum_nontransitivity_information_gain,2000.0,3000.0
kata1-b6c96-s17434112-d3038653,30,2270.033635794935,2126.519718233025,2413.547553356845,2312.3963974188023,-42.3627616238673,2,a5803f8a5d9d87202b43d709cb328cedaf18c446af448f705c33d553e8c2e9f7,5170ec511fb50cdf10d648416d508574d70e9781ddf156a1b2a86d2b385e94dc,100,1729,maximum_nontransitivity_information_gain,2000.0,3000.0
kata1-b6c96-s17434112-d3038653,32,2268.0383574412795,2130.0189831952603,2406.0577316872987,2312.3963974188023,-44.35803997752282,2,a5803f8a5d9d87202b43d709cb328cedaf18c446af448f705c33d553e8c2e9f7,5170ec511fb50cdf10d648416d508574d70e9781ddf156a1b2a86d2b385e94dc,100,1729,maximum_nontransitivity_information_gain,2000.0,3000.0
kata1-b6c96-s17434112-d3038653,34,2279.046172151918,2145.847907906366,2412.2444363974705,2312.3963974188023,-33.35022526688408,2,a5803f8a5d9d87202b43d709cb328cedaf18c446af448f705c33d553e8c2e9f7,5170ec511fb50cdf10d648416d508574d70e9781ddf156a1b2a86d2b385e94dc,100,1729,maximum_nontransitivity_information_gain,2000.0,3000.0
kata1-b6c96-s17434112-d3038653,36,2276.6930439288567,2147.8745186947294,2405.511569162984,2312.3963974188023,-35.703353489945584,2,a5803f8a5d9d87202b43d709cb328cedaf18c446af448f705c33d553e8c2e9f7,5170ec511fb50cdf10d648416d508574d70e9781ddf156a1b2a86d2b385e94dc,100,1729,maximum_nontransitivity_information_gain,2000.0,3000.0
kata1-b6c96-s17434112-d3038653,38,2274.6555283062253,2149.788777462827,2399.5222791496235,2312.3963974188023,-37.740869112577,2,a5803f8a5d9d87202b43d709cb328cedaf18c446af448f705c33d553e8c2e9f7,5170ec511fb50cdf10d648416d508574d70e9781ddf156a1b2a86d2b385e94dc,100,1729,maximum_nontransitivity_information_gain,2000.0,3000.0
kata1-b6c96-s17434112-d3038653,40,2293.8124853350955,2172.2005654932454,2415.4244051769456,2312.3963974188023,-18.583912083706764,2,a5803f8a5d9d87202b43d709cb328cedaf18c446af448f705c33d553e8c2e9f7,5170ec511fb50cdf10d648416d508574d70e9781ddf156a1b2a86d2b385e94dc,100,1729,maximum_nontransitivity_information_gain,2000.0,3000.0
kata1-b6c96-s17434112-d3038653,42,2298.8828429860832,2180.3434308283186,2417.422255143848,2312.3963974188023,-13.513554432719047,2,a5803f8a5d9d87202b43d709cb328cedaf18c446af448f705c33d553e8c2e9f7,5170ec511fb50cdf10d648416d508574d70e9781ddf156a1b2a86d2b385e94dc,100,1729,maximum_nontransitivity_information_gain,2000.0,3000.0
kata1-b6c96-s17434112-d3038653,44,2322.5572242914473,2206.423143351392,2438.6913052315026,2312.3963974188023,10.160826872644975,2,a5803f8a5d9d87202b43d709cb328cedaf18c446af448f705c33d553e8c2e9f7,5170ec511fb50cdf10d648416d508574d70e9781ddf156a1b2a86d2b385e94dc,100,1729,maximum_nontransitivity_information_gain,2000.0,3000.0
kata1-b6c96-s17434112-d3038653,46,2325.7003944485864,2212.312244327875,2439.088544569298,2312.3963974188023,13.303997029784114,2,a5803f8a5d9d87202b43d709cb328cedaf18c446af448f705c33d553e8c2e9f7,5170ec511fb50cdf10d648416d508574d70e9781ddf156a1b2a86d2b385e94dc,100,1729,maximum_nontransitivity_information_gain,2000.0,3000.0
kata1-b6c96-s17434112-d3038653,48,2328.555933688847,2217.7277688929476,2439.384098484746,2312.3963974188023,16.159536270044555,2,a5803f8a5d9d87202b43d709cb328cedaf18c446af448f705c33d553e8c2e9f7,5170ec511fb50cdf10d648416d508574d70e9781ddf156a1b2a86d2b385e94dc,100,1729,maximum_nontransitivity_information_gain,2000.0,3000.0
kata1-b6c96-s17434112-d3038653,50,2314.5999708704194,2206.452912930609,2422.74702881023,2312.3963974188023,2.2035734516171033,2,a5803f8a5d9d87202b43d709cb328cedaf18c446af448f705c33d553e8c2e9f7,5170ec511fb50cdf10d648416d508574d70e9781ddf156a1b2a86d2b385e94dc,100,1729,maximum_nontransitivity_information_gain,2000.0,3000.0
kata1-b6c96-s17434112-d3038653,52,2301.911895225857,2196.0643764775305,2407.759413974183,2312.3963974188023,-10.484502192945456,2,a5803f8a5d9d87202b43d709cb328cedaf18c446af448f705c33d553e8c2e9f7,5170ec511fb50cdf10d648416d508574d70e9781ddf156a1b2a86d2b385e94dc,100,1729,maximum_nontransitivity_information_gain,2000.0,3000.0
kata1-b6c96-s17434112-d3038653,54,2299.452980969388,2195.7065018084527,2403.1994601303236,2312.3963974188023,-12.943416449414144,2,a5803f8a5d9d87202b43d709cb328cedaf18c446af448f705c33d553e8c2e9f7,5170ec511fb50cdf10d648416d508574d70e9781ddf156a1b2a86d2b385e94dc,100,1729,maximum_nontransitivity_information_gain,2000.0,3000.0
kata1-b6c96-s17434112-d3038653,56,2297.192802380703,2195.419202322813,2398.9664024385934,2312.3963974188023,-15.203595038099138,2,a5803f8a5d9d87202b43d709cb328cedaf18c446af448f705c33d553e8c2e9f7,5170ec511fb50cdf10d648416d508574d70e9781ddf156a1b2a86d2b385e94dc,100,1729,maximum_nontransitivity_information_gain,2000.0,3000.0
kata1-b6c96-s17434112-d3038653,58,2295.1178536374855,2195.2005458112167,2395.0351614637543,2312.3963974188023,-17.278543781316785,2,a5803f8a5d9d87202b43d709cb328cedaf18c446af448f705c33d553e8c2e9f7,5170ec511fb50cdf10d648416d508574d70e9781ddf156a1b2a86d2b385e94dc,100,1729,maximum_nontransitivity_information_gain,2000.0,3000.0
kata1-b6c96-s17434112-d3038653,60,2293.208565465479,2195.0414040556657,2391.375726875292,2312.3963974188023,-19.18783195332344,2,a5803f8a5d9d87202b43d709cb328cedaf18c446af448f705c33d553e8c2e9f7,5170ec511fb50cdf10d648416d508574d70e9781ddf156a1b2a86d2b385e94dc,100,1729,maximum_nontransitivity_information_gain,2000.0,3000.0
kata1-b6c96-s17434112-d3038653,62,2278.5693471904333,2182.044022757274,2375.0946716235926,2312.3963974188023,-33.82705022836899,2,a5803f8a5d9d87202b43d709cb328cedaf18c446af448f705c33d553e8c2e9f7,5170ec511fb50cdf10d648416d508574d70e9781ddf156a1b2a86d2b385e94dc,100,1729,maximum_nontransitivity_information_gain,2000.0,3000.0
kata1-b6c96-s17434112-d3038653,64,2277.3770387864693,2182.4194623752946,2372.334615197644,2312.3963974188023,-35.019358632333024,2,a5803f8a5d9d87202b43d709cb328cedaf18c446af448f705c33d553e8c2e9f7,5170ec511fb50cdf10d648416d508574d70e9781ddf156a1b2a86d2b385e94dc,100,1729,maximum_nontransitivity_information_gain,2000.0,3000.0
kata1-b6c96-s17434112-d3038653,66,2264.2586783531397,2170.6977818060186,2357.8195749002607,2312.3963974188023,-48.13771906566262,2,a5803f8a5d9d87202b43d709cb328cedaf18c446af448f705c33d553e8c2e9f7,5170ec511fb50cdf10d648416d508574d70e9781ddf156a1b2a86d2b385e94dc,100,1729,maximum_nontransitivity_information_gain,2000.0,3000.0
kata1-b6c96-s17434112-d3038653,68,2266.8469970763854,2174.6695492624426,2359.024444890328,2312.3963974188023,-45.5494003424169,2,a5803f8a5d9d87202b43d709cb328cedaf18c446af448f705c33d553e8c2e9f7,5170ec511fb50cdf10d648416d508574d70e9781ddf156a1b2a86d2b385e94dc,100,1729,maximum_nontransitivity_information_gain,2000.0,3000.0
kata1-b6c96-s17434112-d3038653,70,2263.5420357867047,2172.6382360458215,2354.445835527588,2312.3963974188023,-48.85436163209761,2,a5803f8a5d9d87202b43d709cb328cedaf18c446af448f705c33d553e8c2e9f7,5170ec511fb50cdf10d648416d508574d70e9781ddf156a1b2a86d2b385e94dc,100,1729,maximum_nontransitivity_information_gain,2000.0,3000.0
kata1-b6c96-s17434112-d3038653,72,2262.961135644501,2173.3523120063414,2352.569959282661,2312.3963974188023,-49.435261774301125,2,a5803f8a5d9d87202b43d709cb328cedaf18c446af448f705c33d553e8c2e9f7,5170ec511fb50cdf10d648416d508574d70e9781ddf156a1b2a86d2b385e94dc,100,1729,maximum_nontransitivity_information_gain,2000.0,3000.0
kata1-b6c96-s17434112-d3038653,74,2270.710547169162,2182.302630879662,2359.118463458662,2312.3963974188023,-41.685850249640225,2,a5803f8a5d9d87202b43d709cb328cedaf18c446af448f705c33d553e8c2e9f7,5170ec511fb50cdf10d648416d508574d70e9781ddf156a1b2a86d2b385e94dc,100,1729,maximum_nontransitivity_information_gain,2000.0,3000.0
kata1-b6c96-s17434112-d3038653,76,2278.0268291682764,2190.709334314845,2365.344324021708,2312.3963974188023,-34.369568250525845,2,a5803f8a5d9d87202b43d709cb328cedaf18c446af448f705c33d553e8c2e9f7,5170ec511fb50cdf10d648416d508574d70e9781ddf156a1b2a86d2b385e94dc,100,1729,maximum_nontransitivity_information_gain,2000.0,3000.0
kata1-b6c96-s17434112-d3038653,78,2277.0896749977983,2190.907616188133,2363.2717338074635,2312.3963974188023,-35.306722421004,2,a5803f8a5d9d87202b43d709cb328cedaf18c446af448f705c33d553e8c2e9f7,5170ec511fb50cdf10d648416d508574d70e9781ddf156a1b2a86d2b385e94dc,100,1729,maximum_nontransitivity_information_gain,2000.0,3000.0
kata1-b6c96-s17434112-d3038653,80,2285.9650221792385,2200.790335885742,2371.139708472735,2312.3963974188023,-26.43137523956375,2,a5803f8a5d9d87202b43d709cb328cedaf18c446af448f705c33d553e8c2e9f7,5170ec511fb50cdf10d648416d508574d70e9781ddf156a1b2a86d2b385e94dc,100,1729,maximum_nontransitivity_information_gain,2000.0,3000.0
kata1-b6c96-s17434112-d3038653,82,2288.579759459094,2204.3748789182296,2372.7846399999585,2312.3963974188023,-23.81663795970826,2,a5803f8a5d9d87202b43d709cb328cedaf18c446af448f705c33d553e8c2e9f7,5170ec511fb50cdf10d648416d508574d70e9781ddf156a1b2a86d2b385e94dc,100,1729,maximum_nontransitivity_information_gain,2000.0,3000.0
kata1-b6c96-s17434112-d3038653,84,2291.06154113019,2207.7938669391174,2374.329215321263,2312.3963974188023,-21.334856288612173,2,a5803f8a5d9d87202b43d709cb328cedaf18c446af448f705c33d553e8c2e9f7,5170ec511fb50cdf10d648416d508574d70e9781ddf156a1b2a86d2b385e94dc,100,1729,maximum_nontransitivity_information_gain,2000.0,3000.0
kata1-b6c96-s17434112-d3038653,86,2284.281141419492,2201.972973496734,2366.58930934225,2312.3963974188023,-28.115255999310193,2,a5803f8a5d9d87202b43d709cb328cedaf18c446af448f705c33d553e8c2e9f7,5170ec511fb50cdf10d648416d508574d70e9781ddf156a1b2a86d2b385e94dc,100,1729,maximum_nontransitivity_information_gain,2000.0,3000.0
kata1-b6c96-s17434112-d3038653,88,2283.2976590196245,2201.9160718402927,2364.679246198956,2312.3963974188023,-29.09873839917782,2,a5803f8a5d9d87202b43d709cb328cedaf18c446af448f705c33d553e8c2e9f7,5170ec511fb50cdf10d648416d508574d70e9781ddf156a1b2a86d2b385e94dc,100,1729,maximum_nontransitivity_information_gain,2000.0,3000.0
kata1-b6c96-s17434112-d3038653,90,2280.3171138682546,2199.779999612363,2360.854228124146,2312.3963974188023,-32.07928355054764,2,a5803f8a5d9d87202b43d709cb328cedaf18c446af448f705c33d553e8c2e9f7,5170ec511fb50cdf10d648416d508574d70e9781ddf156a1b2a86d2b385e94dc,100,1729,maximum_nontransitivity_information_gain,2000.0,3000.0
kata1-b6c96-s17434112-d3038653,92,2279.4727440010392,2199.7970637594335,2359.148424242645,2312.3963974188023,-32.923653417763035,2,a5803f8a5d9d87202b43d709cb328cedaf18c446af448f705c33d553e8c2e9f7,5170ec511fb50cdf10d648416d508574d70e9781ddf156a1b2a86d2b385e94dc,100,1729,maximum_nontransitivity_information_gain,2000.0,3000.0
kata1-b6c96-s17434112-d3038653,94,2285.189278429307,2206.2529797875327,2364.125577071081,2312.3963974188023,-27.207118989495484,2,a5803f8a5d9d87202b43d709cb328cedaf18c446af448f705c33d553e8c2e9f7,5170ec511fb50cdf10d648416d508574d70e9781ddf156a1b2a86d2b385e94dc,100,1729,maximum_nontransitivity_information_gain,2000.0,3000.0
kata1-b6c96-s17434112-d3038653,96,2292.3420260790554,2214.1312844201775,2370.552767737933,2312.3963974188023,-20.054371339746922,2,a5803f8a5d9d87202b43d709cb328cedaf18c446af448f705c33d553e8c2e9f7,5170ec511fb50cdf10d648416d508574d70e9781ddf156a1b2a86d2b385e94dc,100,1729,maximum_nontransitivity_information_gain,2000.0,3000.0
kata1-b6c96-s17434112-d3038653,98,2290.3892559230226,2212.943157510022,2367.835354336023,2312.3963974188023,-22.007141495779706,2,a5803f8a5d9d87202b43d709cb328cedaf18c446af448f705c33d553e8c2e9f7,5170ec511fb50cdf10d648416d508574d70e9781ddf156a1b2a86d2b385e94dc,100,1729,maximum_nontransitivity_information_gain,2000.0,3000.0
kata1-b6c96-s17434112-d3038653,100,2300.250367541522,2223.4307405072195,2377.0699945758242,2312.3963974188023,-12.146029877280398,2,a5803f8a5d9d87202b43d709cb328cedaf18c446af448f705c33d553e8c2e9f7,5170ec511fb50cdf10d648416d508574d70e9781ddf156a1b2a86d2b385e94dc,100,1729,maximum_nontransitivity_information_gain,2000.0,3000.0
kata1-b6c96-s19408128-d3280178,2,2847.312576127993,413.4219148984598,5281.203237357526,2459.07069597184,388.241880156153,2,a5803f8a5d9d87202b43d709cb328cedaf18c446af448f705c33d553e8c2e9f7,5170ec511fb50cdf10d648416d508574d70e9781ddf156a1b2a86d2b385e94dc,100,1729,maximum_nontransitivity_information_gain,2000.0,3000.0
kata1-b6c96-s19408128-d3280178,4,2858.10061049134,2384.0855604537646,3332.115660528915,2459.07069597184,399.0299145194999,2,a5803f8a5d9d87202b43d709cb328cedaf18c446af448f705c33d553e8c2e9f7,5170ec511fb50cdf10d648416d508574d70e9781ddf156a1b2a86d2b385e94dc,100,1729,maximum_nontransitivity_information_gain,2000.0,3000.0
kata1-b6c96-s19408128-d3280178,6,2672.905571139939,2293.672972306089,3052.1381699737894,2459.07069597184,213.8348751680992,2,a5803f8a5d9d87202b43d709cb328cedaf18c446af448f705c33d553e8c2e9f7,5170ec511fb50cdf10d648416d508574d70e9781ddf156a1b2a86d2b385e94dc,100,1729,maximum_nontransitivity_information_gain,2000.0,3000.0
kata1-b6c96-s19408128-d3280178,8,2678.764748418403,2381.066160171021,2976.4633366657854,2459.07069597184,219.6940524465631,2,a5803f8a5d9d87202b43d709cb328cedaf18c446af448f705c33d553e8c2e9f7,5170ec511fb50cdf10d648416d508574d70e9781ddf156a1b2a86d2b385e94dc,100,1729,maximum_nontransitivity_information_gain,2000.0,3000.0
kata1-b6c96-s19408128-d3280178,10,2578.821448937787,2302.859794533359,2854.783103342215,2459.07069597184,119.75075296594696,2,a5803f8a5d9d87202b43d709cb328cedaf18c446af448f705c33d553e8c2e9f7,5170ec511fb50cdf10d648416d508574d70e9781ddf156a1b2a86d2b385e94dc,100,1729,maximum_nontransitivity_information_gain,2000.0,3000.0
kata1-b6c96-s19408128-d3280178,12,2485.009514824435,2221.2775955844277,2748.7414340644423,2459.07069597184,25.938818852594977,2,a5803f8a5d9d87202b43d709cb328cedaf18c446af448f705c33d553e8c2e9f7,5170ec511fb50cdf10d648416d508574d70e9781ddf156a1b2a86d2b385e94dc,100,1729,maximum_nontransitivity_information_gain,2000.0,3000.0
kata1-b6c96-s19408128-d3280178,14,2399.592045845605,2145.9731230695547,2653.210968621655,2459.07069597184,-59.47865012623515,2,a5803f8a5d9d87202b43d709cb328cedaf18c446af448f705c33d553e8c2e9f7,5170ec511fb50cdf10d648416d508574d70e9781ddf156a1b2a86d2b385e94dc,100,1729,maximum_nontransitivity_information_gain,2000.0,3000.0
kata1-b6c96-s19408128-d3280178,16,2432.6764201304404,2213.5694903677904,2651.7833498930904,2459.07069597184,-26.394275841399576,2,a5803f8a5d9d87202b43d709cb328cedaf18c446af448f705c33d553e8c2e9f7,5170ec511fb50cdf10d648416d508574d70e9781ddf156a1b2a86d2b385e94dc,100,1729,maximum_nontransitivity_information_gain,2000.0,3000.0
kata1-b6c96-s19408128-d3280178,18,2424.3408755112896,2222.936978524709,2625.74477249787,2459.07069597184,-34.7298204605504,2,a5803f8a5d9d87202b43d709cb328cedaf18c446af448f705c33d553e8c2e9f7,5170ec511fb50cdf10d648416d508574d70e9781ddf156a1b2a86d2b385e94dc,100,1729,maximum_nontransitivity_information_gain,2000.0,3000.0
kata1-b6c96-s19408128-d3280178,20,2468.625298060789,2285.228287632133,2652.0223084894455,2459.07069597184,9.554602088949196,2,a5803f8a5d9d87202b43d709cb328cedaf18c446af448f705c33d553e8c2e9f7,5170ec511fb50cdf10d648416d508574d70e9781ddf156a1b2a86d2b385e94dc,100,1729,maximum_nontransitivity_information_gain,2000.0,3000.0
kata1-b6c96-s19408128-d3280178,22,2427.5278621377615,2252.8367994780974,2602.2189247974256,2459.07069597184,-31.542833834078465,2,a5803f8a5d9d87202b43d709cb328cedaf18c446af448f705c33d553e8c2e9f7,5170ec511fb50cdf10d648416d508574d70e9781ddf156a1b2a86d2b385e94dc,100,1729,maximum_nontransitivity_information_gain,2000.0,3000.0
kata1-b6c96-s19408128-d3280178,24,2461.781627752129,2298.5517604651786,2625.01149503908,2459.07069597184,2.710931780289229,2,a5803f8a5d9d87202b43d709cb328cedaf18c446af448f705c33d553e8c2e9f7,5170ec511fb50cdf10d648416d508574d70e9781ddf156a1b2a86d2b385e94dc,100,1729,maximum_nontransitivity_information_gain,2000.0,3000.0
kata1-b6c96-s19408128-d3280178,26,2464.7070585685037,2309.6594971323293,2619.754620004678,2459.07069597184,5.63636259666373,2,a5803f8a5d9d87202b43d709cb328cedaf18c446af448f705c33d553e8c2e9f7,5170ec511fb50cdf10d648416d508574d70e9781ddf156a1b2a86d2b385e94dc,100,1729,maximum_nontransitivity_information_gain,2000.0,3000.0
kata1-b6c96-s19408128-d3280178,28,2467.0837465488194,2319.042485540723,2615.1250075569155,2459.07069597184,8.013050576979367,2,a5803f8a5d9d87202b43d709cb328cedaf18c446af448f705c33d553e8c2e9f7,5170ec511fb50cdf10d648416d508574d70e9781ddf156a1b2a86d2b385e94dc,100,1729,maximum_nontransitivity_information_gain,2000.0,3000.0
kata1-b6c96-s19408128-d3280178,30,2454.51918488339,2312.0988813732747,2596.9394883935056,2459.07069597184,-4.551511088449843,2,a5803f8a5d9d87202b43d709cb328cedaf18c446af448f705c33d553e8c2e9f7,5170ec511fb50cdf10d648416d508574d70e9781ddf156a1b2a86d2b385e94dc,100,1729,maximum_nontransitivity_information_gain,2000.0,3000.0
kata1-b6c96-s19408128-d3280178,32,2457.3384775482195,2320.3410248217656,2594.3359302746735,2459.07069597184,-1.732218423620452,2,a5803f8a5d9d87202b43d709cb328cedaf18c446af448f705c33d553e8c2e9f7,5170ec511fb50cdf10d648416d508574d70e9781ddf156a1b2a86d2b385e94dc,100,1729,maximum_nontransitivity_information_gain,2000.0,3000.0
kata1-b6c96-s19408128-d3280178,34,2447.224236155483,2314.585212955423,2579.8632593555435,2459.07069597184,-11.846459816356855,2,a5803f8a5d9d87202b43d709cb328cedaf18c446af448f705c33d553e8c2e9f7,5170ec511fb50cdf10d648416d508574d70e9781ddf156a1b2a86d2b385e94dc,100,1729,maximum_nontransitivity_information_gain,2000.0,3000.0
kata1-b6c96-s19408128-d3280178,36,2419.038072460155,2289.4452834537483,2548.630861466562,2459.07069597184,-40.03262351168496,2,a5803f8a5d9d87202b43d709cb328cedaf18c446af448f705c33d553e8c2e9f7,5170ec511fb50cdf10d648416d508574d70e9781ddf156a1b2a86d2b385e94dc,100,1729,maximum_nontransitivity_information_gain,2000.0,3000.0
kata1-b6c96-s19408128-d3280178,38,2439.1467541893985,2314.3391451507823,2563.9543632280147,2459.07069597184,-19.92394178244149,2,a5803f8a5d9d87202b43d709cb328cedaf18c446af448f705c33d553e8c2e9f7,5170ec511fb50cdf10d648416d508574d70e9781ddf156a1b2a86d2b385e94dc,100,1729,maximum_nontransitivity_information_gain,2000.0,3000.0
kata1-b6c96-s19408128-d3280178,40,2435.8177564776342,2314.448870233639,2557.1866427216296,2459.07069597184,-23.252939494205748,2,a5803f8a5d9d87202b43d709cb328cedaf18c446af448f705c33d553e8c2e9f7,5170ec511fb50cdf10d648416d508574d70e9781ddf156a1b2a86d2b385e94dc,100,1729,maximum_nontransitivity_information_gain,2000.0,3000.0
kata1-b6c96-s19408128-d3280178,42,2412.910336874144,2294.0841220152024,2531.7365517330854,2459.07069597184,-46.16035909769607,2,a5803f8a5d9d87202b43d709cb328cedaf18c446af448f705c33d553e8c2e9f7,5170ec511fb50cdf10d648416d508574d70e9781ddf156a1b2a86d2b385e94dc,100,1729,maximum_nontransitivity_information_gain,2000.0,3000.0
kata1-b6c96-s19408128-d3280178,44,2411.31185372397,2295.5028371790063,2527.120870268934,2459.07069597184,-47.75884224786978,2,a5803f8a5d9d87202b43d709cb328cedaf18c446af448f705c33d553e8c2e9f7,5170ec511fb50cdf10d648416d508574d70e9781ddf156a1b2a86d2b385e94dc,100,1729,maximum_nontransitivity_information_gain,2000.0,3000.0
kata1-b6c96-s19408128-d3280178,46,2409.877610028741,2296.856627950309,2522.898592107173,2459.07069597184,-49.19308594309905,2,a5803f8a5d9d87202b43d709cb328cedaf18c446af448f705c33d553e8c2e9f7,5170ec511fb50cdf10d648416d508574d70e9781ddf156a1b2a86d2b385e94dc,100,1729,maximum_nontransitivity_information_gain,2000.0,3000.0
kata1-b6c96-s19408128-d3280178,48,2425.655319672145,2315.627319481964,2535.6833198623262,2459.07069597184,-33.4153762996948,2,a5803f8a5d9d87202b43d709cb328cedaf18c446af448f705c33d553e8c2e9f7,5170ec511fb50cdf10d648416d508574d70e9781ddf156a1b2a86d2b385e94dc,100,1729,maximum_nontransitivity_information_gain,2000.0,3000.0
kata1-b6c96-s19408128-d3280178,50,2431.8069035549543,2324.248877968782,2539.3649291411266,2459.07069597184,-27.263792416885735,2,a5803f8a5d9d87202b43d709cb328cedaf18c446af448f705c33d553e8c2e9f7,5170ec511fb50cdf10d648416d508574d70e9781ddf156a1b2a86d2b385e94dc,100,1729,maximum_nontransitivity_information_gain,2000.0,3000.0
kata1-b6c96-s19408128-d3280178,52,2418.891620661489,2313.293235701107,2524.490005621871,2459.07069597184,-40.17907531035098,2,a5803f8a5d9d87202b43d709cb328cedaf18c446af448f705c33d553e8c2e9f7,5170ec511fb50cdf10d648416d508574d70e9781ddf156a1b2a86d2b385e94dc,100,1729,maximum_nontransitivity_information_gain,2000.0,3000.0
kata1-b6c96-s19408128-d3280178,54,2417.3565409457947,2313.830319816205,2520.8827620753846,2459.07069597184,-41.71415502604532,2,a5803f8a5d9d87202b43d709cb328cedaf18c446af448f705c33d553e8c2e9f7,5170ec511fb50cdf10d648416d508574d70e9781ddf156a1b2a86d2b385e94dc,100,1729,maximum_nontransitivity_information_gain,2000.0,3000.0
kata1-b6c96-s19408128-d3280178,56,2430.249020389391,2328.863586072192,2531.6344547065896,2459.07069597184,-28.82167558244919,2,a5803f8a5d9d87202b43d709cb328cedaf18c446af448f705c33d553e8c2e9f7,5170ec511fb50cdf10d648416d508574d70e9781ddf156a1b2a86d2b385e94dc,100,1729,maximum_nontransitivity_information_gain,2000.0,3000.0
kata1-b6c96-s19408128-d3280178,58,2432.6181891176684,2333.062615252336,2532.173762983001,2459.07069597184,-26.452506854171588,2,a5803f8a5d9d87202b43d709cb328cedaf18c446af448f705c33d553e8c2e9f7,5170ec511fb50cdf10d648416d508574d70e9781ddf156a1b2a86d2b385e94dc,100,1729,maximum_nontransitivity_information_gain,2000.0,3000.0
kata1-b6c96-s19408128-d3280178,60,2434.822318519393,2336.990405547976,2532.6542314908097,2459.07069597184,-24.24837745244713,2,a5803f8a5d9d87202b43d709cb328cedaf18c446af448f705c33d553e8c2e9f7,5170ec511fb50cdf10d648416d508574d70e9781ddf156a1b2a86d2b385e94dc,100,1729,maximum_nontransitivity_information_gain,2000.0,3000.0
kata1-b6c96-s19408128-d3280178,62,2436.851888094222,2340.6474739304813,2533.0563022579627,2459.07069597184,-22.21880787761802,2,a5803f8a5d9d87202b43d709cb328cedaf18c446af448f705c33d553e8c2e9f7,5170ec511fb50cdf10d648416d508574d70e9781ddf156a1b2a86d2b385e94dc,100,1729,maximum_nontransitivity_information_gain,2000.0,3000.0
kata1-b6c96-s19408128-d3280178,64,2438.738048185527,2344.072846780097,2533.4032495909573,2459.07069597184,-20.33264778631292,2,a5803f8a5d9d87202b43d709cb328cedaf18c446af448f705c33d553e8c2e9f7,5170ec511fb50cdf10d648416d508574d70e9781ddf156a1b2a86d2b385e94dc,100,1729,maximum_nontransitivity_information_gain,2000.0,3000.0
kata1-b6c96-s19408128-d3280178,66,2448.7528930143008,2355.5757175782937,2541.9300684503078,2459.07069597184,-10.317802957539243,2,a5803f8a5d9d87202b43d709cb328cedaf18c446af448f705c33d553e8c2e9f7,5170ec511fb50cdf10d648416d508574d70e9781ddf156a1b2a86d2b385e94dc,100,1729,maximum_nontransitivity_information_gain,2000.0,3000.0
kata1-b6c96-s19408128-d3280178,68,2461.5842400820975,2369.773008539243,2553.395471624952,2459.07069597184,2.5135441102574987,2,a5803f8a5d9d87202b43d709cb328cedaf18c446af448f705c33d553e8c2e9f7,5170ec511fb50cdf10d648416d508574d70e9781ddf156a1b2a86d2b385e94dc,100,1729,maximum_nontransitivity_information_gain,2000.0,3000.0
kata1-b6c96-s19408128-d3280178,70,2451.44279151728,2360.9610858150036,2541.9244972195565,2459.07069597184,-7.627904454559939,2,a5803f8a5d9d87202b43d709cb328cedaf18c446af448f705c33d553e8c2e9f7,5170ec511fb50cdf10d648416d508574d70e9781ddf156a1b2a86d2b385e94dc,100,1729,maximum_nontransitivity_information_gain,2000.0,3000.0
kata1-b6c96-s19408128-d3280178,72,2441.9248169855614,2352.6418500118584,2531.2077839592644,2459.07069597184,-17.145878986278603,2,a5803f8a5d9d87202b43d709cb328cedaf18c446af448f705c33d553e8c2e9f7,5170ec511fb50cdf10d648416d508574d70e9781ddf156a1b2a86d2b385e94dc,100,1729,maximum_nontransitivity_information_gain,2000.0,3000.0
kata1-b6c96-s19408128-d3280178,74,2429.627891948,2341.4331233589905,2517.8226605370096,2459.07069597184,-29.442804023839926,2,a5803f8a5d9d87202b43d709cb328cedaf18c446af448f705c33d553e8c2e9f7,5170ec511fb50cdf10d648416d508574d70e9781ddf156a1b2a86d2b385e94dc,100,1729,maximum_nontransitivity_information_gain,2000.0,3000.0
kata1-b6c96-s19408128-d3280178,76,2438.498646541358,2351.531622713223,2525.465670369493,2459.07069597184,-20.57204943048191,2,a5803f8a5d9d87202b43d709cb328cedaf18c446af448f705c33d553e8c2e9f7,5170ec511fb50cdf10d648416d508574d70e9781ddf156a1b2a86d2b385e94dc,100,1729,maximum_nontransitivity_information_gain,2000.0,3000.0
kata1-b6c96-s19408128-d3280178,78,2436.937197310439,2351.0557194717708,2522.818675149107,2459.07069597184,-22.133498661401063,2,a5803f8a5d9d87202b43d709cb328cedaf18c446af448f705c33d553e8c2e9f7,5170ec511fb50cdf10d648416d508574d70e9781ddf156a1b2a86d2b385e94dc,100,1729,maximum_nontransitivity_information_gain,2000.0,3000.0
kata1-b6c96-s19408128-d3280178,80,2435.445485714076,2350.605698550689,2520.285272877463,2459.07069597184,-23.625210257764138,2,a5803f8a5d9d87202b43d709cb328cedaf18c446af448f705c33d553e8c2e9f7,5170ec511fb50cdf10d648416d508574d70e9781ddf156a1b2a86d2b385e94dc,100,1729,maximum_nontransitivity_information_gain,2000.0,3000.0
kata1-b6c96-s19408128-d3280178,82,2441.7429242090166,2357.8575154836108,2525.6283329344224,2459.07069597184,-17.32777176282343,2,a5803f8a5d9d87202b43d709cb328cedaf18c446af448f705c33d553e8c2e9f7,5170ec511fb50cdf10d648416d508574d70e9781ddf156a1b2a86d2b385e94dc,100,1729,maximum_nontransitivity_information_gain,2000.0,3000.0
kata1-b6c96-s19408128-d3280178,84,2438.382838140305,2355.3941758990172,2521.371500381593,2459.07069597184,-20.687857831534984,2,a5803f8a5d9d87202b43d709cb328cedaf18c446af448f705c33d553e8c2e9f7,5170ec511fb50cdf10d648416d508574d70e9781ddf156a1b2a86d2b385e94dc,100,1729,maximum_nontransitivity_information_gain,2000.0,3000.0
kata1-b6c96-s19408128-d3280178,86,2444.3144067637327,2362.1754294483353,2526.45338407913,2459.07069597184,-14.756289208107319,2,a5803f8a5d9d87202b43d709cb328cedaf18c446af448f705c33d553e8c2e9f7,5170ec511fb50cdf10d648416d508574d70e9781ddf156a1b2a86d2b385e94dc,100,1729,maximum_nontransitivity_information_gain,2000.0,3000.0
kata1-b6c96-s19408128-d3280178,88,2445.4809050355557,2364.2350817260185,2526.726728345093,2459.07069597184,-13.589790936284317,2,a5803f8a5d9d87202b43d709cb328cedaf18c446af448f705c33d553e8c2e9f7,5170ec511fb50cdf10d648416d508574d70e9781ddf156a1b2a86d2b385e94dc,100,1729,maximum_nontransitivity_information_gain,2000.0,3000.0
kata1-b6c96-s19408128-d3280178,90,2446.6038643348115,2366.217164091121,2526.990564578502,2459.07069597184,-12.466831637028463,2,a5803f8a5d9d87202b43d709cb328cedaf18c446af448f705c33d553e8c2e9f7,5170ec511fb50cdf10d648416d508574d70e9781ddf156a1b2a86d2b385e94dc,100,1729,maximum_nontransitivity_information_gain,2000.0,3000.0
kata1-b6c96-s19408128-d3280178,92,2449.6301135613153,2370.0014942437288,2529.258732878902,2459.07069597184,-9.440582410524712,2,a5803f8a5d9d87202b43d709cb328cedaf18c446af448f705c33d553e8c2e9f7,5170ec511fb50cdf10d648416d508574d70e9781ddf156a1b2a86d2b385e94dc,100,1729,maximum_nontransitivity_information_gain,2000.0,3000.0
kata1-b6c96-s19408128-d3280178,94,2444.229047918235,2365.3485119159936,2523.109583920477,2459.07069597184,-14.841648053604786,2,a5803f8a5d9d87202b43d709cb328cedaf18c446af448f705c33d553e8c2e9f7,5170ec511fb50cdf10d648416d508574d70e9781ddf156a1b2a86d2b385e94dc,100,1729,maximum_nontransitivity_information_gain,2000.0,3000.0
kata1-b6c96-s19408128-d3280178,96,2449.417035635494,2371.2443237165658,2527.589747554422,2459.07069597184,-9.653660336346093,2,a5803f8a5d9d87202b43d709cb328cedaf18c446af448f705c33d553e8c2e9f7,5170ec511fb50cdf10d648416d508574d70e9781ddf156a1b2a86d2b385e94dc,100,1729,maximum_nontransitivity_information_gain,2000.0,3000.0
kata1-b6c96-s19408128-d3280178,98,2442.5471390177627,2365.133985657234,2519.9602923782913,2459.07069597184,-16.52355695407732,2,a5803f8a5d9d87202b43d709cb328cedaf18c446af448f705c33d553e8c2e9f7,5170ec511fb50cdf10d648416d508574d70e9781ddf156a1b2a86d2b385e94dc,100,1729,maximum_nontransitivity_information_gain,2000.0,3000.0
kata1-b6c96-s19408128-d3280178,100,2433.5303981760408,2356.839278644089,2510.2215177079925,2459.07069597184,-25.540297795799233,2,a5803f8a5d9d87202b43d709cb328cedaf18c446af448f705c33d553e8c2e9f7,5170ec511fb50cdf10d648416d508574d70e9781ddf156a1b2a86d2b385e94dc,100,1729,maximum_nontransitivity_information_gain,2000.0,3000.0
kata1-b6c96-s21371392-d3529696,2,2012.454449830115,1528.4941640190732,2496.4147356411568,2583.1844176865825,-570.7299678564675,2,a5803f8a5d9d87202b43d709cb328cedaf18c446af448f705c33d553e8c2e9f7,5170ec511fb50cdf10d648416d508574d70e9781ddf156a1b2a86d2b385e94dc,100,1729,maximum_nontransitivity_information_gain,2000.0,3000.0
kata1-b6c96-s21371392-d3529696,4,2191.7999268636477,1797.2677010650407,2586.332152662255,2583.1844176865825,-391.3844908229348,2,a5803f8a5d9d87202b43d709cb328cedaf18c446af448f705c33d553e8c2e9f7,5170ec511fb50cdf10d648416d508574d70e9781ddf156a1b2a86d2b385e94dc,100,1729,maximum_nontransitivity_information_gain,2000.0,3000.0
kata1-b6c96-s21371392-d3529696,6,2346.4552104033382,1967.4637388762212,2725.4466819304553,2583.1844176865825,-236.72920728324425,2,a5803f8a5d9d87202b43d709cb328cedaf18c446af448f705c33d553e8c2e9f7,5170ec511fb50cdf10d648416d508574d70e9781ddf156a1b2a86d2b385e94dc,100,1729,maximum_nontransitivity_information_gain,2000.0,3000.0
kata1-b6c96-s21371392-d3529696,8,2494.1901820781277,2118.6456597793454,2869.73470437691,2583.1844176865825,-88.9942356084548,2,a5803f8a5d9d87202b43d709cb328cedaf18c446af448f705c33d553e8c2e9f7,5170ec511fb50cdf10d648416d508574d70e9781ddf156a1b2a86d2b385e94dc,100,1729,maximum_nontransitivity_information_gain,2000.0,3000.0
kata1-b6c96-s21371392-d3529696,10,2656.986600221324,2279.1134920901795,3034.8597083524683,2583.1844176865825,73.8021825347414,2,a5803f8a5d9d87202b43d709cb328cedaf18c446af448f705c33d553e8c2e9f7,5170ec511fb50cdf10d648416d508574d70e9781ddf156a1b2a86d2b385e94dc,100,1729,maximum_nontransitivity_information_gain,2000.0,3000.0
kata1-b6c96-s21371392-d3529696,12,2533.653577850239,2267.9865007982407,2799.320654902237,2583.1844176865825,-49.5308398363436,2,a5803f8a5d9d87202b43d709cb328cedaf18c446af448f705c33d553e8c2e9f7,5170ec511fb50cdf10d648416d508574d70e9781ddf156a1b2a86d2b385e94dc,100,1729,maximum_nontransitivity_information_gain,2000.0,3000.0
kata1-b6c96-s21371392-d3529696,14,2524.7971396498333,2292.332677120946,2757.2616021787208,2583.1844176865825,-58.387278036749194,2,a5803f8a5d9d87202b43d709cb328cedaf18c446af448f705c33d553e8c2e9f7,5170ec511fb50cdf10d648416d508574d70e9781ddf156a1b2a86d2b385e94dc,100,1729,maximum_nontransitivity_information_gain,2000.0,3000.0
kata1-b6c96-s21371392-d3529696,16,2456.311868600407,2251.3033452255795,2661.320391975234,2583.1844176865825,-126.8725490861757,2,a5803f8a5d9d87202b43d709cb328cedaf18c446af448f705c33d553e8c2e9f7,5170ec511fb50cdf10d648416d508574d70e9781ddf156a1b2a86d2b385e94dc,100,1729,maximum_nontransitivity_information_gain,2000.0,3000.0
kata1-b6c96-s21371392-d3529696,18,2482.6376097096095,2292.2065069682426,2673.0687124509764,2583.1844176865825,-100.54680797697301,2,a5803f8a5d9d87202b43d709cb328cedaf18c446af448f705c33d553e8c2e9f7,5170ec511fb50cdf10d648416d508574d70e9781ddf156a1b2a86d2b385e94dc,100,1729,maximum_nontransitivity_information_gain,2000.0,3000.0
kata1-b6c96-s21371392-d3529696,20,2525.9796112392205,2345.061272628839,2706.897949849602,2583.1844176865825,-57.20480644736199,2,a5803f8a5d9d87202b43d709cb328cedaf18c446af448f705c33d553e8c2e9f7,5170ec511fb50cdf10d648416d508574d70e9781ddf156a1b2a86d2b385e94dc,100,1729,maximum_nontransitivity_information_gain,2000.0,3000.0
kata1-b6c96-s21371392-d3529696,22,2565.2867553093756,2391.1379889626646,2739.4355216560866,2583.1844176865825,-17.89766237720687,2,a5803f8a5d9d87202b43d709cb328cedaf18c446af448f705c33d553e8c2e9f7,5170ec511fb50cdf10d648416d508574d70e9781ddf156a1b2a86d2b385e94dc,100,1729,maximum_nontransitivity_information_gain,2000.0,3000.0
kata1-b6c96-s21371392-d3529696,24,2569.444417368967,2404.658978309001,2734.229856428933,2583.1844176865825,-13.74000031761534,2,a5803f8a5d9d87202b43d709cb328cedaf18c446af448f705c33d553e8c2e9f7,5170ec511fb50cdf10d648416d508574d70e9781ddf156a1b2a86d2b385e94dc,100,1729,maximum_nontransitivity_information_gain,2000.0,3000.0
kata1-b6c96-s21371392-d3529696,26,2555.100621285038,2399.753162232129,2710.448080337947,2583.1844176865825,-28.083796401544532,2,a5803f8a5d9d87202b43d709cb328cedaf18c446af448f705c33d553e8c2e9f7,5170ec511fb50cdf10d648416d508574d70e9781ddf156a1b2a86d2b385e94dc,100,1729,maximum_nontransitivity_information_gain,2000.0,3000.0
kata1-b6c96-s21371392-d3529696,28,2543.510184545477,2395.669399173707,2691.350969917247,2583.1844176865825,-39.67423314110556,2,a5803f8a5d9d87202b43d709cb328cedaf18c446af448f705c33d553e8c2e9f7,5170ec511fb50cdf10d648416d508574d70e9781ddf156a1b2a86d2b385e94dc,100,1729,maximum_nontransitivity_information_gain,2000.0,3000.0
kata1-b6c96-s21371392-d3529696,30,2539.5295401086987,2397.794364098273,2681.2647161191244,2583.1844176865825,-43.65487757788378,2,a5803f8a5d9d87202b43d709cb328cedaf18c446af448f705c33d553e8c2e9f7,5170ec511fb50cdf10d648416d508574d70e9781ddf156a1b2a86d2b385e94dc,100,1729,maximum_nontransitivity_information_gain,2000.0,3000.0
kata1-b6c96-s21371392-d3529696,32,2563.060153090693,2425.3528539581357,2700.76745222325,2583.1844176865825,-20.1242645958896,2,a5803f8a5d9d87202b43d709cb328cedaf18c446af448f705c33d553e8c2e9f7,5170ec511fb50cdf10d648416d508574d70e9781ddf156a1b2a86d2b385e94dc,100,1729,maximum_nontransitivity_information_gain,2000.0,3000.0
kata1-b6c96-s21371392-d3529696,34,2540.790355172186,2408.837459704563,2672.743250639809,2583.1844176865825,-42.39406251439641,2,a5803f8a5d9d87202b43d709cb328cedaf18c446af448f705c33d553e8c2e9f7,5170ec511fb50cdf10d648416d508574d70e9781ddf156a1b2a86d2b385e94dc,100,1729,maximum_nontransitivity_information_gain,2000.0,3000.0
kata1-b6c96-s21371392-d3529696,36,2537.743323184993,2410.0775013011935,2665.409145068793,2583.1844176865825,-45.441094501589305,2,a5803f8a5d9d87202b43d709cb328cedaf18c446af448f705c33d553e8c2e9f7,5170ec511fb50cdf10d648416d508574d70e9781ddf156a1b2a86d2b385e94dc,100,1729,maximum_nontransitivity_information_gain,2000.0,3000.0
kata1-b6c96-s21371392-d3529696,38,2524.244702247209,2400.702699933758,2647.7867045606595,2583.1844176865825,-58.939715439373686,2,a5803f8a5d9d87202b43d709cb328cedaf18c446af448f705c33d553e8c2e9f7,5170ec511fb50cdf10d648416d508574d70e9781ddf156a1b2a86d2b385e94dc,100,1729,maximum_nontransitivity_information_gain,2000.0,3000.0
kata1-b6c96-s21371392-d3529696,40,2520.2161632607185,2400.1493558091324,2640.2829707123046,2583.1844176865825,-62.96825442586396,2,a5803f8a5d9d87202b43d709cb328cedaf18c446af448f705c33d553e8c2e9f7,5170ec511fb50cdf10d648416d508574d70e9781ddf156a1b2a86d2b385e94dc,100,1729,maximum_nontransitivity_information_gain,2000.0,3000.0
kata1-b6c96-s21371392-d3529696,42,2536.124516621135,2418.756682252656,2653.4923509896144,2583.1844176865825,-47.05990106544732,2,a5803f8a5d9d87202b43d709cb328cedaf18c446af448f705c33d553e8c2e9f7,5170ec511fb50cdf10d648416d508574d70e9781ddf156a1b2a86d2b385e94dc,100,1729,maximum_nontransitivity_information_gain,2000.0,3000.0
kata1-b6c96-s21371392-d3529696,44,2552.4684122095287,2437.4003027827384,2667.536521636319,2583.1844176865825,-30.71600547705384,2,a5803f8a5d9d87202b43d709cb328cedaf18c446af448f705c33d553e8c2e9f7,5170ec511fb50cdf10d648416d508574d70e9781ddf156a1b2a86d2b385e94dc,100,1729,maximum_nontransitivity_information_gain,2000.0,3000.0
kata1-b6c96-s21371392-d3529696,46,2555.0220313810573,2442.59574471997,2667.448318042145,2583.1844176865825,-28.16238630552516,2,a5803f8a5d9d87202b43d709cb328cedaf18c446af448f705c33d553e8c2e9f7,5170ec511fb50cdf10d648416d508574d70e9781ddf156a1b2a86d2b385e94dc,100,1729,maximum_nontransitivity_information_gain,2000.0,3000.0
kata1-b6c96-s21371392-d3529696,48,2557.332449964982,2447.3699443759224,2667.2949555540417,2583.1844176865825,-25.85196772160043,2,a5803f8a5d9d87202b43d709cb328cedaf18c446af448f705c33d553e8c2e9f7,5170ec511fb50cdf10d648416d508574d70e9781ddf156a1b2a86d2b385e94dc,100,1729,maximum_nontransitivity_information_gain,2000.0,3000.0
kata1-b6c96-s21371392-d3529696,50,2559.4320276487856,2451.772321605215,2667.0917336923562,2583.1844176865825,-23.752390037796886,2,a5803f8a5d9d87202b43d709cb328cedaf18c446af448f705c33d553e8c2e9f7,5170ec511fb50cdf10d648416d508574d70e9781ddf156a1b2a86d2b385e94dc,100,1729,maximum_nontransitivity_information_gain,2000.0,3000.0
kata1-b6c96-s21371392-d3529696,52,2547.2344386514137,2442.0614666830193,2652.407410619808,2583.1844176865825,-35.94997903516878,2,a5803f8a5d9d87202b43d709cb328cedaf18c446af448f705c33d553e8c2e9f7,5170ec511fb50cdf10d648416d508574d70e9781ddf156a1b2a86d2b385e94dc,100,1729,maximum_nontransitivity_information_gain,2000.0,3000.0
kata1-b6c96-s21371392-d3529696,54,2534.8288221179782,2431.862099387378,2637.7955448485786,2583.1844176865825,-48.35559556860426,2,a5803f8a5d9d87202b43d709cb328cedaf18c446af448f705c33d553e8c2e9f7,5170ec511fb50cdf10d648416d508574d70e9781ddf156a1b2a86d2b385e94dc,100,1729,maximum_nontransitivity_information_gain,2000.0,3000.0
kata1-b6c96-s21371392-d3529696,56,2547.345181641332,2446.110376978154,2648.5799863045104,2583.1844176865825,-35.839236045250345,2,a5803f8a5d9d87202b43d709cb328cedaf18c446af448f705c33d553e8c2e9f7,5170ec511fb50cdf10d648416d508574d70e9781ddf156a1b2a86d2b385e94dc,100,1729,maximum_nontransitivity_information_gain,2000.0,3000.0
kata1-b6c96-s21371392-d3529696,58,2563.172159564798,2463.408320645461,2662.9359984841353,2583.1844176865825,-20.01225812178427,2,a5803f8a5d9d87202b43d709cb328cedaf18c446af448f705c33d553e8c2e9f7,5170ec511fb50cdf10d648416d508574d70e9781ddf156a1b2a86d2b385e94dc,100,1729,maximum_nontransitivity_information_gain,2000.0,3000.0
kata1-b6c96-s21371392-d3529696,60,2565.9182679234095,2467.802799827197,2664.033736019622,2583.1844176865825,-17.26614976317296,2,a5803f8a5d9d87202b43d709cb328cedaf18c446af448f705c33d553e8c2e9f7,5170ec511fb50cdf10d648416d508574d70e9781ddf156a1b2a86d2b385e94dc,100,1729,maximum_nontransitivity_information_gain,2000.0,3000.0
kata1-b6c96-s21371392-d3529696,62,2568.4687821008906,2471.92234364111,2665.0152205606714,2583.1844176865825,-14.71563558569187,2,a5803f8a5d9d87202b43d709cb328cedaf18c446af448f705c33d553e8c2e9f7,5170ec511fb50cdf10d648416d508574d70e9781ddf156a1b2a86d2b385e94dc,100,1729,maximum_nontransitivity_information_gain,2000.0,3000.0
kata1-b6c96-s21371392-d3529696,64,2570.8540889303717,2475.8021134586857,2665.906064402058,2583.1844176865825,-12.330328756210747,2,a5803f8a5d9d87202b43d709cb328cedaf18c446af448f705c33d553e8c2e9f7,5170ec511fb50cdf10d648416d508574d70e9781ddf156a1b2a86d2b385e94dc,100,1729,maximum_nontransitivity_information_gain,2000.0,3000.0
kata1-b6c96-s21371392-d3529696,66,2561.0704691748942,2467.6389846201887,2654.5019537296,2583.1844176865825,-22.11394851168825,2,a5803f8a5d9d87202b43d709cb328cedaf18c446af448f705c33d553e8c2e9f7,5170ec511fb50cdf10d648416d508574d70e9781ddf156a1b2a86d2b385e94dc,100,1729,maximum_nontransitivity_information_gain,2000.0,3000.0
kata1-b6c96-s21371392-d3529696,68,2562.428907510939,2470.3755432030694,2654.482271818809,2583.1844176865825,-20.755510175643394,2,a5803f8a5d9d87202b43d709cb328cedaf18c446af448f705c33d553e8c2e9f7,5170ec511fb50cdf10d648416d508574d70e9781ddf156a1b2a86d2b385e94dc,100,1729,maximum_nontransitivity_information_gain,2000.0,3000.0
kata1-b6c96-s21371392-d3529696,70,2563.7112011532345,2472.9688453037134,2654.4535570027556,2583.1844176865825,-19.473216533348022,2,a5803f8a5d9d87202b43d709cb328cedaf18c446af448f705c33d553e8c2e9f7,5170ec511fb50cdf10d648416d508574d70e9781ddf156a1b2a86d2b385e94dc,100,1729,maximum_nontransitivity_information_gain,2000.0,3000.0
kata1-b6c96-s21371392-d3529696,72,2555.0550287525634,2465.620654788225,2644.489402716902,2583.1844176865825,-28.12938893401906,2,a5803f8a5d9d87202b43d709cb328cedaf18c446af448f705c33d553e8c2e9f7,5170ec511fb50cdf10d648416d508574d70e9781ddf156a1b2a86d2b385e94dc,100,1729,maximum_nontransitivity_information_gain,2000.0,3000.0
kata1-b6c96-s21371392-d3529696,74,2546.00380703657,2457.7736751017137,2634.233938971426,2583.1844176865825,-37.18061065001257,2,a5803f8a5d9d87202b43d709cb328cedaf18c446af448f705c33d553e8c2e9f7,5170ec511fb50cdf10d648416d508574d70e9781ddf156a1b2a86d2b385e94dc,100,1729,maximum_nontransitivity_information_gain,2000.0,3000.0
kata1-b6c96-s21371392-d3529696,76,2534.303361820449,2447.186267054595,2621.420456586303,2583.1844176865825,-48.881055866133465,2,a5803f8a5d9d87202b43d709cb328cedaf18c446af448f705c33d553e8c2e9f7,5170ec511fb50cdf10d648416d508574d70e9781ddf156a1b2a86d2b385e94dc,100,1729,maximum_nontransitivity_information_gain,2000.0,3000.0
kata1-b6c96-s21371392-d3529696,78,2542.1013361943337,2456.09204244278,2628.1106299458875,2583.1844176865825,-41.083081492248766,2,a5803f8a5d9d87202b43d709cb328cedaf18c446af448f705c33d553e8c2e9f7,5170ec511fb50cdf10d648416d508574d70e9781ddf156a1b2a86d2b385e94dc,100,1729,maximum_nontransitivity_information_gain,2000.0,3000.0
kata1-b6c96-s21371392-d3529696,80,2535.97646886556,2451.013606374006,2620.939331357114,2583.1844176865825,-47.207948821022455,2,a5803f8a5d9d87202b43d709cb328cedaf18c446af448f705c33d553e8c2e9f7,5170ec511fb50cdf10d648416d508574d70e9781ddf156a1b2a86d2b385e94dc,100,1729,maximum_nontransitivity_information_gain,2000.0,3000.0
kata1-b6c96-s21371392-d3529696,82,2543.316094195354,2459.3473849717193,2627.2848034189883,2583.1844176865825,-39.86832349122869,2,a5803f8a5d9d87202b43d709cb328cedaf18c446af448f705c33d553e8c2e9f7,5170ec511fb50cdf10d648416d508574d70e9781ddf156a1b2a86d2b385e94dc,100,1729,maximum_nontransitivity_information_gain,2000.0,3000.0
kata1-b6c96-s21371392-d3529696,84,2551.220926102951,2468.179533720753,2634.262318485149,2583.1844176865825,-31.963491583631367,2,a5803f8a5d9d87202b43d709cb328cedaf18c446af448f705c33d553e8c2e9f7,5170ec511fb50cdf10d648416d508574d70e9781ddf156a1b2a86d2b385e94dc,100,1729,maximum_nontransitivity_information_gain,2000.0,3000.0
kata1-b6c96-s21371392-d3529696,86,2552.5243609723875,2470.401379213681,2634.647342731094,2583.1844176865825,-30.66005671419498,2,a5803f8a5d9d87202b43d709cb328cedaf18c446af448f705c33d553e8c2e9f7,5170ec511fb50cdf10d648416d508574d70e9781ddf156a1b2a86d2b385e94dc,100,1729,maximum_nontransitivity_information_gain,2000.0,3000.0
kata1-b6c96-s21371392-d3529696,88,2545.809232439072,2464.5838023025194,2627.034662575624,2583.1844176865825,-37.37518524751067,2,a5803f8a5d9d87202b43d709cb328cedaf18c446af448f705c33d553e8c2e9f7,5170ec511fb50cdf10d648416d508574d70e9781ddf156a1b2a86d2b385e94dc,100,1729,maximum_nontransitivity_information_gain,2000.0,3000.0
kata1-b6c96-s21371392-d3529696,90,2543.611063478702,2463.235280740315,2623.986846217089,2583.1844176865825,-39.573354207880584,2,a5803f8a5d9d87202b43d709cb328cedaf18c446af448f705c33d553e8c2e9f7,5170ec511fb50cdf10d648416d508574d70e9781ddf156a1b2a86d2b385e94dc,100,1729,maximum_nontransitivity_information_gain,2000.0,3000.0
kata1-b6c96-s21371392-d3529696,92,2546.618637108803,2467.0636817045565,2626.1735925130492,2583.1844176865825,-36.565780577779606,2,a5803f8a5d9d87202b43d709cb328cedaf18c446af448f705c33d553e8c2e9f7,5170ec511fb50cdf10d648416d508574d70e9781ddf156a1b2a86d2b385e94dc,100,1729,maximum_nontransitivity_information_gain,2000.0,3000.0
kata1-b6c96-s21371392-d3529696,94,2552.7410987509206,2473.9302431863985,2631.551954315443,2583.1844176865825,-30.443318935661864,2,a5803f8a5d9d87202b43d709cb328cedaf18c446af448f705c33d553e8c2e9f7,5170ec511fb50cdf10d648416d508574d70e9781ddf156a1b2a86d2b385e94dc,100,1729,maximum_nontransitivity_information_gain,2000.0,3000.0
kata1-b6c96-s21371392-d3529696,96,2561.824195723726,2483.708254005235,2639.940137442217,2583.1844176865825,-21.360221962856485,2,a5803f8a5d9d87202b43d709cb328cedaf18c446af448f705c33d553e8c2e9f7,5170ec511fb50cdf10d648416d508574d70e9781ddf156a1b2a86d2b385e94dc,100,1729,maximum_nontransitivity_information_gain,2000.0,3000.0
kata1-b6c96-s21371392-d3529696,98,2555.6233106945965,2478.3029561010717,2632.9436652881213,2583.1844176865825,-27.56110699198598,2,a5803f8a5d9d87202b43d709cb328cedaf18c446af448f705c33d553e8c2e9f7,5170ec511fb50cdf10d648416d508574d70e9781ddf156a1b2a86d2b385e94dc,100,1729,maximum_nontransitivity_information_gain,2000.0,3000.0
kata1-b6c96-s21371392-d3529696,100,2549.0347092462716,2472.4652873584832,2625.60413113406,2583.1844176865825,-34.14970844031086,2,a5803f8a5d9d87202b43d709cb328cedaf18c446af448f705c33d553e8c2e9f7,5170ec511fb50cdf10d648416d508574d70e9781ddf156a1b2a86d2b385e94dc,100,1729,maximum_nontransitivity_information_gain,2000.0,3000.0
kata1-b6c96-s23401472-d3742377,2,2012.2987609418992,1528.398940374731,2496.1985815090675,2641.1801735242348,-628.8814125823355,2,a5803f8a5d9d87202b43d709cb328cedaf18c446af448f705c33d553e8c2e9f7,5170ec511fb50cdf10d648416d508574d70e9781ddf156a1b2a86d2b385e94dc,100,1729,maximum_nontransitivity_information_gain,2000.0,3000.0
kata1-b6c96-s23401472-d3742377,4,2191.626676632674,1797.12980233948,2586.123550925868,2641.1801735242348,-449.5534968915608,2,a5803f8a5d9d87202b43d709cb328cedaf18c446af448f705c33d553e8c2e9f7,5170ec511fb50cdf10d648416d508574d70e9781ddf156a1b2a86d2b385e94dc,100,1729,maximum_nontransitivity_information_gain,2000.0,3000.0
kata1-b6c96-s23401472-d3742377,6,2346.04721213119,1967.1129177796565,2724.9815064827235,2641.1801735242348,-295.13296139304475,2,a5803f8a5d9d87202b43d709cb328cedaf18c446af448f705c33d553e8c2e9f7,5170ec511fb50cdf10d648416d508574d70e9781ddf156a1b2a86d2b385e94dc,100,1729,maximum_nontransitivity_information_gain,2000.0,3000.0
kata1-b6c96-s23401472-d3742377,8,2492.9160437958144,2117.5561189678933,2868.2759686237355,2641.1801735242348,-148.26412972842036,2,a5803f8a5d9d87202b43d709cb328cedaf18c446af448f705c33d553e8c2e9f7,5170ec511fb50cdf10d648416d508574d70e9781ddf156a1b2a86d2b385e94dc,100,1729,maximum_nontransitivity_information_gain,2000.0,3000.0
kata1-b6c96-s23401472-d3742377,10,2492.200630431012,2195.460817706376,2788.940443155648,2641.1801735242348,-148.97954309322267,2,a5803f8a5d9d87202b43d709cb328cedaf18c446af448f705c33d553e8c2e9f7,5170ec511fb50cdf10d648416d508574d70e9781ddf156a1b2a86d2b385e94dc,100,1729,maximum_nontransitivity_information_gain,2000.0,3000.0
kata1-b6c96-s23401472-d3742377,12,2491.8858883006733,2238.465576363637,2745.3062002377096,2641.1801735242348,-149.29428522356147,2,a5803f8a5d9d87202b43d709cb328cedaf18c446af448f705c33d553e8c2e9f7,5170ec511fb50cdf10d648416d508574d70e9781ddf156a1b2a86d2b385e94dc,100,1729,maximum_nontransitivity_information_gain,2000.0,3000.0
kata1-b6c96-s23401472-d3742377,14,2563.7531194932235,2323.4204458533095,2804.0857931331375,2641.1801735242348,-77.42705403101127,2,a5803f8a5d9d87202b43d709cb328cedaf18c446af448f705c33d553e8c2e9f7,5170ec511fb50cdf10d648416d508574d70e9781ddf156a1b2a86d2b385e94dc,100,1729,maximum_nontransitivity_information_gain,2000.0,3000.0
kata1-b6c96-s23401472-d3742377,16,2566.914451436473,2350.6114387239422,2783.2174641490037,2641.1801735242348,-74.26572208776179,2,a5803f8a5d9d87202b43d709cb328cedaf18c446af448f705c33d553e8c2e9f7,5170ec511fb50cdf10d648416d508574d70e9781ddf156a1b2a86d2b385e94dc,100,1729,maximum_nontransitivity_information_gain,2000.0,3000.0
kata1-b6c96-s23401472-d3742377,18,2513.2759768372894,2321.2146570716004,2705.3372966029783,2641.1801735242348,-127.9041966869454,2,a5803f8a5d9d87202b43d709cb328cedaf18c446af448f705c33d553e8c2e9f7,5170ec511fb50cdf10d648416d508574d70e9781ddf156a1b2a86d2b385e94dc,100,1729,maximum_nontransitivity_information_gain,2000.0,3000.0
kata1-b6c96-s23401472-d3742377,20,2510.3090613276277,2331.481220618456,2689.1369020367993,2641.1801735242348,-130.8711121966071,2,a5803f8a5d9d87202b43d709cb328cedaf18c446af448f705c33d553e8c2e9f7,5170ec511fb50cdf10d648416d508574d70e9781ddf156a1b2a86d2b385e94dc,100,1729,maximum_nontransitivity_information_gain,2000.0,3000.0
kata1-b6c96-s23401472-d3742377,22,2508.0511070570706,2339.9437523025576,2676.1584618115835,2641.1801735242348,-133.1290664671642,2,a5803f8a5d9d87202b43d709cb328cedaf18c446af448f705c33d553e8c2e9f7,5170ec511fb50cdf10d648416d508574d70e9781ddf156a1b2a86d2b385e94dc,100,1729,maximum_nontransitivity_information_gain,2000.0,3000.0
kata1-b6c96-s23401472-d3742377,24,2466.2146723318474,2308.2775514101068,2624.151793253588,2641.1801735242348,-174.96550119238736,2,a5803f8a5d9d87202b43d709cb328cedaf18c446af448f705c33d553e8c2e9f7,5170ec511fb50cdf10d648416d508574d70e9781ddf156a1b2a86d2b385e94dc,100,1729,maximum_nontransitivity_information_gain,2000.0,3000.0
kata1-b6c96-s23401472-d3742377,26,2498.4997584259168,2347.0608024412127,2649.938714410621,2641.1801735242348,-142.680415098318,2,a5803f8a5d9d87202b43d709cb328cedaf18c446af448f705c33d553e8c2e9f7,5170ec511fb50cdf10d648416d508574d70e9781ddf156a1b2a86d2b385e94dc,100,1729,maximum_nontransitivity_information_gain,2000.0,3000.0
kata1-b6c96-s23401472-d3742377,28,2528.4497836521605,2381.951813722956,2674.947753581365,2641.1801735242348,-112.73038987207428,2,a5803f8a5d9d87202b43d709cb328cedaf18c446af448f705c33d553e8c2e9f7,5170ec511fb50cdf10d648416d508574d70e9781ddf156a1b2a86d2b385e94dc,100,1729,maximum_nontransitivity_information_gain,2000.0,3000.0
kata1-b6c96-s23401472-d3742377,30,2561.7317309089667,2418.7507505210942,2704.712711296839,2641.1801735242348,-79.44844261526805,2,a5803f8a5d9d87202b43d709cb328cedaf18c446af448f705c33d553e8c2e9f7,5170ec511fb50cdf10d648416d508574d70e9781ddf156a1b2a86d2b385e94dc,100,1729,maximum_nontransitivity_information_gain,2000.0,3000.0
kata1-b6c96-s23401472-d3742377,32,2551.2595969509507,2414.4179118863613,2688.10128201554,2641.1801735242348,-89.92057657328405,2,a5803f8a5d9d87202b43d709cb328cedaf18c446af448f705c33d553e8c2e9f7,5170ec511fb50cdf10d648416d508574d70e9781ddf156a1b2a86d2b385e94dc,100,1729,maximum_nontransitivity_information_gain,2000.0,3000.0
kata1-b6c96-s23401472-d3742377,34,2528.457146556067,2397.3857881062604,2659.5285050058737,2641.1801735242348,-112.72302696816769,2,a5803f8a5d9d87202b43d709cb328cedaf18c446af448f705c33d553e8c2e9f7,5170ec511fb50cdf10d648416d508574d70e9781ddf156a1b2a86d2b385e94dc,100,1729,maximum_nontransitivity_information_gain,2000.0,3000.0
kata1-b6c96-s23401472-d3742377,36,2555.0737502169854,2427.112434581504,2683.0350658524667,2641.1801735242348,-86.10642330724932,2,a5803f8a5d9d87202b43d709cb328cedaf18c446af448f705c33d553e8c2e9f7,5170ec511fb50cdf10d648416d508574d70e9781ddf156a1b2a86d2b385e94dc,100,1729,maximum_nontransitivity_information_gain,2000.0,3000.0
kata1-b6c96-s23401472-d3742377,38,2558.0019171147715,2433.7676172915244,2682.2362169380185,2641.1801735242348,-83.1782564094633,2,a5803f8a5d9d87202b43d709cb328cedaf18c446af448f705c33d553e8c2e9f7,5170ec511fb50cdf10d648416d508574d70e9781ddf156a1b2a86d2b385e94dc,100,1729,maximum_nontransitivity_information_gain,2000.0,3000.0
kata1-b6c96-s23401472-d3742377,40,2559.296320829876,2438.5628922483515,2680.0297494114006,2641.1801735242348,-81.88385269435867,2,a5803f8a5d9d87202b43d709cb328cedaf18c446af448f705c33d553e8c2e9f7,5170ec511fb50cdf10d648416d508574d70e9781ddf156a1b2a86d2b385e94dc,100,1729,maximum_nontransitivity_information_gain,2000.0,3000.0
kata1-b6c96-s23401472-d3742377,42,2581.42602944881,2462.95774535923,2699.8943135383897,2641.1801735242348,-59.75414407542485,2,a5803f8a5d9d87202b43d709cb328cedaf18c446af448f705c33d553e8c2e9f7,5170ec511fb50cdf10d648416d508574d70e9781ddf156a1b2a86d2b385e94dc,100,1729,maximum_nontransitivity_information_gain,2000.0,3000.0
kata1-b6c96-s23401472-d3742377,44,2601.5126646856165,2485.012345676204,2718.012983695029,2641.1801735242348,-39.66750883861823,2,a5803f8a5d9d87202b43d709cb328cedaf18c446af448f705c33d553e8c2e9f7,5170ec511fb50cdf10d648416d508574d70e9781ddf156a1b2a86d2b385e94dc,100,1729,maximum_nontransitivity_information_gain,2000.0,3000.0
kata1-b6c96-s23401472-d3742377,46,2601.479985999314,2487.889217926872,2715.0707540717563,2641.1801735242348,-39.70018752492069,2,a5803f8a5d9d87202b43d709cb328cedaf18c446af448f705c33d553e8c2e9f7,5170ec511fb50cdf10d648416d508574d70e9781ddf156a1b2a86d2b385e94dc,100,1729,maximum_nontransitivity_information_gain,2000.0,3000.0
kata1-b6c96-s23401472-d3742377,48,2584.330242313509,2474.2215070851034,2694.438977541915,2641.1801735242348,-56.84993121072557,2,a5803f8a5d9d87202b43d709cb328cedaf18c446af448f705c33d553e8c2e9f7,5170ec511fb50cdf10d648416d508574d70e9781ddf156a1b2a86d2b385e94dc,100,1729,maximum_nontransitivity_information_gain,2000.0,3000.0
kata1-b6c96-s23401472-d3742377,50,2576.018739649922,2468.6385122472957,2683.398967052548,2641.1801735242348,-65.16143387431293,2,a5803f8a5d9d87202b43d709cb328cedaf18c446af448f705c33d553e8c2e9f7,5170ec511fb50cdf10d648416d508574d70e9781ddf156a1b2a86d2b385e94dc,100,1729,maximum_nontransitivity_information_gain,2000.0,3000.0
kata1-b6c96-s23401472-d3742377,52,2576.183772798665,2471.047222650379,2681.320322946951,2641.1801735242348,-64.99640072556986,2,a5803f8a5d9d87202b43d709cb328cedaf18c446af448f705c33d553e8c2e9f7,5170ec511fb50cdf10d648416d508574d70e9781ddf156a1b2a86d2b385e94dc,100,1729,maximum_nontransitivity_information_gain,2000.0,3000.0
kata1-b6c96-s23401472-d3742377,54,2568.9628028984384,2466.10774948409,2671.8178563127867,2641.1801735242348,-72.21737062579632,2,a5803f8a5d9d87202b43d709cb328cedaf18c446af448f705c33d553e8c2e9f7,5170ec511fb50cdf10d648416d508574d70e9781ddf156a1b2a86d2b385e94dc,100,1729,maximum_nontransitivity_information_gain,2000.0,3000.0
kata1-b6c96-s23401472-d3742377,56,2583.5804707124053,2482.297287767937,2684.8636536568733,2641.1801735242348,-57.5997028118295,2,a5803f8a5d9d87202b43d709cb328cedaf18c446af448f705c33d553e8c2e9f7,5170ec511fb50cdf10d648416d508574d70e9781ddf156a1b2a86d2b385e94dc,100,1729,maximum_nontransitivity_information_gain,2000.0,3000.0
kata1-b6c96-s23401472-d3742377,58,2584.2792515014753,2484.8257366143534,2683.732766388597,2641.1801735242348,-56.90092202275946,2,a5803f8a5d9d87202b43d709cb328cedaf18c446af448f705c33d553e8c2e9f7,5170ec511fb50cdf10d648416d508574d70e9781ddf156a1b2a86d2b385e94dc,100,1729,maximum_nontransitivity_information_gain,2000.0,3000.0
kata1-b6c96-s23401472-d3742377,60,2598.1182604002793,2499.9700219251836,2696.266498875375,2641.1801735242348,-43.06191312395549,2,a5803f8a5d9d87202b43d709cb328cedaf18c446af448f705c33d553e8c2e9f7,5170ec511fb50cdf10d648416d508574d70e9781ddf156a1b2a86d2b385e94dc,100,1729,maximum_nontransitivity_information_gain,2000.0,3000.0
kata1-b6c96-s23401472-d3742377,62,2585.5121424587514,2489.406611856849,2681.617673060654,2641.1801735242348,-55.66803106548332,2,a5803f8a5d9d87202b43d709cb328cedaf18c446af448f705c33d553e8c2e9f7,5170ec511fb50cdf10d648416d508574d70e9781ddf156a1b2a86d2b385e94dc,100,1729,maximum_nontransitivity_information_gain,2000.0,3000.0
kata1-b6c96-s23401472-d3742377,64,2573.092872236395,2478.809400017462,2667.3763444553283,2641.1801735242348,-68.08730128783964,2,a5803f8a5d9d87202b43d709cb328cedaf18c446af448f705c33d553e8c2e9f7,5170ec511fb50cdf10d648416d508574d70e9781ddf156a1b2a86d2b385e94dc,100,1729,maximum_nontransitivity_information_gain,2000.0,3000.0
kata1-b6c96-s23401472-d3742377,66,2573.3306331622557,2480.5107969807086,2666.150469343803,2641.1801735242348,-67.84954036197905,2,a5803f8a5d9d87202b43d709cb328cedaf18c446af448f705c33d553e8c2e9f7,5170ec511fb50cdf10d648416d508574d70e9781ddf156a1b2a86d2b385e94dc,100,1729,maximum_nontransitivity_information_gain,2000.0,3000.0
kata1-b6c96-s23401472-d3742377,68,2584.954697702387,2493.3110952147576,2676.5983001900163,2641.1801735242348,-56.225475821847795,2,a5803f8a5d9d87202b43d709cb328cedaf18c446af448f705c33d553e8c2e9f7,5170ec511fb50cdf10d648416d508574d70e9781ddf156a1b2a86d2b385e94dc,100,1729,maximum_nontransitivity_information_gain,2000.0,3000.0
kata1-b6c96-s23401472-d3742377,70,2585.4649014482884,2495.135684817171,2675.794118079406,2641.1801735242348,-55.71527207594636,2,a5803f8a5d9d87202b43d709cb328cedaf18c446af448f705c33d553e8c2e9f7,5170ec511fb50cdf10d648416d508574d70e9781ddf156a1b2a86d2b385e94dc,100,1729,maximum_nontransitivity_information_gain,2000.0,3000.0
kata1-b6c96-s23401472-d3742377,72,2585.2847220287626,2496.229330984576,2674.3401130729494,2641.1801735242348,-55.895451495472116,2,a5803f8a5d9d87202b43d709cb328cedaf18c446af448f705c33d553e8c2e9f7,5170ec511fb50cdf10d648416d508574d70e9781ddf156a1b2a86d2b385e94dc,100,1729,maximum_nontransitivity_information_gain,2000.0,3000.0
kata1-b6c96-s23401472-d3742377,74,2575.3952658054864,2487.6980699608716,2663.092461650101,2641.1801735242348,-65.7849077187484,2,a5803f8a5d9d87202b43d709cb328cedaf18c446af448f705c33d553e8c2e9f7,5170ec511fb50cdf10d648416d508574d70e9781ddf156a1b2a86d2b385e94dc,100,1729,maximum_nontransitivity_information_gain,2000.0,3000.0
kata1-b6c96-s23401472-d3742377,76,2585.6138449518044,2498.909004179476,2672.3186857241326,2641.1801735242348,-55.56632857243039,2,a5803f8a5d9d87202b43d709cb328cedaf18c446af448f705c33d553e8c2e9f7,5170ec511fb50cdf10d648416d508574d70e9781ddf156a1b2a86d2b385e94dc,100,1729,maximum_nontransitivity_information_gain,2000.0,3000.0
kata1-b6c96-s23401472-d3742377,78,2595.291554895567,2509.49371464633,2681.0893951448043,2641.1801735242348,-45.8886186286677,2,a5803f8a5d9d87202b43d709cb328cedaf18c446af448f705c33d553e8c2e9f7,5170ec511fb50cdf10d648416d508574d70e9781ddf156a1b2a86d2b385e94dc,100,1729,maximum_nontransitivity_information_gain,2000.0,3000.0
kata1-b6c96-s23401472-d3742377,80,2595.4627457574297,2510.720953350804,2680.2045381640555,2641.1801735242348,-45.71742776680503,2,a5803f8a5d9d87202b43d709cb328cedaf18c446af448f705c33d553e8c2e9f7,5170ec511fb50cdf10d648416d508574d70e9781ddf156a1b2a86d2b385e94dc,100,1729,maximum_nontransitivity_information_gain,2000.0,3000.0
kata1-b6c96-s23401472-d3742377,82,2595.635363001902,2511.9039294386007,2679.3667965652035,2641.1801735242348,-45.54481052233268,2,a5803f8a5d9d87202b43d709cb328cedaf18c446af448f705c33d553e8c2e9f7,5170ec511fb50cdf10d648416d508574d70e9781ddf156a1b2a86d2b385e94dc,100,1729,maximum_nontransitivity_information_gain,2000.0,3000.0
kata1-b6c96-s23401472-d3742377,84,2586.1269266804543,2503.545928154746,2668.7079252061626,2641.1801735242348,-55.05324684378047,2,a5803f8a5d9d87202b43d709cb328cedaf18c446af448f705c33d553e8c2e9f7,5170ec511fb50cdf10d648416d508574d70e9781ddf156a1b2a86d2b385e94dc,100,1729,maximum_nontransitivity_information_gain,2000.0,3000.0
kata1-b6c96-s23401472-d3742377,86,2594.8099942386675,2513.011966074362,2676.608022402973,2641.1801735242348,-46.37017928556725,2,a5803f8a5d9d87202b43d709cb328cedaf18c446af448f705c33d553e8c2e9f7,5170ec511fb50cdf10d648416d508574d70e9781ddf156a1b2a86d2b385e94dc,100,1729,maximum_nontransitivity_information_gain,2000.0,3000.0
kata1-b6c96-s23401472-d3742377,88,2594.9859170240197,2514.0813360115326,2675.890498036507,2641.1801735242348,-46.19425650021503,2,a5803f8a5d9d87202b43d709cb328cedaf18c446af448f705c33d553e8c2e9f7,5170ec511fb50cdf10d648416d508574d70e9781ddf156a1b2a86d2b385e94dc,100,1729,maximum_nontransitivity_information_gain,2000.0,3000.0
kata1-b6c96-s23401472-d3742377,90,2594.6151627334825,2514.585002510721,2674.645322956244,2641.1801735242348,-46.56501079075224,2,a5803f8a5d9d87202b43d709cb328cedaf18c446af448f705c33d553e8c2e9f7,5170ec511fb50cdf10d648416d508574d70e9781ddf156a1b2a86d2b385e94dc,100,1729,maximum_nontransitivity_information_gain,2000.0,3000.0
kata1-b6c96-s23401472-d3742377,92,2586.591126895651,2507.5133292698506,2665.6689245214516,2641.1801735242348,-54.589046628583674,2,a5803f8a5d9d87202b43d709cb328cedaf18c446af448f705c33d553e8c2e9f7,5170ec511fb50cdf10d648416d508574d70e9781ddf156a1b2a86d2b385e94dc,100,1729,maximum_nontransitivity_information_gain,2000.0,3000.0
kata1-b6c96-s23401472-d3742377,94,2594.4595185826533,2516.065683605698,2672.853353559609,2641.1801735242348,-46.720654941581415,2,a5803f8a5d9d87202b43d709cb328cedaf18c446af448f705c33d553e8c2e9f7,5170ec511fb50cdf10d648416d508574d70e9781ddf156a1b2a86d2b385e94dc,100,1729,maximum_nontransitivity_information_gain,2000.0,3000.0
kata1-b6c96-s23401472-d3742377,96,2594.6367191191457,2517.010699105021,2672.2627391332703,2641.1801735242348,-46.54345440508905,2,a5803f8a5d9d87202b43d709cb328cedaf18c446af448f705c33d553e8c2e9f7,5170ec511fb50cdf10d648416d508574d70e9781ddf156a1b2a86d2b385e94dc,100,1729,maximum_nontransitivity_information_gain,2000.0,3000.0
kata1-b6c96-s23401472-d3742377,98,2586.614283800631,2509.8506409728016,2663.37792662846,2641.1801735242348,-54.56588972360396,2,a5803f8a5d9d87202b43d709cb328cedaf18c446af448f705c33d553e8c2e9f7,5170ec511fb50cdf10d648416d508574d70e9781ddf156a1b2a86d2b385e94dc,100,1729,maximum_nontransitivity_information_gain,2000.0,3000.0
kata1-b6c96-s23401472-d3742377,100,2586.452297429486,2510.411600430104,2662.492994428868,2641.1801735242348,-54.72787609474881,2,a5803f8a5d9d87202b43d709cb328cedaf18c446af448f705c33d553e8c2e9f7,5170ec511fb50cdf10d648416d508574d70e9781ddf156a1b2a86d2b385e94dc,100,1729,maximum_nontransitivity_information_gain,2000.0,3000.0
kata1-b6c96-s27415296-d4256697,2,2847.848182528185,414.60892769056863,5281.087437365802,2790.4567509140643,57.39143161412085,2,a5803f8a5d9d87202b43d709cb328cedaf18c446af448f705c33d553e8c2e9f7,5170ec511fb50cdf10d648416d508574d70e9781ddf156a1b2a86d2b385e94dc,100,1729,maximum_nontransitivity_information_gain,2000.0,3000.0
kata1-b6c96-s27415296-d4256697,4,2685.423510534996,2166.5365860264146,3204.310435043577,2790.4567509140643,-105.0332403790685,2,a5803f8a5d9d87202b43d709cb328cedaf18c446af448f705c33d553e8c2e9f7,5170ec511fb50cdf10d648416d508574d70e9781ddf156a1b2a86d2b385e94dc,100,1729,maximum_nontransitivity_information_gain,2000.0,3000.0
kata1-b6c96-s27415296-d4256697,6,2872.2934612932054,2513.119687644841,3231.4672349415696,2790.4567509140643,81.8367103791411,2,a5803f8a5d9d87202b43d709cb328cedaf18c446af448f705c33d553e8c2e9f7,5170ec511fb50cdf10d648416d508574d70e9781ddf156a1b2a86d2b385e94dc,100,1729,maximum_nontransitivity_information_gain,2000.0,3000.0
kata1-b6c96-s27415296-d4256697,8,2746.05701086919,2458.737216730541,3033.376805007839,2790.4567509140643,-44.39974004487431,2,a5803f8a5d9d87202b43d709cb328cedaf18c446af448f705c33d553e8c2e9f7,5170ec511fb50cdf10d648416d508574d70e9781ddf156a1b2a86d2b385e94dc,100,1729,maximum_nontransitivity_information_gain,2000.0,3000.0
kata1-b6c96-s27415296-d4256697,10,2744.4108253209242,2496.7959410108415,2992.025709631007,2790.4567509140643,-46.045925593140055,2,a5803f8a5d9d87202b43d709cb328cedaf18c446af448f705c33d553e8c2e9f7,5170ec511fb50cdf10d648416d508574d70e9781ddf156a1b2a86d2b385e94dc,100,1729,maximum_nontransitivity_information_gain,2000.0,3000.0
kata1-b6c96-s27415296-d4256697,12,2815.106411330907,2593.548567347547,3036.6642553142674,2790.4567509140643,24.649660416842835,2,a5803f8a5d9d87202b43d709cb328cedaf18c446af448f705c33d553e8c2e9f7,5170ec511fb50cdf10d648416d508574d70e9781ddf156a1b2a86d2b385e94dc,100,1729,maximum_nontransitivity_information_gain,2000.0,3000.0
kata1-b6c96-s27415296-d4256697,14,2814.2970521615325,2612.433395279403,3016.160709043662,2790.4567509140643,23.840301247468233,2,a5803f8a5d9d87202b43d709cb328cedaf18c446af448f705c33d553e8c2e9f7,5170ec511fb50cdf10d648416d508574d70e9781ddf156a1b2a86d2b385e94dc,100,1729,maximum_nontransitivity_information_gain,2000.0,3000.0
kata1-b6c96-s27415296-d4256697,16,2817.076928101802,2630.202912102207,3003.950944101397,2790.4567509140643,26.62017718773768,2,a5803f8a5d9d87202b43d709cb328cedaf18c446af448f705c33d553e8c2e9f7,5170ec511fb50cdf10d648416d508574d70e9781ddf156a1b2a86d2b385e94dc,100,1729,maximum_nontransitivity_information_gain,2000.0,3000.0
kata1-b6c96-s27415296-d4256697,18,2816.2287263207813,2641.468688428701,2990.9887642128615,2790.4567509140643,25.771975406717047,2,a5803f8a5d9d87202b43d709cb328cedaf18c446af448f705c33d553e8c2e9f7,5170ec511fb50cdf10d648416d508574d70e9781ddf156a1b2a86d2b385e94dc,100,1729,maximum_nontransitivity_information_gain,2000.0,3000.0
kata1-b6c96-s27415296-d4256697,20,2778.695262195007,2613.8758204317837,2943.5147039582307,2790.4567509140643,-11.76148871905707,2,a5803f8a5d9d87202b43d709cb328cedaf18c446af448f705c33d553e8c2e9f7,5170ec511fb50cdf10d648416d508574d70e9781ddf156a1b2a86d2b385e94dc,100,1729,maximum_nontransitivity_information_gain,2000.0,3000.0
kata1-b6c96-s27415296-d4256697,22,2781.91777314238,2625.4638399896357,2938.3717062951246,2790.4567509140643,-8.53897777168413,2,a5803f8a5d9d87202b43d709cb328cedaf18c446af448f705c33d553e8c2e9f7,5170ec511fb50cdf10d648416d508574d70e9781ddf156a1b2a86d2b385e94dc,100,1729,maximum_nontransitivity_information_gain,2000.0,3000.0
kata1-b6c96-s27415296-d4256697,24,2816.6386367896744,2667.31709144758,2965.9601821317688,2790.4567509140643,26.181885875610078,2,a5803f8a5d9d87202b43d709cb328cedaf18c446af448f705c33d553e8c2e9f7,5170ec511fb50cdf10d648416d508574d70e9781ddf156a1b2a86d2b385e94dc,100,1729,maximum_nontransitivity_information_gain,2000.0,3000.0
kata1-b6c96-s27415296-d4256697,26,2788.594389620276,2645.4875703626103,2931.701208877942,2790.4567509140643,-1.8623612937881262,2,a5803f8a5d9d87202b43d709cb328cedaf18c446af448f705c33d553e8c2e9f7,5170ec511fb50cdf10d648416d508574d70e9781ddf156a1b2a86d2b385e94dc,100,1729,maximum_nontransitivity_information_gain,2000.0,3000.0
kata1-b6c96-s27415296-d4256697,28,2763.0097178890937,2624.6141702696773,2901.40526550851,2790.4567509140643,-27.44703302497055,2,a5803f8a5d9d87202b43d709cb328cedaf18c446af448f705c33d553e8c2e9f7,5170ec511fb50cdf10d648416d508574d70e9781ddf156a1b2a86d2b385e94dc,100,1729,maximum_nontransitivity_information_gain,2000.0,3000.0
kata1-b6c96-s27415296-d4256697,30,2735.5286204805698,2600.733506261018,2870.3237347001213,2790.4567509140643,-54.928130433494516,2,a5803f8a5d9d87202b43d709cb328cedaf18c446af448f705c33d553e8c2e9f7,5170ec511fb50cdf10d648416d508574d70e9781ddf156a1b2a86d2b385e94dc,100,1729,maximum_nontransitivity_information_gain,2000.0,3000.0
kata1-b6c96-s27415296-d4256697,32,2734.3580113063135,2604.080546300795,2864.635476311832,2790.4567509140643,-56.09873960775076,2,a5803f8a5d9d87202b43d709cb328cedaf18c446af448f705c33d553e8c2e9f7,5170ec511fb50cdf10d648416d508574d70e9781ddf156a1b2a86d2b385e94dc,100,1729,maximum_nontransitivity_information_gain,2000.0,3000.0
kata1-b6c96-s27415296-d4256697,34,2744.6582267091053,2618.9581829535414,2870.358270464669,2790.4567509140643,-45.798524204958994,2,a5803f8a5d9d87202b43d709cb328cedaf18c446af448f705c33d553e8c2e9f7,5170ec511fb50cdf10d648416d508574d70e9781ddf156a1b2a86d2b385e94dc,100,1729,maximum_nontransitivity_information_gain,2000.0,3000.0
kata1-b6c96-s27415296-d4256697,36,2764.150688225847,2642.6300240738674,2885.671352377826,2790.4567509140643,-26.30606268821748,2,a5803f8a5d9d87202b43d709cb328cedaf18c446af448f705c33d553e8c2e9f7,5170ec511fb50cdf10d648416d508574d70e9781ddf156a1b2a86d2b385e94dc,100,1729,maximum_nontransitivity_information_gain,2000.0,3000.0
kata1-b6c96-s27415296-d4256697,38,2752.8790895290854,2634.43188450202,2871.326294556151,2790.4567509140643,-37.57766138497891,2,a5803f8a5d9d87202b43d709cb328cedaf18c446af448f705c33d553e8c2e9f7,5170ec511fb50cdf10d648416d508574d70e9781ddf156a1b2a86d2b385e94dc,100,1729,maximum_nontransitivity_information_gain,2000.0,3000.0
kata1-b6c96-s27415296-d4256697,40,2742.7870392205814,2627.1219132243627,2858.4521652168,2790.4567509140643,-47.669711693482895,2,a5803f8a5d9d87202b43d709cb328cedaf18c446af448f705c33d553e8c2e9f7,5170ec511fb50cdf10d648416d508574d70e9781ddf156a1b2a86d2b385e94dc,100,1729,maximum_nontransitivity_information_gain,2000.0,3000.0
kata1-b6c96-s27415296-d4256697,42,2759.401087917932,2646.899200660737,2871.902975175127,2790.4567509140643,-31.05566299613247,2,a5803f8a5d9d87202b43d709cb328cedaf18c446af448f705c33d553e8c2e9f7,5170ec511fb50cdf10d648416d508574d70e9781ddf156a1b2a86d2b385e94dc,100,1729,maximum_nontransitivity_information_gain,2000.0,3000.0
kata1-b6c96-s27415296-d4256697,44,2775.3402946205542,2665.501836204337,2885.1787530367715,2790.4567509140643,-15.116456293510055,2,a5803f8a5d9d87202b43d709cb328cedaf18c446af448f705c33d553e8c2e9f7,5170ec511fb50cdf10d648416d508574d70e9781ddf156a1b2a86d2b385e94dc,100,1729,maximum_nontransitivity_information_gain,2000.0,3000.0
kata1-b6c96-s27415296-d4256697,46,2776.9543867258685,2669.486855688223,2884.421917763514,2790.4567509140643,-13.50236418819577,2,a5803f8a5d9d87202b43d709cb328cedaf18c446af448f705c33d553e8c2e9f7,5170ec511fb50cdf10d648416d508574d70e9781ddf156a1b2a86d2b385e94dc,100,1729,maximum_nontransitivity_information_gain,2000.0,3000.0
kata1-b6c96-s27415296-d4256697,48,2770.740133087335,2665.461986309225,2876.018279865445,2790.4567509140643,-19.71661782672936,2,a5803f8a5d9d87202b43d709cb328cedaf18c446af448f705c33d553e8c2e9f7,5170ec511fb50cdf10d648416d508574d70e9781ddf156a1b2a86d2b385e94dc,100,1729,maximum_nontransitivity_information_gain,2000.0,3000.0
kata1-b6c96-s27415296-d4256697,50,2754.6805236683185,2651.3196841914614,2858.0413631451756,2790.4567509140643,-35.77622724574576,2,a5803f8a5d9d87202b43d709cb328cedaf18c446af448f705c33d553e8c2e9f7,5170ec511fb50cdf10d648416d508574d70e9781ddf156a1b2a86d2b385e94dc,100,1729,maximum_nontransitivity_information_gain,2000.0,3000.0
kata1-b6c96-s27415296-d4256697,52,2767.428411865603,2666.144222043115,2868.7126016880907,2790.4567509140643,-23.028339048461476,2,a5803f8a5d9d87202b43d709cb328cedaf18c446af448f705c33d553e8c2e9f7,5170ec511fb50cdf10d648416d508574d70e9781ddf156a1b2a86d2b385e94dc,100,1729,maximum_nontransitivity_information_gain,2000.0,3000.0
kata1-b6c96-s27415296-d4256697,54,2766.376345759574,2666.9160167197097,2865.8366747994387,2790.4567509140643,-24.08040515449011,2,a5803f8a5d9d87202b43d709cb328cedaf18c446af448f705c33d553e8c2e9f7,5170ec511fb50cdf10d648416d508574d70e9781ddf156a1b2a86d2b385e94dc,100,1729,maximum_nontransitivity_information_gain,2000.0,3000.0
kata1-b6c96-s27415296-d4256697,56,2751.3825176256532,2653.524975459171,2849.2400597921355,2790.4567509140643,-39.07423328841105,2,a5803f8a5d9d87202b43d709cb328cedaf18c446af448f705c33d553e8c2e9f7,5170ec511fb50cdf10d648416d508574d70e9781ddf156a1b2a86d2b385e94dc,100,1729,maximum_nontransitivity_information_gain,2000.0,3000.0
kata1-b6c96-s27415296-d4256697,58,2762.8708333837562,2666.7396675947166,2859.001999172796,2790.4567509140643,-27.585917530308052,2,a5803f8a5d9d87202b43d709cb328cedaf18c446af448f705c33d553e8c2e9f7,5170ec511fb50cdf10d648416d508574d70e9781ddf156a1b2a86d2b385e94dc,100,1729,maximum_nontransitivity_information_gain,2000.0,3000.0
kata1-b6c96-s27415296-d4256697,60,2762.0793052026947,2667.486663111643,2856.6719472937466,2790.4567509140643,-28.377445711369546,2,a5803f8a5d9d87202b43d709cb328cedaf18c446af448f705c33d553e8c2e9f7,5170ec511fb50cdf10d648416d508574d70e9781ddf156a1b2a86d2b385e94dc,100,1729,maximum_nontransitivity_information_gain,2000.0,3000.0
kata1-b6c96-s27415296-d4256697,62,2748.7477226466835,2655.5267852863153,2841.9686600070518,2790.4567509140643,-41.709028267380745,2,a5803f8a5d9d87202b43d709cb328cedaf18c446af448f705c33d553e8c2e9f7,5170ec511fb50cdf10d648416d508574d70e9781ddf156a1b2a86d2b385e94dc,100,1729,maximum_nontransitivity_information_gain,2000.0,3000.0
kata1-b6c96-s27415296-d4256697,64,2758.4342687126527,2666.6560112642837,2850.2125261610217,2790.4567509140643,-32.02248220141155,2,a5803f8a5d9d87202b43d709cb328cedaf18c446af448f705c33d553e8c2e9f7,5170ec511fb50cdf10d648416d508574d70e9781ddf156a1b2a86d2b385e94dc,100,1729,maximum_nontransitivity_information_gain,2000.0,3000.0
kata1-b6c96-s27415296-d4256697,66,2768.2520575959957,2677.781549512713,2858.7225656792784,2790.4567509140643,-22.20469331806862,2,a5803f8a5d9d87202b43d709cb328cedaf18c446af448f705c33d553e8c2e9f7,5170ec511fb50cdf10d648416d508574d70e9781ddf156a1b2a86d2b385e94dc,100,1729,maximum_nontransitivity_information_gain,2000.0,3000.0
kata1-b6c96-s27415296-d4256697,68,2778.1090368646665,2688.8171734321168,2867.400900297216,2790.4567509140643,-12.347714049397837,2,a5803f8a5d9d87202b43d709cb328cedaf18c446af448f705c33d553e8c2e9f7,5170ec511fb50cdf10d648416d508574d70e9781ddf156a1b2a86d2b385e94dc,100,1729,maximum_nontransitivity_information_gain,2000.0,3000.0
kata1-b6c96-s27415296-d4256697,70,2779.7660431754975,2691.653546221892,2867.878540129103,2790.4567509140643,-10.690707738566744,2,a5803f8a5d9d87202b43d709cb328cedaf18c446af448f705c33d553e8c2e9f7,5170ec511fb50cdf10d648416d508574d70e9781ddf156a1b2a86d2b385e94dc,100,1729,maximum_nontransitivity_information_gain,2000.0,3000.0
kata1-b6c96-s27415296-d4256697,72,2785.7250010709354,2698.6977624522656,2872.752239689605,2790.4567509140643,-4.73174984312891,2,a5803f8a5d9d87202b43d709cb328cedaf18c446af448f705c33d553e8c2e9f7,5170ec511fb50cdf10d648416d508574d70e9781ddf156a1b2a86d2b385e94dc,100,1729,maximum_nontransitivity_information_gain,2000.0,3000.0
kata1-b6c96-s27415296-d4256697,74,2787.08450463747,2701.1424221128527,2873.0265871620877,2790.4567509140643,-3.372246276594069,2,a5803f8a5d9d87202b43d709cb328cedaf18c446af448f705c33d553e8c2e9f7,5170ec511fb50cdf10d648416d508574d70e9781ddf156a1b2a86d2b385e94dc,100,1729,maximum_nontransitivity_information_gain,2000.0,3000.0
kata1-b6c96-s27415296-d4256697,76,2778.736579972664,2693.917454690636,2863.555705254692,2790.4567509140643,-11.720170941400283,2,a5803f8a5d9d87202b43d709cb328cedaf18c446af448f705c33d553e8c2e9f7,5170ec511fb50cdf10d648416d508574d70e9781ddf156a1b2a86d2b385e94dc,100,1729,maximum_nontransitivity_information_gain,2000.0,3000.0
kata1-b6c96-s27415296-d4256697,78,2779.5810983590177,2695.7643355514538,2863.3978611665816,2790.4567509140643,-10.8756525550466,2,a5803f8a5d9d87202b43d709cb328cedaf18c446af448f705c33d553e8c2e9f7,5170ec511fb50cdf10d648416d508574d70e9781ddf156a1b2a86d2b385e94dc,100,1729,maximum_nontransitivity_information_gain,2000.0,3000.0
kata1-b6c96-s27415296-d4256697,80,2780.3742443511273,2697.518652891419,2863.2298358108355,2790.4567509140643,-10.082506562936942,2,a5803f8a5d9d87202b43d709cb328cedaf18c446af448f705c33d553e8c2e9f7,5170ec511fb50cdf10d648416d508574d70e9781ddf156a1b2a86d2b385e94dc,100,1729,maximum_nontransitivity_information_gain,2000.0,3000.0
kata1-b6c96-s27415296-d4256697,82,2781.726761008451,2699.7886668895526,2863.6648551273493,2790.4567509140643,-8.729989905613365,2,a5803f8a5d9d87202b43d709cb328cedaf18c446af448f705c33d553e8c2e9f7,5170ec511fb50cdf10d648416d508574d70e9781ddf156a1b2a86d2b385e94dc,100,1729,maximum_nontransitivity_information_gain,2000.0,3000.0
kata1-b6c96-s27415296-d4256697,84,2774.342803482343,2693.308674984829,2855.3769319798566,2790.4567509140643,-16.1139474317215,2,a5803f8a5d9d87202b43d709cb328cedaf18c446af448f705c33d553e8c2e9f7,5170ec511fb50cdf10d648416d508574d70e9781ddf156a1b2a86d2b385e94dc,100,1729,maximum_nontransitivity_information_gain,2000.0,3000.0
kata1-b6c96-s27415296-d4256697,86,2781.942193438146,2701.742768550062,2862.1416183262304,2790.4567509140643,-8.514557475918082,2,a5803f8a5d9d87202b43d709cb328cedaf18c446af448f705c33d553e8c2e9f7,5170ec511fb50cdf10d648416d508574d70e9781ddf156a1b2a86d2b385e94dc,100,1729,maximum_nontransitivity_information_gain,2000.0,3000.0
kata1-b6c96-s27415296-d4256697,88,2782.61178256583,2703.2370086388414,2861.986556492818,2790.4567509140643,-7.844968348234488,2,a5803f8a5d9d87202b43d709cb328cedaf18c446af448f705c33d553e8c2e9f7,5170ec511fb50cdf10d648416d508574d70e9781ddf156a1b2a86d2b385e94dc,100,1729,maximum_nontransitivity_information_gain,2000.0,3000.0
kata1-b6c96-s27415296-d4256697,90,2783.8002368178527,2705.215548600377,2862.3849250353283,2790.4567509140643,-6.656514096211595,2,a5803f8a5d9d87202b43d709cb328cedaf18c446af448f705c33d553e8c2e9f7,5170ec511fb50cdf10d648416d508574d70e9781ddf156a1b2a86d2b385e94dc,100,1729,maximum_nontransitivity_information_gain,2000.0,3000.0
kata1-b6c96-s27415296-d4256697,92,2784.3980018842904,2706.5805832384126,2862.215420530168,2790.4567509140643,-6.058749029773935,2,a5803f8a5d9d87202b43d709cb328cedaf18c446af448f705c33d553e8c2e9f7,5170ec511fb50cdf10d648416d508574d70e9781ddf156a1b2a86d2b385e94dc,100,1729,maximum_nontransitivity_information_gain,2000.0,3000.0
kata1-b6c96-s27415296-d4256697,94,2781.6309275463723,2704.5621432380626,2858.699711854682,2790.4567509140643,-8.82582336769201,2,a5803f8a5d9d87202b43d709cb328cedaf18c446af448f705c33d553e8c2e9f7,5170ec511fb50cdf10d648416d508574d70e9781ddf156a1b2a86d2b385e94dc,100,1729,maximum_nontransitivity_information_gain,2000.0,3000.0
kata1-b6c96-s27415296-d4256697,96,2774.7363777314654,2698.382530343882,2851.0902251190487,2790.4567509140643,-15.720373182598905,2,a5803f8a5d9d87202b43d709cb328cedaf18c446af448f705c33d553e8c2e9f7,5170ec511fb50cdf10d648416d508574d70e9781ddf156a1b2a86d2b385e94dc,100,1729,maximum_nontransitivity_information_gain,2000.0,3000.0
kata1-b6c96-s27415296-d4256697,98,2766.1131920504185,2690.4259532277633,2841.8004308730738,2790.4567509140643,-24.34355886364574,2,a5803f8a5d9d87202b43d709cb328cedaf18c446af448f705c33d553e8c2e9f7,5170ec511fb50cdf10d648416d508574d70e9781ddf156a1b2a86d2b385e94dc,100,1729,maximum_nontransitivity_information_gain,2000.0,3000.0
kata1-b6c96-s27415296-d4256697,100,2772.394710700021,2697.4009381622277,2847.388483237814,2790.4567509140643,-18.062040214043463,2,a5803f8a5d9d87202b43d709cb328cedaf18c446af448f705c33d553e8c2e9f7,5170ec511fb50cdf10d648416d508574d70e9781ddf156a1b2a86d2b385e94dc,100,1729,maximum_nontransitivity_information_gain,2000.0,3000.0
kata1-b6c96-s30394624-d4635675,2,2203.4902865635536,1648.3949497802712,2758.5856233468357,2868.748124563376,-665.2578379998226,2,a5803f8a5d9d87202b43d709cb328cedaf18c446af448f705c33d553e8c2e9f7,5170ec511fb50cdf10d648416d508574d70e9781ddf156a1b2a86d2b385e94dc,100,1729,maximum_nontransitivity_information_gain,2000.0,3000.0
kata1-b6c96-s30394624-d4635675,4,2437.527943316203,1921.7925371241915,2953.2633495082146,2868.748124563376,-431.22018124717306,2,a5803f8a5d9d87202b43d709cb328cedaf18c446af448f705c33d553e8c2e9f7,5170ec511fb50cdf10d648416d508574d70e9781ddf156a1b2a86d2b385e94dc,100,1729,maximum_nontransitivity_information_gain,2000.0,3000.0
kata1-b6c96-s30394624-d4635675,6,2705.410486694676,2188.783294419284,3222.0376789700676,2868.748124563376,-163.3376378687003,2,a5803f8a5d9d87202b43d709cb328cedaf18c446af448f705c33d553e8c2e9f7,5170ec511fb50cdf10d648416d508574d70e9781ddf156a1b2a86d2b385e94dc,100,1729,maximum_nontransitivity_information_gain,2000.0,3000.0
kata1-b6c96-s30394624-d4635675,8,2949.611708262281,2438.1468936334386,3461.076522891123,2868.748124563376,80.86358369890468,2,a5803f8a5d9d87202b43d709cb328cedaf18c446af448f705c33d553e8c2e9f7,5170ec511fb50cdf10d648416d508574d70e9781ddf156a1b2a86d2b385e94dc,100,1729,maximum_nontransitivity_information_gain,2000.0,3000.0
kata1-b6c96-s30394624-d4635675,10,2947.960970441179,2597.020999350725,3298.900941531633,2868.748124563376,79.21284587780292,2,a5803f8a5d9d87202b43d709cb328cedaf18c446af448f705c33d553e8c2e9f7,5170ec511fb50cdf10d648416d508574d70e9781ddf156a1b2a86d2b385e94dc,100,1729,maximum_nontransitivity_information_gain,2000.0,3000.0
kata1-b6c96-s30394624-d4635675,12,3081.8336129124095,2757.0976670432347,3406.5695587815844,2868.748124563376,213.0854883490333,2,a5803f8a5d9d87202b43d709cb328cedaf18c446af448f705c33d553e8c2e9f7,5170ec511fb50cdf10d648416d508574d70e9781ddf156a1b2a86d2b385e94dc,100,1729,maximum_nontransitivity_information_gain,2000.0,3000.0
kata1-b6c96-s30394624-d4635675,14,3081.6460733670547,2811.6753711682127,3351.6167755658967,2868.748124563376,212.89794880367845,2,a5803f8a5d9d87202b43d709cb328cedaf18c446af448f705c33d553e8c2e9f7,5170ec511fb50cdf10d648416d508574d70e9781ddf156a1b2a86d2b385e94dc,100,1729,maximum_nontransitivity_information_gain,2000.0,3000.0
kata1-b6c96-s30394624-d4635675,16,2999.9073527128653,2773.1577115873797,3226.656993838351,2868.748124563376,131.15922814948908,2,a5803f8a5d9d87202b43d709cb328cedaf18c446af448f705c33d553e8c2e9f7,5170ec511fb50cdf10d648416d508574d70e9781ddf156a1b2a86d2b385e94dc,100,1729,maximum_nontransitivity_information_gain,2000.0,3000.0
kata1-b6c96-s30394624-d4635675,18,2935.993076798801,2731.0665022577964,3140.919651339806,2868.748124563376,67.24495223542499,2,a5803f8a5d9d87202b43d709cb328cedaf18c446af448f705c33d553e8c2e9f7,5170ec511fb50cdf10d648416d508574d70e9781ddf156a1b2a86d2b385e94dc,100,1729,maximum_nontransitivity_information_gain,2000.0,3000.0
kata1-b6c96-s30394624-d4635675,20,2959.769529770388,2770.595984851759,3148.943074689017,2868.748124563376,91.02140520701187,2,a5803f8a5d9d87202b43d709cb328cedaf18c446af448f705c33d553e8c2e9f7,5170ec511fb50cdf10d648416d508574d70e9781ddf156a1b2a86d2b385e94dc,100,1729,maximum_nontransitivity_information_gain,2000.0,3000.0
kata1-b6c96-s30394624-d4635675,22,2958.0007970604233,2781.353221226195,3134.648372894652,2868.748124563376,89.25267249704712,2,a5803f8a5d9d87202b43d709cb328cedaf18c446af448f705c33d553e8c2e9f7,5170ec511fb50cdf10d648416d508574d70e9781ddf156a1b2a86d2b385e94dc,100,1729,maximum_nontransitivity_information_gain,2000.0,3000.0
kata1-b6c96-s30394624-d4635675,24,2956.645440799269,2790.251371716081,3123.0395098824574,2868.748124563376,87.89731623589296,2,a5803f8a5d9d87202b43d709cb328cedaf18c446af448f705c33d553e8c2e9f7,5170ec511fb50cdf10d648416d508574d70e9781ddf156a1b2a86d2b385e94dc,100,1729,maximum_nontransitivity_information_gain,2000.0,3000.0
kata1-b6c96-s30394624-d4635675,26,2955.5724095670007,2797.768914602647,3113.3759045313545,2868.748124563376,86.82428500362448,2,a5803f8a5d9d87202b43d709cb328cedaf18c446af448f705c33d553e8c2e9f7,5170ec511fb50cdf10d648416d508574d70e9781ddf156a1b2a86d2b385e94dc,100,1729,maximum_nontransitivity_information_gain,2000.0,3000.0
kata1-b6c96-s30394624-d4635675,28,2925.8554390758272,2775.028896054243,3076.6819820974115,2868.748124563376,57.10731451245101,2,a5803f8a5d9d87202b43d709cb328cedaf18c446af448f705c33d553e8c2e9f7,5170ec511fb50cdf10d648416d508574d70e9781ddf156a1b2a86d2b385e94dc,100,1729,maximum_nontransitivity_information_gain,2000.0,3000.0
kata1-b6c96-s30394624-d4635675,30,2925.327384464728,2780.916689878458,3069.738079050998,2868.748124563376,56.579259901351634,2,a5803f8a5d9d87202b43d709cb328cedaf18c446af448f705c33d553e8c2e9f7,5170ec511fb50cdf10d648416d508574d70e9781ddf156a1b2a86d2b385e94dc,100,1729,maximum_nontransitivity_information_gain,2000.0,3000.0
kata1-b6c96-s30394624-d4635675,32,2895.7452577515705,2756.079005132773,3035.411510370368,2868.748124563376,26.99713318819431,2,a5803f8a5d9d87202b43d709cb328cedaf18c446af448f705c33d553e8c2e9f7,5170ec511fb50cdf10d648416d508574d70e9781ddf156a1b2a86d2b385e94dc,100,1729,maximum_nontransitivity_information_gain,2000.0,3000.0
kata1-b6c96-s30394624-d4635675,34,2870.1721638679896,2734.338418892953,3006.005908843026,2868.748124563376,1.4240393046134159,2,a5803f8a5d9d87202b43d709cb328cedaf18c446af448f705c33d553e8c2e9f7,5170ec511fb50cdf10d648416d508574d70e9781ddf156a1b2a86d2b385e94dc,100,1729,maximum_nontransitivity_information_gain,2000.0,3000.0
kata1-b6c96-s30394624-d4635675,36,2869.6668781072244,2738.4949305943437,3000.838825620105,2868.748124563376,0.9187535438481973,2,a5803f8a5d9d87202b43d709cb328cedaf18c446af448f705c33d553e8c2e9f7,5170ec511fb50cdf10d648416d508574d70e9781ddf156a1b2a86d2b385e94dc,100,1729,maximum_nontransitivity_information_gain,2000.0,3000.0
kata1-b6c96-s30394624-d4635675,38,2846.0045183505335,2717.6845770132913,2974.3244596877757,2868.748124563376,-22.74360621284268,2,a5803f8a5d9d87202b43d709cb328cedaf18c446af448f705c33d553e8c2e9f7,5170ec511fb50cdf10d648416d508574d70e9781ddf156a1b2a86d2b385e94dc,100,1729,maximum_nontransitivity_information_gain,2000.0,3000.0
kata1-b6c96-s30394624-d4635675,40,2845.5238407703214,2721.114219563711,2969.933461976932,2868.748124563376,-23.224283793054838,2,a5803f8a5d9d87202b43d709cb328cedaf18c446af448f705c33d553e8c2e9f7,5170ec511fb50cdf10d648416d508574d70e9781ddf156a1b2a86d2b385e94dc,100,1729,maximum_nontransitivity_information_gain,2000.0,3000.0
kata1-b6c96-s30394624-d4635675,42,2865.646565725292,2745.7512148759456,2985.5419165746384,2868.748124563376,-3.101558838084202,2,a5803f8a5d9d87202b43d709cb328cedaf18c446af448f705c33d553e8c2e9f7,5170ec511fb50cdf10d648416d508574d70e9781ddf156a1b2a86d2b385e94dc,100,1729,maximum_nontransitivity_information_gain,2000.0,3000.0
kata1-b6c96-s30394624-d4635675,44,2865.523450221362,2748.798314907403,2982.248585535321,2868.748124563376,-3.2246743420141684,2,a5803f8a5d9d87202b43d709cb328cedaf18c446af448f705c33d553e8c2e9f7,5170ec511fb50cdf10d648416d508574d70e9781ddf156a1b2a86d2b385e94dc,100,1729,maximum_nontransitivity_information_gain,2000.0,3000.0
kata1-b6c96-s30394624-d4635675,46,2865.408653246539,2751.592479611253,2979.224826881825,2868.748124563376,-3.339471316837262,2,a5803f8a5d9d87202b43d709cb328cedaf18c446af448f705c33d553e8c2e9f7,5170ec511fb50cdf10d648416d508574d70e9781ddf156a1b2a86d2b385e94dc,100,1729,maximum_nontransitivity_information_gain,2000.0,3000.0
kata1-b6c96-s30394624-d4635675,48,2881.3320472628548,2770.581042574202,2992.0830519515075,2868.748124563376,12.583922699478535,2,a5803f8a5d9d87202b43d709cb328cedaf18c446af448f705c33d553e8c2e9f7,5170ec511fb50cdf10d648416d508574d70e9781ddf156a1b2a86d2b385e94dc,100,1729,maximum_nontransitivity_information_gain,2000.0,3000.0
kata1-b6c96-s30394624-d4635675,50,2882.4131189732575,2774.1447660052136,2990.6814719413014,2868.748124563376,13.664994409881274,2,a5803f8a5d9d87202b43d709cb328cedaf18c446af448f705c33d553e8c2e9f7,5170ec511fb50cdf10d648416d508574d70e9781ddf156a1b2a86d2b385e94dc,100,1729,maximum_nontransitivity_information_gain,2000.0,3000.0
kata1-b6c96-s30394624-d4635675,52,2883.395828041658,2777.4328265590443,2989.358829524272,2868.748124563376,14.647703478281983,2,a5803f8a5d9d87202b43d709cb328cedaf18c446af448f705c33d553e8c2e9f7,5170ec511fb50cdf10d648416d508574d70e9781ddf156a1b2a86d2b385e94dc,100,1729,maximum_nontransitivity_information_gain,2000.0,3000.0
kata1-b6c96-s30394624-d4635675,54,2869.2891247673756,2765.169077744643,2973.4091717901083,2868.748124563376,0.5410002039993742,2,a5803f8a5d9d87202b43d709cb328cedaf18c446af448f705c33d553e8c2e9f7,5170ec511fb50cdf10d648416d508574d70e9781ddf156a1b2a86d2b385e94dc,100,1729,maximum_nontransitivity_information_gain,2000.0,3000.0
kata1-b6c96-s30394624-d4635675,56,2883.414013935686,2781.577357193357,2985.250670678015,2868.748124563376,14.66588937230972,2,a5803f8a5d9d87202b43d709cb328cedaf18c446af448f705c33d553e8c2e9f7,5170ec511fb50cdf10d648416d508574d70e9781ddf156a1b2a86d2b385e94dc,100,1729,maximum_nontransitivity_information_gain,2000.0,3000.0
kata1-b6c96-s30394624-d4635675,58,2877.3514777575742,2777.2917257275276,2977.411229787621,2868.748124563376,8.603353194198007,2,a5803f8a5d9d87202b43d709cb328cedaf18c446af448f705c33d553e8c2e9f7,5170ec511fb50cdf10d648416d508574d70e9781ddf156a1b2a86d2b385e94dc,100,1729,maximum_nontransitivity_information_gain,2000.0,3000.0
kata1-b6c96-s30394624-d4635675,60,2876.805509898977,2778.5042145387765,2975.1068052591777,2868.748124563376,8.057385335600884,2,a5803f8a5d9d87202b43d709cb328cedaf18c446af448f705c33d553e8c2e9f7,5170ec511fb50cdf10d648416d508574d70e9781ddf156a1b2a86d2b385e94dc,100,1729,maximum_nontransitivity_information_gain,2000.0,3000.0
kata1-b6c96-s30394624-d4635675,62,2875.3759263591746,2778.715105702125,2972.036747016224,2868.748124563376,6.627801795798405,2,a5803f8a5d9d87202b43d709cb328cedaf18c446af448f705c33d553e8c2e9f7,5170ec511fb50cdf10d648416d508574d70e9781ddf156a1b2a86d2b385e94dc,100,1729,maximum_nontransitivity_information_gain,2000.0,3000.0
kata1-b6c96-s30394624-d4635675,64,2868.7692553273223,2773.574393619984,2963.9641170346604,2868.748124563376,0.021130763946075604,2,a5803f8a5d9d87202b43d709cb328cedaf18c446af448f705c33d553e8c2e9f7,5170ec511fb50cdf10d648416d508574d70e9781ddf156a1b2a86d2b385e94dc,100,1729,maximum_nontransitivity_information_gain,2000.0,3000.0
kata1-b6c96-s30394624-d4635675,66,2867.7133277144817,2774.000204311503,2961.4264511174606,2868.748124563376,-1.0347968488945298,2,a5803f8a5d9d87202b43d709cb328cedaf18c446af448f705c33d553e8c2e9f7,5170ec511fb50cdf10d648416d508574d70e9781ddf156a1b2a86d2b385e94dc,100,1729,maximum_nontransitivity_information_gain,2000.0,3000.0
kata1-b6c96-s30394624-d4635675,68,2866.722854228833,2774.4166019636805,2959.0291064939856,2868.748124563376,-2.0252703345431655,2,a5803f8a5d9d87202b43d709cb328cedaf18c446af448f705c33d553e8c2e9f7,5170ec511fb50cdf10d648416d508574d70e9781ddf156a1b2a86d2b385e94dc,100,1729,maximum_nontransitivity_information_gain,2000.0,3000.0
kata1-b6c96-s30394624-d4635675,70,2865.801713182945,2774.8329894407134,2956.770436925177,2868.748124563376,-2.9464113804310728,2,a5803f8a5d9d87202b43d709cb328cedaf18c446af448f705c33d553e8c2e9f7,5170ec511fb50cdf10d648416d508574d70e9781ddf156a1b2a86d2b385e94dc,100,1729,maximum_nontransitivity_information_gain,2000.0,3000.0
kata1-b6c96-s30394624-d4635675,72,2875.1411587018238,2785.5576541632117,2964.724663240436,2868.748124563376,6.393034138447547,2,a5803f8a5d9d87202b43d709cb328cedaf18c446af448f705c33d553e8c2e9f7,5170ec511fb50cdf10d648416d508574d70e9781ddf156a1b2a86d2b385e94dc,100,1729,maximum_nontransitivity_information_gain,2000.0,3000.0
kata1-b6c96-s30394624-d4635675,74,2876.0251941554225,2787.67002025961,2964.380368051235,2868.748124563376,7.277069592046246,2,a5803f8a5d9d87202b43d709cb328cedaf18c446af448f705c33d553e8c2e9f7,5170ec511fb50cdf10d648416d508574d70e9781ddf156a1b2a86d2b385e94dc,100,1729,maximum_nontransitivity_information_gain,2000.0,3000.0
kata1-b6c96-s30394624-d4635675,76,2877.2999246354975,2790.114642095836,2964.485207175159,2868.748124563376,8.551800072121296,2,a5803f8a5d9d87202b43d709cb328cedaf18c446af448f705c33d553e8c2e9f7,5170ec511fb50cdf10d648416d508574d70e9781ddf156a1b2a86d2b385e94dc,100,1729,maximum_nontransitivity_information_gain,2000.0,3000.0
kata1-b6c96-s30394624-d4635675,78,2887.9716053728957,2801.955314619866,2973.9878961259255,2868.748124563376,19.223480809519515,2,a5803f8a5d9d87202b43d709cb328cedaf18c446af448f705c33d553e8c2e9f7,5170ec511fb50cdf10d648416d508574d70e9781ddf156a1b2a86d2b385e94dc,100,1729,maximum_nontransitivity_information_gain,2000.0,3000.0
kata1-b6c96-s30394624-d4635675,80,2884.029679939827,2799.0620183165806,2968.9973415630734,2868.748124563376,15.281555376450797,2,a5803f8a5d9d87202b43d709cb328cedaf18c446af448f705c33d553e8c2e9f7,5170ec511fb50cdf10d648416d508574d70e9781ddf156a1b2a86d2b385e94dc,100,1729,maximum_nontransitivity_information_gain,2000.0,3000.0
kata1-b6c96-s30394624-d4635675,82,2893.9318475613886,2810.0074573357497,2977.8562377870276,2868.748124563376,25.1837229980124,2,a5803f8a5d9d87202b43d709cb328cedaf18c446af448f705c33d553e8c2e9f7,5170ec511fb50cdf10d648416d508574d70e9781ddf156a1b2a86d2b385e94dc,100,1729,maximum_nontransitivity_information_gain,2000.0,3000.0
kata1-b6c96-s30394624-d4635675,84,2894.6084484559487,2811.6621682453183,2977.554728666579,2868.748124563376,25.860323892572524,2,a5803f8a5d9d87202b43d709cb328cedaf18c446af448f705c33d553e8c2e9f7,5170ec511fb50cdf10d648416d508574d70e9781ddf156a1b2a86d2b385e94dc,100,1729,maximum_nontransitivity_information_gain,2000.0,3000.0
kata1-b6c96-s30394624-d4635675,86,2886.3689741162066,2804.3418292808888,2968.3961189515244,2868.748124563376,17.62084955283035,2,a5803f8a5d9d87202b43d709cb328cedaf18c446af448f705c33d553e8c2e9f7,5170ec511fb50cdf10d648416d508574d70e9781ddf156a1b2a86d2b385e94dc,100,1729,maximum_nontransitivity_information_gain,2000.0,3000.0
kata1-b6c96-s30394624-d4635675,88,2886.8066692528528,2805.6849364785976,2967.928402027108,2868.748124563376,18.05854468947655,2,a5803f8a5d9d87202b43d709cb328cedaf18c446af448f705c33d553e8c2e9f7,5170ec511fb50cdf10d648416d508574d70e9781ddf156a1b2a86d2b385e94dc,100,1729,maximum_nontransitivity_information_gain,2000.0,3000.0
kata1-b6c96-s30394624-d4635675,90,2882.014749376562,2801.7359504350798,2962.2935483180445,2868.748124563376,13.2666248131859,2,a5803f8a5d9d87202b43d709cb328cedaf18c446af448f705c33d553e8c2e9f7,5170ec511fb50cdf10d648416d508574d70e9781ddf156a1b2a86d2b385e94dc,100,1729,maximum_nontransitivity_information_gain,2000.0,3000.0
kata1-b6c96-s30394624-d4635675,92,2881.574267608972,2802.1280713994124,2961.020463818532,2868.748124563376,12.826143045595927,2,a5803f8a5d9d87202b43d709cb328cedaf18c446af448f705c33d553e8c2e9f7,5170ec511fb50cdf10d648416d508574d70e9781ddf156a1b2a86d2b385e94dc,100,1729,maximum_nontransitivity_information_gain,2000.0,3000.0
kata1-b6c96-s30394624-d4635675,94,2882.091368272545,2803.4541418145363,2960.7285947305536,2868.748124563376,13.343243709168746,2,a5803f8a5d9d87202b43d709cb328cedaf18c446af448f705c33d553e8c2e9f7,5170ec511fb50cdf10d648416d508574d70e9781ddf156a1b2a86d2b385e94dc,100,1729,maximum_nontransitivity_information_gain,2000.0,3000.0
kata1-b6c96-s30394624-d4635675,96,2874.701742609326,2796.7830094447936,2952.6204757738587,2868.748124563376,5.953618045949952,2,a5803f8a5d9d87202b43d709cb328cedaf18c446af448f705c33d553e8c2e9f7,5170ec511fb50cdf10d648416d508574d70e9781ddf156a1b2a86d2b385e94dc,100,1729,maximum_nontransitivity_information_gain,2000.0,3000.0
kata1-b6c96-s30394624-d4635675,98,2873.890549575075,2796.7166949281523,2951.064404221998,2868.748124563376,5.142425011698833,2,a5803f8a5d9d87202b43d709cb328cedaf18c446af448f705c33d553e8c2e9f7,5170ec511fb50cdf10d648416d508574d70e9781ddf156a1b2a86d2b385e94dc,100,1729,maximum_nontransitivity_information_gain,2000.0,3000.0
kata1-b6c96-s30394624-d4635675,100,2880.688046678522,2804.2860167100675,2957.0900766469763,2868.748124563376,11.939922115145691,2,a5803f8a5d9d87202b43d709cb328cedaf18c446af448f705c33d553e8c2e9f7,5170ec511fb50cdf10d648416d508574d70e9781ddf156a1b2a86d2b385e94dc,100,1729,maximum_nontransitivity_information_gain,2000.0,3000.0
kata1-b6c96-s37368064-d5536083,2,2847.6012300458433,414.06044141594566,5281.1420186757405,2990.0846228175806,-142.48339277173727,2,a5803f8a5d9d87202b43d709cb328cedaf18c446af448f705c33d553e8c2e9f7,5170ec511fb50cdf10d648416d508574d70e9781ddf156a1b2a86d2b385e94dc,100,1729,maximum_nontransitivity_information_gain,2000.0,3000.0
kata1-b6c96-s37368064-d5536083,4,3566.1935014873306,1695.513237139318,5436.873765835343,2990.0846228175806,576.1088786697501,2,a5803f8a5d9d87202b43d709cb328cedaf18c446af448f705c33d553e8c2e9f7,5170ec511fb50cdf10d648416d508574d70e9781ddf156a1b2a86d2b385e94dc,100,1729,maximum_nontransitivity_information_gain,2000.0,3000.0
kata1-b6c96-s37368064-d5536083,6,3191.9364093055588,2652.3201277279213,3731.552690883196,2990.0846228175806,201.8517864879782,2,a5803f8a5d9d87202b43d709cb328cedaf18c446af448f705c33d553e8c2e9f7,5170ec511fb50cdf10d648416d508574d70e9781ddf156a1b2a86d2b385e94dc,100,1729,maximum_nontransitivity_information_gain,2000.0,3000.0
kata1-b6c96-s37368064-d5536083,8,2998.1081164607435,2629.2183780306414,3366.9978548908457,2990.0846228175806,8.023493643162965,2,a5803f8a5d9d87202b43d709cb328cedaf18c446af448f705c33d553e8c2e9f7,5170ec511fb50cdf10d648416d508574d70e9781ddf156a1b2a86d2b385e94dc,100,1729,maximum_nontransitivity_information_gain,2000.0,3000.0
kata1-b6c96-s37368064-d5536083,10,3131.487791885838,2836.2691945678157,3426.70638920386,2990.0846228175806,141.40316906825728,2,a5803f8a5d9d87202b43d709cb328cedaf18c446af448f705c33d553e8c2e9f7,5170ec511fb50cdf10d648416d508574d70e9781ddf156a1b2a86d2b385e94dc,100,1729,maximum_nontransitivity_information_gain,2000.0,3000.0
kata1-b6c96-s37368064-d5536083,12,3041.0375075295347,2787.6136006188217,3294.4614144402476,2990.0846228175806,50.952884711954084,2,a5803f8a5d9d87202b43d709cb328cedaf18c446af448f705c33d553e8c2e9f7,5170ec511fb50cdf10d648416d508574d70e9781ddf156a1b2a86d2b385e94dc,100,1729,maximum_nontransitivity_information_gain,2000.0,3000.0
kata1-b6c96-s37368064-d5536083,14,3040.246429012408,2815.2584100998715,3265.2344479249446,2990.0846228175806,50.16180619482748,2,a5803f8a5d9d87202b43d709cb328cedaf18c446af448f705c33d553e8c2e9f7,5170ec511fb50cdf10d648416d508574d70e9781ddf156a1b2a86d2b385e94dc,100,1729,maximum_nontransitivity_information_gain,2000.0,3000.0
kata1-b6c96-s37368064-d5536083,16,2977.29021335685,2768.5622457214304,3186.0181809922697,2990.0846228175806,-12.794409460730549,2,a5803f8a5d9d87202b43d709cb328cedaf18c446af448f705c33d553e8c2e9f7,5170ec511fb50cdf10d648416d508574d70e9781ddf156a1b2a86d2b385e94dc,100,1729,maximum_nontransitivity_information_gain,2000.0,3000.0
kata1-b6c96-s37368064-d5536083,18,2999.743658750769,2808.917950949235,3190.569366552303,2990.0846228175806,9.659035933188534,2,a5803f8a5d9d87202b43d709cb328cedaf18c446af448f705c33d553e8c2e9f7,5170ec511fb50cdf10d648416d508574d70e9781ddf156a1b2a86d2b385e94dc,100,1729,maximum_nontransitivity_information_gain,2000.0,3000.0
kata1-b6c96-s37368064-d5536083,20,3001.678180842984,2823.7608761969827,3179.5954854889856,2990.0846228175806,11.593558025403581,2,a5803f8a5d9d87202b43d709cb328cedaf18c446af448f705c33d553e8c2e9f7,5170ec511fb50cdf10d648416d508574d70e9781ddf156a1b2a86d2b385e94dc,100,1729,maximum_nontransitivity_information_gain,2000.0,3000.0
kata1-b6c96-s37368064-d5536083,22,3003.156256264692,2835.7513746637446,3170.561137865639,2990.0846228175806,13.071633447111253,2,a5803f8a5d9d87202b43d709cb328cedaf18c446af448f705c33d553e8c2e9f7,5170ec511fb50cdf10d648416d508574d70e9781ddf156a1b2a86d2b385e94dc,100,1729,maximum_nontransitivity_information_gain,2000.0,3000.0
kata1-b6c96-s37368064-d5536083,24,3004.3225051046497,2845.6922111250215,3162.952799084278,2990.0846228175806,14.23788228706917,2,a5803f8a5d9d87202b43d709cb328cedaf18c446af448f705c33d553e8c2e9f7,5170ec511fb50cdf10d648416d508574d70e9781ddf156a1b2a86d2b385e94dc,100,1729,maximum_nontransitivity_information_gain,2000.0,3000.0
kata1-b6c96-s37368064-d5536083,26,3005.2678682321616,2854.1038765628623,3156.431859901461,2990.0846228175806,15.183245414581052,2,a5803f8a5d9d87202b43d709cb328cedaf18c446af448f705c33d553e8c2e9f7,5170ec511fb50cdf10d648416d508574d70e9781ddf156a1b2a86d2b385e94dc,100,1729,maximum_nontransitivity_information_gain,2000.0,3000.0
kata1-b6c96-s37368064-d5536083,28,3006.04722472111,2861.335667977636,3150.758781464584,2990.0846228175806,15.962601903529503,2,a5803f8a5d9d87202b43d709cb328cedaf18c446af448f705c33d553e8c2e9f7,5170ec511fb50cdf10d648416d508574d70e9781ddf156a1b2a86d2b385e94dc,100,1729,maximum_nontransitivity_information_gain,2000.0,3000.0
kata1-b6c96-s37368064-d5536083,30,3036.219920764255,2897.366295720047,3175.073545808463,2990.0846228175806,46.135297946674655,2,a5803f8a5d9d87202b43d709cb328cedaf18c446af448f705c33d553e8c2e9f7,5170ec511fb50cdf10d648416d508574d70e9781ddf156a1b2a86d2b385e94dc,100,1729,maximum_nontransitivity_information_gain,2000.0,3000.0
kata1-b6c96-s37368064-d5536083,32,3038.283379575854,2904.398316836785,3172.1684423149227,2990.0846228175806,48.19875675827325,2,a5803f8a5d9d87202b43d709cb328cedaf18c446af448f705c33d553e8c2e9f7,5170ec511fb50cdf10d648416d508574d70e9781ddf156a1b2a86d2b385e94dc,100,1729,maximum_nontransitivity_information_gain,2000.0,3000.0
kata1-b6c96-s37368064-d5536083,34,3040.3657464273174,2910.9209751654807,3169.810517689154,2990.0846228175806,50.281123609736824,2,a5803f8a5d9d87202b43d709cb328cedaf18c446af448f705c33d553e8c2e9f7,5170ec511fb50cdf10d648416d508574d70e9781ddf156a1b2a86d2b385e94dc,100,1729,maximum_nontransitivity_information_gain,2000.0,3000.0
kata1-b6c96-s37368064-d5536083,36,3019.520343933911,2893.94895462916,3145.091733238662,2990.0846228175806,29.43572111633057,2,a5803f8a5d9d87202b43d709cb328cedaf18c446af448f705c33d553e8c2e9f7,5170ec511fb50cdf10d648416d508574d70e9781ddf156a1b2a86d2b385e94dc,100,1729,maximum_nontransitivity_information_gain,2000.0,3000.0
kata1-b6c96-s37368064-d5536083,38,3010.0685422927645,2887.961557725588,3132.175526859941,2990.0846228175806,19.98391947518394,2,a5803f8a5d9d87202b43d709cb328cedaf18c446af448f705c33d553e8c2e9f7,5170ec511fb50cdf10d648416d508574d70e9781ddf156a1b2a86d2b385e94dc,100,1729,maximum_nontransitivity_information_gain,2000.0,3000.0
kata1-b6c96-s37368064-d5536083,40,3010.3092484506274,2891.5484331639914,3129.0700637372634,2990.0846228175806,20.2246256330468,2,a5803f8a5d9d87202b43d709cb328cedaf18c446af448f705c33d553e8c2e9f7,5170ec511fb50cdf10d648416d508574d70e9781ddf156a1b2a86d2b385e94dc,100,1729,maximum_nontransitivity_information_gain,2000.0,3000.0
kata1-b6c96-s37368064-d5536083,42,2991.6563407125336,2875.448596611341,3107.864084813726,2990.0846228175806,1.5717178949530535,2,a5803f8a5d9d87202b43d709cb328cedaf18c446af448f705c33d553e8c2e9f7,5170ec511fb50cdf10d648416d508574d70e9781ddf156a1b2a86d2b385e94dc,100,1729,maximum_nontransitivity_information_gain,2000.0,3000.0
kata1-b6c96-s37368064-d5536083,44,3007.442048352524,2894.446975039508,3120.4371216655404,2990.0846228175806,17.35742553494356,2,a5803f8a5d9d87202b43d709cb328cedaf18c446af448f705c33d553e8c2e9f7,5170ec511fb50cdf10d648416d508574d70e9781ddf156a1b2a86d2b385e94dc,100,1729,maximum_nontransitivity_information_gain,2000.0,3000.0
kata1-b6c96-s37368064-d5536083,46,2990.7436827619917,2879.971048658012,3101.5163168659715,2990.0846228175806,0.6590599444111831,2,a5803f8a5d9d87202b43d709cb328cedaf18c446af448f705c33d553e8c2e9f7,5170ec511fb50cdf10d648416d508574d70e9781ddf156a1b2a86d2b385e94dc,100,1729,maximum_nontransitivity_information_gain,2000.0,3000.0
kata1-b6c96-s37368064-d5536083,48,3005.1043408253004,2897.058926366581,3113.1497552840196,2990.0846228175806,15.019718007719803,2,a5803f8a5d9d87202b43d709cb328cedaf18c446af448f705c33d553e8c2e9f7,5170ec511fb50cdf10d648416d508574d70e9781ddf156a1b2a86d2b385e94dc,100,1729,maximum_nontransitivity_information_gain,2000.0,3000.0
kata1-b6c96-s37368064-d5536083,50,3014.2991782157824,2908.613188807411,3119.9851676241537,2990.0846228175806,24.21455539820181,2,a5803f8a5d9d87202b43d709cb328cedaf18c446af448f705c33d553e8c2e9f7,5170ec511fb50cdf10d648416d508574d70e9781ddf156a1b2a86d2b385e94dc,100,1729,maximum_nontransitivity_information_gain,2000.0,3000.0
kata1-b6c96-s37368064-d5536083,52,3000.4260188741405,2896.6475792679603,3104.2044584803207,2990.0846228175806,10.341396056559915,2,a5803f8a5d9d87202b43d709cb328cedaf18c446af448f705c33d553e8c2e9f7,5170ec511fb50cdf10d648416d508574d70e9781ddf156a1b2a86d2b385e94dc,100,1729,maximum_nontransitivity_information_gain,2000.0,3000.0
kata1-b6c96-s37368064-d5536083,54,3001.01100366771,2899.2224248097946,3102.7995825256257,2990.0846228175806,10.92638085012959,2,a5803f8a5d9d87202b43d709cb328cedaf18c446af448f705c33d553e8c2e9f7,5170ec511fb50cdf10d648416d508574d70e9781ddf156a1b2a86d2b385e94dc,100,1729,maximum_nontransitivity_information_gain,2000.0,3000.0
kata1-b6c96-s37368064-d5536083,56,3015.2140890529913,2915.452712889216,3114.9754652167667,2990.0846228175806,25.129466235410746,2,a5803f8a5d9d87202b43d709cb328cedaf18c446af448f705c33d553e8c2e9f7,5170ec511fb50cdf10d648416d508574d70e9781ddf156a1b2a86d2b385e94dc,100,1729,maximum_nontransitivity_information_gain,2000.0,3000.0
kata1-b6c96-s37368064-d5536083,58,3002.8971838861776,2904.7301527171544,3101.0642150552007,2990.0846228175806,12.812561068597006,2,a5803f8a5d9d87202b43d709cb328cedaf18c446af448f705c33d553e8c2e9f7,5170ec511fb50cdf10d648416d508574d70e9781ddf156a1b2a86d2b385e94dc,100,1729,maximum_nontransitivity_information_gain,2000.0,3000.0
kata1-b6c96-s37368064-d5536083,60,3015.984139304856,2919.604731927456,3112.3635466822557,2990.0846228175806,25.899516487275378,2,a5803f8a5d9d87202b43d709cb328cedaf18c446af448f705c33d553e8c2e9f7,5170ec511fb50cdf10d648416d508574d70e9781ddf156a1b2a86d2b385e94dc,100,1729,maximum_nontransitivity_information_gain,2000.0,3000.0
kata1-b6c96-s37368064-d5536083,62,3022.8580551106998,2928.0572752171074,3117.658835004292,2990.0846228175806,32.773432293119185,2,a5803f8a5d9d87202b43d709cb328cedaf18c446af448f705c33d553e8c2e9f7,5170ec511fb50cdf10d648416d508574d70e9781ddf156a1b2a86d2b385e94dc,100,1729,maximum_nontransitivity_information_gain,2000.0,3000.0
kata1-b6c96-s37368064-d5536083,64,3012.5383761466396,2919.1344936064197,3105.9422586868595,2990.0846228175806,22.453753329059055,2,a5803f8a5d9d87202b43d709cb328cedaf18c446af448f705c33d553e8c2e9f7,5170ec511fb50cdf10d648416d508574d70e9781ddf156a1b2a86d2b385e94dc,100,1729,maximum_nontransitivity_information_gain,2000.0,3000.0
kata1-b6c96-s37368064-d5536083,66,3012.5973678819996,2920.590199605953,3104.6045361580464,2990.0846228175806,22.51274506441905,2,a5803f8a5d9d87202b43d709cb328cedaf18c446af448f705c33d553e8c2e9f7,5170ec511fb50cdf10d648416d508574d70e9781ddf156a1b2a86d2b385e94dc,100,1729,maximum_nontransitivity_information_gain,2000.0,3000.0
kata1-b6c96-s37368064-d5536083,68,3013.3936281263686,2922.7161397952873,3104.07111645745,2990.0846228175806,23.309005308788073,2,a5803f8a5d9d87202b43d709cb328cedaf18c446af448f705c33d553e8c2e9f7,5170ec511fb50cdf10d648416d508574d70e9781ddf156a1b2a86d2b385e94dc,100,1729,maximum_nontransitivity_information_gain,2000.0,3000.0
kata1-b6c96-s37368064-d5536083,70,3004.173497551819,2914.6353457969503,3093.7116493066874,2990.0846228175806,14.088874734238289,2,a5803f8a5d9d87202b43d709cb328cedaf18c446af448f705c33d553e8c2e9f7,5170ec511fb50cdf10d648416d508574d70e9781ddf156a1b2a86d2b385e94dc,100,1729,maximum_nontransitivity_information_gain,2000.0,3000.0
kata1-b6c96-s37368064-d5536083,72,3004.474491577604,2916.1495361960915,3092.7994469591167,2990.0846228175806,14.389868760023546,2,a5803f8a5d9d87202b43d709cb328cedaf18c446af448f705c33d553e8c2e9f7,5170ec511fb50cdf10d648416d508574d70e9781ddf156a1b2a86d2b385e94dc,100,1729,maximum_nontransitivity_information_gain,2000.0,3000.0
kata1-b6c96-s37368064-d5536083,74,3014.8573005435123,2927.7967165055215,3101.917884581503,2990.0846228175806,24.77267772593177,2,a5803f8a5d9d87202b43d709cb328cedaf18c446af448f705c33d553e8c2e9f7,5170ec511fb50cdf10d648416d508574d70e9781ddf156a1b2a86d2b385e94dc,100,1729,maximum_nontransitivity_information_gain,2000.0,3000.0
kata1-b6c96-s37368064-d5536083,76,3006.4872111525547,2920.4258597197354,3092.548562585374,2990.0846228175806,16.402588334974098,2,a5803f8a5d9d87202b43d709cb328cedaf18c446af448f705c33d553e8c2e9f7,5170ec511fb50cdf10d648416d508574d70e9781ddf156a1b2a86d2b385e94dc,100,1729,maximum_nontransitivity_information_gain,2000.0,3000.0
kata1-b6c96-s37368064-d5536083,78,3006.6950463675844,2921.6902416901644,3091.6998510450044,2990.0846228175806,16.610423550003816,2,a5803f8a5d9d87202b43d709cb328cedaf18c446af448f705c33d553e8c2e9f7,5170ec511fb50cdf10d648416d508574d70e9781ddf156a1b2a86d2b385e94dc,100,1729,maximum_nontransitivity_information_gain,2000.0,3000.0
kata1-b6c96-s37368064-d5536083,80,3007.5211841906757,2923.532902530721,3091.5094658506305,2990.0846228175806,17.436561373095174,2,a5803f8a5d9d87202b43d709cb328cedaf18c446af448f705c33d553e8c2e9f7,5170ec511fb50cdf10d648416d508574d70e9781ddf156a1b2a86d2b385e94dc,100,1729,maximum_nontransitivity_information_gain,2000.0,3000.0
kata1-b6c96-s37368064-d5536083,82,3015.113537064092,2932.1487984860796,3098.078275642104,2990.0846228175806,25.02891424651125,2,a5803f8a5d9d87202b43d709cb328cedaf18c446af448f705c33d553e8c2e9f7,5170ec511fb50cdf10d648416d508574d70e9781ddf156a1b2a86d2b385e94dc,100,1729,maximum_nontransitivity_information_gain,2000.0,3000.0
kata1-b6c96-s37368064-d5536083,84,3007.4852643311983,2925.37413161738,3089.5963970450166,2990.0846228175806,17.400641513617757,2,a5803f8a5d9d87202b43d709cb328cedaf18c446af448f705c33d553e8c2e9f7,5170ec511fb50cdf10d648416d508574d70e9781ddf156a1b2a86d2b385e94dc,100,1729,maximum_nontransitivity_information_gain,2000.0,3000.0
kata1-b6c96-s37368064-d5536083,86,3007.648334800636,2926.4339718949927,3088.862697706279,2990.0846228175806,17.563711983055327,2,a5803f8a5d9d87202b43d709cb328cedaf18c446af448f705c33d553e8c2e9f7,5170ec511fb50cdf10d648416d508574d70e9781ddf156a1b2a86d2b385e94dc,100,1729,maximum_nontransitivity_information_gain,2000.0,3000.0
kata1-b6c96-s37368064-d5536083,88,2999.941426630778,2919.4846260242643,3080.398227237292,2990.0846228175806,9.85680381319753,2,a5803f8a5d9d87202b43d709cb328cedaf18c446af448f705c33d553e8c2e9f7,5170ec511fb50cdf10d648416d508574d70e9781ddf156a1b2a86d2b385e94dc,100,1729,maximum_nontransitivity_information_gain,2000.0,3000.0
kata1-b6c96-s37368064-d5536083,90,2998.708766538297,2919.065402809476,3078.352130267118,2990.0846228175806,8.624143720716347,2,a5803f8a5d9d87202b43d709cb328cedaf18c446af448f705c33d553e8c2e9f7,5170ec511fb50cdf10d648416d508574d70e9781ddf156a1b2a86d2b385e94dc,100,1729,maximum_nontransitivity_information_gain,2000.0,3000.0
kata1-b6c96-s37368064-d5536083,92,2997.533409751109,2918.675599436479,3076.391220065739,2990.0846228175806,7.448786933528481,2,a5803f8a5d9d87202b43d709cb328cedaf18c446af448f705c33d553e8c2e9f7,5170ec511fb50cdf10d648416d508574d70e9781ddf156a1b2a86d2b385e94dc,100,1729,maximum_nontransitivity_information_gain,2000.0,3000.0
kata1-b6c96-s37368064-d5536083,94,3004.341972742038,2926.3311280838416,3082.352817400234,2990.0846228175806,14.25734992445723,2,a5803f8a5d9d87202b43d709cb328cedaf18c446af448f705c33d553e8c2e9f7,5170ec511fb50cdf10d648416d508574d70e9781ddf156a1b2a86d2b385e94dc,100,1729,maximum_nontransitivity_information_gain,2000.0,3000.0
kata1-b6c96-s37368064-d5536083,96,2996.8635540701307,2919.516789027122,3074.2103191131396,2990.0846228175806,6.778931252550137,2,a5803f8a5d9d87202b43d709cb328cedaf18c446af448f705c33d553e8c2e9f7,5170ec511fb50cdf10d648416d508574d70e9781ddf156a1b2a86d2b385e94dc,100,1729,maximum_nontransitivity_information_gain,2000.0,3000.0
kata1-b6c96-s37368064-d5536083,98,3003.389735359569,2926.830054400031,3079.949416319107,2990.0846228175806,13.305112541988365,2,a5803f8a5d9d87202b43d709cb328cedaf18c446af448f705c33d553e8c2e9f7,5170ec511fb50cdf10d648416d508574d70e9781ddf156a1b2a86d2b385e94dc,100,1729,maximum_nontransitivity_information_gain,2000.0,3000.0
kata1-b6c96-s37368064-d5536083,100,2996.250873811193,2920.314720648042,3072.1870269743436,2990.0846228175806,6.166250993612266,2,a5803f8a5d9d87202b43d709cb328cedaf18c446af448f705c33d553e8c2e9f7,5170ec511fb50cdf10d648416d508574d70e9781ddf156a1b2a86d2b385e94dc,100,1729,maximum_nontransitivity_information_gain,2000.0,3000.0
kata1-b6c96-s48921344-d7092247,2,2847.8392318950223,414.5752028136476,5281.103260976397,3111.9717247863114,-264.1324928912891,2,a5803f8a5d9d87202b43d709cb328cedaf18c446af448f705c33d553e8c2e9f7,5170ec511fb50cdf10d648416d508574d70e9781ddf156a1b2a86d2b385e94dc,100,1729,maximum_nontransitivity_information_gain,2000.0,3000.0
kata1-b6c96-s48921344-d7092247,4,3024.1824151615942,2478.838058903543,3569.5267714196457,3111.9717247863114,-87.78930962471713,2,a5803f8a5d9d87202b43d709cb328cedaf18c446af448f705c33d553e8c2e9f7,5170ec511fb50cdf10d648416d508574d70e9781ddf156a1b2a86d2b385e94dc,100,1729,maximum_nontransitivity_information_gain,2000.0,3000.0
kata1-b6c96-s48921344-d7092247,6,3021.3628201041197,2660.097839820279,3382.62780038796,3111.9717247863114,-90.60890468219168,2,a5803f8a5d9d87202b43d709cb328cedaf18c446af448f705c33d553e8c2e9f7,5170ec511fb50cdf10d648416d508574d70e9781ddf156a1b2a86d2b385e94dc,100,1729,maximum_nontransitivity_information_gain,2000.0,3000.0
kata1-b6c96-s48921344-d7092247,8,3027.1352943491916,2736.5954463696453,3317.675142328738,3111.9717247863114,-84.83643043711982,2,a5803f8a5d9d87202b43d709cb328cedaf18c446af448f705c33d553e8c2e9f7,5170ec511fb50cdf10d648416d508574d70e9781ddf156a1b2a86d2b385e94dc,100,1729,maximum_nontransitivity_information_gain,2000.0,3000.0
kata1-b6c96-s48921344-d7092247,10,3121.61582564563,2856.6670773790966,3386.5645739121637,3111.9717247863114,9.644100859318769,2,a5803f8a5d9d87202b43d709cb328cedaf18c446af448f705c33d553e8c2e9f7,5170ec511fb50cdf10d648416d508574d70e9781ddf156a1b2a86d2b385e94dc,100,1729,maximum_nontransitivity_information_gain,2000.0,3000.0
kata1-b6c96-s48921344-d7092247,12,3121.674401204929,2888.82632544663,3354.5224769632277,3111.9717247863114,9.702676418617557,2,a5803f8a5d9d87202b43d709cb328cedaf18c446af448f705c33d553e8c2e9f7,5170ec511fb50cdf10d648416d508574d70e9781ddf156a1b2a86d2b385e94dc,100,1729,maximum_nontransitivity_information_gain,2000.0,3000.0
kata1-b6c96-s48921344-d7092247,14,3121.161044194675,2910.94538131619,3331.37670707316,3111.9717247863114,9.189319408363644,2,a5803f8a5d9d87202b43d709cb328cedaf18c446af448f705c33d553e8c2e9f7,5170ec511fb50cdf10d648416d508574d70e9781ddf156a1b2a86d2b385e94dc,100,1729,maximum_nontransitivity_information_gain,2000.0,3000.0
kata1-b6c96-s48921344-d7092247,16,3149.0793209986214,2952.55548508715,3345.603156910093,3111.9717247863114,37.10759621231,2,a5803f8a5d9d87202b43d709cb328cedaf18c446af448f705c33d553e8c2e9f7,5170ec511fb50cdf10d648416d508574d70e9781ddf156a1b2a86d2b385e94dc,100,1729,maximum_nontransitivity_information_gain,2000.0,3000.0
kata1-b6c96-s48921344-d7092247,18,3125.2046066941325,2944.8738726561674,3305.5353407320977,3111.9717247863114,13.232881907821138,2,a5803f8a5d9d87202b43d709cb328cedaf18c446af448f705c33d553e8c2e9f7,5170ec511fb50cdf10d648416d508574d70e9781ddf156a1b2a86d2b385e94dc,100,1729,maximum_nontransitivity_information_gain,2000.0,3000.0
kata1-b6c96-s48921344-d7092247,20,3145.516029058878,2974.517706170491,3316.514351947265,3111.9717247863114,33.54430427256648,2,a5803f8a5d9d87202b43d709cb328cedaf18c446af448f705c33d553e8c2e9f7,5170ec511fb50cdf10d648416d508574d70e9781ddf156a1b2a86d2b385e94dc,100,1729,maximum_nontransitivity_information_gain,2000.0,3000.0
kata1-b6c96-s48921344-d7092247,22,3146.5621333804656,2984.818432869703,3308.3058338912283,3111.9717247863114,34.59040859415427,2,a5803f8a5d9d87202b43d709cb328cedaf18c446af448f705c33d553e8c2e9f7,5170ec511fb50cdf10d648416d508574d70e9781ddf156a1b2a86d2b385e94dc,100,1729,maximum_nontransitivity_information_gain,2000.0,3000.0
kata1-b6c96-s48921344-d7092247,24,3146.9376243398315,2993.077891087542,3300.797357592121,3111.9717247863114,34.9658995535201,2,a5803f8a5d9d87202b43d709cb328cedaf18c446af448f705c33d553e8c2e9f7,5170ec511fb50cdf10d648416d508574d70e9781ddf156a1b2a86d2b385e94dc,100,1729,maximum_nontransitivity_information_gain,2000.0,3000.0
kata1-b6c96-s48921344-d7092247,26,3116.792480265294,2970.9117648856354,3262.673195644953,3111.9717247863114,4.820755478982846,2,a5803f8a5d9d87202b43d709cb328cedaf18c446af448f705c33d553e8c2e9f7,5170ec511fb50cdf10d648416d508574d70e9781ddf156a1b2a86d2b385e94dc,100,1729,maximum_nontransitivity_information_gain,2000.0,3000.0
kata1-b6c96-s48921344-d7092247,28,3117.193920365143,2977.1044731996367,3257.2833675306497,3111.9717247863114,5.2221955788318155,2,a5803f8a5d9d87202b43d709cb328cedaf18c446af448f705c33d553e8c2e9f7,5170ec511fb50cdf10d648416d508574d70e9781ddf156a1b2a86d2b385e94dc,100,1729,maximum_nontransitivity_information_gain,2000.0,3000.0
kata1-b6c96-s48921344-d7092247,30,3091.321120995161,2956.5024215099747,3226.139820480347,3111.9717247863114,-20.650603791150388,2,a5803f8a5d9d87202b43d709cb328cedaf18c446af448f705c33d553e8c2e9f7,5170ec511fb50cdf10d648416d508574d70e9781ddf156a1b2a86d2b385e94dc,100,1729,maximum_nontransitivity_information_gain,2000.0,3000.0
kata1-b6c96-s48921344-d7092247,32,3102.81413419625,2972.5634273771434,3233.0648410153567,3111.9717247863114,-9.157590590061318,2,a5803f8a5d9d87202b43d709cb328cedaf18c446af448f705c33d553e8c2e9f7,5170ec511fb50cdf10d648416d508574d70e9781ddf156a1b2a86d2b385e94dc,100,1729,maximum_nontransitivity_information_gain,2000.0,3000.0
kata1-b6c96-s48921344-d7092247,34,3101.4858130419098,2975.332718223389,3227.6389078604307,3111.9717247863114,-10.48591174440162,2,a5803f8a5d9d87202b43d709cb328cedaf18c446af448f705c33d553e8c2e9f7,5170ec511fb50cdf10d648416d508574d70e9781ddf156a1b2a86d2b385e94dc,100,1729,maximum_nontransitivity_information_gain,2000.0,3000.0
kata1-b6c96-s48921344-d7092247,36,3120.8943070235878,2998.151095989589,3243.6375180575865,3111.9717247863114,8.922582237276401,2,a5803f8a5d9d87202b43d709cb328cedaf18c446af448f705c33d553e8c2e9f7,5170ec511fb50cdf10d648416d508574d70e9781ddf156a1b2a86d2b385e94dc,100,1729,maximum_nontransitivity_information_gain,2000.0,3000.0
kata1-b6c96-s48921344-d7092247,38,3120.943690743908,3001.6042275564982,3240.283153931318,3111.9717247863114,8.971965957596694,2,a5803f8a5d9d87202b43d709cb328cedaf18c446af448f705c33d553e8c2e9f7,5170ec511fb50cdf10d648416d508574d70e9781ddf156a1b2a86d2b385e94dc,100,1729,maximum_nontransitivity_information_gain,2000.0,3000.0
kata1-b6c96-s48921344-d7092247,40,3111.3616536137206,2995.2844407459993,3227.438866481442,3111.9717247863114,-0.6100711725907786,2,a5803f8a5d9d87202b43d709cb328cedaf18c446af448f705c33d553e8c2e9f7,5170ec511fb50cdf10d648416d508574d70e9781ddf156a1b2a86d2b385e94dc,100,1729,maximum_nontransitivity_information_gain,2000.0,3000.0
kata1-b6c96-s48921344-d7092247,42,3129.911740704997,3016.354362099566,3243.469119310428,3111.9717247863114,17.94001591868573,2,a5803f8a5d9d87202b43d709cb328cedaf18c446af448f705c33d553e8c2e9f7,5170ec511fb50cdf10d648416d508574d70e9781ddf156a1b2a86d2b385e94dc,100,1729,maximum_nontransitivity_information_gain,2000.0,3000.0
kata1-b6c96-s48921344-d7092247,44,3148.2071091822972,3036.756713524021,3259.6575048405734,3111.9717247863114,36.235384395985875,2,a5803f8a5d9d87202b43d709cb328cedaf18c446af448f705c33d553e8c2e9f7,5170ec511fb50cdf10d648416d508574d70e9781ddf156a1b2a86d2b385e94dc,100,1729,maximum_nontransitivity_information_gain,2000.0,3000.0
kata1-b6c96-s48921344-d7092247,46,3149.2437066611656,3040.265088118394,3258.222325203937,3111.9717247863114,37.27198187485419,2,a5803f8a5d9d87202b43d709cb328cedaf18c446af448f705c33d553e8c2e9f7,5170ec511fb50cdf10d648416d508574d70e9781ddf156a1b2a86d2b385e94dc,100,1729,maximum_nontransitivity_information_gain,2000.0,3000.0
kata1-b6c96-s48921344-d7092247,48,3149.52364240159,3042.869804091256,3256.1774807119245,3111.9717247863114,37.55191761527885,2,a5803f8a5d9d87202b43d709cb328cedaf18c446af448f705c33d553e8c2e9f7,5170ec511fb50cdf10d648416d508574d70e9781ddf156a1b2a86d2b385e94dc,100,1729,maximum_nontransitivity_information_gain,2000.0,3000.0
kata1-b6c96-s48921344-d7092247,50,3150.4122160259662,3045.9059202788876,3254.918511773045,3111.9717247863114,38.440491239654875,2,a5803f8a5d9d87202b43d709cb328cedaf18c446af448f705c33d553e8c2e9f7,5170ec511fb50cdf10d648416d508574d70e9781ddf156a1b2a86d2b385e94dc,100,1729,maximum_nontransitivity_information_gain,2000.0,3000.0
kata1-b6c96-s48921344-d7092247,52,3150.3992989342332,3047.9283679974706,3252.870229870996,3111.9717247863114,38.42757414792186,2,a5803f8a5d9d87202b43d709cb328cedaf18c446af448f705c33d553e8c2e9f7,5170ec511fb50cdf10d648416d508574d70e9781ddf156a1b2a86d2b385e94dc,100,1729,maximum_nontransitivity_information_gain,2000.0,3000.0
kata1-b6c96-s48921344-d7092247,54,3164.5776101947745,3063.570754223306,3265.584466166243,3111.9717247863114,52.60588540846311,2,a5803f8a5d9d87202b43d709cb328cedaf18c446af448f705c33d553e8c2e9f7,5170ec511fb50cdf10d648416d508574d70e9781ddf156a1b2a86d2b385e94dc,100,1729,maximum_nontransitivity_information_gain,2000.0,3000.0
kata1-b6c96-s48921344-d7092247,56,3178.8795395618995,3079.142482027141,3278.616597096658,3111.9717247863114,66.90781477558812,2,a5803f8a5d9d87202b43d709cb328cedaf18c446af448f705c33d553e8c2e9f7,5170ec511fb50cdf10d648416d508574d70e9781ddf156a1b2a86d2b385e94dc,100,1729,maximum_nontransitivity_information_gain,2000.0,3000.0
kata1-b6c96-s48921344-d7092247,58,3166.2032303158394,3068.684493214838,3263.721967416841,3111.9717247863114,54.23150552952802,2,a5803f8a5d9d87202b43d709cb328cedaf18c446af448f705c33d553e8c2e9f7,5170ec511fb50cdf10d648416d508574d70e9781ddf156a1b2a86d2b385e94dc,100,1729,maximum_nontransitivity_information_gain,2000.0,3000.0
kata1-b6c96-s48921344-d7092247,60,3166.767451477284,3070.8558252111425,3262.6790777434253,3111.9717247863114,54.795726690972515,2,a5803f8a5d9d87202b43d709cb328cedaf18c446af448f705c33d553e8c2e9f7,5170ec511fb50cdf10d648416d508574d70e9781ddf156a1b2a86d2b385e94dc,100,1729,maximum_nontransitivity_information_gain,2000.0,3000.0
kata1-b6c96-s48921344-d7092247,62,3154.799764095014,3060.7226616472994,3248.8768665427283,3111.9717247863114,42.8280393087025,2,a5803f8a5d9d87202b43d709cb328cedaf18c446af448f705c33d553e8c2e9f7,5170ec511fb50cdf10d648416d508574d70e9781ddf156a1b2a86d2b385e94dc,100,1729,maximum_nontransitivity_information_gain,2000.0,3000.0
kata1-b6c96-s48921344-d7092247,64,3143.7122570331244,3051.2473619959883,3236.1771520702605,3111.9717247863114,31.740532246813018,2,a5803f8a5d9d87202b43d709cb328cedaf18c446af448f705c33d553e8c2e9f7,5170ec511fb50cdf10d648416d508574d70e9781ddf156a1b2a86d2b385e94dc,100,1729,maximum_nontransitivity_information_gain,2000.0,3000.0
kata1-b6c96-s48921344-d7092247,66,3132.7352468971876,3041.7140862869815,3223.7564075073938,3111.9717247863114,20.763522110876238,2,a5803f8a5d9d87202b43d709cb328cedaf18c446af448f705c33d553e8c2e9f7,5170ec511fb50cdf10d648416d508574d70e9781ddf156a1b2a86d2b385e94dc,100,1729,maximum_nontransitivity_information_gain,2000.0,3000.0
kata1-b6c96-s48921344-d7092247,68,3132.3864586128548,3042.6539958707226,3222.118921354987,3111.9717247863114,20.414733826543397,2,a5803f8a5d9d87202b43d709cb328cedaf18c446af448f705c33d553e8c2e9f7,5170ec511fb50cdf10d648416d508574d70e9781ddf156a1b2a86d2b385e94dc,100,1729,maximum_nontransitivity_information_gain,2000.0,3000.0
kata1-b6c96-s48921344-d7092247,70,3121.4910685178515,3032.9958250147424,3209.9863120209607,3111.9717247863114,9.519343731540175,2,a5803f8a5d9d87202b43d709cb328cedaf18c446af448f705c33d553e8c2e9f7,5170ec511fb50cdf10d648416d508574d70e9781ddf156a1b2a86d2b385e94dc,100,1729,maximum_nontransitivity_information_gain,2000.0,3000.0
kata1-b6c96-s48921344-d7092247,72,3121.491511887053,3034.166029661575,3208.816994112531,3111.9717247863114,9.519787100741723,2,a5803f8a5d9d87202b43d709cb328cedaf18c446af448f705c33d553e8c2e9f7,5170ec511fb50cdf10d648416d508574d70e9781ddf156a1b2a86d2b385e94dc,100,1729,maximum_nontransitivity_information_gain,2000.0,3000.0
kata1-b6c96-s48921344-d7092247,74,3111.5355735244284,3025.277106748156,3197.794040300701,3111.9717247863114,-0.43615126188296927,2,a5803f8a5d9d87202b43d709cb328cedaf18c446af448f705c33d553e8c2e9f7,5170ec511fb50cdf10d648416d508574d70e9781ddf156a1b2a86d2b385e94dc,100,1729,maximum_nontransitivity_information_gain,2000.0,3000.0
kata1-b6c96-s48921344-d7092247,76,3110.7285613518065,3025.532939072936,3195.924183630677,3111.9717247863114,-1.2431634345048224,2,a5803f8a5d9d87202b43d709cb328cedaf18c446af448f705c33d553e8c2e9f7,5170ec511fb50cdf10d648416d508574d70e9781ddf156a1b2a86d2b385e94dc,100,1729,maximum_nontransitivity_information_gain,2000.0,3000.0
kata1-b6c96-s48921344-d7092247,78,3119.0497060504563,3034.9099805418127,3203.1894315591,3111.9717247863114,7.07798126414491,2,a5803f8a5d9d87202b43d709cb328cedaf18c446af448f705c33d553e8c2e9f7,5170ec511fb50cdf10d648416d508574d70e9781ddf156a1b2a86d2b385e94dc,100,1729,maximum_nontransitivity_information_gain,2000.0,3000.0
kata1-b6c96-s48921344-d7092247,80,3109.9839358266195,3026.787325952007,3193.180545701232,3111.9717247863114,-1.9877889596918976,2,a5803f8a5d9d87202b43d709cb328cedaf18c446af448f705c33d553e8c2e9f7,5170ec511fb50cdf10d648416d508574d70e9781ddf156a1b2a86d2b385e94dc,100,1729,maximum_nontransitivity_information_gain,2000.0,3000.0
kata1-b6c96-s48921344-d7092247,82,3118.1939170776923,3035.971452927679,3200.4163812277056,3111.9717247863114,6.222192291380907,2,a5803f8a5d9d87202b43d709cb328cedaf18c446af448f705c33d553e8c2e9f7,5170ec511fb50cdf10d648416d508574d70e9781ddf156a1b2a86d2b385e94dc,100,1729,maximum_nontransitivity_information_gain,2000.0,3000.0
kata1-b6c96-s48921344-d7092247,84,3126.9019513904946,3045.5775838779714,3208.2263189030177,3111.9717247863114,14.93022660418319,2,a5803f8a5d9d87202b43d709cb328cedaf18c446af448f705c33d553e8c2e9f7,5170ec511fb50cdf10d648416d508574d70e9781ddf156a1b2a86d2b385e94dc,100,1729,maximum_nontransitivity_information_gain,2000.0,3000.0
kata1-b6c96-s48921344-d7092247,86,3126.7772636811314,3046.32473376984,3207.229793592423,3111.9717247863114,14.805538894820074,2,a5803f8a5d9d87202b43d709cb328cedaf18c446af448f705c33d553e8c2e9f7,5170ec511fb50cdf10d648416d508574d70e9781ddf156a1b2a86d2b385e94dc,100,1729,maximum_nontransitivity_information_gain,2000.0,3000.0
kata1-b6c96-s48921344-d7092247,88,3135.723151849427,3056.0615667531833,3215.3847369456703,3111.9717247863114,23.751427063115443,2,a5803f8a5d9d87202b43d709cb328cedaf18c446af448f705c33d553e8c2e9f7,5170ec511fb50cdf10d648416d508574d70e9781ddf156a1b2a86d2b385e94dc,100,1729,maximum_nontransitivity_information_gain,2000.0,3000.0
kata1-b6c96-s48921344-d7092247,90,3136.0632439796195,3057.208489390451,3214.917998568788,3111.9717247863114,24.09151919330816,2,a5803f8a5d9d87202b43d709cb328cedaf18c446af448f705c33d553e8c2e9f7,5170ec511fb50cdf10d648416d508574d70e9781ddf156a1b2a86d2b385e94dc,100,1729,maximum_nontransitivity_information_gain,2000.0,3000.0
kata1-b6c96-s48921344-d7092247,92,3136.487427675887,3058.409651404576,3214.565203947198,3111.9717247863114,24.51570288957555,2,a5803f8a5d9d87202b43d709cb328cedaf18c446af448f705c33d553e8c2e9f7,5170ec511fb50cdf10d648416d508574d70e9781ddf156a1b2a86d2b385e94dc,100,1729,maximum_nontransitivity_information_gain,2000.0,3000.0
kata1-b6c96-s48921344-d7092247,94,3144.521205015076,3067.126575897351,3221.9158341328007,3111.9717247863114,32.54948022876442,2,a5803f8a5d9d87202b43d709cb328cedaf18c446af448f705c33d553e8c2e9f7,5170ec511fb50cdf10d648416d508574d70e9781ddf156a1b2a86d2b385e94dc,100,1729,maximum_nontransitivity_information_gain,2000.0,3000.0
kata1-b6c96-s48921344-d7092247,96,3145.0859009466258,3068.4143687062315,3221.75743318702,3111.9717247863114,33.1141761603144,2,a5803f8a5d9d87202b43d709cb328cedaf18c446af448f705c33d553e8c2e9f7,5170ec511fb50cdf10d648416d508574d70e9781ddf156a1b2a86d2b385e94dc,100,1729,maximum_nontransitivity_information_gain,2000.0,3000.0
kata1-b6c96-s48921344-d7092247,98,3145.2921132810857,3069.324178939189,3221.2600476229823,3111.9717247863114,33.320388494774306,2,a5803f8a5d9d87202b43d709cb328cedaf18c446af448f705c33d553e8c2e9f7,5170ec511fb50cdf10d648416d508574d70e9781ddf156a1b2a86d2b385e94dc,100,1729,maximum_nontransitivity_information_gain,2000.0,3000.0
kata1-b6c96-s48921344-d7092247,100,3146.0538062198416,3070.7589443300167,3221.3486681096665,3111.9717247863114,34.08208143353022,2,a5803f8a5d9d87202b43d709cb328cedaf18c446af448f705c33d553e8c2e9f7,5170ec511fb50cdf10d648416d508574d70e9781ddf156a1b2a86d2b385e94dc,100,1729,maximum_nontransitivity_information_gain,2000.0,3000.0
kata1-b6c96-s69427456-d10051148,2,2847.8755116776097,414.6591358525893,5281.09188750263,3199.869225099218,-351.9937134216084,2,a5803f8a5d9d87202b43d709cb328cedaf18c446af448f705c33d553e8c2e9f7,5170ec511fb50cdf10d648416d508574d70e9781ddf156a1b2a86d2b385e94dc,100,1729,maximum_nontransitivity_information_gain,2000.0,3000.0
kata1-b6c96-s69427456-d10051148,4,3567.0982332506665,1696.8957679339085,5437.300698567425,3199.869225099218,367.2290081514484,2,a5803f8a5d9d87202b43d709cb328cedaf18c446af448f705c33d553e8c2e9f7,5170ec511fb50cdf10d648416d508574d70e9781ddf156a1b2a86d2b385e94dc,100,1729,maximum_nontransitivity_information_gain,2000.0,3000.0
kata1-b6c96-s69427456-d10051148,6,3192.98457971864,2653.30472681114,3732.66443262614,3199.869225099218,-6.884645380578149,2,a5803f8a5d9d87202b43d709cb328cedaf18c446af448f705c33d553e8c2e9f7,5170ec511fb50cdf10d648416d508574d70e9781ddf156a1b2a86d2b385e94dc,100,1729,maximum_nontransitivity_information_gain,2000.0,3000.0
kata1-b6c96-s69427456-d10051148,8,2995.6234710626754,2628.2772922654294,3362.9696498599214,3199.869225099218,-204.24575403654262,2,a5803f8a5d9d87202b43d709cb328cedaf18c446af448f705c33d553e8c2e9f7,5170ec511fb50cdf10d648416d508574d70e9781ddf156a1b2a86d2b385e94dc,100,1729,maximum_nontransitivity_information_gain,2000.0,3000.0
kata1-b6c96-s69427456-d10051148,10,3057.2883314034984,2764.7612507503786,3349.8154120566182,3199.869225099218,-142.58089369571962,2,a5803f8a5d9d87202b43d709cb328cedaf18c446af448f705c33d553e8c2e9f7,5170ec511fb50cdf10d648416d508574d70e9781ddf156a1b2a86d2b385e94dc,100,1729,maximum_nontransitivity_information_gain,2000.0,3000.0
kata1-b6c96-s69427456-d10051148,12,2966.0048985039675,2711.183401283208,3220.8263957247273,3199.869225099218,-233.86432659525053,2,a5803f8a5d9d87202b43d709cb328cedaf18c446af448f705c33d553e8c2e9f7,5170ec511fb50cdf10d648416d508574d70e9781ddf156a1b2a86d2b385e94dc,100,1729,maximum_nontransitivity_information_gain,2000.0,3000.0
kata1-b6c96-s69427456-d10051148,14,2962.5724615356703,2736.38571575389,3188.7592073174505,3199.869225099218,-237.29676356354776,2,a5803f8a5d9d87202b43d709cb328cedaf18c446af448f705c33d553e8c2e9f7,5170ec511fb50cdf10d648416d508574d70e9781ddf156a1b2a86d2b385e94dc,100,1729,maximum_nontransitivity_information_gain,2000.0,3000.0
kata1-b6c96-s69427456-d10051148,16,3021.9348654251285,2817.212627563366,3226.657103286891,3199.869225099218,-177.9343596740896,2,a5803f8a5d9d87202b43d709cb328cedaf18c446af448f705c33d553e8c2e9f7,5170ec511fb50cdf10d648416d508574d70e9781ddf156a1b2a86d2b385e94dc,100,1729,maximum_nontransitivity_information_gain,2000.0,3000.0
kata1-b6c96-s69427456-d10051148,18,3047.7964758283297,2857.9463579083463,3237.646593748313,3199.869225099218,-152.07274927088838,2,a5803f8a5d9d87202b43d709cb328cedaf18c446af448f705c33d553e8c2e9f7,5170ec511fb50cdf10d648416d508574d70e9781ddf156a1b2a86d2b385e94dc,100,1729,maximum_nontransitivity_information_gain,2000.0,3000.0
kata1-b6c96-s69427456-d10051148,20,3046.656569183479,2869.518582574349,3223.794555792609,3199.869225099218,-153.2126559157391,2,a5803f8a5d9d87202b43d709cb328cedaf18c446af448f705c33d553e8c2e9f7,5170ec511fb50cdf10d648416d508574d70e9781ddf156a1b2a86d2b385e94dc,100,1729,maximum_nontransitivity_information_gain,2000.0,3000.0
kata1-b6c96-s69427456-d10051148,22,3045.7838336423615,2879.017773552886,3212.549893731837,3199.869225099218,-154.08539145685654,2,a5803f8a5d9d87202b43d709cb328cedaf18c446af448f705c33d553e8c2e9f7,5170ec511fb50cdf10d648416d508574d70e9781ddf156a1b2a86d2b385e94dc,100,1729,maximum_nontransitivity_information_gain,2000.0,3000.0
kata1-b6c96-s69427456-d10051148,24,3048.583766323096,2890.38182117825,3206.785711467942,3199.869225099218,-151.28545877612214,2,a5803f8a5d9d87202b43d709cb328cedaf18c446af448f705c33d553e8c2e9f7,5170ec511fb50cdf10d648416d508574d70e9781ddf156a1b2a86d2b385e94dc,100,1729,maximum_nontransitivity_information_gain,2000.0,3000.0
kata1-b6c96-s69427456-d10051148,26,3050.334235423407,2899.4862710801176,3201.182199766696,3199.869225099218,-149.53498967581118,2,a5803f8a5d9d87202b43d709cb328cedaf18c446af448f705c33d553e8c2e9f7,5170ec511fb50cdf10d648416d508574d70e9781ddf156a1b2a86d2b385e94dc,100,1729,maximum_nontransitivity_information_gain,2000.0,3000.0
kata1-b6c96-s69427456-d10051148,28,3082.515972834379,2937.0147844840967,3228.0171611846617,3199.869225099218,-117.35325226483883,2,a5803f8a5d9d87202b43d709cb328cedaf18c446af448f705c33d553e8c2e9f7,5170ec511fb50cdf10d648416d508574d70e9781ddf156a1b2a86d2b385e94dc,100,1729,maximum_nontransitivity_information_gain,2000.0,3000.0
kata1-b6c96-s69427456-d10051148,30,3082.5916986666784,2942.8587635797358,3222.324633753621,3199.869225099218,-117.27752643253962,2,a5803f8a5d9d87202b43d709cb328cedaf18c446af448f705c33d553e8c2e9f7,5170ec511fb50cdf10d648416d508574d70e9781ddf156a1b2a86d2b385e94dc,100,1729,maximum_nontransitivity_information_gain,2000.0,3000.0
kata1-b6c96-s69427456-d10051148,32,3082.6559891888555,2948.0160042035704,3217.2959741741406,3199.869225099218,-117.21323591036253,2,a5803f8a5d9d87202b43d709cb328cedaf18c446af448f705c33d553e8c2e9f7,5170ec511fb50cdf10d648416d508574d70e9781ddf156a1b2a86d2b385e94dc,100,1729,maximum_nontransitivity_information_gain,2000.0,3000.0
kata1-b6c96-s69427456-d10051148,34,3081.944387273195,2951.8711937177936,3212.0175808285962,3199.869225099218,-117.92483782602312,2,a5803f8a5d9d87202b43d709cb328cedaf18c446af448f705c33d553e8c2e9f7,5170ec511fb50cdf10d648416d508574d70e9781ddf156a1b2a86d2b385e94dc,100,1729,maximum_nontransitivity_information_gain,2000.0,3000.0
kata1-b6c96-s69427456-d10051148,36,3059.5935331424225,2934.071263343742,3185.115802941103,3199.869225099218,-140.27569195679553,2,a5803f8a5d9d87202b43d709cb328cedaf18c446af448f705c33d553e8c2e9f7,5170ec511fb50cdf10d648416d508574d70e9781ddf156a1b2a86d2b385e94dc,100,1729,maximum_nontransitivity_information_gain,2000.0,3000.0
kata1-b6c96-s69427456-d10051148,38,3060.048809670923,2938.1765316298156,3181.921087712031,3199.869225099218,-139.82041542829484,2,a5803f8a5d9d87202b43d709cb328cedaf18c446af448f705c33d553e8c2e9f7,5170ec511fb50cdf10d648416d508574d70e9781ddf156a1b2a86d2b385e94dc,100,1729,maximum_nontransitivity_information_gain,2000.0,3000.0
kata1-b6c96-s69427456-d10051148,40,3060.752102979418,2942.202698640092,3179.301507318744,3199.869225099218,-139.11712211980011,2,a5803f8a5d9d87202b43d709cb328cedaf18c446af448f705c33d553e8c2e9f7,5170ec511fb50cdf10d648416d508574d70e9781ddf156a1b2a86d2b385e94dc,100,1729,maximum_nontransitivity_information_gain,2000.0,3000.0
kata1-b6c96-s69427456-d10051148,42,3061.095392459711,2945.5940490613184,3176.596735858104,3199.869225099218,-138.77383263950696,2,a5803f8a5d9d87202b43d709cb328cedaf18c446af448f705c33d553e8c2e9f7,5170ec511fb50cdf10d648416d508574d70e9781ddf156a1b2a86d2b385e94dc,100,1729,maximum_nontransitivity_information_gain,2000.0,3000.0
kata1-b6c96-s69427456-d10051148,44,3059.974302169808,2947.2872468689184,3172.661357470698,3199.869225099218,-139.89492292940986,2,a5803f8a5d9d87202b43d709cb328cedaf18c446af448f705c33d553e8c2e9f7,5170ec511fb50cdf10d648416d508574d70e9781ddf156a1b2a86d2b385e94dc,100,1729,maximum_nontransitivity_information_gain,2000.0,3000.0
kata1-b6c96-s69427456-d10051148,46,3060.5778223733723,2950.4824282630675,3170.673216483677,3199.869225099218,-139.29140272584573,2,a5803f8a5d9d87202b43d709cb328cedaf18c446af448f705c33d553e8c2e9f7,5170ec511fb50cdf10d648416d508574d70e9781ddf156a1b2a86d2b385e94dc,100,1729,maximum_nontransitivity_information_gain,2000.0,3000.0
kata1-b6c96-s69427456-d10051148,48,3060.8809836106175,2953.191529973903,3168.570437247332,3199.869225099218,-138.98824148860058,2,a5803f8a5d9d87202b43d709cb328cedaf18c446af448f705c33d553e8c2e9f7,5170ec511fb50cdf10d648416d508574d70e9781ddf156a1b2a86d2b385e94dc,100,1729,maximum_nontransitivity_information_gain,2000.0,3000.0
kata1-b6c96-s69427456-d10051148,50,3059.919745081801,2954.475981776006,3165.363508387596,3199.869225099218,-139.94948001741705,2,a5803f8a5d9d87202b43d709cb328cedaf18c446af448f705c33d553e8c2e9f7,5170ec511fb50cdf10d648416d508574d70e9781ddf156a1b2a86d2b385e94dc,100,1729,maximum_nontransitivity_information_gain,2000.0,3000.0
kata1-b6c96-s69427456-d10051148,52,3067.8389293385103,2964.4226205049526,3171.255238172068,3199.869225099218,-132.03029576070776,2,a5803f8a5d9d87202b43d709cb328cedaf18c446af448f705c33d553e8c2e9f7,5170ec511fb50cdf10d648416d508574d70e9781ddf156a1b2a86d2b385e94dc,100,1729,maximum_nontransitivity_information_gain,2000.0,3000.0
kata1-b6c96-s69427456-d10051148,54,3068.487373636843,2967.0310376474886,3169.9437096261977,3199.869225099218,-131.38185146237493,2,a5803f8a5d9d87202b43d709cb328cedaf18c446af448f705c33d553e8c2e9f7,5170ec511fb50cdf10d648416d508574d70e9781ddf156a1b2a86d2b385e94dc,100,1729,maximum_nontransitivity_information_gain,2000.0,3000.0
kata1-b6c96-s69427456-d10051148,56,3069.0841939002435,2969.4670026809317,3168.701385119555,3199.869225099218,-130.7850311989746,2,a5803f8a5d9d87202b43d709cb328cedaf18c446af448f705c33d553e8c2e9f7,5170ec511fb50cdf10d648416d508574d70e9781ddf156a1b2a86d2b385e94dc,100,1729,maximum_nontransitivity_information_gain,2000.0,3000.0
kata1-b6c96-s69427456-d10051148,58,3069.2042068227715,2971.326089397017,3167.082324248526,3199.869225099218,-130.66501827644652,2,a5803f8a5d9d87202b43d709cb328cedaf18c446af448f705c33d553e8c2e9f7,5170ec511fb50cdf10d648416d508574d70e9781ddf156a1b2a86d2b385e94dc,100,1729,maximum_nontransitivity_information_gain,2000.0,3000.0
kata1-b6c96-s69427456-d10051148,60,3081.7874194221617,2985.3850851832135,3178.18975366111,3199.869225099218,-118.08180567705631,2,a5803f8a5d9d87202b43d709cb328cedaf18c446af448f705c33d553e8c2e9f7,5170ec511fb50cdf10d648416d508574d70e9781ddf156a1b2a86d2b385e94dc,100,1729,maximum_nontransitivity_information_gain,2000.0,3000.0
kata1-b6c96-s69427456-d10051148,62,3070.498957045758,2975.7941071231317,3165.203806968384,3199.869225099218,-129.37026805346022,2,a5803f8a5d9d87202b43d709cb328cedaf18c446af448f705c33d553e8c2e9f7,5170ec511fb50cdf10d648416d508574d70e9781ddf156a1b2a86d2b385e94dc,100,1729,maximum_nontransitivity_information_gain,2000.0,3000.0
kata1-b6c96-s69427456-d10051148,64,3082.7504400209364,2989.37300951742,3176.1278705244526,3199.869225099218,-117.11878507828169,2,a5803f8a5d9d87202b43d709cb328cedaf18c446af448f705c33d553e8c2e9f7,5170ec511fb50cdf10d648416d508574d70e9781ddf156a1b2a86d2b385e94dc,100,1729,maximum_nontransitivity_information_gain,2000.0,3000.0
kata1-b6c96-s69427456-d10051148,66,3095.144736156719,3002.9476932394277,3187.34177907401,3199.869225099218,-104.72448894249919,2,a5803f8a5d9d87202b43d709cb328cedaf18c446af448f705c33d553e8c2e9f7,5170ec511fb50cdf10d648416d508574d70e9781ddf156a1b2a86d2b385e94dc,100,1729,maximum_nontransitivity_information_gain,2000.0,3000.0
kata1-b6c96-s69427456-d10051148,68,3107.129437917661,3015.992689765683,3198.2661860696394,3199.869225099218,-92.73978718155695,2,a5803f8a5d9d87202b43d709cb328cedaf18c446af448f705c33d553e8c2e9f7,5170ec511fb50cdf10d648416d508574d70e9781ddf156a1b2a86d2b385e94dc,100,1729,maximum_nontransitivity_information_gain,2000.0,3000.0
kata1-b6c96-s69427456-d10051148,70,3118.540298522388,3028.3672324527074,3208.713364592069,3199.869225099218,-81.32892657682987,2,a5803f8a5d9d87202b43d709cb328cedaf18c446af448f705c33d553e8c2e9f7,5170ec511fb50cdf10d648416d508574d70e9781ddf156a1b2a86d2b385e94dc,100,1729,maximum_nontransitivity_information_gain,2000.0,3000.0
kata1-b6c96-s69427456-d10051148,72,3129.3323242943306,3040.0398546135166,3218.6247939751447,3199.869225099218,-70.53690080488741,2,a5803f8a5d9d87202b43d709cb328cedaf18c446af448f705c33d553e8c2e9f7,5170ec511fb50cdf10d648416d508574d70e9781ddf156a1b2a86d2b385e94dc,100,1729,maximum_nontransitivity_information_gain,2000.0,3000.0
kata1-b6c96-s69427456-d10051148,74,3140.3903383529682,3051.87552695811,3228.9051497478263,3199.869225099218,-59.47888674624983,2,a5803f8a5d9d87202b43d709cb328cedaf18c446af448f705c33d553e8c2e9f7,5170ec511fb50cdf10d648416d508574d70e9781ddf156a1b2a86d2b385e94dc,100,1729,maximum_nontransitivity_information_gain,2000.0,3000.0
kata1-b6c96-s69427456-d10051148,76,3140.7330171715134,3053.3828913425073,3228.0831430005196,3199.869225099218,-59.13620792770462,2,a5803f8a5d9d87202b43d709cb328cedaf18c446af448f705c33d553e8c2e9f7,5170ec511fb50cdf10d648416d508574d70e9781ddf156a1b2a86d2b385e94dc,100,1729,maximum_nontransitivity_information_gain,2000.0,3000.0
kata1-b6c96-s69427456-d10051148,78,3140.939897576791,3054.7070910252337,3227.172704128348,3199.869225099218,-58.92932752242723,2,a5803f8a5d9d87202b43d709cb328cedaf18c446af448f705c33d553e8c2e9f7,5170ec511fb50cdf10d648416d508574d70e9781ddf156a1b2a86d2b385e94dc,100,1729,maximum_nontransitivity_information_gain,2000.0,3000.0
kata1-b6c96-s69427456-d10051148,80,3131.624854459689,3046.788068301322,3216.4616406180558,3199.869225099218,-68.24437063952928,2,a5803f8a5d9d87202b43d709cb328cedaf18c446af448f705c33d553e8c2e9f7,5170ec511fb50cdf10d648416d508574d70e9781ddf156a1b2a86d2b385e94dc,100,1729,maximum_nontransitivity_information_gain,2000.0,3000.0
kata1-b6c96-s69427456-d10051148,82,3140.6437065955265,3056.5253262783785,3224.7620869126745,3199.869225099218,-59.225518503691546,2,a5803f8a5d9d87202b43d709cb328cedaf18c446af448f705c33d553e8c2e9f7,5170ec511fb50cdf10d648416d508574d70e9781ddf156a1b2a86d2b385e94dc,100,1729,maximum_nontransitivity_information_gain,2000.0,3000.0
kata1-b6c96-s69427456-d10051148,84,3150.023742722316,3066.5475667614282,3233.4999186832038,3199.869225099218,-49.845482376902055,2,a5803f8a5d9d87202b43d709cb328cedaf18c446af448f705c33d553e8c2e9f7,5170ec511fb50cdf10d648416d508574d70e9781ddf156a1b2a86d2b385e94dc,100,1729,maximum_nontransitivity_information_gain,2000.0,3000.0
kata1-b6c96-s69427456-d10051148,86,3150.473334227094,3067.9419893192667,3233.004679134921,3199.869225099218,-49.395890872124255,2,a5803f8a5d9d87202b43d709cb328cedaf18c446af448f705c33d553e8c2e9f7,5170ec511fb50cdf10d648416d508574d70e9781ddf156a1b2a86d2b385e94dc,100,1729,maximum_nontransitivity_information_gain,2000.0,3000.0
kata1-b6c96-s69427456-d10051148,88,3146.519354382522,3065.0492288867918,3227.9894798782525,3199.869225099218,-53.34987071669593,2,a5803f8a5d9d87202b43d709cb328cedaf18c446af448f705c33d553e8c2e9f7,5170ec511fb50cdf10d648416d508574d70e9781ddf156a1b2a86d2b385e94dc,100,1729,maximum_nontransitivity_information_gain,2000.0,3000.0
kata1-b6c96-s69427456-d10051148,90,3155.2193152162463,3074.3287550189525,3236.10987541354,3199.869225099218,-44.64990988297177,2,a5803f8a5d9d87202b43d709cb328cedaf18c446af448f705c33d553e8c2e9f7,5170ec511fb50cdf10d648416d508574d70e9781ddf156a1b2a86d2b385e94dc,100,1729,maximum_nontransitivity_information_gain,2000.0,3000.0
kata1-b6c96-s69427456-d10051148,92,3164.296446393989,3083.9215026171337,3244.671390170844,3199.869225099218,-35.57277870522921,2,a5803f8a5d9d87202b43d709cb328cedaf18c446af448f705c33d553e8c2e9f7,5170ec511fb50cdf10d648416d508574d70e9781ddf156a1b2a86d2b385e94dc,100,1729,maximum_nontransitivity_information_gain,2000.0,3000.0
kata1-b6c96-s69427456-d10051148,94,3164.69684552611,3085.1475512120255,3244.2461398401942,3199.869225099218,-35.172379573108174,2,a5803f8a5d9d87202b43d709cb328cedaf18c446af448f705c33d553e8c2e9f7,5170ec511fb50cdf10d648416d508574d70e9781ddf156a1b2a86d2b385e94dc,100,1729,maximum_nontransitivity_information_gain,2000.0,3000.0
kata1-b6c96-s69427456-d10051148,96,3156.7157940013776,3078.259242542966,3235.172345459789,3199.869225099218,-43.15343109784044,2,a5803f8a5d9d87202b43d709cb328cedaf18c446af448f705c33d553e8c2e9f7,5170ec511fb50cdf10d648416d508574d70e9781ddf156a1b2a86d2b385e94dc,100,1729,maximum_nontransitivity_information_gain,2000.0,3000.0
kata1-b6c96-s69427456-d10051148,98,3164.467049181017,3086.517816880317,3242.4162814817173,3199.869225099218,-35.40217591820101,2,a5803f8a5d9d87202b43d709cb328cedaf18c446af448f705c33d553e8c2e9f7,5170ec511fb50cdf10d648416d508574d70e9781ddf156a1b2a86d2b385e94dc,100,1729,maximum_nontransitivity_information_gain,2000.0,3000.0
kata1-b6c96-s69427456-d10051148,100,3164.836452744047,3087.6276960333416,3242.0452094547527,3199.869225099218,-35.03277235517089,2,a5803f8a5d9d87202b43d709cb328cedaf18c446af448f705c33d553e8c2e9f7,5170ec511fb50cdf10d648416d508574d70e9781ddf156a1b2a86d2b385e94dc,100,1729,maximum_nontransitivity_information_gain,2000.0,3000.0
kata1-b6c96-s152505856-d23152636,2,2847.818875061247,414.5335661908139,5281.10418393168,3315.4166544956793,-467.59777943443214,2,a5803f8a5d9d87202b43d709cb328cedaf18c446af448f705c33d553e8c2e9f7,5170ec511fb50cdf10d648416d508574d70e9781ddf156a1b2a86d2b385e94dc,100,1729,maximum_nontransitivity_information_gain,2000.0,3000.0
kata1-b6c96-s152505856-d23152636,4,3566.134856250239,1695.4242980354213,5436.845414465057,3315.4166544956793,250.7182017545597,2,a5803f8a5d9d87202b43d709cb328cedaf18c446af448f705c33d553e8c2e9f7,5170ec511fb50cdf10d648416d508574d70e9781ddf156a1b2a86d2b385e94dc,100,1729,maximum_nontransitivity_information_gain,2000.0,3000.0
kata1-b6c96-s152505856-d23152636,6,3193.2736181758996,2651.882168474413,3734.6650678773863,3315.4166544956793,-122.14303631977964,2,a5803f8a5d9d87202b43d709cb328cedaf18c446af448f705c33d553e8c2e9f7,5170ec511fb50cdf10d648416d508574d70e9781ddf156a1b2a86d2b385e94dc,100,1729,maximum_nontransitivity_information_gain,2000.0,3000.0
kata1-b6c96-s152505856-d23152636,8,3288.8399967358464,2923.7622660640413,3653.9177274076515,3315.4166544956793,-26.57665775983287,2,a5803f8a5d9d87202b43d709cb328cedaf18c446af448f705c33d553e8c2e9f7,5170ec511fb50cdf10d648416d508574d70e9781ddf156a1b2a86d2b385e94dc,100,1729,maximum_nontransitivity_information_gain,2000.0,3000.0
kata1-b6c96-s152505856-d23152636,10,3289.955727924556,2998.110128496714,3581.801327352398,3315.4166544956793,-25.46092657112331,2,a5803f8a5d9d87202b43d709cb328cedaf18c446af448f705c33d553e8c2e9f7,5170ec511fb50cdf10d648416d508574d70e9781ddf156a1b2a86d2b385e94dc,100,1729,maximum_nontransitivity_information_gain,2000.0,3000.0
kata1-b6c96-s152505856-d23152636,12,3292.1798255940607,3041.749592341848,3542.6100588462737,3315.4166544956793,-23.236828901618537,2,a5803f8a5d9d87202b43d709cb328cedaf18c446af448f705c33d553e8c2e9f7,5170ec511fb50cdf10d648416d508574d70e9781ddf156a1b2a86d2b385e94dc,100,1729,maximum_nontransitivity_information_gain,2000.0,3000.0
kata1-b6c96-s152505856-d23152636,14,3369.2803374134064,3142.0906497815176,3596.470025045295,3315.4166544956793,53.86368291772715,2,a5803f8a5d9d87202b43d709cb328cedaf18c446af448f705c33d553e8c2e9f7,5170ec511fb50cdf10d648416d508574d70e9781ddf156a1b2a86d2b385e94dc,100,1729,maximum_nontransitivity_information_gain,2000.0,3000.0
kata1-b6c96-s152505856-d23152636,16,3437.812912555763,3224.0464398798576,3651.5793852316683,3315.4166544956793,122.39625806008371,2,a5803f8a5d9d87202b43d709cb328cedaf18c446af448f705c33d553e8c2e9f7,5170ec511fb50cdf10d648416d508574d70e9781ddf156a1b2a86d2b385e94dc,100,1729,maximum_nontransitivity_information_gain,2000.0,3000.0
kata1-b6c96-s152505856-d23152636,18,3383.0319483051817,3191.6408282809207,3574.4230683294427,3315.4166544956793,67.61529380950242,2,a5803f8a5d9d87202b43d709cb328cedaf18c446af448f705c33d553e8c2e9f7,5170ec511fb50cdf10d648416d508574d70e9781ddf156a1b2a86d2b385e94dc,100,1729,maximum_nontransitivity_information_gain,2000.0,3000.0
kata1-b6c96-s152505856-d23152636,20,3384.0635047935384,3205.538352502812,3562.588657084265,3315.4166544956793,68.64685029785915,2,a5803f8a5d9d87202b43d709cb328cedaf18c446af448f705c33d553e8c2e9f7,5170ec511fb50cdf10d648416d508574d70e9781ddf156a1b2a86d2b385e94dc,100,1729,maximum_nontransitivity_information_gain,2000.0,3000.0
kata1-b6c96-s152505856-d23152636,22,3344.1004813267714,3176.680410838328,3511.5205518152147,3315.4166544956793,28.68382683109212,2,a5803f8a5d9d87202b43d709cb328cedaf18c446af448f705c33d553e8c2e9f7,5170ec511fb50cdf10d648416d508574d70e9781ddf156a1b2a86d2b385e94dc,100,1729,maximum_nontransitivity_information_gain,2000.0,3000.0
kata1-b6c96-s152505856-d23152636,24,3342.937719718399,3184.26054717975,3501.614892257048,3315.4166544956793,27.5210652227197,2,a5803f8a5d9d87202b43d709cb328cedaf18c446af448f705c33d553e8c2e9f7,5170ec511fb50cdf10d648416d508574d70e9781ddf156a1b2a86d2b385e94dc,100,1729,maximum_nontransitivity_information_gain,2000.0,3000.0
kata1-b6c96-s152505856-d23152636,26,3308.893641203014,3157.0071043631115,3460.7801780429163,3315.4166544956793,-6.523013292665382,2,a5803f8a5d9d87202b43d709cb328cedaf18c446af448f705c33d553e8c2e9f7,5170ec511fb50cdf10d648416d508574d70e9781ddf156a1b2a86d2b385e94dc,100,1729,maximum_nontransitivity_information_gain,2000.0,3000.0
kata1-b6c96-s152505856-d23152636,28,3324.489291457019,3179.5330706004493,3469.445512313589,3315.4166544956793,9.072636961339867,2,a5803f8a5d9d87202b43d709cb328cedaf18c446af448f705c33d553e8c2e9f7,5170ec511fb50cdf10d648416d508574d70e9781ddf156a1b2a86d2b385e94dc,100,1729,maximum_nontransitivity_information_gain,2000.0,3000.0
kata1-b6c96-s152505856-d23152636,30,3295.6746420183754,3155.615248931936,3435.7340351048147,3315.4166544956793,-19.742012477303888,2,a5803f8a5d9d87202b43d709cb328cedaf18c446af448f705c33d553e8c2e9f7,5170ec511fb50cdf10d648416d508574d70e9781ddf156a1b2a86d2b385e94dc,100,1729,maximum_nontransitivity_information_gain,2000.0,3000.0
kata1-b6c96-s152505856-d23152636,32,3270.1286718378287,3133.967104745318,3406.2902389303395,3315.4166544956793,-45.287982657850534,2,a5803f8a5d9d87202b43d709cb328cedaf18c446af448f705c33d553e8c2e9f7,5170ec511fb50cdf10d648416d508574d70e9781ddf156a1b2a86d2b385e94dc,100,1729,maximum_nontransitivity_information_gain,2000.0,3000.0
kata1-b6c96-s152505856-d23152636,34,3269.718930357572,3138.2375417262365,3401.2003189889074,3315.4166544956793,-45.69772413810733,2,a5803f8a5d9d87202b43d709cb328cedaf18c446af448f705c33d553e8c2e9f7,5170ec511fb50cdf10d648416d508574d70e9781ddf156a1b2a86d2b385e94dc,100,1729,maximum_nontransitivity_information_gain,2000.0,3000.0
kata1-b6c96-s152505856-d23152636,36,3269.86777773973,3142.6142997364564,3397.121255743004,3315.4166544956793,-45.548876755949095,2,a5803f8a5d9d87202b43d709cb328cedaf18c446af448f705c33d553e8c2e9f7,5170ec511fb50cdf10d648416d508574d70e9781ddf156a1b2a86d2b385e94dc,100,1729,maximum_nontransitivity_information_gain,2000.0,3000.0
kata1-b6c96-s152505856-d23152636,38,3291.785523452968,3169.1032302546814,3414.4678166512545,3315.4166544956793,-23.63113104271133,2,a5803f8a5d9d87202b43d709cb328cedaf18c446af448f705c33d553e8c2e9f7,5170ec511fb50cdf10d648416d508574d70e9781ddf156a1b2a86d2b385e94dc,100,1729,maximum_nontransitivity_information_gain,2000.0,3000.0
kata1-b6c96-s152505856-d23152636,40,3291.792972220137,3172.50714361104,3411.078800829234,3315.4166544956793,-23.62368227554225,2,a5803f8a5d9d87202b43d709cb328cedaf18c446af448f705c33d553e8c2e9f7,5170ec511fb50cdf10d648416d508574d70e9781ddf156a1b2a86d2b385e94dc,100,1729,maximum_nontransitivity_information_gain,2000.0,3000.0
kata1-b6c96-s152505856-d23152636,42,3292.1479289334548,3175.9777671719194,3408.31809069499,3315.4166544956793,-23.268725562224517,2,a5803f8a5d9d87202b43d709cb328cedaf18c446af448f705c33d553e8c2e9f7,5170ec511fb50cdf10d648416d508574d70e9781ddf156a1b2a86d2b385e94dc,100,1729,maximum_nontransitivity_information_gain,2000.0,3000.0
kata1-b6c96-s152505856-d23152636,44,3309.3305680808025,3196.2317941546557,3422.4293420069494,3315.4166544956793,-6.086086414876718,2,a5803f8a5d9d87202b43d709cb328cedaf18c446af448f705c33d553e8c2e9f7,5170ec511fb50cdf10d648416d508574d70e9781ddf156a1b2a86d2b385e94dc,100,1729,maximum_nontransitivity_information_gain,2000.0,3000.0
kata1-b6c96-s152505856-d23152636,46,3292.0677183910293,3181.3874528078286,3402.74798397423,3315.4166544956793,-23.348936104649965,2,a5803f8a5d9d87202b43d709cb328cedaf18c446af448f705c33d553e8c2e9f7,5170ec511fb50cdf10d648416d508574d70e9781ddf156a1b2a86d2b385e94dc,100,1729,maximum_nontransitivity_information_gain,2000.0,3000.0
kata1-b6c96-s152505856-d23152636,48,3292.7005678179075,3184.476902057827,3400.924233577988,3315.4166544956793,-22.716086677771727,2,a5803f8a5d9d87202b43d709cb328cedaf18c446af448f705c33d553e8c2e9f7,5170ec511fb50cdf10d648416d508574d70e9781ddf156a1b2a86d2b385e94dc,100,1729,maximum_nontransitivity_information_gain,2000.0,3000.0
kata1-b6c96-s152505856-d23152636,50,3308.202851867409,3202.415349353398,3413.9903543814203,3315.4166544956793,-7.213802628270059,2,a5803f8a5d9d87202b43d709cb328cedaf18c446af448f705c33d553e8c2e9f7,5170ec511fb50cdf10d648416d508574d70e9781ddf156a1b2a86d2b385e94dc,100,1729,maximum_nontransitivity_information_gain,2000.0,3000.0
kata1-b6c96-s152505856-d23152636,52,3315.8790605463846,3212.2218916083284,3419.536229484441,3315.4166544956793,0.46240605070534,2,a5803f8a5d9d87202b43d709cb328cedaf18c446af448f705c33d553e8c2e9f7,5170ec511fb50cdf10d648416d508574d70e9781ddf156a1b2a86d2b385e94dc,100,1729,maximum_nontransitivity_information_gain,2000.0,3000.0
kata1-b6c96-s152505856-d23152636,54,3315.463830935458,3213.783497300529,3417.1441645703876,3315.4166544956793,0.04717643977892294,2,a5803f8a5d9d87202b43d709cb328cedaf18c446af448f705c33d553e8c2e9f7,5170ec511fb50cdf10d648416d508574d70e9781ddf156a1b2a86d2b385e94dc,100,1729,maximum_nontransitivity_information_gain,2000.0,3000.0
kata1-b6c96-s152505856-d23152636,56,3328.7632611616505,3228.864750469819,3428.661771853482,3315.4166544956793,13.346606665971194,2,a5803f8a5d9d87202b43d709cb328cedaf18c446af448f705c33d553e8c2e9f7,5170ec511fb50cdf10d648416d508574d70e9781ddf156a1b2a86d2b385e94dc,100,1729,maximum_nontransitivity_information_gain,2000.0,3000.0
kata1-b6c96-s152505856-d23152636,58,3328.9355847401775,3230.7873418595555,3427.0838276207996,3315.4166544956793,13.518930244498279,2,a5803f8a5d9d87202b43d709cb328cedaf18c446af448f705c33d553e8c2e9f7,5170ec511fb50cdf10d648416d508574d70e9781ddf156a1b2a86d2b385e94dc,100,1729,maximum_nontransitivity_information_gain,2000.0,3000.0
kata1-b6c96-s152505856-d23152636,60,3315.6942363361986,3219.2622346217618,3412.1262380506355,3315.4166544956793,0.2775818405193604,2,a5803f8a5d9d87202b43d709cb328cedaf18c446af448f705c33d553e8c2e9f7,5170ec511fb50cdf10d648416d508574d70e9781ddf156a1b2a86d2b385e94dc,100,1729,maximum_nontransitivity_information_gain,2000.0,3000.0
kata1-b6c96-s152505856-d23152636,62,3302.8367127137667,3207.92085157371,3397.7525738538234,3315.4166544956793,-12.579941781912567,2,a5803f8a5d9d87202b43d709cb328cedaf18c446af448f705c33d553e8c2e9f7,5170ec511fb50cdf10d648416d508574d70e9781ddf156a1b2a86d2b385e94dc,100,1729,maximum_nontransitivity_information_gain,2000.0,3000.0
kata1-b6c96-s152505856-d23152636,64,3308.6046454019947,3215.1946226651917,3402.014668138798,3315.4166544956793,-6.812009093684537,2,a5803f8a5d9d87202b43d709cb328cedaf18c446af448f705c33d553e8c2e9f7,5170ec511fb50cdf10d648416d508574d70e9781ddf156a1b2a86d2b385e94dc,100,1729,maximum_nontransitivity_information_gain,2000.0,3000.0
kata1-b6c96-s152505856-d23152636,66,3314.224480179635,3222.2205010873618,3406.2284592719084,3315.4166544956793,-1.192174316044202,2,a5803f8a5d9d87202b43d709cb328cedaf18c446af448f705c33d553e8c2e9f7,5170ec511fb50cdf10d648416d508574d70e9781ddf156a1b2a86d2b385e94dc,100,1729,maximum_nontransitivity_information_gain,2000.0,3000.0
kata1-b6c96-s152505856-d23152636,68,3314.2213290238847,3223.5477089482597,3404.8949490995096,3315.4166544956793,-1.1953254717946038,2,a5803f8a5d9d87202b43d709cb328cedaf18c446af448f705c33d553e8c2e9f7,5170ec511fb50cdf10d648416d508574d70e9781ddf156a1b2a86d2b385e94dc,100,1729,maximum_nontransitivity_information_gain,2000.0,3000.0
kata1-b6c96-s152505856-d23152636,70,3313.94570328903,3224.537523998685,3403.353882579375,3315.4166544956793,-1.4709512066492607,2,a5803f8a5d9d87202b43d709cb328cedaf18c446af448f705c33d553e8c2e9f7,5170ec511fb50cdf10d648416d508574d70e9781ddf156a1b2a86d2b385e94dc,100,1729,maximum_nontransitivity_information_gain,2000.0,3000.0
kata1-b6c96-s152505856-d23152636,72,3324.3549837692876,3236.114186632186,3412.5957809063893,3315.4166544956793,8.93832927360836,2,a5803f8a5d9d87202b43d709cb328cedaf18c446af448f705c33d553e8c2e9f7,5170ec511fb50cdf10d648416d508574d70e9781ddf156a1b2a86d2b385e94dc,100,1729,maximum_nontransitivity_information_gain,2000.0,3000.0
kata1-b6c96-s152505856-d23152636,74,3324.6149587273835,3237.5258021987643,3411.7041152560028,3315.4166544956793,9.198304231704242,2,a5803f8a5d9d87202b43d709cb328cedaf18c446af448f705c33d553e8c2e9f7,5170ec511fb50cdf10d648416d508574d70e9781ddf156a1b2a86d2b385e94dc,100,1729,maximum_nontransitivity_information_gain,2000.0,3000.0
kata1-b6c96-s152505856-d23152636,76,3315.0439684362964,3229.0865878604523,3401.0013490121405,3315.4166544956793,-0.372686059382886,2,a5803f8a5d9d87202b43d709cb328cedaf18c446af448f705c33d553e8c2e9f7,5170ec511fb50cdf10d648416d508574d70e9781ddf156a1b2a86d2b385e94dc,100,1729,maximum_nontransitivity_information_gain,2000.0,3000.0
kata1-b6c96-s152505856-d23152636,78,3305.238147091288,3220.3117702387635,3390.164523943812,3315.4166544956793,-10.17850740439144,2,a5803f8a5d9d87202b43d709cb328cedaf18c446af448f705c33d553e8c2e9f7,5170ec511fb50cdf10d648416d508574d70e9781ddf156a1b2a86d2b385e94dc,100,1729,maximum_nontransitivity_information_gain,2000.0,3000.0
kata1-b6c96-s152505856-d23152636,80,3295.560036184563,3211.5738764315793,3379.546195937547,3315.4166544956793,-19.856618311116108,2,a5803f8a5d9d87202b43d709cb328cedaf18c446af448f705c33d553e8c2e9f7,5170ec511fb50cdf10d648416d508574d70e9781ddf156a1b2a86d2b385e94dc,100,1729,maximum_nontransitivity_information_gain,2000.0,3000.0
kata1-b6c96-s152505856-d23152636,82,3304.0342656191997,3221.0800402424243,3386.988490995975,3315.4166544956793,-11.382388876479581,2,a5803f8a5d9d87202b43d709cb328cedaf18c446af448f705c33d553e8c2e9f7,5170ec511fb50cdf10d648416d508574d70e9781ddf156a1b2a86d2b385e94dc,100,1729,maximum_nontransitivity_information_gain,2000.0,3000.0
kata1-b6c96-s152505856-d23152636,84,3295.056643631107,3212.972708549105,3377.140578713109,3315.4166544956793,-20.36001086457236,2,a5803f8a5d9d87202b43d709cb328cedaf18c446af448f705c33d553e8c2e9f7,5170ec511fb50cdf10d648416d508574d70e9781ddf156a1b2a86d2b385e94dc,100,1729,maximum_nontransitivity_information_gain,2000.0,3000.0
kata1-b6c96-s152505856-d23152636,86,3294.6063262635653,3213.417105722476,3375.7955468046544,3315.4166544956793,-20.81032823211399,2,a5803f8a5d9d87202b43d709cb328cedaf18c446af448f705c33d553e8c2e9f7,5170ec511fb50cdf10d648416d508574d70e9781ddf156a1b2a86d2b385e94dc,100,1729,maximum_nontransitivity_information_gain,2000.0,3000.0
kata1-b6c96-s152505856-d23152636,88,3293.873472002208,3213.5412469772436,3374.2056970271724,3315.4166544956793,-21.54318249347125,2,a5803f8a5d9d87202b43d709cb328cedaf18c446af448f705c33d553e8c2e9f7,5170ec511fb50cdf10d648416d508574d70e9781ddf156a1b2a86d2b385e94dc,100,1729,maximum_nontransitivity_information_gain,2000.0,3000.0
kata1-b6c96-s152505856-d23152636,90,3293.349226503611,3213.8447313618635,3372.8537216453587,3315.4166544956793,-22.067427992068133,2,a5803f8a5d9d87202b43d709cb328cedaf18c446af448f705c33d553e8c2e9f7,5170ec511fb50cdf10d648416d508574d70e9781ddf156a1b2a86d2b385e94dc,100,1729,maximum_nontransitivity_information_gain,2000.0,3000.0
kata1-b6c96-s152505856-d23152636,92,3301.005972429456,3222.3469249473374,3379.6650199115747,3315.4166544956793,-14.410682066223217,2,a5803f8a5d9d87202b43d709cb328cedaf18c446af448f705c33d553e8c2e9f7,5170ec511fb50cdf10d648416d508574d70e9781ddf156a1b2a86d2b385e94dc,100,1729,maximum_nontransitivity_information_gain,2000.0,3000.0
kata1-b6c96-s152505856-d23152636,94,3300.8016345679316,3222.913902212267,3378.689366923596,3315.4166544956793,-14.615019927747653,2,a5803f8a5d9d87202b43d709cb328cedaf18c446af448f705c33d553e8c2e9f7,5170ec511fb50cdf10d648416d508574d70e9781ddf156a1b2a86d2b385e94dc,100,1729,maximum_nontransitivity_information_gain,2000.0,3000.0
kata1-b6c96-s152505856-d23152636,96,3300.8997893781143,3223.75726819753,3378.042310558699,3315.4166544956793,-14.516865117564976,2,a5803f8a5d9d87202b43d709cb328cedaf18c446af448f705c33d553e8c2e9f7,5170ec511fb50cdf10d648416d508574d70e9781ddf156a1b2a86d2b385e94dc,100,1729,maximum_nontransitivity_information_gain,2000.0,3000.0
kata1-b6c96-s152505856-d23152636,98,3297.102729705288,3220.6631995160437,3373.542259894532,3315.4166544956793,-18.31392479039141,2,a5803f8a5d9d87202b43d709cb328cedaf18c446af448f705c33d553e8c2e9f7,5170ec511fb50cdf10d648416d508574d70e9781ddf156a1b2a86d2b385e94dc,100,1729,maximum_nontransitivity_information_gain,2000.0,3000.0
kata1-b6c96-s152505856-d23152636,100,3303.7808503201068,3228.0557478567443,3379.505952783469,3315.4166544956793,-11.635804175572503,2,a5803f8a5d9d87202b43d709cb328cedaf18c446af448f705c33d553e8c2e9f7,5170ec511fb50cdf10d648416d508574d70e9781ddf156a1b2a86d2b385e94dc,100,1729,maximum_nontransitivity_information_gain,2000.0,3000.0
kata1-b10c128-s56992512-d31122236,2,2847.802529185296,414.49470260224916,5281.110355768343,3439.420101936604,-591.6175727513082,2,a5803f8a5d9d87202b43d709cb328cedaf18c446af448f705c33d553e8c2e9f7,5170ec511fb50cdf10d648416d508574d70e9781ddf156a1b2a86d2b385e94dc,100,1729,maximum_nontransitivity_information_gain,2000.0,3000.0
kata1-b10c128-s56992512-d31122236,4,3566.5170669394233,1696.005667857647,5437.0284660212,3439.420101936604,127.09696500281916,2,a5803f8a5d9d87202b43d709cb328cedaf18c446af448f705c33d553e8c2e9f7,5170ec511fb50cdf10d648416d508574d70e9781ddf156a1b2a86d2b385e94dc,100,1729,maximum_nontransitivity_information_gain,2000.0,3000.0
kata1-b10c128-s56992512-d31122236,6,3565.4801663927906,3097.644449995634,4033.315882789947,3439.420101936604,126.06006445618641,2,a5803f8a5d9d87202b43d709cb328cedaf18c446af448f705c33d553e8c2e9f7,5170ec511fb50cdf10d648416d508574d70e9781ddf156a1b2a86d2b385e94dc,100,1729,maximum_nontransitivity_information_gain,2000.0,3000.0
kata1-b10c128-s56992512-d31122236,8,3382.6850107769305,3014.6429798127238,3750.7270417411373,3439.420101936604,-56.73509115967363,2,a5803f8a5d9d87202b43d709cb328cedaf18c446af448f705c33d553e8c2e9f7,5170ec511fb50cdf10d648416d508574d70e9781ddf156a1b2a86d2b385e94dc,100,1729,maximum_nontransitivity_information_gain,2000.0,3000.0
kata1-b10c128-s56992512-d31122236,10,3506.424301313898,3223.647008832353,3789.201593795443,3439.420101936604,67.00419937729384,2,a5803f8a5d9d87202b43d709cb328cedaf18c446af448f705c33d553e8c2e9f7,5170ec511fb50cdf10d648416d508574d70e9781ddf156a1b2a86d2b385e94dc,100,1729,maximum_nontransitivity_information_gain,2000.0,3000.0
kata1-b10c128-s56992512-d31122236,12,3507.6050238676853,3262.9050137811505,3752.30503395422,3439.420101936604,68.18492193108113,2,a5803f8a5d9d87202b43d709cb328cedaf18c446af448f705c33d553e8c2e9f7,5170ec511fb50cdf10d648416d508574d70e9781ddf156a1b2a86d2b385e94dc,100,1729,maximum_nontransitivity_information_gain,2000.0,3000.0
kata1-b10c128-s56992512-d31122236,14,3433.855059015375,3211.79243443891,3655.91768359184,3439.420101936604,-5.565042921229178,2,a5803f8a5d9d87202b43d709cb328cedaf18c446af448f705c33d553e8c2e9f7,5170ec511fb50cdf10d648416d508574d70e9781ddf156a1b2a86d2b385e94dc,100,1729,maximum_nontransitivity_information_gain,2000.0,3000.0
kata1-b10c128-s56992512-d31122236,16,3438.6275647352,3236.5464872074726,3640.7086422629272,3439.420101936604,-0.7925372014042296,2,a5803f8a5d9d87202b43d709cb328cedaf18c446af448f705c33d553e8c2e9f7,5170ec511fb50cdf10d648416d508574d70e9781ddf156a1b2a86d2b385e94dc,100,1729,maximum_nontransitivity_information_gain,2000.0,3000.0
kata1-b10c128-s56992512-d31122236,18,3492.4470397312743,3306.9013125096694,3677.9927669528793,3439.420101936604,53.026937794670175,2,a5803f8a5d9d87202b43d709cb328cedaf18c446af448f705c33d553e8c2e9f7,5170ec511fb50cdf10d648416d508574d70e9781ddf156a1b2a86d2b385e94dc,100,1729,maximum_nontransitivity_information_gain,2000.0,3000.0
kata1-b10c128-s56992512-d31122236,20,3492.7529288149317,3318.9929059286105,3666.512951701253,3439.420101936604,53.33282687832752,2,a5803f8a5d9d87202b43d709cb328cedaf18c446af448f705c33d553e8c2e9f7,5170ec511fb50cdf10d648416d508574d70e9781ddf156a1b2a86d2b385e94dc,100,1729,maximum_nontransitivity_information_gain,2000.0,3000.0
kata1-b10c128-s56992512-d31122236,22,3514.342553955355,3349.957460935022,3678.727646975688,3439.420101936604,74.92245201875085,2,a5803f8a5d9d87202b43d709cb328cedaf18c446af448f705c33d553e8c2e9f7,5170ec511fb50cdf10d648416d508574d70e9781ddf156a1b2a86d2b385e94dc,100,1729,maximum_nontransitivity_information_gain,2000.0,3000.0
kata1-b10c128-s56992512-d31122236,24,3515.9895778224472,3359.8209979712965,3672.158157673598,3439.420101936604,76.56947588584308,2,a5803f8a5d9d87202b43d709cb328cedaf18c446af448f705c33d553e8c2e9f7,5170ec511fb50cdf10d648416d508574d70e9781ddf156a1b2a86d2b385e94dc,100,1729,maximum_nontransitivity_information_gain,2000.0,3000.0
kata1-b10c128-s56992512-d31122236,26,3550.127112476746,3399.7567218038553,3700.4975031496365,3439.420101936604,110.70701054014171,2,a5803f8a5d9d87202b43d709cb328cedaf18c446af448f705c33d553e8c2e9f7,5170ec511fb50cdf10d648416d508574d70e9781ddf156a1b2a86d2b385e94dc,100,1729,maximum_nontransitivity_information_gain,2000.0,3000.0
kata1-b10c128-s56992512-d31122236,28,3580.8373286536016,3434.7841230058675,3726.8905343013357,3439.420101936604,141.41722671699745,2,a5803f8a5d9d87202b43d709cb328cedaf18c446af448f705c33d553e8c2e9f7,5170ec511fb50cdf10d648416d508574d70e9781ddf156a1b2a86d2b385e94dc,100,1729,maximum_nontransitivity_information_gain,2000.0,3000.0
kata1-b10c128-s56992512-d31122236,30,3551.8100155871607,3413.224406238018,3690.395624936303,3439.420101936604,112.38991365055654,2,a5803f8a5d9d87202b43d709cb328cedaf18c446af448f705c33d553e8c2e9f7,5170ec511fb50cdf10d648416d508574d70e9781ddf156a1b2a86d2b385e94dc,100,1729,maximum_nontransitivity_information_gain,2000.0,3000.0
kata1-b10c128-s56992512-d31122236,32,3550.643166719911,3417.0252035983076,3684.261129841514,3439.420101936604,111.22306478330665,2,a5803f8a5d9d87202b43d709cb328cedaf18c446af448f705c33d553e8c2e9f7,5170ec511fb50cdf10d648416d508574d70e9781ddf156a1b2a86d2b385e94dc,100,1729,maximum_nontransitivity_information_gain,2000.0,3000.0
kata1-b10c128-s56992512-d31122236,34,3549.2811125327,3420.105170129265,3678.4570549361347,3439.420101936604,109.86101059609564,2,a5803f8a5d9d87202b43d709cb328cedaf18c446af448f705c33d553e8c2e9f7,5170ec511fb50cdf10d648416d508574d70e9781ddf156a1b2a86d2b385e94dc,100,1729,maximum_nontransitivity_information_gain,2000.0,3000.0
kata1-b10c128-s56992512-d31122236,36,3560.8280815247,3435.189937233044,3686.4662258163557,3439.420101936604,121.40797958809571,2,a5803f8a5d9d87202b43d709cb328cedaf18c446af448f705c33d553e8c2e9f7,5170ec511fb50cdf10d648416d508574d70e9781ddf156a1b2a86d2b385e94dc,100,1729,maximum_nontransitivity_information_gain,2000.0,3000.0
kata1-b10c128-s56992512-d31122236,38,3540.2495620962195,3418.829722016906,3661.669402175533,3439.420101936604,100.82946015961534,2,a5803f8a5d9d87202b43d709cb328cedaf18c446af448f705c33d553e8c2e9f7,5170ec511fb50cdf10d648416d508574d70e9781ddf156a1b2a86d2b385e94dc,100,1729,maximum_nontransitivity_information_gain,2000.0,3000.0
kata1-b10c128-s56992512-d31122236,40,3540.0013732525013,3421.849230235527,3658.1535162694754,3439.420101936604,100.58127131589708,2,a5803f8a5d9d87202b43d709cb328cedaf18c446af448f705c33d553e8c2e9f7,5170ec511fb50cdf10d648416d508574d70e9781ddf156a1b2a86d2b385e94dc,100,1729,maximum_nontransitivity_information_gain,2000.0,3000.0
kata1-b10c128-s56992512-d31122236,42,3530.2295720209145,3415.1943134729186,3645.2648305689104,3439.420101936604,90.8094700843103,2,a5803f8a5d9d87202b43d709cb328cedaf18c446af448f705c33d553e8c2e9f7,5170ec511fb50cdf10d648416d508574d70e9781ddf156a1b2a86d2b385e94dc,100,1729,maximum_nontransitivity_information_gain,2000.0,3000.0
kata1-b10c128-s56992512-d31122236,44,3546.889289652536,3434.335617808565,3659.4429614965065,3439.420101936604,107.46918771593164,2,a5803f8a5d9d87202b43d709cb328cedaf18c446af448f705c33d553e8c2e9f7,5170ec511fb50cdf10d648416d508574d70e9781ddf156a1b2a86d2b385e94dc,100,1729,maximum_nontransitivity_information_gain,2000.0,3000.0
kata1-b10c128-s56992512-d31122236,46,3530.540988818544,3420.7727904701287,3640.3091871669594,3439.420101936604,91.1208868819399,2,a5803f8a5d9d87202b43d709cb328cedaf18c446af448f705c33d553e8c2e9f7,5170ec511fb50cdf10d648416d508574d70e9781ddf156a1b2a86d2b385e94dc,100,1729,maximum_nontransitivity_information_gain,2000.0,3000.0
kata1-b10c128-s56992512-d31122236,48,3530.551757516686,3423.1457918602273,3637.9577231731446,3439.420101936604,91.13165558008177,2,a5803f8a5d9d87202b43d709cb328cedaf18c446af448f705c33d553e8c2e9f7,5170ec511fb50cdf10d648416d508574d70e9781ddf156a1b2a86d2b385e94dc,100,1729,maximum_nontransitivity_information_gain,2000.0,3000.0
kata1-b10c128-s56992512-d31122236,50,3515.514592888754,3410.318061869023,3620.711123908485,3439.420101936604,76.09449095214995,2,a5803f8a5d9d87202b43d709cb328cedaf18c446af448f705c33d553e8c2e9f7,5170ec511fb50cdf10d648416d508574d70e9781ddf156a1b2a86d2b385e94dc,100,1729,maximum_nontransitivity_information_gain,2000.0,3000.0
kata1-b10c128-s56992512-d31122236,52,3500.6542351921235,3397.365653092395,3603.942817291852,3439.420101936604,61.23413325551928,2,a5803f8a5d9d87202b43d709cb328cedaf18c446af448f705c33d553e8c2e9f7,5170ec511fb50cdf10d648416d508574d70e9781ddf156a1b2a86d2b385e94dc,100,1729,maximum_nontransitivity_information_gain,2000.0,3000.0
kata1-b10c128-s56992512-d31122236,54,3486.2795897664446,3384.6504696488996,3587.9087098839896,3439.420101936604,46.85948782984042,2,a5803f8a5d9d87202b43d709cb328cedaf18c446af448f705c33d553e8c2e9f7,5170ec511fb50cdf10d648416d508574d70e9781ddf156a1b2a86d2b385e94dc,100,1729,maximum_nontransitivity_information_gain,2000.0,3000.0
kata1-b10c128-s56992512-d31122236,56,3500.206079734453,3400.677309345956,3599.73485012295,3439.420101936604,60.78597779784877,2,a5803f8a5d9d87202b43d709cb328cedaf18c446af448f705c33d553e8c2e9f7,5170ec511fb50cdf10d648416d508574d70e9781ddf156a1b2a86d2b385e94dc,100,1729,maximum_nontransitivity_information_gain,2000.0,3000.0
kata1-b10c128-s56992512-d31122236,58,3500.0073264827247,3402.190315147919,3597.8243378175302,3439.420101936604,60.587224546120524,2,a5803f8a5d9d87202b43d709cb328cedaf18c446af448f705c33d553e8c2e9f7,5170ec511fb50cdf10d648416d508574d70e9781ddf156a1b2a86d2b385e94dc,100,1729,maximum_nontransitivity_information_gain,2000.0,3000.0
kata1-b10c128-s56992512-d31122236,60,3500.399643545821,3404.2042439464094,3596.595043145233,3439.420101936604,60.979541609216994,2,a5803f8a5d9d87202b43d709cb328cedaf18c446af448f705c33d553e8c2e9f7,5170ec511fb50cdf10d648416d508574d70e9781ddf156a1b2a86d2b385e94dc,100,1729,maximum_nontransitivity_information_gain,2000.0,3000.0
kata1-b10c128-s56992512-d31122236,62,3488.0700837413638,3393.2097321659994,3582.930435316728,3439.420101936604,48.64998180475959,2,a5803f8a5d9d87202b43d709cb328cedaf18c446af448f705c33d553e8c2e9f7,5170ec511fb50cdf10d648416d508574d70e9781ddf156a1b2a86d2b385e94dc,100,1729,maximum_nontransitivity_information_gain,2000.0,3000.0
kata1-b10c128-s56992512-d31122236,64,3493.0571952251667,3399.738000340637,3586.3763901096963,3439.420101936604,53.63709328856248,2,a5803f8a5d9d87202b43d709cb328cedaf18c446af448f705c33d553e8c2e9f7,5170ec511fb50cdf10d648416d508574d70e9781ddf156a1b2a86d2b385e94dc,100,1729,maximum_nontransitivity_information_gain,2000.0,3000.0
kata1-b10c128-s56992512-d31122236,66,3497.7055765957393,3405.8165979461587,3589.59455524532,3439.420101936604,58.28547465913516,2,a5803f8a5d9d87202b43d709cb328cedaf18c446af448f705c33d553e8c2e9f7,5170ec511fb50cdf10d648416d508574d70e9781ddf156a1b2a86d2b385e94dc,100,1729,maximum_nontransitivity_information_gain,2000.0,3000.0
kata1-b10c128-s56992512-d31122236,68,3498.1207421049494,3407.5440903078957,3588.697393902003,3439.420101936604,58.70064016834522,2,a5803f8a5d9d87202b43d709cb328cedaf18c446af448f705c33d553e8c2e9f7,5170ec511fb50cdf10d648416d508574d70e9781ddf156a1b2a86d2b385e94dc,100,1729,maximum_nontransitivity_information_gain,2000.0,3000.0
kata1-b10c128-s56992512-d31122236,70,3487.374284575997,3397.9059089972934,3576.8426601547008,3439.420101936604,47.95418263939291,2,a5803f8a5d9d87202b43d709cb328cedaf18c446af448f705c33d553e8c2e9f7,5170ec511fb50cdf10d648416d508574d70e9781ddf156a1b2a86d2b385e94dc,100,1729,maximum_nontransitivity_information_gain,2000.0,3000.0
kata1-b10c128-s56992512-d31122236,72,3486.5907788894838,3398.3036003124803,3574.8779574664873,3439.420101936604,47.1706769528796,2,a5803f8a5d9d87202b43d709cb328cedaf18c446af448f705c33d553e8c2e9f7,5170ec511fb50cdf10d648416d508574d70e9781ddf156a1b2a86d2b385e94dc,100,1729,maximum_nontransitivity_information_gain,2000.0,3000.0
kata1-b10c128-s56992512-d31122236,74,3495.9192763463125,3408.8761367598454,3582.9624159327795,3439.420101936604,56.4991744097083,2,a5803f8a5d9d87202b43d709cb328cedaf18c446af448f705c33d553e8c2e9f7,5170ec511fb50cdf10d648416d508574d70e9781ddf156a1b2a86d2b385e94dc,100,1729,maximum_nontransitivity_information_gain,2000.0,3000.0
kata1-b10c128-s56992512-d31122236,76,3496.3371098767902,3410.382457658704,3582.2917620948765,3439.420101936604,56.91700794018607,2,a5803f8a5d9d87202b43d709cb328cedaf18c446af448f705c33d553e8c2e9f7,5170ec511fb50cdf10d648416d508574d70e9781ddf156a1b2a86d2b385e94dc,100,1729,maximum_nontransitivity_information_gain,2000.0,3000.0
kata1-b10c128-s56992512-d31122236,78,3486.816020910599,3401.7986173695276,3571.8334244516705,3439.420101936604,47.39591897399487,2,a5803f8a5d9d87202b43d709cb328cedaf18c446af448f705c33d553e8c2e9f7,5170ec511fb50cdf10d648416d508574d70e9781ddf156a1b2a86d2b385e94dc,100,1729,maximum_nontransitivity_information_gain,2000.0,3000.0
kata1-b10c128-s56992512-d31122236,80,3476.8315349133254,3392.658504323311,3561.00456550334,3439.420101936604,37.411432976721244,2,a5803f8a5d9d87202b43d709cb328cedaf18c446af448f705c33d553e8c2e9f7,5170ec511fb50cdf10d648416d508574d70e9781ddf156a1b2a86d2b385e94dc,100,1729,maximum_nontransitivity_information_gain,2000.0,3000.0
kata1-b10c128-s56992512-d31122236,82,3467.3354493810753,3383.9374188469096,3550.733479915241,3439.420101936604,27.91534744447108,2,a5803f8a5d9d87202b43d709cb328cedaf18c446af448f705c33d553e8c2e9f7,5170ec511fb50cdf10d648416d508574d70e9781ddf156a1b2a86d2b385e94dc,100,1729,maximum_nontransitivity_information_gain,2000.0,3000.0
kata1-b10c128-s56992512-d31122236,84,3467.1824369135074,3384.715285148761,3549.649588678254,3439.420101936604,27.762334976903276,2,a5803f8a5d9d87202b43d709cb328cedaf18c446af448f705c33d553e8c2e9f7,5170ec511fb50cdf10d648416d508574d70e9781ddf156a1b2a86d2b385e94dc,100,1729,maximum_nontransitivity_information_gain,2000.0,3000.0
kata1-b10c128-s56992512-d31122236,86,3462.7081688560675,3381.0384076878413,3544.3779300242936,3439.420101936604,23.28806691946329,2,a5803f8a5d9d87202b43d709cb328cedaf18c446af448f705c33d553e8c2e9f7,5170ec511fb50cdf10d648416d508574d70e9781ddf156a1b2a86d2b385e94dc,100,1729,maximum_nontransitivity_information_gain,2000.0,3000.0
kata1-b10c128-s56992512-d31122236,88,3462.67731674438,3381.8721430082437,3543.482490480516,3439.420101936604,23.257214807775654,2,a5803f8a5d9d87202b43d709cb328cedaf18c446af448f705c33d553e8c2e9f7,5170ec511fb50cdf10d648416d508574d70e9781ddf156a1b2a86d2b385e94dc,100,1729,maximum_nontransitivity_information_gain,2000.0,3000.0
kata1-b10c128-s56992512-d31122236,90,3466.766701170264,3386.877639791101,3546.6557625494265,3439.420101936604,27.346599233659617,2,a5803f8a5d9d87202b43d709cb328cedaf18c446af448f705c33d553e8c2e9f7,5170ec511fb50cdf10d648416d508574d70e9781ddf156a1b2a86d2b385e94dc,100,1729,maximum_nontransitivity_information_gain,2000.0,3000.0
kata1-b10c128-s56992512-d31122236,92,3459.3572951275614,3380.107437737113,3538.60715251801,3439.420101936604,19.93719319095726,2,a5803f8a5d9d87202b43d709cb328cedaf18c446af448f705c33d553e8c2e9f7,5170ec511fb50cdf10d648416d508574d70e9781ddf156a1b2a86d2b385e94dc,100,1729,maximum_nontransitivity_information_gain,2000.0,3000.0
kata1-b10c128-s56992512-d31122236,94,3467.269438641472,3388.95468872815,3545.584188554794,3439.420101936604,27.84933670486771,2,a5803f8a5d9d87202b43d709cb328cedaf18c446af448f705c33d553e8c2e9f7,5170ec511fb50cdf10d648416d508574d70e9781ddf156a1b2a86d2b385e94dc,100,1729,maximum_nontransitivity_information_gain,2000.0,3000.0
kata1-b10c128-s56992512-d31122236,96,3467.9010794025085,3390.3388684368024,3545.4632903682145,3439.420101936604,28.48097746590429,2,a5803f8a5d9d87202b43d709cb328cedaf18c446af448f705c33d553e8c2e9f7,5170ec511fb50cdf10d648416d508574d70e9781ddf156a1b2a86d2b385e94dc,100,1729,maximum_nontransitivity_information_gain,2000.0,3000.0
kata1-b10c128-s56992512-d31122236,98,3468.5050133380278,3391.6680146624153,3545.34201201364,3439.420101936604,29.084911401423597,2,a5803f8a5d9d87202b43d709cb328cedaf18c446af448f705c33d553e8c2e9f7,5170ec511fb50cdf10d648416d508574d70e9781ddf156a1b2a86d2b385e94dc,100,1729,maximum_nontransitivity_information_gain,2000.0,3000.0
kata1-b10c128-s56992512-d31122236,100,3469.394586208624,3393.261530590762,3545.5276418264857,3439.420101936604,29.97448427201971,2,a5803f8a5d9d87202b43d709cb328cedaf18c446af448f705c33d553e8c2e9f7,5170ec511fb50cdf10d648416d508574d70e9781ddf156a1b2a86d2b385e94dc,100,1729,maximum_nontransitivity_information_gain,2000.0,3000.0
kata1-b10c128-s182492416-d63545831,2,2847.8257996074544,414.54919566509807,5281.10240354981,3536.7529566574012,-688.9271570499468,2,a5803f8a5d9d87202b43d709cb328cedaf18c446af448f705c33d553e8c2e9f7,5170ec511fb50cdf10d648416d508574d70e9781ddf156a1b2a86d2b385e94dc,100,1729,maximum_nontransitivity_information_gain,2000.0,3000.0
kata1-b10c128-s182492416-d63545831,4,3566.504086575605,1695.9884286019933,5437.019744549217,3536.7529566574012,29.751129918203787,2,a5803f8a5d9d87202b43d709cb328cedaf18c446af448f705c33d553e8c2e9f7,5170ec511fb50cdf10d648416d508574d70e9781ddf156a1b2a86d2b385e94dc,100,1729,maximum_nontransitivity_information_gain,2000.0,3000.0
kata1-b10c128-s182492416-d63545831,6,3193.0758231953414,2652.4499056717787,3733.701740718904,3536.7529566574012,-343.6771334620598,2,a5803f8a5d9d87202b43d709cb328cedaf18c446af448f705c33d553e8c2e9f7,5170ec511fb50cdf10d648416d508574d70e9781ddf156a1b2a86d2b385e94dc,100,1729,maximum_nontransitivity_information_gain,2000.0,3000.0
kata1-b10c128-s182492416-d63545831,8,3390.602878358476,3017.5285944403404,3763.677162276612,3536.7529566574012,-146.1500782989251,2,a5803f8a5d9d87202b43d709cb328cedaf18c446af448f705c33d553e8c2e9f7,5170ec511fb50cdf10d648416d508574d70e9781ddf156a1b2a86d2b385e94dc,100,1729,maximum_nontransitivity_information_gain,2000.0,3000.0
kata1-b10c128-s182492416-d63545831,10,3389.7548388190207,3093.946493684851,3685.5631839531907,3536.7529566574012,-146.9981178383805,2,a5803f8a5d9d87202b43d709cb328cedaf18c446af448f705c33d553e8c2e9f7,5170ec511fb50cdf10d648416d508574d70e9781ddf156a1b2a86d2b385e94dc,100,1729,maximum_nontransitivity_information_gain,2000.0,3000.0
kata1-b10c128-s182492416-d63545831,12,3486.562658812813,3224.318857881826,3748.8064597438,3536.7529566574012,-50.19029784458826,2,a5803f8a5d9d87202b43d709cb328cedaf18c446af448f705c33d553e8c2e9f7,5170ec511fb50cdf10d648416d508574d70e9781ddf156a1b2a86d2b385e94dc,100,1729,maximum_nontransitivity_information_gain,2000.0,3000.0
kata1-b10c128-s182492416-d63545831,14,3411.42392799954,3184.7301585615123,3638.1176974375676,3536.7529566574012,-125.32902865786127,2,a5803f8a5d9d87202b43d709cb328cedaf18c446af448f705c33d553e8c2e9f7,5170ec511fb50cdf10d648416d508574d70e9781ddf156a1b2a86d2b385e94dc,100,1729,maximum_nontransitivity_information_gain,2000.0,3000.0
kata1-b10c128-s182492416-d63545831,16,3447.4379719835606,3240.7244167667886,3654.1515272003326,3536.7529566574012,-89.31498467384063,2,a5803f8a5d9d87202b43d709cb328cedaf18c446af448f705c33d553e8c2e9f7,5170ec511fb50cdf10d648416d508574d70e9781ddf156a1b2a86d2b385e94dc,100,1729,maximum_nontransitivity_information_gain,2000.0,3000.0
kata1-b10c128-s182492416-d63545831,18,3503.085877277849,3308.788984418959,3697.3827701367386,3536.7529566574012,-33.66707937955243,2,a5803f8a5d9d87202b43d709cb328cedaf18c446af448f705c33d553e8c2e9f7,5170ec511fb50cdf10d648416d508574d70e9781ddf156a1b2a86d2b385e94dc,100,1729,maximum_nontransitivity_information_gain,2000.0,3000.0
kata1-b10c128-s182492416-d63545831,20,3456.7574492757676,3278.387148244816,3635.127750306719,3536.7529566574012,-79.99550738163362,2,a5803f8a5d9d87202b43d709cb328cedaf18c446af448f705c33d553e8c2e9f7,5170ec511fb50cdf10d648416d508574d70e9781ddf156a1b2a86d2b385e94dc,100,1729,maximum_nontransitivity_information_gain,2000.0,3000.0
kata1-b10c128-s182492416-d63545831,22,3477.376754910091,3308.8483131892594,3645.905196630923,3536.7529566574012,-59.376201747310006,2,a5803f8a5d9d87202b43d709cb328cedaf18c446af448f705c33d553e8c2e9f7,5170ec511fb50cdf10d648416d508574d70e9781ddf156a1b2a86d2b385e94dc,100,1729,maximum_nontransitivity_information_gain,2000.0,3000.0
kata1-b10c128-s182492416-d63545831,24,3442.4674255736677,3283.3895669954204,3601.545284151915,3536.7529566574012,-94.28553108373353,2,a5803f8a5d9d87202b43d709cb328cedaf18c446af448f705c33d553e8c2e9f7,5170ec511fb50cdf10d648416d508574d70e9781ddf156a1b2a86d2b385e94dc,100,1729,maximum_nontransitivity_information_gain,2000.0,3000.0
kata1-b10c128-s182492416-d63545831,26,3475.2645491870157,3323.1720181135647,3627.357080260467,3536.7529566574012,-61.48840747038548,2,a5803f8a5d9d87202b43d709cb328cedaf18c446af448f705c33d553e8c2e9f7,5170ec511fb50cdf10d648416d508574d70e9781ddf156a1b2a86d2b385e94dc,100,1729,maximum_nontransitivity_information_gain,2000.0,3000.0
kata1-b10c128-s182492416-d63545831,28,3504.378265846423,3357.505667054226,3651.25086463862,3536.7529566574012,-32.374690810978336,2,a5803f8a5d9d87202b43d709cb328cedaf18c446af448f705c33d553e8c2e9f7,5170ec511fb50cdf10d648416d508574d70e9781ddf156a1b2a86d2b385e94dc,100,1729,maximum_nontransitivity_information_gain,2000.0,3000.0
kata1-b10c128-s182492416-d63545831,30,3504.6695254064366,3363.6745162571706,3645.6645345557026,3536.7529566574012,-32.08343125096462,2,a5803f8a5d9d87202b43d709cb328cedaf18c446af448f705c33d553e8c2e9f7,5170ec511fb50cdf10d648416d508574d70e9781ddf156a1b2a86d2b385e94dc,100,1729,maximum_nontransitivity_information_gain,2000.0,3000.0
kata1-b10c128-s182492416-d63545831,32,3480.2008858808927,3345.206303819495,3615.19546794229,3536.7529566574012,-56.55207077650857,2,a5803f8a5d9d87202b43d709cb328cedaf18c446af448f705c33d553e8c2e9f7,5170ec511fb50cdf10d648416d508574d70e9781ddf156a1b2a86d2b385e94dc,100,1729,maximum_nontransitivity_information_gain,2000.0,3000.0
kata1-b10c128-s182492416-d63545831,34,3457.0621948431717,3326.792348256063,3587.3320414302802,3536.7529566574012,-79.69076181422952,2,a5803f8a5d9d87202b43d709cb328cedaf18c446af448f705c33d553e8c2e9f7,5170ec511fb50cdf10d648416d508574d70e9781ddf156a1b2a86d2b385e94dc,100,1729,maximum_nontransitivity_information_gain,2000.0,3000.0
kata1-b10c128-s182492416-d63545831,36,3455.816903177768,3329.6098786954526,3582.0239276600832,3536.7529566574012,-80.9360534796333,2,a5803f8a5d9d87202b43d709cb328cedaf18c446af448f705c33d553e8c2e9f7,5170ec511fb50cdf10d648416d508574d70e9781ddf156a1b2a86d2b385e94dc,100,1729,maximum_nontransitivity_information_gain,2000.0,3000.0
kata1-b10c128-s182492416-d63545831,38,3445.2977966121234,3322.711158384334,3567.884434839913,3536.7529566574012,-91.45516004527781,2,a5803f8a5d9d87202b43d709cb328cedaf18c446af448f705c33d553e8c2e9f7,5170ec511fb50cdf10d648416d508574d70e9781ddf156a1b2a86d2b385e94dc,100,1729,maximum_nontransitivity_information_gain,2000.0,3000.0
kata1-b10c128-s182492416-d63545831,40,3464.847684557389,3345.649651872178,3584.0457172426004,3536.7529566574012,-71.9052721000121,2,a5803f8a5d9d87202b43d709cb328cedaf18c446af448f705c33d553e8c2e9f7,5170ec511fb50cdf10d648416d508574d70e9781ddf156a1b2a86d2b385e94dc,100,1729,maximum_nontransitivity_information_gain,2000.0,3000.0
kata1-b10c128-s182492416-d63545831,42,3445.556953344871,3329.409636306881,3561.704270382861,3536.7529566574012,-91.19600331253014,2,a5803f8a5d9d87202b43d709cb328cedaf18c446af448f705c33d553e8c2e9f7,5170ec511fb50cdf10d648416d508574d70e9781ddf156a1b2a86d2b385e94dc,100,1729,maximum_nontransitivity_information_gain,2000.0,3000.0
kata1-b10c128-s182492416-d63545831,44,3436.1731217211504,3322.750355041537,3549.5958884007637,3536.7529566574012,-100.57983493625079,2,a5803f8a5d9d87202b43d709cb328cedaf18c446af448f705c33d553e8c2e9f7,5170ec511fb50cdf10d648416d508574d70e9781ddf156a1b2a86d2b385e94dc,100,1729,maximum_nontransitivity_information_gain,2000.0,3000.0
kata1-b10c128-s182492416-d63545831,46,3453.2872206371712,3342.6163390187426,3563.9581022556,3536.7529566574012,-83.46573602023,2,a5803f8a5d9d87202b43d709cb328cedaf18c446af448f705c33d553e8c2e9f7,5170ec511fb50cdf10d648416d508574d70e9781ddf156a1b2a86d2b385e94dc,100,1729,maximum_nontransitivity_information_gain,2000.0,3000.0
kata1-b10c128-s182492416-d63545831,48,3453.483910161095,3345.2356933256406,3561.7321269965496,3536.7529566574012,-83.26904649630615,2,a5803f8a5d9d87202b43d709cb328cedaf18c446af448f705c33d553e8c2e9f7,5170ec511fb50cdf10d648416d508574d70e9781ddf156a1b2a86d2b385e94dc,100,1729,maximum_nontransitivity_information_gain,2000.0,3000.0
kata1-b10c128-s182492416-d63545831,50,3453.662444541033,3347.6663248560913,3559.6585642259747,3536.7529566574012,-83.09051211636825,2,a5803f8a5d9d87202b43d709cb328cedaf18c446af448f705c33d553e8c2e9f7,5170ec511fb50cdf10d648416d508574d70e9781ddf156a1b2a86d2b385e94dc,100,1729,maximum_nontransitivity_information_gain,2000.0,3000.0
kata1-b10c128-s182492416-d63545831,52,3438.114745204579,3334.1287153191233,3542.1007750900344,3536.7529566574012,-98.63821145282236,2,a5803f8a5d9d87202b43d709cb328cedaf18c446af448f705c33d553e8c2e9f7,5170ec511fb50cdf10d648416d508574d70e9781ddf156a1b2a86d2b385e94dc,100,1729,maximum_nontransitivity_information_gain,2000.0,3000.0
kata1-b10c128-s182492416-d63545831,54,3452.3364929912186,3350.405911111532,3554.267074870905,3536.7529566574012,-84.41646366618261,2,a5803f8a5d9d87202b43d709cb328cedaf18c446af448f705c33d553e8c2e9f7,5170ec511fb50cdf10d648416d508574d70e9781ddf156a1b2a86d2b385e94dc,100,1729,maximum_nontransitivity_information_gain,2000.0,3000.0
kata1-b10c128-s182492416-d63545831,56,3452.539010742775,3352.4564637058143,3552.621557779736,3536.7529566574012,-84.21394591462604,2,a5803f8a5d9d87202b43d709cb328cedaf18c446af448f705c33d553e8c2e9f7,5170ec511fb50cdf10d648416d508574d70e9781ddf156a1b2a86d2b385e94dc,100,1729,maximum_nontransitivity_information_gain,2000.0,3000.0
kata1-b10c128-s182492416-d63545831,58,3452.726002610481,3354.3804962415297,3551.071508979432,3536.7529566574012,-84.02695404692031,2,a5803f8a5d9d87202b43d709cb328cedaf18c446af448f705c33d553e8c2e9f7,5170ec511fb50cdf10d648416d508574d70e9781ddf156a1b2a86d2b385e94dc,100,1729,maximum_nontransitivity_information_gain,2000.0,3000.0
kata1-b10c128-s182492416-d63545831,60,3464.8519628612053,3368.0959304800813,3561.6079952423293,3536.7529566574012,-71.90099379619596,2,a5803f8a5d9d87202b43d709cb328cedaf18c446af448f705c33d553e8c2e9f7,5170ec511fb50cdf10d648416d508574d70e9781ddf156a1b2a86d2b385e94dc,100,1729,maximum_nontransitivity_information_gain,2000.0,3000.0
kata1-b10c128-s182492416-d63545831,62,3478.2285389171234,3382.87844843013,3573.578629404117,3536.7529566574012,-58.52441774027784,2,a5803f8a5d9d87202b43d709cb328cedaf18c446af448f705c33d553e8c2e9f7,5170ec511fb50cdf10d648416d508574d70e9781ddf156a1b2a86d2b385e94dc,100,1729,maximum_nontransitivity_information_gain,2000.0,3000.0
kata1-b10c128-s182492416-d63545831,64,3479.2429407220316,3385.3615856293663,3573.124295814697,3536.7529566574012,-57.510015935369665,2,a5803f8a5d9d87202b43d709cb328cedaf18c446af448f705c33d553e8c2e9f7,5170ec511fb50cdf10d648416d508574d70e9781ddf156a1b2a86d2b385e94dc,100,1729,maximum_nontransitivity_information_gain,2000.0,3000.0
kata1-b10c128-s182492416-d63545831,66,3479.7530785323256,3387.275111254955,3572.2310458096963,3536.7529566574012,-56.99987812507561,2,a5803f8a5d9d87202b43d709cb328cedaf18c446af448f705c33d553e8c2e9f7,5170ec511fb50cdf10d648416d508574d70e9781ddf156a1b2a86d2b385e94dc,100,1729,maximum_nontransitivity_information_gain,2000.0,3000.0
kata1-b10c128-s182492416-d63545831,68,3469.501667312952,3378.4572113546797,3560.5461232712246,3536.7529566574012,-67.2512893444491,2,a5803f8a5d9d87202b43d709cb328cedaf18c446af448f705c33d553e8c2e9f7,5170ec511fb50cdf10d648416d508574d70e9781ddf156a1b2a86d2b385e94dc,100,1729,maximum_nontransitivity_information_gain,2000.0,3000.0
kata1-b10c128-s182492416-d63545831,70,3481.0687551275228,3391.185487878565,3570.9520223764807,3536.7529566574012,-55.684201529878464,2,a5803f8a5d9d87202b43d709cb328cedaf18c446af448f705c33d553e8c2e9f7,5170ec511fb50cdf10d648416d508574d70e9781ddf156a1b2a86d2b385e94dc,100,1729,maximum_nontransitivity_information_gain,2000.0,3000.0
kata1-b10c128-s182492416-d63545831,72,3481.883896802825,3393.20334628836,3570.5644473172897,3536.7529566574012,-54.869059854576335,2,a5803f8a5d9d87202b43d709cb328cedaf18c446af448f705c33d553e8c2e9f7,5170ec511fb50cdf10d648416d508574d70e9781ddf156a1b2a86d2b385e94dc,100,1729,maximum_nontransitivity_information_gain,2000.0,3000.0
kata1-b10c128-s182492416-d63545831,74,3492.4387453803433,3404.765166072554,3580.1123246881325,3536.7529566574012,-44.31421127705789,2,a5803f8a5d9d87202b43d709cb328cedaf18c446af448f705c33d553e8c2e9f7,5170ec511fb50cdf10d648416d508574d70e9781ddf156a1b2a86d2b385e94dc,100,1729,maximum_nontransitivity_information_gain,2000.0,3000.0
kata1-b10c128-s182492416-d63545831,76,3493.4490314643454,3406.8723418053323,3580.0257211233584,3536.7529566574012,-43.303925193055875,2,a5803f8a5d9d87202b43d709cb328cedaf18c446af448f705c33d553e8c2e9f7,5170ec511fb50cdf10d648416d508574d70e9781ddf156a1b2a86d2b385e94dc,100,1729,maximum_nontransitivity_information_gain,2000.0,3000.0
kata1-b10c128-s182492416-d63545831,78,3493.8578024429653,3408.343005890813,3579.3725989951176,3536.7529566574012,-42.895154214435934,2,a5803f8a5d9d87202b43d709cb328cedaf18c446af448f705c33d553e8c2e9f7,5170ec511fb50cdf10d648416d508574d70e9781ddf156a1b2a86d2b385e94dc,100,1729,maximum_nontransitivity_information_gain,2000.0,3000.0
kata1-b10c128-s182492416-d63545831,80,3504.224763181921,3419.546086041841,3588.9034403220007,3536.7529566574012,-32.52819347548029,2,a5803f8a5d9d87202b43d709cb328cedaf18c446af448f705c33d553e8c2e9f7,5170ec511fb50cdf10d648416d508574d70e9781ddf156a1b2a86d2b385e94dc,100,1729,maximum_nontransitivity_information_gain,2000.0,3000.0
kata1-b10c128-s182492416-d63545831,82,3495.6419353852834,3412.0997071280567,3579.18416364251,3536.7529566574012,-41.111021272117796,2,a5803f8a5d9d87202b43d709cb328cedaf18c446af448f705c33d553e8c2e9f7,5170ec511fb50cdf10d648416d508574d70e9781ddf156a1b2a86d2b385e94dc,100,1729,maximum_nontransitivity_information_gain,2000.0,3000.0
kata1-b10c128-s182492416-d63545831,84,3495.963753506532,3413.359410945994,3578.56809606707,3536.7529566574012,-40.78920315086907,2,a5803f8a5d9d87202b43d709cb328cedaf18c446af448f705c33d553e8c2e9f7,5170ec511fb50cdf10d648416d508574d70e9781ddf156a1b2a86d2b385e94dc,100,1729,maximum_nontransitivity_information_gain,2000.0,3000.0
kata1-b10c128-s182492416-d63545831,86,3504.629297803216,3422.7912777308666,3586.4673178755656,3536.7529566574012,-32.12365885418512,2,a5803f8a5d9d87202b43d709cb328cedaf18c446af448f705c33d553e8c2e9f7,5170ec511fb50cdf10d648416d508574d70e9781ddf156a1b2a86d2b385e94dc,100,1729,maximum_nontransitivity_information_gain,2000.0,3000.0
kata1-b10c128-s182492416-d63545831,88,3513.7553904924457,3432.6123908079508,3594.8983901769407,3536.7529566574012,-22.997566164955515,2,a5803f8a5d9d87202b43d709cb328cedaf18c446af448f705c33d553e8c2e9f7,5170ec511fb50cdf10d648416d508574d70e9781ddf156a1b2a86d2b385e94dc,100,1729,maximum_nontransitivity_information_gain,2000.0,3000.0
kata1-b10c128-s182492416-d63545831,90,3514.0853719458946,3433.7863851123197,3594.3843587794695,3536.7529566574012,-22.667584711506606,2,a5803f8a5d9d87202b43d709cb328cedaf18c446af448f705c33d553e8c2e9f7,5170ec511fb50cdf10d648416d508574d70e9781ddf156a1b2a86d2b385e94dc,100,1729,maximum_nontransitivity_information_gain,2000.0,3000.0
kata1-b10c128-s182492416-d63545831,92,3506.9017438707833,3427.5504384787646,3586.253049262802,3536.7529566574012,-29.851212786617907,2,a5803f8a5d9d87202b43d709cb328cedaf18c446af448f705c33d553e8c2e9f7,5170ec511fb50cdf10d648416d508574d70e9781ddf156a1b2a86d2b385e94dc,100,1729,maximum_nontransitivity_information_gain,2000.0,3000.0
kata1-b10c128-s182492416-d63545831,94,3506.9326880417616,3428.3660381895625,3585.4993378939607,3536.7529566574012,-29.820268615639634,2,a5803f8a5d9d87202b43d709cb328cedaf18c446af448f705c33d553e8c2e9f7,5170ec511fb50cdf10d648416d508574d70e9781ddf156a1b2a86d2b385e94dc,100,1729,maximum_nontransitivity_information_gain,2000.0,3000.0
kata1-b10c128-s182492416-d63545831,96,3511.2824939632565,3433.4015734094064,3589.1634145171065,3536.7529566574012,-25.47046269414477,2,a5803f8a5d9d87202b43d709cb328cedaf18c446af448f705c33d553e8c2e9f7,5170ec511fb50cdf10d648416d508574d70e9781ddf156a1b2a86d2b385e94dc,100,1729,maximum_nontransitivity_information_gain,2000.0,3000.0
kata1-b10c128-s182492416-d63545831,98,3512.2944304283797,3435.1255086332585,3589.463352223501,3536.7529566574012,-24.458526229021572,2,a5803f8a5d9d87202b43d709cb328cedaf18c446af448f705c33d553e8c2e9f7,5170ec511fb50cdf10d648416d508574d70e9781ddf156a1b2a86d2b385e94dc,100,1729,maximum_nontransitivity_information_gain,2000.0,3000.0
kata1-b10c128-s182492416-d63545831,100,3519.67747573135,3443.083832186933,3596.2711192757674,3536.7529566574012,-17.075480926051114,2,a5803f8a5d9d87202b43d709cb328cedaf18c446af448f705c33d553e8c2e9f7,5170ec511fb50cdf10d648416d508574d70e9781ddf156a1b2a86d2b385e94dc,100,1729,maximum_nontransitivity_information_gain,2000.0,3000.0
kata1-b15c192-s230670592-d99188084,2,2847.8321874063954,414.5639078757981,5281.100466936992,3639.814208464313,-791.9820210579178,2,a5803f8a5d9d87202b43d709cb328cedaf18c446af448f705c33d553e8c2e9f7,5170ec511fb50cdf10d648416d508574d70e9781ddf156a1b2a86d2b385e94dc,100,1729,maximum_nontransitivity_information_gain,2000.0,3000.0
kata1-b15c192-s230670592-d99188084,4,3566.474890656233,1695.9445333723768,5437.005247940089,3639.814208464313,-73.33931780808007,2,a5803f8a5d9d87202b43d709cb328cedaf18c446af448f705c33d553e8c2e9f7,5170ec511fb50cdf10d648416d508574d70e9781ddf156a1b2a86d2b385e94dc,100,1729,maximum_nontransitivity_information_gain,2000.0,3000.0
kata1-b15c192-s230670592-d99188084,6,3190.566181859364,2653.0704393328397,3728.0619243858882,3639.814208464313,-449.24802660494925,2,a5803f8a5d9d87202b43d709cb328cedaf18c446af448f705c33d553e8c2e9f7,5170ec511fb50cdf10d648416d508574d70e9781ddf156a1b2a86d2b385e94dc,100,1729,maximum_nontransitivity_information_gain,2000.0,3000.0
kata1-b15c192-s230670592-d99188084,8,3388.0260379683978,3016.3683951737894,3759.683680763006,3639.814208464313,-251.78817049591544,2,a5803f8a5d9d87202b43d709cb328cedaf18c446af448f705c33d553e8c2e9f7,5170ec511fb50cdf10d648416d508574d70e9781ddf156a1b2a86d2b385e94dc,100,1729,maximum_nontransitivity_information_gain,2000.0,3000.0
kata1-b15c192-s230670592-d99188084,10,3388.2301385367873,3093.0755241202023,3683.3847529533723,3639.814208464313,-251.5840699275259,2,a5803f8a5d9d87202b43d709cb328cedaf18c446af448f705c33d553e8c2e9f7,5170ec511fb50cdf10d648416d508574d70e9781ddf156a1b2a86d2b385e94dc,100,1729,maximum_nontransitivity_information_gain,2000.0,3000.0
kata1-b15c192-s230670592-d99188084,12,3485.1852320510775,3223.41724636052,3746.953217741635,3639.814208464313,-154.6289764132357,2,a5803f8a5d9d87202b43d709cb328cedaf18c446af448f705c33d553e8c2e9f7,5170ec511fb50cdf10d648416d508574d70e9781ddf156a1b2a86d2b385e94dc,100,1729,maximum_nontransitivity_information_gain,2000.0,3000.0
kata1-b15c192-s230670592-d99188084,14,3487.667702014402,3256.6102018826573,3718.725202146147,3639.814208464313,-152.14650644991116,2,a5803f8a5d9d87202b43d709cb328cedaf18c446af448f705c33d553e8c2e9f7,5170ec511fb50cdf10d648416d508574d70e9781ddf156a1b2a86d2b385e94dc,100,1729,maximum_nontransitivity_information_gain,2000.0,3000.0
kata1-b15c192-s230670592-d99188084,16,3489.235949695649,3280.037246123225,3698.4346532680734,3639.814208464313,-150.578258768664,2,a5803f8a5d9d87202b43d709cb328cedaf18c446af448f705c33d553e8c2e9f7,5170ec511fb50cdf10d648416d508574d70e9781ddf156a1b2a86d2b385e94dc,100,1729,maximum_nontransitivity_information_gain,2000.0,3000.0
kata1-b15c192-s230670592-d99188084,18,3547.974469045499,3349.843507831295,3746.105430259703,3639.814208464313,-91.83973941881413,2,a5803f8a5d9d87202b43d709cb328cedaf18c446af448f705c33d553e8c2e9f7,5170ec511fb50cdf10d648416d508574d70e9781ddf156a1b2a86d2b385e94dc,100,1729,maximum_nontransitivity_information_gain,2000.0,3000.0
kata1-b15c192-s230670592-d99188084,20,3546.2184290502105,3362.5247738506228,3729.912084249798,3639.814208464313,-93.59577941410271,2,a5803f8a5d9d87202b43d709cb328cedaf18c446af448f705c33d553e8c2e9f7,5170ec511fb50cdf10d648416d508574d70e9781ddf156a1b2a86d2b385e94dc,100,1729,maximum_nontransitivity_information_gain,2000.0,3000.0
kata1-b15c192-s230670592-d99188084,22,3547.908390326375,3375.518417610071,3720.298363042679,3639.814208464313,-91.90581813793824,2,a5803f8a5d9d87202b43d709cb328cedaf18c446af448f705c33d553e8c2e9f7,5170ec511fb50cdf10d648416d508574d70e9781ddf156a1b2a86d2b385e94dc,100,1729,maximum_nontransitivity_information_gain,2000.0,3000.0
kata1-b15c192-s230670592-d99188084,24,3585.2344662834257,3418.755232073363,3751.7137004934884,3639.814208464313,-54.57974218088748,2,a5803f8a5d9d87202b43d709cb328cedaf18c446af448f705c33d553e8c2e9f7,5170ec511fb50cdf10d648416d508574d70e9781ddf156a1b2a86d2b385e94dc,100,1729,maximum_nontransitivity_information_gain,2000.0,3000.0
kata1-b15c192-s230670592-d99188084,26,3582.677561305681,3424.988528403779,3740.366594207583,3639.814208464313,-57.13664715863206,2,a5803f8a5d9d87202b43d709cb328cedaf18c446af448f705c33d553e8c2e9f7,5170ec511fb50cdf10d648416d508574d70e9781ddf156a1b2a86d2b385e94dc,100,1729,maximum_nontransitivity_information_gain,2000.0,3000.0
kata1-b15c192-s230670592-d99188084,28,3613.8067141708534,3460.0867037246408,3767.526724617066,3639.814208464313,-26.007494293459786,2,a5803f8a5d9d87202b43d709cb328cedaf18c446af448f705c33d553e8c2e9f7,5170ec511fb50cdf10d648416d508574d70e9781ddf156a1b2a86d2b385e94dc,100,1729,maximum_nontransitivity_information_gain,2000.0,3000.0
kata1-b15c192-s230670592-d99188084,30,3585.6181506790085,3441.147148000479,3730.089153357538,3639.814208464313,-54.196057785304674,2,a5803f8a5d9d87202b43d709cb328cedaf18c446af448f705c33d553e8c2e9f7,5170ec511fb50cdf10d648416d508574d70e9781ddf156a1b2a86d2b385e94dc,100,1729,maximum_nontransitivity_information_gain,2000.0,3000.0
kata1-b15c192-s230670592-d99188084,32,3569.956108472035,3432.0069370499286,3707.905279894141,3639.814208464313,-69.85809999227831,2,a5803f8a5d9d87202b43d709cb328cedaf18c446af448f705c33d553e8c2e9f7,5170ec511fb50cdf10d648416d508574d70e9781ddf156a1b2a86d2b385e94dc,100,1729,maximum_nontransitivity_information_gain,2000.0,3000.0
kata1-b15c192-s230670592-d99188084,34,3594.699497712561,3460.1066844283855,3729.2923109967364,3639.814208464313,-45.11471075175223,2,a5803f8a5d9d87202b43d709cb328cedaf18c446af448f705c33d553e8c2e9f7,5170ec511fb50cdf10d648416d508574d70e9781ddf156a1b2a86d2b385e94dc,100,1729,maximum_nontransitivity_information_gain,2000.0,3000.0
kata1-b15c192-s230670592-d99188084,36,3592.363243102367,3462.373874573438,3722.352611631296,3639.814208464313,-47.450965361946146,2,a5803f8a5d9d87202b43d709cb328cedaf18c446af448f705c33d553e8c2e9f7,5170ec511fb50cdf10d648416d508574d70e9781ddf156a1b2a86d2b385e94dc,100,1729,maximum_nontransitivity_information_gain,2000.0,3000.0
kata1-b15c192-s230670592-d99188084,38,3612.92591127989,3485.4981773749514,3740.3536451848286,3639.814208464313,-26.88829718442321,2,a5803f8a5d9d87202b43d709cb328cedaf18c446af448f705c33d553e8c2e9f7,5170ec511fb50cdf10d648416d508574d70e9781ddf156a1b2a86d2b385e94dc,100,1729,maximum_nontransitivity_information_gain,2000.0,3000.0
kata1-b15c192-s230670592-d99188084,40,3636.626727674968,3511.071762875923,3762.1816924740133,3639.814208464313,-3.187480789345045,2,a5803f8a5d9d87202b43d709cb328cedaf18c446af448f705c33d553e8c2e9f7,5170ec511fb50cdf10d648416d508574d70e9781ddf156a1b2a86d2b385e94dc,100,1729,maximum_nontransitivity_information_gain,2000.0,3000.0
kata1-b15c192-s230670592-d99188084,42,3636.854742263305,3514.899331301105,3758.810153225505,3639.814208464313,-2.9594662010081265,2,a5803f8a5d9d87202b43d709cb328cedaf18c446af448f705c33d553e8c2e9f7,5170ec511fb50cdf10d648416d508574d70e9781ddf156a1b2a86d2b385e94dc,100,1729,maximum_nontransitivity_information_gain,2000.0,3000.0
kata1-b15c192-s230670592-d99188084,44,3637.0566342189686,3518.381999344851,3755.731269093086,3639.814208464313,-2.7575742453445855,2,a5803f8a5d9d87202b43d709cb328cedaf18c446af448f705c33d553e8c2e9f7,5170ec511fb50cdf10d648416d508574d70e9781ddf156a1b2a86d2b385e94dc,100,1729,maximum_nontransitivity_information_gain,2000.0,3000.0
kata1-b15c192-s230670592-d99188084,46,3618.744837628081,3504.2236985580653,3733.2659766980964,3639.814208464313,-21.069370836232338,2,a5803f8a5d9d87202b43d709cb328cedaf18c446af448f705c33d553e8c2e9f7,5170ec511fb50cdf10d648416d508574d70e9781ddf156a1b2a86d2b385e94dc,100,1729,maximum_nontransitivity_information_gain,2000.0,3000.0
kata1-b15c192-s230670592-d99188084,48,3637.397200539283,3524.494113902836,3750.30028717573,3639.814208464313,-2.417007925030248,2,a5803f8a5d9d87202b43d709cb328cedaf18c446af448f705c33d553e8c2e9f7,5170ec511fb50cdf10d648416d508574d70e9781ddf156a1b2a86d2b385e94dc,100,1729,maximum_nontransitivity_information_gain,2000.0,3000.0
kata1-b15c192-s230670592-d99188084,50,3646.0193815831763,3535.141012659447,3756.8977505069056,3639.814208464313,6.205173118863058,2,a5803f8a5d9d87202b43d709cb328cedaf18c446af448f705c33d553e8c2e9f7,5170ec511fb50cdf10d648416d508574d70e9781ddf156a1b2a86d2b385e94dc,100,1729,maximum_nontransitivity_information_gain,2000.0,3000.0
kata1-b15c192-s230670592-d99188084,52,3639.6614984660478,3531.565806231258,3747.7571907008373,3639.814208464313,-0.1527099982654363,2,a5803f8a5d9d87202b43d709cb328cedaf18c446af448f705c33d553e8c2e9f7,5170ec511fb50cdf10d648416d508574d70e9781ddf156a1b2a86d2b385e94dc,100,1729,maximum_nontransitivity_information_gain,2000.0,3000.0
kata1-b15c192-s230670592-d99188084,54,3626.230882759434,3520.955709765085,3731.5060557537827,3639.814208464313,-13.583325704879371,2,a5803f8a5d9d87202b43d709cb328cedaf18c446af448f705c33d553e8c2e9f7,5170ec511fb50cdf10d648416d508574d70e9781ddf156a1b2a86d2b385e94dc,100,1729,maximum_nontransitivity_information_gain,2000.0,3000.0
kata1-b15c192-s230670592-d99188084,56,3641.5043276795445,3537.61300397615,3745.395651382939,3639.814208464313,1.6901192152313342,2,a5803f8a5d9d87202b43d709cb328cedaf18c446af448f705c33d553e8c2e9f7,5170ec511fb50cdf10d648416d508574d70e9781ddf156a1b2a86d2b385e94dc,100,1729,maximum_nontransitivity_information_gain,2000.0,3000.0
kata1-b15c192-s230670592-d99188084,58,3629.07305016478,3527.6169744215176,3730.5291259080423,3639.814208464313,-10.741158299533254,2,a5803f8a5d9d87202b43d709cb328cedaf18c446af448f705c33d553e8c2e9f7,5170ec511fb50cdf10d648416d508574d70e9781ddf156a1b2a86d2b385e94dc,100,1729,maximum_nontransitivity_information_gain,2000.0,3000.0
kata1-b15c192-s230670592-d99188084,60,3643.0612785222625,3542.879525111822,3743.2430319327027,3639.814208464313,3.2470700579492586,2,a5803f8a5d9d87202b43d709cb328cedaf18c446af448f705c33d553e8c2e9f7,5170ec511fb50cdf10d648416d508574d70e9781ddf156a1b2a86d2b385e94dc,100,1729,maximum_nontransitivity_information_gain,2000.0,3000.0
kata1-b15c192-s230670592-d99188084,62,3631.497582095228,3533.442559027017,3729.5526051634392,3639.814208464313,-8.316626369085043,2,a5803f8a5d9d87202b43d709cb328cedaf18c446af448f705c33d553e8c2e9f7,5170ec511fb50cdf10d648416d508574d70e9781ddf156a1b2a86d2b385e94dc,100,1729,maximum_nontransitivity_information_gain,2000.0,3000.0
kata1-b15c192-s230670592-d99188084,64,3638.0747559313945,3541.419314372583,3734.730197490206,3639.814208464313,-1.7394525329186763,2,a5803f8a5d9d87202b43d709cb328cedaf18c446af448f705c33d553e8c2e9f7,5170ec511fb50cdf10d648416d508574d70e9781ddf156a1b2a86d2b385e94dc,100,1729,maximum_nontransitivity_information_gain,2000.0,3000.0
kata1-b15c192-s230670592-d99188084,66,3650.3393724267985,3554.7755638492094,3745.9031810043875,3639.814208464313,10.525163962485294,2,a5803f8a5d9d87202b43d709cb328cedaf18c446af448f705c33d553e8c2e9f7,5170ec511fb50cdf10d648416d508574d70e9781ddf156a1b2a86d2b385e94dc,100,1729,maximum_nontransitivity_information_gain,2000.0,3000.0
kata1-b15c192-s230670592-d99188084,68,3640.0789795431765,3546.3270218966336,3733.8309371897194,3639.814208464313,0.26477107886330487,2,a5803f8a5d9d87202b43d709cb328cedaf18c446af448f705c33d553e8c2e9f7,5170ec511fb50cdf10d648416d508574d70e9781ddf156a1b2a86d2b385e94dc,100,1729,maximum_nontransitivity_information_gain,2000.0,3000.0
kata1-b15c192-s230670592-d99188084,70,3641.5625526457206,3549.1418988527453,3733.983206438696,3639.814208464313,1.7483441814074467,2,a5803f8a5d9d87202b43d709cb328cedaf18c446af448f705c33d553e8c2e9f7,5170ec511fb50cdf10d648416d508574d70e9781ddf156a1b2a86d2b385e94dc,100,1729,maximum_nontransitivity_information_gain,2000.0,3000.0
kata1-b15c192-s230670592-d99188084,72,3631.8790724221517,3540.991865095246,3722.7662797490575,3639.814208464313,-7.935136042161503,2,a5803f8a5d9d87202b43d709cb328cedaf18c446af448f705c33d553e8c2e9f7,5170ec511fb50cdf10d648416d508574d70e9781ddf156a1b2a86d2b385e94dc,100,1729,maximum_nontransitivity_information_gain,2000.0,3000.0
kata1-b15c192-s230670592-d99188084,74,3642.7739012031084,3552.8785630488583,3732.6692393573585,3639.814208464313,2.9596927387951837,2,a5803f8a5d9d87202b43d709cb328cedaf18c446af448f705c33d553e8c2e9f7,5170ec511fb50cdf10d648416d508574d70e9781ddf156a1b2a86d2b385e94dc,100,1729,maximum_nontransitivity_information_gain,2000.0,3000.0
kata1-b15c192-s230670592-d99188084,76,3639.2312184421057,3550.6009921778973,3727.861444706314,3639.814208464313,-0.5829900222074684,2,a5803f8a5d9d87202b43d709cb328cedaf18c446af448f705c33d553e8c2e9f7,5170ec511fb50cdf10d648416d508574d70e9781ddf156a1b2a86d2b385e94dc,100,1729,maximum_nontransitivity_information_gain,2000.0,3000.0
kata1-b15c192-s230670592-d99188084,78,3644.2591105078686,3556.6531970752335,3731.8650239405038,3639.814208464313,4.44490204355543,2,a5803f8a5d9d87202b43d709cb328cedaf18c446af448f705c33d553e8c2e9f7,5170ec511fb50cdf10d648416d508574d70e9781ddf156a1b2a86d2b385e94dc,100,1729,maximum_nontransitivity_information_gain,2000.0,3000.0
kata1-b15c192-s230670592-d99188084,80,3655.3375218386245,3568.545324761068,3742.129718916181,3639.814208464313,15.523313374311329,2,a5803f8a5d9d87202b43d709cb328cedaf18c446af448f705c33d553e8c2e9f7,5170ec511fb50cdf10d648416d508574d70e9781ddf156a1b2a86d2b385e94dc,100,1729,maximum_nontransitivity_information_gain,2000.0,3000.0
kata1-b15c192-s230670592-d99188084,82,3651.722067290664,3566.0782012677155,3737.365933313613,3639.814208464313,11.907858826351003,2,a5803f8a5d9d87202b43d709cb328cedaf18c446af448f705c33d553e8c2e9f7,5170ec511fb50cdf10d648416d508574d70e9781ddf156a1b2a86d2b385e94dc,100,1729,maximum_nontransitivity_information_gain,2000.0,3000.0
kata1-b15c192-s230670592-d99188084,84,3657.7380271823836,3572.9565074782568,3742.5195468865104,3639.814208464313,17.92381871807038,2,a5803f8a5d9d87202b43d709cb328cedaf18c446af448f705c33d553e8c2e9f7,5170ec511fb50cdf10d648416d508574d70e9781ddf156a1b2a86d2b385e94dc,100,1729,maximum_nontransitivity_information_gain,2000.0,3000.0
kata1-b15c192-s230670592-d99188084,86,3649.3123559831793,3565.689469039494,3732.9352429268647,3639.814208464313,9.498147518866062,2,a5803f8a5d9d87202b43d709cb328cedaf18c446af448f705c33d553e8c2e9f7,5170ec511fb50cdf10d648416d508574d70e9781ddf156a1b2a86d2b385e94dc,100,1729,maximum_nontransitivity_information_gain,2000.0,3000.0
kata1-b15c192-s230670592-d99188084,88,3659.5473002446174,3576.634418033537,3742.460182455698,3639.814208464313,19.73309178030422,2,a5803f8a5d9d87202b43d709cb328cedaf18c446af448f705c33d553e8c2e9f7,5170ec511fb50cdf10d648416d508574d70e9781ddf156a1b2a86d2b385e94dc,100,1729,maximum_nontransitivity_information_gain,2000.0,3000.0
kata1-b15c192-s230670592-d99188084,90,3660.5437850159137,3578.5079492239074,3742.57962080792,3639.814208464313,20.72957655160053,2,a5803f8a5d9d87202b43d709cb328cedaf18c446af448f705c33d553e8c2e9f7,5170ec511fb50cdf10d648416d508574d70e9781ddf156a1b2a86d2b385e94dc,100,1729,maximum_nontransitivity_information_gain,2000.0,3000.0
kata1-b15c192-s230670592-d99188084,92,3661.1586023056057,3579.97765692251,3742.3395476887013,3639.814208464313,21.344393841292458,2,a5803f8a5d9d87202b43d709cb328cedaf18c446af448f705c33d553e8c2e9f7,5170ec511fb50cdf10d648416d508574d70e9781ddf156a1b2a86d2b385e94dc,100,1729,maximum_nontransitivity_information_gain,2000.0,3000.0
kata1-b15c192-s230670592-d99188084,94,3653.749918119956,3573.53826380172,3733.961572438192,3639.814208464313,13.935709655642768,2,a5803f8a5d9d87202b43d709cb328cedaf18c446af448f705c33d553e8c2e9f7,5170ec511fb50cdf10d648416d508574d70e9781ddf156a1b2a86d2b385e94dc,100,1729,maximum_nontransitivity_information_gain,2000.0,3000.0
kata1-b15c192-s230670592-d99188084,96,3650.44538650784,3571.0797194722486,3729.811053543431,3639.814208464313,10.631178043526688,2,a5803f8a5d9d87202b43d709cb328cedaf18c446af448f705c33d553e8c2e9f7,5170ec511fb50cdf10d648416d508574d70e9781ddf156a1b2a86d2b385e94dc,100,1729,maximum_nontransitivity_information_gain,2000.0,3000.0
kata1-b15c192-s230670592-d99188084,98,3642.3201672668524,3563.8188467775517,3720.821487756153,3639.814208464313,2.505958802539226,2,a5803f8a5d9d87202b43d709cb328cedaf18c446af448f705c33d553e8c2e9f7,5170ec511fb50cdf10d648416d508574d70e9781ddf156a1b2a86d2b385e94dc,100,1729,maximum_nontransitivity_information_gain,2000.0,3000.0
kata1-b15c192-s230670592-d99188084,100,3642.246134956509,3564.48332857247,3720.0089413405485,3639.814208464313,2.4319264921959984,2,a5803f8a5d9d87202b43d709cb328cedaf18c446af448f705c33d553e8c2e9f7,5170ec511fb50cdf10d648416d508574d70e9781ddf156a1b2a86d2b385e94dc,100,1729,maximum_nontransitivity_information_gain,2000.0,3000.0
kata1-b15c192-s1062526208-d272346422,2,2847.8246741544663,414.54656090262915,5281.102787406304,3753.2491292776785,-905.4244551232123,2,a5803f8a5d9d87202b43d709cb328cedaf18c446af448f705c33d553e8c2e9f7,5170ec511fb50cdf10d648416d508574d70e9781ddf156a1b2a86d2b385e94dc,100,1729,maximum_nontransitivity_information_gain,2000.0,3000.0
kata1-b15c192-s1062526208-d272346422,4,3566.4615478664787,1695.923178520645,5436.9999172123125,3753.2491292776785,-186.78758141119988,2,a5803f8a5d9d87202b43d709cb328cedaf18c446af448f705c33d553e8c2e9f7,5170ec511fb50cdf10d648416d508574d70e9781ddf156a1b2a86d2b385e94dc,100,1729,maximum_nontransitivity_information_gain,2000.0,3000.0
kata1-b15c192-s1062526208-d272346422,6,3565.780756123277,3097.929220199211,4033.632292047343,3753.2491292776785,-187.46837315440143,2,a5803f8a5d9d87202b43d709cb328cedaf18c446af448f705c33d553e8c2e9f7,5170ec511fb50cdf10d648416d508574d70e9781ddf156a1b2a86d2b385e94dc,100,1729,maximum_nontransitivity_information_gain,2000.0,3000.0
kata1-b15c192-s1062526208-d272346422,8,3747.5708101006385,3359.228988628785,4135.912631572492,3753.2491292776785,-5.678319177040066,2,a5803f8a5d9d87202b43d709cb328cedaf18c446af448f705c33d553e8c2e9f7,5170ec511fb50cdf10d648416d508574d70e9781ddf156a1b2a86d2b385e94dc,100,1729,maximum_nontransitivity_information_gain,2000.0,3000.0
kata1-b15c192-s1062526208-d272346422,10,3684.5579887752065,3393.160023230963,3975.95595431945,3753.2491292776785,-68.69114050247208,2,a5803f8a5d9d87202b43d709cb328cedaf18c446af448f705c33d553e8c2e9f7,5170ec511fb50cdf10d648416d508574d70e9781ddf156a1b2a86d2b385e94dc,100,1729,maximum_nontransitivity_information_gain,2000.0,3000.0
kata1-b15c192-s1062526208-d272346422,12,3783.8162976721933,3517.1291572861182,4050.5034380582683,3753.2491292776785,30.567168394514738,2,a5803f8a5d9d87202b43d709cb328cedaf18c446af448f705c33d553e8c2e9f7,5170ec511fb50cdf10d648416d508574d70e9781ddf156a1b2a86d2b385e94dc,100,1729,maximum_nontransitivity_information_gain,2000.0,3000.0
kata1-b15c192-s1062526208-d272346422,14,3747.397004529048,3518.1487963427744,3976.6452127153216,3753.2491292776785,-5.852124748630558,2,a5803f8a5d9d87202b43d709cb328cedaf18c446af448f705c33d553e8c2e9f7,5170ec511fb50cdf10d648416d508574d70e9781ddf156a1b2a86d2b385e94dc,100,1729,maximum_nontransitivity_information_gain,2000.0,3000.0
kata1-b15c192-s1062526208-d272346422,16,3713.8460782376255,3508.143157566651,3919.5489989086,3753.2491292776785,-39.403051040053015,2,a5803f8a5d9d87202b43d709cb328cedaf18c446af448f705c33d553e8c2e9f7,5170ec511fb50cdf10d648416d508574d70e9781ddf156a1b2a86d2b385e94dc,100,1729,maximum_nontransitivity_information_gain,2000.0,3000.0
kata1-b15c192-s1062526208-d272346422,18,3712.024124732118,3522.195326156291,3901.852923307945,3753.2491292776785,-41.22500454556075,2,a5803f8a5d9d87202b43d709cb328cedaf18c446af448f705c33d553e8c2e9f7,5170ec511fb50cdf10d648416d508574d70e9781ddf156a1b2a86d2b385e94dc,100,1729,maximum_nontransitivity_information_gain,2000.0,3000.0
kata1-b15c192-s1062526208-d272346422,20,3710.6828607361635,3533.4280365599993,3887.9376849123278,3753.2491292776785,-42.566268541515,2,a5803f8a5d9d87202b43d709cb328cedaf18c446af448f705c33d553e8c2e9f7,5170ec511fb50cdf10d648416d508574d70e9781ddf156a1b2a86d2b385e94dc,100,1729,maximum_nontransitivity_information_gain,2000.0,3000.0
kata1-b15c192-s1062526208-d272346422,22,3708.3247642687147,3541.3710775197915,3875.278451017638,3753.2491292776785,-44.92436500896383,2,a5803f8a5d9d87202b43d709cb328cedaf18c446af448f705c33d553e8c2e9f7,5170ec511fb50cdf10d648416d508574d70e9781ddf156a1b2a86d2b385e94dc,100,1729,maximum_nontransitivity_information_gain,2000.0,3000.0
kata1-b15c192-s1062526208-d272346422,24,3671.521950440697,3513.129068186043,3829.914832695351,3753.2491292776785,-81.7271788369817,2,a5803f8a5d9d87202b43d709cb328cedaf18c446af448f705c33d553e8c2e9f7,5170ec511fb50cdf10d648416d508574d70e9781ddf156a1b2a86d2b385e94dc,100,1729,maximum_nontransitivity_information_gain,2000.0,3000.0
kata1-b15c192-s1062526208-d272346422,26,3668.45516912612,3517.337489733985,3819.572848518255,3753.2491292776785,-84.79396015155862,2,a5803f8a5d9d87202b43d709cb328cedaf18c446af448f705c33d553e8c2e9f7,5170ec511fb50cdf10d648416d508574d70e9781ddf156a1b2a86d2b385e94dc,100,1729,maximum_nontransitivity_information_gain,2000.0,3000.0
kata1-b15c192-s1062526208-d272346422,28,3665.776048034001,3520.9844617533204,3810.567634314682,3753.2491292776785,-87.47308124367737,2,a5803f8a5d9d87202b43d709cb328cedaf18c446af448f705c33d553e8c2e9f7,5170ec511fb50cdf10d648416d508574d70e9781ddf156a1b2a86d2b385e94dc,100,1729,maximum_nontransitivity_information_gain,2000.0,3000.0
kata1-b15c192-s1062526208-d272346422,30,3691.3381460100595,3552.0985625838202,3830.577729436299,3753.2491292776785,-61.91098326761903,2,a5803f8a5d9d87202b43d709cb328cedaf18c446af448f705c33d553e8c2e9f7,5170ec511fb50cdf10d648416d508574d70e9781ddf156a1b2a86d2b385e94dc,100,1729,maximum_nontransitivity_information_gain,2000.0,3000.0
kata1-b15c192-s1062526208-d272346422,32,3717.020068605068,3582.120568650435,3851.919568559701,3753.2491292776785,-36.22906067261056,2,a5803f8a5d9d87202b43d709cb328cedaf18c446af448f705c33d553e8c2e9f7,5170ec511fb50cdf10d648416d508574d70e9781ddf156a1b2a86d2b385e94dc,100,1729,maximum_nontransitivity_information_gain,2000.0,3000.0
kata1-b15c192-s1062526208-d272346422,34,3718.269929894151,3587.834888218283,3848.704971570019,3753.2491292776785,-34.97919938352743,2,a5803f8a5d9d87202b43d709cb328cedaf18c446af448f705c33d553e8c2e9f7,5170ec511fb50cdf10d648416d508574d70e9781ddf156a1b2a86d2b385e94dc,100,1729,maximum_nontransitivity_information_gain,2000.0,3000.0
kata1-b15c192-s1062526208-d272346422,36,3719.356888135221,3592.9420880720777,3845.7716881983647,3753.2491292776785,-33.89224114245735,2,a5803f8a5d9d87202b43d709cb328cedaf18c446af448f705c33d553e8c2e9f7,5170ec511fb50cdf10d648416d508574d70e9781ddf156a1b2a86d2b385e94dc,100,1729,maximum_nontransitivity_information_gain,2000.0,3000.0
kata1-b15c192-s1062526208-d272346422,38,3697.204328516888,3574.8669491725036,3819.5417078612722,3753.2491292776785,-56.04480076079062,2,a5803f8a5d9d87202b43d709cb328cedaf18c446af448f705c33d553e8c2e9f7,5170ec511fb50cdf10d648416d508574d70e9781ddf156a1b2a86d2b385e94dc,100,1729,maximum_nontransitivity_information_gain,2000.0,3000.0
kata1-b15c192-s1062526208-d272346422,40,3716.7010362113115,3597.3545359669865,3836.0475364556364,3753.2491292776785,-36.54809306636707,2,a5803f8a5d9d87202b43d709cb328cedaf18c446af448f705c33d553e8c2e9f7,5170ec511fb50cdf10d648416d508574d70e9781ddf156a1b2a86d2b385e94dc,100,1729,maximum_nontransitivity_information_gain,2000.0,3000.0
kata1-b15c192-s1062526208-d272346422,42,3736.690626603781,3619.797572304982,3853.5836809025795,3753.2491292776785,-16.558502673897692,2,a5803f8a5d9d87202b43d709cb328cedaf18c446af448f705c33d553e8c2e9f7,5170ec511fb50cdf10d648416d508574d70e9781ddf156a1b2a86d2b385e94dc,100,1729,maximum_nontransitivity_information_gain,2000.0,3000.0
kata1-b15c192-s1062526208-d272346422,44,3728.528916530146,3614.765078879246,3842.292754181046,3753.2491292776785,-24.720212747532514,2,a5803f8a5d9d87202b43d709cb328cedaf18c446af448f705c33d553e8c2e9f7,5170ec511fb50cdf10d648416d508574d70e9781ddf156a1b2a86d2b385e94dc,100,1729,maximum_nontransitivity_information_gain,2000.0,3000.0
kata1-b15c192-s1062526208-d272346422,46,3738.386221654086,3626.9592079029553,3849.813235405217,3753.2491292776785,-14.862907623592491,2,a5803f8a5d9d87202b43d709cb328cedaf18c446af448f705c33d553e8c2e9f7,5170ec511fb50cdf10d648416d508574d70e9781ddf156a1b2a86d2b385e94dc,100,1729,maximum_nontransitivity_information_gain,2000.0,3000.0
kata1-b15c192-s1062526208-d272346422,48,3730.913036711081,3622.1427636559606,3839.6833097662015,3753.2491292776785,-22.336092566597472,2,a5803f8a5d9d87202b43d709cb328cedaf18c446af448f705c33d553e8c2e9f7,5170ec511fb50cdf10d648416d508574d70e9781ddf156a1b2a86d2b385e94dc,100,1729,maximum_nontransitivity_information_gain,2000.0,3000.0
kata1-b15c192-s1062526208-d272346422,50,3738.911330121092,3632.2093484151414,3845.6133118270423,3753.2491292776785,-14.337799156586698,2,a5803f8a5d9d87202b43d709cb328cedaf18c446af448f705c33d553e8c2e9f7,5170ec511fb50cdf10d648416d508574d70e9781ddf156a1b2a86d2b385e94dc,100,1729,maximum_nontransitivity_information_gain,2000.0,3000.0
kata1-b15c192-s1062526208-d272346422,52,3739.559060927221,3634.9695182468467,3844.148603607595,3753.2491292776785,-13.69006835045775,2,a5803f8a5d9d87202b43d709cb328cedaf18c446af448f705c33d553e8c2e9f7,5170ec511fb50cdf10d648416d508574d70e9781ddf156a1b2a86d2b385e94dc,100,1729,maximum_nontransitivity_information_gain,2000.0,3000.0
kata1-b15c192-s1062526208-d272346422,54,3739.3540043701605,3636.764566955432,3841.943441784889,3753.2491292776785,-13.895124907518039,2,a5803f8a5d9d87202b43d709cb328cedaf18c446af448f705c33d553e8c2e9f7,5170ec511fb50cdf10d648416d508574d70e9781ddf156a1b2a86d2b385e94dc,100,1729,maximum_nontransitivity_information_gain,2000.0,3000.0
kata1-b15c192-s1062526208-d272346422,56,3733.03200983182,3632.4419830834436,3833.622036580196,3753.2491292776785,-20.21711944585877,2,a5803f8a5d9d87202b43d709cb328cedaf18c446af448f705c33d553e8c2e9f7,5170ec511fb50cdf10d648416d508574d70e9781ddf156a1b2a86d2b385e94dc,100,1729,maximum_nontransitivity_information_gain,2000.0,3000.0
kata1-b15c192-s1062526208-d272346422,58,3719.869794146402,3621.2013021562857,3818.5382861365183,3753.2491292776785,-33.37933513127655,2,a5803f8a5d9d87202b43d709cb328cedaf18c446af448f705c33d553e8c2e9f7,5170ec511fb50cdf10d648416d508574d70e9781ddf156a1b2a86d2b385e94dc,100,1729,maximum_nontransitivity_information_gain,2000.0,3000.0
kata1-b15c192-s1062526208-d272346422,60,3725.615210085494,3628.532783061211,3822.6976371097767,3753.2491292776785,-27.63391919218475,2,a5803f8a5d9d87202b43d709cb328cedaf18c446af448f705c33d553e8c2e9f7,5170ec511fb50cdf10d648416d508574d70e9781ddf156a1b2a86d2b385e94dc,100,1729,maximum_nontransitivity_information_gain,2000.0,3000.0
kata1-b15c192-s1062526208-d272346422,62,3724.7977001994423,3629.278826461671,3820.3165739372134,3753.2491292776785,-28.451429078236288,2,a5803f8a5d9d87202b43d709cb328cedaf18c446af448f705c33d553e8c2e9f7,5170ec511fb50cdf10d648416d508574d70e9781ddf156a1b2a86d2b385e94dc,100,1729,maximum_nontransitivity_information_gain,2000.0,3000.0
kata1-b15c192-s1062526208-d272346422,64,3723.6047652836055,3629.5667373242463,3817.6427932429647,3753.2491292776785,-29.644363994073046,2,a5803f8a5d9d87202b43d709cb328cedaf18c446af448f705c33d553e8c2e9f7,5170ec511fb50cdf10d648416d508574d70e9781ddf156a1b2a86d2b385e94dc,100,1729,maximum_nontransitivity_information_gain,2000.0,3000.0
kata1-b15c192-s1062526208-d272346422,66,3734.4140349696127,3641.612210775658,3827.2158591635675,3753.2491292776785,-18.83509430806589,2,a5803f8a5d9d87202b43d709cb328cedaf18c446af448f705c33d553e8c2e9f7,5170ec511fb50cdf10d648416d508574d70e9781ddf156a1b2a86d2b385e94dc,100,1729,maximum_nontransitivity_information_gain,2000.0,3000.0
kata1-b15c192-s1062526208-d272346422,68,3728.861887475558,3637.478932555453,3820.244842395663,3753.2491292776785,-24.38724180212057,2,a5803f8a5d9d87202b43d709cb328cedaf18c446af448f705c33d553e8c2e9f7,5170ec511fb50cdf10d648416d508574d70e9781ddf156a1b2a86d2b385e94dc,100,1729,maximum_nontransitivity_information_gain,2000.0,3000.0
kata1-b15c192-s1062526208-d272346422,70,3740.4595623537407,3650.1530976535705,3830.766027053911,3753.2491292776785,-12.789566923937855,2,a5803f8a5d9d87202b43d709cb328cedaf18c446af448f705c33d553e8c2e9f7,5170ec511fb50cdf10d648416d508574d70e9781ddf156a1b2a86d2b385e94dc,100,1729,maximum_nontransitivity_information_gain,2000.0,3000.0
kata1-b15c192-s1062526208-d272346422,72,3735.6104877994685,3646.599049920277,3824.62192567866,3753.2491292776785,-17.638641478210047,2,a5803f8a5d9d87202b43d709cb328cedaf18c446af448f705c33d553e8c2e9f7,5170ec511fb50cdf10d648416d508574d70e9781ddf156a1b2a86d2b385e94dc,100,1729,maximum_nontransitivity_information_gain,2000.0,3000.0
kata1-b15c192-s1062526208-d272346422,74,3740.689294041253,3652.7492787386245,3828.6293093438817,3753.2491292776785,-12.559835236425442,2,a5803f8a5d9d87202b43d709cb328cedaf18c446af448f705c33d553e8c2e9f7,5170ec511fb50cdf10d648416d508574d70e9781ddf156a1b2a86d2b385e94dc,100,1729,maximum_nontransitivity_information_gain,2000.0,3000.0
kata1-b15c192-s1062526208-d272346422,76,3746.026652888059,3659.0932667774405,3832.960038998677,3753.2491292776785,-7.222476389619715,2,a5803f8a5d9d87202b43d709cb328cedaf18c446af448f705c33d553e8c2e9f7,5170ec511fb50cdf10d648416d508574d70e9781ddf156a1b2a86d2b385e94dc,100,1729,maximum_nontransitivity_information_gain,2000.0,3000.0
kata1-b15c192-s1062526208-d272346422,78,3742.592556127063,3656.772475918289,3828.412636335837,3753.2491292776785,-10.656573150615714,2,a5803f8a5d9d87202b43d709cb328cedaf18c446af448f705c33d553e8c2e9f7,5170ec511fb50cdf10d648416d508574d70e9781ddf156a1b2a86d2b385e94dc,100,1729,maximum_nontransitivity_information_gain,2000.0,3000.0
kata1-b15c192-s1062526208-d272346422,80,3751.792993494244,3666.8173014471186,3836.7686855413695,3753.2491292776785,-1.4561357834345472,2,a5803f8a5d9d87202b43d709cb328cedaf18c446af448f705c33d553e8c2e9f7,5170ec511fb50cdf10d648416d508574d70e9781ddf156a1b2a86d2b385e94dc,100,1729,maximum_nontransitivity_information_gain,2000.0,3000.0
kata1-b15c192-s1062526208-d272346422,82,3743.7787809388115,3659.9164313679703,3827.6411305096526,3753.2491292776785,-9.470348338867097,2,a5803f8a5d9d87202b43d709cb328cedaf18c446af448f705c33d553e8c2e9f7,5170ec511fb50cdf10d648416d508574d70e9781ddf156a1b2a86d2b385e94dc,100,1729,maximum_nontransitivity_information_gain,2000.0,3000.0
kata1-b15c192-s1062526208-d272346422,84,3739.580898279742,3656.7082116170827,3822.4535849424014,3753.2491292776785,-13.668230997936462,2,a5803f8a5d9d87202b43d709cb328cedaf18c446af448f705c33d553e8c2e9f7,5170ec511fb50cdf10d648416d508574d70e9781ddf156a1b2a86d2b385e94dc,100,1729,maximum_nontransitivity_information_gain,2000.0,3000.0
kata1-b15c192-s1062526208-d272346422,86,3739.4586776867577,3657.4832008631183,3821.434154510397,3753.2491292776785,-13.790451590920838,2,a5803f8a5d9d87202b43d709cb328cedaf18c446af448f705c33d553e8c2e9f7,5170ec511fb50cdf10d648416d508574d70e9781ddf156a1b2a86d2b385e94dc,100,1729,maximum_nontransitivity_information_gain,2000.0,3000.0
kata1-b15c192-s1062526208-d272346422,88,3747.062391885972,3665.840239838105,3828.284543933839,3753.2491292776785,-6.186737391706629,2,a5803f8a5d9d87202b43d709cb328cedaf18c446af448f705c33d553e8c2e9f7,5170ec511fb50cdf10d648416d508574d70e9781ddf156a1b2a86d2b385e94dc,100,1729,maximum_nontransitivity_information_gain,2000.0,3000.0
kata1-b15c192-s1062526208-d272346422,90,3743.08511610249,3662.751609497284,3823.4186227076957,3753.2491292776785,-10.164013175188757,2,a5803f8a5d9d87202b43d709cb328cedaf18c446af448f705c33d553e8c2e9f7,5170ec511fb50cdf10d648416d508574d70e9781ddf156a1b2a86d2b385e94dc,100,1729,maximum_nontransitivity_information_gain,2000.0,3000.0
kata1-b15c192-s1062526208-d272346422,92,3742.8898928265985,3663.359058388628,3822.420727264569,3753.2491292776785,-10.35923645108005,2,a5803f8a5d9d87202b43d709cb328cedaf18c446af448f705c33d553e8c2e9f7,5170ec511fb50cdf10d648416d508574d70e9781ddf156a1b2a86d2b385e94dc,100,1729,maximum_nontransitivity_information_gain,2000.0,3000.0
kata1-b15c192-s1062526208-d272346422,94,3743.144555364026,3664.3812714826495,3821.9078392454026,3753.2491292776785,-10.10457391365253,2,a5803f8a5d9d87202b43d709cb328cedaf18c446af448f705c33d553e8c2e9f7,5170ec511fb50cdf10d648416d508574d70e9781ddf156a1b2a86d2b385e94dc,100,1729,maximum_nontransitivity_information_gain,2000.0,3000.0
kata1-b15c192-s1062526208-d272346422,96,3742.9569060616877,3664.939718237284,3820.9740938860914,3753.2491292776785,-10.292223215990816,2,a5803f8a5d9d87202b43d709cb328cedaf18c446af448f705c33d553e8c2e9f7,5170ec511fb50cdf10d648416d508574d70e9781ddf156a1b2a86d2b385e94dc,100,1729,maximum_nontransitivity_information_gain,2000.0,3000.0
kata1-b15c192-s1062526208-d272346422,98,3749.667572727877,3672.2748404917775,3827.0603049639767,3753.2491292776785,-3.581556549801462,2,a5803f8a5d9d87202b43d709cb328cedaf18c446af448f705c33d553e8c2e9f7,5170ec511fb50cdf10d648416d508574d70e9781ddf156a1b2a86d2b385e94dc,100,1729,maximum_nontransitivity_information_gain,2000.0,3000.0
kata1-b15c192-s1062526208-d272346422,100,3746.961504786058,3670.3004116832612,3823.6225978888547,3753.2491292776785,-6.287624491620591,2,a5803f8a5d9d87202b43d709cb328cedaf18c446af448f705c33d553e8c2e9f7,5170ec511fb50cdf10d648416d508574d70e9781ddf156a1b2a86d2b385e94dc,100,1729,maximum_nontransitivity_information_gain,2000.0,3000.0
kata1-b20c256x2-s2430231552-d525879064,2,2833.880950491955,383.9809910062163,5283.780909977693,3862.9058944464023,-1029.0249439544473,2,a5803f8a5d9d87202b43d709cb328cedaf18c446af448f705c33d553e8c2e9f7,5170ec511fb50cdf10d648416d508574d70e9781ddf156a1b2a86d2b385e94dc,100,1729,maximum_nontransitivity_information_gain,2000.0,3000.0
kata1-b20c256x2-s2430231552-d525879064,4,3558.4518167045294,1683.6417766727525,5433.261856736306,3862.9058944464023,-304.4540777418729,2,a5803f8a5d9d87202b43d709cb328cedaf18c446af448f705c33d553e8c2e9f7,5170ec511fb50cdf10d648416d508574d70e9781ddf156a1b2a86d2b385e94dc,100,1729,maximum_nontransitivity_information_gain,2000.0,3000.0
kata1-b20c256x2-s2430231552-d525879064,6,4221.249864603177,2621.56227598242,5820.937453223934,3862.9058944464023,358.34397015677496,2,a5803f8a5d9d87202b43d709cb328cedaf18c446af448f705c33d553e8c2e9f7,5170ec511fb50cdf10d648416d508574d70e9781ddf156a1b2a86d2b385e94dc,100,1729,maximum_nontransitivity_information_gain,2000.0,3000.0
kata1-b20c256x2-s2430231552-d525879064,8,4213.963670603004,3750.0908195916236,4677.836521614385,3862.9058944464023,351.0577761566019,2,a5803f8a5d9d87202b43d709cb328cedaf18c446af448f705c33d553e8c2e9f7,5170ec511fb50cdf10d648416d508574d70e9781ddf156a1b2a86d2b385e94dc,100,1729,maximum_nontransitivity_information_gain,2000.0,3000.0
kata1-b20c256x2-s2430231552-d525879064,10,4125.146179420483,3784.8465942986877,4465.445764542279,3862.9058944464023,262.2402849740811,2,a5803f8a5d9d87202b43d709cb328cedaf18c446af448f705c33d553e8c2e9f7,5170ec511fb50cdf10d648416d508574d70e9781ddf156a1b2a86d2b385e94dc,100,1729,maximum_nontransitivity_information_gain,2000.0,3000.0
kata1-b20c256x2-s2430231552-d525879064,12,4122.692204617546,3843.171933479405,4402.212475755687,3862.9058944464023,259.78631017114367,2,a5803f8a5d9d87202b43d709cb328cedaf18c446af448f705c33d553e8c2e9f7,5170ec511fb50cdf10d648416d508574d70e9781ddf156a1b2a86d2b385e94dc,100,1729,maximum_nontransitivity_information_gain,2000.0,3000.0
kata1-b20c256x2-s2430231552-d525879064,14,4077.4361470503036,3830.7030898123357,4324.169204288271,3862.9058944464023,214.53025260390132,2,a5803f8a5d9d87202b43d709cb328cedaf18c446af448f705c33d553e8c2e9f7,5170ec511fb50cdf10d648416d508574d70e9781ddf156a1b2a86d2b385e94dc,100,1729,maximum_nontransitivity_information_gain,2000.0,3000.0
kata1-b20c256x2-s2430231552-d525879064,16,4077.6052885768822,3857.024227870672,4298.186349283093,3862.9058944464023,214.69939413047996,2,a5803f8a5d9d87202b43d709cb328cedaf18c446af448f705c33d553e8c2e9f7,5170ec511fb50cdf10d648416d508574d70e9781ddf156a1b2a86d2b385e94dc,100,1729,maximum_nontransitivity_information_gain,2000.0,3000.0
kata1-b20c256x2-s2430231552-d525879064,18,4017.772489383571,3810.0728336281336,4225.472145139009,3862.9058944464023,154.86659493716888,2,a5803f8a5d9d87202b43d709cb328cedaf18c446af448f705c33d553e8c2e9f7,5170ec511fb50cdf10d648416d508574d70e9781ddf156a1b2a86d2b385e94dc,100,1729,maximum_nontransitivity_information_gain,2000.0,3000.0
kata1-b20c256x2-s2430231552-d525879064,20,3960.6237559470187,3760.927731873153,4160.3197800208845,3862.9058944464023,97.71786150061644,2,a5803f8a5d9d87202b43d709cb328cedaf18c446af448f705c33d553e8c2e9f7,5170ec511fb50cdf10d648416d508574d70e9781ddf156a1b2a86d2b385e94dc,100,1729,maximum_nontransitivity_information_gain,2000.0,3000.0
kata1-b20c256x2-s2430231552-d525879064,22,3958.579029404914,3773.0399650149448,4144.118093794883,3862.9058944464023,95.67313495851158,2,a5803f8a5d9d87202b43d709cb328cedaf18c446af448f705c33d553e8c2e9f7,5170ec511fb50cdf10d648416d508574d70e9781ddf156a1b2a86d2b385e94dc,100,1729,maximum_nontransitivity_information_gain,2000.0,3000.0
kata1-b20c256x2-s2430231552-d525879064,24,3999.8479435031204,3829.6862190425068,4170.0096679637345,3862.9058944464023,136.94204905671813,2,a5803f8a5d9d87202b43d709cb328cedaf18c446af448f705c33d553e8c2e9f7,5170ec511fb50cdf10d648416d508574d70e9781ddf156a1b2a86d2b385e94dc,100,1729,maximum_nontransitivity_information_gain,2000.0,3000.0
kata1-b20c256x2-s2430231552-d525879064,26,3999.900132519379,3838.79319617521,4161.007068863548,3862.9058944464023,136.9942380729767,2,a5803f8a5d9d87202b43d709cb328cedaf18c446af448f705c33d553e8c2e9f7,5170ec511fb50cdf10d648416d508574d70e9781ddf156a1b2a86d2b385e94dc,100,1729,maximum_nontransitivity_information_gain,2000.0,3000.0
kata1-b20c256x2-s2430231552-d525879064,28,3999.942138678319,3846.514251109209,4153.370026247429,3862.9058944464023,137.03624423191695,2,a5803f8a5d9d87202b43d709cb328cedaf18c446af448f705c33d553e8c2e9f7,5170ec511fb50cdf10d648416d508574d70e9781ddf156a1b2a86d2b385e94dc,100,1729,maximum_nontransitivity_information_gain,2000.0,3000.0
kata1-b20c256x2-s2430231552-d525879064,30,3969.5289526160477,3820.9416633542514,4118.116241877844,3862.9058944464023,106.62305816964545,2,a5803f8a5d9d87202b43d709cb328cedaf18c446af448f705c33d553e8c2e9f7,5170ec511fb50cdf10d648416d508574d70e9781ddf156a1b2a86d2b385e94dc,100,1729,maximum_nontransitivity_information_gain,2000.0,3000.0
kata1-b20c256x2-s2430231552-d525879064,32,3967.5820238366064,3824.8563330814554,4110.307714591758,3862.9058944464023,104.6761293902041,2,a5803f8a5d9d87202b43d709cb328cedaf18c446af448f705c33d553e8c2e9f7,5170ec511fb50cdf10d648416d508574d70e9781ddf156a1b2a86d2b385e94dc,100,1729,maximum_nontransitivity_information_gain,2000.0,3000.0
kata1-b20c256x2-s2430231552-d525879064,34,3952.434019749848,3814.0783605441593,4090.789678955537,3862.9058944464023,89.5281253034459,2,a5803f8a5d9d87202b43d709cb328cedaf18c446af448f705c33d553e8c2e9f7,5170ec511fb50cdf10d648416d508574d70e9781ddf156a1b2a86d2b385e94dc,100,1729,maximum_nontransitivity_information_gain,2000.0,3000.0
kata1-b20c256x2-s2430231552-d525879064,36,3964.516602169208,3831.6224874738955,4097.4107168645205,3862.9058944464023,101.61070772280573,2,a5803f8a5d9d87202b43d709cb328cedaf18c446af448f705c33d553e8c2e9f7,5170ec511fb50cdf10d648416d508574d70e9781ddf156a1b2a86d2b385e94dc,100,1729,maximum_nontransitivity_information_gain,2000.0,3000.0
kata1-b20c256x2-s2430231552-d525879064,38,3943.363933685502,3813.5176993789505,4073.210167992054,3862.9058944464023,80.45803923909989,2,a5803f8a5d9d87202b43d709cb328cedaf18c446af448f705c33d553e8c2e9f7,5170ec511fb50cdf10d648416d508574d70e9781ddf156a1b2a86d2b385e94dc,100,1729,maximum_nontransitivity_information_gain,2000.0,3000.0
kata1-b20c256x2-s2430231552-d525879064,40,3929.9689996116626,3803.2604138917036,4056.6775853316217,3862.9058944464023,67.06310516526037,2,a5803f8a5d9d87202b43d709cb328cedaf18c446af448f705c33d553e8c2e9f7,5170ec511fb50cdf10d648416d508574d70e9781ddf156a1b2a86d2b385e94dc,100,1729,maximum_nontransitivity_information_gain,2000.0,3000.0
kata1-b20c256x2-s2430231552-d525879064,42,3907.2200820514263,3782.652599164659,4031.7875649381936,3862.9058944464023,44.31418760502402,2,a5803f8a5d9d87202b43d709cb328cedaf18c446af448f705c33d553e8c2e9f7,5170ec511fb50cdf10d648416d508574d70e9781ddf156a1b2a86d2b385e94dc,100,1729,maximum_nontransitivity_information_gain,2000.0,3000.0
kata1-b20c256x2-s2430231552-d525879064,44,3907.403637578982,3786.3320239866994,4028.4752511712645,3862.9058944464023,44.49774313257967,2,a5803f8a5d9d87202b43d709cb328cedaf18c446af448f705c33d553e8c2e9f7,5170ec511fb50cdf10d648416d508574d70e9781ddf156a1b2a86d2b385e94dc,100,1729,maximum_nontransitivity_information_gain,2000.0,3000.0
kata1-b20c256x2-s2430231552-d525879064,46,3907.5656370291017,3789.681594164364,4025.4496798938394,3862.9058944464023,44.65974258269944,2,a5803f8a5d9d87202b43d709cb328cedaf18c446af448f705c33d553e8c2e9f7,5170ec511fb50cdf10d648416d508574d70e9781ddf156a1b2a86d2b385e94dc,100,1729,maximum_nontransitivity_information_gain,2000.0,3000.0
kata1-b20c256x2-s2430231552-d525879064,48,3905.468996242059,3790.3686812810192,4020.5693112030986,3862.9058944464023,42.56310179565662,2,a5803f8a5d9d87202b43d709cb328cedaf18c446af448f705c33d553e8c2e9f7,5170ec511fb50cdf10d648416d508574d70e9781ddf156a1b2a86d2b385e94dc,100,1729,maximum_nontransitivity_information_gain,2000.0,3000.0
kata1-b20c256x2-s2430231552-d525879064,50,3888.083370030415,3774.637899392754,4001.528840668076,3862.9058944464023,25.177475584012882,2,a5803f8a5d9d87202b43d709cb328cedaf18c446af448f705c33d553e8c2e9f7,5170ec511fb50cdf10d648416d508574d70e9781ddf156a1b2a86d2b385e94dc,100,1729,maximum_nontransitivity_information_gain,2000.0,3000.0
kata1-b20c256x2-s2430231552-d525879064,52,3869.877640294653,3757.8093492946214,3981.945931294684,3862.9058944464023,6.971745848250521,2,a5803f8a5d9d87202b43d709cb328cedaf18c446af448f705c33d553e8c2e9f7,5170ec511fb50cdf10d648416d508574d70e9781ddf156a1b2a86d2b385e94dc,100,1729,maximum_nontransitivity_information_gain,2000.0,3000.0
kata1-b20c256x2-s2430231552-d525879064,54,3861.0651110842914,3750.877512314728,3971.252709853855,3862.9058944464023,-1.8407833621108693,2,a5803f8a5d9d87202b43d709cb328cedaf18c446af448f705c33d553e8c2e9f7,5170ec511fb50cdf10d648416d508574d70e9781ddf156a1b2a86d2b385e94dc,100,1729,maximum_nontransitivity_information_gain,2000.0,3000.0
kata1-b20c256x2-s2430231552-d525879064,56,3868.999016352998,3761.690098789269,3976.3079339167266,3862.9058944464023,6.09312190659557,2,a5803f8a5d9d87202b43d709cb328cedaf18c446af448f705c33d553e8c2e9f7,5170ec511fb50cdf10d648416d508574d70e9781ddf156a1b2a86d2b385e94dc,100,1729,maximum_nontransitivity_information_gain,2000.0,3000.0
kata1-b20c256x2-s2430231552-d525879064,58,3883.9792137089594,3779.6360814016184,3988.3223460163003,3862.9058944464023,21.073319262557106,2,a5803f8a5d9d87202b43d709cb328cedaf18c446af448f705c33d553e8c2e9f7,5170ec511fb50cdf10d648416d508574d70e9781ddf156a1b2a86d2b385e94dc,100,1729,maximum_nontransitivity_information_gain,2000.0,3000.0
kata1-b20c256x2-s2430231552-d525879064,60,3883.008495658008,3780.5843676594895,3985.4326236565266,3862.9058944464023,20.102601211605815,2,a5803f8a5d9d87202b43d709cb328cedaf18c446af448f705c33d553e8c2e9f7,5170ec511fb50cdf10d648416d508574d70e9781ddf156a1b2a86d2b385e94dc,100,1729,maximum_nontransitivity_information_gain,2000.0,3000.0
kata1-b20c256x2-s2430231552-d525879064,62,3882.406655363693,3781.8047812015934,3983.0085295257927,3862.9058944464023,19.50076091729079,2,a5803f8a5d9d87202b43d709cb328cedaf18c446af448f705c33d553e8c2e9f7,5170ec511fb50cdf10d648416d508574d70e9781ddf156a1b2a86d2b385e94dc,100,1729,maximum_nontransitivity_information_gain,2000.0,3000.0
kata1-b20c256x2-s2430231552-d525879064,64,3888.167718510145,3789.522137141223,3986.8132998790666,3862.9058944464023,25.26182406374255,2,a5803f8a5d9d87202b43d709cb328cedaf18c446af448f705c33d553e8c2e9f7,5170ec511fb50cdf10d648416d508574d70e9781ddf156a1b2a86d2b385e94dc,100,1729,maximum_nontransitivity_information_gain,2000.0,3000.0
kata1-b20c256x2-s2430231552-d525879064,66,3887.426764505126,3790.38090638306,3984.472622627192,3862.9058944464023,24.52087005872363,2,a5803f8a5d9d87202b43d709cb328cedaf18c446af448f705c33d553e8c2e9f7,5170ec511fb50cdf10d648416d508574d70e9781ddf156a1b2a86d2b385e94dc,100,1729,maximum_nontransitivity_information_gain,2000.0,3000.0
kata1-b20c256x2-s2430231552-d525879064,68,3898.9253054660917,3803.7439951897773,3994.106615742406,3862.9058944464023,36.019411019689414,2,a5803f8a5d9d87202b43d709cb328cedaf18c446af448f705c33d553e8c2e9f7,5170ec511fb50cdf10d648416d508574d70e9781ddf156a1b2a86d2b385e94dc,100,1729,maximum_nontransitivity_information_gain,2000.0,3000.0
kata1-b20c256x2-s2430231552-d525879064,70,3911.003411633233,3817.5150822484493,4004.491741018017,3862.9058944464023,48.09751718683083,2,a5803f8a5d9d87202b43d709cb328cedaf18c446af448f705c33d553e8c2e9f7,5170ec511fb50cdf10d648416d508574d70e9781ddf156a1b2a86d2b385e94dc,100,1729,maximum_nontransitivity_information_gain,2000.0,3000.0
kata1-b20c256x2-s2430231552-d525879064,72,3899.683348054695,3807.3203745606124,3992.046321548778,3862.9058944464023,36.777453608292944,2,a5803f8a5d9d87202b43d709cb328cedaf18c446af448f705c33d553e8c2e9f7,5170ec511fb50cdf10d648416d508574d70e9781ddf156a1b2a86d2b385e94dc,100,1729,maximum_nontransitivity_information_gain,2000.0,3000.0
kata1-b20c256x2-s2430231552-d525879064,74,3905.5012443983455,3814.5511256634063,3996.4513631332848,3862.9058944464023,42.59534995194326,2,a5803f8a5d9d87202b43d709cb328cedaf18c446af448f705c33d553e8c2e9f7,5170ec511fb50cdf10d648416d508574d70e9781ddf156a1b2a86d2b385e94dc,100,1729,maximum_nontransitivity_information_gain,2000.0,3000.0
kata1-b20c256x2-s2430231552-d525879064,76,3905.6528067479812,3815.9299905955886,3995.375622900374,3862.9058944464023,42.74691230157896,2,a5803f8a5d9d87202b43d709cb328cedaf18c446af448f705c33d553e8c2e9f7,5170ec511fb50cdf10d648416d508574d70e9781ddf156a1b2a86d2b385e94dc,100,1729,maximum_nontransitivity_information_gain,2000.0,3000.0
kata1-b20c256x2-s2430231552-d525879064,78,3905.7953068318834,3817.2411284117434,3994.3494852520234,3862.9058944464023,42.88941238548114,2,a5803f8a5d9d87202b43d709cb328cedaf18c446af448f705c33d553e8c2e9f7,5170ec511fb50cdf10d648416d508574d70e9781ddf156a1b2a86d2b385e94dc,100,1729,maximum_nontransitivity_information_gain,2000.0,3000.0
kata1-b20c256x2-s2430231552-d525879064,80,3909.5115268647774,3822.121101315946,3996.901952413609,3862.9058944464023,46.60563241837508,2,a5803f8a5d9d87202b43d709cb328cedaf18c446af448f705c33d553e8c2e9f7,5170ec511fb50cdf10d648416d508574d70e9781ddf156a1b2a86d2b385e94dc,100,1729,maximum_nontransitivity_information_gain,2000.0,3000.0
kata1-b20c256x2-s2430231552-d525879064,82,3910.5181273435746,3824.2009363269462,3996.835318360203,3862.9058944464023,47.61223289717236,2,a5803f8a5d9d87202b43d709cb328cedaf18c446af448f705c33d553e8c2e9f7,5170ec511fb50cdf10d648416d508574d70e9781ddf156a1b2a86d2b385e94dc,100,1729,maximum_nontransitivity_information_gain,2000.0,3000.0
kata1-b20c256x2-s2430231552-d525879064,84,3901.073103732645,3815.629818775567,3986.516388689723,3862.9058944464023,38.16720928624272,2,a5803f8a5d9d87202b43d709cb328cedaf18c446af448f705c33d553e8c2e9f7,5170ec511fb50cdf10d648416d508574d70e9781ddf156a1b2a86d2b385e94dc,100,1729,maximum_nontransitivity_information_gain,2000.0,3000.0
kata1-b20c256x2-s2430231552-d525879064,86,3890.8994783928115,3806.2481446003912,3975.5508121852317,3862.9058944464023,27.993583946409217,2,a5803f8a5d9d87202b43d709cb328cedaf18c446af448f705c33d553e8c2e9f7,5170ec511fb50cdf10d648416d508574d70e9781ddf156a1b2a86d2b385e94dc,100,1729,maximum_nontransitivity_information_gain,2000.0,3000.0
kata1-b20c256x2-s2430231552-d525879064,88,3885.550725563112,3801.7391845317698,3969.362266594454,3862.9058944464023,22.64483111670961,2,a5803f8a5d9d87202b43d709cb328cedaf18c446af448f705c33d553e8c2e9f7,5170ec511fb50cdf10d648416d508574d70e9781ddf156a1b2a86d2b385e94dc,100,1729,maximum_nontransitivity_information_gain,2000.0,3000.0
kata1-b20c256x2-s2430231552-d525879064,90,3889.5277809619483,3806.7200982903346,3972.335463633562,3862.9058944464023,26.621886515546066,2,a5803f8a5d9d87202b43d709cb328cedaf18c446af448f705c33d553e8c2e9f7,5170ec511fb50cdf10d648416d508574d70e9781ddf156a1b2a86d2b385e94dc,100,1729,maximum_nontransitivity_information_gain,2000.0,3000.0
kata1-b20c256x2-s2430231552-d525879064,92,3893.1191404596384,3811.255440136865,3974.9828407824116,3862.9058944464023,30.21324601323613,2,a5803f8a5d9d87202b43d709cb328cedaf18c446af448f705c33d553e8c2e9f7,5170ec511fb50cdf10d648416d508574d70e9781ddf156a1b2a86d2b385e94dc,100,1729,maximum_nontransitivity_information_gain,2000.0,3000.0
kata1-b20c256x2-s2430231552-d525879064,94,3900.8961936994097,3819.983922230521,3981.8084651682984,3862.9058944464023,37.99029925300738,2,a5803f8a5d9d87202b43d709cb328cedaf18c446af448f705c33d553e8c2e9f7,5170ec511fb50cdf10d648416d508574d70e9781ddf156a1b2a86d2b385e94dc,100,1729,maximum_nontransitivity_information_gain,2000.0,3000.0
kata1-b20c256x2-s2430231552-d525879064,96,3904.0389534510095,3823.9629516699897,3984.1149552320294,3862.9058944464023,41.133059004607276,2,a5803f8a5d9d87202b43d709cb328cedaf18c446af448f705c33d553e8c2e9f7,5170ec511fb50cdf10d648416d508574d70e9781ddf156a1b2a86d2b385e94dc,100,1729,maximum_nontransitivity_information_gain,2000.0,3000.0
kata1-b20c256x2-s2430231552-d525879064,98,3904.19363324081,3824.8957168389848,3983.491549642635,3862.9058944464023,41.28773879440769,2,a5803f8a5d9d87202b43d709cb328cedaf18c446af448f705c33d553e8c2e9f7,5170ec511fb50cdf10d648416d508574d70e9781ddf156a1b2a86d2b385e94dc,100,1729,maximum_nontransitivity_information_gain,2000.0,3000.0
kata1-b20c256x2-s2430231552-d525879064,100,3905.1159945513364,3826.5724788909515,3983.659510211721,3862.9058944464023,42.2101001049341,2,a5803f8a5d9d87202b43d709cb328cedaf18c446af448f705c33d553e8c2e9f7,5170ec511fb50cdf10d648416d508574d70e9781ddf156a1b2a86d2b385e94dc,100,1729,maximum_nontransitivity_information_gain,2000.0,3000.0
kata1-b40c256x2-s4833666560-d1179059206,2,2830.1881807464742,375.82897613475143,5284.547385358197,3988.51790261065,-1158.3297218641756,2,a5803f8a5d9d87202b43d709cb328cedaf18c446af448f705c33d553e8c2e9f7,5170ec511fb50cdf10d648416d508574d70e9781ddf156a1b2a86d2b385e94dc,100,1729,maximum_nontransitivity_information_gain,2000.0,3000.0
kata1-b40c256x2-s4833666560-d1179059206,4,3551.796673061234,1673.4402530653197,5430.153093057148,3988.51790261065,-436.72122954941597,2,a5803f8a5d9d87202b43d709cb328cedaf18c446af448f705c33d553e8c2e9f7,5170ec511fb50cdf10d648416d508574d70e9781ddf156a1b2a86d2b385e94dc,100,1729,maximum_nontransitivity_information_gain,2000.0,3000.0
kata1-b40c256x2-s4833666560-d1179059206,6,4214.090326911972,2612.1023012290634,5816.07835259488,3988.51790261065,225.57242430132192,2,a5803f8a5d9d87202b43d709cb328cedaf18c446af448f705c33d553e8c2e9f7,5170ec511fb50cdf10d648416d508574d70e9781ddf156a1b2a86d2b385e94dc,100,1729,maximum_nontransitivity_information_gain,2000.0,3000.0
kata1-b40c256x2-s4833666560-d1179059206,8,3864.235548650207,3361.413049279599,4367.058048020815,3988.51790261065,-124.28235396044283,2,a5803f8a5d9d87202b43d709cb328cedaf18c446af448f705c33d553e8c2e9f7,5170ec511fb50cdf10d648416d508574d70e9781ddf156a1b2a86d2b385e94dc,100,1729,maximum_nontransitivity_information_gain,2000.0,3000.0
kata1-b40c256x2-s4833666560-d1179059206,10,3860.2165951444595,3511.009119291186,4209.424070997733,3988.51790261065,-128.30130746619034,2,a5803f8a5d9d87202b43d709cb328cedaf18c446af448f705c33d553e8c2e9f7,5170ec511fb50cdf10d648416d508574d70e9781ddf156a1b2a86d2b385e94dc,100,1729,maximum_nontransitivity_information_gain,2000.0,3000.0
kata1-b40c256x2-s4833666560-d1179059206,12,3856.112486932371,3572.2817742738184,4139.9431995909235,3988.51790261065,-132.4054156782786,2,a5803f8a5d9d87202b43d709cb328cedaf18c446af448f705c33d553e8c2e9f7,5170ec511fb50cdf10d648416d508574d70e9781ddf156a1b2a86d2b385e94dc,100,1729,maximum_nontransitivity_information_gain,2000.0,3000.0
kata1-b40c256x2-s4833666560-d1179059206,14,3950.861622988155,3699.557524032584,4202.165721943727,3988.51790261065,-37.65627962249482,2,a5803f8a5d9d87202b43d709cb328cedaf18c446af448f705c33d553e8c2e9f7,5170ec511fb50cdf10d648416d508574d70e9781ddf156a1b2a86d2b385e94dc,100,1729,maximum_nontransitivity_information_gain,2000.0,3000.0
kata1-b40c256x2-s4833666560-d1179059206,16,3948.618430983882,3725.0665120973795,4172.170349870385,3988.51790261065,-39.89947162676799,2,a5803f8a5d9d87202b43d709cb328cedaf18c446af448f705c33d553e8c2e9f7,5170ec511fb50cdf10d648416d508574d70e9781ddf156a1b2a86d2b385e94dc,100,1729,maximum_nontransitivity_information_gain,2000.0,3000.0
kata1-b40c256x2-s4833666560-d1179059206,18,3947.1599070411803,3743.606028626536,4150.713785455825,3988.51790261065,-41.357995569469495,2,a5803f8a5d9d87202b43d709cb328cedaf18c446af448f705c33d553e8c2e9f7,5170ec511fb50cdf10d648416d508574d70e9781ddf156a1b2a86d2b385e94dc,100,1729,maximum_nontransitivity_information_gain,2000.0,3000.0
kata1-b40c256x2-s4833666560-d1179059206,20,3946.1332606918736,3757.8697578874767,4134.39676349627,3988.51790261065,-42.3846419187762,2,a5803f8a5d9d87202b43d709cb328cedaf18c446af448f705c33d553e8c2e9f7,5170ec511fb50cdf10d648416d508574d70e9781ddf156a1b2a86d2b385e94dc,100,1729,maximum_nontransitivity_information_gain,2000.0,3000.0
kata1-b40c256x2-s4833666560-d1179059206,22,3945.3730355328994,3769.2853299225203,4121.460741143279,3988.51790261065,-43.144867077750405,2,a5803f8a5d9d87202b43d709cb328cedaf18c446af448f705c33d553e8c2e9f7,5170ec511fb50cdf10d648416d508574d70e9781ddf156a1b2a86d2b385e94dc,100,1729,maximum_nontransitivity_information_gain,2000.0,3000.0
kata1-b40c256x2-s4833666560-d1179059206,24,3944.788230767832,3778.689215417272,4110.887246118392,3988.51790261065,-43.72967184281788,2,a5803f8a5d9d87202b43d709cb328cedaf18c446af448f705c33d553e8c2e9f7,5170ec511fb50cdf10d648416d508574d70e9781ddf156a1b2a86d2b385e94dc,100,1729,maximum_nontransitivity_information_gain,2000.0,3000.0
kata1-b40c256x2-s4833666560-d1179059206,26,3944.3237062147887,3786.608299509038,4102.039112920539,3988.51790261065,-44.19419639586113,2,a5803f8a5d9d87202b43d709cb328cedaf18c446af448f705c33d553e8c2e9f7,5170ec511fb50cdf10d648416d508574d70e9781ddf156a1b2a86d2b385e94dc,100,1729,maximum_nontransitivity_information_gain,2000.0,3000.0
kata1-b40c256x2-s4833666560-d1179059206,28,3940.272538411827,3789.8103464930578,4090.7347303305964,3988.51790261065,-48.2453641988227,2,a5803f8a5d9d87202b43d709cb328cedaf18c446af448f705c33d553e8c2e9f7,5170ec511fb50cdf10d648416d508574d70e9781ddf156a1b2a86d2b385e94dc,100,1729,maximum_nontransitivity_information_gain,2000.0,3000.0
kata1-b40c256x2-s4833666560-d1179059206,30,3936.9138943030466,3792.7336623233887,4081.0941262827046,3988.51790261065,-51.60400830760318,2,a5803f8a5d9d87202b43d709cb328cedaf18c446af448f705c33d553e8c2e9f7,5170ec511fb50cdf10d648416d508574d70e9781ddf156a1b2a86d2b385e94dc,100,1729,maximum_nontransitivity_information_gain,2000.0,3000.0
kata1-b40c256x2-s4833666560-d1179059206,32,3906.780727764707,3768.343685116687,4045.217770412727,3988.51790261065,-81.73717484594272,2,a5803f8a5d9d87202b43d709cb328cedaf18c446af448f705c33d553e8c2e9f7,5170ec511fb50cdf10d648416d508574d70e9781ddf156a1b2a86d2b385e94dc,100,1729,maximum_nontransitivity_information_gain,2000.0,3000.0
kata1-b40c256x2-s4833666560-d1179059206,34,3906.361907307457,3772.766836177286,4039.9569784376276,3988.51790261065,-82.15599530319287,2,a5803f8a5d9d87202b43d709cb328cedaf18c446af448f705c33d553e8c2e9f7,5170ec511fb50cdf10d648416d508574d70e9781ddf156a1b2a86d2b385e94dc,100,1729,maximum_nontransitivity_information_gain,2000.0,3000.0
kata1-b40c256x2-s4833666560-d1179059206,36,3927.7475547458016,3798.289175791345,4057.2059337002584,3988.51790261065,-60.77034786484819,2,a5803f8a5d9d87202b43d709cb328cedaf18c446af448f705c33d553e8c2e9f7,5170ec511fb50cdf10d648416d508574d70e9781ddf156a1b2a86d2b385e94dc,100,1729,maximum_nontransitivity_information_gain,2000.0,3000.0
kata1-b40c256x2-s4833666560-d1179059206,38,3915.0021016789105,3789.6053353731613,4040.39886798466,3988.51790261065,-73.51580093173925,2,a5803f8a5d9d87202b43d709cb328cedaf18c446af448f705c33d553e8c2e9f7,5170ec511fb50cdf10d648416d508574d70e9781ddf156a1b2a86d2b385e94dc,100,1729,maximum_nontransitivity_information_gain,2000.0,3000.0
kata1-b40c256x2-s4833666560-d1179059206,40,3914.1853824149575,3792.333977064085,4036.03678776583,3988.51790261065,-74.33252019569227,2,a5803f8a5d9d87202b43d709cb328cedaf18c446af448f705c33d553e8c2e9f7,5170ec511fb50cdf10d648416d508574d70e9781ddf156a1b2a86d2b385e94dc,100,1729,maximum_nontransitivity_information_gain,2000.0,3000.0
kata1-b40c256x2-s4833666560-d1179059206,42,3933.090810447508,3814.1986159228795,4051.9830049721363,3988.51790261065,-55.42709216314188,2,a5803f8a5d9d87202b43d709cb328cedaf18c446af448f705c33d553e8c2e9f7,5170ec511fb50cdf10d648416d508574d70e9781ddf156a1b2a86d2b385e94dc,100,1729,maximum_nontransitivity_information_gain,2000.0,3000.0
kata1-b40c256x2-s4833666560-d1179059206,44,3933.4663823518304,3817.550685528318,4049.382079175343,3988.51790261065,-55.05152025881944,2,a5803f8a5d9d87202b43d709cb328cedaf18c446af448f705c33d553e8c2e9f7,5170ec511fb50cdf10d648416d508574d70e9781ddf156a1b2a86d2b385e94dc,100,1729,maximum_nontransitivity_information_gain,2000.0,3000.0
kata1-b40c256x2-s4833666560-d1179059206,46,3933.8061065497063,3820.629629586171,4046.9825835132415,3988.51790261065,-54.71179606094347,2,a5803f8a5d9d87202b43d709cb328cedaf18c446af448f705c33d553e8c2e9f7,5170ec511fb50cdf10d648416d508574d70e9781ddf156a1b2a86d2b385e94dc,100,1729,maximum_nontransitivity_information_gain,2000.0,3000.0
kata1-b40c256x2-s4833666560-d1179059206,48,3942.5368901702295,3831.722215209363,4053.351565131096,3988.51790261065,-45.98101244042027,2,a5803f8a5d9d87202b43d709cb328cedaf18c446af448f705c33d553e8c2e9f7,5170ec511fb50cdf10d648416d508574d70e9781ddf156a1b2a86d2b385e94dc,100,1729,maximum_nontransitivity_information_gain,2000.0,3000.0
kata1-b40c256x2-s4833666560-d1179059206,50,3950.4839632684466,3841.8374322907803,4059.130494246113,3988.51790261065,-38.03393934220321,2,a5803f8a5d9d87202b43d709cb328cedaf18c446af448f705c33d553e8c2e9f7,5170ec511fb50cdf10d648416d508574d70e9781ddf156a1b2a86d2b385e94dc,100,1729,maximum_nontransitivity_information_gain,2000.0,3000.0
kata1-b40c256x2-s4833666560-d1179059206,52,3945.0403153067364,3838.7194932992,4051.3611373142726,3988.51790261065,-43.477587303913424,2,a5803f8a5d9d87202b43d709cb328cedaf18c446af448f705c33d553e8c2e9f7,5170ec511fb50cdf10d648416d508574d70e9781ddf156a1b2a86d2b385e94dc,100,1729,maximum_nontransitivity_information_gain,2000.0,3000.0
kata1-b40c256x2-s4833666560-d1179059206,54,3937.4547328204685,3833.3209019476826,4041.5885636932544,3988.51790261065,-51.06316979018129,2,a5803f8a5d9d87202b43d709cb328cedaf18c446af448f705c33d553e8c2e9f7,5170ec511fb50cdf10d648416d508574d70e9781ddf156a1b2a86d2b385e94dc,100,1729,maximum_nontransitivity_information_gain,2000.0,3000.0
kata1-b40c256x2-s4833666560-d1179059206,56,3950.1980791263554,3847.7471154095456,4052.6490428431653,3988.51790261065,-38.319823484294375,2,a5803f8a5d9d87202b43d709cb328cedaf18c446af448f705c33d553e8c2e9f7,5170ec511fb50cdf10d648416d508574d70e9781ddf156a1b2a86d2b385e94dc,100,1729,maximum_nontransitivity_information_gain,2000.0,3000.0
kata1-b40c256x2-s4833666560-d1179059206,58,3959.189927590629,3858.346912502222,4060.032942679036,3988.51790261065,-29.327975020020858,2,a5803f8a5d9d87202b43d709cb328cedaf18c446af448f705c33d553e8c2e9f7,5170ec511fb50cdf10d648416d508574d70e9781ddf156a1b2a86d2b385e94dc,100,1729,maximum_nontransitivity_information_gain,2000.0,3000.0
kata1-b40c256x2-s4833666560-d1179059206,60,3960.8635494172736,3861.7096529593937,4060.0174458751535,3988.51790261065,-27.65435319337621,2,a5803f8a5d9d87202b43d709cb328cedaf18c446af448f705c33d553e8c2e9f7,5170ec511fb50cdf10d648416d508574d70e9781ddf156a1b2a86d2b385e94dc,100,1729,maximum_nontransitivity_information_gain,2000.0,3000.0
kata1-b40c256x2-s4833666560-d1179059206,62,3956.0065438110455,3858.58390478211,4053.429182839981,3988.51790261065,-32.511358799604295,2,a5803f8a5d9d87202b43d709cb328cedaf18c446af448f705c33d553e8c2e9f7,5170ec511fb50cdf10d648416d508574d70e9781ddf156a1b2a86d2b385e94dc,100,1729,maximum_nontransitivity_information_gain,2000.0,3000.0
kata1-b40c256x2-s4833666560-d1179059206,64,3951.50349927105,3855.6797331219263,4047.3272654201733,3988.51790261065,-37.014403339599994,2,a5803f8a5d9d87202b43d709cb328cedaf18c446af448f705c33d553e8c2e9f7,5170ec511fb50cdf10d648416d508574d70e9781ddf156a1b2a86d2b385e94dc,100,1729,maximum_nontransitivity_information_gain,2000.0,3000.0
kata1-b40c256x2-s4833666560-d1179059206,66,3962.9756034075167,3868.408449512507,4057.5427573025263,3988.51790261065,-25.542299203133098,2,a5803f8a5d9d87202b43d709cb328cedaf18c446af448f705c33d553e8c2e9f7,5170ec511fb50cdf10d648416d508574d70e9781ddf156a1b2a86d2b385e94dc,100,1729,maximum_nontransitivity_information_gain,2000.0,3000.0
kata1-b40c256x2-s4833666560-d1179059206,68,3964.312913670601,3871.107990351361,4057.5178369898413,3988.51790261065,-24.20498894004868,2,a5803f8a5d9d87202b43d709cb328cedaf18c446af448f705c33d553e8c2e9f7,5170ec511fb50cdf10d648416d508574d70e9781ddf156a1b2a86d2b385e94dc,100,1729,maximum_nontransitivity_information_gain,2000.0,3000.0
kata1-b40c256x2-s4833666560-d1179059206,70,3976.7992934020986,3884.646682830644,4068.9519039735533,3988.51790261065,-11.718609208551243,2,a5803f8a5d9d87202b43d709cb328cedaf18c446af448f705c33d553e8c2e9f7,5170ec511fb50cdf10d648416d508574d70e9781ddf156a1b2a86d2b385e94dc,100,1729,maximum_nontransitivity_information_gain,2000.0,3000.0
kata1-b40c256x2-s4833666560-d1179059206,72,3972.1734451266543,3881.39708987217,4062.9498003811386,3988.51790261065,-16.344457483995484,2,a5803f8a5d9d87202b43d709cb328cedaf18c446af448f705c33d553e8c2e9f7,5170ec511fb50cdf10d648416d508574d70e9781ddf156a1b2a86d2b385e94dc,100,1729,maximum_nontransitivity_information_gain,2000.0,3000.0
kata1-b40c256x2-s4833666560-d1179059206,74,3967.841436276395,3878.3475664879375,4057.335306064853,3988.51790261065,-20.676466334254656,2,a5803f8a5d9d87202b43d709cb328cedaf18c446af448f705c33d553e8c2e9f7,5170ec511fb50cdf10d648416d508574d70e9781ddf156a1b2a86d2b385e94dc,100,1729,maximum_nontransitivity_information_gain,2000.0,3000.0
kata1-b40c256x2-s4833666560-d1179059206,76,3979.1248750828336,3890.5651357735424,4067.684614392125,3988.51790261065,-9.39302752781623,2,a5803f8a5d9d87202b43d709cb328cedaf18c446af448f705c33d553e8c2e9f7,5170ec511fb50cdf10d648416d508574d70e9781ddf156a1b2a86d2b385e94dc,100,1729,maximum_nontransitivity_information_gain,2000.0,3000.0
kata1-b40c256x2-s4833666560-d1179059206,78,3980.876085793716,3893.3783014598584,4068.3738701275734,3988.51790261065,-7.641816816933897,2,a5803f8a5d9d87202b43d709cb328cedaf18c446af448f705c33d553e8c2e9f7,5170ec511fb50cdf10d648416d508574d70e9781ddf156a1b2a86d2b385e94dc,100,1729,maximum_nontransitivity_information_gain,2000.0,3000.0
kata1-b40c256x2-s4833666560-d1179059206,80,3992.361570534822,3905.662758043828,4079.060383025816,3988.51790261065,3.843667924172223,2,a5803f8a5d9d87202b43d709cb328cedaf18c446af448f705c33d553e8c2e9f7,5170ec511fb50cdf10d648416d508574d70e9781ddf156a1b2a86d2b385e94dc,100,1729,maximum_nontransitivity_information_gain,2000.0,3000.0
kata1-b40c256x2-s4833666560-d1179059206,82,3998.467499751511,3912.642930081359,4084.2920694216627,3988.51790261065,9.949597140860988,2,a5803f8a5d9d87202b43d709cb328cedaf18c446af448f705c33d553e8c2e9f7,5170ec511fb50cdf10d648416d508574d70e9781ddf156a1b2a86d2b385e94dc,100,1729,maximum_nontransitivity_information_gain,2000.0,3000.0
kata1-b40c256x2-s4833666560-d1179059206,84,3999.571766300689,3914.712590939211,4084.430941662167,3988.51790261065,11.05386369003918,2,a5803f8a5d9d87202b43d709cb328cedaf18c446af448f705c33d553e8c2e9f7,5170ec511fb50cdf10d648416d508574d70e9781ddf156a1b2a86d2b385e94dc,100,1729,maximum_nontransitivity_information_gain,2000.0,3000.0
kata1-b40c256x2-s4833666560-d1179059206,86,4005.1871713066007,3921.1390971721125,4089.235245441089,3988.51790261065,16.669268695950905,2,a5803f8a5d9d87202b43d709cb328cedaf18c446af448f705c33d553e8c2e9f7,5170ec511fb50cdf10d648416d508574d70e9781ddf156a1b2a86d2b385e94dc,100,1729,maximum_nontransitivity_information_gain,2000.0,3000.0
kata1-b40c256x2-s4833666560-d1179059206,88,4006.062004082225,3922.914305261307,4089.209702903143,3988.51790261065,17.54410147157523,2,a5803f8a5d9d87202b43d709cb328cedaf18c446af448f705c33d553e8c2e9f7,5170ec511fb50cdf10d648416d508574d70e9781ddf156a1b2a86d2b385e94dc,100,1729,maximum_nontransitivity_information_gain,2000.0,3000.0
kata1-b40c256x2-s4833666560-d1179059206,90,4011.250013369504,3928.8561525245086,4093.643874214499,3988.51790261065,22.732110758854105,2,a5803f8a5d9d87202b43d709cb328cedaf18c446af448f705c33d553e8c2e9f7,5170ec511fb50cdf10d648416d508574d70e9781ddf156a1b2a86d2b385e94dc,100,1729,maximum_nontransitivity_information_gain,2000.0,3000.0
kata1-b40c256x2-s4833666560-d1179059206,92,4011.933546147868,3930.380782175999,4093.4863101197375,3988.51790261065,23.41564353721833,2,a5803f8a5d9d87202b43d709cb328cedaf18c446af448f705c33d553e8c2e9f7,5170ec511fb50cdf10d648416d508574d70e9781ddf156a1b2a86d2b385e94dc,100,1729,maximum_nontransitivity_information_gain,2000.0,3000.0
kata1-b40c256x2-s4833666560-d1179059206,94,4011.7341946311763,3931.0139679461054,4092.454421316247,3988.51790261065,23.216292020526453,2,a5803f8a5d9d87202b43d709cb328cedaf18c446af448f705c33d553e8c2e9f7,5170ec511fb50cdf10d648416d508574d70e9781ddf156a1b2a86d2b385e94dc,100,1729,maximum_nontransitivity_information_gain,2000.0,3000.0
kata1-b40c256x2-s4833666560-d1179059206,96,4012.37619565726,3932.43641604158,4092.31597527294,3988.51790261065,23.858293046610015,2,a5803f8a5d9d87202b43d709cb328cedaf18c446af448f705c33d553e8c2e9f7,5170ec511fb50cdf10d648416d508574d70e9781ddf156a1b2a86d2b385e94dc,100,1729,maximum_nontransitivity_information_gain,2000.0,3000.0
kata1-b40c256x2-s4833666560-d1179059206,98,4009.6781193040288,3930.5611680657576,4088.7950705423,3988.51790261065,21.16021669337897,2,a5803f8a5d9d87202b43d709cb328cedaf18c446af448f705c33d553e8c2e9f7,5170ec511fb50cdf10d648416d508574d70e9781ddf156a1b2a86d2b385e94dc,100,1729,maximum_nontransitivity_information_gain,2000.0,3000.0
kata1-b40c256x2-s4833666560-d1179059206,100,4009.5383096571536,3931.1645983568433,4087.912020957464,3988.51790261065,21.020407046503806,2,a5803f8a5d9d87202b43d709cb328cedaf18c446af448f705c33d553e8c2e9f7,5170ec511fb50cdf10d648416d508574d70e9781ddf156a1b2a86d2b385e94dc,100,1729,maximum_nontransitivity_information_gain,2000.0,3000.0
kata1-b60c320-s6678602752-d3043834427,2,2826.233674315162,367.0744171968272,5285.392931433496,4103.3530172068795,-1277.1193428917177,2,a5803f8a5d9d87202b43d709cb328cedaf18c446af448f705c33d553e8c2e9f7,5170ec511fb50cdf10d648416d508574d70e9781ddf156a1b2a86d2b385e94dc,100,1729,maximum_nontransitivity_information_gain,2000.0,3000.0
kata1-b60c320-s6678602752-d3043834427,4,3545.382104010107,1663.5873768071149,5427.176831213099,4103.3530172068795,-557.9709131967725,2,a5803f8a5d9d87202b43d709cb328cedaf18c446af448f705c33d553e8c2e9f7,5170ec511fb50cdf10d648416d508574d70e9781ddf156a1b2a86d2b385e94dc,100,1729,maximum_nontransitivity_information_gain,2000.0,3000.0
kata1-b60c320-s6678602752-d3043834427,6,4206.723154555199,2602.2861347105422,5811.160174399854,4103.3530172068795,103.37013734831908,2,a5803f8a5d9d87202b43d709cb328cedaf18c446af448f705c33d553e8c2e9f7,5170ec511fb50cdf10d648416d508574d70e9781ddf156a1b2a86d2b385e94dc,100,1729,maximum_nontransitivity_information_gain,2000.0,3000.0
kata1-b60c320-s6678602752-d3043834427,8,4204.235725427317,3739.7469411337606,4668.724509720874,4103.3530172068795,100.88270822043796,2,a5803f8a5d9d87202b43d709cb328cedaf18c446af448f705c33d553e8c2e9f7,5170ec511fb50cdf10d648416d508574d70e9781ddf156a1b2a86d2b385e94dc,100,1729,maximum_nontransitivity_information_gain,2000.0,3000.0
kata1-b60c320-s6678602752-d3043834427,10,4116.318016301265,3775.4981324339587,4457.137900168571,4103.3530172068795,12.964999094385348,2,a5803f8a5d9d87202b43d709cb328cedaf18c446af448f705c33d553e8c2e9f7,5170ec511fb50cdf10d648416d508574d70e9781ddf156a1b2a86d2b385e94dc,100,1729,maximum_nontransitivity_information_gain,2000.0,3000.0
kata1-b60c320-s6678602752-d3043834427,12,3999.852073296261,3697.6845868367886,4302.019559755734,4103.3530172068795,-103.50094391061839,2,a5803f8a5d9d87202b43d709cb328cedaf18c446af448f705c33d553e8c2e9f7,5170ec511fb50cdf10d648416d508574d70e9781ddf156a1b2a86d2b385e94dc,100,1729,maximum_nontransitivity_information_gain,2000.0,3000.0
kata1-b60c320-s6678602752-d3043834427,14,3998.816470843069,3741.517683101531,4256.115258584607,4103.3530172068795,-104.53654636381043,2,a5803f8a5d9d87202b43d709cb328cedaf18c446af448f705c33d553e8c2e9f7,5170ec511fb50cdf10d648416d508574d70e9781ddf156a1b2a86d2b385e94dc,100,1729,maximum_nontransitivity_information_gain,2000.0,3000.0
kata1-b60c320-s6678602752-d3043834427,16,4034.715447703627,3810.102078429599,4259.328816977655,4103.3530172068795,-68.63756950325251,2,a5803f8a5d9d87202b43d709cb328cedaf18c446af448f705c33d553e8c2e9f7,5170ec511fb50cdf10d648416d508574d70e9781ddf156a1b2a86d2b385e94dc,100,1729,maximum_nontransitivity_information_gain,2000.0,3000.0
kata1-b60c320-s6678602752-d3043834427,18,4002.5092439457367,3795.796803009435,4209.221684882039,4103.3530172068795,-100.84377326114281,2,a5803f8a5d9d87202b43d709cb328cedaf18c446af448f705c33d553e8c2e9f7,5170ec511fb50cdf10d648416d508574d70e9781ddf156a1b2a86d2b385e94dc,100,1729,maximum_nontransitivity_information_gain,2000.0,3000.0
kata1-b60c320-s6678602752-d3043834427,20,4027.862291068136,3838.4243318253143,4217.300250310958,4103.3530172068795,-75.49072613874341,2,a5803f8a5d9d87202b43d709cb328cedaf18c446af448f705c33d553e8c2e9f7,5170ec511fb50cdf10d648416d508574d70e9781ddf156a1b2a86d2b385e94dc,100,1729,maximum_nontransitivity_information_gain,2000.0,3000.0
kata1-b60c320-s6678602752-d3043834427,22,4027.811069145533,3850.7517849714536,4204.870353319612,4103.3530172068795,-75.54194806134637,2,a5803f8a5d9d87202b43d709cb328cedaf18c446af448f705c33d553e8c2e9f7,5170ec511fb50cdf10d648416d508574d70e9781ddf156a1b2a86d2b385e94dc,100,1729,maximum_nontransitivity_information_gain,2000.0,3000.0
kata1-b60c320-s6678602752-d3043834427,24,4027.771635405633,3860.8546040535734,4194.688666757693,4103.3530172068795,-75.58138180124661,2,a5803f8a5d9d87202b43d709cb328cedaf18c446af448f705c33d553e8c2e9f7,5170ec511fb50cdf10d648416d508574d70e9781ddf156a1b2a86d2b385e94dc,100,1729,maximum_nontransitivity_information_gain,2000.0,3000.0
kata1-b60c320-s6678602752-d3043834427,26,4027.7403285429855,3869.3259540353097,4186.154703050662,4103.3530172068795,-75.612688663894,2,a5803f8a5d9d87202b43d709cb328cedaf18c446af448f705c33d553e8c2e9f7,5170ec511fb50cdf10d648416d508574d70e9781ddf156a1b2a86d2b385e94dc,100,1729,maximum_nontransitivity_information_gain,2000.0,3000.0
kata1-b60c320-s6678602752-d3043834427,28,4014.563447328192,3863.0002755907844,4166.1266190656,4103.3530172068795,-88.78956987868742,2,a5803f8a5d9d87202b43d709cb328cedaf18c446af448f705c33d553e8c2e9f7,5170ec511fb50cdf10d648416d508574d70e9781ddf156a1b2a86d2b385e94dc,100,1729,maximum_nontransitivity_information_gain,2000.0,3000.0
kata1-b60c320-s6678602752-d3043834427,30,4027.5688943150103,3882.6655663442093,4172.472222285811,4103.3530172068795,-75.78412289186917,2,a5803f8a5d9d87202b43d709cb328cedaf18c446af448f705c33d553e8c2e9f7,5170ec511fb50cdf10d648416d508574d70e9781ddf156a1b2a86d2b385e94dc,100,1729,maximum_nontransitivity_information_gain,2000.0,3000.0
kata1-b60c320-s6678602752-d3043834427,32,4013.745125242819,3874.0899278546935,4153.400322630945,4103.3530172068795,-89.6078919640604,2,a5803f8a5d9d87202b43d709cb328cedaf18c446af448f705c33d553e8c2e9f7,5170ec511fb50cdf10d648416d508574d70e9781ddf156a1b2a86d2b385e94dc,100,1729,maximum_nontransitivity_information_gain,2000.0,3000.0
kata1-b60c320-s6678602752-d3043834427,34,4038.0922713331993,3903.68528611637,4172.499256550028,4103.3530172068795,-65.26074587368021,2,a5803f8a5d9d87202b43d709cb328cedaf18c446af448f705c33d553e8c2e9f7,5170ec511fb50cdf10d648416d508574d70e9781ddf156a1b2a86d2b385e94dc,100,1729,maximum_nontransitivity_information_gain,2000.0,3000.0
kata1-b60c320-s6678602752-d3043834427,36,4051.716724362755,3921.6612125743677,4181.772236151142,4103.3530172068795,-51.636292844124455,2,a5803f8a5d9d87202b43d709cb328cedaf18c446af448f705c33d553e8c2e9f7,5170ec511fb50cdf10d648416d508574d70e9781ddf156a1b2a86d2b385e94dc,100,1729,maximum_nontransitivity_information_gain,2000.0,3000.0
kata1-b60c320-s6678602752-d3043834427,38,4053.0738646137547,3926.981277813086,4179.166451414424,4103.3530172068795,-50.27915259312476,2,a5803f8a5d9d87202b43d709cb328cedaf18c446af448f705c33d553e8c2e9f7,5170ec511fb50cdf10d648416d508574d70e9781ddf156a1b2a86d2b385e94dc,100,1729,maximum_nontransitivity_information_gain,2000.0,3000.0
kata1-b60c320-s6678602752-d3043834427,40,4054.2663577465933,3931.7653157737946,4176.7673997193915,4103.3530172068795,-49.08665946028623,2,a5803f8a5d9d87202b43d709cb328cedaf18c446af448f705c33d553e8c2e9f7,5170ec511fb50cdf10d648416d508574d70e9781ddf156a1b2a86d2b385e94dc,100,1729,maximum_nontransitivity_information_gain,2000.0,3000.0
kata1-b60c320-s6678602752-d3043834427,42,4044.8252325628055,3925.633203400914,4164.017261724696,4103.3530172068795,-58.52778464407402,2,a5803f8a5d9d87202b43d709cb328cedaf18c446af448f705c33d553e8c2e9f7,5170ec511fb50cdf10d648416d508574d70e9781ddf156a1b2a86d2b385e94dc,100,1729,maximum_nontransitivity_information_gain,2000.0,3000.0
kata1-b60c320-s6678602752-d3043834427,44,4045.784918279505,3929.596497202058,4161.973339356951,4103.3530172068795,-57.56809892737465,2,a5803f8a5d9d87202b43d709cb328cedaf18c446af448f705c33d553e8c2e9f7,5170ec511fb50cdf10d648416d508574d70e9781ddf156a1b2a86d2b385e94dc,100,1729,maximum_nontransitivity_information_gain,2000.0,3000.0
kata1-b60c320-s6678602752-d3043834427,46,4047.1625655724524,3933.738182878478,4160.586948266427,4103.3530172068795,-56.19045163442706,2,a5803f8a5d9d87202b43d709cb328cedaf18c446af448f705c33d553e8c2e9f7,5170ec511fb50cdf10d648416d508574d70e9781ddf156a1b2a86d2b385e94dc,100,1729,maximum_nontransitivity_information_gain,2000.0,3000.0
kata1-b60c320-s6678602752-d3043834427,48,4047.9158270603957,3937.048559953492,4158.7830941673,4103.3530172068795,-55.43719014648377,2,a5803f8a5d9d87202b43d709cb328cedaf18c446af448f705c33d553e8c2e9f7,5170ec511fb50cdf10d648416d508574d70e9781ddf156a1b2a86d2b385e94dc,100,1729,maximum_nontransitivity_information_gain,2000.0,3000.0
kata1-b60c320-s6678602752-d3043834427,50,4049.0670237051554,3940.5719584044723,4157.562089005839,4103.3530172068795,-54.28599350172408,2,a5803f8a5d9d87202b43d709cb328cedaf18c446af448f705c33d553e8c2e9f7,5170ec511fb50cdf10d648416d508574d70e9781ddf156a1b2a86d2b385e94dc,100,1729,maximum_nontransitivity_information_gain,2000.0,3000.0
kata1-b60c320-s6678602752-d3043834427,52,4049.6695491329147,3943.3837932847014,4155.9553049811275,4103.3530172068795,-53.68346807396483,2,a5803f8a5d9d87202b43d709cb328cedaf18c446af448f705c33d553e8c2e9f7,5170ec511fb50cdf10d648416d508574d70e9781ddf156a1b2a86d2b385e94dc,100,1729,maximum_nontransitivity_information_gain,2000.0,3000.0
kata1-b60c320-s6678602752-d3043834427,54,4050.6485971691372,3946.426084835441,4154.871109502834,4103.3530172068795,-52.70442003774224,2,a5803f8a5d9d87202b43d709cb328cedaf18c446af448f705c33d553e8c2e9f7,5170ec511fb50cdf10d648416d508574d70e9781ddf156a1b2a86d2b385e94dc,100,1729,maximum_nontransitivity_information_gain,2000.0,3000.0
kata1-b60c320-s6678602752-d3043834427,56,4049.7210196304354,3947.430598767036,4152.011440493835,4103.3530172068795,-53.631997576444064,2,a5803f8a5d9d87202b43d709cb328cedaf18c446af448f705c33d553e8c2e9f7,5170ec511fb50cdf10d648416d508574d70e9781ddf156a1b2a86d2b385e94dc,100,1729,maximum_nontransitivity_information_gain,2000.0,3000.0
kata1-b60c320-s6678602752-d3043834427,58,4057.0421625048593,3956.558598414131,4157.525726595588,4103.3530172068795,-46.31085470202015,2,a5803f8a5d9d87202b43d709cb328cedaf18c446af448f705c33d553e8c2e9f7,5170ec511fb50cdf10d648416d508574d70e9781ddf156a1b2a86d2b385e94dc,100,1729,maximum_nontransitivity_information_gain,2000.0,3000.0
kata1-b60c320-s6678602752-d3043834427,60,4057.63590978521,3958.8621106748847,4156.409708895536,4103.3530172068795,-45.717107421669425,2,a5803f8a5d9d87202b43d709cb328cedaf18c446af448f705c33d553e8c2e9f7,5170ec511fb50cdf10d648416d508574d70e9781ddf156a1b2a86d2b385e94dc,100,1729,maximum_nontransitivity_information_gain,2000.0,3000.0
kata1-b60c320-s6678602752-d3043834427,62,4058.1859920123516,3961.023570483001,4155.348413541702,4103.3530172068795,-45.16702519452792,2,a5803f8a5d9d87202b43d709cb328cedaf18c446af448f705c33d553e8c2e9f7,5170ec511fb50cdf10d648416d508574d70e9781ddf156a1b2a86d2b385e94dc,100,1729,maximum_nontransitivity_information_gain,2000.0,3000.0
kata1-b60c320-s6678602752-d3043834427,64,4058.340095245402,3962.7032371015925,4153.976953389211,4103.3530172068795,-45.01292196147733,2,a5803f8a5d9d87202b43d709cb328cedaf18c446af448f705c33d553e8c2e9f7,5170ec511fb50cdf10d648416d508574d70e9781ddf156a1b2a86d2b385e94dc,100,1729,maximum_nontransitivity_information_gain,2000.0,3000.0
kata1-b60c320-s6678602752-d3043834427,66,4058.828890975224,3964.634367191028,4153.02341475942,4103.3530172068795,-44.52412623165537,2,a5803f8a5d9d87202b43d709cb328cedaf18c446af448f705c33d553e8c2e9f7,5170ec511fb50cdf10d648416d508574d70e9781ddf156a1b2a86d2b385e94dc,100,1729,maximum_nontransitivity_information_gain,2000.0,3000.0
kata1-b60c320-s6678602752-d3043834427,68,4058.951956123487,3966.127766523511,4151.776145723463,4103.3530172068795,-44.401061083392506,2,a5803f8a5d9d87202b43d709cb328cedaf18c446af448f705c33d553e8c2e9f7,5170ec511fb50cdf10d648416d508574d70e9781ddf156a1b2a86d2b385e94dc,100,1729,maximum_nontransitivity_information_gain,2000.0,3000.0
kata1-b60c320-s6678602752-d3043834427,70,4057.9689989272824,3966.4491574583135,4149.488840396251,4103.3530172068795,-45.38401827959706,2,a5803f8a5d9d87202b43d709cb328cedaf18c446af448f705c33d553e8c2e9f7,5170ec511fb50cdf10d648416d508574d70e9781ddf156a1b2a86d2b385e94dc,100,1729,maximum_nontransitivity_information_gain,2000.0,3000.0
kata1-b60c320-s6678602752-d3043834427,72,4058.423657406721,3968.1419245247916,4148.70539028865,4103.3530172068795,-44.929359800158636,2,a5803f8a5d9d87202b43d709cb328cedaf18c446af448f705c33d553e8c2e9f7,5170ec511fb50cdf10d648416d508574d70e9781ddf156a1b2a86d2b385e94dc,100,1729,maximum_nontransitivity_information_gain,2000.0,3000.0
kata1-b60c320-s6678602752-d3043834427,74,4067.9438227710625,3978.7854619610484,4157.102183581076,4103.3530172068795,-35.40919443581697,2,a5803f8a5d9d87202b43d709cb328cedaf18c446af448f705c33d553e8c2e9f7,5170ec511fb50cdf10d648416d508574d70e9781ddf156a1b2a86d2b385e94dc,100,1729,maximum_nontransitivity_information_gain,2000.0,3000.0
kata1-b60c320-s6678602752-d3043834427,76,4072.8487779989405,3984.7739790397623,4160.923576958118,4103.3530172068795,-30.50423920793901,2,a5803f8a5d9d87202b43d709cb328cedaf18c446af448f705c33d553e8c2e9f7,5170ec511fb50cdf10d648416d508574d70e9781ddf156a1b2a86d2b385e94dc,100,1729,maximum_nontransitivity_information_gain,2000.0,3000.0
kata1-b60c320-s6678602752-d3043834427,78,4072.8519245942985,3985.861161435407,4159.842687753189,4103.3530172068795,-30.501092612581033,2,a5803f8a5d9d87202b43d709cb328cedaf18c446af448f705c33d553e8c2e9f7,5170ec511fb50cdf10d648416d508574d70e9781ddf156a1b2a86d2b385e94dc,100,1729,maximum_nontransitivity_information_gain,2000.0,3000.0
kata1-b60c320-s6678602752-d3043834427,80,4077.6419332142173,3991.631056355859,4163.652810072575,4103.3530172068795,-25.711083992662225,2,a5803f8a5d9d87202b43d709cb328cedaf18c446af448f705c33d553e8c2e9f7,5170ec511fb50cdf10d648416d508574d70e9781ddf156a1b2a86d2b385e94dc,100,1729,maximum_nontransitivity_information_gain,2000.0,3000.0
kata1-b60c320-s6678602752-d3043834427,82,4072.5809294925634,3987.6217470270435,4157.540111958084,4103.3530172068795,-30.772087714316058,2,a5803f8a5d9d87202b43d709cb328cedaf18c446af448f705c33d553e8c2e9f7,5170ec511fb50cdf10d648416d508574d70e9781ddf156a1b2a86d2b385e94dc,100,1729,maximum_nontransitivity_information_gain,2000.0,3000.0
kata1-b60c320-s6678602752-d3043834427,84,4072.5863245838846,3988.578209109456,4156.594440058313,4103.3530172068795,-30.766692622994924,2,a5803f8a5d9d87202b43d709cb328cedaf18c446af448f705c33d553e8c2e9f7,5170ec511fb50cdf10d648416d508574d70e9781ddf156a1b2a86d2b385e94dc,100,1729,maximum_nontransitivity_information_gain,2000.0,3000.0
kata1-b60c320-s6678602752-d3043834427,86,4072.3379827200183,3989.245486819618,4155.430478620419,4103.3530172068795,-31.01503448686117,2,a5803f8a5d9d87202b43d709cb328cedaf18c446af448f705c33d553e8c2e9f7,5170ec511fb50cdf10d648416d508574d70e9781ddf156a1b2a86d2b385e94dc,100,1729,maximum_nontransitivity_information_gain,2000.0,3000.0
kata1-b60c320-s6678602752-d3043834427,88,4072.348989950978,3990.1333227004843,4154.564657201472,4103.3530172068795,-31.004027255901292,2,a5803f8a5d9d87202b43d709cb328cedaf18c446af448f705c33d553e8c2e9f7,5170ec511fb50cdf10d648416d508574d70e9781ddf156a1b2a86d2b385e94dc,100,1729,maximum_nontransitivity_information_gain,2000.0,3000.0
kata1-b60c320-s6678602752-d3043834427,90,4067.916199974249,3986.5773283803887,4149.25507156811,4103.3530172068795,-35.43681723263035,2,a5803f8a5d9d87202b43d709cb328cedaf18c446af448f705c33d553e8c2e9f7,5170ec511fb50cdf10d648416d508574d70e9781ddf156a1b2a86d2b385e94dc,100,1729,maximum_nontransitivity_information_gain,2000.0,3000.0
kata1-b60c320-s6678602752-d3043834427,92,4066.9706121482513,3986.4481368127085,4147.493087483794,4103.3530172068795,-36.38240505862814,2,a5803f8a5d9d87202b43d709cb328cedaf18c446af448f705c33d553e8c2e9f7,5170ec511fb50cdf10d648416d508574d70e9781ddf156a1b2a86d2b385e94dc,100,1729,maximum_nontransitivity_information_gain,2000.0,3000.0
kata1-b60c320-s6678602752-d3043834427,94,4070.100167879865,3990.334766740801,4149.865569018928,4103.3530172068795,-33.2528493270147,2,a5803f8a5d9d87202b43d709cb328cedaf18c446af448f705c33d553e8c2e9f7,5170ec511fb50cdf10d648416d508574d70e9781ddf156a1b2a86d2b385e94dc,100,1729,maximum_nontransitivity_information_gain,2000.0,3000.0
kata1-b60c320-s6678602752-d3043834427,96,4074.0818881185605,3995.037201193978,4153.126575043143,4103.3530172068795,-29.271129088318958,2,a5803f8a5d9d87202b43d709cb328cedaf18c446af448f705c33d553e8c2e9f7,5170ec511fb50cdf10d648416d508574d70e9781ddf156a1b2a86d2b385e94dc,100,1729,maximum_nontransitivity_information_gain,2000.0,3000.0
kata1-b60c320-s6678602752-d3043834427,98,4079.33607016771,4000.9617236108747,4157.710416724546,4103.3530172068795,-24.01694703916928,2,a5803f8a5d9d87202b43d709cb328cedaf18c446af448f705c33d553e8c2e9f7,5170ec511fb50cdf10d648416d508574d70e9781ddf156a1b2a86d2b385e94dc,100,1729,maximum_nontransitivity_information_gain,2000.0,3000.0
kata1-b60c320-s6678602752-d3043834427,100,4080.56001066221,4002.8753229506065,4158.244698373814,4103.3530172068795,-22.793006544669424,2,a5803f8a5d9d87202b43d709cb328cedaf18c446af448f705c33d553e8c2e9f7,5170ec511fb50cdf10d648416d508574d70e9781ddf156a1b2a86d2b385e94dc,100,1729,maximum_nontransitivity_information_gain,2000.0,3000.0
kata1-b28c512nbt-s12313658112-d5687582971,2,2847.8339231648297,414.56818196572704,5281.099664363932,4200.90243921563,-1353.0685160508,2,a5803f8a5d9d87202b43d709cb328cedaf18c446af448f705c33d553e8c2e9f7,5170ec511fb50cdf10d648416d508574d70e9781ddf156a1b2a86d2b385e94dc,100,1729,maximum_nontransitivity_information_gain,2000.0,3000.0
kata1-b28c512nbt-s12313658112-d5687582971,4,3545.603653344557,1663.9629076237638,5427.24439906535,4200.90243921563,-655.2987858710726,2,a5803f8a5d9d87202b43d709cb328cedaf18c446af448f705c33d553e8c2e9f7,5170ec511fb50cdf10d648416d508574d70e9781ddf156a1b2a86d2b385e94dc,100,1729,maximum_nontransitivity_information_gain,2000.0,3000.0
kata1-b28c512nbt-s12313658112-d5687582971,6,4206.242383539589,2601.644960823896,5810.839806255282,4200.90243921563,5.339944323959571,2,a5803f8a5d9d87202b43d709cb328cedaf18c446af448f705c33d553e8c2e9f7,5170ec511fb50cdf10d648416d508574d70e9781ddf156a1b2a86d2b385e94dc,100,1729,maximum_nontransitivity_information_gain,2000.0,3000.0
kata1-b28c512nbt-s12313658112-d5687582971,8,4194.621785387356,3731.0480266355676,4658.195544139144,4200.90243921563,-6.280653828273898,2,a5803f8a5d9d87202b43d709cb328cedaf18c446af448f705c33d553e8c2e9f7,5170ec511fb50cdf10d648416d508574d70e9781ddf156a1b2a86d2b385e94dc,100,1729,maximum_nontransitivity_information_gain,2000.0,3000.0
kata1-b28c512nbt-s12313658112-d5687582971,10,4109.913176664257,3769.4165453492155,4450.4098079792975,4200.90243921563,-90.98926255137303,2,a5803f8a5d9d87202b43d709cb328cedaf18c446af448f705c33d553e8c2e9f7,5170ec511fb50cdf10d648416d508574d70e9781ddf156a1b2a86d2b385e94dc,100,1729,maximum_nontransitivity_information_gain,2000.0,3000.0
kata1-b28c512nbt-s12313658112-d5687582971,12,4108.060196482952,3828.48921733341,4387.631175632494,4200.90243921563,-92.84224273267773,2,a5803f8a5d9d87202b43d709cb328cedaf18c446af448f705c33d553e8c2e9f7,5170ec511fb50cdf10d648416d508574d70e9781ddf156a1b2a86d2b385e94dc,100,1729,maximum_nontransitivity_information_gain,2000.0,3000.0
kata1-b28c512nbt-s12313658112-d5687582971,14,4107.125795024465,3864.0868830899212,4350.16470695901,4200.90243921563,-93.77664419116445,2,a5803f8a5d9d87202b43d709cb328cedaf18c446af448f705c33d553e8c2e9f7,5170ec511fb50cdf10d648416d508574d70e9781ddf156a1b2a86d2b385e94dc,100,1729,maximum_nontransitivity_information_gain,2000.0,3000.0
kata1-b28c512nbt-s12313658112-d5687582971,16,4141.2875282627065,3923.5200386816064,4359.055017843806,4200.90243921563,-59.61491095292331,2,a5803f8a5d9d87202b43d709cb328cedaf18c446af448f705c33d553e8c2e9f7,5170ec511fb50cdf10d648416d508574d70e9781ddf156a1b2a86d2b385e94dc,100,1729,maximum_nontransitivity_information_gain,2000.0,3000.0
kata1-b28c512nbt-s12313658112-d5687582971,18,4169.161149722114,3968.8399125874994,4369.482386856728,4200.90243921563,-31.74128949351598,2,a5803f8a5d9d87202b43d709cb328cedaf18c446af448f705c33d553e8c2e9f7,5170ec511fb50cdf10d648416d508574d70e9781ddf156a1b2a86d2b385e94dc,100,1729,maximum_nontransitivity_information_gain,2000.0,3000.0
kata1-b28c512nbt-s12313658112-d5687582971,20,4168.249625105954,3982.48694243397,4354.012307777938,4200.90243921563,-32.652814109676,2,a5803f8a5d9d87202b43d709cb328cedaf18c446af448f705c33d553e8c2e9f7,5170ec511fb50cdf10d648416d508574d70e9781ddf156a1b2a86d2b385e94dc,100,1729,maximum_nontransitivity_information_gain,2000.0,3000.0
kata1-b28c512nbt-s12313658112-d5687582971,22,4167.567640948012,3993.47784810688,4341.657433789143,4200.90243921563,-33.33479826761777,2,a5803f8a5d9d87202b43d709cb328cedaf18c446af448f705c33d553e8c2e9f7,5170ec511fb50cdf10d648416d508574d70e9781ddf156a1b2a86d2b385e94dc,100,1729,maximum_nontransitivity_information_gain,2000.0,3000.0
kata1-b28c512nbt-s12313658112-d5687582971,24,4167.038108630389,4002.5740066221642,4331.502210638613,4200.90243921563,-33.86433058524108,2,a5803f8a5d9d87202b43d709cb328cedaf18c446af448f705c33d553e8c2e9f7,5170ec511fb50cdf10d648416d508574d70e9781ddf156a1b2a86d2b385e94dc,100,1729,maximum_nontransitivity_information_gain,2000.0,3000.0
kata1-b28c512nbt-s12313658112-d5687582971,26,4166.615000184377,4010.2620169142856,4322.967983454469,4200.90243921563,-34.28743903125269,2,a5803f8a5d9d87202b43d709cb328cedaf18c446af448f705c33d553e8c2e9f7,5170ec511fb50cdf10d648416d508574d70e9781ddf156a1b2a86d2b385e94dc,100,1729,maximum_nontransitivity_information_gain,2000.0,3000.0
kata1-b28c512nbt-s12313658112-d5687582971,28,4163.6018427865565,4014.2535262017577,4312.950159371355,4200.90243921563,-37.300596429073266,2,a5803f8a5d9d87202b43d709cb328cedaf18c446af448f705c33d553e8c2e9f7,5170ec511fb50cdf10d648416d508574d70e9781ddf156a1b2a86d2b385e94dc,100,1729,maximum_nontransitivity_information_gain,2000.0,3000.0
kata1-b28c512nbt-s12313658112-d5687582971,30,4163.534491107367,4020.2320958921123,4306.8368863226215,4200.90243921563,-37.36794810826268,2,a5803f8a5d9d87202b43d709cb328cedaf18c446af448f705c33d553e8c2e9f7,5170ec511fb50cdf10d648416d508574d70e9781ddf156a1b2a86d2b385e94dc,100,1729,maximum_nontransitivity_information_gain,2000.0,3000.0
kata1-b28c512nbt-s12313658112-d5687582971,32,4174.766274579864,4036.4869057154733,4313.045643444256,4200.90243921563,-26.136164635765454,2,a5803f8a5d9d87202b43d709cb328cedaf18c446af448f705c33d553e8c2e9f7,5170ec511fb50cdf10d648416d508574d70e9781ddf156a1b2a86d2b385e94dc,100,1729,maximum_nontransitivity_information_gain,2000.0,3000.0
kata1-b28c512nbt-s12313658112-d5687582971,34,4163.539810325589,4030.271195037285,4296.808425613894,4200.90243921563,-37.36262889004047,2,a5803f8a5d9d87202b43d709cb328cedaf18c446af448f705c33d553e8c2e9f7,5170ec511fb50cdf10d648416d508574d70e9781ddf156a1b2a86d2b385e94dc,100,1729,maximum_nontransitivity_information_gain,2000.0,3000.0
kata1-b28c512nbt-s12313658112-d5687582971,36,4151.814590607717,4022.8955911890694,4280.733590026364,4200.90243921563,-49.08784860791275,2,a5803f8a5d9d87202b43d709cb328cedaf18c446af448f705c33d553e8c2e9f7,5170ec511fb50cdf10d648416d508574d70e9781ddf156a1b2a86d2b385e94dc,100,1729,maximum_nontransitivity_information_gain,2000.0,3000.0
kata1-b28c512nbt-s12313658112-d5687582971,38,4161.634742665061,4036.4640391109556,4286.805446219167,4200.90243921563,-39.26769655056887,2,a5803f8a5d9d87202b43d709cb328cedaf18c446af448f705c33d553e8c2e9f7,5170ec511fb50cdf10d648416d508574d70e9781ddf156a1b2a86d2b385e94dc,100,1729,maximum_nontransitivity_information_gain,2000.0,3000.0
kata1-b28c512nbt-s12313658112-d5687582971,40,4159.962706996149,4038.288500620719,4281.636913371579,4200.90243921563,-40.9397322194809,2,a5803f8a5d9d87202b43d709cb328cedaf18c446af448f705c33d553e8c2e9f7,5170ec511fb50cdf10d648416d508574d70e9781ddf156a1b2a86d2b385e94dc,100,1729,maximum_nontransitivity_information_gain,2000.0,3000.0
kata1-b28c512nbt-s12313658112-d5687582971,42,4150.398250330355,4031.968755903139,4268.827744757571,4200.90243921563,-50.50418888527474,2,a5803f8a5d9d87202b43d709cb328cedaf18c446af448f705c33d553e8c2e9f7,5170ec511fb50cdf10d648416d508574d70e9781ddf156a1b2a86d2b385e94dc,100,1729,maximum_nontransitivity_information_gain,2000.0,3000.0
kata1-b28c512nbt-s12313658112-d5687582971,44,4149.491868534845,4033.984767269522,4264.998969800168,4200.90243921563,-51.410570680784986,2,a5803f8a5d9d87202b43d709cb328cedaf18c446af448f705c33d553e8c2e9f7,5170ec511fb50cdf10d648416d508574d70e9781ddf156a1b2a86d2b385e94dc,100,1729,maximum_nontransitivity_information_gain,2000.0,3000.0
kata1-b28c512nbt-s12313658112-d5687582971,46,4166.23071284661,4053.247399509336,4279.214026183884,4200.90243921563,-34.67172636901978,2,a5803f8a5d9d87202b43d709cb328cedaf18c446af448f705c33d553e8c2e9f7,5170ec511fb50cdf10d648416d508574d70e9781ddf156a1b2a86d2b385e94dc,100,1729,maximum_nontransitivity_information_gain,2000.0,3000.0
kata1-b28c512nbt-s12313658112-d5687582971,48,4184.399877266721,4073.5313239658944,4295.2684305675475,4200.90243921563,-16.502561948908806,2,a5803f8a5d9d87202b43d709cb328cedaf18c446af448f705c33d553e8c2e9f7,5170ec511fb50cdf10d648416d508574d70e9781ddf156a1b2a86d2b385e94dc,100,1729,maximum_nontransitivity_information_gain,2000.0,3000.0
kata1-b28c512nbt-s12313658112-d5687582971,50,4177.8694039404045,4069.5082447746954,4286.230563106114,4200.90243921563,-23.033035275225302,2,a5803f8a5d9d87202b43d709cb328cedaf18c446af448f705c33d553e8c2e9f7,5170ec511fb50cdf10d648416d508574d70e9781ddf156a1b2a86d2b385e94dc,100,1729,maximum_nontransitivity_information_gain,2000.0,3000.0
kata1-b28c512nbt-s12313658112-d5687582971,52,4170.871218855358,4064.8090802552338,4276.933357455483,4200.90243921563,-30.031220360271618,2,a5803f8a5d9d87202b43d709cb328cedaf18c446af448f705c33d553e8c2e9f7,5170ec511fb50cdf10d648416d508574d70e9781ddf156a1b2a86d2b385e94dc,100,1729,maximum_nontransitivity_information_gain,2000.0,3000.0
kata1-b28c512nbt-s12313658112-d5687582971,54,4179.180930125904,4075.0266935147306,4283.335166737076,4200.90243921563,-21.72150908972617,2,a5803f8a5d9d87202b43d709cb328cedaf18c446af448f705c33d553e8c2e9f7,5170ec511fb50cdf10d648416d508574d70e9781ddf156a1b2a86d2b385e94dc,100,1729,maximum_nontransitivity_information_gain,2000.0,3000.0
kata1-b28c512nbt-s12313658112-d5687582971,56,4180.760882493175,4078.4890029211465,4283.032762065203,4200.90243921563,-20.14155672245488,2,a5803f8a5d9d87202b43d709cb328cedaf18c446af448f705c33d553e8c2e9f7,5170ec511fb50cdf10d648416d508574d70e9781ddf156a1b2a86d2b385e94dc,100,1729,maximum_nontransitivity_information_gain,2000.0,3000.0
kata1-b28c512nbt-s12313658112-d5687582971,58,4188.06325393012,4087.460744015222,4288.665763845017,4200.90243921563,-12.839185285510212,2,a5803f8a5d9d87202b43d709cb328cedaf18c446af448f705c33d553e8c2e9f7,5170ec511fb50cdf10d648416d508574d70e9781ddf156a1b2a86d2b385e94dc,100,1729,maximum_nontransitivity_information_gain,2000.0,3000.0
kata1-b28c512nbt-s12313658112-d5687582971,60,4189.197857638064,4090.2759072737995,4288.119808002329,4200.90243921563,-11.704581577565477,2,a5803f8a5d9d87202b43d709cb328cedaf18c446af448f705c33d553e8c2e9f7,5170ec511fb50cdf10d648416d508574d70e9781ddf156a1b2a86d2b385e94dc,100,1729,maximum_nontransitivity_information_gain,2000.0,3000.0
kata1-b28c512nbt-s12313658112-d5687582971,62,4190.2485997212125,4092.9121760355406,4287.585023406884,4200.90243921563,-10.653839494417298,2,a5803f8a5d9d87202b43d709cb328cedaf18c446af448f705c33d553e8c2e9f7,5170ec511fb50cdf10d648416d508574d70e9781ddf156a1b2a86d2b385e94dc,100,1729,maximum_nontransitivity_information_gain,2000.0,3000.0
kata1-b28c512nbt-s12313658112-d5687582971,64,4184.248258098445,4088.527263837258,4279.969252359632,4200.90243921563,-16.654181117184635,2,a5803f8a5d9d87202b43d709cb328cedaf18c446af448f705c33d553e8c2e9f7,5170ec511fb50cdf10d648416d508574d70e9781ddf156a1b2a86d2b385e94dc,100,1729,maximum_nontransitivity_information_gain,2000.0,3000.0
kata1-b28c512nbt-s12313658112-d5687582971,66,4183.544118198502,4089.2681065137635,4277.820129883239,4200.90243921563,-17.35832101712822,2,a5803f8a5d9d87202b43d709cb328cedaf18c446af448f705c33d553e8c2e9f7,5170ec511fb50cdf10d648416d508574d70e9781ddf156a1b2a86d2b385e94dc,100,1729,maximum_nontransitivity_information_gain,2000.0,3000.0
kata1-b28c512nbt-s12313658112-d5687582971,68,4189.572657589713,4096.575941896697,4282.569373282729,4200.90243921563,-11.32978162591644,2,a5803f8a5d9d87202b43d709cb328cedaf18c446af448f705c33d553e8c2e9f7,5170ec511fb50cdf10d648416d508574d70e9781ddf156a1b2a86d2b385e94dc,100,1729,maximum_nontransitivity_information_gain,2000.0,3000.0
kata1-b28c512nbt-s12313658112-d5687582971,70,4190.477652507433,4098.763688571503,4282.191616443363,4200.90243921563,-10.424786708196734,2,a5803f8a5d9d87202b43d709cb328cedaf18c446af448f705c33d553e8c2e9f7,5170ec511fb50cdf10d648416d508574d70e9781ddf156a1b2a86d2b385e94dc,100,1729,maximum_nontransitivity_information_gain,2000.0,3000.0
kata1-b28c512nbt-s12313658112-d5687582971,72,4190.564430253011,4100.08665994928,4281.042200556742,4200.90243921563,-10.338008962618915,2,a5803f8a5d9d87202b43d709cb328cedaf18c446af448f705c33d553e8c2e9f7,5170ec511fb50cdf10d648416d508574d70e9781ddf156a1b2a86d2b385e94dc,100,1729,maximum_nontransitivity_information_gain,2000.0,3000.0
kata1-b28c512nbt-s12313658112-d5687582971,74,4186.1769384667505,4096.925954046027,4275.427922887474,4200.90243921563,-14.725500748879313,2,a5803f8a5d9d87202b43d709cb328cedaf18c446af448f705c33d553e8c2e9f7,5170ec511fb50cdf10d648416d508574d70e9781ddf156a1b2a86d2b385e94dc,100,1729,maximum_nontransitivity_information_gain,2000.0,3000.0
kata1-b28c512nbt-s12313658112-d5687582971,76,4185.51863021057,4097.399069363537,4273.638191057604,4200.90243921563,-15.383809005059447,2,a5803f8a5d9d87202b43d709cb328cedaf18c446af448f705c33d553e8c2e9f7,5170ec511fb50cdf10d648416d508574d70e9781ddf156a1b2a86d2b385e94dc,100,1729,maximum_nontransitivity_information_gain,2000.0,3000.0
kata1-b28c512nbt-s12313658112-d5687582971,78,4189.815447236361,4102.720271064156,4276.910623408567,4200.90243921563,-11.086991979268532,2,a5803f8a5d9d87202b43d709cb328cedaf18c446af448f705c33d553e8c2e9f7,5170ec511fb50cdf10d648416d508574d70e9781ddf156a1b2a86d2b385e94dc,100,1729,maximum_nontransitivity_information_gain,2000.0,3000.0
kata1-b28c512nbt-s12313658112-d5687582971,80,4189.91051301374,4103.844956382095,4275.976069645384,4200.90243921563,-10.991926201890237,2,a5803f8a5d9d87202b43d709cb328cedaf18c446af448f705c33d553e8c2e9f7,5170ec511fb50cdf10d648416d508574d70e9781ddf156a1b2a86d2b385e94dc,100,1729,maximum_nontransitivity_information_gain,2000.0,3000.0
kata1-b28c512nbt-s12313658112-d5687582971,82,4194.656009662512,4109.515791679754,4279.796227645269,4200.90243921563,-6.246429553118105,2,a5803f8a5d9d87202b43d709cb328cedaf18c446af448f705c33d553e8c2e9f7,5170ec511fb50cdf10d648416d508574d70e9781ddf156a1b2a86d2b385e94dc,100,1729,maximum_nontransitivity_information_gain,2000.0,3000.0
kata1-b28c512nbt-s12313658112-d5687582971,84,4190.730003182795,4106.584389099519,4274.8756172660715,4200.90243921563,-10.172436032834412,2,a5803f8a5d9d87202b43d709cb328cedaf18c446af448f705c33d553e8c2e9f7,5170ec511fb50cdf10d648416d508574d70e9781ddf156a1b2a86d2b385e94dc,100,1729,maximum_nontransitivity_information_gain,2000.0,3000.0
kata1-b28c512nbt-s12313658112-d5687582971,86,4190.037499802952,4106.807319735057,4273.267679870847,4200.90243921563,-10.864939412677813,2,a5803f8a5d9d87202b43d709cb328cedaf18c446af448f705c33d553e8c2e9f7,5170ec511fb50cdf10d648416d508574d70e9781ddf156a1b2a86d2b385e94dc,100,1729,maximum_nontransitivity_information_gain,2000.0,3000.0
kata1-b28c512nbt-s12313658112-d5687582971,88,4190.113385305643,4107.755741066753,4272.471029544532,4200.90243921563,-10.78905390998716,2,a5803f8a5d9d87202b43d709cb328cedaf18c446af448f705c33d553e8c2e9f7,5170ec511fb50cdf10d648416d508574d70e9781ddf156a1b2a86d2b385e94dc,100,1729,maximum_nontransitivity_information_gain,2000.0,3000.0
kata1-b28c512nbt-s12313658112-d5687582971,90,4190.80178034453,4109.2735771827865,4272.3299835062735,4200.90243921563,-10.100658871099768,2,a5803f8a5d9d87202b43d709cb328cedaf18c446af448f705c33d553e8c2e9f7,5170ec511fb50cdf10d648416d508574d70e9781ddf156a1b2a86d2b385e94dc,100,1729,maximum_nontransitivity_information_gain,2000.0,3000.0
kata1-b28c512nbt-s12313658112-d5687582971,92,4194.273417128326,4113.515812615605,4275.031021641048,4200.90243921563,-6.629022087303383,2,a5803f8a5d9d87202b43d709cb328cedaf18c446af448f705c33d553e8c2e9f7,5170ec511fb50cdf10d648416d508574d70e9781ddf156a1b2a86d2b385e94dc,100,1729,maximum_nontransitivity_information_gain,2000.0,3000.0
kata1-b28c512nbt-s12313658112-d5687582971,94,4194.2484066128845,4114.272411896545,4274.224401329224,4200.90243921563,-6.6540326027452465,2,a5803f8a5d9d87202b43d709cb328cedaf18c446af448f705c33d553e8c2e9f7,5170ec511fb50cdf10d648416d508574d70e9781ddf156a1b2a86d2b385e94dc,100,1729,maximum_nontransitivity_information_gain,2000.0,3000.0
kata1-b28c512nbt-s12313658112-d5687582971,96,4194.795199761997,4115.564144288415,4274.026255235578,4200.90243921563,-6.107239453633156,2,a5803f8a5d9d87202b43d709cb328cedaf18c446af448f705c33d553e8c2e9f7,5170ec511fb50cdf10d648416d508574d70e9781ddf156a1b2a86d2b385e94dc,100,1729,maximum_nontransitivity_information_gain,2000.0,3000.0
kata1-b28c512nbt-s12313658112-d5687582971,98,4198.606173853249,4120.057834666951,4277.154513039547,4200.90243921563,-2.2962653623808365,2,a5803f8a5d9d87202b43d709cb328cedaf18c446af448f705c33d553e8c2e9f7,5170ec511fb50cdf10d648416d508574d70e9781ddf156a1b2a86d2b385e94dc,100,1729,maximum_nontransitivity_information_gain,2000.0,3000.0
kata1-b28c512nbt-s12313658112-d5687582971,100,4199.037298874271,4121.185297887574,4276.889299860968,4200.90243921563,-1.8651403413587104,2,a5803f8a5d9d87202b43d709cb328cedaf18c446af448f705c33d553e8c2e9f7,5170ec511fb50cdf10d648416d508574d70e9781ddf156a1b2a86d2b385e94dc,100,1729,maximum_nontransitivity_information_gain,2000.0,3000.0
kata1-b28c512nbt-s7229617920-d4333415784-playouts60,2,3987.774352581349,2305.524759272603,5670.023945890094,4309.451041532548,-321.6766889511987,2,a5803f8a5d9d87202b43d709cb328cedaf18c446af448f705c33d553e8c2e9f7,5170ec511fb50cdf10d648416d508574d70e9781ddf156a1b2a86d2b385e94dc,100,1729,maximum_nontransitivity_information_gain,2000.0,3000.0
kata1-b28c512nbt-s7229617920-d4333415784-playouts60,4,4165.188536966472,3627.92105497552,4702.456018957425,4309.451041532548,-144.26250456607522,2,a5803f8a5d9d87202b43d709cb328cedaf18c446af448f705c33d553e8c2e9f7,5170ec511fb50cdf10d648416d508574d70e9781ddf156a1b2a86d2b385e94dc,100,1729,maximum_nontransitivity_information_gain,2000.0,3000.0
kata1-b28c512nbt-s7229617920-d4333415784-playouts60,6,4265.994222464367,3868.728548345003,4663.2598965837315,4309.451041532548,-43.456819068180266,2,a5803f8a5d9d87202b43d709cb328cedaf18c446af448f705c33d553e8c2e9f7,5170ec511fb50cdf10d648416d508574d70e9781ddf156a1b2a86d2b385e94dc,100,1729,maximum_nontransitivity_information_gain,2000.0,3000.0
kata1-b28c512nbt-s7229617920-d4333415784-playouts60,8,4344.232811726217,4012.2286477844245,4676.236975668009,4309.451041532548,34.78177019366922,2,a5803f8a5d9d87202b43d709cb328cedaf18c446af448f705c33d553e8c2e9f7,5170ec511fb50cdf10d648416d508574d70e9781ddf156a1b2a86d2b385e94dc,100,1729,maximum_nontransitivity_information_gain,2000.0,3000.0
kata1-b28c512nbt-s7229617920-d4333415784-playouts60,10,4289.426077018466,4024.084165619547,4554.767988417384,4309.451041532548,-20.024964514082058,2,a5803f8a5d9d87202b43d709cb328cedaf18c446af448f705c33d553e8c2e9f7,5170ec511fb50cdf10d648416d508574d70e9781ddf156a1b2a86d2b385e94dc,100,1729,maximum_nontransitivity_information_gain,2000.0,3000.0
kata1-b28c512nbt-s7229617920-d4333415784-playouts60,12,4285.5262845196985,4052.1774606985114,4518.875108340886,4309.451041532548,-23.924757012849113,2,a5803f8a5d9d87202b43d709cb328cedaf18c446af448f705c33d553e8c2e9f7,5170ec511fb50cdf10d648416d508574d70e9781ddf156a1b2a86d2b385e94dc,100,1729,maximum_nontransitivity_information_gain,2000.0,3000.0
kata1-b28c512nbt-s7229617920-d4333415784-playouts60,14,4316.050221368252,4102.107473501321,4529.992969235183,4309.451041532548,6.59917983570449,2,a5803f8a5d9d87202b43d709cb328cedaf18c446af448f705c33d553e8c2e9f7,5170ec511fb50cdf10d648416d508574d70e9781ddf156a1b2a86d2b385e94dc,100,1729,maximum_nontransitivity_information_gain,2000.0,3000.0
kata1-b28c512nbt-s7229617920-d4333415784-playouts60,16,4289.52137855387,4094.8238985383905,4484.218858569349,4309.451041532548,-19.929662978677698,2,a5803f8a5d9d87202b43d709cb328cedaf18c446af448f705c33d553e8c2e9f7,5170ec511fb50cdf10d648416d508574d70e9781ddf156a1b2a86d2b385e94dc,100,1729,maximum_nontransitivity_information_gain,2000.0,3000.0
kata1-b28c512nbt-s7229617920-d4333415784-playouts60,18,4263.4510565588735,4082.7511751811517,4444.150937936595,4309.451041532548,-45.999984973674145,2,a5803f8a5d9d87202b43d709cb328cedaf18c446af448f705c33d553e8c2e9f7,5170ec511fb50cdf10d648416d508574d70e9781ddf156a1b2a86d2b385e94dc,100,1729,maximum_nontransitivity_information_gain,2000.0,3000.0
kata1-b28c512nbt-s7229617920-d4333415784-playouts60,20,4243.6654030339705,4073.598983372335,4413.731822695606,4309.451041532548,-65.7856384985771,2,a5803f8a5d9d87202b43d709cb328cedaf18c446af448f705c33d553e8c2e9f7,5170ec511fb50cdf10d648416d508574d70e9781ddf156a1b2a86d2b385e94dc,100,1729,maximum_nontransitivity_information_gain,2000.0,3000.0
kata1-b28c512nbt-s7229617920-d4333415784-playouts60,22,4257.454990567517,4096.183344810177,4418.726636324856,4309.451041532548,-51.99605096503092,2,a5803f8a5d9d87202b43d709cb328cedaf18c446af448f705c33d553e8c2e9f7,5170ec511fb50cdf10d648416d508574d70e9781ddf156a1b2a86d2b385e94dc,100,1729,maximum_nontransitivity_information_gain,2000.0,3000.0
kata1-b28c512nbt-s7229617920-d4333415784-playouts60,24,4258.886647927566,4105.180383733039,4412.5929121220925,4309.451041532548,-50.56439360498189,2,a5803f8a5d9d87202b43d709cb328cedaf18c446af448f705c33d553e8c2e9f7,5170ec511fb50cdf10d648416d508574d70e9781ddf156a1b2a86d2b385e94dc,100,1729,maximum_nontransitivity_information_gain,2000.0,3000.0
kata1-b28c512nbt-s7229617920-d4333415784-playouts60,26,4260.067037439198,4112.896498084888,4407.237576793509,4309.451041532548,-49.384004093349176,2,a5803f8a5d9d87202b43d709cb328cedaf18c446af448f705c33d553e8c2e9f7,5170ec511fb50cdf10d648416d508574d70e9781ddf156a1b2a86d2b385e94dc,100,1729,maximum_nontransitivity_information_gain,2000.0,3000.0
kata1-b28c512nbt-s7229617920-d4333415784-playouts60,28,4261.056872172183,4119.603631116706,4402.5101132276595,4309.451041532548,-48.394169360364685,2,a5803f8a5d9d87202b43d709cb328cedaf18c446af448f705c33d553e8c2e9f7,5170ec511fb50cdf10d648416d508574d70e9781ddf156a1b2a86d2b385e94dc,100,1729,maximum_nontransitivity_information_gain,2000.0,3000.0
kata1-b28c512nbt-s7229617920-d4333415784-playouts60,30,4261.898782807588,4125.499833370539,4398.297732244637,4309.451041532548,-47.552258724959756,2,a5803f8a5d9d87202b43d709cb328cedaf18c446af448f705c33d553e8c2e9f7,5170ec511fb50cdf10d648416d508574d70e9781ddf156a1b2a86d2b385e94dc,100,1729,maximum_nontransitivity_information_gain,2000.0,3000.0
kata1-b28c512nbt-s7229617920-d4333415784-playouts60,32,4262.623560828916,4130.733079271348,4394.514042386484,4309.451041532548,-46.82748070363141,2,a5803f8a5d9d87202b43d709cb328cedaf18c446af448f705c33d553e8c2e9f7,5170ec511fb50cdf10d648416d508574d70e9781ddf156a1b2a86d2b385e94dc,100,1729,maximum_nontransitivity_information_gain,2000.0,3000.0
kata1-b28c512nbt-s7229617920-d4333415784-playouts60,34,4263.254069249214,4135.416446595717,4391.09169190271,4309.451041532548,-46.19697228333371,2,a5803f8a5d9d87202b43d709cb328cedaf18c446af448f705c33d553e8c2e9f7,5170ec511fb50cdf10d648416d508574d70e9781ddf156a1b2a86d2b385e94dc,100,1729,maximum_nontransitivity_information_gain,2000.0,3000.0
kata1-b28c512nbt-s7229617920-d4333415784-playouts60,36,4263.807513380071,4139.637856461389,4387.977170298754,4309.451041532548,-45.64352815247639,2,a5803f8a5d9d87202b43d709cb328cedaf18c446af448f705c33d553e8c2e9f7,5170ec511fb50cdf10d648416d508574d70e9781ddf156a1b2a86d2b385e94dc,100,1729,maximum_nontransitivity_information_gain,2000.0,3000.0
kata1-b28c512nbt-s7229617920-d4333415784-playouts60,38,4264.297198555421,4143.466921798795,4385.127475312048,4309.451041532548,-45.15384297712626,2,a5803f8a5d9d87202b43d709cb328cedaf18c446af448f705c33d553e8c2e9f7,5170ec511fb50cdf10d648416d508574d70e9781ddf156a1b2a86d2b385e94dc,100,1729,maximum_nontransitivity_information_gain,2000.0,3000.0
kata1-b28c512nbt-s7229617920-d4333415784-playouts60,40,4277.217716110201,4159.339798244184,4395.095633976218,4309.451041532548,-32.23332542234675,2,a5803f8a5d9d87202b43d709cb328cedaf18c446af448f705c33d553e8c2e9f7,5170ec511fb50cdf10d648416d508574d70e9781ddf156a1b2a86d2b385e94dc,100,1729,maximum_nontransitivity_information_gain,2000.0,3000.0
kata1-b28c512nbt-s7229617920-d4333415784-playouts60,42,4270.515159249811,4155.4999479354665,4385.530370564156,4309.451041532548,-38.9358822827362,2,a5803f8a5d9d87202b43d709cb328cedaf18c446af448f705c33d553e8c2e9f7,5170ec511fb50cdf10d648416d508574d70e9781ddf156a1b2a86d2b385e94dc,100,1729,maximum_nontransitivity_information_gain,2000.0,3000.0
kata1-b28c512nbt-s7229617920-d4333415784-playouts60,44,4264.472872180795,4152.039074085557,4376.906670276033,4309.451041532548,-44.97816935175251,2,a5803f8a5d9d87202b43d709cb328cedaf18c446af448f705c33d553e8c2e9f7,5170ec511fb50cdf10d648416d508574d70e9781ddf156a1b2a86d2b385e94dc,100,1729,maximum_nontransitivity_information_gain,2000.0,3000.0
kata1-b28c512nbt-s7229617920-d4333415784-playouts60,46,4264.840532700894,4154.830307246655,4374.850758155133,4309.451041532548,-44.61050883165353,2,a5803f8a5d9d87202b43d709cb328cedaf18c446af448f705c33d553e8c2e9f7,5170ec511fb50cdf10d648416d508574d70e9781ddf156a1b2a86d2b385e94dc,100,1729,maximum_nontransitivity_information_gain,2000.0,3000.0
kata1-b28c512nbt-s7229617920-d4333415784-playouts60,48,4269.764666261403,4161.980193811252,4377.549138711554,4309.451041532548,-39.68637527114424,2,a5803f8a5d9d87202b43d709cb328cedaf18c446af448f705c33d553e8c2e9f7,5170ec511fb50cdf10d648416d508574d70e9781ddf156a1b2a86d2b385e94dc,100,1729,maximum_nontransitivity_information_gain,2000.0,3000.0
kata1-b28c512nbt-s7229617920-d4333415784-playouts60,50,4269.877469557611,4164.19896239054,4375.555976724682,4309.451041532548,-39.573571974936385,2,a5803f8a5d9d87202b43d709cb328cedaf18c446af448f705c33d553e8c2e9f7,5170ec511fb50cdf10d648416d508574d70e9781ddf156a1b2a86d2b385e94dc,100,1729,maximum_nontransitivity_information_gain,2000.0,3000.0
kata1-b28c512nbt-s7229617920-d4333415784-playouts60,52,4272.132295288225,4168.407100325962,4375.857490250487,4309.451041532548,-37.31874624432294,2,a5803f8a5d9d87202b43d709cb328cedaf18c446af448f705c33d553e8c2e9f7,5170ec511fb50cdf10d648416d508574d70e9781ddf156a1b2a86d2b385e94dc,100,1729,maximum_nontransitivity_information_gain,2000.0,3000.0
kata1-b28c512nbt-s7229617920-d4333415784-playouts60,54,4274.208568797774,4172.319331135245,4376.097806460303,4309.451041532548,-35.2424727347734,2,a5803f8a5d9d87202b43d709cb328cedaf18c446af448f705c33d553e8c2e9f7,5170ec511fb50cdf10d648416d508574d70e9781ddf156a1b2a86d2b385e94dc,100,1729,maximum_nontransitivity_information_gain,2000.0,3000.0
kata1-b28c512nbt-s7229617920-d4333415784-playouts60,56,4274.141633299864,4173.995846230969,4374.28742036876,4309.451041532548,-35.30940823268338,2,a5803f8a5d9d87202b43d709cb328cedaf18c446af448f705c33d553e8c2e9f7,5170ec511fb50cdf10d648416d508574d70e9781ddf156a1b2a86d2b385e94dc,100,1729,maximum_nontransitivity_information_gain,2000.0,3000.0
kata1-b28c512nbt-s7229617920-d4333415784-playouts60,58,4282.482523007746,4183.9427892543,4381.022256761192,4309.451041532548,-26.968518524801766,2,a5803f8a5d9d87202b43d709cb328cedaf18c446af448f705c33d553e8c2e9f7,5170ec511fb50cdf10d648416d508574d70e9781ddf156a1b2a86d2b385e94dc,100,1729,maximum_nontransitivity_information_gain,2000.0,3000.0
kata1-b28c512nbt-s7229617920-d4333415784-playouts60,60,4284.551460985277,4187.551167986304,4381.55175398425,4309.451041532548,-24.89958054727049,2,a5803f8a5d9d87202b43d709cb328cedaf18c446af448f705c33d553e8c2e9f7,5170ec511fb50cdf10d648416d508574d70e9781ddf156a1b2a86d2b385e94dc,100,1729,maximum_nontransitivity_information_gain,2000.0,3000.0
kata1-b28c512nbt-s7229617920-d4333415784-playouts60,62,4280.404616892191,4184.884427400715,4375.924806383668,4309.451041532548,-29.046424640356236,2,a5803f8a5d9d87202b43d709cb328cedaf18c446af448f705c33d553e8c2e9f7,5170ec511fb50cdf10d648416d508574d70e9781ddf156a1b2a86d2b385e94dc,100,1729,maximum_nontransitivity_information_gain,2000.0,3000.0
kata1-b28c512nbt-s7229617920-d4333415784-playouts60,64,4281.863876394967,4187.736513694476,4375.991239095457,4309.451041532548,-27.587165137580996,2,a5803f8a5d9d87202b43d709cb328cedaf18c446af448f705c33d553e8c2e9f7,5170ec511fb50cdf10d648416d508574d70e9781ddf156a1b2a86d2b385e94dc,100,1729,maximum_nontransitivity_information_gain,2000.0,3000.0
kata1-b28c512nbt-s7229617920-d4333415784-playouts60,66,4288.8935471274735,4196.0721538900525,4381.714940364895,4309.451041532548,-20.557494405074067,2,a5803f8a5d9d87202b43d709cb328cedaf18c446af448f705c33d553e8c2e9f7,5170ec511fb50cdf10d648416d508574d70e9781ddf156a1b2a86d2b385e94dc,100,1729,maximum_nontransitivity_information_gain,2000.0,3000.0
kata1-b28c512nbt-s7229617920-d4333415784-playouts60,68,4290.5127656236955,4198.949123340104,4382.076407907287,4309.451041532548,-18.93827590885212,2,a5803f8a5d9d87202b43d709cb328cedaf18c446af448f705c33d553e8c2e9f7,5170ec511fb50cdf10d648416d508574d70e9781ddf156a1b2a86d2b385e94dc,100,1729,maximum_nontransitivity_information_gain,2000.0,3000.0
kata1-b28c512nbt-s7229617920-d4333415784-playouts60,70,4292.033176860911,4201.668801579557,4382.397552142265,4309.451041532548,-17.41786467163638,2,a5803f8a5d9d87202b43d709cb328cedaf18c446af448f705c33d553e8c2e9f7,5170ec511fb50cdf10d648416d508574d70e9781ddf156a1b2a86d2b385e94dc,100,1729,maximum_nontransitivity_information_gain,2000.0,3000.0
kata1-b28c512nbt-s7229617920-d4333415784-playouts60,72,4287.808293722727,4198.60708053278,4377.009506912675,4309.451041532548,-21.64274780982032,2,a5803f8a5d9d87202b43d709cb328cedaf18c446af448f705c33d553e8c2e9f7,5170ec511fb50cdf10d648416d508574d70e9781ddf156a1b2a86d2b385e94dc,100,1729,maximum_nontransitivity_information_gain,2000.0,3000.0
kata1-b28c512nbt-s7229617920-d4333415784-playouts60,74,4289.322551172363,4201.214817803732,4377.430284540994,4309.451041532548,-20.128490360184514,2,a5803f8a5d9d87202b43d709cb328cedaf18c446af448f705c33d553e8c2e9f7,5170ec511fb50cdf10d648416d508574d70e9781ddf156a1b2a86d2b385e94dc,100,1729,maximum_nontransitivity_information_gain,2000.0,3000.0
kata1-b28c512nbt-s7229617920-d4333415784-playouts60,76,4295.181246286742,4208.113169401709,4382.249323171775,4309.451041532548,-14.269795245805653,2,a5803f8a5d9d87202b43d709cb328cedaf18c446af448f705c33d553e8c2e9f7,5170ec511fb50cdf10d648416d508574d70e9781ddf156a1b2a86d2b385e94dc,100,1729,maximum_nontransitivity_information_gain,2000.0,3000.0
kata1-b28c512nbt-s7229617920-d4333415784-playouts60,78,4291.642579962502,4205.589289170623,4377.695870754382,4309.451041532548,-17.808461570045438,2,a5803f8a5d9d87202b43d709cb328cedaf18c446af448f705c33d553e8c2e9f7,5170ec511fb50cdf10d648416d508574d70e9781ddf156a1b2a86d2b385e94dc,100,1729,maximum_nontransitivity_information_gain,2000.0,3000.0
kata1-b28c512nbt-s7229617920-d4333415784-playouts60,80,4287.869016231605,4202.779733801144,4372.958298662066,4309.451041532548,-21.582025300942405,2,a5803f8a5d9d87202b43d709cb328cedaf18c446af448f705c33d553e8c2e9f7,5170ec511fb50cdf10d648416d508574d70e9781ddf156a1b2a86d2b385e94dc,100,1729,maximum_nontransitivity_information_gain,2000.0,3000.0
kata1-b28c512nbt-s7229617920-d4333415784-playouts60,82,4296.476035777114,4212.305846087647,4380.64622546658,4309.451041532548,-12.975005755433813,2,a5803f8a5d9d87202b43d709cb328cedaf18c446af448f705c33d553e8c2e9f7,5170ec511fb50cdf10d648416d508574d70e9781ddf156a1b2a86d2b385e94dc,100,1729,maximum_nontransitivity_information_gain,2000.0,3000.0
kata1-b28c512nbt-s7229617920-d4333415784-playouts60,84,4297.586410486397,4214.305810279715,4380.867010693079,4309.451041532548,-11.864631046150862,2,a5803f8a5d9d87202b43d709cb328cedaf18c446af448f705c33d553e8c2e9f7,5170ec511fb50cdf10d648416d508574d70e9781ddf156a1b2a86d2b385e94dc,100,1729,maximum_nontransitivity_information_gain,2000.0,3000.0
kata1-b28c512nbt-s7229617920-d4333415784-playouts60,86,4299.191198691596,4216.759358940539,4381.623038442653,4309.451041532548,-10.259842840951933,2,a5803f8a5d9d87202b43d709cb328cedaf18c446af448f705c33d553e8c2e9f7,5170ec511fb50cdf10d648416d508574d70e9781ddf156a1b2a86d2b385e94dc,100,1729,maximum_nontransitivity_information_gain,2000.0,3000.0
kata1-b28c512nbt-s7229617920-d4333415784-playouts60,88,4300.7185350779255,4219.104508770399,4382.332561385452,4309.451041532548,-8.732506454622126,2,a5803f8a5d9d87202b43d709cb328cedaf18c446af448f705c33d553e8c2e9f7,5170ec511fb50cdf10d648416d508574d70e9781ddf156a1b2a86d2b385e94dc,100,1729,maximum_nontransitivity_information_gain,2000.0,3000.0
kata1-b28c512nbt-s7229617920-d4333415784-playouts60,90,4301.653977660238,4220.836213665736,4382.471741654739,4309.451041532548,-7.797063872309991,2,a5803f8a5d9d87202b43d709cb328cedaf18c446af448f705c33d553e8c2e9f7,5170ec511fb50cdf10d648416d508574d70e9781ddf156a1b2a86d2b385e94dc,100,1729,maximum_nontransitivity_information_gain,2000.0,3000.0
kata1-b28c512nbt-s7229617920-d4333415784-playouts60,92,4299.017557757353,4218.967195770755,4379.06791974395,4309.451041532548,-10.433483775194873,2,a5803f8a5d9d87202b43d709cb328cedaf18c446af448f705c33d553e8c2e9f7,5170ec511fb50cdf10d648416d508574d70e9781ddf156a1b2a86d2b385e94dc,100,1729,maximum_nontransitivity_information_gain,2000.0,3000.0
kata1-b28c512nbt-s7229617920-d4333415784-playouts60,94,4299.5840603373135,4220.277094756443,4378.891025918184,4309.451041532548,-9.866981195234075,2,a5803f8a5d9d87202b43d709cb328cedaf18c446af448f705c33d553e8c2e9f7,5170ec511fb50cdf10d648416d508574d70e9781ddf156a1b2a86d2b385e94dc,100,1729,maximum_nontransitivity_information_gain,2000.0,3000.0
kata1-b28c512nbt-s7229617920-d4333415784-playouts60,96,4300.482193792625,4221.891494982079,4379.072892603172,4309.451041532548,-8.96884773992224,2,a5803f8a5d9d87202b43d709cb328cedaf18c446af448f705c33d553e8c2e9f7,5170ec511fb50cdf10d648416d508574d70e9781ddf156a1b2a86d2b385e94dc,100,1729,maximum_nontransitivity_information_gain,2000.0,3000.0
kata1-b28c512nbt-s7229617920-d4333415784-playouts60,98,4300.993173915727,4223.095846237611,4378.8905015938435,4309.451041532548,-8.457867616820295,2,a5803f8a5d9d87202b43d709cb328cedaf18c446af448f705c33d553e8c2e9f7,5170ec511fb50cdf10d648416d508574d70e9781ddf156a1b2a86d2b385e94dc,100,1729,maximum_nontransitivity_information_gain,2000.0,3000.0
kata1-b28c512nbt-s7229617920-d4333415784-playouts60,100,4298.142880337082,4220.912746734615,4375.373013939548,4309.451041532548,-11.3081611954658,2,a5803f8a5d9d87202b43d709cb328cedaf18c446af448f705c33d553e8c2e9f7,5170ec511fb50cdf10d648416d508574d70e9781ddf156a1b2a86d2b385e94dc,100,1729,maximum_nontransitivity_information_gain,2000.0,3000.0
kata1-b28c512nbt-s8566598912-d4691918754-playouts600,2,3987.8210849562,2305.579999605944,5670.062170306456,4428.2401356648315,-440.4190507086314,2,a5803f8a5d9d87202b43d709cb328cedaf18c446af448f705c33d553e8c2e9f7,5170ec511fb50cdf10d648416d508574d70e9781ddf156a1b2a86d2b385e94dc,100,1729,maximum_nontransitivity_information_gain,2000.0,3000.0
kata1-b28c512nbt-s8566598912-d4691918754-playouts600,4,4165.086605417854,3627.7040937893153,4702.469117046393,4428.2401356648315,-263.1535302469774,2,a5803f8a5d9d87202b43d709cb328cedaf18c446af448f705c33d553e8c2e9f7,5170ec511fb50cdf10d648416d508574d70e9781ddf156a1b2a86d2b385e94dc,100,1729,maximum_nontransitivity_information_gain,2000.0,3000.0
kata1-b28c512nbt-s8566598912-d4691918754-playouts600,6,4267.3181306854685,3869.7132860243455,4664.922975346592,4428.2401356648315,-160.922004979363,2,a5803f8a5d9d87202b43d709cb328cedaf18c446af448f705c33d553e8c2e9f7,5170ec511fb50cdf10d648416d508574d70e9781ddf156a1b2a86d2b385e94dc,100,1729,maximum_nontransitivity_information_gain,2000.0,3000.0
kata1-b28c512nbt-s8566598912-d4691918754-playouts600,8,4441.4100967853965,4062.6572076816356,4820.162985889157,4428.2401356648315,13.169961120564949,2,a5803f8a5d9d87202b43d709cb328cedaf18c446af448f705c33d553e8c2e9f7,5170ec511fb50cdf10d648416d508574d70e9781ddf156a1b2a86d2b385e94dc,100,1729,maximum_nontransitivity_information_gain,2000.0,3000.0
kata1-b28c512nbt-s8566598912-d4691918754-playouts600,10,4421.206227739073,4126.959855932066,4715.452599546081,4428.2401356648315,-7.033907925758285,2,a5803f8a5d9d87202b43d709cb328cedaf18c446af448f705c33d553e8c2e9f7,5170ec511fb50cdf10d648416d508574d70e9781ddf156a1b2a86d2b385e94dc,100,1729,maximum_nontransitivity_information_gain,2000.0,3000.0
kata1-b28c512nbt-s8566598912-d4691918754-playouts600,12,4514.959770582453,4234.148218117317,4795.771323047588,4428.2401356648315,86.71963491762108,2,a5803f8a5d9d87202b43d709cb328cedaf18c446af448f705c33d553e8c2e9f7,5170ec511fb50cdf10d648416d508574d70e9781ddf156a1b2a86d2b385e94dc,100,1729,maximum_nontransitivity_information_gain,2000.0,3000.0
kata1-b28c512nbt-s8566598912-d4691918754-playouts600,14,4444.357711758676,4214.644783515331,4674.07064000202,4428.2401356648315,16.117576093844036,2,a5803f8a5d9d87202b43d709cb328cedaf18c446af448f705c33d553e8c2e9f7,5170ec511fb50cdf10d648416d508574d70e9781ddf156a1b2a86d2b385e94dc,100,1729,maximum_nontransitivity_information_gain,2000.0,3000.0
kata1-b28c512nbt-s8566598912-d4691918754-playouts600,16,4434.0978438723005,4226.68998850599,4641.505699238611,4428.2401356648315,5.8577082074689315,2,a5803f8a5d9d87202b43d709cb328cedaf18c446af448f705c33d553e8c2e9f7,5170ec511fb50cdf10d648416d508574d70e9781ddf156a1b2a86d2b385e94dc,100,1729,maximum_nontransitivity_information_gain,2000.0,3000.0
kata1-b28c512nbt-s8566598912-d4691918754-playouts600,18,4399.690066440574,4211.624014786149,4587.756118094999,4428.2401356648315,-28.55006922425764,2,a5803f8a5d9d87202b43d709cb328cedaf18c446af448f705c33d553e8c2e9f7,5170ec511fb50cdf10d648416d508574d70e9781ddf156a1b2a86d2b385e94dc,100,1729,maximum_nontransitivity_information_gain,2000.0,3000.0
kata1-b28c512nbt-s8566598912-d4691918754-playouts600,20,4397.047007951576,4221.12455582681,4572.969460076342,4428.2401356648315,-31.193127713255308,2,a5803f8a5d9d87202b43d709cb328cedaf18c446af448f705c33d553e8c2e9f7,5170ec511fb50cdf10d648416d508574d70e9781ddf156a1b2a86d2b385e94dc,100,1729,maximum_nontransitivity_information_gain,2000.0,3000.0
kata1-b28c512nbt-s8566598912-d4691918754-playouts600,22,4413.971997406824,4246.618238178494,4581.325756635154,4428.2401356648315,-14.268138258007639,2,a5803f8a5d9d87202b43d709cb328cedaf18c446af448f705c33d553e8c2e9f7,5170ec511fb50cdf10d648416d508574d70e9781ddf156a1b2a86d2b385e94dc,100,1729,maximum_nontransitivity_information_gain,2000.0,3000.0
kata1-b28c512nbt-s8566598912-d4691918754-playouts600,24,4410.386648544682,4251.694767252164,4569.078529837201,4428.2401356648315,-17.85348712014911,2,a5803f8a5d9d87202b43d709cb328cedaf18c446af448f705c33d553e8c2e9f7,5170ec511fb50cdf10d648416d508574d70e9781ddf156a1b2a86d2b385e94dc,100,1729,maximum_nontransitivity_information_gain,2000.0,3000.0
kata1-b28c512nbt-s8566598912-d4691918754-playouts600,26,4406.5824637180385,4255.283318374424,4557.881609061653,4428.2401356648315,-21.657671946793016,2,a5803f8a5d9d87202b43d709cb328cedaf18c446af448f705c33d553e8c2e9f7,5170ec511fb50cdf10d648416d508574d70e9781ddf156a1b2a86d2b385e94dc,100,1729,maximum_nontransitivity_information_gain,2000.0,3000.0
kata1-b28c512nbt-s8566598912-d4691918754-playouts600,28,4404.242677385964,4259.278231703889,4549.207123068039,4428.2401356648315,-23.99745827886727,2,a5803f8a5d9d87202b43d709cb328cedaf18c446af448f705c33d553e8c2e9f7,5170ec511fb50cdf10d648416d508574d70e9781ddf156a1b2a86d2b385e94dc,100,1729,maximum_nontransitivity_information_gain,2000.0,3000.0
kata1-b28c512nbt-s8566598912-d4691918754-playouts600,30,4402.859447306625,4263.412665546168,4542.306229067082,4428.2401356648315,-25.3806883582065,2,a5803f8a5d9d87202b43d709cb328cedaf18c446af448f705c33d553e8c2e9f7,5170ec511fb50cdf10d648416d508574d70e9781ddf156a1b2a86d2b385e94dc,100,1729,maximum_nontransitivity_information_gain,2000.0,3000.0
kata1-b28c512nbt-s8566598912-d4691918754-playouts600,32,4400.43530509701,4265.920320790832,4534.950289403188,4428.2401356648315,-27.804830567821227,2,a5803f8a5d9d87202b43d709cb328cedaf18c446af448f705c33d553e8c2e9f7,5170ec511fb50cdf10d648416d508574d70e9781ddf156a1b2a86d2b385e94dc,100,1729,maximum_nontransitivity_information_gain,2000.0,3000.0
kata1-b28c512nbt-s8566598912-d4691918754-playouts600,34,4387.149228127858,4257.410662859053,4516.887793396662,4428.2401356648315,-41.090907536973646,2,a5803f8a5d9d87202b43d709cb328cedaf18c446af448f705c33d553e8c2e9f7,5170ec511fb50cdf10d648416d508574d70e9781ddf156a1b2a86d2b385e94dc,100,1729,maximum_nontransitivity_information_gain,2000.0,3000.0
kata1-b28c512nbt-s8566598912-d4691918754-playouts600,36,4373.6320295387695,4248.054050838283,4499.210008239256,4428.2401356648315,-54.60810612606201,2,a5803f8a5d9d87202b43d709cb328cedaf18c446af448f705c33d553e8c2e9f7,5170ec511fb50cdf10d648416d508574d70e9781ddf156a1b2a86d2b385e94dc,100,1729,maximum_nontransitivity_information_gain,2000.0,3000.0
kata1-b28c512nbt-s8566598912-d4691918754-playouts600,38,4372.145704912174,4250.085798022644,4494.2056118017035,4428.2401356648315,-56.0944307526579,2,a5803f8a5d9d87202b43d709cb328cedaf18c446af448f705c33d553e8c2e9f7,5170ec511fb50cdf10d648416d508574d70e9781ddf156a1b2a86d2b385e94dc,100,1729,maximum_nontransitivity_information_gain,2000.0,3000.0
kata1-b28c512nbt-s8566598912-d4691918754-playouts600,40,4380.210391419601,4261.1831625347295,4499.237620304473,4428.2401356648315,-48.02974424523018,2,a5803f8a5d9d87202b43d709cb328cedaf18c446af448f705c33d553e8c2e9f7,5170ec511fb50cdf10d648416d508574d70e9781ddf156a1b2a86d2b385e94dc,100,1729,maximum_nontransitivity_information_gain,2000.0,3000.0
kata1-b28c512nbt-s8566598912-d4691918754-playouts600,42,4379.633509038995,4263.5604097516225,4495.706608326367,4428.2401356648315,-48.606626625836725,2,a5803f8a5d9d87202b43d709cb328cedaf18c446af448f705c33d553e8c2e9f7,5170ec511fb50cdf10d648416d508574d70e9781ddf156a1b2a86d2b385e94dc,100,1729,maximum_nontransitivity_information_gain,2000.0,3000.0
kata1-b28c512nbt-s8566598912-d4691918754-playouts600,44,4369.236272662224,4256.036514150137,4482.436031174311,4428.2401356648315,-59.00386300260743,2,a5803f8a5d9d87202b43d709cb328cedaf18c446af448f705c33d553e8c2e9f7,5170ec511fb50cdf10d648416d508574d70e9781ddf156a1b2a86d2b385e94dc,100,1729,maximum_nontransitivity_information_gain,2000.0,3000.0
kata1-b28c512nbt-s8566598912-d4691918754-playouts600,46,4376.271853067396,4265.461111343995,4487.082594790796,4428.2401356648315,-51.96828259743597,2,a5803f8a5d9d87202b43d709cb328cedaf18c446af448f705c33d553e8c2e9f7,5170ec511fb50cdf10d648416d508574d70e9781ddf156a1b2a86d2b385e94dc,100,1729,maximum_nontransitivity_information_gain,2000.0,3000.0
kata1-b28c512nbt-s8566598912-d4691918754-playouts600,48,4375.953439911791,4267.47672189414,4484.430157929442,4428.2401356648315,-52.286695753040476,2,a5803f8a5d9d87202b43d709cb328cedaf18c446af448f705c33d553e8c2e9f7,5170ec511fb50cdf10d648416d508574d70e9781ddf156a1b2a86d2b385e94dc,100,1729,maximum_nontransitivity_information_gain,2000.0,3000.0
kata1-b28c512nbt-s8566598912-d4691918754-playouts600,50,4374.763005044089,4268.471177567075,4481.054832521104,4428.2401356648315,-53.47713062074217,2,a5803f8a5d9d87202b43d709cb328cedaf18c446af448f705c33d553e8c2e9f7,5170ec511fb50cdf10d648416d508574d70e9781ddf156a1b2a86d2b385e94dc,100,1729,maximum_nontransitivity_information_gain,2000.0,3000.0
kata1-b28c512nbt-s8566598912-d4691918754-playouts600,52,4380.685728847715,4276.309153806596,4485.062303888833,4428.2401356648315,-47.554406817116615,2,a5803f8a5d9d87202b43d709cb328cedaf18c446af448f705c33d553e8c2e9f7,5170ec511fb50cdf10d648416d508574d70e9781ddf156a1b2a86d2b385e94dc,100,1729,maximum_nontransitivity_information_gain,2000.0,3000.0
kata1-b28c512nbt-s8566598912-d4691918754-playouts600,54,4380.618479878722,4278.1499645911945,4483.086995166249,4428.2401356648315,-47.62165578610984,2,a5803f8a5d9d87202b43d709cb328cedaf18c446af448f705c33d553e8c2e9f7,5170ec511fb50cdf10d648416d508574d70e9781ddf156a1b2a86d2b385e94dc,100,1729,maximum_nontransitivity_information_gain,2000.0,3000.0
kata1-b28c512nbt-s8566598912-d4691918754-playouts600,56,4387.6590969999625,4286.841680573657,4488.476513426268,4428.2401356648315,-40.581038664869084,2,a5803f8a5d9d87202b43d709cb328cedaf18c446af448f705c33d553e8c2e9f7,5170ec511fb50cdf10d648416d508574d70e9781ddf156a1b2a86d2b385e94dc,100,1729,maximum_nontransitivity_information_gain,2000.0,3000.0
kata1-b28c512nbt-s8566598912-d4691918754-playouts600,58,4393.553381325725,4294.290614954038,4492.816147697413,4428.2401356648315,-34.6867543391063,2,a5803f8a5d9d87202b43d709cb328cedaf18c446af448f705c33d553e8c2e9f7,5170ec511fb50cdf10d648416d508574d70e9781ddf156a1b2a86d2b385e94dc,100,1729,maximum_nontransitivity_information_gain,2000.0,3000.0
kata1-b28c512nbt-s8566598912-d4691918754-playouts600,60,4393.281939852665,4295.632726911711,4490.93115279362,4428.2401356648315,-34.958195812166196,2,a5803f8a5d9d87202b43d709cb328cedaf18c446af448f705c33d553e8c2e9f7,5170ec511fb50cdf10d648416d508574d70e9781ddf156a1b2a86d2b385e94dc,100,1729,maximum_nontransitivity_information_gain,2000.0,3000.0
kata1-b28c512nbt-s8566598912-d4691918754-playouts600,62,4392.7881825742425,4296.667522127644,4488.908843020841,4428.2401356648315,-35.451953090589086,2,a5803f8a5d9d87202b43d709cb328cedaf18c446af448f705c33d553e8c2e9f7,5170ec511fb50cdf10d648416d508574d70e9781ddf156a1b2a86d2b385e94dc,100,1729,maximum_nontransitivity_information_gain,2000.0,3000.0
kata1-b28c512nbt-s8566598912-d4691918754-playouts600,64,4392.569568006653,4297.889958826588,4487.249177186718,4428.2401356648315,-35.6705676581787,2,a5803f8a5d9d87202b43d709cb328cedaf18c446af448f705c33d553e8c2e9f7,5170ec511fb50cdf10d648416d508574d70e9781ddf156a1b2a86d2b385e94dc,100,1729,maximum_nontransitivity_information_gain,2000.0,3000.0
kata1-b28c512nbt-s8566598912-d4691918754-playouts600,66,4397.546399481226,4304.115541285589,4490.977257676864,4428.2401356648315,-30.693736183605324,2,a5803f8a5d9d87202b43d709cb328cedaf18c446af448f705c33d553e8c2e9f7,5170ec511fb50cdf10d648416d508574d70e9781ddf156a1b2a86d2b385e94dc,100,1729,maximum_nontransitivity_information_gain,2000.0,3000.0
kata1-b28c512nbt-s8566598912-d4691918754-playouts600,68,4396.9649203978,4304.846987526401,4489.0828532691985,4428.2401356648315,-31.275215267031854,2,a5803f8a5d9d87202b43d709cb328cedaf18c446af448f705c33d553e8c2e9f7,5170ec511fb50cdf10d648416d508574d70e9781ddf156a1b2a86d2b385e94dc,100,1729,maximum_nontransitivity_information_gain,2000.0,3000.0
kata1-b28c512nbt-s8566598912-d4691918754-playouts600,70,4396.639307245309,4305.765231191669,4487.5133832989495,4428.2401356648315,-31.60082841952226,2,a5803f8a5d9d87202b43d709cb328cedaf18c446af448f705c33d553e8c2e9f7,5170ec511fb50cdf10d648416d508574d70e9781ddf156a1b2a86d2b385e94dc,100,1729,maximum_nontransitivity_information_gain,2000.0,3000.0
kata1-b28c512nbt-s8566598912-d4691918754-playouts600,72,4396.119857730936,4306.434450057697,4485.805265404175,4428.2401356648315,-32.12027793389552,2,a5803f8a5d9d87202b43d709cb328cedaf18c446af448f705c33d553e8c2e9f7,5170ec511fb50cdf10d648416d508574d70e9781ddf156a1b2a86d2b385e94dc,100,1729,maximum_nontransitivity_information_gain,2000.0,3000.0
kata1-b28c512nbt-s8566598912-d4691918754-playouts600,74,4395.340985226645,4306.794683338947,4483.887287114343,4428.2401356648315,-32.89915043818655,2,a5803f8a5d9d87202b43d709cb328cedaf18c446af448f705c33d553e8c2e9f7,5170ec511fb50cdf10d648416d508574d70e9781ddf156a1b2a86d2b385e94dc,100,1729,maximum_nontransitivity_information_gain,2000.0,3000.0
kata1-b28c512nbt-s8566598912-d4691918754-playouts600,76,4394.035582442584,4306.584159261512,4481.487005623657,4428.2401356648315,-34.20455322224734,2,a5803f8a5d9d87202b43d709cb328cedaf18c446af448f705c33d553e8c2e9f7,5170ec511fb50cdf10d648416d508574d70e9781ddf156a1b2a86d2b385e94dc,100,1729,maximum_nontransitivity_information_gain,2000.0,3000.0
kata1-b28c512nbt-s8566598912-d4691918754-playouts600,78,4393.824562247459,4307.405264144087,4480.243860350831,4428.2401356648315,-34.4155734173728,2,a5803f8a5d9d87202b43d709cb328cedaf18c446af448f705c33d553e8c2e9f7,5170ec511fb50cdf10d648416d508574d70e9781ddf156a1b2a86d2b385e94dc,100,1729,maximum_nontransitivity_information_gain,2000.0,3000.0
kata1-b28c512nbt-s8566598912-d4691918754-playouts600,80,4393.168872981433,4307.745079655182,4478.592666307684,4428.2401356648315,-35.071262683398345,2,a5803f8a5d9d87202b43d709cb328cedaf18c446af448f705c33d553e8c2e9f7,5170ec511fb50cdf10d648416d508574d70e9781ddf156a1b2a86d2b385e94dc,100,1729,maximum_nontransitivity_information_gain,2000.0,3000.0
kata1-b28c512nbt-s8566598912-d4691918754-playouts600,82,4392.021626322777,4307.558308904527,4476.484943741027,4428.2401356648315,-36.21850934205486,2,a5803f8a5d9d87202b43d709cb328cedaf18c446af448f705c33d553e8c2e9f7,5170ec511fb50cdf10d648416d508574d70e9781ddf156a1b2a86d2b385e94dc,100,1729,maximum_nontransitivity_information_gain,2000.0,3000.0
kata1-b28c512nbt-s8566598912-d4691918754-playouts600,84,4391.69600740594,4308.145147253057,4475.2468675588225,4428.2401356648315,-36.54412825889176,2,a5803f8a5d9d87202b43d709cb328cedaf18c446af448f705c33d553e8c2e9f7,5170ec511fb50cdf10d648416d508574d70e9781ddf156a1b2a86d2b385e94dc,100,1729,maximum_nontransitivity_information_gain,2000.0,3000.0
kata1-b28c512nbt-s8566598912-d4691918754-playouts600,86,4390.4212855285605,4307.757774395735,4473.084796661386,4428.2401356648315,-37.81885013627107,2,a5803f8a5d9d87202b43d709cb328cedaf18c446af448f705c33d553e8c2e9f7,5170ec511fb50cdf10d648416d508574d70e9781ddf156a1b2a86d2b385e94dc,100,1729,maximum_nontransitivity_information_gain,2000.0,3000.0
kata1-b28c512nbt-s8566598912-d4691918754-playouts600,88,4393.668887871902,4311.785521592124,4475.552254151681,4428.2401356648315,-34.57124779292917,2,a5803f8a5d9d87202b43d709cb328cedaf18c446af448f705c33d553e8c2e9f7,5170ec511fb50cdf10d648416d508574d70e9781ddf156a1b2a86d2b385e94dc,100,1729,maximum_nontransitivity_information_gain,2000.0,3000.0
kata1-b28c512nbt-s8566598912-d4691918754-playouts600,90,4401.768367239375,4320.539635477732,4482.997099001018,4428.2401356648315,-26.471768425456503,2,a5803f8a5d9d87202b43d709cb328cedaf18c446af448f705c33d553e8c2e9f7,5170ec511fb50cdf10d648416d508574d70e9781ddf156a1b2a86d2b385e94dc,100,1729,maximum_nontransitivity_information_gain,2000.0,3000.0
kata1-b28c512nbt-s8566598912-d4691918754-playouts600,92,4401.249897929287,4320.814893617048,4481.684902241525,4428.2401356648315,-26.990237735544724,2,a5803f8a5d9d87202b43d709cb328cedaf18c446af448f705c33d553e8c2e9f7,5170ec511fb50cdf10d648416d508574d70e9781ddf156a1b2a86d2b385e94dc,100,1729,maximum_nontransitivity_information_gain,2000.0,3000.0
kata1-b28c512nbt-s8566598912-d4691918754-playouts600,94,4400.9082342552,4321.235274553309,4480.581193957091,4428.2401356648315,-27.331901409631428,2,a5803f8a5d9d87202b43d709cb328cedaf18c446af448f705c33d553e8c2e9f7,5170ec511fb50cdf10d648416d508574d70e9781ddf156a1b2a86d2b385e94dc,100,1729,maximum_nontransitivity_information_gain,2000.0,3000.0
kata1-b28c512nbt-s8566598912-d4691918754-playouts600,96,4404.088397320853,4325.078987951755,4483.097806689951,4428.2401356648315,-24.15173834397865,2,a5803f8a5d9d87202b43d709cb328cedaf18c446af448f705c33d553e8c2e9f7,5170ec511fb50cdf10d648416d508574d70e9781ddf156a1b2a86d2b385e94dc,100,1729,maximum_nontransitivity_information_gain,2000.0,3000.0
kata1-b28c512nbt-s8566598912-d4691918754-playouts600,98,4403.553678982438,4325.259943548959,4481.847414415917,4428.2401356648315,-24.686456682393327,2,a5803f8a5d9d87202b43d709cb328cedaf18c446af448f705c33d553e8c2e9f7,5170ec511fb50cdf10d648416d508574d70e9781ddf156a1b2a86d2b385e94dc,100,1729,maximum_nontransitivity_information_gain,2000.0,3000.0
kata1-b28c512nbt-s8566598912-d4691918754-playouts600,100,4406.896881005004,4329.215591221207,4484.5781707888,4428.2401356648315,-21.343254659827835,2,a5803f8a5d9d87202b43d709cb328cedaf18c446af448f705c33d553e8c2e9f7,5170ec511fb50cdf10d648416d508574d70e9781ddf156a1b2a86d2b385e94dc,100,1729,maximum_nontransitivity_information_gain,2000.0,3000.0
